full_path,sha256
C:\clean_rebuild\backup\miss0716\backup\miss0716\backup\miss0716\backup\miss0716\backup\miss0716\backup\miss0716\backup\miss0716\backup\miss0716\backup\miss0716\backup\miss0716\backup\miss0716\backup\miss0716\backup\miss0716\backup\miss0716\backup\miss0716\backup\miss0716\backup\miss0716\backup\miss0716\backup\miss0716\backup\miss0716\backup\miss0716\backup\miss0716\backup\miss0716\backup\miss0716\backup\miss0716\backup\miss0716\backup\miss0716\backup\miss0716\backup\miss0716\backup\miss0716\backup\miss0716\backup\miss0716\backup\miss0716\backup\miss0716\backup\miss0716\backup\miss0716\backup\miss0716\backup\miss0716\backup\miss0716\backup\miss0716\backup\miss0716\backup\miss0716\backup\miss0716\backup\miss0716\backup\miss0716\backup\miss0716\backup\miss0716\backup\miss0716\backup\miss0716\backup\miss0716\backup\miss0716\backup\miss0716\backup\miss0716\backup\miss0716\backup\miss0716\backup\miss0716\backup\miss0716\backup\miss0716\backup\miss0716\backup\miss0716\backup\miss0716\backup\miss0716\backup\miss0716\backup\miss0716\backup\miss0716\backup\miss0716\backup\miss0716\backup\miss0716\backup\miss0716\backup\miss0716\backup\miss0716\backup\miss0716\backup\miss0716\backup\miss0716\backup\miss0716\backup\miss0716\backup\miss0716\backup\miss0716\backup\miss0716\backup\miss0716\backup\miss0716\backup\miss0716\backup\miss0716\backup\dele0527\collections.py,465BDB2ED08FA0B6E8545D566DC9B8EFC68A57DD4CD8CDF502DA91BA1B7EF96C
C:\clean_rebuild\backup\miss0716\backup\miss0716\backup\miss0716\backup\miss0716\backup\miss0716\backup\miss0716\backup\miss0716\backup\miss0716\backup\miss0716\backup\miss0716\backup\miss0716\backup\miss0716\backup\miss0716\backup\miss0716\backup\miss0716\backup\miss0716\backup\miss0716\backup\miss0716\backup\miss0716\backup\miss0716\backup\miss0716\backup\miss0716\backup\miss0716\backup\miss0716\backup\miss0716\backup\miss0716\backup\miss0716\backup\miss0716\backup\miss0716\backup\miss0716\backup\miss0716\backup\miss0716\backup\miss0716\backup\miss0716\backup\miss0716\backup\miss0716\backup\miss0716\backup\miss0716\backup\miss0716\backup\miss0716\backup\miss0716\backup\miss0716\backup\miss0716\backup\miss0716\backup\miss0716\backup\miss0716\backup\miss0716\backup\miss0716\backup\miss0716\backup\miss0716\backup\miss0716\backup\miss0716\backup\miss0716\backup\miss0716\backup\miss0716\backup\miss0716\backup\miss0716\backup\miss0716\backup\miss0716\backup\miss0716\backup\miss0716\backup\miss0716\backup\miss0716\backup\miss0716\backup\miss0716\backup\miss0716\backup\miss0716\backup\miss0716\backup\miss0716\backup\miss0716\backup\miss0716\backup\miss0716\backup\miss0716\backup\miss0716\backup\miss0716\backup\miss0716\backup\miss0716\backup\miss0716\backup\miss0716\backup\miss0716\backup\miss0716\backup\miss0716\backup\miss0716\backup\dele0527\copyreg.py,3A982B989890A3AC54C7B3DB576749B7097C5F8898FE8726EA58D55E8913AD47
C:\clean_rebuild\backup\miss0716\backup\miss0716\backup\miss0716\backup\miss0716\backup\miss0716\backup\miss0716\backup\miss0716\backup\miss0716\backup\miss0716\backup\miss0716\backup\miss0716\backup\miss0716\backup\miss0716\backup\miss0716\backup\miss0716\backup\miss0716\backup\miss0716\backup\miss0716\backup\miss0716\backup\miss0716\backup\miss0716\backup\miss0716\backup\miss0716\backup\miss0716\backup\miss0716\backup\miss0716\backup\miss0716\backup\miss0716\backup\miss0716\backup\miss0716\backup\miss0716\backup\miss0716\backup\miss0716\backup\miss0716\backup\miss0716\backup\miss0716\backup\miss0716\backup\miss0716\backup\miss0716\backup\miss0716\backup\miss0716\backup\miss0716\backup\miss0716\backup\miss0716\backup\miss0716\backup\miss0716\backup\miss0716\backup\miss0716\backup\miss0716\backup\miss0716\backup\miss0716\backup\miss0716\backup\miss0716\backup\miss0716\backup\miss0716\backup\miss0716\backup\miss0716\backup\miss0716\backup\miss0716\backup\miss0716\backup\miss0716\backup\miss0716\backup\miss0716\backup\miss0716\backup\miss0716\backup\miss0716\backup\miss0716\backup\miss0716\backup\miss0716\backup\miss0716\backup\miss0716\backup\miss0716\backup\miss0716\backup\miss0716\backup\miss0716\backup\miss0716\backup\miss0716\backup\miss0716\backup\miss0716\backup\miss0716\backup\miss0716\backup\miss0716\backup\miss0716\backup\dele0527\reprlib.py,F73D3CDA36BE9261264C0D0D8629510CEFE858F3B4A8CE53C3C0D179A90C0CED
C:\clean_rebuild\backup\miss0716\backup\miss0716\backup\miss0716\backup\miss0716\backup\miss0716\backup\miss0716\backup\miss0716\backup\miss0716\backup\miss0716\backup\miss0716\backup\miss0716\backup\miss0716\backup\miss0716\backup\miss0716\backup\miss0716\backup\miss0716\backup\miss0716\backup\miss0716\backup\miss0716\backup\miss0716\backup\miss0716\backup\miss0716\backup\miss0716\backup\miss0716\backup\miss0716\backup\miss0716\backup\miss0716\backup\miss0716\backup\miss0716\backup\miss0716\backup\miss0716\backup\miss0716\backup\miss0716\backup\miss0716\backup\miss0716\backup\miss0716\backup\miss0716\backup\miss0716\backup\miss0716\backup\miss0716\backup\miss0716\backup\miss0716\backup\miss0716\backup\miss0716\backup\miss0716\backup\miss0716\backup\miss0716\backup\miss0716\backup\miss0716\backup\miss0716\backup\miss0716\backup\miss0716\backup\miss0716\backup\miss0716\backup\miss0716\backup\miss0716\backup\miss0716\backup\miss0716\backup\miss0716\backup\miss0716\backup\miss0716\backup\miss0716\backup\miss0716\backup\miss0716\backup\miss0716\backup\miss0716\backup\miss0716\backup\miss0716\backup\miss0716\backup\miss0716\backup\miss0716\backup\miss0716\backup\miss0716\backup\miss0716\backup\miss0716\backup\miss0716\backup\miss0716\backup\miss0716\backup\miss0716\backup\miss0716\backup\miss0716\backup\miss0716\backup\miss0716\backup\dele0527\warnings.py,67B6A4E511C82ADF73D440B2D51AF90FE9AEA07BFDBF77A07BA05BBAD1C2226B
C:\clean_rebuild\backup\miss0716\backup\miss0716\backup\miss0716\backup\miss0716\backup\miss0716\backup\miss0716\backup\miss0716\backup\miss0716\backup\miss0716\backup\miss0716\backup\miss0716\backup\miss0716\backup\miss0716\backup\miss0716\backup\miss0716\backup\miss0716\backup\miss0716\backup\miss0716\backup\miss0716\backup\miss0716\backup\miss0716\backup\miss0716\backup\miss0716\backup\miss0716\backup\miss0716\backup\miss0716\backup\miss0716\backup\miss0716\backup\miss0716\backup\miss0716\backup\miss0716\backup\miss0716\backup\miss0716\backup\miss0716\backup\miss0716\backup\miss0716\backup\miss0716\backup\miss0716\backup\miss0716\backup\miss0716\backup\miss0716\backup\miss0716\backup\miss0716\backup\miss0716\backup\miss0716\backup\miss0716\backup\miss0716\backup\miss0716\backup\miss0716\backup\miss0716\backup\miss0716\backup\miss0716\backup\miss0716\backup\miss0716\backup\miss0716\backup\miss0716\backup\miss0716\backup\miss0716\backup\miss0716\backup\miss0716\backup\miss0716\backup\miss0716\backup\miss0716\backup\miss0716\backup\miss0716\backup\miss0716\backup\miss0716\backup\miss0716\backup\miss0716\backup\miss0716\backup\miss0716\backup\miss0716\backup\miss0716\backup\miss0716\backup\miss0716\backup\miss0716\backup\miss0716\backup\miss0716\backup\miss0716\backup\miss0716\backup\miss0716\backup\miss0716\backup\miss0716\backup\err0518_SNS_24AutoProject\DELETE_TEMP\cafe_crawler.py,9552F854FCF77389160A08CFB4BE2EB902CD9A0C0AF76AB57DF02CBF9125D369
C:\clean_rebuild\backup\miss0716\backup\miss0716\backup\miss0716\backup\miss0716\backup\miss0716\backup\miss0716\backup\miss0716\backup\miss0716\backup\miss0716\backup\miss0716\backup\miss0716\backup\miss0716\backup\miss0716\backup\miss0716\backup\miss0716\backup\miss0716\backup\miss0716\backup\miss0716\backup\miss0716\backup\miss0716\backup\miss0716\backup\miss0716\backup\miss0716\backup\miss0716\backup\miss0716\backup\miss0716\backup\miss0716\backup\miss0716\backup\miss0716\backup\miss0716\backup\miss0716\backup\miss0716\backup\miss0716\backup\miss0716\backup\miss0716\backup\miss0716\backup\miss0716\backup\miss0716\backup\miss0716\backup\miss0716\backup\miss0716\backup\miss0716\backup\miss0716\backup\miss0716\backup\miss0716\backup\miss0716\backup\miss0716\backup\miss0716\backup\miss0716\backup\miss0716\backup\miss0716\backup\miss0716\backup\miss0716\backup\miss0716\backup\miss0716\backup\miss0716\backup\miss0716\backup\miss0716\backup\miss0716\backup\miss0716\backup\miss0716\backup\miss0716\backup\miss0716\backup\miss0716\backup\miss0716\backup\miss0716\backup\miss0716\backup\miss0716\backup\miss0716\backup\miss0716\backup\miss0716\backup\miss0716\backup\miss0716\backup\miss0716\backup\miss0716\backup\miss0716\backup\miss0716\backup\miss0716\backup\miss0716\backup\miss0716\backup\miss0716\backup\miss0716\backup\miss0716\backup\err0518_SNS_24AutoProject\DELETE_TEMP\myscript.py,9552F854FCF77389160A08CFB4BE2EB902CD9A0C0AF76AB57DF02CBF9125D369
C:\clean_rebuild\backup\miss0716\backup\miss0716\backup\miss0716\backup\miss0716\backup\miss0716\backup\miss0716\backup\miss0716\backup\miss0716\backup\miss0716\backup\miss0716\backup\miss0716\backup\miss0716\backup\miss0716\backup\miss0716\backup\miss0716\backup\miss0716\backup\miss0716\backup\miss0716\backup\miss0716\backup\miss0716\backup\miss0716\backup\miss0716\backup\miss0716\backup\miss0716\backup\miss0716\backup\miss0716\backup\miss0716\backup\miss0716\backup\miss0716\backup\miss0716\backup\miss0716\backup\miss0716\backup\miss0716\backup\miss0716\backup\miss0716\backup\miss0716\backup\miss0716\backup\miss0716\backup\miss0716\backup\miss0716\backup\miss0716\backup\miss0716\backup\miss0716\backup\miss0716\backup\miss0716\backup\miss0716\backup\miss0716\backup\miss0716\backup\miss0716\backup\miss0716\backup\miss0716\backup\miss0716\backup\miss0716\backup\miss0716\backup\miss0716\backup\miss0716\backup\miss0716\backup\miss0716\backup\miss0716\backup\miss0716\backup\miss0716\backup\miss0716\backup\miss0716\backup\miss0716\backup\miss0716\backup\miss0716\backup\miss0716\backup\miss0716\backup\miss0716\backup\miss0716\backup\miss0716\backup\miss0716\backup\miss0716\backup\miss0716\backup\miss0716\backup\miss0716\backup\miss0716\backup\miss0716\backup\miss0716\backup\miss0716\backup\miss0716\backup\miss0716\backup\miss0716\backup\err0518_SNS_24AutoProject\DELETE_TEMP\__init___70e2dbc4.py,9552F854FCF77389160A08CFB4BE2EB902CD9A0C0AF76AB57DF02CBF9125D369
C:\clean_rebuild\backup\miss0716\backup\miss0716\backup\miss0716\backup\miss0716\backup\miss0716\backup\miss0716\backup\miss0716\backup\miss0716\backup\miss0716\backup\miss0716\backup\miss0716\backup\miss0716\backup\miss0716\backup\miss0716\backup\miss0716\backup\miss0716\backup\miss0716\backup\miss0716\backup\miss0716\backup\miss0716\backup\miss0716\backup\miss0716\backup\miss0716\backup\miss0716\backup\miss0716\backup\miss0716\backup\miss0716\backup\miss0716\backup\miss0716\backup\miss0716\backup\miss0716\backup\miss0716\backup\miss0716\backup\miss0716\backup\miss0716\backup\miss0716\backup\miss0716\backup\miss0716\backup\miss0716\backup\miss0716\backup\miss0716\backup\miss0716\backup\miss0716\backup\miss0716\backup\miss0716\backup\miss0716\backup\miss0716\backup\miss0716\backup\miss0716\backup\miss0716\backup\miss0716\backup\miss0716\backup\miss0716\backup\miss0716\backup\miss0716\backup\miss0716\backup\miss0716\backup\miss0716\backup\miss0716\backup\miss0716\backup\miss0716\backup\miss0716\backup\miss0716\backup\miss0716\backup\miss0716\backup\miss0716\backup\miss0716\backup\miss0716\backup\miss0716\backup\miss0716\backup\miss0716\backup\miss0716\backup\miss0716\backup\miss0716\backup\miss0716\backup\miss0716\backup\miss0716\backup\miss0716\backup\miss0716\backup\miss0716\backup\miss0716\backup\miss0716\backup\miss0716\backup\err0518_SNS_24AutoProject\DELETE_TEMP\__init___9db41b1f.py,9552F854FCF77389160A08CFB4BE2EB902CD9A0C0AF76AB57DF02CBF9125D369
C:\clean_rebuild\backup\miss0716\backup\miss0716\backup\miss0716\backup\miss0716\backup\miss0716\backup\miss0716\backup\miss0716\backup\miss0716\backup\miss0716\backup\miss0716\backup\miss0716\backup\miss0716\backup\miss0716\backup\miss0716\backup\miss0716\backup\miss0716\backup\miss0716\backup\miss0716\backup\miss0716\backup\miss0716\backup\miss0716\backup\miss0716\backup\miss0716\backup\miss0716\backup\miss0716\backup\miss0716\backup\miss0716\backup\miss0716\backup\miss0716\backup\miss0716\backup\miss0716\backup\miss0716\backup\miss0716\backup\miss0716\backup\miss0716\backup\miss0716\backup\miss0716\backup\miss0716\backup\miss0716\backup\miss0716\backup\miss0716\backup\miss0716\backup\miss0716\backup\miss0716\backup\miss0716\backup\miss0716\backup\miss0716\backup\miss0716\backup\miss0716\backup\miss0716\backup\miss0716\backup\miss0716\backup\miss0716\backup\miss0716\backup\miss0716\backup\miss0716\backup\miss0716\backup\miss0716\backup\miss0716\backup\miss0716\backup\miss0716\backup\miss0716\backup\miss0716\backup\miss0716\backup\miss0716\backup\miss0716\backup\miss0716\backup\miss0716\backup\miss0716\backup\miss0716\backup\miss0716\backup\miss0716\backup\miss0716\backup\miss0716\backup\miss0716\backup\miss0716\backup\miss0716\backup\miss0716\backup\miss0716\backup\miss0716\backup\miss0716\backup\miss0716\backup\miss0716\backup\err0518_SNS_24AutoProject\DELETE_TEMP\__init___dbfceb12.py,9552F854FCF77389160A08CFB4BE2EB902CD9A0C0AF76AB57DF02CBF9125D369
C:\clean_rebuild\backup\miss0716\backup\miss0716\backup\miss0716\backup\miss0716\backup\miss0716\backup\miss0716\backup\miss0716\backup\miss0716\backup\miss0716\backup\miss0716\backup\miss0716\backup\miss0716\backup\miss0716\backup\miss0716\backup\miss0716\backup\miss0716\backup\miss0716\backup\miss0716\backup\miss0716\backup\miss0716\backup\miss0716\backup\miss0716\backup\miss0716\backup\miss0716\backup\miss0716\backup\miss0716\backup\miss0716\backup\miss0716\backup\miss0716\backup\miss0716\backup\miss0716\backup\miss0716\backup\miss0716\backup\miss0716\backup\miss0716\backup\miss0716\backup\miss0716\backup\miss0716\backup\miss0716\backup\miss0716\backup\miss0716\backup\miss0716\backup\miss0716\backup\miss0716\backup\miss0716\backup\miss0716\backup\miss0716\backup\miss0716\backup\miss0716\backup\miss0716\backup\miss0716\backup\miss0716\backup\miss0716\backup\miss0716\backup\miss0716\backup\miss0716\backup\miss0716\backup\miss0716\backup\miss0716\backup\miss0716\backup\miss0716\backup\miss0716\backup\miss0716\backup\miss0716\backup\miss0716\backup\miss0716\backup\miss0716\backup\miss0716\backup\miss0716\backup\miss0716\backup\miss0716\backup\miss0716\backup\miss0716\backup\miss0716\backup\miss0716\backup\miss0716\backup\miss0716\backup\miss0716\backup\miss0716\backup\miss0716\backup\miss0716\backup\miss0716\backup\miss0716\backup\miss0716\.venv\Lib\site-packages\pip\_internal\utils\distutils_args.py,E8DAA7D316702E838E7695A2AF1CFBF062045B42CD436E13FEF7857983ABBBA8
C:\clean_rebuild\backup\miss0716\backup\miss0716\backup\miss0716\backup\miss0716\backup\miss0716\backup\miss0716\backup\miss0716\backup\miss0716\backup\miss0716\backup\miss0716\backup\miss0716\backup\miss0716\backup\miss0716\backup\miss0716\backup\miss0716\backup\miss0716\backup\miss0716\backup\miss0716\backup\miss0716\backup\miss0716\backup\miss0716\backup\miss0716\backup\miss0716\backup\miss0716\backup\miss0716\backup\miss0716\backup\miss0716\backup\miss0716\backup\miss0716\backup\miss0716\backup\miss0716\backup\miss0716\backup\miss0716\backup\miss0716\backup\miss0716\backup\miss0716\backup\miss0716\backup\miss0716\backup\miss0716\backup\miss0716\backup\miss0716\backup\miss0716\backup\miss0716\backup\miss0716\backup\miss0716\backup\miss0716\backup\miss0716\backup\miss0716\backup\miss0716\backup\miss0716\backup\miss0716\backup\miss0716\backup\miss0716\backup\miss0716\backup\miss0716\backup\miss0716\backup\miss0716\backup\miss0716\backup\miss0716\backup\miss0716\backup\miss0716\backup\miss0716\backup\miss0716\backup\miss0716\backup\miss0716\backup\miss0716\backup\miss0716\backup\miss0716\backup\miss0716\backup\miss0716\backup\miss0716\backup\miss0716\backup\miss0716\backup\miss0716\backup\miss0716\backup\miss0716\backup\miss0716\backup\miss0716\backup\miss0716\backup\miss0716\backup\miss0716\backup\miss0716\backup\miss0716\backup\miss0716\.venv\Lib\site-packages\pip\_internal\utils\inject_securetransport.py,7FE18EC85D4AA9155BB521EA996F9490B8C1A21BB2A68A5812636BBD28F7A98F
C:\clean_rebuild\backup\miss0716\backup\miss0716\backup\miss0716\backup\miss0716\backup\miss0716\backup\miss0716\backup\miss0716\backup\miss0716\backup\miss0716\backup\miss0716\backup\miss0716\backup\miss0716\backup\miss0716\backup\miss0716\backup\miss0716\backup\miss0716\backup\miss0716\backup\miss0716\backup\miss0716\backup\miss0716\backup\miss0716\backup\miss0716\backup\miss0716\backup\miss0716\backup\miss0716\backup\miss0716\backup\miss0716\backup\miss0716\backup\miss0716\backup\miss0716\backup\miss0716\backup\miss0716\backup\miss0716\backup\miss0716\backup\miss0716\backup\miss0716\backup\miss0716\backup\miss0716\backup\miss0716\backup\miss0716\backup\miss0716\backup\miss0716\backup\miss0716\backup\miss0716\backup\miss0716\backup\miss0716\backup\miss0716\backup\miss0716\backup\miss0716\backup\miss0716\backup\miss0716\backup\miss0716\backup\miss0716\backup\miss0716\backup\miss0716\backup\miss0716\backup\miss0716\backup\miss0716\backup\miss0716\backup\miss0716\backup\miss0716\backup\miss0716\backup\miss0716\backup\miss0716\backup\miss0716\backup\miss0716\backup\miss0716\backup\miss0716\backup\miss0716\backup\miss0716\backup\miss0716\backup\miss0716\backup\miss0716\backup\miss0716\backup\miss0716\backup\miss0716\backup\miss0716\backup\miss0716\backup\miss0716\backup\miss0716\backup\miss0716\backup\miss0716\backup\miss0716\backup\miss0716\.venv\Lib\site-packages\pip\_vendor\pkg_resources\py31compat.py,B734067BEC3C83B1845DBE8ECF0DBEBFC647688CA00039B0D0B020AE26333C07
C:\clean_rebuild\backup\miss0716\backup\miss0716\backup\miss0716\backup\miss0716\backup\miss0716\backup\miss0716\backup\miss0716\backup\miss0716\backup\miss0716\backup\miss0716\backup\miss0716\backup\miss0716\backup\miss0716\backup\miss0716\backup\miss0716\backup\miss0716\backup\miss0716\backup\miss0716\backup\miss0716\backup\miss0716\backup\miss0716\backup\miss0716\backup\miss0716\backup\miss0716\backup\miss0716\backup\miss0716\backup\miss0716\backup\miss0716\backup\miss0716\backup\miss0716\backup\miss0716\backup\miss0716\backup\miss0716\backup\miss0716\backup\miss0716\backup\miss0716\backup\miss0716\backup\miss0716\backup\miss0716\backup\miss0716\backup\miss0716\backup\miss0716\backup\miss0716\backup\miss0716\backup\miss0716\backup\miss0716\backup\miss0716\backup\miss0716\backup\miss0716\backup\miss0716\backup\miss0716\backup\miss0716\backup\miss0716\backup\miss0716\backup\miss0716\backup\miss0716\backup\miss0716\backup\miss0716\backup\miss0716\backup\miss0716\backup\miss0716\backup\miss0716\backup\miss0716\backup\miss0716\backup\miss0716\backup\miss0716\backup\miss0716\backup\miss0716\backup\miss0716\backup\miss0716\backup\miss0716\backup\miss0716\backup\miss0716\backup\miss0716\backup\miss0716\backup\miss0716\backup\miss0716\backup\miss0716\backup\miss0716\backup\miss0716\backup\miss0716\backup\miss0716\backup\miss0716\backup\miss0716\.venv\Lib\site-packages\setuptools\command\editable_wheel.py,2D9D5EFC5DF1E420BBC02761F9458D2EA8AF3A7CE49C818DD458CE6865FCCFAB
C:\clean_rebuild\backup\miss0716\backup\miss0716\backup\miss0716\backup\miss0716\backup\miss0716\backup\miss0716\backup\miss0716\backup\miss0716\backup\miss0716\backup\miss0716\backup\miss0716\backup\miss0716\backup\miss0716\backup\miss0716\backup\miss0716\backup\miss0716\backup\miss0716\backup\miss0716\backup\miss0716\backup\miss0716\backup\miss0716\backup\miss0716\backup\miss0716\backup\miss0716\backup\miss0716\backup\miss0716\backup\miss0716\backup\miss0716\backup\miss0716\backup\miss0716\backup\miss0716\backup\miss0716\backup\miss0716\backup\miss0716\backup\miss0716\backup\miss0716\backup\miss0716\backup\miss0716\backup\miss0716\backup\miss0716\backup\miss0716\backup\miss0716\backup\miss0716\backup\miss0716\backup\miss0716\backup\miss0716\backup\miss0716\backup\miss0716\backup\miss0716\backup\miss0716\backup\miss0716\backup\miss0716\backup\miss0716\backup\miss0716\backup\miss0716\backup\miss0716\backup\miss0716\backup\miss0716\backup\miss0716\backup\miss0716\backup\miss0716\backup\miss0716\backup\miss0716\backup\miss0716\backup\miss0716\backup\miss0716\backup\miss0716\backup\miss0716\backup\miss0716\backup\miss0716\backup\miss0716\backup\miss0716\backup\miss0716\backup\miss0716\backup\miss0716\backup\miss0716\backup\miss0716\backup\miss0716\backup\miss0716\backup\miss0716\backup\miss0716\backup\miss0716\backup\miss0716\backup\miss0716\.venv\Lib\site-packages\setuptools\config\_validate_pyproject\error_reporting.py,10713CF1200F673CFA3E7D46A4E0AE3268F0B359FB2782568617C5A2B7B24585
C:\clean_rebuild\backup\miss0716\backup\miss0716\backup\miss0716\backup\miss0716\backup\miss0716\backup\miss0716\backup\miss0716\backup\miss0716\backup\miss0716\backup\miss0716\backup\miss0716\backup\miss0716\backup\miss0716\backup\miss0716\backup\miss0716\backup\miss0716\backup\miss0716\backup\miss0716\backup\miss0716\backup\miss0716\backup\miss0716\backup\miss0716\backup\miss0716\backup\miss0716\backup\miss0716\backup\miss0716\backup\miss0716\backup\miss0716\backup\miss0716\backup\miss0716\backup\miss0716\backup\miss0716\backup\miss0716\backup\miss0716\backup\miss0716\backup\miss0716\backup\miss0716\backup\miss0716\backup\miss0716\backup\miss0716\backup\miss0716\backup\miss0716\backup\miss0716\backup\miss0716\backup\miss0716\backup\miss0716\backup\miss0716\backup\miss0716\backup\miss0716\backup\miss0716\backup\miss0716\backup\miss0716\backup\miss0716\backup\miss0716\backup\miss0716\backup\miss0716\backup\miss0716\backup\miss0716\backup\miss0716\backup\miss0716\backup\miss0716\backup\miss0716\backup\miss0716\backup\miss0716\backup\miss0716\backup\miss0716\backup\miss0716\backup\miss0716\backup\miss0716\backup\miss0716\backup\miss0716\backup\miss0716\backup\miss0716\backup\miss0716\backup\miss0716\backup\miss0716\backup\miss0716\backup\miss0716\backup\miss0716\backup\miss0716\backup\miss0716\backup\miss0716\backup\miss0716\backup\miss0716\.venv\Lib\site-packages\setuptools\config\_validate_pyproject\extra_validations.py,95751C9EF58D616D4D6B303361FECCF36D33AEEA9728BA35A6D6375A3A08CDFD
C:\clean_rebuild\backup\miss0716\backup\miss0716\backup\miss0716\backup\miss0716\backup\miss0716\backup\miss0716\backup\miss0716\backup\miss0716\backup\miss0716\backup\miss0716\backup\miss0716\backup\miss0716\backup\miss0716\backup\miss0716\backup\miss0716\backup\miss0716\backup\miss0716\backup\miss0716\backup\miss0716\backup\miss0716\backup\miss0716\backup\miss0716\backup\miss0716\backup\miss0716\backup\miss0716\backup\miss0716\backup\miss0716\backup\miss0716\backup\miss0716\backup\miss0716\backup\miss0716\backup\miss0716\backup\miss0716\backup\miss0716\backup\miss0716\backup\miss0716\backup\miss0716\backup\miss0716\backup\miss0716\backup\miss0716\backup\miss0716\backup\miss0716\backup\miss0716\backup\miss0716\backup\miss0716\backup\miss0716\backup\miss0716\backup\miss0716\backup\miss0716\backup\miss0716\backup\miss0716\backup\miss0716\backup\miss0716\backup\miss0716\backup\miss0716\backup\miss0716\backup\miss0716\backup\miss0716\backup\miss0716\backup\miss0716\backup\miss0716\backup\miss0716\backup\miss0716\backup\miss0716\backup\miss0716\backup\miss0716\backup\miss0716\backup\miss0716\backup\miss0716\backup\miss0716\backup\miss0716\backup\miss0716\backup\miss0716\backup\miss0716\backup\miss0716\backup\miss0716\backup\miss0716\backup\miss0716\backup\miss0716\backup\miss0716\backup\miss0716\backup\miss0716\backup\miss0716\backup\miss0716\.venv\Lib\site-packages\setuptools\config\_validate_pyproject\fastjsonschema_exceptions.py,903DB5644AC0E510151A775D060550B547B124D9E6218B15BD96A05DFDCED246
C:\clean_rebuild\backup\miss0716\backup\miss0716\backup\miss0716\backup\miss0716\backup\miss0716\backup\miss0716\backup\miss0716\backup\miss0716\backup\miss0716\backup\miss0716\backup\miss0716\backup\miss0716\backup\miss0716\backup\miss0716\backup\miss0716\backup\miss0716\backup\miss0716\backup\miss0716\backup\miss0716\backup\miss0716\backup\miss0716\backup\miss0716\backup\miss0716\backup\miss0716\backup\miss0716\backup\miss0716\backup\miss0716\backup\miss0716\backup\miss0716\backup\miss0716\backup\miss0716\backup\miss0716\backup\miss0716\backup\miss0716\backup\miss0716\backup\miss0716\backup\miss0716\backup\miss0716\backup\miss0716\backup\miss0716\backup\miss0716\backup\miss0716\backup\miss0716\backup\miss0716\backup\miss0716\backup\miss0716\backup\miss0716\backup\miss0716\backup\miss0716\backup\miss0716\backup\miss0716\backup\miss0716\backup\miss0716\backup\miss0716\backup\miss0716\backup\miss0716\backup\miss0716\backup\miss0716\backup\miss0716\backup\miss0716\backup\miss0716\backup\miss0716\backup\miss0716\backup\miss0716\backup\miss0716\backup\miss0716\backup\miss0716\backup\miss0716\backup\miss0716\backup\miss0716\backup\miss0716\backup\miss0716\backup\miss0716\backup\miss0716\backup\miss0716\backup\miss0716\backup\miss0716\backup\miss0716\backup\miss0716\backup\miss0716\backup\miss0716\backup\miss0716\backup\miss0716\backup\miss0716\.venv\Lib\site-packages\setuptools\config\_validate_pyproject\fastjsonschema_validations.py,847948A2895B3D4E594E9E0998FCD82C53A6017AC48F80989F64039BF850D9DD
C:\clean_rebuild\backup\miss0716\backup\miss0716\backup\miss0716\backup\miss0716\backup\miss0716\backup\miss0716\backup\miss0716\backup\miss0716\backup\miss0716\backup\miss0716\backup\miss0716\backup\miss0716\backup\miss0716\backup\miss0716\backup\miss0716\backup\miss0716\backup\miss0716\backup\miss0716\backup\miss0716\backup\miss0716\backup\miss0716\backup\miss0716\backup\miss0716\backup\miss0716\backup\miss0716\backup\miss0716\backup\miss0716\backup\miss0716\backup\miss0716\backup\miss0716\backup\miss0716\backup\miss0716\backup\miss0716\backup\miss0716\backup\miss0716\backup\miss0716\backup\miss0716\backup\miss0716\backup\miss0716\backup\miss0716\backup\miss0716\backup\miss0716\backup\miss0716\backup\miss0716\backup\miss0716\backup\miss0716\backup\miss0716\backup\miss0716\backup\miss0716\backup\miss0716\backup\miss0716\backup\miss0716\backup\miss0716\backup\miss0716\backup\miss0716\backup\miss0716\backup\miss0716\backup\miss0716\backup\miss0716\backup\miss0716\backup\miss0716\backup\miss0716\backup\miss0716\backup\miss0716\backup\miss0716\backup\miss0716\backup\miss0716\backup\miss0716\backup\miss0716\backup\miss0716\backup\miss0716\backup\miss0716\backup\miss0716\backup\miss0716\backup\miss0716\backup\miss0716\backup\miss0716\backup\miss0716\backup\miss0716\backup\miss0716\backup\miss0716\backup\miss0716\backup\miss0716\backup\miss0716\.venv\Lib\site-packages\setuptools\config\_validate_pyproject\formats.py,407E0B4EF7CD6D0C01A286693BA588E0E07D498AEAEA9F39ED15753FBECC923A
C:\clean_rebuild\backup\miss0716\backup\miss0716\backup\miss0716\backup\miss0716\backup\miss0716\backup\miss0716\backup\miss0716\backup\miss0716\backup\miss0716\backup\miss0716\backup\miss0716\backup\miss0716\backup\miss0716\backup\miss0716\backup\miss0716\backup\miss0716\backup\miss0716\backup\miss0716\backup\miss0716\backup\miss0716\backup\miss0716\backup\miss0716\backup\miss0716\backup\miss0716\backup\miss0716\backup\miss0716\backup\miss0716\backup\miss0716\backup\miss0716\backup\miss0716\backup\miss0716\backup\miss0716\backup\miss0716\backup\miss0716\backup\miss0716\backup\miss0716\backup\miss0716\backup\miss0716\backup\miss0716\backup\miss0716\backup\miss0716\backup\miss0716\backup\miss0716\backup\miss0716\backup\miss0716\backup\miss0716\backup\miss0716\backup\miss0716\backup\miss0716\backup\miss0716\backup\miss0716\backup\miss0716\backup\miss0716\backup\miss0716\backup\miss0716\backup\miss0716\backup\miss0716\backup\miss0716\backup\miss0716\backup\miss0716\backup\miss0716\backup\miss0716\backup\miss0716\backup\miss0716\backup\miss0716\backup\miss0716\backup\miss0716\backup\miss0716\backup\miss0716\backup\miss0716\backup\miss0716\backup\miss0716\backup\miss0716\backup\miss0716\backup\miss0716\backup\miss0716\backup\miss0716\backup\miss0716\backup\miss0716\backup\miss0716\backup\miss0716\backup\miss0716\backup\miss0716\backup\miss0716\.venv\Lib\site-packages\setuptools\config\expand.py,01BF1D5B95F919922E2534A5FDDDAE58F6630547EC276D7F22DFA6238D3DE780
C:\clean_rebuild\backup\miss0716\backup\miss0716\backup\miss0716\backup\miss0716\backup\miss0716\backup\miss0716\backup\miss0716\backup\miss0716\backup\miss0716\backup\miss0716\backup\miss0716\backup\miss0716\backup\miss0716\backup\miss0716\backup\miss0716\backup\miss0716\backup\miss0716\backup\miss0716\backup\miss0716\backup\miss0716\backup\miss0716\backup\miss0716\backup\miss0716\backup\miss0716\backup\miss0716\backup\miss0716\backup\miss0716\backup\miss0716\backup\miss0716\backup\miss0716\backup\miss0716\backup\miss0716\backup\miss0716\backup\miss0716\backup\miss0716\backup\miss0716\backup\miss0716\backup\miss0716\backup\miss0716\backup\miss0716\backup\miss0716\backup\miss0716\backup\miss0716\backup\miss0716\backup\miss0716\backup\miss0716\backup\miss0716\backup\miss0716\backup\miss0716\backup\miss0716\backup\miss0716\backup\miss0716\backup\miss0716\backup\miss0716\backup\miss0716\backup\miss0716\backup\miss0716\backup\miss0716\backup\miss0716\backup\miss0716\backup\miss0716\backup\miss0716\backup\miss0716\backup\miss0716\backup\miss0716\backup\miss0716\backup\miss0716\backup\miss0716\backup\miss0716\backup\miss0716\backup\miss0716\backup\miss0716\backup\miss0716\backup\miss0716\backup\miss0716\backup\miss0716\backup\miss0716\backup\miss0716\backup\miss0716\backup\miss0716\backup\miss0716\backup\miss0716\backup\miss0716\backup\miss0716\.venv\Lib\site-packages\setuptools\config\pyprojecttoml.py,7489C7ABE9B38217A43484C5753934689C2B381421F7F58043E5D5BFB2EE7BE4
C:\clean_rebuild\backup\miss0716\backup\miss0716\backup\miss0716\backup\miss0716\backup\miss0716\backup\miss0716\backup\miss0716\backup\miss0716\backup\miss0716\backup\miss0716\backup\miss0716\backup\miss0716\backup\miss0716\backup\miss0716\backup\miss0716\backup\miss0716\backup\miss0716\backup\miss0716\backup\miss0716\backup\miss0716\backup\miss0716\backup\miss0716\backup\miss0716\backup\miss0716\backup\miss0716\backup\miss0716\backup\miss0716\backup\miss0716\backup\miss0716\backup\miss0716\backup\miss0716\backup\miss0716\backup\miss0716\backup\miss0716\backup\miss0716\backup\miss0716\backup\miss0716\backup\miss0716\backup\miss0716\backup\miss0716\backup\miss0716\backup\miss0716\backup\miss0716\backup\miss0716\backup\miss0716\backup\miss0716\backup\miss0716\backup\miss0716\backup\miss0716\backup\miss0716\backup\miss0716\backup\miss0716\backup\miss0716\backup\miss0716\backup\miss0716\backup\miss0716\backup\miss0716\backup\miss0716\backup\miss0716\backup\miss0716\backup\miss0716\backup\miss0716\backup\miss0716\backup\miss0716\backup\miss0716\backup\miss0716\backup\miss0716\backup\miss0716\backup\miss0716\backup\miss0716\backup\miss0716\backup\miss0716\backup\miss0716\backup\miss0716\backup\miss0716\backup\miss0716\backup\miss0716\backup\miss0716\backup\miss0716\backup\miss0716\backup\miss0716\backup\miss0716\backup\miss0716\backup\miss0716\.venv\Lib\site-packages\setuptools\config\setupcfg.py,D3C687017DDBF373D3A8F50215704977815671422019460D5C387F9F24706193
C:\clean_rebuild\backup\miss0716\backup\miss0716\backup\miss0716\backup\miss0716\backup\miss0716\backup\miss0716\backup\miss0716\backup\miss0716\backup\miss0716\backup\miss0716\backup\miss0716\backup\miss0716\backup\miss0716\backup\miss0716\backup\miss0716\backup\miss0716\backup\miss0716\backup\miss0716\backup\miss0716\backup\miss0716\backup\miss0716\backup\miss0716\backup\miss0716\backup\miss0716\backup\miss0716\backup\miss0716\backup\miss0716\backup\miss0716\backup\miss0716\backup\miss0716\backup\miss0716\backup\miss0716\backup\miss0716\backup\miss0716\backup\miss0716\backup\miss0716\backup\miss0716\backup\miss0716\backup\miss0716\backup\miss0716\backup\miss0716\backup\miss0716\backup\miss0716\backup\miss0716\backup\miss0716\backup\miss0716\backup\miss0716\backup\miss0716\backup\miss0716\backup\miss0716\backup\miss0716\backup\miss0716\backup\miss0716\backup\miss0716\backup\miss0716\backup\miss0716\backup\miss0716\backup\miss0716\backup\miss0716\backup\miss0716\backup\miss0716\backup\miss0716\backup\miss0716\backup\miss0716\backup\miss0716\backup\miss0716\backup\miss0716\backup\miss0716\backup\miss0716\backup\miss0716\backup\miss0716\backup\miss0716\backup\miss0716\backup\miss0716\backup\miss0716\backup\miss0716\backup\miss0716\backup\miss0716\backup\miss0716\backup\miss0716\backup\miss0716\backup\miss0716\backup\miss0716\backup\miss0716\.venv\Lib\site-packages\setuptools\config\_apply_pyprojecttoml.py,E1CD2E580DE12D4A768A27B1A936DA32DC01B5AF32BA42D9C2F53C4C7F657ED3
C:\clean_rebuild\backup\miss0716\backup\miss0716\backup\miss0716\backup\miss0716\backup\miss0716\backup\miss0716\backup\miss0716\backup\miss0716\backup\miss0716\backup\miss0716\backup\miss0716\backup\miss0716\backup\miss0716\backup\miss0716\backup\miss0716\backup\miss0716\backup\miss0716\backup\miss0716\backup\miss0716\backup\miss0716\backup\miss0716\backup\miss0716\backup\miss0716\backup\miss0716\backup\miss0716\backup\miss0716\backup\miss0716\backup\miss0716\backup\miss0716\backup\miss0716\backup\miss0716\backup\miss0716\backup\miss0716\backup\miss0716\backup\miss0716\backup\miss0716\backup\miss0716\backup\miss0716\backup\miss0716\backup\miss0716\backup\miss0716\backup\miss0716\backup\miss0716\backup\miss0716\backup\miss0716\backup\miss0716\backup\miss0716\backup\miss0716\backup\miss0716\backup\miss0716\backup\miss0716\backup\miss0716\backup\miss0716\backup\miss0716\backup\miss0716\backup\miss0716\backup\miss0716\backup\miss0716\backup\miss0716\backup\miss0716\backup\miss0716\backup\miss0716\backup\miss0716\backup\miss0716\backup\miss0716\backup\miss0716\backup\miss0716\backup\miss0716\backup\miss0716\backup\miss0716\backup\miss0716\backup\miss0716\backup\miss0716\backup\miss0716\backup\miss0716\backup\miss0716\backup\miss0716\backup\miss0716\backup\miss0716\backup\miss0716\backup\miss0716\backup\miss0716\backup\miss0716\backup\miss0716\.venv\Lib\site-packages\setuptools\_distutils\command\_framework_compat.py,91F03F20AF2F259E48C24CEFF230A6BF2691AB2D8708262B55896A509F6D4D67
C:\clean_rebuild\backup\miss0716\backup\miss0716\backup\miss0716\backup\miss0716\backup\miss0716\backup\miss0716\backup\miss0716\backup\miss0716\backup\miss0716\backup\miss0716\backup\miss0716\backup\miss0716\backup\miss0716\backup\miss0716\backup\miss0716\backup\miss0716\backup\miss0716\backup\miss0716\backup\miss0716\backup\miss0716\backup\miss0716\backup\miss0716\backup\miss0716\backup\miss0716\backup\miss0716\backup\miss0716\backup\miss0716\backup\miss0716\backup\miss0716\backup\miss0716\backup\miss0716\backup\miss0716\backup\miss0716\backup\miss0716\backup\miss0716\backup\miss0716\backup\miss0716\backup\miss0716\backup\miss0716\backup\miss0716\backup\miss0716\backup\miss0716\backup\miss0716\backup\miss0716\backup\miss0716\backup\miss0716\backup\miss0716\backup\miss0716\backup\miss0716\backup\miss0716\backup\miss0716\backup\miss0716\backup\miss0716\backup\miss0716\backup\miss0716\backup\miss0716\backup\miss0716\backup\miss0716\backup\miss0716\backup\miss0716\backup\miss0716\backup\miss0716\backup\miss0716\backup\miss0716\backup\miss0716\backup\miss0716\backup\miss0716\backup\miss0716\backup\miss0716\backup\miss0716\backup\miss0716\backup\miss0716\backup\miss0716\backup\miss0716\backup\miss0716\backup\miss0716\backup\miss0716\backup\miss0716\backup\miss0716\backup\miss0716\backup\miss0716\backup\miss0716\backup\miss0716\backup\miss0716\.venv\Lib\site-packages\setuptools\_distutils\py39compat.py,6D5CDF57BD101C45989FB7B507BF9ACD8605C4BFC89EF8435B131F812020C0BD
C:\clean_rebuild\backup\miss0716\backup\miss0716\backup\miss0716\backup\miss0716\backup\miss0716\backup\miss0716\backup\miss0716\backup\miss0716\backup\miss0716\backup\miss0716\backup\miss0716\backup\miss0716\backup\miss0716\backup\miss0716\backup\miss0716\backup\miss0716\backup\miss0716\backup\miss0716\backup\miss0716\backup\miss0716\backup\miss0716\backup\miss0716\backup\miss0716\backup\miss0716\backup\miss0716\backup\miss0716\backup\miss0716\backup\miss0716\backup\miss0716\backup\miss0716\backup\miss0716\backup\miss0716\backup\miss0716\backup\miss0716\backup\miss0716\backup\miss0716\backup\miss0716\backup\miss0716\backup\miss0716\backup\miss0716\backup\miss0716\backup\miss0716\backup\miss0716\backup\miss0716\backup\miss0716\backup\miss0716\backup\miss0716\backup\miss0716\backup\miss0716\backup\miss0716\backup\miss0716\backup\miss0716\backup\miss0716\backup\miss0716\backup\miss0716\backup\miss0716\backup\miss0716\backup\miss0716\backup\miss0716\backup\miss0716\backup\miss0716\backup\miss0716\backup\miss0716\backup\miss0716\backup\miss0716\backup\miss0716\backup\miss0716\backup\miss0716\backup\miss0716\backup\miss0716\backup\miss0716\backup\miss0716\backup\miss0716\backup\miss0716\backup\miss0716\backup\miss0716\backup\miss0716\backup\miss0716\backup\miss0716\backup\miss0716\backup\miss0716\backup\miss0716\backup\miss0716\backup\miss0716\.venv\Lib\site-packages\setuptools\_distutils\_macos_compat.py,9EE3275167C03D6EBD460575FE4FE5200429969406A9FCA6A2E835110C5DFE5C
C:\clean_rebuild\backup\miss0716\backup\miss0716\backup\miss0716\backup\miss0716\backup\miss0716\backup\miss0716\backup\miss0716\backup\miss0716\backup\miss0716\backup\miss0716\backup\miss0716\backup\miss0716\backup\miss0716\backup\miss0716\backup\miss0716\backup\miss0716\backup\miss0716\backup\miss0716\backup\miss0716\backup\miss0716\backup\miss0716\backup\miss0716\backup\miss0716\backup\miss0716\backup\miss0716\backup\miss0716\backup\miss0716\backup\miss0716\backup\miss0716\backup\miss0716\backup\miss0716\backup\miss0716\backup\miss0716\backup\miss0716\backup\miss0716\backup\miss0716\backup\miss0716\backup\miss0716\backup\miss0716\backup\miss0716\backup\miss0716\backup\miss0716\backup\miss0716\backup\miss0716\backup\miss0716\backup\miss0716\backup\miss0716\backup\miss0716\backup\miss0716\backup\miss0716\backup\miss0716\backup\miss0716\backup\miss0716\backup\miss0716\backup\miss0716\backup\miss0716\backup\miss0716\backup\miss0716\backup\miss0716\backup\miss0716\backup\miss0716\backup\miss0716\backup\miss0716\backup\miss0716\backup\miss0716\backup\miss0716\backup\miss0716\backup\miss0716\backup\miss0716\backup\miss0716\backup\miss0716\backup\miss0716\backup\miss0716\backup\miss0716\backup\miss0716\backup\miss0716\backup\miss0716\backup\miss0716\backup\miss0716\backup\miss0716\backup\miss0716\backup\miss0716\backup\miss0716\backup\miss0716\.venv\Lib\site-packages\setuptools\_vendor\importlib_metadata\_functools.py,DA7408563C04CAD511DAEBF9E2A1091AD148DEF11A388437D05B97A5618B881D
C:\clean_rebuild\backup\miss0716\backup\miss0716\backup\miss0716\backup\miss0716\backup\miss0716\backup\miss0716\backup\miss0716\backup\miss0716\backup\miss0716\backup\miss0716\backup\miss0716\backup\miss0716\backup\miss0716\backup\miss0716\backup\miss0716\backup\miss0716\backup\miss0716\backup\miss0716\backup\miss0716\backup\miss0716\backup\miss0716\backup\miss0716\backup\miss0716\backup\miss0716\backup\miss0716\backup\miss0716\backup\miss0716\backup\miss0716\backup\miss0716\backup\miss0716\backup\miss0716\backup\miss0716\backup\miss0716\backup\miss0716\backup\miss0716\backup\miss0716\backup\miss0716\backup\miss0716\backup\miss0716\backup\miss0716\backup\miss0716\backup\miss0716\backup\miss0716\backup\miss0716\backup\miss0716\backup\miss0716\backup\miss0716\backup\miss0716\backup\miss0716\backup\miss0716\backup\miss0716\backup\miss0716\backup\miss0716\backup\miss0716\backup\miss0716\backup\miss0716\backup\miss0716\backup\miss0716\backup\miss0716\backup\miss0716\backup\miss0716\backup\miss0716\backup\miss0716\backup\miss0716\backup\miss0716\backup\miss0716\backup\miss0716\backup\miss0716\backup\miss0716\backup\miss0716\backup\miss0716\backup\miss0716\backup\miss0716\backup\miss0716\backup\miss0716\backup\miss0716\backup\miss0716\backup\miss0716\backup\miss0716\backup\miss0716\backup\miss0716\backup\miss0716\backup\miss0716\backup\miss0716\.venv\Lib\site-packages\setuptools\_vendor\importlib_metadata\_meta.py,97E8792C8E6ABBD3684C71F512E4A7D43A5181A12E3407DAD85A92C18DDBC085
C:\clean_rebuild\backup\miss0716\backup\miss0716\backup\miss0716\backup\miss0716\backup\miss0716\backup\miss0716\backup\miss0716\backup\miss0716\backup\miss0716\backup\miss0716\backup\miss0716\backup\miss0716\backup\miss0716\backup\miss0716\backup\miss0716\backup\miss0716\backup\miss0716\backup\miss0716\backup\miss0716\backup\miss0716\backup\miss0716\backup\miss0716\backup\miss0716\backup\miss0716\backup\miss0716\backup\miss0716\backup\miss0716\backup\miss0716\backup\miss0716\backup\miss0716\backup\miss0716\backup\miss0716\backup\miss0716\backup\miss0716\backup\miss0716\backup\miss0716\backup\miss0716\backup\miss0716\backup\miss0716\backup\miss0716\backup\miss0716\backup\miss0716\backup\miss0716\backup\miss0716\backup\miss0716\backup\miss0716\backup\miss0716\backup\miss0716\backup\miss0716\backup\miss0716\backup\miss0716\backup\miss0716\backup\miss0716\backup\miss0716\backup\miss0716\backup\miss0716\backup\miss0716\backup\miss0716\backup\miss0716\backup\miss0716\backup\miss0716\backup\miss0716\backup\miss0716\backup\miss0716\backup\miss0716\backup\miss0716\backup\miss0716\backup\miss0716\backup\miss0716\backup\miss0716\backup\miss0716\backup\miss0716\backup\miss0716\backup\miss0716\backup\miss0716\backup\miss0716\backup\miss0716\backup\miss0716\backup\miss0716\backup\miss0716\backup\miss0716\backup\miss0716\backup\miss0716\backup\miss0716\.venv\Lib\site-packages\setuptools\_vendor\importlib_metadata\_text.py,F9798B7F058B7BB83F97ADE51F5AABF346BFC95361F555902A0612DFC3EECF10
C:\clean_rebuild\backup\miss0716\backup\miss0716\backup\miss0716\backup\miss0716\backup\miss0716\backup\miss0716\backup\miss0716\backup\miss0716\backup\miss0716\backup\miss0716\backup\miss0716\backup\miss0716\backup\miss0716\backup\miss0716\backup\miss0716\backup\miss0716\backup\miss0716\backup\miss0716\backup\miss0716\backup\miss0716\backup\miss0716\backup\miss0716\backup\miss0716\backup\miss0716\backup\miss0716\backup\miss0716\backup\miss0716\backup\miss0716\backup\miss0716\backup\miss0716\backup\miss0716\backup\miss0716\backup\miss0716\backup\miss0716\backup\miss0716\backup\miss0716\backup\miss0716\backup\miss0716\backup\miss0716\backup\miss0716\backup\miss0716\backup\miss0716\backup\miss0716\backup\miss0716\backup\miss0716\backup\miss0716\backup\miss0716\backup\miss0716\backup\miss0716\backup\miss0716\backup\miss0716\backup\miss0716\backup\miss0716\backup\miss0716\backup\miss0716\backup\miss0716\backup\miss0716\backup\miss0716\backup\miss0716\backup\miss0716\backup\miss0716\backup\miss0716\backup\miss0716\backup\miss0716\backup\miss0716\backup\miss0716\backup\miss0716\backup\miss0716\backup\miss0716\backup\miss0716\backup\miss0716\backup\miss0716\backup\miss0716\backup\miss0716\backup\miss0716\backup\miss0716\backup\miss0716\backup\miss0716\backup\miss0716\backup\miss0716\backup\miss0716\backup\miss0716\backup\miss0716\backup\miss0716\.venv\Lib\site-packages\setuptools\_vendor\importlib_resources\_adapters.py,78809659F4A6F64C436ECFB627A67DFBCC4E7FF6D0CDBF41AD9F5641F761D470
C:\clean_rebuild\backup\miss0716\backup\miss0716\backup\miss0716\backup\miss0716\backup\miss0716\backup\miss0716\backup\miss0716\backup\miss0716\backup\miss0716\backup\miss0716\backup\miss0716\backup\miss0716\backup\miss0716\backup\miss0716\backup\miss0716\backup\miss0716\backup\miss0716\backup\miss0716\backup\miss0716\backup\miss0716\backup\miss0716\backup\miss0716\backup\miss0716\backup\miss0716\backup\miss0716\backup\miss0716\backup\miss0716\backup\miss0716\backup\miss0716\backup\miss0716\backup\miss0716\backup\miss0716\backup\miss0716\backup\miss0716\backup\miss0716\backup\miss0716\backup\miss0716\backup\miss0716\backup\miss0716\backup\miss0716\backup\miss0716\backup\miss0716\backup\miss0716\backup\miss0716\backup\miss0716\backup\miss0716\backup\miss0716\backup\miss0716\backup\miss0716\backup\miss0716\backup\miss0716\backup\miss0716\backup\miss0716\backup\miss0716\backup\miss0716\backup\miss0716\backup\miss0716\backup\miss0716\backup\miss0716\backup\miss0716\backup\miss0716\backup\miss0716\backup\miss0716\backup\miss0716\backup\miss0716\backup\miss0716\backup\miss0716\backup\miss0716\backup\miss0716\backup\miss0716\backup\miss0716\backup\miss0716\backup\miss0716\backup\miss0716\backup\miss0716\backup\miss0716\backup\miss0716\backup\miss0716\backup\miss0716\backup\miss0716\backup\miss0716\backup\miss0716\backup\miss0716\backup\miss0716\.venv\Lib\site-packages\setuptools\_vendor\importlib_resources\_common.py,823DA1A0E21B4F1BF9C0E06EC1BA77076F59EAE02CFBF590A19F88A23D9497E6
C:\clean_rebuild\backup\miss0716\backup\miss0716\backup\miss0716\backup\miss0716\backup\miss0716\backup\miss0716\backup\miss0716\backup\miss0716\backup\miss0716\backup\miss0716\backup\miss0716\backup\miss0716\backup\miss0716\backup\miss0716\backup\miss0716\backup\miss0716\backup\miss0716\backup\miss0716\backup\miss0716\backup\miss0716\backup\miss0716\backup\miss0716\backup\miss0716\backup\miss0716\backup\miss0716\backup\miss0716\backup\miss0716\backup\miss0716\backup\miss0716\backup\miss0716\backup\miss0716\backup\miss0716\backup\miss0716\backup\miss0716\backup\miss0716\backup\miss0716\backup\miss0716\backup\miss0716\backup\miss0716\backup\miss0716\backup\miss0716\backup\miss0716\backup\miss0716\backup\miss0716\backup\miss0716\backup\miss0716\backup\miss0716\backup\miss0716\backup\miss0716\backup\miss0716\backup\miss0716\backup\miss0716\backup\miss0716\backup\miss0716\backup\miss0716\backup\miss0716\backup\miss0716\backup\miss0716\backup\miss0716\backup\miss0716\backup\miss0716\backup\miss0716\backup\miss0716\backup\miss0716\backup\miss0716\backup\miss0716\backup\miss0716\backup\miss0716\backup\miss0716\backup\miss0716\backup\miss0716\backup\miss0716\backup\miss0716\backup\miss0716\backup\miss0716\backup\miss0716\backup\miss0716\backup\miss0716\backup\miss0716\backup\miss0716\backup\miss0716\backup\miss0716\backup\miss0716\backup\miss0716\.venv\Lib\site-packages\setuptools\_vendor\importlib_resources\_itertools.py,71505F096CD1C9C078DF9D919EE7187A0D39512740E0399170129A3E594227E7
C:\clean_rebuild\backup\miss0716\backup\miss0716\backup\miss0716\backup\miss0716\backup\miss0716\backup\miss0716\backup\miss0716\backup\miss0716\backup\miss0716\backup\miss0716\backup\miss0716\backup\miss0716\backup\miss0716\backup\miss0716\backup\miss0716\backup\miss0716\backup\miss0716\backup\miss0716\backup\miss0716\backup\miss0716\backup\miss0716\backup\miss0716\backup\miss0716\backup\miss0716\backup\miss0716\backup\miss0716\backup\miss0716\backup\miss0716\backup\miss0716\backup\miss0716\backup\miss0716\backup\miss0716\backup\miss0716\backup\miss0716\backup\miss0716\backup\miss0716\backup\miss0716\backup\miss0716\backup\miss0716\backup\miss0716\backup\miss0716\backup\miss0716\backup\miss0716\backup\miss0716\backup\miss0716\backup\miss0716\backup\miss0716\backup\miss0716\backup\miss0716\backup\miss0716\backup\miss0716\backup\miss0716\backup\miss0716\backup\miss0716\backup\miss0716\backup\miss0716\backup\miss0716\backup\miss0716\backup\miss0716\backup\miss0716\backup\miss0716\backup\miss0716\backup\miss0716\backup\miss0716\backup\miss0716\backup\miss0716\backup\miss0716\backup\miss0716\backup\miss0716\backup\miss0716\backup\miss0716\backup\miss0716\backup\miss0716\backup\miss0716\backup\miss0716\backup\miss0716\backup\miss0716\backup\miss0716\backup\miss0716\backup\miss0716\backup\miss0716\backup\miss0716\backup\miss0716\backup\miss0716\.venv\Lib\site-packages\setuptools\_vendor\importlib_resources\_legacy.py,E6E09FC9AB0DACF0450F520567617316FF23A691AEDBF4E2228BDF11E3505847
C:\clean_rebuild\backup\miss0716\backup\miss0716\backup\miss0716\backup\miss0716\backup\miss0716\backup\miss0716\backup\miss0716\backup\miss0716\backup\miss0716\backup\miss0716\backup\miss0716\backup\miss0716\backup\miss0716\backup\miss0716\backup\miss0716\backup\miss0716\backup\miss0716\backup\miss0716\backup\miss0716\backup\miss0716\backup\miss0716\backup\miss0716\backup\miss0716\backup\miss0716\backup\miss0716\backup\miss0716\backup\miss0716\backup\miss0716\backup\miss0716\backup\miss0716\backup\miss0716\backup\miss0716\backup\miss0716\backup\miss0716\backup\miss0716\backup\miss0716\backup\miss0716\backup\miss0716\backup\miss0716\backup\miss0716\backup\miss0716\backup\miss0716\backup\miss0716\backup\miss0716\backup\miss0716\backup\miss0716\backup\miss0716\backup\miss0716\backup\miss0716\backup\miss0716\backup\miss0716\backup\miss0716\backup\miss0716\backup\miss0716\backup\miss0716\backup\miss0716\backup\miss0716\backup\miss0716\backup\miss0716\backup\miss0716\backup\miss0716\backup\miss0716\backup\miss0716\backup\miss0716\backup\miss0716\backup\miss0716\backup\miss0716\backup\miss0716\backup\miss0716\backup\miss0716\backup\miss0716\backup\miss0716\backup\miss0716\backup\miss0716\backup\miss0716\backup\miss0716\backup\miss0716\backup\miss0716\backup\miss0716\backup\miss0716\backup\miss0716\backup\miss0716\backup\miss0716\backup\miss0716\.venv\Lib\site-packages\setuptools\_vendor\jaraco\context.py,FD4059B72DF8C711C00F9FDE5CA155C3CA3D4722C8D27C09447D634EF81D7062
C:\clean_rebuild\backup\miss0716\backup\miss0716\backup\miss0716\backup\miss0716\backup\miss0716\backup\miss0716\backup\miss0716\backup\miss0716\backup\miss0716\backup\miss0716\backup\miss0716\backup\miss0716\backup\miss0716\backup\miss0716\backup\miss0716\backup\miss0716\backup\miss0716\backup\miss0716\backup\miss0716\backup\miss0716\backup\miss0716\backup\miss0716\backup\miss0716\backup\miss0716\backup\miss0716\backup\miss0716\backup\miss0716\backup\miss0716\backup\miss0716\backup\miss0716\backup\miss0716\backup\miss0716\backup\miss0716\backup\miss0716\backup\miss0716\backup\miss0716\backup\miss0716\backup\miss0716\backup\miss0716\backup\miss0716\backup\miss0716\backup\miss0716\backup\miss0716\backup\miss0716\backup\miss0716\backup\miss0716\backup\miss0716\backup\miss0716\backup\miss0716\backup\miss0716\backup\miss0716\backup\miss0716\backup\miss0716\backup\miss0716\backup\miss0716\backup\miss0716\backup\miss0716\backup\miss0716\backup\miss0716\backup\miss0716\backup\miss0716\backup\miss0716\backup\miss0716\backup\miss0716\backup\miss0716\backup\miss0716\backup\miss0716\backup\miss0716\backup\miss0716\backup\miss0716\backup\miss0716\backup\miss0716\backup\miss0716\backup\miss0716\backup\miss0716\backup\miss0716\backup\miss0716\backup\miss0716\backup\miss0716\backup\miss0716\backup\miss0716\backup\miss0716\backup\miss0716\backup\miss0716\.venv\Lib\site-packages\setuptools\_vendor\jaraco\functools.py,C17A17C98ACD56D53706FA54C68FBEE36A48AF1E89ED48F1AAB6A8EE2280F29B
C:\clean_rebuild\backup\miss0716\backup\miss0716\backup\miss0716\backup\miss0716\backup\miss0716\backup\miss0716\backup\miss0716\backup\miss0716\backup\miss0716\backup\miss0716\backup\miss0716\backup\miss0716\backup\miss0716\backup\miss0716\backup\miss0716\backup\miss0716\backup\miss0716\backup\miss0716\backup\miss0716\backup\miss0716\backup\miss0716\backup\miss0716\backup\miss0716\backup\miss0716\backup\miss0716\backup\miss0716\backup\miss0716\backup\miss0716\backup\miss0716\backup\miss0716\backup\miss0716\backup\miss0716\backup\miss0716\backup\miss0716\backup\miss0716\backup\miss0716\backup\miss0716\backup\miss0716\backup\miss0716\backup\miss0716\backup\miss0716\backup\miss0716\backup\miss0716\backup\miss0716\backup\miss0716\backup\miss0716\backup\miss0716\backup\miss0716\backup\miss0716\backup\miss0716\backup\miss0716\backup\miss0716\backup\miss0716\backup\miss0716\backup\miss0716\backup\miss0716\backup\miss0716\backup\miss0716\backup\miss0716\backup\miss0716\backup\miss0716\backup\miss0716\backup\miss0716\backup\miss0716\backup\miss0716\backup\miss0716\backup\miss0716\backup\miss0716\backup\miss0716\backup\miss0716\backup\miss0716\backup\miss0716\backup\miss0716\backup\miss0716\backup\miss0716\backup\miss0716\backup\miss0716\backup\miss0716\backup\miss0716\backup\miss0716\backup\miss0716\backup\miss0716\backup\miss0716\backup\miss0716\.venv\Lib\site-packages\setuptools\_vendor\zipp.py,EFFB07BD760B3F86B06C7D97DDC331AB5B2738500FCEF9159FD7194794DA3004
C:\clean_rebuild\backup\miss0716\backup\miss0716\backup\miss0716\backup\miss0716\backup\miss0716\backup\miss0716\backup\miss0716\backup\miss0716\backup\miss0716\backup\miss0716\backup\miss0716\backup\miss0716\backup\miss0716\backup\miss0716\backup\miss0716\backup\miss0716\backup\miss0716\backup\miss0716\backup\miss0716\backup\miss0716\backup\miss0716\backup\miss0716\backup\miss0716\backup\miss0716\backup\miss0716\backup\miss0716\backup\miss0716\backup\miss0716\backup\miss0716\backup\miss0716\backup\miss0716\backup\miss0716\backup\miss0716\backup\miss0716\backup\miss0716\backup\miss0716\backup\miss0716\backup\miss0716\backup\miss0716\backup\miss0716\backup\miss0716\backup\miss0716\backup\miss0716\backup\miss0716\backup\miss0716\backup\miss0716\backup\miss0716\backup\miss0716\backup\miss0716\backup\miss0716\backup\miss0716\backup\miss0716\backup\miss0716\backup\miss0716\backup\miss0716\backup\miss0716\backup\miss0716\backup\miss0716\backup\miss0716\backup\miss0716\backup\miss0716\backup\miss0716\backup\miss0716\backup\miss0716\backup\miss0716\backup\miss0716\backup\miss0716\backup\miss0716\backup\miss0716\backup\miss0716\backup\miss0716\backup\miss0716\backup\miss0716\backup\miss0716\backup\miss0716\backup\miss0716\backup\miss0716\backup\miss0716\backup\miss0716\backup\miss0716\backup\miss0716\backup\miss0716\backup\miss0716\backup\miss0716\.venv\Lib\site-packages\setuptools\discovery.py,AB157BFD3A827F8AC8A1B4A3EFC6F88B494127D093CBC933B611F1F85CB8C84C
C:\clean_rebuild\backup\miss0716\backup\miss0716\backup\miss0716\backup\miss0716\backup\miss0716\backup\miss0716\backup\miss0716\backup\miss0716\backup\miss0716\backup\miss0716\backup\miss0716\backup\miss0716\backup\miss0716\backup\miss0716\backup\miss0716\backup\miss0716\backup\miss0716\backup\miss0716\backup\miss0716\backup\miss0716\backup\miss0716\backup\miss0716\backup\miss0716\backup\miss0716\backup\miss0716\backup\miss0716\backup\miss0716\backup\miss0716\backup\miss0716\backup\miss0716\backup\miss0716\backup\miss0716\backup\miss0716\backup\miss0716\backup\miss0716\backup\miss0716\backup\miss0716\backup\miss0716\backup\miss0716\backup\miss0716\backup\miss0716\backup\miss0716\backup\miss0716\backup\miss0716\backup\miss0716\backup\miss0716\backup\miss0716\backup\miss0716\backup\miss0716\backup\miss0716\backup\miss0716\backup\miss0716\backup\miss0716\backup\miss0716\backup\miss0716\backup\miss0716\backup\miss0716\backup\miss0716\backup\miss0716\backup\miss0716\backup\miss0716\backup\miss0716\backup\miss0716\backup\miss0716\backup\miss0716\backup\miss0716\backup\miss0716\backup\miss0716\backup\miss0716\backup\miss0716\backup\miss0716\backup\miss0716\backup\miss0716\backup\miss0716\backup\miss0716\backup\miss0716\backup\miss0716\backup\miss0716\backup\miss0716\backup\miss0716\backup\miss0716\backup\miss0716\backup\miss0716\backup\miss0716\.venv\Lib\site-packages\setuptools\_entry_points.py,C1C2E8B89038671B010172AF9B34D33E83B0EEAD7D2DE0A784FFC7BBE52333AF
C:\clean_rebuild\backup\miss0716\backup\miss0716\backup\miss0716\backup\miss0716\backup\miss0716\backup\miss0716\backup\miss0716\backup\miss0716\backup\miss0716\backup\miss0716\backup\miss0716\backup\miss0716\backup\miss0716\backup\miss0716\backup\miss0716\backup\miss0716\backup\miss0716\backup\miss0716\backup\miss0716\backup\miss0716\backup\miss0716\backup\miss0716\backup\miss0716\backup\miss0716\backup\miss0716\backup\miss0716\backup\miss0716\backup\miss0716\backup\miss0716\backup\miss0716\backup\miss0716\backup\miss0716\backup\miss0716\backup\miss0716\backup\miss0716\backup\miss0716\backup\miss0716\backup\miss0716\backup\miss0716\backup\miss0716\backup\miss0716\backup\miss0716\backup\miss0716\backup\miss0716\backup\miss0716\backup\miss0716\backup\miss0716\backup\miss0716\backup\miss0716\backup\miss0716\backup\miss0716\backup\miss0716\backup\miss0716\backup\miss0716\backup\miss0716\backup\miss0716\backup\miss0716\backup\miss0716\backup\miss0716\backup\miss0716\backup\miss0716\backup\miss0716\backup\miss0716\backup\miss0716\backup\miss0716\backup\miss0716\backup\miss0716\backup\miss0716\backup\miss0716\backup\miss0716\backup\miss0716\backup\miss0716\backup\miss0716\backup\miss0716\backup\miss0716\backup\miss0716\backup\miss0716\backup\miss0716\backup\miss0716\backup\miss0716\backup\miss0716\backup\miss0716\backup\miss0716\backup\miss0716\.venv\Lib\site-packages\setuptools\_importlib.py,F0F4D985DF0768EAA7B78BDFE938A68334C5CBE3A4A874DA2BE7CE1AC9B0A26F
C:\clean_rebuild\backup\miss0716\backup\miss0716\backup\miss0716\backup\miss0716\backup\miss0716\backup\miss0716\backup\miss0716\backup\miss0716\backup\miss0716\backup\miss0716\backup\miss0716\backup\miss0716\backup\miss0716\backup\miss0716\backup\miss0716\backup\miss0716\backup\miss0716\backup\miss0716\backup\miss0716\backup\miss0716\backup\miss0716\backup\miss0716\backup\miss0716\backup\miss0716\backup\miss0716\backup\miss0716\backup\miss0716\backup\miss0716\backup\miss0716\backup\miss0716\backup\miss0716\backup\miss0716\backup\miss0716\backup\miss0716\backup\miss0716\backup\miss0716\backup\miss0716\backup\miss0716\backup\miss0716\backup\miss0716\backup\miss0716\backup\miss0716\backup\miss0716\backup\miss0716\backup\miss0716\backup\miss0716\backup\miss0716\backup\miss0716\backup\miss0716\backup\miss0716\backup\miss0716\backup\miss0716\backup\miss0716\backup\miss0716\backup\miss0716\backup\miss0716\backup\miss0716\backup\miss0716\backup\miss0716\backup\miss0716\backup\miss0716\backup\miss0716\backup\miss0716\backup\miss0716\backup\miss0716\backup\miss0716\backup\miss0716\backup\miss0716\backup\miss0716\backup\miss0716\backup\miss0716\backup\miss0716\backup\miss0716\backup\miss0716\backup\miss0716\backup\miss0716\backup\miss0716\backup\miss0716\backup\miss0716\backup\miss0716\backup\miss0716\backup\miss0716\backup\miss0716\backup\miss0716\.venv\Lib\site-packages\setuptools\_reqs.py,370323E887286A42F4A6C5C4817256C7EF526B55177BAB372EA5BC261D30D296
C:\clean_rebuild\backup\miss0716\backup\miss0716\backup\miss0716\backup\miss0716\backup\miss0716\backup\miss0716\backup\miss0716\backup\miss0716\backup\miss0716\backup\miss0716\backup\miss0716\backup\miss0716\backup\miss0716\backup\miss0716\backup\miss0716\backup\miss0716\backup\miss0716\backup\miss0716\backup\miss0716\backup\miss0716\backup\miss0716\backup\miss0716\backup\miss0716\backup\miss0716\backup\miss0716\backup\miss0716\backup\miss0716\backup\miss0716\backup\miss0716\backup\miss0716\backup\miss0716\backup\miss0716\backup\miss0716\backup\miss0716\backup\miss0716\backup\miss0716\backup\miss0716\backup\miss0716\backup\miss0716\backup\miss0716\backup\miss0716\backup\miss0716\backup\miss0716\backup\miss0716\backup\miss0716\backup\miss0716\backup\miss0716\backup\miss0716\backup\miss0716\backup\miss0716\backup\miss0716\backup\miss0716\backup\miss0716\backup\miss0716\backup\miss0716\backup\miss0716\backup\miss0716\backup\miss0716\backup\miss0716\backup\miss0716\backup\miss0716\backup\miss0716\backup\miss0716\backup\miss0716\backup\miss0716\backup\miss0716\backup\miss0716\backup\miss0716\backup\miss0716\backup\miss0716\backup\miss0716\backup\miss0716\backup\miss0716\backup\miss0716\backup\miss0716\backup\miss0716\backup\miss0716\backup\miss0716\backup\miss0716\backup\miss0716\backup\miss0716\backup\miss0716\backup\miss0716\backup\miss0716\backup\backup_all_logs.py,9FEBEB3D4C28CD58EE6CCCBDF0C794C0D413FB053CAFFDFD425BE7415CDA8498
C:\clean_rebuild\backup\miss0716\backup\miss0716\backup\miss0716\backup\miss0716\backup\miss0716\backup\miss0716\backup\miss0716\backup\miss0716\backup\miss0716\backup\miss0716\backup\miss0716\backup\miss0716\backup\miss0716\backup\miss0716\backup\miss0716\backup\miss0716\backup\miss0716\backup\miss0716\backup\miss0716\backup\miss0716\backup\miss0716\backup\miss0716\backup\miss0716\backup\miss0716\backup\miss0716\backup\miss0716\backup\miss0716\backup\miss0716\backup\miss0716\backup\miss0716\backup\miss0716\backup\miss0716\backup\miss0716\backup\miss0716\backup\miss0716\backup\miss0716\backup\miss0716\backup\miss0716\backup\miss0716\backup\miss0716\backup\miss0716\backup\miss0716\backup\miss0716\backup\miss0716\backup\miss0716\backup\miss0716\backup\miss0716\backup\miss0716\backup\miss0716\backup\miss0716\backup\miss0716\backup\miss0716\backup\miss0716\backup\miss0716\backup\miss0716\backup\miss0716\backup\miss0716\backup\miss0716\backup\miss0716\backup\miss0716\backup\miss0716\backup\miss0716\backup\miss0716\backup\miss0716\backup\miss0716\backup\miss0716\backup\miss0716\backup\miss0716\backup\miss0716\backup\miss0716\backup\miss0716\backup\miss0716\backup\miss0716\backup\miss0716\backup\miss0716\backup\miss0716\backup\miss0716\backup\miss0716\backup\miss0716\backup\miss0716\backup\miss0716\backup\miss0716\backup\miss0716\backup\miss0716\auto_rebind.py,E4A52B791508BF6489A922686E8460EB864BE50C4366BB013A2BFF3FB47B8715
C:\clean_rebuild\backup\miss0716\backup\miss0716\backup\miss0716\backup\miss0716\backup\miss0716\backup\miss0716\backup\miss0716\backup\miss0716\backup\miss0716\backup\miss0716\backup\miss0716\backup\miss0716\backup\miss0716\backup\miss0716\backup\miss0716\backup\miss0716\backup\miss0716\backup\miss0716\backup\miss0716\backup\miss0716\backup\miss0716\backup\miss0716\backup\miss0716\backup\miss0716\backup\miss0716\backup\miss0716\backup\miss0716\backup\miss0716\backup\miss0716\backup\miss0716\backup\miss0716\backup\miss0716\backup\miss0716\backup\miss0716\backup\miss0716\backup\miss0716\backup\miss0716\backup\miss0716\backup\miss0716\backup\miss0716\backup\miss0716\backup\miss0716\backup\miss0716\backup\miss0716\backup\miss0716\backup\miss0716\backup\miss0716\backup\miss0716\backup\miss0716\backup\miss0716\backup\miss0716\backup\miss0716\backup\miss0716\backup\miss0716\backup\miss0716\backup\miss0716\backup\miss0716\backup\miss0716\backup\miss0716\backup\miss0716\backup\miss0716\backup\miss0716\backup\miss0716\backup\miss0716\backup\miss0716\backup\miss0716\backup\miss0716\backup\miss0716\backup\miss0716\backup\miss0716\backup\miss0716\backup\miss0716\backup\miss0716\backup\miss0716\backup\miss0716\backup\miss0716\backup\miss0716\backup\miss0716\backup\miss0716\backup\miss0716\backup\miss0716\backup\miss0716\backup\miss0716\backup\miss0716\recovery_launcher.py,5DE87EA8CD00BF7F961ED0F1E7C7D47C5987069EA80758BDC242517CA759B63A
C:\clean_rebuild\backup\miss0716\backup\miss0716\backup\miss0716\backup\miss0716\backup\miss0716\backup\miss0716\backup\miss0716\backup\miss0716\backup\miss0716\backup\miss0716\backup\miss0716\backup\miss0716\backup\miss0716\backup\miss0716\backup\miss0716\backup\miss0716\backup\miss0716\backup\miss0716\backup\miss0716\backup\miss0716\backup\miss0716\backup\miss0716\backup\miss0716\backup\miss0716\backup\miss0716\backup\miss0716\backup\miss0716\backup\miss0716\backup\miss0716\backup\miss0716\backup\miss0716\backup\miss0716\backup\miss0716\backup\miss0716\backup\miss0716\backup\miss0716\backup\miss0716\backup\miss0716\backup\miss0716\backup\miss0716\backup\miss0716\backup\miss0716\backup\miss0716\backup\miss0716\backup\miss0716\backup\miss0716\backup\miss0716\backup\miss0716\backup\miss0716\backup\miss0716\backup\miss0716\backup\miss0716\backup\miss0716\backup\miss0716\backup\miss0716\backup\miss0716\backup\miss0716\backup\miss0716\backup\miss0716\backup\miss0716\backup\miss0716\backup\miss0716\backup\miss0716\backup\miss0716\backup\miss0716\backup\miss0716\backup\miss0716\backup\miss0716\backup\miss0716\backup\miss0716\backup\miss0716\backup\miss0716\backup\miss0716\backup\miss0716\backup\miss0716\backup\miss0716\backup\miss0716\backup\miss0716\backup\miss0716\backup\miss0716\backup\miss0716\backup\miss0716\backup\miss0716\backup\miss0716\recovery_routine.py,E0FF616F00B64DE10BC91CC71A08D42CE3179FF2E5C0A7046A5D9D90185572FC
C:\clean_rebuild\backup\miss0716\backup\miss0716\backup\miss0716\backup\miss0716\backup\miss0716\backup\miss0716\backup\miss0716\backup\miss0716\backup\miss0716\backup\miss0716\backup\miss0716\backup\miss0716\backup\miss0716\backup\miss0716\backup\miss0716\backup\miss0716\backup\miss0716\backup\miss0716\backup\miss0716\backup\miss0716\backup\miss0716\backup\miss0716\backup\miss0716\backup\miss0716\backup\miss0716\backup\miss0716\backup\miss0716\backup\miss0716\backup\miss0716\backup\miss0716\backup\miss0716\backup\miss0716\backup\miss0716\backup\miss0716\backup\miss0716\backup\miss0716\backup\miss0716\backup\miss0716\backup\miss0716\backup\miss0716\backup\miss0716\backup\miss0716\backup\miss0716\backup\miss0716\backup\miss0716\backup\miss0716\backup\miss0716\backup\miss0716\backup\miss0716\backup\miss0716\backup\miss0716\backup\miss0716\backup\miss0716\backup\miss0716\backup\miss0716\backup\miss0716\backup\miss0716\backup\miss0716\backup\miss0716\backup\miss0716\backup\miss0716\backup\miss0716\backup\miss0716\backup\miss0716\backup\miss0716\backup\miss0716\backup\miss0716\backup\miss0716\backup\miss0716\backup\miss0716\backup\miss0716\backup\miss0716\backup\miss0716\backup\miss0716\backup\miss0716\backup\miss0716\backup\miss0716\backup\miss0716\backup\miss0716\backup\miss0716\backup\miss0716\backup\miss0716\backup\miss0716\backup\backup_all_logs_1.py,9FB64368E1591D5AF10A729AE0F923117ED0B7405E8F2F41676EA18BCBF4E2E8
C:\clean_rebuild\backup\miss0716\backup\miss0716\backup\miss0716\backup\miss0716\backup\miss0716\backup\miss0716\backup\miss0716\backup\miss0716\backup\miss0716\backup\miss0716\backup\miss0716\backup\miss0716\backup\miss0716\backup\miss0716\backup\miss0716\backup\miss0716\backup\miss0716\backup\miss0716\backup\miss0716\backup\miss0716\backup\miss0716\backup\miss0716\backup\miss0716\backup\miss0716\backup\miss0716\backup\miss0716\backup\miss0716\backup\miss0716\backup\miss0716\backup\miss0716\backup\miss0716\backup\miss0716\backup\miss0716\backup\miss0716\backup\miss0716\backup\miss0716\backup\miss0716\backup\miss0716\backup\miss0716\backup\miss0716\backup\miss0716\backup\miss0716\backup\miss0716\backup\miss0716\backup\miss0716\backup\miss0716\backup\miss0716\backup\miss0716\backup\miss0716\backup\miss0716\backup\miss0716\backup\miss0716\backup\miss0716\backup\miss0716\backup\miss0716\backup\miss0716\backup\miss0716\backup\miss0716\backup\miss0716\backup\miss0716\backup\miss0716\backup\miss0716\backup\miss0716\backup\miss0716\backup\miss0716\backup\miss0716\backup\miss0716\backup\miss0716\backup\miss0716\backup\miss0716\backup\miss0716\backup\miss0716\backup\miss0716\backup\miss0716\backup\miss0716\backup\miss0716\backup\miss0716\backup\miss0716\backup\miss0716\backup\miss0716\backup\miss0716\backup\miss0716\backup\miss0716\backup\backup_all_logs_2.py,9FB64368E1591D5AF10A729AE0F923117ED0B7405E8F2F41676EA18BCBF4E2E8
C:\clean_rebuild\backup\miss0716\backup\miss0716\backup\miss0716\backup\miss0716\backup\miss0716\backup\miss0716\backup\miss0716\backup\miss0716\backup\miss0716\backup\miss0716\backup\miss0716\backup\miss0716\backup\miss0716\backup\miss0716\backup\miss0716\backup\miss0716\backup\miss0716\backup\miss0716\backup\miss0716\backup\miss0716\backup\miss0716\backup\miss0716\backup\miss0716\backup\miss0716\backup\miss0716\backup\miss0716\backup\miss0716\backup\miss0716\backup\miss0716\backup\miss0716\backup\miss0716\backup\miss0716\backup\miss0716\backup\miss0716\backup\miss0716\backup\miss0716\backup\miss0716\backup\miss0716\backup\miss0716\backup\miss0716\backup\miss0716\backup\miss0716\backup\miss0716\backup\miss0716\backup\miss0716\backup\miss0716\backup\miss0716\backup\miss0716\backup\miss0716\backup\miss0716\backup\miss0716\backup\miss0716\backup\miss0716\backup\miss0716\backup\miss0716\backup\miss0716\backup\miss0716\backup\miss0716\backup\miss0716\backup\miss0716\backup\miss0716\backup\miss0716\backup\miss0716\backup\miss0716\backup\miss0716\backup\miss0716\backup\miss0716\backup\miss0716\backup\miss0716\backup\miss0716\backup\miss0716\backup\miss0716\backup\miss0716\backup\miss0716\backup\miss0716\backup\miss0716\backup\miss0716\backup\miss0716\backup\miss0716\backup\miss0716\backup\miss0716\backup\miss0716\backup\miss0716\backup\backup_all_logs_3.py,9FB64368E1591D5AF10A729AE0F923117ED0B7405E8F2F41676EA18BCBF4E2E8
C:\clean_rebuild\backup\miss0716\backup\miss0716\backup\miss0716\backup\miss0716\backup\miss0716\backup\miss0716\backup\miss0716\backup\miss0716\backup\miss0716\backup\miss0716\backup\miss0716\backup\miss0716\backup\miss0716\backup\miss0716\backup\miss0716\backup\miss0716\backup\miss0716\backup\miss0716\backup\miss0716\backup\miss0716\backup\miss0716\backup\miss0716\backup\miss0716\backup\miss0716\backup\miss0716\backup\miss0716\backup\miss0716\backup\miss0716\backup\miss0716\backup\miss0716\backup\miss0716\backup\miss0716\backup\miss0716\backup\miss0716\backup\miss0716\backup\miss0716\backup\miss0716\backup\miss0716\backup\miss0716\backup\miss0716\backup\miss0716\backup\miss0716\backup\miss0716\backup\miss0716\backup\miss0716\backup\miss0716\backup\miss0716\backup\miss0716\backup\miss0716\backup\miss0716\backup\miss0716\backup\miss0716\backup\miss0716\backup\miss0716\backup\miss0716\backup\miss0716\backup\miss0716\backup\miss0716\backup\miss0716\backup\miss0716\backup\miss0716\backup\miss0716\backup\miss0716\backup\miss0716\backup\miss0716\backup\miss0716\backup\miss0716\backup\miss0716\backup\miss0716\backup\miss0716\backup\miss0716\backup\miss0716\backup\miss0716\backup\miss0716\backup\miss0716\backup\miss0716\backup\miss0716\backup\miss0716\backup\miss0716\backup\miss0716\backup\miss0716\backup\miss0716\backup\miss0716\backup\backup_all_logs_4.py,9FB64368E1591D5AF10A729AE0F923117ED0B7405E8F2F41676EA18BCBF4E2E8
C:\clean_rebuild\backup\miss0716\backup\miss0716\backup\miss0716\backup\miss0716\backup\miss0716\backup\miss0716\backup\miss0716\backup\miss0716\backup\miss0716\backup\miss0716\backup\miss0716\backup\miss0716\backup\miss0716\backup\miss0716\backup\miss0716\backup\miss0716\backup\miss0716\backup\miss0716\backup\miss0716\backup\miss0716\backup\miss0716\backup\miss0716\backup\miss0716\backup\miss0716\backup\miss0716\backup\miss0716\backup\miss0716\backup\miss0716\backup\miss0716\backup\miss0716\backup\miss0716\backup\miss0716\backup\miss0716\backup\miss0716\backup\miss0716\backup\miss0716\backup\miss0716\backup\miss0716\backup\miss0716\backup\miss0716\backup\miss0716\backup\miss0716\backup\miss0716\backup\miss0716\backup\miss0716\backup\miss0716\backup\miss0716\backup\miss0716\backup\miss0716\backup\miss0716\backup\miss0716\backup\miss0716\backup\miss0716\backup\miss0716\backup\miss0716\backup\miss0716\backup\miss0716\backup\miss0716\backup\miss0716\backup\miss0716\backup\miss0716\backup\miss0716\backup\miss0716\backup\miss0716\backup\miss0716\backup\miss0716\backup\miss0716\backup\miss0716\backup\miss0716\backup\miss0716\backup\miss0716\backup\miss0716\backup\miss0716\backup\miss0716\backup\miss0716\backup\miss0716\backup\miss0716\backup\miss0716\backup\miss0716\backup\miss0716\backup\miss0716\backup\miss0716\backup\miss0716\backup\backup_all_logs_5.py,9FB64368E1591D5AF10A729AE0F923117ED0B7405E8F2F41676EA18BCBF4E2E8
C:\clean_rebuild\backup\miss0716\backup\miss0716\backup\miss0716\backup\miss0716\backup\miss0716\backup\miss0716\backup\miss0716\backup\miss0716\backup\miss0716\backup\miss0716\backup\miss0716\backup\miss0716\backup\miss0716\backup\miss0716\backup\miss0716\backup\miss0716\backup\miss0716\backup\miss0716\backup\miss0716\backup\miss0716\backup\miss0716\backup\miss0716\backup\miss0716\backup\miss0716\backup\miss0716\backup\miss0716\backup\miss0716\backup\miss0716\backup\miss0716\backup\miss0716\backup\miss0716\backup\miss0716\backup\miss0716\backup\miss0716\backup\miss0716\backup\miss0716\backup\miss0716\backup\miss0716\backup\miss0716\backup\miss0716\backup\miss0716\backup\miss0716\backup\miss0716\backup\miss0716\backup\miss0716\backup\miss0716\backup\miss0716\backup\miss0716\backup\miss0716\backup\miss0716\backup\miss0716\backup\miss0716\backup\miss0716\backup\miss0716\backup\miss0716\backup\miss0716\backup\miss0716\backup\miss0716\backup\miss0716\backup\miss0716\backup\miss0716\backup\miss0716\backup\miss0716\backup\miss0716\backup\miss0716\backup\miss0716\backup\miss0716\backup\miss0716\backup\miss0716\backup\miss0716\backup\miss0716\backup\miss0716\backup\miss0716\backup\miss0716\backup\miss0716\backup\miss0716\backup\miss0716\backup\miss0716\backup\miss0716\backup\miss0716\backup\miss0716\backup\miss0716\backup\miss0716\backup\backup_all_logs_6.py,9FB64368E1591D5AF10A729AE0F923117ED0B7405E8F2F41676EA18BCBF4E2E8
C:\clean_rebuild\backup\miss0716\backup\miss0716\backup\miss0716\backup\miss0716\backup\miss0716\backup\miss0716\backup\miss0716\backup\miss0716\backup\miss0716\backup\miss0716\backup\miss0716\backup\miss0716\backup\miss0716\backup\miss0716\backup\miss0716\backup\miss0716\backup\miss0716\backup\miss0716\backup\miss0716\backup\miss0716\backup\miss0716\backup\miss0716\backup\miss0716\backup\miss0716\backup\miss0716\backup\miss0716\backup\miss0716\backup\miss0716\backup\miss0716\backup\miss0716\backup\miss0716\backup\miss0716\backup\miss0716\backup\miss0716\backup\miss0716\backup\miss0716\backup\miss0716\backup\miss0716\backup\miss0716\backup\miss0716\backup\miss0716\backup\miss0716\backup\miss0716\backup\miss0716\backup\miss0716\backup\miss0716\backup\miss0716\backup\miss0716\backup\miss0716\backup\miss0716\backup\miss0716\backup\miss0716\backup\miss0716\backup\miss0716\backup\miss0716\backup\miss0716\backup\miss0716\backup\miss0716\backup\miss0716\backup\miss0716\backup\miss0716\backup\miss0716\backup\miss0716\backup\miss0716\backup\miss0716\backup\miss0716\backup\miss0716\backup\miss0716\backup\miss0716\backup\miss0716\backup\miss0716\backup\miss0716\backup\miss0716\backup\miss0716\backup\miss0716\backup\miss0716\backup\miss0716\backup\miss0716\backup\miss0716\backup\miss0716\backup\miss0716\backup\miss0716\backup\miss0716\backup\backup_and_export_logtrace.py,3412F04EDCBCA73233FBDBF848F92D41D5A3321AD53A1D754539FDC35C890BF2
C:\clean_rebuild\backup\miss0716\backup\miss0716\backup\miss0716\backup\miss0716\backup\miss0716\backup\miss0716\backup\miss0716\backup\miss0716\backup\miss0716\backup\miss0716\backup\miss0716\backup\miss0716\backup\miss0716\backup\miss0716\backup\miss0716\backup\miss0716\backup\miss0716\backup\miss0716\backup\miss0716\backup\miss0716\backup\miss0716\backup\miss0716\backup\miss0716\backup\miss0716\backup\miss0716\backup\miss0716\backup\miss0716\backup\miss0716\backup\miss0716\backup\miss0716\backup\miss0716\backup\miss0716\backup\miss0716\backup\miss0716\backup\miss0716\backup\miss0716\backup\miss0716\backup\miss0716\backup\miss0716\backup\miss0716\backup\miss0716\backup\miss0716\backup\miss0716\backup\miss0716\backup\miss0716\backup\miss0716\backup\miss0716\backup\miss0716\backup\miss0716\backup\miss0716\backup\miss0716\backup\miss0716\backup\miss0716\backup\miss0716\backup\miss0716\backup\miss0716\backup\miss0716\backup\miss0716\backup\miss0716\backup\miss0716\backup\miss0716\backup\miss0716\backup\miss0716\backup\miss0716\backup\miss0716\backup\miss0716\backup\miss0716\backup\miss0716\backup\miss0716\backup\miss0716\backup\miss0716\backup\miss0716\backup\miss0716\backup\miss0716\backup\miss0716\backup\miss0716\backup\miss0716\backup\miss0716\backup\miss0716\backup\miss0716\backup\miss0716\backup\miss0716\backup\miss0716\backup\backup_and_export_logtrace_1.py,AC364F8CB0F859AD3B61F08B798B9E504A75D57479A9F0A9F13CD5164920C010
C:\clean_rebuild\backup\miss0716\backup\miss0716\backup\miss0716\backup\miss0716\backup\miss0716\backup\miss0716\backup\miss0716\backup\miss0716\backup\miss0716\backup\miss0716\backup\miss0716\backup\miss0716\backup\miss0716\backup\miss0716\backup\miss0716\backup\miss0716\backup\miss0716\backup\miss0716\backup\miss0716\backup\miss0716\backup\miss0716\backup\miss0716\backup\miss0716\backup\miss0716\backup\miss0716\backup\miss0716\backup\miss0716\backup\miss0716\backup\miss0716\backup\miss0716\backup\miss0716\backup\miss0716\backup\miss0716\backup\miss0716\backup\miss0716\backup\miss0716\backup\miss0716\backup\miss0716\backup\miss0716\backup\miss0716\backup\miss0716\backup\miss0716\backup\miss0716\backup\miss0716\backup\miss0716\backup\miss0716\backup\miss0716\backup\miss0716\backup\miss0716\backup\miss0716\backup\miss0716\backup\miss0716\backup\miss0716\backup\miss0716\backup\miss0716\backup\miss0716\backup\miss0716\backup\miss0716\backup\miss0716\backup\miss0716\backup\miss0716\backup\miss0716\backup\miss0716\backup\miss0716\backup\miss0716\backup\miss0716\backup\miss0716\backup\miss0716\backup\miss0716\backup\miss0716\backup\miss0716\backup\miss0716\backup\miss0716\backup\miss0716\backup\miss0716\backup\miss0716\backup\miss0716\backup\miss0716\backup\miss0716\backup\miss0716\backup\miss0716\backup\miss0716\backup\miss0716\backup\backup_and_export_logtrace_2.py,AC364F8CB0F859AD3B61F08B798B9E504A75D57479A9F0A9F13CD5164920C010
C:\clean_rebuild\backup\miss0716\backup\miss0716\backup\miss0716\backup\miss0716\backup\miss0716\backup\miss0716\backup\miss0716\backup\miss0716\backup\miss0716\backup\miss0716\backup\miss0716\backup\miss0716\backup\miss0716\backup\miss0716\backup\miss0716\backup\miss0716\backup\miss0716\backup\miss0716\backup\miss0716\backup\miss0716\backup\miss0716\backup\miss0716\backup\miss0716\backup\miss0716\backup\miss0716\backup\miss0716\backup\miss0716\backup\miss0716\backup\miss0716\backup\miss0716\backup\miss0716\backup\miss0716\backup\miss0716\backup\miss0716\backup\miss0716\backup\miss0716\backup\miss0716\backup\miss0716\backup\miss0716\backup\miss0716\backup\miss0716\backup\miss0716\backup\miss0716\backup\miss0716\backup\miss0716\backup\miss0716\backup\miss0716\backup\miss0716\backup\miss0716\backup\miss0716\backup\miss0716\backup\miss0716\backup\miss0716\backup\miss0716\backup\miss0716\backup\miss0716\backup\miss0716\backup\miss0716\backup\miss0716\backup\miss0716\backup\miss0716\backup\miss0716\backup\miss0716\backup\miss0716\backup\miss0716\backup\miss0716\backup\miss0716\backup\miss0716\backup\miss0716\backup\miss0716\backup\miss0716\backup\miss0716\backup\miss0716\backup\miss0716\backup\miss0716\backup\miss0716\backup\miss0716\backup\miss0716\backup\miss0716\backup\miss0716\backup\miss0716\backup\miss0716\backup\miss0716\backup\backup_and_export_logtrace_3.py,AC364F8CB0F859AD3B61F08B798B9E504A75D57479A9F0A9F13CD5164920C010
C:\clean_rebuild\backup\miss0716\backup\miss0716\backup\miss0716\backup\miss0716\backup\miss0716\backup\miss0716\backup\miss0716\backup\miss0716\backup\miss0716\backup\miss0716\backup\miss0716\backup\miss0716\backup\miss0716\backup\miss0716\backup\miss0716\backup\miss0716\backup\miss0716\backup\miss0716\backup\miss0716\backup\miss0716\backup\miss0716\backup\miss0716\backup\miss0716\backup\miss0716\backup\miss0716\backup\miss0716\backup\miss0716\backup\miss0716\backup\miss0716\backup\miss0716\backup\miss0716\backup\miss0716\backup\miss0716\backup\miss0716\backup\miss0716\backup\miss0716\backup\miss0716\backup\miss0716\backup\miss0716\backup\miss0716\backup\miss0716\backup\miss0716\backup\miss0716\backup\miss0716\backup\miss0716\backup\miss0716\backup\miss0716\backup\miss0716\backup\miss0716\backup\miss0716\backup\miss0716\backup\miss0716\backup\miss0716\backup\miss0716\backup\miss0716\backup\miss0716\backup\miss0716\backup\miss0716\backup\miss0716\backup\miss0716\backup\miss0716\backup\miss0716\backup\miss0716\backup\miss0716\backup\miss0716\backup\miss0716\backup\miss0716\backup\miss0716\backup\miss0716\backup\miss0716\backup\miss0716\backup\miss0716\backup\miss0716\backup\miss0716\backup\miss0716\backup\miss0716\backup\miss0716\backup\miss0716\backup\miss0716\backup\miss0716\backup\miss0716\backup\miss0716\backup\miss0716\backup\backup_and_export_logtrace_4.py,AC364F8CB0F859AD3B61F08B798B9E504A75D57479A9F0A9F13CD5164920C010
C:\clean_rebuild\backup\miss0716\backup\miss0716\backup\miss0716\backup\miss0716\backup\miss0716\backup\miss0716\backup\miss0716\backup\miss0716\backup\miss0716\backup\miss0716\backup\miss0716\backup\miss0716\backup\miss0716\backup\miss0716\backup\miss0716\backup\miss0716\backup\miss0716\backup\miss0716\backup\miss0716\backup\miss0716\backup\miss0716\backup\miss0716\backup\miss0716\backup\miss0716\backup\miss0716\backup\miss0716\backup\miss0716\backup\miss0716\backup\miss0716\backup\miss0716\backup\miss0716\backup\miss0716\backup\miss0716\backup\miss0716\backup\miss0716\backup\miss0716\backup\miss0716\backup\miss0716\backup\miss0716\backup\miss0716\backup\miss0716\backup\miss0716\backup\miss0716\backup\miss0716\backup\miss0716\backup\miss0716\backup\miss0716\backup\miss0716\backup\miss0716\backup\miss0716\backup\miss0716\backup\miss0716\backup\miss0716\backup\miss0716\backup\miss0716\backup\miss0716\backup\miss0716\backup\miss0716\backup\miss0716\backup\miss0716\backup\miss0716\backup\miss0716\backup\miss0716\backup\miss0716\backup\miss0716\backup\miss0716\backup\miss0716\backup\miss0716\backup\miss0716\backup\miss0716\backup\miss0716\backup\miss0716\backup\miss0716\backup\miss0716\backup\miss0716\backup\miss0716\backup\miss0716\backup\miss0716\backup\miss0716\backup\miss0716\backup\miss0716\backup\miss0716\backup\miss0716\backup\backup_and_export_logtrace_5.py,AC364F8CB0F859AD3B61F08B798B9E504A75D57479A9F0A9F13CD5164920C010
C:\clean_rebuild\backup\miss0716\backup\miss0716\backup\miss0716\backup\miss0716\backup\miss0716\backup\miss0716\backup\miss0716\backup\miss0716\backup\miss0716\backup\miss0716\backup\miss0716\backup\miss0716\backup\miss0716\backup\miss0716\backup\miss0716\backup\miss0716\backup\miss0716\backup\miss0716\backup\miss0716\backup\miss0716\backup\miss0716\backup\miss0716\backup\miss0716\backup\miss0716\backup\miss0716\backup\miss0716\backup\miss0716\backup\miss0716\backup\miss0716\backup\miss0716\backup\miss0716\backup\miss0716\backup\miss0716\backup\miss0716\backup\miss0716\backup\miss0716\backup\miss0716\backup\miss0716\backup\miss0716\backup\miss0716\backup\miss0716\backup\miss0716\backup\miss0716\backup\miss0716\backup\miss0716\backup\miss0716\backup\miss0716\backup\miss0716\backup\miss0716\backup\miss0716\backup\miss0716\backup\miss0716\backup\miss0716\backup\miss0716\backup\miss0716\backup\miss0716\backup\miss0716\backup\miss0716\backup\miss0716\backup\miss0716\backup\miss0716\backup\miss0716\backup\miss0716\backup\miss0716\backup\miss0716\backup\miss0716\backup\miss0716\backup\miss0716\backup\miss0716\backup\miss0716\backup\miss0716\backup\miss0716\backup\miss0716\backup\miss0716\backup\miss0716\backup\miss0716\backup\miss0716\backup\miss0716\backup\miss0716\backup\miss0716\backup\miss0716\backup\miss0716\backup\miss0716\backup\backup_and_export_logtrace_6.py,AC364F8CB0F859AD3B61F08B798B9E504A75D57479A9F0A9F13CD5164920C010
C:\clean_rebuild\backup\miss0716\backup\miss0716\backup\miss0716\backup\miss0716\backup\miss0716\backup\miss0716\backup\miss0716\backup\miss0716\backup\miss0716\backup\miss0716\backup\miss0716\backup\miss0716\backup\miss0716\backup\miss0716\backup\miss0716\backup\miss0716\backup\miss0716\backup\miss0716\backup\miss0716\backup\miss0716\backup\miss0716\backup\miss0716\backup\miss0716\backup\miss0716\backup\miss0716\backup\miss0716\backup\miss0716\backup\miss0716\backup\miss0716\backup\miss0716\backup\miss0716\backup\miss0716\backup\miss0716\backup\miss0716\backup\miss0716\backup\miss0716\backup\miss0716\backup\miss0716\backup\miss0716\backup\miss0716\backup\miss0716\backup\miss0716\backup\miss0716\backup\miss0716\backup\miss0716\backup\miss0716\backup\miss0716\backup\miss0716\backup\miss0716\backup\miss0716\backup\miss0716\backup\miss0716\backup\miss0716\backup\miss0716\backup\miss0716\backup\miss0716\backup\miss0716\backup\miss0716\backup\miss0716\backup\miss0716\backup\miss0716\backup\miss0716\backup\miss0716\backup\miss0716\backup\miss0716\backup\miss0716\backup\miss0716\backup\miss0716\backup\miss0716\backup\miss0716\backup\miss0716\backup\miss0716\backup\miss0716\backup\miss0716\backup\miss0716\backup\miss0716\backup\miss0716\backup\miss0716\backup\miss0716\backup\miss0716\backup\miss0716\backup\miss0716\backup\miss0716\backup\backup_command_log.py,15238537EF0D1BF4DC6999066F572875B04C9D02081390555A4871E0D6FE34B8
C:\clean_rebuild\backup\miss0716\backup\miss0716\backup\miss0716\backup\miss0716\backup\miss0716\backup\miss0716\backup\miss0716\backup\miss0716\backup\miss0716\backup\miss0716\backup\miss0716\backup\miss0716\backup\miss0716\backup\miss0716\backup\miss0716\backup\miss0716\backup\miss0716\backup\miss0716\backup\miss0716\backup\miss0716\backup\miss0716\backup\miss0716\backup\miss0716\backup\miss0716\backup\miss0716\backup\miss0716\backup\miss0716\backup\miss0716\backup\miss0716\backup\miss0716\backup\miss0716\backup\miss0716\backup\miss0716\backup\miss0716\backup\miss0716\backup\miss0716\backup\miss0716\backup\miss0716\backup\miss0716\backup\miss0716\backup\miss0716\backup\miss0716\backup\miss0716\backup\miss0716\backup\miss0716\backup\miss0716\backup\miss0716\backup\miss0716\backup\miss0716\backup\miss0716\backup\miss0716\backup\miss0716\backup\miss0716\backup\miss0716\backup\miss0716\backup\miss0716\backup\miss0716\backup\miss0716\backup\miss0716\backup\miss0716\backup\miss0716\backup\miss0716\backup\miss0716\backup\miss0716\backup\miss0716\backup\miss0716\backup\miss0716\backup\miss0716\backup\miss0716\backup\miss0716\backup\miss0716\backup\miss0716\backup\miss0716\backup\miss0716\backup\miss0716\backup\miss0716\backup\miss0716\backup\miss0716\backup\miss0716\backup\miss0716\backup\miss0716\backup\miss0716\backup\miss0716\backup\backup_command_log_1.py,5590DD072D3D5A5F7D14A9E5D71B853C3937ED3D678CA6FC95D8829F3611BF4B
C:\clean_rebuild\backup\miss0716\backup\miss0716\backup\miss0716\backup\miss0716\backup\miss0716\backup\miss0716\backup\miss0716\backup\miss0716\backup\miss0716\backup\miss0716\backup\miss0716\backup\miss0716\backup\miss0716\backup\miss0716\backup\miss0716\backup\miss0716\backup\miss0716\backup\miss0716\backup\miss0716\backup\miss0716\backup\miss0716\backup\miss0716\backup\miss0716\backup\miss0716\backup\miss0716\backup\miss0716\backup\miss0716\backup\miss0716\backup\miss0716\backup\miss0716\backup\miss0716\backup\miss0716\backup\miss0716\backup\miss0716\backup\miss0716\backup\miss0716\backup\miss0716\backup\miss0716\backup\miss0716\backup\miss0716\backup\miss0716\backup\miss0716\backup\miss0716\backup\miss0716\backup\miss0716\backup\miss0716\backup\miss0716\backup\miss0716\backup\miss0716\backup\miss0716\backup\miss0716\backup\miss0716\backup\miss0716\backup\miss0716\backup\miss0716\backup\miss0716\backup\miss0716\backup\miss0716\backup\miss0716\backup\miss0716\backup\miss0716\backup\miss0716\backup\miss0716\backup\miss0716\backup\miss0716\backup\miss0716\backup\miss0716\backup\miss0716\backup\miss0716\backup\miss0716\backup\miss0716\backup\miss0716\backup\miss0716\backup\miss0716\backup\miss0716\backup\miss0716\backup\miss0716\backup\miss0716\backup\miss0716\backup\miss0716\backup\miss0716\backup\miss0716\backup\miss0716\backup\backup_command_log_2.py,5590DD072D3D5A5F7D14A9E5D71B853C3937ED3D678CA6FC95D8829F3611BF4B
C:\clean_rebuild\backup\miss0716\backup\miss0716\backup\miss0716\backup\miss0716\backup\miss0716\backup\miss0716\backup\miss0716\backup\miss0716\backup\miss0716\backup\miss0716\backup\miss0716\backup\miss0716\backup\miss0716\backup\miss0716\backup\miss0716\backup\miss0716\backup\miss0716\backup\miss0716\backup\miss0716\backup\miss0716\backup\miss0716\backup\miss0716\backup\miss0716\backup\miss0716\backup\miss0716\backup\miss0716\backup\miss0716\backup\miss0716\backup\miss0716\backup\miss0716\backup\miss0716\backup\miss0716\backup\miss0716\backup\miss0716\backup\miss0716\backup\miss0716\backup\miss0716\backup\miss0716\backup\miss0716\backup\miss0716\backup\miss0716\backup\miss0716\backup\miss0716\backup\miss0716\backup\miss0716\backup\miss0716\backup\miss0716\backup\miss0716\backup\miss0716\backup\miss0716\backup\miss0716\backup\miss0716\backup\miss0716\backup\miss0716\backup\miss0716\backup\miss0716\backup\miss0716\backup\miss0716\backup\miss0716\backup\miss0716\backup\miss0716\backup\miss0716\backup\miss0716\backup\miss0716\backup\miss0716\backup\miss0716\backup\miss0716\backup\miss0716\backup\miss0716\backup\miss0716\backup\miss0716\backup\miss0716\backup\miss0716\backup\miss0716\backup\miss0716\backup\miss0716\backup\miss0716\backup\miss0716\backup\miss0716\backup\miss0716\backup\miss0716\backup\miss0716\backup\miss0716\backup\backup_command_log_3.py,5590DD072D3D5A5F7D14A9E5D71B853C3937ED3D678CA6FC95D8829F3611BF4B
C:\clean_rebuild\backup\miss0716\backup\miss0716\backup\miss0716\backup\miss0716\backup\miss0716\backup\miss0716\backup\miss0716\backup\miss0716\backup\miss0716\backup\miss0716\backup\miss0716\backup\miss0716\backup\miss0716\backup\miss0716\backup\miss0716\backup\miss0716\backup\miss0716\backup\miss0716\backup\miss0716\backup\miss0716\backup\miss0716\backup\miss0716\backup\miss0716\backup\miss0716\backup\miss0716\backup\miss0716\backup\miss0716\backup\miss0716\backup\miss0716\backup\miss0716\backup\miss0716\backup\miss0716\backup\miss0716\backup\miss0716\backup\miss0716\backup\miss0716\backup\miss0716\backup\miss0716\backup\miss0716\backup\miss0716\backup\miss0716\backup\miss0716\backup\miss0716\backup\miss0716\backup\miss0716\backup\miss0716\backup\miss0716\backup\miss0716\backup\miss0716\backup\miss0716\backup\miss0716\backup\miss0716\backup\miss0716\backup\miss0716\backup\miss0716\backup\miss0716\backup\miss0716\backup\miss0716\backup\miss0716\backup\miss0716\backup\miss0716\backup\miss0716\backup\miss0716\backup\miss0716\backup\miss0716\backup\miss0716\backup\miss0716\backup\miss0716\backup\miss0716\backup\miss0716\backup\miss0716\backup\miss0716\backup\miss0716\backup\miss0716\backup\miss0716\backup\miss0716\backup\miss0716\backup\miss0716\backup\miss0716\backup\miss0716\backup\miss0716\backup\miss0716\backup\miss0716\backup\backup_command_log_4.py,5590DD072D3D5A5F7D14A9E5D71B853C3937ED3D678CA6FC95D8829F3611BF4B
C:\clean_rebuild\backup\miss0716\backup\miss0716\backup\miss0716\backup\miss0716\backup\miss0716\backup\miss0716\backup\miss0716\backup\miss0716\backup\miss0716\backup\miss0716\backup\miss0716\backup\miss0716\backup\miss0716\backup\miss0716\backup\miss0716\backup\miss0716\backup\miss0716\backup\miss0716\backup\miss0716\backup\miss0716\backup\miss0716\backup\miss0716\backup\miss0716\backup\miss0716\backup\miss0716\backup\miss0716\backup\miss0716\backup\miss0716\backup\miss0716\backup\miss0716\backup\miss0716\backup\miss0716\backup\miss0716\backup\miss0716\backup\miss0716\backup\miss0716\backup\miss0716\backup\miss0716\backup\miss0716\backup\miss0716\backup\miss0716\backup\miss0716\backup\miss0716\backup\miss0716\backup\miss0716\backup\miss0716\backup\miss0716\backup\miss0716\backup\miss0716\backup\miss0716\backup\miss0716\backup\miss0716\backup\miss0716\backup\miss0716\backup\miss0716\backup\miss0716\backup\miss0716\backup\miss0716\backup\miss0716\backup\miss0716\backup\miss0716\backup\miss0716\backup\miss0716\backup\miss0716\backup\miss0716\backup\miss0716\backup\miss0716\backup\miss0716\backup\miss0716\backup\miss0716\backup\miss0716\backup\miss0716\backup\miss0716\backup\miss0716\backup\miss0716\backup\miss0716\backup\miss0716\backup\miss0716\backup\miss0716\backup\miss0716\backup\miss0716\backup\miss0716\backup\miss0716\backup\backup_command_log_5.py,5590DD072D3D5A5F7D14A9E5D71B853C3937ED3D678CA6FC95D8829F3611BF4B
C:\clean_rebuild\backup\miss0716\backup\miss0716\backup\miss0716\backup\miss0716\backup\miss0716\backup\miss0716\backup\miss0716\backup\miss0716\backup\miss0716\backup\miss0716\backup\miss0716\backup\miss0716\backup\miss0716\backup\miss0716\backup\miss0716\backup\miss0716\backup\miss0716\backup\miss0716\backup\miss0716\backup\miss0716\backup\miss0716\backup\miss0716\backup\miss0716\backup\miss0716\backup\miss0716\backup\miss0716\backup\miss0716\backup\miss0716\backup\miss0716\backup\miss0716\backup\miss0716\backup\miss0716\backup\miss0716\backup\miss0716\backup\miss0716\backup\miss0716\backup\miss0716\backup\miss0716\backup\miss0716\backup\miss0716\backup\miss0716\backup\miss0716\backup\miss0716\backup\miss0716\backup\miss0716\backup\miss0716\backup\miss0716\backup\miss0716\backup\miss0716\backup\miss0716\backup\miss0716\backup\miss0716\backup\miss0716\backup\miss0716\backup\miss0716\backup\miss0716\backup\miss0716\backup\miss0716\backup\miss0716\backup\miss0716\backup\miss0716\backup\miss0716\backup\miss0716\backup\miss0716\backup\miss0716\backup\miss0716\backup\miss0716\backup\miss0716\backup\miss0716\backup\miss0716\backup\miss0716\backup\miss0716\backup\miss0716\backup\miss0716\backup\miss0716\backup\miss0716\backup\miss0716\backup\miss0716\backup\miss0716\backup\miss0716\backup\miss0716\backup\miss0716\backup\miss0716\backup\backup_command_log_6.py,5590DD072D3D5A5F7D14A9E5D71B853C3937ED3D678CA6FC95D8829F3611BF4B
C:\clean_rebuild\backup\miss0716\backup\miss0716\backup\miss0716\backup\miss0716\backup\miss0716\backup\miss0716\backup\miss0716\backup\miss0716\backup\miss0716\backup\miss0716\backup\miss0716\backup\miss0716\backup\miss0716\backup\miss0716\backup\miss0716\backup\miss0716\backup\miss0716\backup\miss0716\backup\miss0716\backup\miss0716\backup\miss0716\backup\miss0716\backup\miss0716\backup\miss0716\backup\miss0716\backup\miss0716\backup\miss0716\backup\miss0716\backup\miss0716\backup\miss0716\backup\miss0716\backup\miss0716\backup\miss0716\backup\miss0716\backup\miss0716\backup\miss0716\backup\miss0716\backup\miss0716\backup\miss0716\backup\miss0716\backup\miss0716\backup\miss0716\backup\miss0716\backup\miss0716\backup\miss0716\backup\miss0716\backup\miss0716\backup\miss0716\backup\miss0716\backup\miss0716\backup\miss0716\backup\miss0716\backup\miss0716\backup\miss0716\backup\miss0716\backup\miss0716\backup\miss0716\backup\miss0716\backup\miss0716\backup\miss0716\backup\miss0716\backup\miss0716\backup\miss0716\backup\miss0716\backup\miss0716\backup\miss0716\backup\miss0716\backup\miss0716\backup\miss0716\backup\miss0716\backup\miss0716\backup\miss0716\backup\miss0716\backup\miss0716\backup\miss0716\backup\miss0716\backup\miss0716\backup\miss0716\backup\miss0716\backup\miss0716\backup\miss0716\backup\miss0716\backup\miss0716\backup\backup_disk_log.py,C4B90060E9FDFF6F41C6050103004C4069553566AB49808A9EC3B845B671F87E
C:\clean_rebuild\backup\miss0716\backup\miss0716\backup\miss0716\backup\miss0716\backup\miss0716\backup\miss0716\backup\miss0716\backup\miss0716\backup\miss0716\backup\miss0716\backup\miss0716\backup\miss0716\backup\miss0716\backup\miss0716\backup\miss0716\backup\miss0716\backup\miss0716\backup\miss0716\backup\miss0716\backup\miss0716\backup\miss0716\backup\miss0716\backup\miss0716\backup\miss0716\backup\miss0716\backup\miss0716\backup\miss0716\backup\miss0716\backup\miss0716\backup\miss0716\backup\miss0716\backup\miss0716\backup\miss0716\backup\miss0716\backup\miss0716\backup\miss0716\backup\miss0716\backup\miss0716\backup\miss0716\backup\miss0716\backup\miss0716\backup\miss0716\backup\miss0716\backup\miss0716\backup\miss0716\backup\miss0716\backup\miss0716\backup\miss0716\backup\miss0716\backup\miss0716\backup\miss0716\backup\miss0716\backup\miss0716\backup\miss0716\backup\miss0716\backup\miss0716\backup\miss0716\backup\miss0716\backup\miss0716\backup\miss0716\backup\miss0716\backup\miss0716\backup\miss0716\backup\miss0716\backup\miss0716\backup\miss0716\backup\miss0716\backup\miss0716\backup\miss0716\backup\miss0716\backup\miss0716\backup\miss0716\backup\miss0716\backup\miss0716\backup\miss0716\backup\miss0716\backup\miss0716\backup\miss0716\backup\miss0716\backup\miss0716\backup\miss0716\backup\miss0716\backup\miss0716\backup\backup_disk_log_1.py,D3E74F88499C63E0CF1967559D5851AB169E35D08804F71B20BBDD6621895CB0
C:\clean_rebuild\backup\miss0716\backup\miss0716\backup\miss0716\backup\miss0716\backup\miss0716\backup\miss0716\backup\miss0716\backup\miss0716\backup\miss0716\backup\miss0716\backup\miss0716\backup\miss0716\backup\miss0716\backup\miss0716\backup\miss0716\backup\miss0716\backup\miss0716\backup\miss0716\backup\miss0716\backup\miss0716\backup\miss0716\backup\miss0716\backup\miss0716\backup\miss0716\backup\miss0716\backup\miss0716\backup\miss0716\backup\miss0716\backup\miss0716\backup\miss0716\backup\miss0716\backup\miss0716\backup\miss0716\backup\miss0716\backup\miss0716\backup\miss0716\backup\miss0716\backup\miss0716\backup\miss0716\backup\miss0716\backup\miss0716\backup\miss0716\backup\miss0716\backup\miss0716\backup\miss0716\backup\miss0716\backup\miss0716\backup\miss0716\backup\miss0716\backup\miss0716\backup\miss0716\backup\miss0716\backup\miss0716\backup\miss0716\backup\miss0716\backup\miss0716\backup\miss0716\backup\miss0716\backup\miss0716\backup\miss0716\backup\miss0716\backup\miss0716\backup\miss0716\backup\miss0716\backup\miss0716\backup\miss0716\backup\miss0716\backup\miss0716\backup\miss0716\backup\miss0716\backup\miss0716\backup\miss0716\backup\miss0716\backup\miss0716\backup\miss0716\backup\miss0716\backup\miss0716\backup\miss0716\backup\miss0716\backup\miss0716\backup\miss0716\backup\miss0716\backup\miss0716\backup\backup_disk_log_2.py,D3E74F88499C63E0CF1967559D5851AB169E35D08804F71B20BBDD6621895CB0
C:\clean_rebuild\backup\miss0716\backup\miss0716\backup\miss0716\backup\miss0716\backup\miss0716\backup\miss0716\backup\miss0716\backup\miss0716\backup\miss0716\backup\miss0716\backup\miss0716\backup\miss0716\backup\miss0716\backup\miss0716\backup\miss0716\backup\miss0716\backup\miss0716\backup\miss0716\backup\miss0716\backup\miss0716\backup\miss0716\backup\miss0716\backup\miss0716\backup\miss0716\backup\miss0716\backup\miss0716\backup\miss0716\backup\miss0716\backup\miss0716\backup\miss0716\backup\miss0716\backup\miss0716\backup\miss0716\backup\miss0716\backup\miss0716\backup\miss0716\backup\miss0716\backup\miss0716\backup\miss0716\backup\miss0716\backup\miss0716\backup\miss0716\backup\miss0716\backup\miss0716\backup\miss0716\backup\miss0716\backup\miss0716\backup\miss0716\backup\miss0716\backup\miss0716\backup\miss0716\backup\miss0716\backup\miss0716\backup\miss0716\backup\miss0716\backup\miss0716\backup\miss0716\backup\miss0716\backup\miss0716\backup\miss0716\backup\miss0716\backup\miss0716\backup\miss0716\backup\miss0716\backup\miss0716\backup\miss0716\backup\miss0716\backup\miss0716\backup\miss0716\backup\miss0716\backup\miss0716\backup\miss0716\backup\miss0716\backup\miss0716\backup\miss0716\backup\miss0716\backup\miss0716\backup\miss0716\backup\miss0716\backup\miss0716\backup\miss0716\backup\miss0716\backup\miss0716\backup\backup_disk_log_3.py,D3E74F88499C63E0CF1967559D5851AB169E35D08804F71B20BBDD6621895CB0
C:\clean_rebuild\backup\miss0716\backup\miss0716\backup\miss0716\backup\miss0716\backup\miss0716\backup\miss0716\backup\miss0716\backup\miss0716\backup\miss0716\backup\miss0716\backup\miss0716\backup\miss0716\backup\miss0716\backup\miss0716\backup\miss0716\backup\miss0716\backup\miss0716\backup\miss0716\backup\miss0716\backup\miss0716\backup\miss0716\backup\miss0716\backup\miss0716\backup\miss0716\backup\miss0716\backup\miss0716\backup\miss0716\backup\miss0716\backup\miss0716\backup\miss0716\backup\miss0716\backup\miss0716\backup\miss0716\backup\miss0716\backup\miss0716\backup\miss0716\backup\miss0716\backup\miss0716\backup\miss0716\backup\miss0716\backup\miss0716\backup\miss0716\backup\miss0716\backup\miss0716\backup\miss0716\backup\miss0716\backup\miss0716\backup\miss0716\backup\miss0716\backup\miss0716\backup\miss0716\backup\miss0716\backup\miss0716\backup\miss0716\backup\miss0716\backup\miss0716\backup\miss0716\backup\miss0716\backup\miss0716\backup\miss0716\backup\miss0716\backup\miss0716\backup\miss0716\backup\miss0716\backup\miss0716\backup\miss0716\backup\miss0716\backup\miss0716\backup\miss0716\backup\miss0716\backup\miss0716\backup\miss0716\backup\miss0716\backup\miss0716\backup\miss0716\backup\miss0716\backup\miss0716\backup\miss0716\backup\miss0716\backup\miss0716\backup\miss0716\backup\miss0716\backup\miss0716\backup\backup_disk_log_4.py,D3E74F88499C63E0CF1967559D5851AB169E35D08804F71B20BBDD6621895CB0
C:\clean_rebuild\backup\miss0716\backup\miss0716\backup\miss0716\backup\miss0716\backup\miss0716\backup\miss0716\backup\miss0716\backup\miss0716\backup\miss0716\backup\miss0716\backup\miss0716\backup\miss0716\backup\miss0716\backup\miss0716\backup\miss0716\backup\miss0716\backup\miss0716\backup\miss0716\backup\miss0716\backup\miss0716\backup\miss0716\backup\miss0716\backup\miss0716\backup\miss0716\backup\miss0716\backup\miss0716\backup\miss0716\backup\miss0716\backup\miss0716\backup\miss0716\backup\miss0716\backup\miss0716\backup\miss0716\backup\miss0716\backup\miss0716\backup\miss0716\backup\miss0716\backup\miss0716\backup\miss0716\backup\miss0716\backup\miss0716\backup\miss0716\backup\miss0716\backup\miss0716\backup\miss0716\backup\miss0716\backup\miss0716\backup\miss0716\backup\miss0716\backup\miss0716\backup\miss0716\backup\miss0716\backup\miss0716\backup\miss0716\backup\miss0716\backup\miss0716\backup\miss0716\backup\miss0716\backup\miss0716\backup\miss0716\backup\miss0716\backup\miss0716\backup\miss0716\backup\miss0716\backup\miss0716\backup\miss0716\backup\miss0716\backup\miss0716\backup\miss0716\backup\miss0716\backup\miss0716\backup\miss0716\backup\miss0716\backup\miss0716\backup\miss0716\backup\miss0716\backup\miss0716\backup\miss0716\backup\miss0716\backup\miss0716\backup\miss0716\backup\miss0716\backup\miss0716\backup\backup_disk_log_5.py,D3E74F88499C63E0CF1967559D5851AB169E35D08804F71B20BBDD6621895CB0
C:\clean_rebuild\backup\miss0716\backup\miss0716\backup\miss0716\backup\miss0716\backup\miss0716\backup\miss0716\backup\miss0716\backup\miss0716\backup\miss0716\backup\miss0716\backup\miss0716\backup\miss0716\backup\miss0716\backup\miss0716\backup\miss0716\backup\miss0716\backup\miss0716\backup\miss0716\backup\miss0716\backup\miss0716\backup\miss0716\backup\miss0716\backup\miss0716\backup\miss0716\backup\miss0716\backup\miss0716\backup\miss0716\backup\miss0716\backup\miss0716\backup\miss0716\backup\miss0716\backup\miss0716\backup\miss0716\backup\miss0716\backup\miss0716\backup\miss0716\backup\miss0716\backup\miss0716\backup\miss0716\backup\miss0716\backup\miss0716\backup\miss0716\backup\miss0716\backup\miss0716\backup\miss0716\backup\miss0716\backup\miss0716\backup\miss0716\backup\miss0716\backup\miss0716\backup\miss0716\backup\miss0716\backup\miss0716\backup\miss0716\backup\miss0716\backup\miss0716\backup\miss0716\backup\miss0716\backup\miss0716\backup\miss0716\backup\miss0716\backup\miss0716\backup\miss0716\backup\miss0716\backup\miss0716\backup\miss0716\backup\miss0716\backup\miss0716\backup\miss0716\backup\miss0716\backup\miss0716\backup\miss0716\backup\miss0716\backup\miss0716\backup\miss0716\backup\miss0716\backup\miss0716\backup\miss0716\backup\miss0716\backup\miss0716\backup\miss0716\backup\miss0716\backup\miss0716\backup\backup_disk_log_6.py,D3E74F88499C63E0CF1967559D5851AB169E35D08804F71B20BBDD6621895CB0
C:\clean_rebuild\backup\miss0716\backup\miss0716\backup\miss0716\backup\miss0716\backup\miss0716\backup\miss0716\backup\miss0716\backup\miss0716\backup\miss0716\backup\miss0716\backup\miss0716\backup\miss0716\backup\miss0716\backup\miss0716\backup\miss0716\backup\miss0716\backup\miss0716\backup\miss0716\backup\miss0716\backup\miss0716\backup\miss0716\backup\miss0716\backup\miss0716\backup\miss0716\backup\miss0716\backup\miss0716\backup\miss0716\backup\miss0716\backup\miss0716\backup\miss0716\backup\miss0716\backup\miss0716\backup\miss0716\backup\miss0716\backup\miss0716\backup\miss0716\backup\miss0716\backup\miss0716\backup\miss0716\backup\miss0716\backup\miss0716\backup\miss0716\backup\miss0716\backup\miss0716\backup\miss0716\backup\miss0716\backup\miss0716\backup\miss0716\backup\miss0716\backup\miss0716\backup\miss0716\backup\miss0716\backup\miss0716\backup\miss0716\backup\miss0716\backup\miss0716\backup\miss0716\backup\miss0716\backup\miss0716\backup\miss0716\backup\miss0716\backup\miss0716\backup\miss0716\backup\miss0716\backup\miss0716\backup\miss0716\backup\miss0716\backup\miss0716\backup\miss0716\backup\miss0716\backup\miss0716\backup\miss0716\backup\miss0716\backup\miss0716\backup\miss0716\backup\miss0716\backup\miss0716\backup\miss0716\backup\miss0716\backup\miss0716\backup\miss0716\backup\miss0716\backup\miss0716\backup\backup_env_log.py,AE98BA3F9F26951D93013529A8E045297DDB3969E146E0C3C00763CEF2511762
C:\clean_rebuild\backup\miss0716\backup\miss0716\backup\miss0716\backup\miss0716\backup\miss0716\backup\miss0716\backup\miss0716\backup\miss0716\backup\miss0716\backup\miss0716\backup\miss0716\backup\miss0716\backup\miss0716\backup\miss0716\backup\miss0716\backup\miss0716\backup\miss0716\backup\miss0716\backup\miss0716\backup\miss0716\backup\miss0716\backup\miss0716\backup\miss0716\backup\miss0716\backup\miss0716\backup\miss0716\backup\miss0716\backup\miss0716\backup\miss0716\backup\miss0716\backup\miss0716\backup\miss0716\backup\miss0716\backup\miss0716\backup\miss0716\backup\miss0716\backup\miss0716\backup\miss0716\backup\miss0716\backup\miss0716\backup\miss0716\backup\miss0716\backup\miss0716\backup\miss0716\backup\miss0716\backup\miss0716\backup\miss0716\backup\miss0716\backup\miss0716\backup\miss0716\backup\miss0716\backup\miss0716\backup\miss0716\backup\miss0716\backup\miss0716\backup\miss0716\backup\miss0716\backup\miss0716\backup\miss0716\backup\miss0716\backup\miss0716\backup\miss0716\backup\miss0716\backup\miss0716\backup\miss0716\backup\miss0716\backup\miss0716\backup\miss0716\backup\miss0716\backup\miss0716\backup\miss0716\backup\miss0716\backup\miss0716\backup\miss0716\backup\miss0716\backup\miss0716\backup\miss0716\backup\miss0716\backup\miss0716\backup\miss0716\backup\miss0716\backup\miss0716\backup\miss0716\backup\backup_env_log_1.py,5DDA5047226AEAEA8079CCE8B7A419B6A3249DB6BE33970E3F54DB335C92BE0F
C:\clean_rebuild\backup\miss0716\backup\miss0716\backup\miss0716\backup\miss0716\backup\miss0716\backup\miss0716\backup\miss0716\backup\miss0716\backup\miss0716\backup\miss0716\backup\miss0716\backup\miss0716\backup\miss0716\backup\miss0716\backup\miss0716\backup\miss0716\backup\miss0716\backup\miss0716\backup\miss0716\backup\miss0716\backup\miss0716\backup\miss0716\backup\miss0716\backup\miss0716\backup\miss0716\backup\miss0716\backup\miss0716\backup\miss0716\backup\miss0716\backup\miss0716\backup\miss0716\backup\miss0716\backup\miss0716\backup\miss0716\backup\miss0716\backup\miss0716\backup\miss0716\backup\miss0716\backup\miss0716\backup\miss0716\backup\miss0716\backup\miss0716\backup\miss0716\backup\miss0716\backup\miss0716\backup\miss0716\backup\miss0716\backup\miss0716\backup\miss0716\backup\miss0716\backup\miss0716\backup\miss0716\backup\miss0716\backup\miss0716\backup\miss0716\backup\miss0716\backup\miss0716\backup\miss0716\backup\miss0716\backup\miss0716\backup\miss0716\backup\miss0716\backup\miss0716\backup\miss0716\backup\miss0716\backup\miss0716\backup\miss0716\backup\miss0716\backup\miss0716\backup\miss0716\backup\miss0716\backup\miss0716\backup\miss0716\backup\miss0716\backup\miss0716\backup\miss0716\backup\miss0716\backup\miss0716\backup\miss0716\backup\miss0716\backup\miss0716\backup\miss0716\backup\miss0716\backup\backup_env_log_2.py,5DDA5047226AEAEA8079CCE8B7A419B6A3249DB6BE33970E3F54DB335C92BE0F
C:\clean_rebuild\backup\miss0716\backup\miss0716\backup\miss0716\backup\miss0716\backup\miss0716\backup\miss0716\backup\miss0716\backup\miss0716\backup\miss0716\backup\miss0716\backup\miss0716\backup\miss0716\backup\miss0716\backup\miss0716\backup\miss0716\backup\miss0716\backup\miss0716\backup\miss0716\backup\miss0716\backup\miss0716\backup\miss0716\backup\miss0716\backup\miss0716\backup\miss0716\backup\miss0716\backup\miss0716\backup\miss0716\backup\miss0716\backup\miss0716\backup\miss0716\backup\miss0716\backup\miss0716\backup\miss0716\backup\miss0716\backup\miss0716\backup\miss0716\backup\miss0716\backup\miss0716\backup\miss0716\backup\miss0716\backup\miss0716\backup\miss0716\backup\miss0716\backup\miss0716\backup\miss0716\backup\miss0716\backup\miss0716\backup\miss0716\backup\miss0716\backup\miss0716\backup\miss0716\backup\miss0716\backup\miss0716\backup\miss0716\backup\miss0716\backup\miss0716\backup\miss0716\backup\miss0716\backup\miss0716\backup\miss0716\backup\miss0716\backup\miss0716\backup\miss0716\backup\miss0716\backup\miss0716\backup\miss0716\backup\miss0716\backup\miss0716\backup\miss0716\backup\miss0716\backup\miss0716\backup\miss0716\backup\miss0716\backup\miss0716\backup\miss0716\backup\miss0716\backup\miss0716\backup\miss0716\backup\miss0716\backup\miss0716\backup\miss0716\backup\miss0716\backup\miss0716\backup\backup_env_log_3.py,5DDA5047226AEAEA8079CCE8B7A419B6A3249DB6BE33970E3F54DB335C92BE0F
C:\clean_rebuild\backup\miss0716\backup\miss0716\backup\miss0716\backup\miss0716\backup\miss0716\backup\miss0716\backup\miss0716\backup\miss0716\backup\miss0716\backup\miss0716\backup\miss0716\backup\miss0716\backup\miss0716\backup\miss0716\backup\miss0716\backup\miss0716\backup\miss0716\backup\miss0716\backup\miss0716\backup\miss0716\backup\miss0716\backup\miss0716\backup\miss0716\backup\miss0716\backup\miss0716\backup\miss0716\backup\miss0716\backup\miss0716\backup\miss0716\backup\miss0716\backup\miss0716\backup\miss0716\backup\miss0716\backup\miss0716\backup\miss0716\backup\miss0716\backup\miss0716\backup\miss0716\backup\miss0716\backup\miss0716\backup\miss0716\backup\miss0716\backup\miss0716\backup\miss0716\backup\miss0716\backup\miss0716\backup\miss0716\backup\miss0716\backup\miss0716\backup\miss0716\backup\miss0716\backup\miss0716\backup\miss0716\backup\miss0716\backup\miss0716\backup\miss0716\backup\miss0716\backup\miss0716\backup\miss0716\backup\miss0716\backup\miss0716\backup\miss0716\backup\miss0716\backup\miss0716\backup\miss0716\backup\miss0716\backup\miss0716\backup\miss0716\backup\miss0716\backup\miss0716\backup\miss0716\backup\miss0716\backup\miss0716\backup\miss0716\backup\miss0716\backup\miss0716\backup\miss0716\backup\miss0716\backup\miss0716\backup\miss0716\backup\miss0716\backup\miss0716\backup\miss0716\backup\backup_env_log_4.py,5DDA5047226AEAEA8079CCE8B7A419B6A3249DB6BE33970E3F54DB335C92BE0F
C:\clean_rebuild\backup\miss0716\backup\miss0716\backup\miss0716\backup\miss0716\backup\miss0716\backup\miss0716\backup\miss0716\backup\miss0716\backup\miss0716\backup\miss0716\backup\miss0716\backup\miss0716\backup\miss0716\backup\miss0716\backup\miss0716\backup\miss0716\backup\miss0716\backup\miss0716\backup\miss0716\backup\miss0716\backup\miss0716\backup\miss0716\backup\miss0716\backup\miss0716\backup\miss0716\backup\miss0716\backup\miss0716\backup\miss0716\backup\miss0716\backup\miss0716\backup\miss0716\backup\miss0716\backup\miss0716\backup\miss0716\backup\miss0716\backup\miss0716\backup\miss0716\backup\miss0716\backup\miss0716\backup\miss0716\backup\miss0716\backup\miss0716\backup\miss0716\backup\miss0716\backup\miss0716\backup\miss0716\backup\miss0716\backup\miss0716\backup\miss0716\backup\miss0716\backup\miss0716\backup\miss0716\backup\miss0716\backup\miss0716\backup\miss0716\backup\miss0716\backup\miss0716\backup\miss0716\backup\miss0716\backup\miss0716\backup\miss0716\backup\miss0716\backup\miss0716\backup\miss0716\backup\miss0716\backup\miss0716\backup\miss0716\backup\miss0716\backup\miss0716\backup\miss0716\backup\miss0716\backup\miss0716\backup\miss0716\backup\miss0716\backup\miss0716\backup\miss0716\backup\miss0716\backup\miss0716\backup\miss0716\backup\miss0716\backup\miss0716\backup\miss0716\backup\miss0716\backup\backup_env_log_5.py,5DDA5047226AEAEA8079CCE8B7A419B6A3249DB6BE33970E3F54DB335C92BE0F
C:\clean_rebuild\backup\miss0716\backup\miss0716\backup\miss0716\backup\miss0716\backup\miss0716\backup\miss0716\backup\miss0716\backup\miss0716\backup\miss0716\backup\miss0716\backup\miss0716\backup\miss0716\backup\miss0716\backup\miss0716\backup\miss0716\backup\miss0716\backup\miss0716\backup\miss0716\backup\miss0716\backup\miss0716\backup\miss0716\backup\miss0716\backup\miss0716\backup\miss0716\backup\miss0716\backup\miss0716\backup\miss0716\backup\miss0716\backup\miss0716\backup\miss0716\backup\miss0716\backup\miss0716\backup\miss0716\backup\miss0716\backup\miss0716\backup\miss0716\backup\miss0716\backup\miss0716\backup\miss0716\backup\miss0716\backup\miss0716\backup\miss0716\backup\miss0716\backup\miss0716\backup\miss0716\backup\miss0716\backup\miss0716\backup\miss0716\backup\miss0716\backup\miss0716\backup\miss0716\backup\miss0716\backup\miss0716\backup\miss0716\backup\miss0716\backup\miss0716\backup\miss0716\backup\miss0716\backup\miss0716\backup\miss0716\backup\miss0716\backup\miss0716\backup\miss0716\backup\miss0716\backup\miss0716\backup\miss0716\backup\miss0716\backup\miss0716\backup\miss0716\backup\miss0716\backup\miss0716\backup\miss0716\backup\miss0716\backup\miss0716\backup\miss0716\backup\miss0716\backup\miss0716\backup\miss0716\backup\miss0716\backup\miss0716\backup\miss0716\backup\miss0716\backup\miss0716\backup\backup_env_log_6.py,5DDA5047226AEAEA8079CCE8B7A419B6A3249DB6BE33970E3F54DB335C92BE0F
C:\clean_rebuild\backup\miss0716\backup\miss0716\backup\miss0716\backup\miss0716\backup\miss0716\backup\miss0716\backup\miss0716\backup\miss0716\backup\miss0716\backup\miss0716\backup\miss0716\backup\miss0716\backup\miss0716\backup\miss0716\backup\miss0716\backup\miss0716\backup\miss0716\backup\miss0716\backup\miss0716\backup\miss0716\backup\miss0716\backup\miss0716\backup\miss0716\backup\miss0716\backup\miss0716\backup\miss0716\backup\miss0716\backup\miss0716\backup\miss0716\backup\miss0716\backup\miss0716\backup\miss0716\backup\miss0716\backup\miss0716\backup\miss0716\backup\miss0716\backup\miss0716\backup\miss0716\backup\miss0716\backup\miss0716\backup\miss0716\backup\miss0716\backup\miss0716\backup\miss0716\backup\miss0716\backup\miss0716\backup\miss0716\backup\miss0716\backup\miss0716\backup\miss0716\backup\miss0716\backup\miss0716\backup\miss0716\backup\miss0716\backup\miss0716\backup\miss0716\backup\miss0716\backup\miss0716\backup\miss0716\backup\miss0716\backup\miss0716\backup\miss0716\backup\miss0716\backup\miss0716\backup\miss0716\backup\miss0716\backup\miss0716\backup\miss0716\backup\miss0716\backup\miss0716\backup\miss0716\backup\miss0716\backup\miss0716\backup\miss0716\backup\miss0716\backup\miss0716\backup\miss0716\backup\miss0716\backup\miss0716\backup\miss0716\backup\miss0716\backup\miss0716\backup\miss0716\backup\backup_exported_excel.py,A948AEE32ED7B9F9C4B11A747912BC0643685696180EA825AE1DA1F66AFF5159
C:\clean_rebuild\backup\miss0716\backup\miss0716\backup\miss0716\backup\miss0716\backup\miss0716\backup\miss0716\backup\miss0716\backup\miss0716\backup\miss0716\backup\miss0716\backup\miss0716\backup\miss0716\backup\miss0716\backup\miss0716\backup\miss0716\backup\miss0716\backup\miss0716\backup\miss0716\backup\miss0716\backup\miss0716\backup\miss0716\backup\miss0716\backup\miss0716\backup\miss0716\backup\miss0716\backup\miss0716\backup\miss0716\backup\miss0716\backup\miss0716\backup\miss0716\backup\miss0716\backup\miss0716\backup\miss0716\backup\miss0716\backup\miss0716\backup\miss0716\backup\miss0716\backup\miss0716\backup\miss0716\backup\miss0716\backup\miss0716\backup\miss0716\backup\miss0716\backup\miss0716\backup\miss0716\backup\miss0716\backup\miss0716\backup\miss0716\backup\miss0716\backup\miss0716\backup\miss0716\backup\miss0716\backup\miss0716\backup\miss0716\backup\miss0716\backup\miss0716\backup\miss0716\backup\miss0716\backup\miss0716\backup\miss0716\backup\miss0716\backup\miss0716\backup\miss0716\backup\miss0716\backup\miss0716\backup\miss0716\backup\miss0716\backup\miss0716\backup\miss0716\backup\miss0716\backup\miss0716\backup\miss0716\backup\miss0716\backup\miss0716\backup\miss0716\backup\miss0716\backup\miss0716\backup\miss0716\backup\miss0716\backup\miss0716\backup\miss0716\backup\miss0716\backup\miss0716\backup\backup_exported_excel_1.py,D9DBF8E59710392921CE860935486C477F463C75589D5930A09045F2B8D31A7D
C:\clean_rebuild\backup\miss0716\backup\miss0716\backup\miss0716\backup\miss0716\backup\miss0716\backup\miss0716\backup\miss0716\backup\miss0716\backup\miss0716\backup\miss0716\backup\miss0716\backup\miss0716\backup\miss0716\backup\miss0716\backup\miss0716\backup\miss0716\backup\miss0716\backup\miss0716\backup\miss0716\backup\miss0716\backup\miss0716\backup\miss0716\backup\miss0716\backup\miss0716\backup\miss0716\backup\miss0716\backup\miss0716\backup\miss0716\backup\miss0716\backup\miss0716\backup\miss0716\backup\miss0716\backup\miss0716\backup\miss0716\backup\miss0716\backup\miss0716\backup\miss0716\backup\miss0716\backup\miss0716\backup\miss0716\backup\miss0716\backup\miss0716\backup\miss0716\backup\miss0716\backup\miss0716\backup\miss0716\backup\miss0716\backup\miss0716\backup\miss0716\backup\miss0716\backup\miss0716\backup\miss0716\backup\miss0716\backup\miss0716\backup\miss0716\backup\miss0716\backup\miss0716\backup\miss0716\backup\miss0716\backup\miss0716\backup\miss0716\backup\miss0716\backup\miss0716\backup\miss0716\backup\miss0716\backup\miss0716\backup\miss0716\backup\miss0716\backup\miss0716\backup\miss0716\backup\miss0716\backup\miss0716\backup\miss0716\backup\miss0716\backup\miss0716\backup\miss0716\backup\miss0716\backup\miss0716\backup\miss0716\backup\miss0716\backup\miss0716\backup\miss0716\backup\miss0716\backup\backup_exported_excel_2.py,D9DBF8E59710392921CE860935486C477F463C75589D5930A09045F2B8D31A7D
C:\clean_rebuild\backup\miss0716\backup\miss0716\backup\miss0716\backup\miss0716\backup\miss0716\backup\miss0716\backup\miss0716\backup\miss0716\backup\miss0716\backup\miss0716\backup\miss0716\backup\miss0716\backup\miss0716\backup\miss0716\backup\miss0716\backup\miss0716\backup\miss0716\backup\miss0716\backup\miss0716\backup\miss0716\backup\miss0716\backup\miss0716\backup\miss0716\backup\miss0716\backup\miss0716\backup\miss0716\backup\miss0716\backup\miss0716\backup\miss0716\backup\miss0716\backup\miss0716\backup\miss0716\backup\miss0716\backup\miss0716\backup\miss0716\backup\miss0716\backup\miss0716\backup\miss0716\backup\miss0716\backup\miss0716\backup\miss0716\backup\miss0716\backup\miss0716\backup\miss0716\backup\miss0716\backup\miss0716\backup\miss0716\backup\miss0716\backup\miss0716\backup\miss0716\backup\miss0716\backup\miss0716\backup\miss0716\backup\miss0716\backup\miss0716\backup\miss0716\backup\miss0716\backup\miss0716\backup\miss0716\backup\miss0716\backup\miss0716\backup\miss0716\backup\miss0716\backup\miss0716\backup\miss0716\backup\miss0716\backup\miss0716\backup\miss0716\backup\miss0716\backup\miss0716\backup\miss0716\backup\miss0716\backup\miss0716\backup\miss0716\backup\miss0716\backup\miss0716\backup\miss0716\backup\miss0716\backup\miss0716\backup\miss0716\backup\miss0716\backup\miss0716\backup\miss0716\backup\backup_exported_excel_3.py,D9DBF8E59710392921CE860935486C477F463C75589D5930A09045F2B8D31A7D
C:\clean_rebuild\backup\miss0716\backup\miss0716\backup\miss0716\backup\miss0716\backup\miss0716\backup\miss0716\backup\miss0716\backup\miss0716\backup\miss0716\backup\miss0716\backup\miss0716\backup\miss0716\backup\miss0716\backup\miss0716\backup\miss0716\backup\miss0716\backup\miss0716\backup\miss0716\backup\miss0716\backup\miss0716\backup\miss0716\backup\miss0716\backup\miss0716\backup\miss0716\backup\miss0716\backup\miss0716\backup\miss0716\backup\miss0716\backup\miss0716\backup\miss0716\backup\miss0716\backup\miss0716\backup\miss0716\backup\miss0716\backup\miss0716\backup\miss0716\backup\miss0716\backup\miss0716\backup\miss0716\backup\miss0716\backup\miss0716\backup\miss0716\backup\miss0716\backup\miss0716\backup\miss0716\backup\miss0716\backup\miss0716\backup\miss0716\backup\miss0716\backup\miss0716\backup\miss0716\backup\miss0716\backup\miss0716\backup\miss0716\backup\miss0716\backup\miss0716\backup\miss0716\backup\miss0716\backup\miss0716\backup\miss0716\backup\miss0716\backup\miss0716\backup\miss0716\backup\miss0716\backup\miss0716\backup\miss0716\backup\miss0716\backup\miss0716\backup\miss0716\backup\miss0716\backup\miss0716\backup\miss0716\backup\miss0716\backup\miss0716\backup\miss0716\backup\miss0716\backup\miss0716\backup\miss0716\backup\miss0716\backup\miss0716\backup\miss0716\backup\miss0716\backup\miss0716\backup\backup_exported_excel_4.py,D9DBF8E59710392921CE860935486C477F463C75589D5930A09045F2B8D31A7D
C:\clean_rebuild\backup\miss0716\backup\miss0716\backup\miss0716\backup\miss0716\backup\miss0716\backup\miss0716\backup\miss0716\backup\miss0716\backup\miss0716\backup\miss0716\backup\miss0716\backup\miss0716\backup\miss0716\backup\miss0716\backup\miss0716\backup\miss0716\backup\miss0716\backup\miss0716\backup\miss0716\backup\miss0716\backup\miss0716\backup\miss0716\backup\miss0716\backup\miss0716\backup\miss0716\backup\miss0716\backup\miss0716\backup\miss0716\backup\miss0716\backup\miss0716\backup\miss0716\backup\miss0716\backup\miss0716\backup\miss0716\backup\miss0716\backup\miss0716\backup\miss0716\backup\miss0716\backup\miss0716\backup\miss0716\backup\miss0716\backup\miss0716\backup\miss0716\backup\miss0716\backup\miss0716\backup\miss0716\backup\miss0716\backup\miss0716\backup\miss0716\backup\miss0716\backup\miss0716\backup\miss0716\backup\miss0716\backup\miss0716\backup\miss0716\backup\miss0716\backup\miss0716\backup\miss0716\backup\miss0716\backup\miss0716\backup\miss0716\backup\miss0716\backup\miss0716\backup\miss0716\backup\miss0716\backup\miss0716\backup\miss0716\backup\miss0716\backup\miss0716\backup\miss0716\backup\miss0716\backup\miss0716\backup\miss0716\backup\miss0716\backup\miss0716\backup\miss0716\backup\miss0716\backup\miss0716\backup\miss0716\backup\miss0716\backup\miss0716\backup\miss0716\backup\miss0716\backup\backup_exported_excel_5.py,D9DBF8E59710392921CE860935486C477F463C75589D5930A09045F2B8D31A7D
C:\clean_rebuild\backup\miss0716\backup\miss0716\backup\miss0716\backup\miss0716\backup\miss0716\backup\miss0716\backup\miss0716\backup\miss0716\backup\miss0716\backup\miss0716\backup\miss0716\backup\miss0716\backup\miss0716\backup\miss0716\backup\miss0716\backup\miss0716\backup\miss0716\backup\miss0716\backup\miss0716\backup\miss0716\backup\miss0716\backup\miss0716\backup\miss0716\backup\miss0716\backup\miss0716\backup\miss0716\backup\miss0716\backup\miss0716\backup\miss0716\backup\miss0716\backup\miss0716\backup\miss0716\backup\miss0716\backup\miss0716\backup\miss0716\backup\miss0716\backup\miss0716\backup\miss0716\backup\miss0716\backup\miss0716\backup\miss0716\backup\miss0716\backup\miss0716\backup\miss0716\backup\miss0716\backup\miss0716\backup\miss0716\backup\miss0716\backup\miss0716\backup\miss0716\backup\miss0716\backup\miss0716\backup\miss0716\backup\miss0716\backup\miss0716\backup\miss0716\backup\miss0716\backup\miss0716\backup\miss0716\backup\miss0716\backup\miss0716\backup\miss0716\backup\miss0716\backup\miss0716\backup\miss0716\backup\miss0716\backup\miss0716\backup\miss0716\backup\miss0716\backup\miss0716\backup\miss0716\backup\miss0716\backup\miss0716\backup\miss0716\backup\miss0716\backup\miss0716\backup\miss0716\backup\miss0716\backup\miss0716\backup\miss0716\backup\miss0716\backup\miss0716\backup\miss0716\backup\backup_exported_excel_6.py,D9DBF8E59710392921CE860935486C477F463C75589D5930A09045F2B8D31A7D
C:\clean_rebuild\backup\miss0716\backup\miss0716\backup\miss0716\backup\miss0716\backup\miss0716\backup\miss0716\backup\miss0716\backup\miss0716\backup\miss0716\backup\miss0716\backup\miss0716\backup\miss0716\backup\miss0716\backup\miss0716\backup\miss0716\backup\miss0716\backup\miss0716\backup\miss0716\backup\miss0716\backup\miss0716\backup\miss0716\backup\miss0716\backup\miss0716\backup\miss0716\backup\miss0716\backup\miss0716\backup\miss0716\backup\miss0716\backup\miss0716\backup\miss0716\backup\miss0716\backup\miss0716\backup\miss0716\backup\miss0716\backup\miss0716\backup\miss0716\backup\miss0716\backup\miss0716\backup\miss0716\backup\miss0716\backup\miss0716\backup\miss0716\backup\miss0716\backup\miss0716\backup\miss0716\backup\miss0716\backup\miss0716\backup\miss0716\backup\miss0716\backup\miss0716\backup\miss0716\backup\miss0716\backup\miss0716\backup\miss0716\backup\miss0716\backup\miss0716\backup\miss0716\backup\miss0716\backup\miss0716\backup\miss0716\backup\miss0716\backup\miss0716\backup\miss0716\backup\miss0716\backup\miss0716\backup\miss0716\backup\miss0716\backup\miss0716\backup\miss0716\backup\miss0716\backup\miss0716\backup\miss0716\backup\miss0716\backup\miss0716\backup\miss0716\backup\miss0716\backup\miss0716\backup\miss0716\backup\miss0716\backup\miss0716\backup\miss0716\backup\miss0716\backup\miss0716\backup\backup_full_db.py,D13FFF9F638C7CAB7026F30214B414D81231457EE9787B0C0A02F53D41E72BDB
C:\clean_rebuild\backup\miss0716\backup\miss0716\backup\miss0716\backup\miss0716\backup\miss0716\backup\miss0716\backup\miss0716\backup\miss0716\backup\miss0716\backup\miss0716\backup\miss0716\backup\miss0716\backup\miss0716\backup\miss0716\backup\miss0716\backup\miss0716\backup\miss0716\backup\miss0716\backup\miss0716\backup\miss0716\backup\miss0716\backup\miss0716\backup\miss0716\backup\miss0716\backup\miss0716\backup\miss0716\backup\miss0716\backup\miss0716\backup\miss0716\backup\miss0716\backup\miss0716\backup\miss0716\backup\miss0716\backup\miss0716\backup\miss0716\backup\miss0716\backup\miss0716\backup\miss0716\backup\miss0716\backup\miss0716\backup\miss0716\backup\miss0716\backup\miss0716\backup\miss0716\backup\miss0716\backup\miss0716\backup\miss0716\backup\miss0716\backup\miss0716\backup\miss0716\backup\miss0716\backup\miss0716\backup\miss0716\backup\miss0716\backup\miss0716\backup\miss0716\backup\miss0716\backup\miss0716\backup\miss0716\backup\miss0716\backup\miss0716\backup\miss0716\backup\miss0716\backup\miss0716\backup\miss0716\backup\miss0716\backup\miss0716\backup\miss0716\backup\miss0716\backup\miss0716\backup\miss0716\backup\miss0716\backup\miss0716\backup\miss0716\backup\miss0716\backup\miss0716\backup\miss0716\backup\miss0716\backup\miss0716\backup\miss0716\backup\miss0716\backup\miss0716\backup\miss0716\backup\backup_network_log.py,8C35538FE12985C6AAB6311705D3988CC294DCCF31EE8C73683044AF11CCC1A2
C:\clean_rebuild\backup\miss0716\backup\miss0716\backup\miss0716\backup\miss0716\backup\miss0716\backup\miss0716\backup\miss0716\backup\miss0716\backup\miss0716\backup\miss0716\backup\miss0716\backup\miss0716\backup\miss0716\backup\miss0716\backup\miss0716\backup\miss0716\backup\miss0716\backup\miss0716\backup\miss0716\backup\miss0716\backup\miss0716\backup\miss0716\backup\miss0716\backup\miss0716\backup\miss0716\backup\miss0716\backup\miss0716\backup\miss0716\backup\miss0716\backup\miss0716\backup\miss0716\backup\miss0716\backup\miss0716\backup\miss0716\backup\miss0716\backup\miss0716\backup\miss0716\backup\miss0716\backup\miss0716\backup\miss0716\backup\miss0716\backup\miss0716\backup\miss0716\backup\miss0716\backup\miss0716\backup\miss0716\backup\miss0716\backup\miss0716\backup\miss0716\backup\miss0716\backup\miss0716\backup\miss0716\backup\miss0716\backup\miss0716\backup\miss0716\backup\miss0716\backup\miss0716\backup\miss0716\backup\miss0716\backup\miss0716\backup\miss0716\backup\miss0716\backup\miss0716\backup\miss0716\backup\miss0716\backup\miss0716\backup\miss0716\backup\miss0716\backup\miss0716\backup\miss0716\backup\miss0716\backup\miss0716\backup\miss0716\backup\miss0716\backup\miss0716\backup\miss0716\backup\miss0716\backup\miss0716\backup\miss0716\backup\miss0716\backup\miss0716\backup\miss0716\backup\miss0716\backup\backup_network_log_1.py,DA7F4B66C1DD242DBBC1C7DC1B23D161975CC9AFBA371B3EEF05532E1C343D3F
C:\clean_rebuild\backup\miss0716\backup\miss0716\backup\miss0716\backup\miss0716\backup\miss0716\backup\miss0716\backup\miss0716\backup\miss0716\backup\miss0716\backup\miss0716\backup\miss0716\backup\miss0716\backup\miss0716\backup\miss0716\backup\miss0716\backup\miss0716\backup\miss0716\backup\miss0716\backup\miss0716\backup\miss0716\backup\miss0716\backup\miss0716\backup\miss0716\backup\miss0716\backup\miss0716\backup\miss0716\backup\miss0716\backup\miss0716\backup\miss0716\backup\miss0716\backup\miss0716\backup\miss0716\backup\miss0716\backup\miss0716\backup\miss0716\backup\miss0716\backup\miss0716\backup\miss0716\backup\miss0716\backup\miss0716\backup\miss0716\backup\miss0716\backup\miss0716\backup\miss0716\backup\miss0716\backup\miss0716\backup\miss0716\backup\miss0716\backup\miss0716\backup\miss0716\backup\miss0716\backup\miss0716\backup\miss0716\backup\miss0716\backup\miss0716\backup\miss0716\backup\miss0716\backup\miss0716\backup\miss0716\backup\miss0716\backup\miss0716\backup\miss0716\backup\miss0716\backup\miss0716\backup\miss0716\backup\miss0716\backup\miss0716\backup\miss0716\backup\miss0716\backup\miss0716\backup\miss0716\backup\miss0716\backup\miss0716\backup\miss0716\backup\miss0716\backup\miss0716\backup\miss0716\backup\miss0716\backup\miss0716\backup\miss0716\backup\miss0716\backup\miss0716\backup\miss0716\backup\backup_network_log_2.py,DA7F4B66C1DD242DBBC1C7DC1B23D161975CC9AFBA371B3EEF05532E1C343D3F
C:\clean_rebuild\backup\miss0716\backup\miss0716\backup\miss0716\backup\miss0716\backup\miss0716\backup\miss0716\backup\miss0716\backup\miss0716\backup\miss0716\backup\miss0716\backup\miss0716\backup\miss0716\backup\miss0716\backup\miss0716\backup\miss0716\backup\miss0716\backup\miss0716\backup\miss0716\backup\miss0716\backup\miss0716\backup\miss0716\backup\miss0716\backup\miss0716\backup\miss0716\backup\miss0716\backup\miss0716\backup\miss0716\backup\miss0716\backup\miss0716\backup\miss0716\backup\miss0716\backup\miss0716\backup\miss0716\backup\miss0716\backup\miss0716\backup\miss0716\backup\miss0716\backup\miss0716\backup\miss0716\backup\miss0716\backup\miss0716\backup\miss0716\backup\miss0716\backup\miss0716\backup\miss0716\backup\miss0716\backup\miss0716\backup\miss0716\backup\miss0716\backup\miss0716\backup\miss0716\backup\miss0716\backup\miss0716\backup\miss0716\backup\miss0716\backup\miss0716\backup\miss0716\backup\miss0716\backup\miss0716\backup\miss0716\backup\miss0716\backup\miss0716\backup\miss0716\backup\miss0716\backup\miss0716\backup\miss0716\backup\miss0716\backup\miss0716\backup\miss0716\backup\miss0716\backup\miss0716\backup\miss0716\backup\miss0716\backup\miss0716\backup\miss0716\backup\miss0716\backup\miss0716\backup\miss0716\backup\miss0716\backup\miss0716\backup\miss0716\backup\miss0716\backup\miss0716\backup\backup_network_log_3.py,DA7F4B66C1DD242DBBC1C7DC1B23D161975CC9AFBA371B3EEF05532E1C343D3F
C:\clean_rebuild\backup\miss0716\backup\miss0716\backup\miss0716\backup\miss0716\backup\miss0716\backup\miss0716\backup\miss0716\backup\miss0716\backup\miss0716\backup\miss0716\backup\miss0716\backup\miss0716\backup\miss0716\backup\miss0716\backup\miss0716\backup\miss0716\backup\miss0716\backup\miss0716\backup\miss0716\backup\miss0716\backup\miss0716\backup\miss0716\backup\miss0716\backup\miss0716\backup\miss0716\backup\miss0716\backup\miss0716\backup\miss0716\backup\miss0716\backup\miss0716\backup\miss0716\backup\miss0716\backup\miss0716\backup\miss0716\backup\miss0716\backup\miss0716\backup\miss0716\backup\miss0716\backup\miss0716\backup\miss0716\backup\miss0716\backup\miss0716\backup\miss0716\backup\miss0716\backup\miss0716\backup\miss0716\backup\miss0716\backup\miss0716\backup\miss0716\backup\miss0716\backup\miss0716\backup\miss0716\backup\miss0716\backup\miss0716\backup\miss0716\backup\miss0716\backup\miss0716\backup\miss0716\backup\miss0716\backup\miss0716\backup\miss0716\backup\miss0716\backup\miss0716\backup\miss0716\backup\miss0716\backup\miss0716\backup\miss0716\backup\miss0716\backup\miss0716\backup\miss0716\backup\miss0716\backup\miss0716\backup\miss0716\backup\miss0716\backup\miss0716\backup\miss0716\backup\miss0716\backup\miss0716\backup\miss0716\backup\miss0716\backup\miss0716\backup\miss0716\backup\miss0716\backup\backup_network_log_4.py,DA7F4B66C1DD242DBBC1C7DC1B23D161975CC9AFBA371B3EEF05532E1C343D3F
C:\clean_rebuild\backup\miss0716\backup\miss0716\backup\miss0716\backup\miss0716\backup\miss0716\backup\miss0716\backup\miss0716\backup\miss0716\backup\miss0716\backup\miss0716\backup\miss0716\backup\miss0716\backup\miss0716\backup\miss0716\backup\miss0716\backup\miss0716\backup\miss0716\backup\miss0716\backup\miss0716\backup\miss0716\backup\miss0716\backup\miss0716\backup\miss0716\backup\miss0716\backup\miss0716\backup\miss0716\backup\miss0716\backup\miss0716\backup\miss0716\backup\miss0716\backup\miss0716\backup\miss0716\backup\miss0716\backup\miss0716\backup\miss0716\backup\miss0716\backup\miss0716\backup\miss0716\backup\miss0716\backup\miss0716\backup\miss0716\backup\miss0716\backup\miss0716\backup\miss0716\backup\miss0716\backup\miss0716\backup\miss0716\backup\miss0716\backup\miss0716\backup\miss0716\backup\miss0716\backup\miss0716\backup\miss0716\backup\miss0716\backup\miss0716\backup\miss0716\backup\miss0716\backup\miss0716\backup\miss0716\backup\miss0716\backup\miss0716\backup\miss0716\backup\miss0716\backup\miss0716\backup\miss0716\backup\miss0716\backup\miss0716\backup\miss0716\backup\miss0716\backup\miss0716\backup\miss0716\backup\miss0716\backup\miss0716\backup\miss0716\backup\miss0716\backup\miss0716\backup\miss0716\backup\miss0716\backup\miss0716\backup\miss0716\backup\miss0716\backup\miss0716\backup\miss0716\backup\backup_network_log_5.py,DA7F4B66C1DD242DBBC1C7DC1B23D161975CC9AFBA371B3EEF05532E1C343D3F
C:\clean_rebuild\backup\miss0716\backup\miss0716\backup\miss0716\backup\miss0716\backup\miss0716\backup\miss0716\backup\miss0716\backup\miss0716\backup\miss0716\backup\miss0716\backup\miss0716\backup\miss0716\backup\miss0716\backup\miss0716\backup\miss0716\backup\miss0716\backup\miss0716\backup\miss0716\backup\miss0716\backup\miss0716\backup\miss0716\backup\miss0716\backup\miss0716\backup\miss0716\backup\miss0716\backup\miss0716\backup\miss0716\backup\miss0716\backup\miss0716\backup\miss0716\backup\miss0716\backup\miss0716\backup\miss0716\backup\miss0716\backup\miss0716\backup\miss0716\backup\miss0716\backup\miss0716\backup\miss0716\backup\miss0716\backup\miss0716\backup\miss0716\backup\miss0716\backup\miss0716\backup\miss0716\backup\miss0716\backup\miss0716\backup\miss0716\backup\miss0716\backup\miss0716\backup\miss0716\backup\miss0716\backup\miss0716\backup\miss0716\backup\miss0716\backup\miss0716\backup\miss0716\backup\miss0716\backup\miss0716\backup\miss0716\backup\miss0716\backup\miss0716\backup\miss0716\backup\miss0716\backup\miss0716\backup\miss0716\backup\miss0716\backup\miss0716\backup\miss0716\backup\miss0716\backup\miss0716\backup\miss0716\backup\miss0716\backup\miss0716\backup\miss0716\backup\miss0716\backup\miss0716\backup\miss0716\backup\miss0716\backup\miss0716\backup\miss0716\backup\miss0716\backup\miss0716\backup\backup_network_log_6.py,DA7F4B66C1DD242DBBC1C7DC1B23D161975CC9AFBA371B3EEF05532E1C343D3F
C:\clean_rebuild\backup\miss0716\backup\miss0716\backup\miss0716\backup\miss0716\backup\miss0716\backup\miss0716\backup\miss0716\backup\miss0716\backup\miss0716\backup\miss0716\backup\miss0716\backup\miss0716\backup\miss0716\backup\miss0716\backup\miss0716\backup\miss0716\backup\miss0716\backup\miss0716\backup\miss0716\backup\miss0716\backup\miss0716\backup\miss0716\backup\miss0716\backup\miss0716\backup\miss0716\backup\miss0716\backup\miss0716\backup\miss0716\backup\miss0716\backup\miss0716\backup\miss0716\backup\miss0716\backup\miss0716\backup\miss0716\backup\miss0716\backup\miss0716\backup\miss0716\backup\miss0716\backup\miss0716\backup\miss0716\backup\miss0716\backup\miss0716\backup\miss0716\backup\miss0716\backup\miss0716\backup\miss0716\backup\miss0716\backup\miss0716\backup\miss0716\backup\miss0716\backup\miss0716\backup\miss0716\backup\miss0716\backup\miss0716\backup\miss0716\backup\miss0716\backup\miss0716\backup\miss0716\backup\miss0716\backup\miss0716\backup\miss0716\backup\miss0716\backup\miss0716\backup\miss0716\backup\miss0716\backup\miss0716\backup\miss0716\backup\miss0716\backup\miss0716\backup\miss0716\backup\miss0716\backup\miss0716\backup\miss0716\backup\miss0716\backup\miss0716\backup\miss0716\backup\miss0716\backup\miss0716\backup\miss0716\backup\miss0716\backup\miss0716\backup\miss0716\backup\miss0716\backup\backup_session_log.py,F905797387077C9EEE3930A5CCB3DD244EA6006849D38A91BFC339554B686485
C:\clean_rebuild\backup\miss0716\backup\miss0716\backup\miss0716\backup\miss0716\backup\miss0716\backup\miss0716\backup\miss0716\backup\miss0716\backup\miss0716\backup\miss0716\backup\miss0716\backup\miss0716\backup\miss0716\backup\miss0716\backup\miss0716\backup\miss0716\backup\miss0716\backup\miss0716\backup\miss0716\backup\miss0716\backup\miss0716\backup\miss0716\backup\miss0716\backup\miss0716\backup\miss0716\backup\miss0716\backup\miss0716\backup\miss0716\backup\miss0716\backup\miss0716\backup\miss0716\backup\miss0716\backup\miss0716\backup\miss0716\backup\miss0716\backup\miss0716\backup\miss0716\backup\miss0716\backup\miss0716\backup\miss0716\backup\miss0716\backup\miss0716\backup\miss0716\backup\miss0716\backup\miss0716\backup\miss0716\backup\miss0716\backup\miss0716\backup\miss0716\backup\miss0716\backup\miss0716\backup\miss0716\backup\miss0716\backup\miss0716\backup\miss0716\backup\miss0716\backup\miss0716\backup\miss0716\backup\miss0716\backup\miss0716\backup\miss0716\backup\miss0716\backup\miss0716\backup\miss0716\backup\miss0716\backup\miss0716\backup\miss0716\backup\miss0716\backup\miss0716\backup\miss0716\backup\miss0716\backup\miss0716\backup\miss0716\backup\miss0716\backup\miss0716\backup\miss0716\backup\miss0716\backup\miss0716\backup\miss0716\backup\miss0716\backup\miss0716\backup\miss0716\backup\miss0716\backup\backup_session_log_1.py,DE9F250726D1C448C3E57DFA2B73C31C5BCF5296F5292147942E37298DA4BD91
C:\clean_rebuild\backup\miss0716\backup\miss0716\backup\miss0716\backup\miss0716\backup\miss0716\backup\miss0716\backup\miss0716\backup\miss0716\backup\miss0716\backup\miss0716\backup\miss0716\backup\miss0716\backup\miss0716\backup\miss0716\backup\miss0716\backup\miss0716\backup\miss0716\backup\miss0716\backup\miss0716\backup\miss0716\backup\miss0716\backup\miss0716\backup\miss0716\backup\miss0716\backup\miss0716\backup\miss0716\backup\miss0716\backup\miss0716\backup\miss0716\backup\miss0716\backup\miss0716\backup\miss0716\backup\miss0716\backup\miss0716\backup\miss0716\backup\miss0716\backup\miss0716\backup\miss0716\backup\miss0716\backup\miss0716\backup\miss0716\backup\miss0716\backup\miss0716\backup\miss0716\backup\miss0716\backup\miss0716\backup\miss0716\backup\miss0716\backup\miss0716\backup\miss0716\backup\miss0716\backup\miss0716\backup\miss0716\backup\miss0716\backup\miss0716\backup\miss0716\backup\miss0716\backup\miss0716\backup\miss0716\backup\miss0716\backup\miss0716\backup\miss0716\backup\miss0716\backup\miss0716\backup\miss0716\backup\miss0716\backup\miss0716\backup\miss0716\backup\miss0716\backup\miss0716\backup\miss0716\backup\miss0716\backup\miss0716\backup\miss0716\backup\miss0716\backup\miss0716\backup\miss0716\backup\miss0716\backup\miss0716\backup\miss0716\backup\miss0716\backup\miss0716\backup\miss0716\backup\backup_session_log_2.py,DE9F250726D1C448C3E57DFA2B73C31C5BCF5296F5292147942E37298DA4BD91
C:\clean_rebuild\backup\miss0716\backup\miss0716\backup\miss0716\backup\miss0716\backup\miss0716\backup\miss0716\backup\miss0716\backup\miss0716\backup\miss0716\backup\miss0716\backup\miss0716\backup\miss0716\backup\miss0716\backup\miss0716\backup\miss0716\backup\miss0716\backup\miss0716\backup\miss0716\backup\miss0716\backup\miss0716\backup\miss0716\backup\miss0716\backup\miss0716\backup\miss0716\backup\miss0716\backup\miss0716\backup\miss0716\backup\miss0716\backup\miss0716\backup\miss0716\backup\miss0716\backup\miss0716\backup\miss0716\backup\miss0716\backup\miss0716\backup\miss0716\backup\miss0716\backup\miss0716\backup\miss0716\backup\miss0716\backup\miss0716\backup\miss0716\backup\miss0716\backup\miss0716\backup\miss0716\backup\miss0716\backup\miss0716\backup\miss0716\backup\miss0716\backup\miss0716\backup\miss0716\backup\miss0716\backup\miss0716\backup\miss0716\backup\miss0716\backup\miss0716\backup\miss0716\backup\miss0716\backup\miss0716\backup\miss0716\backup\miss0716\backup\miss0716\backup\miss0716\backup\miss0716\backup\miss0716\backup\miss0716\backup\miss0716\backup\miss0716\backup\miss0716\backup\miss0716\backup\miss0716\backup\miss0716\backup\miss0716\backup\miss0716\backup\miss0716\backup\miss0716\backup\miss0716\backup\miss0716\backup\miss0716\backup\miss0716\backup\miss0716\backup\miss0716\backup\miss0716\backup\backup_session_log_3.py,DE9F250726D1C448C3E57DFA2B73C31C5BCF5296F5292147942E37298DA4BD91
C:\clean_rebuild\backup\miss0716\backup\miss0716\backup\miss0716\backup\miss0716\backup\miss0716\backup\miss0716\backup\miss0716\backup\miss0716\backup\miss0716\backup\miss0716\backup\miss0716\backup\miss0716\backup\miss0716\backup\miss0716\backup\miss0716\backup\miss0716\backup\miss0716\backup\miss0716\backup\miss0716\backup\miss0716\backup\miss0716\backup\miss0716\backup\miss0716\backup\miss0716\backup\miss0716\backup\miss0716\backup\miss0716\backup\miss0716\backup\miss0716\backup\miss0716\backup\miss0716\backup\miss0716\backup\miss0716\backup\miss0716\backup\miss0716\backup\miss0716\backup\miss0716\backup\miss0716\backup\miss0716\backup\miss0716\backup\miss0716\backup\miss0716\backup\miss0716\backup\miss0716\backup\miss0716\backup\miss0716\backup\miss0716\backup\miss0716\backup\miss0716\backup\miss0716\backup\miss0716\backup\miss0716\backup\miss0716\backup\miss0716\backup\miss0716\backup\miss0716\backup\miss0716\backup\miss0716\backup\miss0716\backup\miss0716\backup\miss0716\backup\miss0716\backup\miss0716\backup\miss0716\backup\miss0716\backup\miss0716\backup\miss0716\backup\miss0716\backup\miss0716\backup\miss0716\backup\miss0716\backup\miss0716\backup\miss0716\backup\miss0716\backup\miss0716\backup\miss0716\backup\miss0716\backup\miss0716\backup\miss0716\backup\miss0716\backup\miss0716\backup\miss0716\backup\miss0716\backup\backup_session_log_4.py,DE9F250726D1C448C3E57DFA2B73C31C5BCF5296F5292147942E37298DA4BD91
C:\clean_rebuild\backup\miss0716\backup\miss0716\backup\miss0716\backup\miss0716\backup\miss0716\backup\miss0716\backup\miss0716\backup\miss0716\backup\miss0716\backup\miss0716\backup\miss0716\backup\miss0716\backup\miss0716\backup\miss0716\backup\miss0716\backup\miss0716\backup\miss0716\backup\miss0716\backup\miss0716\backup\miss0716\backup\miss0716\backup\miss0716\backup\miss0716\backup\miss0716\backup\miss0716\backup\miss0716\backup\miss0716\backup\miss0716\backup\miss0716\backup\miss0716\backup\miss0716\backup\miss0716\backup\miss0716\backup\miss0716\backup\miss0716\backup\miss0716\backup\miss0716\backup\miss0716\backup\miss0716\backup\miss0716\backup\miss0716\backup\miss0716\backup\miss0716\backup\miss0716\backup\miss0716\backup\miss0716\backup\miss0716\backup\miss0716\backup\miss0716\backup\miss0716\backup\miss0716\backup\miss0716\backup\miss0716\backup\miss0716\backup\miss0716\backup\miss0716\backup\miss0716\backup\miss0716\backup\miss0716\backup\miss0716\backup\miss0716\backup\miss0716\backup\miss0716\backup\miss0716\backup\miss0716\backup\miss0716\backup\miss0716\backup\miss0716\backup\miss0716\backup\miss0716\backup\miss0716\backup\miss0716\backup\miss0716\backup\miss0716\backup\miss0716\backup\miss0716\backup\miss0716\backup\miss0716\backup\miss0716\backup\miss0716\backup\miss0716\backup\miss0716\backup\miss0716\backup\backup_session_log_5.py,DE9F250726D1C448C3E57DFA2B73C31C5BCF5296F5292147942E37298DA4BD91
C:\clean_rebuild\backup\miss0716\backup\miss0716\backup\miss0716\backup\miss0716\backup\miss0716\backup\miss0716\backup\miss0716\backup\miss0716\backup\miss0716\backup\miss0716\backup\miss0716\backup\miss0716\backup\miss0716\backup\miss0716\backup\miss0716\backup\miss0716\backup\miss0716\backup\miss0716\backup\miss0716\backup\miss0716\backup\miss0716\backup\miss0716\backup\miss0716\backup\miss0716\backup\miss0716\backup\miss0716\backup\miss0716\backup\miss0716\backup\miss0716\backup\miss0716\backup\miss0716\backup\miss0716\backup\miss0716\backup\miss0716\backup\miss0716\backup\miss0716\backup\miss0716\backup\miss0716\backup\miss0716\backup\miss0716\backup\miss0716\backup\miss0716\backup\miss0716\backup\miss0716\backup\miss0716\backup\miss0716\backup\miss0716\backup\miss0716\backup\miss0716\backup\miss0716\backup\miss0716\backup\miss0716\backup\miss0716\backup\miss0716\backup\miss0716\backup\miss0716\backup\miss0716\backup\miss0716\backup\miss0716\backup\miss0716\backup\miss0716\backup\miss0716\backup\miss0716\backup\miss0716\backup\miss0716\backup\miss0716\backup\miss0716\backup\miss0716\backup\miss0716\backup\miss0716\backup\miss0716\backup\miss0716\backup\miss0716\backup\miss0716\backup\miss0716\backup\miss0716\backup\miss0716\backup\miss0716\backup\miss0716\backup\miss0716\backup\miss0716\backup\miss0716\backup\miss0716\backup\backup_session_log_6.py,DE9F250726D1C448C3E57DFA2B73C31C5BCF5296F5292147942E37298DA4BD91
C:\clean_rebuild\backup\miss0716\backup\miss0716\backup\miss0716\backup\miss0716\backup\miss0716\backup\miss0716\backup\miss0716\backup\miss0716\backup\miss0716\backup\miss0716\backup\miss0716\backup\miss0716\backup\miss0716\backup\miss0716\backup\miss0716\backup\miss0716\backup\miss0716\backup\miss0716\backup\miss0716\backup\miss0716\backup\miss0716\backup\miss0716\backup\miss0716\backup\miss0716\backup\miss0716\backup\miss0716\backup\miss0716\backup\miss0716\backup\miss0716\backup\miss0716\backup\miss0716\backup\miss0716\backup\miss0716\backup\miss0716\backup\miss0716\backup\miss0716\backup\miss0716\backup\miss0716\backup\miss0716\backup\miss0716\backup\miss0716\backup\miss0716\backup\miss0716\backup\miss0716\backup\miss0716\backup\miss0716\backup\miss0716\backup\miss0716\backup\miss0716\backup\miss0716\backup\miss0716\backup\miss0716\backup\miss0716\backup\miss0716\backup\miss0716\backup\miss0716\backup\miss0716\backup\miss0716\backup\miss0716\backup\miss0716\backup\miss0716\backup\miss0716\backup\miss0716\backup\miss0716\backup\miss0716\backup\miss0716\backup\miss0716\backup\miss0716\backup\miss0716\backup\miss0716\backup\miss0716\backup\miss0716\backup\miss0716\backup\miss0716\backup\miss0716\backup\miss0716\backup\miss0716\backup\miss0716\backup\miss0716\backup\miss0716\backup\miss0716\backup\miss0716\backup\miss0716\backup\backup_trace_db.py,B37575617FA454B59A2FC03D555BE84F2F27EE24CB02CAB2773DF8CA2CC0C9A4
C:\clean_rebuild\backup\miss0716\backup\miss0716\backup\miss0716\backup\miss0716\backup\miss0716\backup\miss0716\backup\miss0716\backup\miss0716\backup\miss0716\backup\miss0716\backup\miss0716\backup\miss0716\backup\miss0716\backup\miss0716\backup\miss0716\backup\miss0716\backup\miss0716\backup\miss0716\backup\miss0716\backup\miss0716\backup\miss0716\backup\miss0716\backup\miss0716\backup\miss0716\backup\miss0716\backup\miss0716\backup\miss0716\backup\miss0716\backup\miss0716\backup\miss0716\backup\miss0716\backup\miss0716\backup\miss0716\backup\miss0716\backup\miss0716\backup\miss0716\backup\miss0716\backup\miss0716\backup\miss0716\backup\miss0716\backup\miss0716\backup\miss0716\backup\miss0716\backup\miss0716\backup\miss0716\backup\miss0716\backup\miss0716\backup\miss0716\backup\miss0716\backup\miss0716\backup\miss0716\backup\miss0716\backup\miss0716\backup\miss0716\backup\miss0716\backup\miss0716\backup\miss0716\backup\miss0716\backup\miss0716\backup\miss0716\backup\miss0716\backup\miss0716\backup\miss0716\backup\miss0716\backup\miss0716\backup\miss0716\backup\miss0716\backup\miss0716\backup\miss0716\backup\miss0716\backup\miss0716\backup\miss0716\backup\miss0716\backup\miss0716\backup\miss0716\backup\miss0716\backup\miss0716\backup\miss0716\backup\miss0716\backup\miss0716\backup\miss0716\backup\miss0716\backup\miss0716\backup\backup_trace_db_1.py,9210AB029CB41910D92B17C5971793AAC6CEF0E112923F6BA706BC2869F93C4D
C:\clean_rebuild\backup\miss0716\backup\miss0716\backup\miss0716\backup\miss0716\backup\miss0716\backup\miss0716\backup\miss0716\backup\miss0716\backup\miss0716\backup\miss0716\backup\miss0716\backup\miss0716\backup\miss0716\backup\miss0716\backup\miss0716\backup\miss0716\backup\miss0716\backup\miss0716\backup\miss0716\backup\miss0716\backup\miss0716\backup\miss0716\backup\miss0716\backup\miss0716\backup\miss0716\backup\miss0716\backup\miss0716\backup\miss0716\backup\miss0716\backup\miss0716\backup\miss0716\backup\miss0716\backup\miss0716\backup\miss0716\backup\miss0716\backup\miss0716\backup\miss0716\backup\miss0716\backup\miss0716\backup\miss0716\backup\miss0716\backup\miss0716\backup\miss0716\backup\miss0716\backup\miss0716\backup\miss0716\backup\miss0716\backup\miss0716\backup\miss0716\backup\miss0716\backup\miss0716\backup\miss0716\backup\miss0716\backup\miss0716\backup\miss0716\backup\miss0716\backup\miss0716\backup\miss0716\backup\miss0716\backup\miss0716\backup\miss0716\backup\miss0716\backup\miss0716\backup\miss0716\backup\miss0716\backup\miss0716\backup\miss0716\backup\miss0716\backup\miss0716\backup\miss0716\backup\miss0716\backup\miss0716\backup\miss0716\backup\miss0716\backup\miss0716\backup\miss0716\backup\miss0716\backup\miss0716\backup\miss0716\backup\miss0716\backup\miss0716\backup\miss0716\backup\miss0716\backup\backup_trace_db_2.py,9210AB029CB41910D92B17C5971793AAC6CEF0E112923F6BA706BC2869F93C4D
C:\clean_rebuild\backup\miss0716\backup\miss0716\backup\miss0716\backup\miss0716\backup\miss0716\backup\miss0716\backup\miss0716\backup\miss0716\backup\miss0716\backup\miss0716\backup\miss0716\backup\miss0716\backup\miss0716\backup\miss0716\backup\miss0716\backup\miss0716\backup\miss0716\backup\miss0716\backup\miss0716\backup\miss0716\backup\miss0716\backup\miss0716\backup\miss0716\backup\miss0716\backup\miss0716\backup\miss0716\backup\miss0716\backup\miss0716\backup\miss0716\backup\miss0716\backup\miss0716\backup\miss0716\backup\miss0716\backup\miss0716\backup\miss0716\backup\miss0716\backup\miss0716\backup\miss0716\backup\miss0716\backup\miss0716\backup\miss0716\backup\miss0716\backup\miss0716\backup\miss0716\backup\miss0716\backup\miss0716\backup\miss0716\backup\miss0716\backup\miss0716\backup\miss0716\backup\miss0716\backup\miss0716\backup\miss0716\backup\miss0716\backup\miss0716\backup\miss0716\backup\miss0716\backup\miss0716\backup\miss0716\backup\miss0716\backup\miss0716\backup\miss0716\backup\miss0716\backup\miss0716\backup\miss0716\backup\miss0716\backup\miss0716\backup\miss0716\backup\miss0716\backup\miss0716\backup\miss0716\backup\miss0716\backup\miss0716\backup\miss0716\backup\miss0716\backup\miss0716\backup\miss0716\backup\miss0716\backup\miss0716\backup\miss0716\backup\miss0716\backup\miss0716\backup\miss0716\backup\backup_trace_db_3.py,9210AB029CB41910D92B17C5971793AAC6CEF0E112923F6BA706BC2869F93C4D
C:\clean_rebuild\backup\miss0716\backup\miss0716\backup\miss0716\backup\miss0716\backup\miss0716\backup\miss0716\backup\miss0716\backup\miss0716\backup\miss0716\backup\miss0716\backup\miss0716\backup\miss0716\backup\miss0716\backup\miss0716\backup\miss0716\backup\miss0716\backup\miss0716\backup\miss0716\backup\miss0716\backup\miss0716\backup\miss0716\backup\miss0716\backup\miss0716\backup\miss0716\backup\miss0716\backup\miss0716\backup\miss0716\backup\miss0716\backup\miss0716\backup\miss0716\backup\miss0716\backup\miss0716\backup\miss0716\backup\miss0716\backup\miss0716\backup\miss0716\backup\miss0716\backup\miss0716\backup\miss0716\backup\miss0716\backup\miss0716\backup\miss0716\backup\miss0716\backup\miss0716\backup\miss0716\backup\miss0716\backup\miss0716\backup\miss0716\backup\miss0716\backup\miss0716\backup\miss0716\backup\miss0716\backup\miss0716\backup\miss0716\backup\miss0716\backup\miss0716\backup\miss0716\backup\miss0716\backup\miss0716\backup\miss0716\backup\miss0716\backup\miss0716\backup\miss0716\backup\miss0716\backup\miss0716\backup\miss0716\backup\miss0716\backup\miss0716\backup\miss0716\backup\miss0716\backup\miss0716\backup\miss0716\backup\miss0716\backup\miss0716\backup\miss0716\backup\miss0716\backup\miss0716\backup\miss0716\backup\miss0716\backup\miss0716\backup\miss0716\backup\miss0716\backup\miss0716\backup\backup_trace_db_4.py,9210AB029CB41910D92B17C5971793AAC6CEF0E112923F6BA706BC2869F93C4D
C:\clean_rebuild\backup\miss0716\backup\miss0716\backup\miss0716\backup\miss0716\backup\miss0716\backup\miss0716\backup\miss0716\backup\miss0716\backup\miss0716\backup\miss0716\backup\miss0716\backup\miss0716\backup\miss0716\backup\miss0716\backup\miss0716\backup\miss0716\backup\miss0716\backup\miss0716\backup\miss0716\backup\miss0716\backup\miss0716\backup\miss0716\backup\miss0716\backup\miss0716\backup\miss0716\backup\miss0716\backup\miss0716\backup\miss0716\backup\miss0716\backup\miss0716\backup\miss0716\backup\miss0716\backup\miss0716\backup\miss0716\backup\miss0716\backup\miss0716\backup\miss0716\backup\miss0716\backup\miss0716\backup\miss0716\backup\miss0716\backup\miss0716\backup\miss0716\backup\miss0716\backup\miss0716\backup\miss0716\backup\miss0716\backup\miss0716\backup\miss0716\backup\miss0716\backup\miss0716\backup\miss0716\backup\miss0716\backup\miss0716\backup\miss0716\backup\miss0716\backup\miss0716\backup\miss0716\backup\miss0716\backup\miss0716\backup\miss0716\backup\miss0716\backup\miss0716\backup\miss0716\backup\miss0716\backup\miss0716\backup\miss0716\backup\miss0716\backup\miss0716\backup\miss0716\backup\miss0716\backup\miss0716\backup\miss0716\backup\miss0716\backup\miss0716\backup\miss0716\backup\miss0716\backup\miss0716\backup\miss0716\backup\miss0716\backup\miss0716\backup\miss0716\backup\miss0716\backup\backup_trace_db_5.py,9210AB029CB41910D92B17C5971793AAC6CEF0E112923F6BA706BC2869F93C4D
C:\clean_rebuild\backup\miss0716\backup\miss0716\backup\miss0716\backup\miss0716\backup\miss0716\backup\miss0716\backup\miss0716\backup\miss0716\backup\miss0716\backup\miss0716\backup\miss0716\backup\miss0716\backup\miss0716\backup\miss0716\backup\miss0716\backup\miss0716\backup\miss0716\backup\miss0716\backup\miss0716\backup\miss0716\backup\miss0716\backup\miss0716\backup\miss0716\backup\miss0716\backup\miss0716\backup\miss0716\backup\miss0716\backup\miss0716\backup\miss0716\backup\miss0716\backup\miss0716\backup\miss0716\backup\miss0716\backup\miss0716\backup\miss0716\backup\miss0716\backup\miss0716\backup\miss0716\backup\miss0716\backup\miss0716\backup\miss0716\backup\miss0716\backup\miss0716\backup\miss0716\backup\miss0716\backup\miss0716\backup\miss0716\backup\miss0716\backup\miss0716\backup\miss0716\backup\miss0716\backup\miss0716\backup\miss0716\backup\miss0716\backup\miss0716\backup\miss0716\backup\miss0716\backup\miss0716\backup\miss0716\backup\miss0716\backup\miss0716\backup\miss0716\backup\miss0716\backup\miss0716\backup\miss0716\backup\miss0716\backup\miss0716\backup\miss0716\backup\miss0716\backup\miss0716\backup\miss0716\backup\miss0716\backup\miss0716\backup\miss0716\backup\miss0716\backup\miss0716\backup\miss0716\backup\miss0716\backup\miss0716\backup\miss0716\backup\miss0716\backup\miss0716\backup\miss0716\backup\backup_trace_db_6.py,9210AB029CB41910D92B17C5971793AAC6CEF0E112923F6BA706BC2869F93C4D
C:\clean_rebuild\backup\miss0716\backup\miss0716\backup\miss0716\backup\miss0716\backup\miss0716\backup\miss0716\backup\miss0716\backup\miss0716\backup\miss0716\backup\miss0716\backup\miss0716\backup\miss0716\backup\miss0716\backup\miss0716\backup\miss0716\backup\miss0716\backup\miss0716\backup\miss0716\backup\miss0716\backup\miss0716\backup\miss0716\backup\miss0716\backup\miss0716\backup\miss0716\backup\miss0716\backup\miss0716\backup\miss0716\backup\miss0716\backup\miss0716\backup\miss0716\backup\miss0716\backup\miss0716\backup\miss0716\backup\miss0716\backup\miss0716\backup\miss0716\backup\miss0716\backup\miss0716\backup\miss0716\backup\miss0716\backup\miss0716\backup\miss0716\backup\miss0716\backup\miss0716\backup\miss0716\backup\miss0716\backup\miss0716\backup\miss0716\backup\miss0716\backup\miss0716\backup\miss0716\backup\miss0716\backup\miss0716\backup\miss0716\backup\miss0716\backup\miss0716\backup\miss0716\backup\miss0716\backup\miss0716\backup\miss0716\backup\miss0716\backup\miss0716\backup\miss0716\backup\miss0716\backup\miss0716\backup\miss0716\backup\miss0716\backup\miss0716\backup\miss0716\backup\miss0716\backup\miss0716\backup\miss0716\backup\miss0716\backup\miss0716\backup\miss0716\backup\miss0716\backup\miss0716\backup\miss0716\backup\miss0716\backup\miss0716\backup\miss0716\backup\miss0716\backup\miss0716\backup\backup_trace_log.py,A26F995CF4E6117B8B09695CF03EBDFF07B6643E711CE1254A911BA3DB70677E
C:\clean_rebuild\backup\miss0716\backup\miss0716\backup\miss0716\backup\miss0716\backup\miss0716\backup\miss0716\backup\miss0716\backup\miss0716\backup\miss0716\backup\miss0716\backup\miss0716\backup\miss0716\backup\miss0716\backup\miss0716\backup\miss0716\backup\miss0716\backup\miss0716\backup\miss0716\backup\miss0716\backup\miss0716\backup\miss0716\backup\miss0716\backup\miss0716\backup\miss0716\backup\miss0716\backup\miss0716\backup\miss0716\backup\miss0716\backup\miss0716\backup\miss0716\backup\miss0716\backup\miss0716\backup\miss0716\backup\miss0716\backup\miss0716\backup\miss0716\backup\miss0716\backup\miss0716\backup\miss0716\backup\miss0716\backup\miss0716\backup\miss0716\backup\miss0716\backup\miss0716\backup\miss0716\backup\miss0716\backup\miss0716\backup\miss0716\backup\miss0716\backup\miss0716\backup\miss0716\backup\miss0716\backup\miss0716\backup\miss0716\backup\miss0716\backup\miss0716\backup\miss0716\backup\miss0716\backup\miss0716\backup\miss0716\backup\miss0716\backup\miss0716\backup\miss0716\backup\miss0716\backup\miss0716\backup\miss0716\backup\miss0716\backup\miss0716\backup\miss0716\backup\miss0716\backup\miss0716\backup\miss0716\backup\miss0716\backup\miss0716\backup\miss0716\backup\miss0716\backup\miss0716\backup\miss0716\backup\miss0716\backup\miss0716\backup\miss0716\backup\miss0716\backup\miss0716\backup\backup_trace_log_1.py,4865A807733CC621213D1BC044BB7DD95E1826CE90BAF95F7E35E6A11E994D89
C:\clean_rebuild\backup\miss0716\backup\miss0716\backup\miss0716\backup\miss0716\backup\miss0716\backup\miss0716\backup\miss0716\backup\miss0716\backup\miss0716\backup\miss0716\backup\miss0716\backup\miss0716\backup\miss0716\backup\miss0716\backup\miss0716\backup\miss0716\backup\miss0716\backup\miss0716\backup\miss0716\backup\miss0716\backup\miss0716\backup\miss0716\backup\miss0716\backup\miss0716\backup\miss0716\backup\miss0716\backup\miss0716\backup\miss0716\backup\miss0716\backup\miss0716\backup\miss0716\backup\miss0716\backup\miss0716\backup\miss0716\backup\miss0716\backup\miss0716\backup\miss0716\backup\miss0716\backup\miss0716\backup\miss0716\backup\miss0716\backup\miss0716\backup\miss0716\backup\miss0716\backup\miss0716\backup\miss0716\backup\miss0716\backup\miss0716\backup\miss0716\backup\miss0716\backup\miss0716\backup\miss0716\backup\miss0716\backup\miss0716\backup\miss0716\backup\miss0716\backup\miss0716\backup\miss0716\backup\miss0716\backup\miss0716\backup\miss0716\backup\miss0716\backup\miss0716\backup\miss0716\backup\miss0716\backup\miss0716\backup\miss0716\backup\miss0716\backup\miss0716\backup\miss0716\backup\miss0716\backup\miss0716\backup\miss0716\backup\miss0716\backup\miss0716\backup\miss0716\backup\miss0716\backup\miss0716\backup\miss0716\backup\miss0716\backup\miss0716\backup\miss0716\backup\miss0716\backup\backup_trace_log_2.py,4865A807733CC621213D1BC044BB7DD95E1826CE90BAF95F7E35E6A11E994D89
C:\clean_rebuild\backup\miss0716\backup\miss0716\backup\miss0716\backup\miss0716\backup\miss0716\backup\miss0716\backup\miss0716\backup\miss0716\backup\miss0716\backup\miss0716\backup\miss0716\backup\miss0716\backup\miss0716\backup\miss0716\backup\miss0716\backup\miss0716\backup\miss0716\backup\miss0716\backup\miss0716\backup\miss0716\backup\miss0716\backup\miss0716\backup\miss0716\backup\miss0716\backup\miss0716\backup\miss0716\backup\miss0716\backup\miss0716\backup\miss0716\backup\miss0716\backup\miss0716\backup\miss0716\backup\miss0716\backup\miss0716\backup\miss0716\backup\miss0716\backup\miss0716\backup\miss0716\backup\miss0716\backup\miss0716\backup\miss0716\backup\miss0716\backup\miss0716\backup\miss0716\backup\miss0716\backup\miss0716\backup\miss0716\backup\miss0716\backup\miss0716\backup\miss0716\backup\miss0716\backup\miss0716\backup\miss0716\backup\miss0716\backup\miss0716\backup\miss0716\backup\miss0716\backup\miss0716\backup\miss0716\backup\miss0716\backup\miss0716\backup\miss0716\backup\miss0716\backup\miss0716\backup\miss0716\backup\miss0716\backup\miss0716\backup\miss0716\backup\miss0716\backup\miss0716\backup\miss0716\backup\miss0716\backup\miss0716\backup\miss0716\backup\miss0716\backup\miss0716\backup\miss0716\backup\miss0716\backup\miss0716\backup\miss0716\backup\miss0716\backup\miss0716\backup\miss0716\backup\backup_trace_log_3.py,4865A807733CC621213D1BC044BB7DD95E1826CE90BAF95F7E35E6A11E994D89
C:\clean_rebuild\backup\miss0716\backup\miss0716\backup\miss0716\backup\miss0716\backup\miss0716\backup\miss0716\backup\miss0716\backup\miss0716\backup\miss0716\backup\miss0716\backup\miss0716\backup\miss0716\backup\miss0716\backup\miss0716\backup\miss0716\backup\miss0716\backup\miss0716\backup\miss0716\backup\miss0716\backup\miss0716\backup\miss0716\backup\miss0716\backup\miss0716\backup\miss0716\backup\miss0716\backup\miss0716\backup\miss0716\backup\miss0716\backup\miss0716\backup\miss0716\backup\miss0716\backup\miss0716\backup\miss0716\backup\miss0716\backup\miss0716\backup\miss0716\backup\miss0716\backup\miss0716\backup\miss0716\backup\miss0716\backup\miss0716\backup\miss0716\backup\miss0716\backup\miss0716\backup\miss0716\backup\miss0716\backup\miss0716\backup\miss0716\backup\miss0716\backup\miss0716\backup\miss0716\backup\miss0716\backup\miss0716\backup\miss0716\backup\miss0716\backup\miss0716\backup\miss0716\backup\miss0716\backup\miss0716\backup\miss0716\backup\miss0716\backup\miss0716\backup\miss0716\backup\miss0716\backup\miss0716\backup\miss0716\backup\miss0716\backup\miss0716\backup\miss0716\backup\miss0716\backup\miss0716\backup\miss0716\backup\miss0716\backup\miss0716\backup\miss0716\backup\miss0716\backup\miss0716\backup\miss0716\backup\miss0716\backup\miss0716\backup\miss0716\backup\miss0716\backup\miss0716\backup\backup_trace_log_4.py,4865A807733CC621213D1BC044BB7DD95E1826CE90BAF95F7E35E6A11E994D89
C:\clean_rebuild\backup\miss0716\backup\miss0716\backup\miss0716\backup\miss0716\backup\miss0716\backup\miss0716\backup\miss0716\backup\miss0716\backup\miss0716\backup\miss0716\backup\miss0716\backup\miss0716\backup\miss0716\backup\miss0716\backup\miss0716\backup\miss0716\backup\miss0716\backup\miss0716\backup\miss0716\backup\miss0716\backup\miss0716\backup\miss0716\backup\miss0716\backup\miss0716\backup\miss0716\backup\miss0716\backup\miss0716\backup\miss0716\backup\miss0716\backup\miss0716\backup\miss0716\backup\miss0716\backup\miss0716\backup\miss0716\backup\miss0716\backup\miss0716\backup\miss0716\backup\miss0716\backup\miss0716\backup\miss0716\backup\miss0716\backup\miss0716\backup\miss0716\backup\miss0716\backup\miss0716\backup\miss0716\backup\miss0716\backup\miss0716\backup\miss0716\backup\miss0716\backup\miss0716\backup\miss0716\backup\miss0716\backup\miss0716\backup\miss0716\backup\miss0716\backup\miss0716\backup\miss0716\backup\miss0716\backup\miss0716\backup\miss0716\backup\miss0716\backup\miss0716\backup\miss0716\backup\miss0716\backup\miss0716\backup\miss0716\backup\miss0716\backup\miss0716\backup\miss0716\backup\miss0716\backup\miss0716\backup\miss0716\backup\miss0716\backup\miss0716\backup\miss0716\backup\miss0716\backup\miss0716\backup\miss0716\backup\miss0716\backup\miss0716\backup\miss0716\backup\miss0716\backup\backup_trace_log_5.py,4865A807733CC621213D1BC044BB7DD95E1826CE90BAF95F7E35E6A11E994D89
C:\clean_rebuild\backup\miss0716\backup\miss0716\backup\miss0716\backup\miss0716\backup\miss0716\backup\miss0716\backup\miss0716\backup\miss0716\backup\miss0716\backup\miss0716\backup\miss0716\backup\miss0716\backup\miss0716\backup\miss0716\backup\miss0716\backup\miss0716\backup\miss0716\backup\miss0716\backup\miss0716\backup\miss0716\backup\miss0716\backup\miss0716\backup\miss0716\backup\miss0716\backup\miss0716\backup\miss0716\backup\miss0716\backup\miss0716\backup\miss0716\backup\miss0716\backup\miss0716\backup\miss0716\backup\miss0716\backup\miss0716\backup\miss0716\backup\miss0716\backup\miss0716\backup\miss0716\backup\miss0716\backup\miss0716\backup\miss0716\backup\miss0716\backup\miss0716\backup\miss0716\backup\miss0716\backup\miss0716\backup\miss0716\backup\miss0716\backup\miss0716\backup\miss0716\backup\miss0716\backup\miss0716\backup\miss0716\backup\miss0716\backup\miss0716\backup\miss0716\backup\miss0716\backup\miss0716\backup\miss0716\backup\miss0716\backup\miss0716\backup\miss0716\backup\miss0716\backup\miss0716\backup\miss0716\backup\miss0716\backup\miss0716\backup\miss0716\backup\miss0716\backup\miss0716\backup\miss0716\backup\miss0716\backup\miss0716\backup\miss0716\backup\miss0716\backup\miss0716\backup\miss0716\backup\miss0716\backup\miss0716\backup\miss0716\backup\miss0716\backup\miss0716\backup\miss0716\backup\backup_trace_log_6.py,4865A807733CC621213D1BC044BB7DD95E1826CE90BAF95F7E35E6A11E994D89
C:\clean_rebuild\backup\miss0716\backup\miss0716\backup\miss0716\backup\miss0716\backup\miss0716\backup\miss0716\backup\miss0716\backup\miss0716\backup\miss0716\backup\miss0716\backup\miss0716\backup\miss0716\backup\miss0716\backup\miss0716\backup\miss0716\backup\miss0716\backup\miss0716\backup\miss0716\backup\miss0716\backup\miss0716\backup\miss0716\backup\miss0716\backup\miss0716\backup\miss0716\backup\miss0716\backup\miss0716\backup\miss0716\backup\miss0716\backup\miss0716\backup\miss0716\backup\miss0716\backup\miss0716\backup\miss0716\backup\miss0716\backup\miss0716\backup\miss0716\backup\miss0716\backup\miss0716\backup\miss0716\backup\miss0716\backup\miss0716\backup\miss0716\backup\miss0716\backup\miss0716\backup\miss0716\backup\miss0716\backup\miss0716\backup\miss0716\backup\miss0716\backup\miss0716\backup\miss0716\backup\miss0716\backup\miss0716\backup\miss0716\backup\miss0716\backup\miss0716\backup\miss0716\backup\miss0716\backup\miss0716\backup\miss0716\backup\miss0716\backup\miss0716\backup\miss0716\backup\miss0716\backup\miss0716\backup\miss0716\backup\miss0716\backup\miss0716\backup\miss0716\backup\miss0716\backup\miss0716\backup\miss0716\backup\miss0716\backup\miss0716\backup\miss0716\backup\miss0716\backup\miss0716\backup\miss0716\backup\miss0716\backup\miss0716\backup\miss0716\backup\miss0716\backup\miss0716\backup\backup_trace_log_db.py,2D81204DDF1180BD32D65BE7E8581A00C1320FF7EE41A598165A7DFA256A1979
C:\clean_rebuild\backup\miss0716\backup\miss0716\backup\miss0716\backup\miss0716\backup\miss0716\backup\miss0716\backup\miss0716\backup\miss0716\backup\miss0716\backup\miss0716\backup\miss0716\backup\miss0716\backup\miss0716\backup\miss0716\backup\miss0716\backup\miss0716\backup\miss0716\backup\miss0716\backup\miss0716\backup\miss0716\backup\miss0716\backup\miss0716\backup\miss0716\backup\miss0716\backup\miss0716\backup\miss0716\backup\miss0716\backup\miss0716\backup\miss0716\backup\miss0716\backup\miss0716\backup\miss0716\backup\miss0716\backup\miss0716\backup\miss0716\backup\miss0716\backup\miss0716\backup\miss0716\backup\miss0716\backup\miss0716\backup\miss0716\backup\miss0716\backup\miss0716\backup\miss0716\backup\miss0716\backup\miss0716\backup\miss0716\backup\miss0716\backup\miss0716\backup\miss0716\backup\miss0716\backup\miss0716\backup\miss0716\backup\miss0716\backup\miss0716\backup\miss0716\backup\miss0716\backup\miss0716\backup\miss0716\backup\miss0716\backup\miss0716\backup\miss0716\backup\miss0716\backup\miss0716\backup\miss0716\backup\miss0716\backup\miss0716\backup\miss0716\backup\miss0716\backup\miss0716\backup\miss0716\backup\miss0716\backup\miss0716\backup\miss0716\backup\miss0716\backup\miss0716\backup\miss0716\backup\miss0716\backup\miss0716\backup\miss0716\backup\miss0716\backup\miss0716\backup\miss0716\backup\backup_trace_log_db_with_datetime.py,A921D4CCD2389782F8A51688923882E60E8EDEEF57F328AD0FEF9E7EA608DE68
C:\clean_rebuild\backup\miss0716\backup\miss0716\backup\miss0716\backup\miss0716\backup\miss0716\backup\miss0716\backup\miss0716\backup\miss0716\backup\miss0716\backup\miss0716\backup\miss0716\backup\miss0716\backup\miss0716\backup\miss0716\backup\miss0716\backup\miss0716\backup\miss0716\backup\miss0716\backup\miss0716\backup\miss0716\backup\miss0716\backup\miss0716\backup\miss0716\backup\miss0716\backup\miss0716\backup\miss0716\backup\miss0716\backup\miss0716\backup\miss0716\backup\miss0716\backup\miss0716\backup\miss0716\backup\miss0716\backup\miss0716\backup\miss0716\backup\miss0716\backup\miss0716\backup\miss0716\backup\miss0716\backup\miss0716\backup\miss0716\backup\miss0716\backup\miss0716\backup\miss0716\backup\miss0716\backup\miss0716\backup\miss0716\backup\miss0716\backup\miss0716\backup\miss0716\backup\miss0716\backup\miss0716\backup\miss0716\backup\miss0716\backup\miss0716\backup\miss0716\backup\miss0716\backup\miss0716\backup\miss0716\backup\miss0716\backup\miss0716\backup\miss0716\backup\miss0716\backup\miss0716\backup\miss0716\backup\miss0716\backup\miss0716\backup\miss0716\backup\miss0716\backup\miss0716\backup\miss0716\backup\miss0716\backup\miss0716\backup\miss0716\backup\miss0716\backup\miss0716\backup\miss0716\backup\miss0716\backup\miss0716\backup\miss0716\backup\miss0716\backup\miss0716\backup\miss0716\backup\backup_trace_log_db_with_datetime_and_shutil.py,A921D4CCD2389782F8A51688923882E60E8EDEEF57F328AD0FEF9E7EA608DE68
C:\clean_rebuild\backup\miss0716\backup\miss0716\backup\miss0716\backup\miss0716\backup\miss0716\backup\miss0716\backup\miss0716\backup\miss0716\backup\miss0716\backup\miss0716\backup\miss0716\backup\miss0716\backup\miss0716\backup\miss0716\backup\miss0716\backup\miss0716\backup\miss0716\backup\miss0716\backup\miss0716\backup\miss0716\backup\miss0716\backup\miss0716\backup\miss0716\backup\miss0716\backup\miss0716\backup\miss0716\backup\miss0716\backup\miss0716\backup\miss0716\backup\miss0716\backup\miss0716\backup\miss0716\backup\miss0716\backup\miss0716\backup\miss0716\backup\miss0716\backup\miss0716\backup\miss0716\backup\miss0716\backup\miss0716\backup\miss0716\backup\miss0716\backup\miss0716\backup\miss0716\backup\miss0716\backup\miss0716\backup\miss0716\backup\miss0716\backup\miss0716\backup\miss0716\backup\miss0716\backup\miss0716\backup\miss0716\backup\miss0716\backup\miss0716\backup\miss0716\backup\miss0716\backup\miss0716\backup\miss0716\backup\miss0716\backup\miss0716\backup\miss0716\backup\miss0716\backup\miss0716\backup\miss0716\backup\miss0716\backup\miss0716\backup\miss0716\backup\miss0716\backup\miss0716\backup\miss0716\backup\miss0716\backup\miss0716\backup\miss0716\backup\miss0716\backup\miss0716\backup\miss0716\backup\miss0716\backup\miss0716\backup\miss0716\backup\miss0716\backup\miss0716\backup\miss0716\backup\backup_trace_log_db_with_datetime_shutil.py,A921D4CCD2389782F8A51688923882E60E8EDEEF57F328AD0FEF9E7EA608DE68
C:\clean_rebuild\backup\miss0716\backup\miss0716\backup\miss0716\backup\miss0716\backup\miss0716\backup\miss0716\backup\miss0716\backup\miss0716\backup\miss0716\backup\miss0716\backup\miss0716\backup\miss0716\backup\miss0716\backup\miss0716\backup\miss0716\backup\miss0716\backup\miss0716\backup\miss0716\backup\miss0716\backup\miss0716\backup\miss0716\backup\miss0716\backup\miss0716\backup\miss0716\backup\miss0716\backup\miss0716\backup\miss0716\backup\miss0716\backup\miss0716\backup\miss0716\backup\miss0716\backup\miss0716\backup\miss0716\backup\miss0716\backup\miss0716\backup\miss0716\backup\miss0716\backup\miss0716\backup\miss0716\backup\miss0716\backup\miss0716\backup\miss0716\backup\miss0716\backup\miss0716\backup\miss0716\backup\miss0716\backup\miss0716\backup\miss0716\backup\miss0716\backup\miss0716\backup\miss0716\backup\miss0716\backup\miss0716\backup\miss0716\backup\miss0716\backup\miss0716\backup\miss0716\backup\miss0716\backup\miss0716\backup\miss0716\backup\miss0716\backup\miss0716\backup\miss0716\backup\miss0716\backup\miss0716\backup\miss0716\backup\miss0716\backup\miss0716\backup\miss0716\backup\miss0716\backup\miss0716\backup\miss0716\backup\miss0716\backup\miss0716\backup\miss0716\backup\miss0716\backup\miss0716\backup\miss0716\backup\miss0716\backup\miss0716\backup\miss0716\backup\miss0716\backup\miss0716\backup\backup_trace_log_db_with_shutil.py,A921D4CCD2389782F8A51688923882E60E8EDEEF57F328AD0FEF9E7EA608DE68
C:\clean_rebuild\backup\miss0716\backup\miss0716\backup\miss0716\backup\miss0716\backup\miss0716\backup\miss0716\backup\miss0716\backup\miss0716\backup\miss0716\backup\miss0716\backup\miss0716\backup\miss0716\backup\miss0716\backup\miss0716\backup\miss0716\backup\miss0716\backup\miss0716\backup\miss0716\backup\miss0716\backup\miss0716\backup\miss0716\backup\miss0716\backup\miss0716\backup\miss0716\backup\miss0716\backup\miss0716\backup\miss0716\backup\miss0716\backup\miss0716\backup\miss0716\backup\miss0716\backup\miss0716\backup\miss0716\backup\miss0716\backup\miss0716\backup\miss0716\backup\miss0716\backup\miss0716\backup\miss0716\backup\miss0716\backup\miss0716\backup\miss0716\backup\miss0716\backup\miss0716\backup\miss0716\backup\miss0716\backup\miss0716\backup\miss0716\backup\miss0716\backup\miss0716\backup\miss0716\backup\miss0716\backup\miss0716\backup\miss0716\backup\miss0716\backup\miss0716\backup\miss0716\backup\miss0716\backup\miss0716\backup\miss0716\backup\miss0716\backup\miss0716\backup\miss0716\backup\miss0716\backup\miss0716\backup\miss0716\backup\miss0716\backup\miss0716\backup\miss0716\backup\miss0716\backup\miss0716\backup\miss0716\backup\miss0716\backup\miss0716\backup\miss0716\backup\miss0716\backup\miss0716\backup\miss0716\backup\miss0716\backup\miss0716\backup\miss0716\backup\miss0716\backup\miss0716\backup\backup_trace_log_snapshot.py,F1235E2C9BD3BB2231A6E58CA55CD74A753AC4924C922C12A4D1422A5946A3FC
C:\clean_rebuild\backup\miss0716\backup\miss0716\backup\miss0716\backup\miss0716\backup\miss0716\backup\miss0716\backup\miss0716\backup\miss0716\backup\miss0716\backup\miss0716\backup\miss0716\backup\miss0716\backup\miss0716\backup\miss0716\backup\miss0716\backup\miss0716\backup\miss0716\backup\miss0716\backup\miss0716\backup\miss0716\backup\miss0716\backup\miss0716\backup\miss0716\backup\miss0716\backup\miss0716\backup\miss0716\backup\miss0716\backup\miss0716\backup\miss0716\backup\miss0716\backup\miss0716\backup\miss0716\backup\miss0716\backup\miss0716\backup\miss0716\backup\miss0716\backup\miss0716\backup\miss0716\backup\miss0716\backup\miss0716\backup\miss0716\backup\miss0716\backup\miss0716\backup\miss0716\backup\miss0716\backup\miss0716\backup\miss0716\backup\miss0716\backup\miss0716\backup\miss0716\backup\miss0716\backup\miss0716\backup\miss0716\backup\miss0716\backup\miss0716\backup\miss0716\backup\miss0716\backup\miss0716\backup\miss0716\backup\miss0716\backup\miss0716\backup\miss0716\backup\miss0716\backup\miss0716\backup\miss0716\backup\miss0716\backup\miss0716\backup\miss0716\backup\miss0716\backup\miss0716\backup\miss0716\backup\miss0716\backup\miss0716\backup\miss0716\backup\miss0716\backup\miss0716\backup\miss0716\backup\miss0716\backup\miss0716\backup\miss0716\backup\miss0716\backup\miss0716\backup\miss0716\backup\backup_trace_log_snapshot_1.py,B3877C8A67D476EA52AC83879E8B92FC84A5AA39095B6C6F6F495A092346D134
C:\clean_rebuild\backup\miss0716\backup\miss0716\backup\miss0716\backup\miss0716\backup\miss0716\backup\miss0716\backup\miss0716\backup\miss0716\backup\miss0716\backup\miss0716\backup\miss0716\backup\miss0716\backup\miss0716\backup\miss0716\backup\miss0716\backup\miss0716\backup\miss0716\backup\miss0716\backup\miss0716\backup\miss0716\backup\miss0716\backup\miss0716\backup\miss0716\backup\miss0716\backup\miss0716\backup\miss0716\backup\miss0716\backup\miss0716\backup\miss0716\backup\miss0716\backup\miss0716\backup\miss0716\backup\miss0716\backup\miss0716\backup\miss0716\backup\miss0716\backup\miss0716\backup\miss0716\backup\miss0716\backup\miss0716\backup\miss0716\backup\miss0716\backup\miss0716\backup\miss0716\backup\miss0716\backup\miss0716\backup\miss0716\backup\miss0716\backup\miss0716\backup\miss0716\backup\miss0716\backup\miss0716\backup\miss0716\backup\miss0716\backup\miss0716\backup\miss0716\backup\miss0716\backup\miss0716\backup\miss0716\backup\miss0716\backup\miss0716\backup\miss0716\backup\miss0716\backup\miss0716\backup\miss0716\backup\miss0716\backup\miss0716\backup\miss0716\backup\miss0716\backup\miss0716\backup\miss0716\backup\miss0716\backup\miss0716\backup\miss0716\backup\miss0716\backup\miss0716\backup\miss0716\backup\miss0716\backup\miss0716\backup\miss0716\backup\miss0716\backup\miss0716\backup\miss0716\backup\backup_trace_log_snapshot_2.py,B3877C8A67D476EA52AC83879E8B92FC84A5AA39095B6C6F6F495A092346D134
C:\clean_rebuild\backup\miss0716\backup\miss0716\backup\miss0716\backup\miss0716\backup\miss0716\backup\miss0716\backup\miss0716\backup\miss0716\backup\miss0716\backup\miss0716\backup\miss0716\backup\miss0716\backup\miss0716\backup\miss0716\backup\miss0716\backup\miss0716\backup\miss0716\backup\miss0716\backup\miss0716\backup\miss0716\backup\miss0716\backup\miss0716\backup\miss0716\backup\miss0716\backup\miss0716\backup\miss0716\backup\miss0716\backup\miss0716\backup\miss0716\backup\miss0716\backup\miss0716\backup\miss0716\backup\miss0716\backup\miss0716\backup\miss0716\backup\miss0716\backup\miss0716\backup\miss0716\backup\miss0716\backup\miss0716\backup\miss0716\backup\miss0716\backup\miss0716\backup\miss0716\backup\miss0716\backup\miss0716\backup\miss0716\backup\miss0716\backup\miss0716\backup\miss0716\backup\miss0716\backup\miss0716\backup\miss0716\backup\miss0716\backup\miss0716\backup\miss0716\backup\miss0716\backup\miss0716\backup\miss0716\backup\miss0716\backup\miss0716\backup\miss0716\backup\miss0716\backup\miss0716\backup\miss0716\backup\miss0716\backup\miss0716\backup\miss0716\backup\miss0716\backup\miss0716\backup\miss0716\backup\miss0716\backup\miss0716\backup\miss0716\backup\miss0716\backup\miss0716\backup\miss0716\backup\miss0716\backup\miss0716\backup\miss0716\backup\miss0716\backup\miss0716\backup\miss0716\backup\backup_trace_log_snapshot_3.py,B3877C8A67D476EA52AC83879E8B92FC84A5AA39095B6C6F6F495A092346D134
C:\clean_rebuild\backup\miss0716\backup\miss0716\backup\miss0716\backup\miss0716\backup\miss0716\backup\miss0716\backup\miss0716\backup\miss0716\backup\miss0716\backup\miss0716\backup\miss0716\backup\miss0716\backup\miss0716\backup\miss0716\backup\miss0716\backup\miss0716\backup\miss0716\backup\miss0716\backup\miss0716\backup\miss0716\backup\miss0716\backup\miss0716\backup\miss0716\backup\miss0716\backup\miss0716\backup\miss0716\backup\miss0716\backup\miss0716\backup\miss0716\backup\miss0716\backup\miss0716\backup\miss0716\backup\miss0716\backup\miss0716\backup\miss0716\backup\miss0716\backup\miss0716\backup\miss0716\backup\miss0716\backup\miss0716\backup\miss0716\backup\miss0716\backup\miss0716\backup\miss0716\backup\miss0716\backup\miss0716\backup\miss0716\backup\miss0716\backup\miss0716\backup\miss0716\backup\miss0716\backup\miss0716\backup\miss0716\backup\miss0716\backup\miss0716\backup\miss0716\backup\miss0716\backup\miss0716\backup\miss0716\backup\miss0716\backup\miss0716\backup\miss0716\backup\miss0716\backup\miss0716\backup\miss0716\backup\miss0716\backup\miss0716\backup\miss0716\backup\miss0716\backup\miss0716\backup\miss0716\backup\miss0716\backup\miss0716\backup\miss0716\backup\miss0716\backup\miss0716\backup\miss0716\backup\miss0716\backup\miss0716\backup\miss0716\backup\miss0716\backup\miss0716\backup\miss0716\backup\backup_trace_log_snapshot_4.py,B3877C8A67D476EA52AC83879E8B92FC84A5AA39095B6C6F6F495A092346D134
C:\clean_rebuild\backup\miss0716\backup\miss0716\backup\miss0716\backup\miss0716\backup\miss0716\backup\miss0716\backup\miss0716\backup\miss0716\backup\miss0716\backup\miss0716\backup\miss0716\backup\miss0716\backup\miss0716\backup\miss0716\backup\miss0716\backup\miss0716\backup\miss0716\backup\miss0716\backup\miss0716\backup\miss0716\backup\miss0716\backup\miss0716\backup\miss0716\backup\miss0716\backup\miss0716\backup\miss0716\backup\miss0716\backup\miss0716\backup\miss0716\backup\miss0716\backup\miss0716\backup\miss0716\backup\miss0716\backup\miss0716\backup\miss0716\backup\miss0716\backup\miss0716\backup\miss0716\backup\miss0716\backup\miss0716\backup\miss0716\backup\miss0716\backup\miss0716\backup\miss0716\backup\miss0716\backup\miss0716\backup\miss0716\backup\miss0716\backup\miss0716\backup\miss0716\backup\miss0716\backup\miss0716\backup\miss0716\backup\miss0716\backup\miss0716\backup\miss0716\backup\miss0716\backup\miss0716\backup\miss0716\backup\miss0716\backup\miss0716\backup\miss0716\backup\miss0716\backup\miss0716\backup\miss0716\backup\miss0716\backup\miss0716\backup\miss0716\backup\miss0716\backup\miss0716\backup\miss0716\backup\miss0716\backup\miss0716\backup\miss0716\backup\miss0716\backup\miss0716\backup\miss0716\backup\miss0716\backup\miss0716\backup\miss0716\backup\miss0716\backup\miss0716\backup\miss0716\backup\backup_trace_log_snapshot_5.py,B3877C8A67D476EA52AC83879E8B92FC84A5AA39095B6C6F6F495A092346D134
C:\clean_rebuild\backup\miss0716\backup\miss0716\backup\miss0716\backup\miss0716\backup\miss0716\backup\miss0716\backup\miss0716\backup\miss0716\backup\miss0716\backup\miss0716\backup\miss0716\backup\miss0716\backup\miss0716\backup\miss0716\backup\miss0716\backup\miss0716\backup\miss0716\backup\miss0716\backup\miss0716\backup\miss0716\backup\miss0716\backup\miss0716\backup\miss0716\backup\miss0716\backup\miss0716\backup\miss0716\backup\miss0716\backup\miss0716\backup\miss0716\backup\miss0716\backup\miss0716\backup\miss0716\backup\miss0716\backup\miss0716\backup\miss0716\backup\miss0716\backup\miss0716\backup\miss0716\backup\miss0716\backup\miss0716\backup\miss0716\backup\miss0716\backup\miss0716\backup\miss0716\backup\miss0716\backup\miss0716\backup\miss0716\backup\miss0716\backup\miss0716\backup\miss0716\backup\miss0716\backup\miss0716\backup\miss0716\backup\miss0716\backup\miss0716\backup\miss0716\backup\miss0716\backup\miss0716\backup\miss0716\backup\miss0716\backup\miss0716\backup\miss0716\backup\miss0716\backup\miss0716\backup\miss0716\backup\miss0716\backup\miss0716\backup\miss0716\backup\miss0716\backup\miss0716\backup\miss0716\backup\miss0716\backup\miss0716\backup\miss0716\backup\miss0716\backup\miss0716\backup\miss0716\backup\miss0716\backup\miss0716\backup\miss0716\backup\miss0716\backup\miss0716\backup\miss0716\backup\backup_trace_log_snapshot_6.py,B3877C8A67D476EA52AC83879E8B92FC84A5AA39095B6C6F6F495A092346D134
C:\clean_rebuild\backup\miss0716\backup\miss0716\backup\miss0716\backup\miss0716\backup\miss0716\backup\miss0716\backup\miss0716\backup\miss0716\backup\miss0716\backup\miss0716\backup\miss0716\backup\miss0716\backup\miss0716\backup\miss0716\backup\miss0716\backup\miss0716\backup\miss0716\backup\miss0716\backup\miss0716\backup\miss0716\backup\miss0716\backup\miss0716\backup\miss0716\backup\miss0716\backup\miss0716\backup\miss0716\backup\miss0716\backup\miss0716\backup\miss0716\backup\miss0716\backup\miss0716\backup\miss0716\backup\miss0716\backup\miss0716\backup\miss0716\backup\miss0716\backup\miss0716\backup\miss0716\backup\miss0716\backup\miss0716\backup\miss0716\backup\miss0716\backup\miss0716\backup\miss0716\backup\miss0716\backup\miss0716\backup\miss0716\backup\miss0716\backup\miss0716\backup\miss0716\backup\miss0716\backup\miss0716\backup\miss0716\backup\miss0716\backup\miss0716\backup\miss0716\backup\miss0716\backup\miss0716\backup\miss0716\backup\miss0716\backup\miss0716\backup\miss0716\backup\miss0716\backup\miss0716\backup\miss0716\backup\miss0716\backup\miss0716\backup\miss0716\backup\miss0716\backup\miss0716\backup\miss0716\backup\miss0716\backup\miss0716\backup\miss0716\backup\miss0716\backup\miss0716\backup\miss0716\backup\miss0716\backup\miss0716\backup\miss0716\backup\miss0716\backup\miss0716\backup\miss0716\backup\main_candidate_1.py,AF089BF544B7070A8D8487E67C5A02E5CC9F61FD4B820CD4C27B7906CB39DAD0
C:\clean_rebuild\backup\SNS_24AutoProject+++0508??\.venv310\Lib\site-packages\attr\_cmp.py,15CE835951723BED5DA345543BBA1514DA4B791BCA59F9F1BA87557008066AE4
C:\clean_rebuild\backup\SNS_24AutoProject+++0508??\.venv310\Lib\site-packages\attr\_config.py,F2668642656C3C9CB4E040BA932FAF5A4787766067904C8E8799FEAE0ED94C3A
C:\clean_rebuild\backup\SNS_24AutoProject+++0508??\.venv310\Lib\site-packages\attr\_funcs.py,DCD432D2B1FA16FBFBCFDFB70CF82B7D9B2320AC64C8458DEF104EB620E280E4
C:\clean_rebuild\backup\SNS_24AutoProject+++0508??\.venv310\Lib\site-packages\attr\_make.py,599B7F638BEFF925DB379078BA1C23540542A36177C3A19E061265FA59A14543
C:\clean_rebuild\backup\SNS_24AutoProject+++0508??\.venv310\Lib\site-packages\attr\_next_gen.py,15BEAB54D4C9AAA98E8E3407A049AF16312986C364DDCBC7E9F6FE63B6145224
C:\clean_rebuild\backup\SNS_24AutoProject+++0508??\.venv310\Lib\site-packages\attr\_version_info.py,4AA599B3C570D703252100DD119BB23B48A548E3FABFC01B055BF0927F45070B
C:\clean_rebuild\backup\SNS_24AutoProject+++0508??\.venv310\Lib\site-packages\attrs\converters.py,DF18035DB8B23DF6EDD5DF43FBAF9AFD5759B2E9A887BF57AAADA7C8E6F21453
C:\clean_rebuild\backup\SNS_24AutoProject+++0508??\.venv310\Lib\site-packages\attrs\filters.py,7ADD00AFBF11783B00A4C515C62478504C8E8EF01E05361E19E0A58BD3B84757
C:\clean_rebuild\backup\SNS_24AutoProject+++0508??\.venv310\Lib\site-packages\attrs\setters.py,8D9CDAED53AEE7A856C69519CE9DFCD18E5A07AD2F339E988B16EFCEC2834F68
C:\clean_rebuild\backup\SNS_24AutoProject+++0508??\.venv310\Lib\site-packages\cffi\backend_ctypes.py,BC45EF96E3C53473D055D21D6ECA2B30D651F15382E91A184737F60F3D1EB265
C:\clean_rebuild\backup\SNS_24AutoProject+++0508??\.venv310\Lib\site-packages\cffi\cffi_opcode.py,730741CFD2B2A42A806FB4837505AFC637854AA9A8E1AB9A7E83EACF76AFB388
C:\clean_rebuild\backup\SNS_24AutoProject+++0508??\.venv310\Lib\site-packages\cffi\cparser.py,B3BC3CDE0E567AE5278B83EAC9D22A71354DDB826EEFF444BC0C2386CF433909
C:\clean_rebuild\backup\SNS_24AutoProject+++0508??\.venv310\Lib\site-packages\cffi\ffiplatform.py,9F5159605C1D9B343C6E6050593BC2596198BBCD9A9414E36557378178C1BF7F
C:\clean_rebuild\backup\SNS_24AutoProject+++0508??\.venv310\Lib\site-packages\cffi\lock.py,35BF967BBFB5FB1C2440A7DF8D8F9FB79C77006AFAE692599A51E512307B3B3A
C:\clean_rebuild\backup\SNS_24AutoProject+++0508??\.venv310\Lib\site-packages\cffi\model.py,A3CFD8D49AA57FB92363AC0B854CD9D78A7F0302C4C4ADD550200EAAFF3B4273
C:\clean_rebuild\backup\SNS_24AutoProject+++0508??\.venv310\Lib\site-packages\cffi\pkgconfig.py,F730DC0DFD1728825AC451CB83B7BE5BCF976FC62AE61761A87EE42E0FAE811A
C:\clean_rebuild\backup\SNS_24AutoProject+++0508??\.venv310\Lib\site-packages\cffi\recompiler.py,F6FD2AF3C2F9E02208EA3DC6430EF3069B3A79DF656C8918CD42DDC495568192
C:\clean_rebuild\backup\SNS_24AutoProject+++0508??\.venv310\Lib\site-packages\cffi\setuptools_ext.py,825C160DEE5BF29CF74AB928D5F05B4E9045B8932D1248D4D0A02A00E8B1A580
C:\clean_rebuild\backup\SNS_24AutoProject+++0508??\.venv310\Lib\site-packages\cffi\vengine_cpy.py,7786A94ECF072393C9ABF9E39CDB57171ED47BAB9876A2E8098B7F8A99E92B24
C:\clean_rebuild\backup\SNS_24AutoProject+++0508??\.venv310\Lib\site-packages\cffi\vengine_gen.py,B75EBAECEFF2BC957DB9A71465103224664A406C0D17B9070CB22613F8B936DA
C:\clean_rebuild\backup\SNS_24AutoProject+++0508??\.venv310\Lib\site-packages\cffi\verifier.py,2515C9203326D3657F35F69BE0290BCEC696830F90519B08192A2357EC06496F
C:\clean_rebuild\backup\SNS_24AutoProject+++0508??\.venv310\Lib\site-packages\cffi\_imp_emulation.py,A463CD3B4A2C81C7B58850C29954204C4393B38209B49B2213C9C6AC569F8D50
C:\clean_rebuild\backup\SNS_24AutoProject+++0508??\.venv310\Lib\site-packages\PIL\AvifImagePlugin.py,73319CBB8AD8ED83C412051AF206D5AF7E420A6ECE5C3F2E53CC67055CFAA9C5
C:\clean_rebuild\backup\SNS_24AutoProject+++0508??\.venv310\Lib\site-packages\pycparser\ply\cpp.py,AE6128F08A0E175BE8647FC2E6F6DC3E5CBA61D6F43D4CA17E4751A5AF15F0BD
C:\clean_rebuild\backup\SNS_24AutoProject+++0508??\.venv310\Lib\site-packages\pycparser\ply\ctokens.py,9E30C3DDDBE8E9537FF9B7E35DF6CC3B3733976FBED138BD0329DB51AFF8C21F
C:\clean_rebuild\backup\SNS_24AutoProject+++0508??\.venv310\Lib\site-packages\pycparser\ply\lex.py,65FD10A3AA9D114EBA47DFDEEEDB32216572F4B04182FB213EF119E434B329FA
C:\clean_rebuild\backup\SNS_24AutoProject+++0508??\.venv310\Lib\site-packages\pycparser\ply\yacc.py,66ED2C9BDDB098525ACFCFABC9AE7F9CA218E6448BBA02B48B055558B3EBEB2D
C:\clean_rebuild\backup\SNS_24AutoProject+++0508??\.venv310\Lib\site-packages\pycparser\ply\ygen.py,1BC266746C61E075315041E2CF760CE868B716286AE2766FF56F19345F895184
C:\clean_rebuild\backup\SNS_24AutoProject+++0508??\.venv310\Lib\site-packages\pycparser\ast_transforms.py,C271EF0BD0CBA80AF9C150E1763D2CEBAB3DBF75D2637FE9FE5DD0EED48BCEE7
C:\clean_rebuild\backup\SNS_24AutoProject+++0508??\.venv310\Lib\site-packages\pycparser\c_ast.py,AA80439056B76FCEF969F7FE12320CB180DC2377700715C004DB2400045715A0
C:\clean_rebuild\backup\SNS_24AutoProject+++0508??\.venv310\Lib\site-packages\pycparser\c_generator.py,FC7D03A16C81C3BEC0BB45F74DA035D06DEC891E1D91085A177AFD1E3A19CE22
C:\clean_rebuild\backup\SNS_24AutoProject+++0508??\.venv310\Lib\site-packages\pycparser\c_lexer.py,C0DADD7327D7F3EAB15625D3BDF83E145220B973ECE56783145F892A0AF7F989
C:\clean_rebuild\backup\SNS_24AutoProject+++0508??\.venv310\Lib\site-packages\pycparser\c_parser.py,0B3359229B75DFB54C71FA6AC46D04E62CAE3DB154CDABBB5ED5CF258889A5EE
C:\clean_rebuild\backup\SNS_24AutoProject+++0508??\.venv310\Lib\site-packages\pycparser\lextab.py,AFE2C92B33E2902F5356EFB54A23C34954A3CCC6085680C87D058C135AD9A880
C:\clean_rebuild\backup\SNS_24AutoProject+++0508??\.venv310\Lib\site-packages\pycparser\plyparser.py,F2B28E8D46CC3680B9C19B84E420E07B85F1C27BA4C43F0337BFDF6A973DD598
C:\clean_rebuild\backup\SNS_24AutoProject+++0508??\.venv310\Lib\site-packages\pycparser\yacctab.py,55A8EF7E629B787F2B5A6FFAB2B4CB8285C677607089F9AC9254BC94001DE23E
C:\clean_rebuild\backup\SNS_24AutoProject+++0508??\.venv310\Lib\site-packages\pycparser\_ast_gen.py,200DDEDA88DBE6C2AC4FA30AB7B2C781F38A02B810F56C5170D53DA57164F440
C:\clean_rebuild\backup\SNS_24AutoProject+++0508??\.venv310\Lib\site-packages\pycparser\_build_tables.py,D35F523B91B3457B52EEEE5514CE5BBFB9F577435394EEE9047ADF1D4770B13A
C:\clean_rebuild\backup\SNS_24AutoProject+++0508??\.venv310\Lib\site-packages\selenium\types.py,4F179F9391910378F28B4462958F7144445D74E59CAEF0393C8C2F232FC94E0E
C:\clean_rebuild\backup\SNS_24AutoProject+++0508??\.venv310\Lib\site-packages\setuptools\command\alias.py,C4B8ED285A44CF244B49E8A494008D66DC4CEDDE44BF990EFBFA1D6F80A7E9CE
C:\clean_rebuild\backup\SNS_24AutoProject+++0508??\.venv310\Lib\site-packages\setuptools\command\bdist_egg.py,FC48C981C5F3AD0F1D0348CF2EFA008DBE0C90ED78D226DD79E96842811707B9
C:\clean_rebuild\backup\SNS_24AutoProject+++0508??\.venv310\Lib\site-packages\setuptools\command\develop.py,1F89A28816C9C76178AED24634C8994A573D33D2E15481BDFC77CD27E943E0C0
C:\clean_rebuild\backup\SNS_24AutoProject+++0508??\.venv310\Lib\site-packages\setuptools\command\dist_info.py,10B9654FA585A4C4438DD0E80F0431F7B1FEB8EE9AF5924485C1D2D8E4F7454C
C:\clean_rebuild\backup\SNS_24AutoProject+++0508??\.venv310\Lib\site-packages\setuptools\command\easy_install.py,91E2F456964288F13A4B72A8D086A1E7CEE199EEBB9ED4C74A78B191CF6D7E11
C:\clean_rebuild\backup\SNS_24AutoProject+++0508??\.venv310\Lib\site-packages\setuptools\command\egg_info.py,9F032665A167B9BCA3B7482F47923B47C7D8826F511DD2A70EF339841038B6D6
C:\clean_rebuild\backup\SNS_24AutoProject+++0508??\.venv310\Lib\site-packages\setuptools\command\py36compat.py,3D2F15E4800011C4BFB3AC8D196DEE89FE776486B5176991EF0E0437C8E71194
C:\clean_rebuild\backup\SNS_24AutoProject+++0508??\.venv310\Lib\site-packages\setuptools\command\saveopts.py,349DB89B7C698425260247610B72AF2FDE086AB0B31E3E7056D70C0E780B3794
C:\clean_rebuild\backup\SNS_24AutoProject+++0508??\.venv310\Lib\site-packages\setuptools\command\setopt.py,E6D270C0F158CA4714A8ABD6D5BE6F7F9FB96D71C8ACD9C5BBCBCB7376B28A5D
C:\clean_rebuild\backup\SNS_24AutoProject+++0508??\.venv310\Lib\site-packages\setuptools\command\upload_docs.py,FBA722F2F1E70CDF55B4F2AEB6163ADB15990CCD9B4ED8E9325E971DA35E6F36
C:\clean_rebuild\backup\SNS_24AutoProject+++0508??\.venv310\Lib\site-packages\setuptools\_distutils\command\bdist.py,13091B728141CA632AA0E58478BF8829A1751BCBE5BF04B290FE16E9437B32F4
C:\clean_rebuild\backup\SNS_24AutoProject+++0508??\.venv310\Lib\site-packages\setuptools\_distutils\command\bdist_dumb.py,58F9403890E57AF009EE1E746C4FA1A2F5DD19423C50C79E50EE65E33BE50D7F
C:\clean_rebuild\backup\SNS_24AutoProject+++0508??\.venv310\Lib\site-packages\setuptools\_distutils\command\bdist_msi.py,DBEDE8C20B4BB4963CFFB8FDC69DE2D21EFECB8B31B7DDCBC31AD464AE4B4C58
C:\clean_rebuild\backup\SNS_24AutoProject+++0508??\.venv310\Lib\site-packages\setuptools\_distutils\command\bdist_rpm.py,42A40C286E5D499F11544333F053260C7300D86BA04AA340ADE904394376FB1D
C:\clean_rebuild\backup\SNS_24AutoProject+++0508??\.venv310\Lib\site-packages\setuptools\_distutils\command\bdist_wininst.py,15FF0FEB5662CB5A6488691F1A0059340855057FF0A0E03C2CAD66A3E494F715
C:\clean_rebuild\backup\SNS_24AutoProject+++0508??\.venv310\Lib\site-packages\setuptools\_distutils\command\build.py,A14E1D4816BAF25BE91741BCBA24F05D246B683D5B8F172B0A32F6BE69EC5E48
C:\clean_rebuild\backup\SNS_24AutoProject+++0508??\.venv310\Lib\site-packages\setuptools\_distutils\command\build_clib.py,3F007AD1694CF467B4415F298A3FFA13A437432FA2F0CA9B2EF2DB5280E49CEE
C:\clean_rebuild\backup\SNS_24AutoProject+++0508??\.venv310\Lib\site-packages\setuptools\_distutils\command\build_ext.py,DFFB2B2B671A9E8610581E33395C28F540C5FC0994197135D1B1660F134E532F
C:\clean_rebuild\backup\SNS_24AutoProject+++0508??\.venv310\Lib\site-packages\setuptools\_distutils\command\build_py.py,F11140BC77E459176B0B8F631DBB99F5172D565ABC3470F540D9648D5E523414
C:\clean_rebuild\backup\SNS_24AutoProject+++0508??\.venv310\Lib\site-packages\setuptools\_distutils\command\clean.py,365032BCF96505C25731B70443729447DD76A9AB9ABC5F39FAE5E26BD5D8C857
C:\clean_rebuild\backup\SNS_24AutoProject+++0508??\.venv310\Lib\site-packages\setuptools\_distutils\command\install_data.py,5F3636105F43580FF7D81FB12443F76DBABD1126EDFFA270381DCB08882DEDE7
C:\clean_rebuild\backup\SNS_24AutoProject+++0508??\.venv310\Lib\site-packages\setuptools\_distutils\command\install_egg_info.py,31BBA08E3608ECE2C3EEFBBBA0005A0763FE4B280226CF0863F0ED6A06C875FE
C:\clean_rebuild\backup\SNS_24AutoProject+++0508??\.venv310\Lib\site-packages\setuptools\_distutils\command\install_headers.py,F6A45E4B26D78D7E04F27B5CAF7B0379FE61D55A8E82718BEC127E58809A0CC9
C:\clean_rebuild\backup\SNS_24AutoProject+++0508??\.venv310\Lib\site-packages\setuptools\_distutils\command\install_lib.py,73E0FBDF1D03F9EF6667F047902D2D03759DFF97F8096D8B4C3E15DBE10B71FE
C:\clean_rebuild\backup\SNS_24AutoProject+++0508??\.venv310\Lib\site-packages\setuptools\_distutils\command\py37compat.py,ED1EDFCF62271AC4B1FC88445A92CCA469845AEF9778B25D0F72800E98218D31
C:\clean_rebuild\backup\SNS_24AutoProject+++0508??\.venv310\Lib\site-packages\setuptools\_distutils\command\register.py,F625DDC3C57960B0C5E0B0A8B5E7F4F989ACEBE6126F1A5759AC5C59C700C440
C:\clean_rebuild\backup\SNS_24AutoProject+++0508??\.venv310\Lib\site-packages\setuptools\_distutils\command\upload.py,E54D5E9A5B6783A6DF72C2DCF6E4B4A41390782FD8013A7B27203B6ED8EE42ED
C:\clean_rebuild\backup\SNS_24AutoProject+++0508??\.venv310\Lib\site-packages\setuptools\_distutils\archive_util.py,1269FD4F5DA0E20A50450A72FF2331F282A04CB0802CB6DE38BA1052BB6729EA
C:\clean_rebuild\backup\SNS_24AutoProject+++0508??\.venv310\Lib\site-packages\setuptools\_distutils\bcppcompiler.py,5B1B928D077CA5273FF912E6B884520002B367052A5BE4034CADF00D79972898
C:\clean_rebuild\backup\SNS_24AutoProject+++0508??\.venv310\Lib\site-packages\setuptools\_distutils\ccompiler.py,F4ADE94360DA12A8FAF22DEF20C72B5ECE7D1CFC91415A333825BB8A7EA6918C
C:\clean_rebuild\backup\SNS_24AutoProject+++0508??\.venv310\Lib\site-packages\setuptools\_distutils\cmd.py,85E3FC729488F2A06EA61BC924C1BB0EFA0FD59E6BF9E8D80023C8B692D7E1E8
C:\clean_rebuild\backup\SNS_24AutoProject+++0508??\.venv310\Lib\site-packages\setuptools\_distutils\cygwinccompiler.py,063C4580844A1DC7E2FC6FA6602FC11E371C666D57236D6E1AC288C1B3CEB59D
C:\clean_rebuild\backup\SNS_24AutoProject+++0508??\.venv310\Lib\site-packages\setuptools\_distutils\dep_util.py,EED48F4538531E8707BA4F38346BD82D458EA969B7C75FE9B5076CA302BB3449
C:\clean_rebuild\backup\SNS_24AutoProject+++0508??\.venv310\Lib\site-packages\setuptools\_distutils\dir_util.py,CD5F2BF3CA6D55AC935BBDBD095EA56FC56EDE2466CE058EAFA6BAA72590E867
C:\clean_rebuild\backup\SNS_24AutoProject+++0508??\.venv310\Lib\site-packages\setuptools\_distutils\dist.py,CFF784AE8A785681AA317E820995F8B55D62E1B19A6598F55DB5F80BAD0AFF98
C:\clean_rebuild\backup\SNS_24AutoProject+++0508??\.venv310\Lib\site-packages\setuptools\_distutils\fancy_getopt.py,1D2ED826F86D339DBF44CA48A0FB4BEA8D23F4996FA010D8FB3A898ED42AEE08
C:\clean_rebuild\backup\SNS_24AutoProject+++0508??\.venv310\Lib\site-packages\setuptools\_distutils\filelist.py,7CA0CD0C4008FF6FFD3ED56EB4F29D478FF6C8C772B1C0CD77F41B073430B24B
C:\clean_rebuild\backup\SNS_24AutoProject+++0508??\.venv310\Lib\site-packages\setuptools\_distutils\file_util.py,485BEFF50549D7390CB8D3C84D57AAA2337CD10FF18F778339386CF4BEE42268
C:\clean_rebuild\backup\SNS_24AutoProject+++0508??\.venv310\Lib\site-packages\setuptools\_distutils\msvc9compiler.py,8C85989D39ADA0FE26CB05D8D904A52FC51BD7C70CD97304970A423017E679B3
C:\clean_rebuild\backup\SNS_24AutoProject+++0508??\.venv310\Lib\site-packages\setuptools\_distutils\msvccompiler.py,A44501ECE60D848B394E71C15BB2B0C510C27B5E08D4CD976E6D489B1BDDC392
C:\clean_rebuild\backup\SNS_24AutoProject+++0508??\.venv310\Lib\site-packages\setuptools\_distutils\py35compat.py,FCE12BCD8BA38BF02B52BA4C16A8E16C268E3604675781F74BF3FD50F4F4EE75
C:\clean_rebuild\backup\SNS_24AutoProject+++0508??\.venv310\Lib\site-packages\setuptools\_distutils\py38compat.py,38CFADDFADE63B4F0E8B62ACED349556BCCE9B2ED5E6E99431E46BA67521BFC1
C:\clean_rebuild\backup\SNS_24AutoProject+++0508??\.venv310\Lib\site-packages\setuptools\_distutils\spawn.py,D571281BBC35450EB7BD89F5B4C8CA022D4642ADEB47684788325D33DC659543
C:\clean_rebuild\backup\SNS_24AutoProject+++0508??\.venv310\Lib\site-packages\setuptools\_distutils\sysconfig.py,1344508C395A92461608EB6569CA8AB2CE6437C07BE31E23E71311B904E3710F
C:\clean_rebuild\backup\SNS_24AutoProject+++0508??\.venv310\Lib\site-packages\setuptools\_distutils\text_file.py,6EB413F25DA9A0E0123749386C325A247316B520D6E71F8D70C0E2341B51572A
C:\clean_rebuild\backup\SNS_24AutoProject+++0508??\.venv310\Lib\site-packages\setuptools\_distutils\unixccompiler.py,E6123DC2344C4E6DB889FE542A3DE81E446D8D0A6BBF538D1A8AAC8CDF15696E
C:\clean_rebuild\backup\SNS_24AutoProject+++0508??\.venv310\Lib\site-packages\setuptools\_distutils\versionpredicate.py,C7C544D2513B914C3198C469538272B3445F6FE6C118F0185ADED6232522F073
C:\clean_rebuild\backup\SNS_24AutoProject+++0508??\.venv310\Lib\site-packages\setuptools\_distutils\_msvccompiler.py,7B0D0230CD54ABE4043C0F4FF184A367DF3D3D89B89711D5E476E6248C743D4C
C:\clean_rebuild\backup\SNS_24AutoProject+++0508??\.venv310\Lib\site-packages\setuptools\_vendor\more_itertools\more.py,09D6A9EA0559E86DE7E1BE1483774DF9A968BE13F2A8750584FE17D78E554CB0
C:\clean_rebuild\backup\SNS_24AutoProject+++0508??\.venv310\Lib\site-packages\setuptools\_vendor\more_itertools\recipes.py,AB8612345EB34E590B8D5F72987E7D1E4D4E6989274EF45EB440032910FC70F7
C:\clean_rebuild\backup\SNS_24AutoProject+++0508??\.venv310\Lib\site-packages\setuptools\_vendor\ordered_set.py,9951A3E26815F8914606C715DD4DA2726B1CD2BB73A011C73AABA586B59F6512
C:\clean_rebuild\backup\SNS_24AutoProject+++0508??\.venv310\Lib\site-packages\setuptools\_vendor\pyparsing.py,BBC9F33A160F1AD7E8A995CE4BB625A8C7A49CA4C66C2FD36EC24EF52C955B32
C:\clean_rebuild\backup\SNS_24AutoProject+++0508??\.venv310\Lib\site-packages\setuptools\build_meta.py,0668EFA8CDD5FB2213E3E4155F0EEE9B8F063D56EC82DB22E07237CA979A3ADA
C:\clean_rebuild\backup\SNS_24AutoProject+++0508??\.venv310\Lib\site-packages\setuptools\depends.py,02D93125A2AA716506600645B278213510FE668509F88AADB762664137768233
C:\clean_rebuild\backup\SNS_24AutoProject+++0508??\.venv310\Lib\site-packages\setuptools\glob.py,5FE55A24275D1D8DBFB280E157C6D343B83AA0A64111042EC0D9EDED24F50726
C:\clean_rebuild\backup\SNS_24AutoProject+++0508??\.venv310\Lib\site-packages\setuptools\installer.py,5F8DA4A125849E99DF958B4EEF7C4B58D8A6144DAF35D8387AC6A14E2BC0E848
C:\clean_rebuild\backup\SNS_24AutoProject+++0508??\.venv310\Lib\site-packages\setuptools\launch.py,8460A5125C92BE4C7C72A1A4AC0CD2D8046F41A86F6E3462F588A0E26B80708A
C:\clean_rebuild\backup\SNS_24AutoProject+++0508??\.venv310\Lib\site-packages\setuptools\monkey.py,BB842AED59E951762EA341D087ED4CEE04C4D41415ED4A12F39A109E022FDCB0
C:\clean_rebuild\backup\SNS_24AutoProject+++0508??\.venv310\Lib\site-packages\setuptools\msvc.py,6569E24F332D3D793657BFA7894129EA6372F7F0DEE5B0C496C00160A14EDAF0
C:\clean_rebuild\backup\SNS_24AutoProject+++0508??\.venv310\Lib\site-packages\setuptools\namespaces.py,7C8040A7ADFAA3208084E2A4859C24B91B66A8B146A09FA4AA5AC6EC54CD0EBE
C:\clean_rebuild\backup\SNS_24AutoProject+++0508??\.venv310\Lib\site-packages\setuptools\package_index.py,D54DFD4029E5F2F6A5603D328D5BA0FDBBB25D32AFB6AE9B15E22AF38392A40F
C:\clean_rebuild\backup\SNS_24AutoProject+++0508??\.venv310\Lib\site-packages\setuptools\py34compat.py,8BC2382D06BDAD140C8B09EFB3C9CC955715CAF2EA55F4E4E2954624D45DC48C
C:\clean_rebuild\backup\SNS_24AutoProject+++0508??\.venv310\Lib\site-packages\setuptools\sandbox.py,801F269D6ACD3F722FCFDA06792FCBC6ADA49A8F2B4E946026BC8CF899301F39
C:\clean_rebuild\backup\SNS_24AutoProject+++0508??\.venv310\Lib\site-packages\setuptools\windows_support.py,65CCDAB2E7BE65C56BABDD91FCEE4A2552AC5EE117E4808E3DE53824E64CE5F2
C:\clean_rebuild\backup\SNS_24AutoProject+++0508??\.venv310\Lib\site-packages\setuptools\_deprecation_warning.py,DA4318FA3AC8F0B74B5F27FF99450D498B635AB7D66C336AEFBD1687D36B4806
C:\clean_rebuild\backup\SNS_24AutoProject+++0508??\.venv310\Lib\site-packages\setuptools\_imp.py,4E86CE44E71206A5B2322378F575DE205777E34C0CE1B060F16F0DEA83A1EB1C
C:\clean_rebuild\backup\SNS_24AutoProject+++0508??\.venv310\Lib\site-packages\undetected_chromedriver\devtool.py,FF1E41A20735CF652B06DD5DF2DE709DC338815A05CAC95EA78AA899AF8484A1
C:\clean_rebuild\backup\SNS_24AutoProject+++0508??\.venv310\Lib\site-packages\undetected_chromedriver\dprocess.py,D25989962C9D1BBE5F675A534F45E061F2B620F00F5A43EB897D91C5EA230F57
C:\clean_rebuild\backup\SNS_24AutoProject+++0508??\.venv310\Lib\site-packages\undetected_chromedriver\patcher.py,A2A3FEB02D9C8BCE053D61D2A9E248F55F0094E9E2A1176D2A483A3ADD539C75
C:\clean_rebuild\backup\SNS_24AutoProject+++0508??\.venv310\Lib\site-packages\undetected_chromedriver\reactor.py,1FFEDD7447A17239B866AF5795B6E2511B6084A278EFADF26455E7B01E1F1C72
C:\clean_rebuild\backup\SNS_24AutoProject+++0508??\.venv310\Lib\site-packages\websockets\asyncio\async_timeout.py,C3830B47047E746C5E77835DD9E4125B2723BC7FD041459EEBEF4C9D65877383
C:\clean_rebuild\backup\SNS_24AutoProject+++0508??\.venv310\Lib\site-packages\websockets\asyncio\compatibility.py,95DE65A5B06027C606022DED73584C888C6E2DE4160E0EA928360155B490325E
C:\clean_rebuild\backup\SNS_24AutoProject+++0508??\.venv310\Lib\site-packages\websockets\extensions\permessage_deflate.py,10D5819DDB0198F4B60F0E7060A9DAFDC03B129D3BAB4C7BE9A0EC16804EB4E5
C:\clean_rebuild\backup\SNS_24AutoProject+++0508??\.venv310\Lib\site-packages\websockets\legacy\framing.py,3B8C7782773EA13F1250582A195CB19F00430959BAD67AAC1977BB62EB7AF07A
C:\clean_rebuild\backup\SNS_24AutoProject+++0508??\.venv310\Lib\site-packages\websockets\legacy\http.py,38FBBF5258C5247EF89F193957E8E738E92ACDD5DCA49E8CD0BCA7229B99EF8D
C:\clean_rebuild\backup\SNS_24AutoProject+++0508??\.venv310\Lib\site-packages\websockets\sync\messages.py,5BA63E0591E0CAE43A854443B19DA2B5EC22E6500C27D95DED7D300255766649
C:\clean_rebuild\backup\SNS_24AutoProject+++0508??\.venv310\Lib\site-packages\websockets\sync\router.py,13A8758AF2D433D0EC9074019FB2D665086F577C9B62A705204A6C438525943F
C:\clean_rebuild\backup\SNS_24AutoProject+++0508??\.venv310\Lib\site-packages\websockets\datastructures.py,2475323EA34900213DF79ED2940327614EE59663F544310530319044A66EBC30
C:\clean_rebuild\backup\SNS_24AutoProject+++0508??\.venv310\Lib\site-packages\websockets\frames.py,A9768252DD87716BF4B59479CB6BD10A7300AF2C0100B20D15EE6C5C362FAD5C
C:\clean_rebuild\backup\SNS_24AutoProject+++0508??\.venv310\Lib\site-packages\websockets\headers.py,D9715B504D01CC421FB41476292DB281E491218CCF07E6BEAB7E637DD719D4C0
C:\clean_rebuild\backup\SNS_24AutoProject+++0508??\.venv310\Lib\site-packages\websockets\http11.py,AFC15A76FAA15AC533E747F3D3F331FEAB928B2BB62718A50A6E17F1F5E6C135
C:\clean_rebuild\backup\SNS_24AutoProject+++0508??\.venv310\Lib\site-packages\websockets\imports.py,A05756931CA98FF762BAA9DE46E0393961172CC43AA40B63FAB2AA154E8F99D8
C:\clean_rebuild\backup\SNS_24AutoProject+++0508??\.venv310\Lib\site-packages\websockets\streams.py,E83F98A2C55B4E86D4C4562DB12E6BA79DFE220D021FB1007ADA0E3FD5F20F4F
C:\clean_rebuild\backup\SNS_24AutoProject+++0508??\.venv310\Lib\site-packages\websockets\uri.py,FD9856833B8BFDE906586BBC405A1D7BFD2B80B376B68CFDBB530FBB9A290DAF
C:\clean_rebuild\backup\SNS_24AutoProject+++0508??\.venv310\Lib\site-packages\wsproto\typing.py,18C06164C576F3F6FC7F3860DFBD985F4EBAC4CB9B9D9390B0EB867ACA988871
C:\clean_rebuild\backup\SNS_24AutoProject+++0508??\.venv310\Lib\site-packages\_distutils_hack\override.py,C39CE75D11186C977B17C318AF66573B15198833DBA249D7548A9D2C706E9C0E
C:\clean_rebuild\backup\SNS_24AutoProject+++0508??\modules\actions\share_post_module.py,1C8E2CC872D83273AE6DA57C98F93150281DC4B3434F31FB05802F0983938F09
C:\clean_rebuild\backup\SNS_24AutoProject+++0508??\modules\filters\contact_cleaner.py,BF45DAF479E5A7F8A5B168C05BEFA0597BEB38172AD339F0B5CD5E453F26CA5C
C:\clean_rebuild\backup\SNS_24AutoProject+++0508??\modules\legacy_refined\social_action_module.py,1247CAF3FFE3169723C762535D8A6DAF83CFA78124538240B4FA414FAAEB133E
C:\clean_rebuild\backup\SNS_24AutoProject+++0508??\modules\crawler_facebook.py,03F1DE85F17E7F68C294818BF35F1D2537693B512258D93C6603D6DD56784A48
C:\clean_rebuild\backup\SNS_24AutoProject+++0508??\modules\image_generator.py,D0D07ED4F6FB01F929F53A250C463959345C8AD0636EC1DAE3D7D5E6ED3BB867
C:\clean_rebuild\backup\SNS_24AutoProject_FINAL_20250516_1002\modules\cfg_loader.py,B36E852E0A3451DA53EBAEF7D3C4C0A1B8FE1903A2C2381E0976169CCCE66B5D
C:\clean_rebuild\backup\SNS_24AutoProject_FINAL_20250516_1002\modules\cfg_local.py,8D5383EAADA9A02380C71636B562058133297265528FEBAEC594BC5C51B52807
C:\clean_rebuild\backup\SNS_24AutoProject_FINAL_20250516_1002\modules\pickle_serializer.py,06635F3FF6AB94D7D32662833140E43A9FBD1952CE6D6C842A741BE6B97EA40D
C:\clean_rebuild\backup\SNS_24AutoProject_FINAL_20250516_1002\modules\pprint_util_custom.py,0AA139E72818D7BA61EA7E3C87E331A60B8266A4E2BCD7919EB3BAB7194E5A0E
C:\clean_rebuild\backup\SNS_24AutoProject_FINAL_20250516_1002\modules\six_util_custom.py,5B7960EFC18C3C8448397F563BBB2EDA341773D75C32D7046509D0BAFFDA0381
C:\clean_rebuild\backup\SNS_24AutoProject_FINAL_20250516_1002\modules\ssl_handler.py,379AB337A66BD5E235387C735D9D54A5271F18FA3551E31C3AE9C10444ED7C72
C:\clean_rebuild\backup\SNS_24AutoProject_FINAL_20250516_1002\modules\task_queue_mgr.py,82AA5CB26C995A4F4DD69620324D2A50AA15E5D1D10E39F8FDE082371AE9A64E
C:\clean_rebuild\backup\SNS_24AutoProject_FINAL_20250516_1002\modules_unused\https_debugger.py,16217246FA761E8FAD34D1152C812F5D862A42B03D1025D76657FBACFF2790D4
C:\clean_rebuild\backup\SNS_24AutoProject_FINAL_20250516_1002\modules_unused\pickle_unused_backup.py,9254C831B44192A4F9A63C041755109D7BF0845BE726D491B5EEE79B994F76B0
C:\clean_rebuild\backup\SNS_24AutoProject_FINAL_20250516_1002\modules_unused\pyarrow_unused_backup.py,074A84DB4AA58CCB5D50FAF53FB33DC3655A242D054A89DEF31B733D2E68D46A
C:\clean_rebuild\backup\SNS_24AutoProject_FINAL_20250516_1002\modules_unused\webhook_sender.py,718B1F1220D8B84D59A0B279C147AC646A979F0679F65C117DAF050A65E1DB68
C:\clean_rebuild\configs\recovery_config.py,7BF629DA6B268833C3F999244A748A6F64E2F33F2B1F8E3643AED853DB05F679
C:\clean_rebuild\configs\settings.py,FADB84A2F2CD22CBAC613E2EC9DFFD845289A9E081E71BC513A1DA2F520DA57A
C:\clean_rebuild\core\big5freq.cpython-312.py,EA0B91FA308B3484CCF26002738866643286893BCC05451C6560F3ED2267D2E0
C:\clean_rebuild\core\big5prober.cpython-312.py,E28119C5A76FA536B65B940F32FB8C1C3985E7857656EF7E2062F6F8368095B7
C:\clean_rebuild\core\chardetect.cpython-312.py,E54FB31A7311502811686927837808C11BDE39EDA987FB4A4E34848A99164D5B
C:\clean_rebuild\core\chardistribution.cpython-312.py,FD898E63A51CCE15476D825BB58AD2C4AD87C9C1E5C5DD6592F2DB487E2A02E5
C:\clean_rebuild\core\charsetgroupprober.cpython-312.py,0CC93F7D48A98A2C5711E8C3CABD0B65694E36BD3C0F317346B76201120ED188
C:\clean_rebuild\core\charsetprober.cpython-312.py,3901646A6EE2C3445A315283D5A88272C110D2160DBA5DC54A1167B07F32D165
C:\clean_rebuild\core\codingstatemachine.cpython-312.py,E62906790D71F6B7373EB7543B36E96DF0F2E6E6C73378575590D82887B0E253
C:\clean_rebuild\core\codingstatemachinedict.cpython-312.py,713D9E5A665CD577B5CD54E28239B62B11C51EB78EC642859D8C6E2A769C7E2C
C:\clean_rebuild\core\cp949prober.cpython-312.py,BB461826C78927A6F1396AD47AFB67D676A14C834DDE308A2817D32660CD743E
C:\clean_rebuild\core\css.cpython-312.py,E661060A0FEF1B384DE650AE8B097D6EA3081B650504656E5B8FCFF38DCF33F2
C:\clean_rebuild\core\dammit.cpython-312.py,9D4393F82BC50CB7EDE994E945F7E851EECBE32EFEF7F6708620D0B119D00CF9
C:\clean_rebuild\core\diagnose.cpython-312.py,F9D5B1FC37F3F0523463C6AD302B35B9172884C198F0872CC1F6820BC3E61658
C:\clean_rebuild\core\element.cpython-312.py,1CBFAE81B7471924E61105E9222031D3DD5B1BCD8192AFDF9DC1113C236B0821
C:\clean_rebuild\core\enums.cpython-312.py,68DE755884DCBBC424F3FA7729CFC49096417D27118A1DA80860FF9248AD7EC4
C:\clean_rebuild\core\escprober.cpython-312.py,71EC3EACC5577A9414101DFE21C165CC720DDAE7AF049530B45862CD1BE132E5
C:\clean_rebuild\core\escsm.cpython-312.py,F4C9234C1774B1A898DF70D7EC6E63A9F0CB016B1EBE2C7240104825B5CB70A4
C:\clean_rebuild\core\eucjpprober.cpython-312.py,7F7DA60271CD0BD591E81E2BFF447ECA3948E7EA4F13BE8FACE65D61F2A517CA
C:\clean_rebuild\core\euckrfreq.cpython-312.py,A75C4FC708050FA971165DDB54C43C94230A45FCC5E3383D9DBC1445A4F05BF4
C:\clean_rebuild\core\euckrprober.cpython-312.py,E420E1A2701FD8DCCC8D5FD0AF5A5904324B22291F7AB146891CAEEDB789E752
C:\clean_rebuild\core\euctwfreq.cpython-312.py,AF2484F20E6AA6B320CB29AE453E185F084C58968D3F608CF3541C688AE6510B
C:\clean_rebuild\core\euctwprober.cpython-312.py,8CC48912A9F21706124C5E67976858DECA39B12718BCFE081EB2C380DD7792CD
C:\clean_rebuild\core\exceptions.cpython-312.py,BB7104838379F07BAFE64B5B3FB6EB979E4F496D445CF9214D1CE460B5B906B9
C:\clean_rebuild\core\filter.cpython-312.py,67196E98DC9861302F86072EDC62E0BDBA110C002DA3A3279356E560E31E391C
C:\clean_rebuild\core\formatter.cpython-312.py,A06EB1940A552A8A8AB0A547EF5571C456CD7794D32AB2BC51A5C58710D26EFB
C:\clean_rebuild\core\gb2312freq.cpython-312.py,19AFFBBBD3765183233CF60BD689B1D2A654A754EDFB4B92300F898627786F6C
C:\clean_rebuild\core\gb2312prober.cpython-312.py,8F6C4954C72456803E3656D762F54E5B6E2FD11851E6AC29576BF8E7FD12ABEC
C:\clean_rebuild\core\hebrewprober.cpython-312.py,1E46B93D0DC5CB6E1C8B3D148C89A5A6A0D387098282850D3B9C81F9F2CF7804
C:\clean_rebuild\core\jisfreq.cpython-312.py,C7A780464B2D7EDDDDDC0535884AFE43909DD6EEE8D6A27DF55BAADE0654E2E0
C:\clean_rebuild\core\johabfreq.cpython-312.py,7908F0198719576F75F11113E44A039769276DFDD7AF258E402C4D2E64A2EF0E
C:\clean_rebuild\core\johabprober.cpython-312.py,B711DE9D5FA66C9921EE0DEDF0E07F3FA379D9F78985BD4778480D962F11599D
C:\clean_rebuild\core\jpcntx.cpython-312.py,4D5D459C2406FB43B58875A9B5EF12CDD6AA772B9C28260D1E4E04BE4068944E
C:\clean_rebuild\core\langbulgarianmodel.cpython-312.py,AE59B2C29AE6183A3333A35870009D7AEF52CD1E434E4AC418CB3BEFDE2451C3
C:\clean_rebuild\core\langgreekmodel.cpython-312.py,8E0542D496DDD6BFD99E7D9D56753A199DE4110A447FD2A98F0D6F1F579ECA20
C:\clean_rebuild\core\langhebrewmodel.cpython-312.py,E65B4C9A30E5E9361C9299012B2DC12C164B19A663B446360B617C6D853C6865
C:\clean_rebuild\core\langhungarianmodel.cpython-312.py,4D4E3D01807436434273E85FD3AD07BCB4276296C4C8469A36CAC532B0525220
C:\clean_rebuild\core\langrussianmodel.cpython-312.py,056BFF3561ECA3EE56FA1593E2E3ECCFE0803CA1F3513E8B7B3FBA9376C6CD3C
C:\clean_rebuild\core\langthaimodel.cpython-312.py,E8505AB23DF84CB40B50AB37C095AAAC5C324B97BCCB5AB174A868496DBAA119
C:\clean_rebuild\core\langturkishmodel.cpython-312.py,BD3B8E49E856DB22286A8198FD67F8B22EEB3DDDD298FB69DB62FCFF8036BA83
C:\clean_rebuild\core\languages.cpython-312.py,618685F8880E86D03B19D08B1E243154C71C517C258D276F388024B01DDE94E1
C:\clean_rebuild\core\latin1prober.cpython-312.py,FE01E2A787D2A8F63FF4DDB3C15FBB112D7D3277E70534C5375885D1EB479BB6
C:\clean_rebuild\core\macromanprober.cpython-312.py,A56D44E90A1186815C5FD0BEEDD211FCD46881F2521EFE60FEC140AF889EF41C
C:\clean_rebuild\core\main_features.py,96B7470CF9839D8B2417D642D12D04190402FAFDD61BF344C9D34765D08B8482
C:\clean_rebuild\core\mbcharsetprober.cpython-312.py,77D14A7FFE4F8D0F6830D90B21DEB9FE487EFEFA6E96EA5FCEBCF497943EB37B
C:\clean_rebuild\core\mbcsgroupprober.cpython-312.py,3E1417F0C539D082EB51BD73262AF90406BDCAD7EE813BE0C3399FDD502D83AC
C:\clean_rebuild\core\mbcssm.cpython-312.py,755661F14C2F6971B863EE6574FE7E074843C5B098726F64154B0F204F11CCE0
C:\clean_rebuild\core\resultdict.cpython-312.py,E50CBF588D63EB3DCA52FBAD5F4A39EC93CC391FC21B7FA18DE4171399C9FAE2
C:\clean_rebuild\core\run_engine.py,FF8DFECAD6C94C1032D1AEEA976ECC47D8B5B2A315892A3F8390F160EDE778EF
C:\clean_rebuild\core\sbcharsetprober.cpython-312.py,0EE61A69BBC952B4A4B836E601E36A6937A729EE055FDFCBF0D2456A6DFEB6D7
C:\clean_rebuild\core\sbcsgroupprober.cpython-312.py,90A9F7F9AB7E5605796060DCB79372AEB780A37F6E91565FAA7F8A8CD85CA9BA
C:\clean_rebuild\core\sjisprober.cpython-312.py,7756FFD3BE31A65EE51D4747D1FE73B76CAEA6BE02FF8E83C11C56D039445A58
C:\clean_rebuild\core\universaldetector.cpython-312.py,6C82441C56C57A3B443F297A8AF417B30D98F7749D77D2EE12914A93E4890484
C:\clean_rebuild\core\utf1632prober.cpython-312.py,EB0BCFF1CE2ADB03527C10265EE3F500DC5C9E3ABB5D90EF648CC45B358C12F9
C:\clean_rebuild\core\utf8prober.cpython-312.py,1D9737A7B789DEC2E969E696E08AD65916F4D10A6BCC17168B2FB73E8905BCA4
C:\clean_rebuild\core\version.cpython-312.py,4B9CB7DDF56DBC61783F2FB1048427523CE2D66EBB515F8DFA07C50FE6A913F5
C:\clean_rebuild\core\_deprecation.cpython-312.py,17D7BE023FA651C528E950168405CC06D54672F1B5303AF72708DAF15104F058
C:\clean_rebuild\core\_html5lib.cpython-312.py,9202E8326124836508D135E734C4C2989E53A53903FA012F7D7969638EA492FD
C:\clean_rebuild\core\_htmlparser.cpython-312.py,0225B223818E1558958E614D0121E1F32FF70C7D6104D4D28C7201622A80E967
C:\clean_rebuild\core\_lxml.cpython-312.py,476D4E5848EAA1574FDF23253DFC0E2F544A2E733DB58A39C235A46391DCB22E
C:\clean_rebuild\core\_typing.cpython-312.py,1DFAEAE269273B2CA164F835E96EBDDFEDDEACD0822AAAFF0B74D51D4E14FD88
C:\clean_rebuild\core\_warnings.cpython-312.py,A15D3C353F39CFDE843F06BE628EDDD547113E97EE7CF5DF720B985119905A87
C:\clean_rebuild\core\__init__.cpython-312.py,30FBE89F42ADF539A4AE3398EB677DD6316F991CD4C0C189CFDDCDA6E846D81F
C:\clean_rebuild\data\exported_data\export_all_logtables.py,FB814D40F5C54C7543F89C35E2D12026402CA4261B3D8E3FAC2729AE427B94D8
C:\clean_rebuild\data\exported_data\export_all_logtables_1.py,F99C5EA84D9A7FB5F90B1DC3437F4C1F6A2EC2963F1DFCD5B509EF1FF234515D
C:\clean_rebuild\data\exported_data\export_all_logtables_to_excel.py,3C16BDBAFF978589F7A3D9EA994480D1E5B98FAD270BFC68D9C274E4F988E1EE
C:\clean_rebuild\data\exported_data\export_all_logtables_to_excel_1.py,5BE107DDE760674D3F462AFECC30A74220A976EFE41C98A487A57BD5A5DAD204
C:\clean_rebuild\data\exported_data\export_all_logtables_to_excel_2.py,5BE107DDE760674D3F462AFECC30A74220A976EFE41C98A487A57BD5A5DAD204
C:\clean_rebuild\data\exported_data\export_all_logtables_to_excel_3.py,5BE107DDE760674D3F462AFECC30A74220A976EFE41C98A487A57BD5A5DAD204
C:\clean_rebuild\data\exported_data\export_all_logtables_to_excel_4.py,5BE107DDE760674D3F462AFECC30A74220A976EFE41C98A487A57BD5A5DAD204
C:\clean_rebuild\data\exported_data\export_all_logtables_to_excel_5.py,5BE107DDE760674D3F462AFECC30A74220A976EFE41C98A487A57BD5A5DAD204
C:\clean_rebuild\data\exported_data\export_all_logtables_to_excel_6.py,5BE107DDE760674D3F462AFECC30A74220A976EFE41C98A487A57BD5A5DAD204
C:\clean_rebuild\data\exported_data\export_all_tables_with_datetime.py,E33E7B21C6B738E1D1BBC9481A63F90128F9DED321D86C850FA7112B6C7DBFF9
C:\clean_rebuild\data\exported_data\export_all_tables_with_datetime_1.py,9D370629DC3E61C26B3CA907EA6BBBE0529DAFEA2887FF453467026E1F4519F2
C:\clean_rebuild\data\exported_data\export_all_tables_with_datetime_2.py,9D370629DC3E61C26B3CA907EA6BBBE0529DAFEA2887FF453467026E1F4519F2
C:\clean_rebuild\data\exported_data\export_all_tables_with_datetime_3.py,9D370629DC3E61C26B3CA907EA6BBBE0529DAFEA2887FF453467026E1F4519F2
C:\clean_rebuild\data\exported_data\export_all_tables_with_datetime_4.py,9D370629DC3E61C26B3CA907EA6BBBE0529DAFEA2887FF453467026E1F4519F2
C:\clean_rebuild\data\exported_data\export_all_tables_with_datetime_5.py,9D370629DC3E61C26B3CA907EA6BBBE0529DAFEA2887FF453467026E1F4519F2
C:\clean_rebuild\data\exported_data\export_all_tables_with_datetime_6.py,9D370629DC3E61C26B3CA907EA6BBBE0529DAFEA2887FF453467026E1F4519F2
C:\clean_rebuild\data\exported_data\export_all_table_row_counts.py,E92910B7CE428B702BD29A167D1ED91AA4CF68B8A3C56DD748AEDA04F291A268
C:\clean_rebuild\data\exported_data\export_all_table_row_counts_1.py,EEC21CB0A1D4C2A4DFF6E243775E797905B10D3C13DB95AE631098F099AAB60C
C:\clean_rebuild\data\exported_data\export_all_table_row_counts_2.py,EEC21CB0A1D4C2A4DFF6E243775E797905B10D3C13DB95AE631098F099AAB60C
C:\clean_rebuild\data\exported_data\export_all_table_row_counts_3.py,EEC21CB0A1D4C2A4DFF6E243775E797905B10D3C13DB95AE631098F099AAB60C
C:\clean_rebuild\data\exported_data\export_all_table_row_counts_4.py,EEC21CB0A1D4C2A4DFF6E243775E797905B10D3C13DB95AE631098F099AAB60C
C:\clean_rebuild\data\exported_data\export_all_table_row_counts_5.py,EEC21CB0A1D4C2A4DFF6E243775E797905B10D3C13DB95AE631098F099AAB60C
C:\clean_rebuild\data\exported_data\export_all_table_row_counts_6.py,EEC21CB0A1D4C2A4DFF6E243775E797905B10D3C13DB95AE631098F099AAB60C
C:\clean_rebuild\data\exported_data\export_command_log.py,762AF5809E96A18D4F30E169F9D7FC4AF5AFEB4C53326C7CFB57EDABD9BC0CEE
C:\clean_rebuild\data\exported_data\export_command_log_1.py,90C94D505AB099CABA57EFAA13B7C5A74DC7B8623B4407B46F7511A3C58AE850
C:\clean_rebuild\data\exported_data\export_command_log_2.py,90C94D505AB099CABA57EFAA13B7C5A74DC7B8623B4407B46F7511A3C58AE850
C:\clean_rebuild\data\exported_data\export_command_log_3.py,90C94D505AB099CABA57EFAA13B7C5A74DC7B8623B4407B46F7511A3C58AE850
C:\clean_rebuild\data\exported_data\export_command_log_4.py,90C94D505AB099CABA57EFAA13B7C5A74DC7B8623B4407B46F7511A3C58AE850
C:\clean_rebuild\data\exported_data\export_command_log_5.py,90C94D505AB099CABA57EFAA13B7C5A74DC7B8623B4407B46F7511A3C58AE850
C:\clean_rebuild\data\exported_data\export_command_log_6.py,90C94D505AB099CABA57EFAA13B7C5A74DC7B8623B4407B46F7511A3C58AE850
C:\clean_rebuild\data\exported_data\export_db_schema_to_csv.py,B1BA7D7EB80F370047C619E3FBBE86CFCE5FB19D760E41B948EDB24E832C7771
C:\clean_rebuild\data\exported_data\export_db_snapshot_excel.py,D8AE5586A6388F81E296B57E01A09FBDD92B6364CE5A961CE947CDFC01EA48FF
C:\clean_rebuild\data\exported_data\export_disk_log.py,146CD0B15E37C8FDC4AE406D976A914BB74B07981EF47192759EC7089BF056EE
C:\clean_rebuild\data\exported_data\export_disk_log_1.py,1A3DC46A14DD6E581F0778972E18C277B87CC5F433C1AFCB2E083D409D7C3143
C:\clean_rebuild\data\exported_data\export_disk_log_2.py,1A3DC46A14DD6E581F0778972E18C277B87CC5F433C1AFCB2E083D409D7C3143
C:\clean_rebuild\data\exported_data\export_disk_log_3.py,1A3DC46A14DD6E581F0778972E18C277B87CC5F433C1AFCB2E083D409D7C3143
C:\clean_rebuild\data\exported_data\export_disk_log_4.py,1A3DC46A14DD6E581F0778972E18C277B87CC5F433C1AFCB2E083D409D7C3143
C:\clean_rebuild\data\exported_data\export_disk_log_5.py,1A3DC46A14DD6E581F0778972E18C277B87CC5F433C1AFCB2E083D409D7C3143
C:\clean_rebuild\data\exported_data\export_disk_log_6.py,1A3DC46A14DD6E581F0778972E18C277B87CC5F433C1AFCB2E083D409D7C3143
C:\clean_rebuild\data\exported_data\export_env_log.py,7DFCD4B3B935CEEB2B7E47937D3B0A474AC7AF439287FBAFA4DAD839AB593D5C
C:\clean_rebuild\data\exported_data\export_env_log_1.py,72C3B3903AF345AF3C95333FEC740E21D596978CA5C0FB908BCA412023B19B69
C:\clean_rebuild\data\exported_data\export_env_log_2.py,72C3B3903AF345AF3C95333FEC740E21D596978CA5C0FB908BCA412023B19B69
C:\clean_rebuild\data\exported_data\export_env_log_3.py,72C3B3903AF345AF3C95333FEC740E21D596978CA5C0FB908BCA412023B19B69
C:\clean_rebuild\data\exported_data\export_env_log_4.py,72C3B3903AF345AF3C95333FEC740E21D596978CA5C0FB908BCA412023B19B69
C:\clean_rebuild\data\exported_data\export_env_log_5.py,72C3B3903AF345AF3C95333FEC740E21D596978CA5C0FB908BCA412023B19B69
C:\clean_rebuild\data\exported_data\export_env_log_6.py,72C3B3903AF345AF3C95333FEC740E21D596978CA5C0FB908BCA412023B19B69
C:\clean_rebuild\data\exported_data\export_feedback_log.py,50E8CDDDEC35A1878BF955222D39313B7D9A2A5C7D9F6D67AECA08DE28ED55F3
C:\clean_rebuild\data\exported_data\export_feedback_log_1.py,B94F4EBD62D3BA93291C40C63C10D9FE3EE242EF3377AE19D04172943799B418
C:\clean_rebuild\data\exported_data\export_git_commits_to_csv.py,BCF0C7926B13A0BE5D2FE2C6E19ADBE3B748B5B00232051B203B01AB931C05B9
C:\clean_rebuild\data\exported_data\export_hook_logs_to_csv.py,2541EC429457A8BC4C5574D706B8B3D2612C1913AAAA3AECD1452EB1B4CE852C
C:\clean_rebuild\data\exported_data\export_hook_logs_to_csv_1.py,4635ED32603A27841CFA7D73CBA369667E8CD9FB5C7890F47FC2FE7764174A98
C:\clean_rebuild\data\exported_data\export_hook_logs_to_csv_2.py,4635ED32603A27841CFA7D73CBA369667E8CD9FB5C7890F47FC2FE7764174A98
C:\clean_rebuild\data\exported_data\export_hook_logs_to_csv_3.py,4635ED32603A27841CFA7D73CBA369667E8CD9FB5C7890F47FC2FE7764174A98
C:\clean_rebuild\data\exported_data\export_hook_logs_to_csv_4.py,4635ED32603A27841CFA7D73CBA369667E8CD9FB5C7890F47FC2FE7764174A98
C:\clean_rebuild\data\exported_data\export_hook_logs_to_csv_5.py,4635ED32603A27841CFA7D73CBA369667E8CD9FB5C7890F47FC2FE7764174A98
C:\clean_rebuild\data\exported_data\export_hook_logs_to_csv_6.py,4635ED32603A27841CFA7D73CBA369667E8CD9FB5C7890F47FC2FE7764174A98
C:\clean_rebuild\data\exported_data\export_logtrace.py,7102CAC5FCFDC9DC093938FCE1692D1D496C4E7D837F7BAE91B87CDAC6F75E66
C:\clean_rebuild\data\exported_data\export_logtrace_1.py,2C24304633D4F88C6FADAAA052E611AE3301613824218B6E1D58CCEF08FA1AFC
C:\clean_rebuild\data\exported_data\export_logtrace_2.py,C350E2EEAF242F4DA3E516564ED8A49DA571B112D4103D28930F8AADB63386B0
C:\clean_rebuild\data\exported_data\export_logtrace_3.py,2C24304633D4F88C6FADAAA052E611AE3301613824218B6E1D58CCEF08FA1AFC
C:\clean_rebuild\data\exported_data\export_logtrace_4.py,C350E2EEAF242F4DA3E516564ED8A49DA571B112D4103D28930F8AADB63386B0
C:\clean_rebuild\data\exported_data\export_logtrace_5.py,2C24304633D4F88C6FADAAA052E611AE3301613824218B6E1D58CCEF08FA1AFC
C:\clean_rebuild\data\exported_data\export_logtrace_6.py,C350E2EEAF242F4DA3E516564ED8A49DA571B112D4103D28930F8AADB63386B0
C:\clean_rebuild\data\exported_data\export_logtrace_table.py,2DDFFF52DF6088477E585A22D9D95C9568A800170C8C1A40CD5B987EC4FC7C56
C:\clean_rebuild\data\exported_data\export_logtrace_table_1.py,D0878727735FBB3928A754B58AB2899BF34636EC1AB46534CC84BE4E514D1C64
C:\clean_rebuild\data\exported_data\export_logtrace_to_csv.py,C79F52B5102974390D58860241943F6033E33407C287FA68A4D5E608564A9CBA
C:\clean_rebuild\data\exported_data\export_logtrace_to_csv_1.py,C8201D9B917B876E236598D32E3440A93E16C339FC33B84C40DB7987715C0861
C:\clean_rebuild\data\exported_data\export_logtrace_to_csv_2.py,C8201D9B917B876E236598D32E3440A93E16C339FC33B84C40DB7987715C0861
C:\clean_rebuild\data\exported_data\export_logtrace_to_csv_3.py,C8201D9B917B876E236598D32E3440A93E16C339FC33B84C40DB7987715C0861
C:\clean_rebuild\data\exported_data\export_logtrace_to_csv_4.py,C8201D9B917B876E236598D32E3440A93E16C339FC33B84C40DB7987715C0861
C:\clean_rebuild\data\exported_data\export_logtrace_to_csv_5.py,C8201D9B917B876E236598D32E3440A93E16C339FC33B84C40DB7987715C0861
C:\clean_rebuild\data\exported_data\export_logtrace_to_csv_6.py,C8201D9B917B876E236598D32E3440A93E16C339FC33B84C40DB7987715C0861
C:\clean_rebuild\data\exported_data\export_logtrace_to_csv_with_datetime.py,527CF341C524EF3F4296677ED2765A234750E19D1D2832DD01BC2A54A3FB3659
C:\clean_rebuild\data\exported_data\export_logtrace_to_csv_with_datetime_1.py,5C162B686211E4329039BFCED5DC32A89037C985A8DD968C1CB62A8F25817BEF
C:\clean_rebuild\data\exported_data\export_logtrace_to_csv_with_datetime_2.py,5C162B686211E4329039BFCED5DC32A89037C985A8DD968C1CB62A8F25817BEF
C:\clean_rebuild\data\exported_data\export_logtrace_to_csv_with_datetime_3.py,5C162B686211E4329039BFCED5DC32A89037C985A8DD968C1CB62A8F25817BEF
C:\clean_rebuild\data\exported_data\export_logtrace_to_csv_with_datetime_4.py,5C162B686211E4329039BFCED5DC32A89037C985A8DD968C1CB62A8F25817BEF
C:\clean_rebuild\data\exported_data\export_logtrace_to_csv_with_datetime_5.py,5C162B686211E4329039BFCED5DC32A89037C985A8DD968C1CB62A8F25817BEF
C:\clean_rebuild\data\exported_data\export_logtrace_to_csv_with_datetime_6.py,5C162B686211E4329039BFCED5DC32A89037C985A8DD968C1CB62A8F25817BEF
C:\clean_rebuild\data\exported_data\export_logtrace_to_excel.py,CE5B71E647C18C2DBFA93C71F0B4B7218F3BCF2BBC4DCB5EED50490C2B39E857
C:\clean_rebuild\data\exported_data\export_logtrace_to_excel_1.py,0EF7AE6E9DEF0B5364F8CC6CB9ADD325973B2FBAAE05459EFE960A0EB0AAF589
C:\clean_rebuild\data\exported_data\export_logtrace_to_excel_2.py,0EF7AE6E9DEF0B5364F8CC6CB9ADD325973B2FBAAE05459EFE960A0EB0AAF589
C:\clean_rebuild\data\exported_data\export_logtrace_to_excel_3.py,0EF7AE6E9DEF0B5364F8CC6CB9ADD325973B2FBAAE05459EFE960A0EB0AAF589
C:\clean_rebuild\data\exported_data\export_logtrace_to_excel_4.py,0EF7AE6E9DEF0B5364F8CC6CB9ADD325973B2FBAAE05459EFE960A0EB0AAF589
C:\clean_rebuild\data\exported_data\export_logtrace_to_excel_5.py,0EF7AE6E9DEF0B5364F8CC6CB9ADD325973B2FBAAE05459EFE960A0EB0AAF589
C:\clean_rebuild\data\exported_data\export_logtrace_to_excel_6.py,0EF7AE6E9DEF0B5364F8CC6CB9ADD325973B2FBAAE05459EFE960A0EB0AAF589
C:\clean_rebuild\data\exported_data\export_logtrace_to_excel_with_datetime.py,58D06E06CBC5B381BDD053DA5F7A78EE792FC8CB00C5AC390B2437AC2940802F
C:\clean_rebuild\data\exported_data\export_logtrace_to_excel_with_datetime_1.py,4FC198F6F9743D635BF4DAFA852501F30A43088ED1AF1D02DF612C2F8823C1C9
C:\clean_rebuild\data\exported_data\export_logtrace_to_excel_with_datetime_2.py,4FC198F6F9743D635BF4DAFA852501F30A43088ED1AF1D02DF612C2F8823C1C9
C:\clean_rebuild\data\exported_data\export_logtrace_to_excel_with_datetime_3.py,4FC198F6F9743D635BF4DAFA852501F30A43088ED1AF1D02DF612C2F8823C1C9
C:\clean_rebuild\data\exported_data\export_logtrace_to_excel_with_datetime_4.py,4FC198F6F9743D635BF4DAFA852501F30A43088ED1AF1D02DF612C2F8823C1C9
C:\clean_rebuild\data\exported_data\export_logtrace_to_excel_with_datetime_5.py,4FC198F6F9743D635BF4DAFA852501F30A43088ED1AF1D02DF612C2F8823C1C9
C:\clean_rebuild\data\exported_data\export_logtrace_to_excel_with_datetime_6.py,4FC198F6F9743D635BF4DAFA852501F30A43088ED1AF1D02DF612C2F8823C1C9
C:\clean_rebuild\data\exported_data\export_logtrace_with_datetime.py,527CF341C524EF3F4296677ED2765A234750E19D1D2832DD01BC2A54A3FB3659
C:\clean_rebuild\data\exported_data\export_logtrace_with_datetime_1.py,5C162B686211E4329039BFCED5DC32A89037C985A8DD968C1CB62A8F25817BEF
C:\clean_rebuild\data\exported_data\export_logtrace_with_datetime_2.py,5C162B686211E4329039BFCED5DC32A89037C985A8DD968C1CB62A8F25817BEF
C:\clean_rebuild\data\exported_data\export_logtrace_with_datetime_3.py,5C162B686211E4329039BFCED5DC32A89037C985A8DD968C1CB62A8F25817BEF
C:\clean_rebuild\data\exported_data\export_logtrace_with_datetime_4.py,5C162B686211E4329039BFCED5DC32A89037C985A8DD968C1CB62A8F25817BEF
C:\clean_rebuild\data\exported_data\export_logtrace_with_datetime_5.py,5C162B686211E4329039BFCED5DC32A89037C985A8DD968C1CB62A8F25817BEF
C:\clean_rebuild\data\exported_data\export_logtrace_with_datetime_6.py,5C162B686211E4329039BFCED5DC32A89037C985A8DD968C1CB62A8F25817BEF
C:\clean_rebuild\data\exported_data\export_logtrace_with_datetime_csv.py,8F07A6D172F21821380DE22A2D1BFB41186DC1B88FB80ACA184665CA4A678E0B
C:\clean_rebuild\data\exported_data\export_logtrace_with_datetime_csv_1.py,BB8B0E396D9120270296F18542A438FD68CE2FE2267235DF57C824B33BEFF8C3
C:\clean_rebuild\data\exported_data\export_logtrace_with_datetime_csv_2.py,BB8B0E396D9120270296F18542A438FD68CE2FE2267235DF57C824B33BEFF8C3
C:\clean_rebuild\data\exported_data\export_logtrace_with_datetime_csv_3.py,BB8B0E396D9120270296F18542A438FD68CE2FE2267235DF57C824B33BEFF8C3
C:\clean_rebuild\data\exported_data\export_logtrace_with_datetime_csv_4.py,BB8B0E396D9120270296F18542A438FD68CE2FE2267235DF57C824B33BEFF8C3
C:\clean_rebuild\data\exported_data\export_logtrace_with_datetime_csv_5.py,BB8B0E396D9120270296F18542A438FD68CE2FE2267235DF57C824B33BEFF8C3
C:\clean_rebuild\data\exported_data\export_logtrace_with_datetime_csv_6.py,BB8B0E396D9120270296F18542A438FD68CE2FE2267235DF57C824B33BEFF8C3
C:\clean_rebuild\data\exported_data\export_logtrace_with_os_path.py,8F07A6D172F21821380DE22A2D1BFB41186DC1B88FB80ACA184665CA4A678E0B
C:\clean_rebuild\data\exported_data\export_logtrace_with_os_path_1.py,BB8B0E396D9120270296F18542A438FD68CE2FE2267235DF57C824B33BEFF8C3
C:\clean_rebuild\data\exported_data\export_logtrace_with_os_path_2.py,BB8B0E396D9120270296F18542A438FD68CE2FE2267235DF57C824B33BEFF8C3
C:\clean_rebuild\data\exported_data\export_logtrace_with_os_path_3.py,BB8B0E396D9120270296F18542A438FD68CE2FE2267235DF57C824B33BEFF8C3
C:\clean_rebuild\data\exported_data\export_logtrace_with_os_path_4.py,BB8B0E396D9120270296F18542A438FD68CE2FE2267235DF57C824B33BEFF8C3
C:\clean_rebuild\data\exported_data\export_logtrace_with_os_path_5.py,BB8B0E396D9120270296F18542A438FD68CE2FE2267235DF57C824B33BEFF8C3
C:\clean_rebuild\data\exported_data\export_logtrace_with_os_path_6.py,BB8B0E396D9120270296F18542A438FD68CE2FE2267235DF57C824B33BEFF8C3
C:\clean_rebuild\data\exported_data\export_log_summary.py,20FB6CB861CEAE79D57EB3E9305199C7324B02FCBB222EDBE9ED3344E5BE6D13
C:\clean_rebuild\data\exported_data\export_log_summary_1.py,1A4551C786056252EB2D620F2DE9C4C065E55A33C9AB9F38984D41A4F575CDF0
C:\clean_rebuild\data\exported_data\export_log_summary_2.py,1A4551C786056252EB2D620F2DE9C4C065E55A33C9AB9F38984D41A4F575CDF0
C:\clean_rebuild\data\exported_data\export_log_summary_csv_with_datetime.py,E1210B12E72DCD45FFA9DA3E952833EA41D94AAF574E7AFE578FEFB605E08C67
C:\clean_rebuild\data\exported_data\export_log_summary_csv_with_datetime_1.py,A6622FD633D181BA6861D86D5DEC547CE4BA32E8F5FD0E0651F4D08B91902536
C:\clean_rebuild\data\exported_data\export_log_summary_csv_with_datetime_2.py,A6622FD633D181BA6861D86D5DEC547CE4BA32E8F5FD0E0651F4D08B91902536
C:\clean_rebuild\data\exported_data\export_log_summary_csv_with_datetime_3.py,A6622FD633D181BA6861D86D5DEC547CE4BA32E8F5FD0E0651F4D08B91902536
C:\clean_rebuild\data\exported_data\export_log_summary_csv_with_datetime_4.py,A6622FD633D181BA6861D86D5DEC547CE4BA32E8F5FD0E0651F4D08B91902536
C:\clean_rebuild\data\exported_data\export_log_summary_csv_with_datetime_5.py,A6622FD633D181BA6861D86D5DEC547CE4BA32E8F5FD0E0651F4D08B91902536
C:\clean_rebuild\data\exported_data\export_log_summary_csv_with_datetime_6.py,A6622FD633D181BA6861D86D5DEC547CE4BA32E8F5FD0E0651F4D08B91902536
C:\clean_rebuild\data\exported_data\export_network_log.py,524F034AF41CE4C7EBC818D7529196944E856558B7EDC0B66DCE7F404585DB41
C:\clean_rebuild\data\exported_data\export_network_log_1.py,3CB39413E11CA6BAAEA7C2776B2572D8BC0D43C76FFF7FCDB701DAF7CFA9D71B
C:\clean_rebuild\data\exported_data\export_network_log_2.py,3CB39413E11CA6BAAEA7C2776B2572D8BC0D43C76FFF7FCDB701DAF7CFA9D71B
C:\clean_rebuild\data\exported_data\export_network_log_3.py,3CB39413E11CA6BAAEA7C2776B2572D8BC0D43C76FFF7FCDB701DAF7CFA9D71B
C:\clean_rebuild\data\exported_data\export_network_log_4.py,3CB39413E11CA6BAAEA7C2776B2572D8BC0D43C76FFF7FCDB701DAF7CFA9D71B
C:\clean_rebuild\data\exported_data\export_network_log_5.py,3CB39413E11CA6BAAEA7C2776B2572D8BC0D43C76FFF7FCDB701DAF7CFA9D71B
C:\clean_rebuild\data\exported_data\export_network_log_6.py,3CB39413E11CA6BAAEA7C2776B2572D8BC0D43C76FFF7FCDB701DAF7CFA9D71B
C:\clean_rebuild\data\exported_data\export_session_log.py,50BFCDF94A6D03679E8897C46B0BF2BD4D0C9133FB65D69FA57B2485F799A9F4
C:\clean_rebuild\data\exported_data\export_session_log_1.py,C8B7F4BD751AED313E1836D64BD06D94C8838A71305DE44859BFBC55D6D89DE2
C:\clean_rebuild\data\exported_data\export_session_log_2.py,C8B7F4BD751AED313E1836D64BD06D94C8838A71305DE44859BFBC55D6D89DE2
C:\clean_rebuild\data\exported_data\export_session_log_3.py,C8B7F4BD751AED313E1836D64BD06D94C8838A71305DE44859BFBC55D6D89DE2
C:\clean_rebuild\data\exported_data\export_session_log_4.py,C8B7F4BD751AED313E1836D64BD06D94C8838A71305DE44859BFBC55D6D89DE2
C:\clean_rebuild\data\exported_data\export_session_log_5.py,C8B7F4BD751AED313E1836D64BD06D94C8838A71305DE44859BFBC55D6D89DE2
C:\clean_rebuild\data\exported_data\export_session_log_6.py,C8B7F4BD751AED313E1836D64BD06D94C8838A71305DE44859BFBC55D6D89DE2
C:\clean_rebuild\data\exported_data\export_session_qasummary.py,4F274287D1CED3DF6F6D65ECC18EF3F7077CD60A17A7503209F695BF5D00870D
C:\clean_rebuild\data\exported_data\export_session_qasummary_1.py,E3B0C44298FC1C149AFBF4C8996FB92427AE41E4649B934CA495991B7852B855
C:\clean_rebuild\data\exported_data\export_session_qasummary_2.py,E3B0C44298FC1C149AFBF4C8996FB92427AE41E4649B934CA495991B7852B855
C:\clean_rebuild\data\exported_data\export_session_qasummary_3.py,E3B0C44298FC1C149AFBF4C8996FB92427AE41E4649B934CA495991B7852B855
C:\clean_rebuild\data\exported_data\export_session_qasummary_4.py,E3B0C44298FC1C149AFBF4C8996FB92427AE41E4649B934CA495991B7852B855
C:\clean_rebuild\data\exported_data\export_session_qasummary_5.py,E3B0C44298FC1C149AFBF4C8996FB92427AE41E4649B934CA495991B7852B855
C:\clean_rebuild\data\exported_data\export_session_qasummary_6.py,E3B0C44298FC1C149AFBF4C8996FB92427AE41E4649B934CA495991B7852B855
C:\clean_rebuild\data\exported_data\export_session_results_to_csv.py,FFFF9756C63AA10311585ED0E6348F6D45666C6A6403BFFE494905AF6C710492
C:\clean_rebuild\data\exported_data\export_session_results_to_csv_1.py,3338D02D0E58010AE4ECB3B1AD72B5762A284474C31AB6147D83735171346F86
C:\clean_rebuild\data\exported_data\export_session_results_to_csv_2.py,3338D02D0E58010AE4ECB3B1AD72B5762A284474C31AB6147D83735171346F86
C:\clean_rebuild\data\exported_data\export_session_results_to_csv_3.py,3338D02D0E58010AE4ECB3B1AD72B5762A284474C31AB6147D83735171346F86
C:\clean_rebuild\data\exported_data\export_session_results_to_csv_4.py,3338D02D0E58010AE4ECB3B1AD72B5762A284474C31AB6147D83735171346F86
C:\clean_rebuild\data\exported_data\export_session_results_to_csv_5.py,3338D02D0E58010AE4ECB3B1AD72B5762A284474C31AB6147D83735171346F86
C:\clean_rebuild\data\exported_data\export_session_results_to_csv_6.py,3338D02D0E58010AE4ECB3B1AD72B5762A284474C31AB6147D83735171346F86
C:\clean_rebuild\data\exported_data\export_session_results_to_csv_with_datetime.py,9BCB4D2D08CA4EF511AA21CB6A4A1C2A215458E4B4A591C5ED827F2DDBD378AA
C:\clean_rebuild\data\exported_data\export_session_results_to_csv_with_datetime_1.py,C0A283BB26A2C5055A44DD80A1C684A3F75A0AE296B511F7A4525061D97B87FD
C:\clean_rebuild\data\exported_data\export_session_results_to_csv_with_datetime_2.py,C0A283BB26A2C5055A44DD80A1C684A3F75A0AE296B511F7A4525061D97B87FD
C:\clean_rebuild\data\exported_data\export_session_results_to_csv_with_datetime_3.py,C0A283BB26A2C5055A44DD80A1C684A3F75A0AE296B511F7A4525061D97B87FD
C:\clean_rebuild\data\exported_data\export_session_results_to_csv_with_datetime_4.py,C0A283BB26A2C5055A44DD80A1C684A3F75A0AE296B511F7A4525061D97B87FD
C:\clean_rebuild\data\exported_data\export_session_results_to_csv_with_datetime_5.py,C0A283BB26A2C5055A44DD80A1C684A3F75A0AE296B511F7A4525061D97B87FD
C:\clean_rebuild\data\exported_data\export_session_results_to_csv_with_datetime_6.py,C0A283BB26A2C5055A44DD80A1C684A3F75A0AE296B511F7A4525061D97B87FD
C:\clean_rebuild\data\exported_data\export_session_results_with_datetime.py,F015E4447FF0EFD97C5EBF1E2CDBD805E4B2CCE3EF2ACA64920E6770F2DEA97D
C:\clean_rebuild\data\exported_data\export_session_results_with_datetime_1.py,CCB9F7674B321C2ACECBAF318932770716A672F980D8D9A46E82787CE5E557B3
C:\clean_rebuild\data\exported_data\export_session_results_with_datetime_2.py,CCB9F7674B321C2ACECBAF318932770716A672F980D8D9A46E82787CE5E557B3
C:\clean_rebuild\data\exported_data\export_session_results_with_datetime_3.py,CCB9F7674B321C2ACECBAF318932770716A672F980D8D9A46E82787CE5E557B3
C:\clean_rebuild\data\exported_data\export_session_results_with_datetime_4.py,CCB9F7674B321C2ACECBAF318932770716A672F980D8D9A46E82787CE5E557B3
C:\clean_rebuild\data\exported_data\export_session_results_with_datetime_5.py,CCB9F7674B321C2ACECBAF318932770716A672F980D8D9A46E82787CE5E557B3
C:\clean_rebuild\data\exported_data\export_session_results_with_datetime_6.py,CCB9F7674B321C2ACECBAF318932770716A672F980D8D9A46E82787CE5E557B3
C:\clean_rebuild\data\exported_data\export_session_results_with_datetime_excel.py,6CDF82CC5EB8F84393AA116D2F116B248008498FDEF89640D1A5345403CB60C5
C:\clean_rebuild\data\exported_data\export_session_results_with_datetime_excel_1.py,57409A731882C36C8BD9E5835A91A54F5C640C60E109B84F166C537FB31BCBAE
C:\clean_rebuild\data\exported_data\export_session_results_with_datetime_excel_2.py,57409A731882C36C8BD9E5835A91A54F5C640C60E109B84F166C537FB31BCBAE
C:\clean_rebuild\data\exported_data\export_session_results_with_datetime_excel_3.py,57409A731882C36C8BD9E5835A91A54F5C640C60E109B84F166C537FB31BCBAE
C:\clean_rebuild\data\exported_data\export_session_results_with_datetime_excel_4.py,57409A731882C36C8BD9E5835A91A54F5C640C60E109B84F166C537FB31BCBAE
C:\clean_rebuild\data\exported_data\export_session_results_with_datetime_excel_5.py,57409A731882C36C8BD9E5835A91A54F5C640C60E109B84F166C537FB31BCBAE
C:\clean_rebuild\data\exported_data\export_session_results_with_datetime_excel_6.py,57409A731882C36C8BD9E5835A91A54F5C640C60E109B84F166C537FB31BCBAE
C:\clean_rebuild\data\exported_data\export_trace_log_backup.py,A5248AB455ABD25673FEC3AA70778B4D4885012256CB75E6D372F4577FDF254A
C:\clean_rebuild\data\exported_data\export_trace_log_backup_1.py,AA86738BB5AC162F77A28D459C0608159AE3AF6F3F783C8BF21489AF25D30481
C:\clean_rebuild\data\exported_data\export_trace_log_backup_2.py,AA86738BB5AC162F77A28D459C0608159AE3AF6F3F783C8BF21489AF25D30481
C:\clean_rebuild\data\exported_data\export_trace_log_backup_3.py,AA86738BB5AC162F77A28D459C0608159AE3AF6F3F783C8BF21489AF25D30481
C:\clean_rebuild\data\exported_data\export_trace_log_backup_4.py,AA86738BB5AC162F77A28D459C0608159AE3AF6F3F783C8BF21489AF25D30481
C:\clean_rebuild\data\exported_data\export_trace_log_backup_5.py,AA86738BB5AC162F77A28D459C0608159AE3AF6F3F783C8BF21489AF25D30481
C:\clean_rebuild\data\exported_data\export_trace_log_backup_6.py,AA86738BB5AC162F77A28D459C0608159AE3AF6F3F783C8BF21489AF25D30481
C:\clean_rebuild\db\init_check_create_logtable.py,3520932F8061C475FBD4E5510424D763890626EB9DF7A66D2095F063179D5C45
C:\clean_rebuild\db\init_user_table.py,A34AC910756A6A8699BF19094680AA5691D90529C7988E3D2CF4EF0BF1968FB1
C:\clean_rebuild\db\init_user_table_1.py,FB9167DA0D17FC349B92A01027253BF8D9C359535C9C6A080DD21AA763FFFDF8
C:\clean_rebuild\db\init_user_table_2.py,FB9167DA0D17FC349B92A01027253BF8D9C359535C9C6A080DD21AA763FFFDF8
C:\clean_rebuild\db\init_user_table_with_role.py,E29D33FE9C859F03D4FC39F0330DCE08149D964CFE4C731E672511B67A70491E
C:\clean_rebuild\db\init_user_table_with_role_1.py,660AC78307A746AD0A7904FA18009C53175C4FA72BA8B667CCFDECC57AD68195
C:\clean_rebuild\db\init_user_table_with_role_2.py,660AC78307A746AD0A7904FA18009C53175C4FA72BA8B667CCFDECC57AD68195
C:\clean_rebuild\db\insert_command_log.py,E215DABB661201EE125ACB5186053DEAB01D19141D89B320204383425F2D9CCF
C:\clean_rebuild\db\insert_command_log_1.py,4103876183BF38F8EB81FA19379F45ED130160DF6A7F51031B3F5F08A6009E0C
C:\clean_rebuild\db\insert_command_log_2.py,4103876183BF38F8EB81FA19379F45ED130160DF6A7F51031B3F5F08A6009E0C
C:\clean_rebuild\db\insert_command_log_3.py,4103876183BF38F8EB81FA19379F45ED130160DF6A7F51031B3F5F08A6009E0C
C:\clean_rebuild\db\insert_command_log_4.py,4103876183BF38F8EB81FA19379F45ED130160DF6A7F51031B3F5F08A6009E0C
C:\clean_rebuild\db\insert_command_log_5.py,4103876183BF38F8EB81FA19379F45ED130160DF6A7F51031B3F5F08A6009E0C
C:\clean_rebuild\db\insert_command_log_6.py,4103876183BF38F8EB81FA19379F45ED130160DF6A7F51031B3F5F08A6009E0C
C:\clean_rebuild\db\insert_disk_log.py,6D4394158A3F7892C123E15A889DCDA5FC141FF49CE0E1B1CCEEBFE98E8CCCE4
C:\clean_rebuild\db\insert_disk_log_1.py,92F147C50FE45D1CA1396F6B8D793AF4BC10FE8CA64B1FE5C95055A490EA6968
C:\clean_rebuild\db\insert_disk_log_2.py,92F147C50FE45D1CA1396F6B8D793AF4BC10FE8CA64B1FE5C95055A490EA6968
C:\clean_rebuild\db\insert_disk_log_3.py,92F147C50FE45D1CA1396F6B8D793AF4BC10FE8CA64B1FE5C95055A490EA6968
C:\clean_rebuild\db\insert_disk_log_4.py,92F147C50FE45D1CA1396F6B8D793AF4BC10FE8CA64B1FE5C95055A490EA6968
C:\clean_rebuild\db\insert_disk_log_5.py,92F147C50FE45D1CA1396F6B8D793AF4BC10FE8CA64B1FE5C95055A490EA6968
C:\clean_rebuild\db\insert_disk_log_6.py,92F147C50FE45D1CA1396F6B8D793AF4BC10FE8CA64B1FE5C95055A490EA6968
C:\clean_rebuild\db\insert_env_log.py,A1DF089948898D9BBD1DD0B04B0873A71E49E4ED5283370A03D8C87E57C96001
C:\clean_rebuild\db\insert_env_log_1.py,400CF139A7670D3EC7A9F007E31D7861F290F3962CDD98BA98257C55C92A9932
C:\clean_rebuild\db\insert_env_log_2.py,400CF139A7670D3EC7A9F007E31D7861F290F3962CDD98BA98257C55C92A9932
C:\clean_rebuild\db\insert_env_log_3.py,400CF139A7670D3EC7A9F007E31D7861F290F3962CDD98BA98257C55C92A9932
C:\clean_rebuild\db\insert_env_log_4.py,400CF139A7670D3EC7A9F007E31D7861F290F3962CDD98BA98257C55C92A9932
C:\clean_rebuild\db\insert_env_log_5.py,400CF139A7670D3EC7A9F007E31D7861F290F3962CDD98BA98257C55C92A9932
C:\clean_rebuild\db\insert_env_log_6.py,400CF139A7670D3EC7A9F007E31D7861F290F3962CDD98BA98257C55C92A9932
C:\clean_rebuild\db\insert_function_log.py,0731141602367F5B72C55D00F7F8BC7B797DA7281D9C89A5F03F4CFD3A44FEE0
C:\clean_rebuild\db\insert_git_log.py,31147BD89BF99EB6D2A1AA81DD960DA03849CA5B621799AF2F663F8D2A8C18BF
C:\clean_rebuild\db\insert_git_log_to_db.py,C8E40676634953F220F2ABF4A546248DC8002DF66D438B86D4902843BE3FB38B
C:\clean_rebuild\db\insert_git_log_to_db_1.py,4CCA28C45A9243008DE5D43A630C22E5CC0291CEEFEDBDA4732186540FD0C99D
C:\clean_rebuild\db\insert_git_log_to_db_2.py,4CCA28C45A9243008DE5D43A630C22E5CC0291CEEFEDBDA4732186540FD0C99D
C:\clean_rebuild\db\insert_git_log_to_db_3.py,4CCA28C45A9243008DE5D43A630C22E5CC0291CEEFEDBDA4732186540FD0C99D
C:\clean_rebuild\db\insert_git_log_to_db_4.py,4CCA28C45A9243008DE5D43A630C22E5CC0291CEEFEDBDA4732186540FD0C99D
C:\clean_rebuild\db\insert_git_log_to_db_5.py,4CCA28C45A9243008DE5D43A630C22E5CC0291CEEFEDBDA4732186540FD0C99D
C:\clean_rebuild\db\insert_git_log_to_db_6.py,4CCA28C45A9243008DE5D43A630C22E5CC0291CEEFEDBDA4732186540FD0C99D
C:\clean_rebuild\db\insert_network_log.py,5F3B24BCEEEBD32EC681D1A4991DAD96CEF32EBFC873746E9EE16A4C7DA05438
C:\clean_rebuild\db\insert_network_log_1.py,9AB9B974757B4F65E5DA8CCFD4A0661EE9BC99BE0BECF52B726E69196CCC0749
C:\clean_rebuild\db\insert_network_log_2.py,9AB9B974757B4F65E5DA8CCFD4A0661EE9BC99BE0BECF52B726E69196CCC0749
C:\clean_rebuild\db\insert_network_log_3.py,9AB9B974757B4F65E5DA8CCFD4A0661EE9BC99BE0BECF52B726E69196CCC0749
C:\clean_rebuild\db\insert_network_log_4.py,9AB9B974757B4F65E5DA8CCFD4A0661EE9BC99BE0BECF52B726E69196CCC0749
C:\clean_rebuild\db\insert_network_log_5.py,9AB9B974757B4F65E5DA8CCFD4A0661EE9BC99BE0BECF52B726E69196CCC0749
C:\clean_rebuild\db\insert_network_log_6.py,9AB9B974757B4F65E5DA8CCFD4A0661EE9BC99BE0BECF52B726E69196CCC0749
C:\clean_rebuild\db\insert_session_result.py,FC136621203D1317324644632ECC595C3368A892DBDB566942D58732F8A5BB14
C:\clean_rebuild\db\insert_session_result_1.py,F1332FC1EF91C192C1A7C9D16BE3827C4EE3B42649A5DFB6B848976B4F09636B
C:\clean_rebuild\db\insert_session_result_2.py,F1332FC1EF91C192C1A7C9D16BE3827C4EE3B42649A5DFB6B848976B4F09636B
C:\clean_rebuild\db\insert_session_result_3.py,F1332FC1EF91C192C1A7C9D16BE3827C4EE3B42649A5DFB6B848976B4F09636B
C:\clean_rebuild\db\insert_session_result_4.py,F1332FC1EF91C192C1A7C9D16BE3827C4EE3B42649A5DFB6B848976B4F09636B
C:\clean_rebuild\db\insert_session_result_5.py,F1332FC1EF91C192C1A7C9D16BE3827C4EE3B42649A5DFB6B848976B4F09636B
C:\clean_rebuild\db\insert_session_result_6.py,F1332FC1EF91C192C1A7C9D16BE3827C4EE3B42649A5DFB6B848976B4F09636B
C:\clean_rebuild\db\insert_viewer_user.py,A3C80D0C76EED2932DF9A7E6853DB8FAC68A96A2A703A5AAC096E8F2D8508232
C:\clean_rebuild\db\insert_viewer_user_1.py,38640C3ACD23EE180A6DB79F928771B9CB6FDF9F785717D1099BFFFB7A5B3BF7
C:\clean_rebuild\db\insert_viewer_user_2.py,38640C3ACD23EE180A6DB79F928771B9CB6FDF9F785717D1099BFFFB7A5B3BF7
C:\clean_rebuild\decorators\log_trace.py,5F7FE7E0F02D19E234C451D231C0EA4B57F67A97914EA27A9AA90A64BDB17D73
C:\clean_rebuild\launcher\main.py,CB507F80CE03A305A643A2F9DA03456B019A5B34B60354A484D015BCFCE07067
C:\clean_rebuild\locator\hash_file_locator.py,F5E2740807357A009765A062DFD099E5C244E0A21C6B1965AC6F5096FCF2528A
C:\clean_rebuild\logs\trace\SNS_Snapshots\SNS_24_SNAPSHOT_20250518_193739\.venv\Lib\site-packages\pip\_internal\cli\index_command.py,043F6E32E28CD85C9D7D0FD5A2E57D101FF22FC454EC87CEF39584C032D26CA9
C:\clean_rebuild\logs\trace\SNS_Snapshots\SNS_24_SNAPSHOT_20250518_193739\.venv\Lib\site-packages\pip\_internal\commands\inspect.py,E57378A501438CA732EC340C2CE7BEAD2D5CAAA6CD5B1CAAACE6BBE0C950EC12
C:\clean_rebuild\logs\trace\SNS_Snapshots\SNS_24_SNAPSHOT_20250518_193739\.venv\Lib\site-packages\pip\_internal\utils\datetime.py,361CC6070A4375CE56D615FBFB29C61D2147E53F2CAD450FA45C3ACCE39188C3
C:\clean_rebuild\logs\trace\SNS_Snapshots\SNS_24_SNAPSHOT_20250518_193739\.venv\Lib\site-packages\pip\_vendor\rich\logging.py,5E66C50EC94BE444DFBABC2E1D8F842359535E1C1A60BE36926E0781AE8A4CE2
C:\clean_rebuild\logs\trace\SNS_Snapshots\SNS_24_SNAPSHOT_20250518_193739\dashboards\admin_panel.py,44D9CF76861C950B962CA271BE41491DDE240F9CDB8EED8394FF2BCB2474EF2E
C:\clean_rebuild\logs\trace\SNS_Snapshots\SNS_24_SNAPSHOT_20250518_193739\DELETE_TEMP_20250503\0516\auto_backup_run.py,B24F7EB8642807678029E5A7709F18AB40311A13B1CCDEA5D468621A70A9A774
C:\clean_rebuild\logs\trace\SNS_Snapshots\SNS_24_SNAPSHOT_20250518_193739\DELETE_TEMP_20250503\0516\final_backup.py,4E1826FE2641432361902C95F81969DCA16464FDEA2F19A860221CD438D3CCC1
C:\clean_rebuild\logs\trace\SNS_Snapshots\SNS_24_SNAPSHOT_20250518_193739\DELETE_TEMP_20250503\dashboards\api_login_0ceb6072.py,7A87F3DA7F539F60B1BF0DF838BEB3A2029A1167A7F38D8FE81FCF2FF8667182
C:\clean_rebuild\logs\trace\SNS_Snapshots\SNS_24_SNAPSHOT_20250518_193739\DELETE_TEMP_20250503\dashboards\api_login_12987cec.py,7A87F3DA7F539F60B1BF0DF838BEB3A2029A1167A7F38D8FE81FCF2FF8667182
C:\clean_rebuild\logs\trace\SNS_Snapshots\SNS_24_SNAPSHOT_20250518_193739\DELETE_TEMP_20250503\dashboards\ashboard_all_logs.py,B10D8397A3AAA9C30ACB74AAC3796714DC05DB94914817F59DD2C15B510EEDCE
C:\clean_rebuild\logs\trace\SNS_Snapshots\SNS_24_SNAPSHOT_20250518_193739\DELETE_TEMP_20250503\dashboards\dashboard_all_logs.py,B3BD0241515F1100850957122723C90D015FAEAE4907C7F2958208F197CA217D
C:\clean_rebuild\logs\trace\SNS_Snapshots\SNS_24_SNAPSHOT_20250518_193739\DELETE_TEMP_20250503\dashboards\dashboard_command_log.py,7B30AAF977113414872880E6291F672B9D3FFC3883AC899C9101DCD8ED9188EC
C:\clean_rebuild\logs\trace\SNS_Snapshots\SNS_24_SNAPSHOT_20250518_193739\DELETE_TEMP_20250503\dashboards\dashboard_disk_log.py,2FD39D25D684939EC3193D770E1170C919C2696AE1DB35C448FAF71A330411A7
C:\clean_rebuild\logs\trace\SNS_Snapshots\SNS_24_SNAPSHOT_20250518_193739\DELETE_TEMP_20250503\dashboards\dashboard_env_log.py,1FC2C8261713E95C1D384A0468FBDAF800831FAFE03EF3BEC6C2081608FA0247
C:\clean_rebuild\logs\trace\SNS_Snapshots\SNS_24_SNAPSHOT_20250518_193739\DELETE_TEMP_20250503\dashboards\dashboard_network_log.py,22D740F879606A6084C0A7CA46DF87D15AD1D72EFEE8FBC53C416828DBFBD961
C:\clean_rebuild\logs\trace\SNS_Snapshots\SNS_24_SNAPSHOT_20250518_193739\DELETE_TEMP_20250503\dashboards\dashboard_session_integrity.py,056C70588EFCE60DC0147C6FDAD999D14CAB2931B8C1BB009B38BF0DB7E8A2CC
C:\clean_rebuild\logs\trace\SNS_Snapshots\SNS_24_SNAPSHOT_20250518_193739\DELETE_TEMP_20250503\dashboards\dashboard_session_log.py,E28F4016E529AF784CC749751263549637C96EE1252A5A08D931043C00AC651C
C:\clean_rebuild\logs\trace\SNS_Snapshots\SNS_24_SNAPSHOT_20250518_193739\DELETE_TEMP_20250503\dashboards\permissions_a1d4036f.py,D8D985683CC02AF012C6B7D63D785731D09CE7D2BF80E32F9A8C779B7619E1EA
C:\clean_rebuild\logs\trace\SNS_Snapshots\SNS_24_SNAPSHOT_20250518_193739\DELETE_TEMP_20250503\modules\asyncio.py,047E71E60F06F7C47531692E0E5868C2C980D297F4B4890325817BDB2867A7C6
C:\clean_rebuild\logs\trace\SNS_Snapshots\SNS_24_SNAPSHOT_20250518_193739\DELETE_TEMP_20250503\modules\concurrent.py,32D776894CF543048FE1E61ACA0C9169866710F86AA223AEAE7D73016853DFEE
C:\clean_rebuild\logs\trace\SNS_Snapshots\SNS_24_SNAPSHOT_20250518_193739\DELETE_TEMP_20250503\modules\config.py,2F0AABF196269FB18747A3D9E402A27AF312DD3B6F6D9E61DEC619715218322A
C:\clean_rebuild\logs\trace\SNS_Snapshots\SNS_24_SNAPSHOT_20250518_193739\DELETE_TEMP_20250503\modules\configparser.py,E2203C1064EFA90A5D3B5631383D906D3621F4AE3F46A6EDB2268485E3FEFDEE
C:\clean_rebuild\logs\trace\SNS_Snapshots\SNS_24_SNAPSHOT_20250518_193739\DELETE_TEMP_20250503\modules\json.py,FB8924CC7053A9F10AD8C2F6071A10E6A9F9D0BB8DA5EF1D9EDD516DC67F711D
C:\clean_rebuild\logs\trace\SNS_Snapshots\SNS_24_SNAPSHOT_20250518_193739\DELETE_TEMP_20250503\modules\pathlib.py,BDE84571BED450B3AEE3C54DE16B0446C5DB77F0BB57A797E61EFD127D52E627
C:\clean_rebuild\logs\trace\SNS_Snapshots\SNS_24_SNAPSHOT_20250518_193739\DELETE_TEMP_20250503\modules\pickle.py,9254C831B44192A4F9A63C041755109D7BF0845BE726D491B5EEE79B994F76B0
C:\clean_rebuild\logs\trace\SNS_Snapshots\SNS_24_SNAPSHOT_20250518_193739\DELETE_TEMP_20250503\modules\pprint.py,CBB7268336E22DCDA4F4351BBFB723E748FC982DD88F0D6DD640349EE80E158B
C:\clean_rebuild\logs\trace\SNS_Snapshots\SNS_24_SNAPSHOT_20250518_193739\DELETE_TEMP_20250503\modules\queue.py,828FF978195A075675BEBF35B257149E26CCC09F6719980387A8E7BD0A037C90
C:\clean_rebuild\logs\trace\SNS_Snapshots\SNS_24_SNAPSHOT_20250518_193739\DELETE_TEMP_20250503\modules\random.py,1A1C84AC4DF6E4EF3C69EEFF2C7DAD3F468D0E95739EFBAF3B043D4C969098B0
C:\clean_rebuild\logs\trace\SNS_Snapshots\SNS_24_SNAPSHOT_20250518_193739\DELETE_TEMP_20250503\modules\select.py,FC873D0E166745159661F74909AF490EF8BEECF614740918752FB7A9DF0B47AE
C:\clean_rebuild\logs\trace\SNS_Snapshots\SNS_24_SNAPSHOT_20250518_193739\DELETE_TEMP_20250503\modules\socket.py,F15928CA0792A6C647238A08952B76D548C6AEC6FED8F4AC1288003ABEA8A350
C:\clean_rebuild\logs\trace\SNS_Snapshots\SNS_24_SNAPSHOT_20250518_193739\DELETE_TEMP_20250503\modules\ssl.py,59CDB5DC8F7C64971F649D37C40B66CDAF88EE86A3981B5E86073801C584FDDC
C:\clean_rebuild\logs\trace\SNS_Snapshots\SNS_24_SNAPSHOT_20250518_193739\DELETE_TEMP_20250503\modules\string.py,47A65F1B5908404EA7DF2AAA351D39168D33281DE00A20E7E61FFEB207BAF230
C:\clean_rebuild\logs\trace\SNS_Snapshots\SNS_24_SNAPSHOT_20250518_193739\DELETE_TEMP_20250503\modules\subprocess.py,A896F968606BCFD75769D52C05DA99C176191DF0D9EF39A348B71535CFCAE804
C:\clean_rebuild\logs\trace\SNS_Snapshots\SNS_24_SNAPSHOT_20250518_193739\DELETE_TEMP_20250503\modules\token.py,5472105CD79A1101064474EAE10895B68449EE7E46F009167E00061B3EE7CE25
C:\clean_rebuild\logs\trace\SNS_Snapshots\SNS_24_SNAPSHOT_20250518_193739\DELETE_TEMP_20250503\modules\traceback.py,9A0D91A9217AE21F506842D0067D6792C204C1E7E4D4E3A5D92CD3B454D594CB
C:\clean_rebuild\logs\trace\SNS_Snapshots\SNS_24_SNAPSHOT_20250518_193739\DELETE_TEMP_20250503\modules\xml.py,E0B2EDF4111D0227532E10769F714E19B1DD032CC1BCC658A1EA61A54F5FFB43
C:\clean_rebuild\logs\trace\SNS_Snapshots\SNS_24_SNAPSHOT_20250518_193739\DELETE_TEMP_20250503\modules\_tester.py,E892AB5B37BE7623942C21F0778CC5092993DB381CDC175CD2E325C4E9E4D45A
C:\clean_rebuild\logs\trace\SNS_Snapshots\SNS_24_SNAPSHOT_20250518_193739\DELETE_TEMP_20250503\modules\_test_decorators.py,D52C662DD4682877F0E7024689F9DC481C40D5AD2A7EE418060B54F5A956DD2B
C:\clean_rebuild\logs\trace\SNS_Snapshots\SNS_24_SNAPSHOT_20250518_193739\DELETE_TEMP_20250503\modules\__local_copyreg.py,619D3D58DDB9AD22C5DC94924E5F3E01F0BFEB271BBE0C4F56A135F8F90BE938
C:\clean_rebuild\logs\trace\SNS_Snapshots\SNS_24_SNAPSHOT_20250518_193739\modules\actions\add_friend.py,A37476CBA1D36FF3A79ECDC5A5BE5ED21DB4EB3C077882F32F1A86F33A6B8876
C:\clean_rebuild\logs\trace\SNS_Snapshots\SNS_24_SNAPSHOT_20250518_193739\modules\deprecated_conflict\exceptions.py,77DF3C4433B658DADF8060AC616C02D67E5793F519DAB02D8A924A138F7B43E7
C:\clean_rebuild\logs\trace\SNS_Snapshots\SNS_24_SNAPSHOT_20250518_193739\modules\filters\post_filter.py,BCAFD0F36138D4C310832DBC9015B7844B4D0E7591EF265054446EA920A5CE3B
C:\clean_rebuild\logs\trace\SNS_Snapshots\SNS_24_SNAPSHOT_20250518_193739\modules\translate\translate_google.py,1B23FA2638E660120CE18BF422F60AC46488F166926555311BE8A4527D49A2A1
C:\clean_rebuild\logs\trace\SNS_Snapshots\SNS_24_SNAPSHOT_20250518_193739\modules\abc.py,468309ED8ECE96E84593F4C3A23D5C502494BE39BEEA6B6B01129D885059C290
C:\clean_rebuild\logs\trace\SNS_Snapshots\SNS_24_SNAPSHOT_20250518_193739\modules\abstract_event_listener.py,3B32027D17584F6ECEF53696F2FD9AFA74CC01A36FDBF86DCC9D0330C96F997C
C:\clean_rebuild\logs\trace\SNS_Snapshots\SNS_24_SNAPSHOT_20250518_193739\modules\AccelDecel.py,C94CC68C9D2BF707CCB10589BA6EFB29106BF6662C73536BB89D1E0E85A8378A
C:\clean_rebuild\logs\trace\SNS_Snapshots\SNS_24_SNAPSHOT_20250518_193739\modules\accessibility.py,79F50BE5A9831A1369116436A8B9ABB73B718B0A6F17594752385043638A946F
C:\clean_rebuild\logs\trace\SNS_Snapshots\SNS_24_SNAPSHOT_20250518_193739\modules\accessor.py,AED651048907138CCDD63F09254FF2785E0CD32682FA7EB73FFE0BDEC86EC493
C:\clean_rebuild\logs\trace\SNS_Snapshots\SNS_24_SNAPSHOT_20250518_193739\modules\accessors.py,DC77FDFE20104F84190FC50D8FDCA2D33625B984D6D84976D56E7A3AE4EE5131
C:\clean_rebuild\logs\trace\SNS_Snapshots\SNS_24_SNAPSHOT_20250518_193739\modules\account.py,FF1EBAB75F9E266BA58CD1025335CD494538751C53326CE5389C3D2971989AB5
C:\clean_rebuild\logs\trace\SNS_Snapshots\SNS_24_SNAPSHOT_20250518_193739\modules\account_6ca50dd1.py,FF1EBAB75F9E266BA58CD1025335CD494538751C53326CE5389C3D2971989AB5
C:\clean_rebuild\logs\trace\SNS_Snapshots\SNS_24_SNAPSHOT_20250518_193739\modules\accumulate.py,FBE1B646FA08128031768BDB8099E64AD9C3E4E4196660F16C26972BDF92FBB5
C:\clean_rebuild\logs\trace\SNS_Snapshots\SNS_24_SNAPSHOT_20250518_193739\modules\actions.py,4B2DB61EDE1ACB3FB1B09360C49EE79E4E09D8C1CCC9DBB7988AB767D90A6C91
C:\clean_rebuild\logs\trace\SNS_Snapshots\SNS_24_SNAPSHOT_20250518_193739\modules\action_builder.py,55F7E290CBBBFF215695A2F4602E46EB89A03269E95458FA665052C7D855D6C7
C:\clean_rebuild\logs\trace\SNS_Snapshots\SNS_24_SNAPSHOT_20250518_193739\modules\action_chains.py,297F3BE1D69499E3DDA953713E532540455F9DE0392D9AEF26CD6BE1BF1A6113
C:\clean_rebuild\logs\trace\SNS_Snapshots\SNS_24_SNAPSHOT_20250518_193739\modules\adapter.py,AF061265763A35A368FE1EDBD30D0914A74F516329656E9345F0B93861BCEFAB
C:\clean_rebuild\logs\trace\SNS_Snapshots\SNS_24_SNAPSHOT_20250518_193739\modules\adapters.py,FDB6BE356EA4F2B78E9C6727DEE6808571CC40EF3A97BCFD966871987C948598
C:\clean_rebuild\logs\trace\SNS_Snapshots\SNS_24_SNAPSHOT_20250518_193739\modules\AES.py,C9C16133388BA9C97A5A9541B671A767EC316FF32C74B7FA261BE4C2686B4119
C:\clean_rebuild\logs\trace\SNS_Snapshots\SNS_24_SNAPSHOT_20250518_193739\modules\after.py,2D5B83E57A3ED3C710CC7166AB0FF9662B52DB1BC3899E3AE67F02257F7F13B2
C:\clean_rebuild\logs\trace\SNS_Snapshots\SNS_24_SNAPSHOT_20250518_193739\modules\alert.py,E7D0BDB72CB4E08B5CB97A63FA75761B7798088D0749331BC2E2CA52C8D9AFB0
C:\clean_rebuild\logs\trace\SNS_Snapshots\SNS_24_SNAPSHOT_20250518_193739\modules\algorithms.py,211EB2D3D6DEAB4069A1E68454C000C393784E2CDB3C997D22C5EEB497FF41CA
C:\clean_rebuild\logs\trace\SNS_Snapshots\SNS_24_SNAPSHOT_20250518_193739\modules\align.py,B47635E896C3F35A1EEEC4789B80EB3A1FE672D5A2814E76A4B1C9B4997954EA
C:\clean_rebuild\logs\trace\SNS_Snapshots\SNS_24_SNAPSHOT_20250518_193739\modules\android.py,42CA72BE92E032117ED6525A0FDB00241EB657867DB2955066BEEE674A461EDF
C:\clean_rebuild\logs\trace\SNS_Snapshots\SNS_24_SNAPSHOT_20250518_193739\modules\animation.py,5AB6CE926B7ED32AF6D8A3AA9ADBDA47ABC2C8504529D74A581794A8E75D90D3
C:\clean_rebuild\logs\trace\SNS_Snapshots\SNS_24_SNAPSHOT_20250518_193739\modules\ansi.py,FF02007A2A17443F4B544452059F593FEDF9D38D1DF71CA602C7A5884FD5E3C1
C:\clean_rebuild\logs\trace\SNS_Snapshots\SNS_24_SNAPSHOT_20250518_193739\modules\ansitowin32.py,F3FB2DC38D4D54BF6C705C0DDA88C20B74AF295C6DE19606CD90DCFB28D5104A
C:\clean_rebuild\logs\trace\SNS_Snapshots\SNS_24_SNAPSHOT_20250518_193739\modules\ansitowin32_34bddb38.py,F3FB2DC38D4D54BF6C705C0DDA88C20B74AF295C6DE19606CD90DCFB28D5104A
C:\clean_rebuild\logs\trace\SNS_Snapshots\SNS_24_SNAPSHOT_20250518_193739\modules\api.py,69FB7BAE7D8235161F7336E63E5B542E3037C137945D74A8CDC2D78192C5F0C1
C:\clean_rebuild\logs\trace\SNS_Snapshots\SNS_24_SNAPSHOT_20250518_193739\modules\api_cdbda8a9.py,2658949D3F323883E5093564A9810953F27EF05C832A88C62AE572DBCB262810
C:\clean_rebuild\logs\trace\SNS_Snapshots\SNS_24_SNAPSHOT_20250518_193739\modules\api_login.py,564D0AF32753576F2AF4E862433A81819B1C116EDF4178E18B6C7BAA4E4F1862
C:\clean_rebuild\logs\trace\SNS_Snapshots\SNS_24_SNAPSHOT_20250518_193739\modules\api_photo.py,4AB36866E6E642B5A63327979DD2D08D938013CE1903887B2D72F1FCDA880633
C:\clean_rebuild\logs\trace\SNS_Snapshots\SNS_24_SNAPSHOT_20250518_193739\modules\api_story.py,742CD40F495676B73856B2D05D0B99197F10EA1C7A708CB69ED81C52FF229CA9
C:\clean_rebuild\logs\trace\SNS_Snapshots\SNS_24_SNAPSHOT_20250518_193739\modules\api_video.py,1B4C47DB3EC4494B3D7FFA468AB5F6C2AE230BF1EC8086FBB72E579FB9CA2F9B
C:\clean_rebuild\logs\trace\SNS_Snapshots\SNS_24_SNAPSHOT_20250518_193739\modules\appdirs.py,EB738C6D7744FA9057253DF6F74FB88808BFBFDB430C15AB79AA464B68F58069
C:\clean_rebuild\logs\trace\SNS_Snapshots\SNS_24_SNAPSHOT_20250518_193739\modules\appengine.py,275D6F318252B4A66D1E18C03D613E245EE9E8164737F78432A6662E3BF69B94
C:\clean_rebuild\logs\trace\SNS_Snapshots\SNS_24_SNAPSHOT_20250518_193739\modules\application.py,76E0714CBFE1AD6C8FF312DBEA53656DFE8F67659A48DF52CB007DC3EE51F070
C:\clean_rebuild\logs\trace\SNS_Snapshots\SNS_24_SNAPSHOT_20250518_193739\modules\apply.py,2952A508B84220B2AE07099D0FE62D2C360EA2A772D5146739318724DD8EB2DC
C:\clean_rebuild\logs\trace\SNS_Snapshots\SNS_24_SNAPSHOT_20250518_193739\modules\approve_thread_requests.py,12A125FD88A2F790E09986E7CA5CEE48D383D996ACBBB5DE24A02772C0630140
C:\clean_rebuild\logs\trace\SNS_Snapshots\SNS_24_SNAPSHOT_20250518_193739\modules\app_streamlit.py,2BE3610E4E7BB9DDD11E5CEF9841B4707D62FFF268F8093C97AEA63BCBB4B4F6
C:\clean_rebuild\logs\trace\SNS_Snapshots\SNS_24_SNAPSHOT_20250518_193739\modules\ARC2.py,CF808C3951F83D9E86799E02A564661D6C372216656DC5D40FD9E19B21D84A53
C:\clean_rebuild\logs\trace\SNS_Snapshots\SNS_24_SNAPSHOT_20250518_193739\modules\ARC4.py,6DCC779AEA9DE6DCD1C8BD6C7554C3E1685B897623EE2580AA81AF4DABC9C5AF
C:\clean_rebuild\logs\trace\SNS_Snapshots\SNS_24_SNAPSHOT_20250518_193739\modules\archive_medias.py,09FC5CD8D4131CC69E89EBB234BCDCFAD237E3405CE723173C89320EFCC517D5
C:\clean_rebuild\logs\trace\SNS_Snapshots\SNS_24_SNAPSHOT_20250518_193739\modules\argparsing.py,14ADD92A8BC813B88868D5C8CD2071A4DCE7B9FD188F4FB32DF4C6C0643DB76E
C:\clean_rebuild\logs\trace\SNS_Snapshots\SNS_24_SNAPSHOT_20250518_193739\modules\arithmetic.py,4F6222CD30C9D1B90684F939AEC0F976978498D7CFC56AD5A66381D5EC98EC0B
C:\clean_rebuild\logs\trace\SNS_Snapshots\SNS_24_SNAPSHOT_20250518_193739\modules\array.py,BB8FA0EAD04AF1181A09902633799B4E83BE7F051400DADC21B5165E870DB447
C:\clean_rebuild\logs\trace\SNS_Snapshots\SNS_24_SNAPSHOT_20250518_193739\modules\arraylike.py,391E5C363E6E2C614517E676486F00428FC560D3825329E077DC28345DD9F79D
C:\clean_rebuild\logs\trace\SNS_Snapshots\SNS_24_SNAPSHOT_20250518_193739\modules\arrayprint.py,C9F1B70D7B2849225F46BF4EFDBF2FEE3201C7F35B3119155CC084E6E04F7140
C:\clean_rebuild\logs\trace\SNS_Snapshots\SNS_24_SNAPSHOT_20250518_193739\modules\arrayterator.py,CF8A341F4F13EED6F3CCC5A1BB9657755A9B8AF8C189CB858111C193F96939C9
C:\clean_rebuild\logs\trace\SNS_Snapshots\SNS_24_SNAPSHOT_20250518_193739\modules\array_constructors.py,816496E9B00ABDB792E80ABD2736DA2A567729CCB93E4994BC0FCFD476684651
C:\clean_rebuild\logs\trace\SNS_Snapshots\SNS_24_SNAPSHOT_20250518_193739\modules\array_like.py,A8BA9524B53C6E3488077C45342CD1340728CC25910152DA8226181BB7B04090
C:\clean_rebuild\logs\trace\SNS_Snapshots\SNS_24_SNAPSHOT_20250518_193739\modules\array_manager.py,B21907C19F4C9AEEFB9A622444EA452503696E2BC88B1BE1A6AA93E99234526E
C:\clean_rebuild\logs\trace\SNS_Snapshots\SNS_24_SNAPSHOT_20250518_193739\modules\array_ops.py,67D64D445113CBC78A98435C22B83837B843D2FDD6EB9E78FF61886FAE4D50F6
C:\clean_rebuild\logs\trace\SNS_Snapshots\SNS_24_SNAPSHOT_20250518_193739\modules\array_utils_55de4d69.py,4B23075E5B0E24C2B0C648D0C63B31C77276720C7FDC9D8DD2AAA62D94D080C7
C:\clean_rebuild\logs\trace\SNS_Snapshots\SNS_24_SNAPSHOT_20250518_193739\modules\arrow_parser_wrapper.py,F2B1508D35B153C0E7368AFF58304244E51CA9D0A8CE63E52005E8DA76D3DB10
C:\clean_rebuild\logs\trace\SNS_Snapshots\SNS_24_SNAPSHOT_20250518_193739\modules\asn1.py,57391DBAD597EA9D45071A3E2F07A34EE1ED779855650CD45A1A7CA309CEE82C
C:\clean_rebuild\logs\trace\SNS_Snapshots\SNS_24_SNAPSHOT_20250518_193739\modules\asserters.py,108B36E5956D1ACD9931D6F8C90F3C0B303FD261F2D95DF215110472BB4E8BAD
C:\clean_rebuild\logs\trace\SNS_Snapshots\SNS_24_SNAPSHOT_20250518_193739\modules\astype.py,F397499ED8CE0C49FD3FC83A0ED9ED10B15DA8B0961E065A100CA946FA03092C
C:\clean_rebuild\logs\trace\SNS_Snapshots\SNS_24_SNAPSHOT_20250518_193739\modules\audio.py,B0733B03B14437282A8AFD1D8BFDDF1C8998D8DA134E89210EC176D27B509881
C:\clean_rebuild\logs\trace\SNS_Snapshots\SNS_24_SNAPSHOT_20250518_193739\modules\AudioClip.py,CC5F03673BCF565F1173902E156C44C2006403387257F29E3072511E0FAA498C
C:\clean_rebuild\logs\trace\SNS_Snapshots\SNS_24_SNAPSHOT_20250518_193739\modules\AudioClip_a8db486f.py,CC5F03673BCF565F1173902E156C44C2006403387257F29E3072511E0FAA498C
C:\clean_rebuild\logs\trace\SNS_Snapshots\SNS_24_SNAPSHOT_20250518_193739\modules\AudioDelay.py,293D5B9B95D95CD905688F9508ADFEB91A5BCB9275FFDD206F98D683842C882F
C:\clean_rebuild\logs\trace\SNS_Snapshots\SNS_24_SNAPSHOT_20250518_193739\modules\AudioFadeIn.py,CD227C5CDBE65A77603322EB9B88E52186F421C23BA3EB77CF3C6E1EF56F1A4D
C:\clean_rebuild\logs\trace\SNS_Snapshots\SNS_24_SNAPSHOT_20250518_193739\modules\AudioFadeOut.py,C2AB21155ABBBB2B3525A180A0783B5FE9F4A2FB0FCC4733A2B0C4C658C67343
C:\clean_rebuild\logs\trace\SNS_Snapshots\SNS_24_SNAPSHOT_20250518_193739\modules\AudioFileClip.py,82A84900AA871DEB5EA6D784DC13B69A25015D64F63CA05BB16A5AEFA2C4ED25
C:\clean_rebuild\logs\trace\SNS_Snapshots\SNS_24_SNAPSHOT_20250518_193739\modules\AudioLoop.py,007F0371E2AF2179DB2B735E038692C4792A0B8B112140C25D2684D0860D0805
C:\clean_rebuild\logs\trace\SNS_Snapshots\SNS_24_SNAPSHOT_20250518_193739\modules\AudioLoop_e9aadbbb.py,007F0371E2AF2179DB2B735E038692C4792A0B8B112140C25D2684D0860D0805
C:\clean_rebuild\logs\trace\SNS_Snapshots\SNS_24_SNAPSHOT_20250518_193739\modules\AudioNormalize.py,5E200B867282876FD379D296ECC43304DB8390B8B54A3C2C50480036C0A4DB1D
C:\clean_rebuild\logs\trace\SNS_Snapshots\SNS_24_SNAPSHOT_20250518_193739\modules\auth.py,E8CADA346F32EA6B4B1A3C72DC1F6BD837AF907FFE6D53D7EF891CFBDEC22B56
C:\clean_rebuild\logs\trace\SNS_Snapshots\SNS_24_SNAPSHOT_20250518_193739\modules\auto.py,4C789F152A2D3B7F659DC820590BC47AB06FAF2480575E2251E496C6A3C54DBB
C:\clean_rebuild\logs\trace\SNS_Snapshots\SNS_24_SNAPSHOT_20250518_193739\modules\autocompletion.py,0623CAF845C27053B93674220B94A8037FC233DB4EC21181E07881D6F8F3148D
C:\clean_rebuild\logs\trace\SNS_Snapshots\SNS_24_SNAPSHOT_20250518_193739\modules\autofill.py,193ABB90D16C196ADB2BE047F8B8FD3DBB20D11BCF547DD32A3BA63FC48367E0
C:\clean_rebuild\logs\trace\SNS_Snapshots\SNS_24_SNAPSHOT_20250518_193739\modules\autonotebook.py,25A8C5F3CCD69CB84B69235481373B2F1661363D2BCAE4238250FC78FC9CE0EC
C:\clean_rebuild\logs\trace\SNS_Snapshots\SNS_24_SNAPSHOT_20250518_193739\modules\auto_post.py,A80BD23B58CD6E507AA0BD73715F640766752DEA91DEFAFFE1B26C080C5BFC4F
C:\clean_rebuild\logs\trace\SNS_Snapshots\SNS_24_SNAPSHOT_20250518_193739\modules\auto_post_e779cdbf.py,9316C7064BF24699EBBDC7F9E793CD774F26F9FD474D097D03FC71C70B9E1FE5
C:\clean_rebuild\logs\trace\SNS_Snapshots\SNS_24_SNAPSHOT_20250518_193739\modules\auxfuncs.py,2CFD7D78399A2B12F154EBFD53C0A70E62444437A163585277C726A37D2D1547
C:\clean_rebuild\logs\trace\SNS_Snapshots\SNS_24_SNAPSHOT_20250518_193739\modules\background_service.py,E7F9E108E730A0D67DEBBE66B6F41F57B524E7A16F0E0786DE1CF977E7A8CE47
C:\clean_rebuild\logs\trace\SNS_Snapshots\SNS_24_SNAPSHOT_20250518_193739\modules\backports.py,17689C8E4E5D24B5CAFF236D85109CA71042CF60FFAF1CF8760A2315CC6FE331
C:\clean_rebuild\logs\trace\SNS_Snapshots\SNS_24_SNAPSHOT_20250518_193739\modules\bar.py,496E64C5B1148D08C863DB35568E690C96BCB1558FB0680A34B492F6C9FD0FB9
C:\clean_rebuild\logs\trace\SNS_Snapshots\SNS_24_SNAPSHOT_20250518_193739\modules\base.py,D7D04540B43861DB52C6223D7EB8580E63F80E2795D99242BDEEB1A7F75B7E2E
C:\clean_rebuild\logs\trace\SNS_Snapshots\SNS_24_SNAPSHOT_20250518_193739\modules\base64mime.py,FF406ACD7A4BD256C9701B14676016782BD366051DC7D779927B3886EF98F54B
C:\clean_rebuild\logs\trace\SNS_Snapshots\SNS_24_SNAPSHOT_20250518_193739\modules\basestring.py,8407C50595331B8F8E0C642F16870A46F5F5786C0D7C3B191A13023FBAF1A9A2
C:\clean_rebuild\logs\trace\SNS_Snapshots\SNS_24_SNAPSHOT_20250518_193739\modules\base_a87dbb56.py,16F6C641611ACBB6F71D2061577691CC209B04A278DC828825B5DC59F0E733AF
C:\clean_rebuild\logs\trace\SNS_Snapshots\SNS_24_SNAPSHOT_20250518_193739\modules\base_command.py,DA2900B119D5913113AC513B0E3942A41612B6A4C0D4E98B023D5B96ECD461F3
C:\clean_rebuild\logs\trace\SNS_Snapshots\SNS_24_SNAPSHOT_20250518_193739\modules\base_parser.py,AE1191BB80EC4E2C0210618233AEC82E07309201C1CAC0304678A29631287C89
C:\clean_rebuild\logs\trace\SNS_Snapshots\SNS_24_SNAPSHOT_20250518_193739\modules\basic_example.py,A53AFAD538ECB7FF4B74732E6D7D2A79EC392B0A1416BA1AA7877198F6053C03
C:\clean_rebuild\logs\trace\SNS_Snapshots\SNS_24_SNAPSHOT_20250518_193739\modules\bazaar.py,B5B77483EE25FADFA00AA82442E7972EF3BFA7CE7C2F546AB17F133BBB9A672A
C:\clean_rebuild\logs\trace\SNS_Snapshots\SNS_24_SNAPSHOT_20250518_193739\modules\bbcode.py,9CA8C3D896E3E54CED2F8A7345E203F23386ED320C5ED1304A31EDB17890CB02
C:\clean_rebuild\logs\trace\SNS_Snapshots\SNS_24_SNAPSHOT_20250518_193739\modules\BdfFontFile.py,3093E1E336A80D9C0E3AAFF43CD699192663082FEF8F32A9884E71B012904DEA
C:\clean_rebuild\logs\trace\SNS_Snapshots\SNS_24_SNAPSHOT_20250518_193739\modules\before.py,CE2A2BD69F8730C9144D15626E75F64416CEFF06BA65CF288F8BA4697D987E0C
C:\clean_rebuild\logs\trace\SNS_Snapshots\SNS_24_SNAPSHOT_20250518_193739\modules\before_sleep.py,6C80CD33E84E6F8DF9A8169F54993DC8127261F4C20042EB867621F36DCAE508
C:\clean_rebuild\logs\trace\SNS_Snapshots\SNS_24_SNAPSHOT_20250518_193739\modules\bells.py,57F7DDCB854AA8CFE905260002912012BE2A08BF1BB36C10BEA25D5D68E5EFE2
C:\clean_rebuild\logs\trace\SNS_Snapshots\SNS_24_SNAPSHOT_20250518_193739\modules\bidi_connection.py,996F5DAA37A88A63A0402EEBC665849C0256C0E8F4758B41A70800D2645144CB
C:\clean_rebuild\logs\trace\SNS_Snapshots\SNS_24_SNAPSHOT_20250518_193739\modules\big5freq.py,5B50561AA23C2DAB2047EBDECD3A70B8E88D31CD2A78201D60C0B531282C402D
C:\clean_rebuild\logs\trace\SNS_Snapshots\SNS_24_SNAPSHOT_20250518_193739\modules\big5prober.py,D561BD95EBDAFF5C9D476983852FB9D156B4B9FBC961D292D3799622339E10CD
C:\clean_rebuild\logs\trace\SNS_Snapshots\SNS_24_SNAPSHOT_20250518_193739\modules\big5prober_7db97bd0.py,D561BD95EBDAFF5C9D476983852FB9D156B4B9FBC961D292D3799622339E10CD
C:\clean_rebuild\logs\trace\SNS_Snapshots\SNS_24_SNAPSHOT_20250518_193739\modules\bindings.py,EA222E538D3D03875FE436B262D3F6511CAC48B9A5F58A8B19E9B8C7D05BC2DB
C:\clean_rebuild\logs\trace\SNS_Snapshots\SNS_24_SNAPSHOT_20250518_193739\modules\bitwise_ops.py,F257E381AC9F4C30DC5A2D4EFAB9F12EEE0566ABEC92F187BC55C9A4C4164207
C:\clean_rebuild\logs\trace\SNS_Snapshots\SNS_24_SNAPSHOT_20250518_193739\modules\BlackAndWhite.py,7269A1ED333EE16CC5699985599C49ABA36557C1F3C96F88B78B5DFDCE040BD5
C:\clean_rebuild\logs\trace\SNS_Snapshots\SNS_24_SNAPSHOT_20250518_193739\modules\black_white_lists.py,636B45E98C0DCD89008FDDEA491F11284A3872418EFD0DC92AD2BDA059A5B6E8
C:\clean_rebuild\logs\trace\SNS_Snapshots\SNS_24_SNAPSHOT_20250518_193739\modules\black_white_lists_bab602db.py,636B45E98C0DCD89008FDDEA491F11284A3872418EFD0DC92AD2BDA059A5B6E8
C:\clean_rebuild\logs\trace\SNS_Snapshots\SNS_24_SNAPSHOT_20250518_193739\modules\BLAKE2b.py,DF3DAE2C8AEA11380F8BC0EAC6BB05F877E812B1BD8175FEE5721161CCDD975E
C:\clean_rebuild\logs\trace\SNS_Snapshots\SNS_24_SNAPSHOT_20250518_193739\modules\BLAKE2s.py,516C10AD3EC9083EC4D81E5EAA9C96AD6F05E15B13F949C3115751EA764C1FAE
C:\clean_rebuild\logs\trace\SNS_Snapshots\SNS_24_SNAPSHOT_20250518_193739\modules\Blink.py,2DDDBF0D29D63314F3296EF017A68900D32004213761EAB190AB2C1DF2F9CD45
C:\clean_rebuild\logs\trace\SNS_Snapshots\SNS_24_SNAPSHOT_20250518_193739\modules\blocks.py,C2C43C8146EDE82EC4C865706CD460967527A78E135B1720160458349078A4BD
C:\clean_rebuild\logs\trace\SNS_Snapshots\SNS_24_SNAPSHOT_20250518_193739\modules\block_bots.py,D2EED95834F3BB717AD6E436E196B13B531B91D804F970EE78B34B07291C3B4D
C:\clean_rebuild\logs\trace\SNS_Snapshots\SNS_24_SNAPSHOT_20250518_193739\modules\Blowfish.py,9E71714F41AD4FC6499B83FF0199D1FF75D73D551A740CFFDC077D13AD930EDF
C:\clean_rebuild\logs\trace\SNS_Snapshots\SNS_24_SNAPSHOT_20250518_193739\modules\BlpImagePlugin.py,023D7CE97B778B271F781E1056A0854A4606396F5DE18867EF76F9834C9101BB
C:\clean_rebuild\logs\trace\SNS_Snapshots\SNS_24_SNAPSHOT_20250518_193739\modules\BmpImagePlugin.py,AE38B9DF0FD08ED3695F3D2E8CB8448A54B440A28D5AB98AEE858F76C20D5375
C:\clean_rebuild\logs\trace\SNS_Snapshots\SNS_24_SNAPSHOT_20250518_193739\modules\boolean.py,D1EF5D5D86429A013178B03019CADE54CDAC7F47228D88EC4286500EA672378B
C:\clean_rebuild\logs\trace\SNS_Snapshots\SNS_24_SNAPSHOT_20250518_193739\modules\boolean_ddba56b0.py,D1EF5D5D86429A013178B03019CADE54CDAC7F47228D88EC4286500EA672378B
C:\clean_rebuild\logs\trace\SNS_Snapshots\SNS_24_SNAPSHOT_20250518_193739\modules\bot.py,2EC367342419DFD569F4EE286161B5264634341A496682231662705384FAA5FA
C:\clean_rebuild\logs\trace\SNS_Snapshots\SNS_24_SNAPSHOT_20250518_193739\modules\bot_archive.py,1331713550022E1FCBF38A0284BC02E2F0A0E2958F302866D801C9F063BA25E4
C:\clean_rebuild\logs\trace\SNS_Snapshots\SNS_24_SNAPSHOT_20250518_193739\modules\bot_block.py,7EA956B7E22E522532D55C40A534C9B956A4DE710AE4D478027B05612B71AEAA
C:\clean_rebuild\logs\trace\SNS_Snapshots\SNS_24_SNAPSHOT_20250518_193739\modules\bot_cache.py,8B239DCD3111000D6C85A6B6EF1B9C6C0E49DD72838BA6EF0DA1927280848137
C:\clean_rebuild\logs\trace\SNS_Snapshots\SNS_24_SNAPSHOT_20250518_193739\modules\bot_checkpoint.py,E19DCC28479B91ABA530BE2508D3F56657B1D06CA70AD031021FDB138F3BEE72
C:\clean_rebuild\logs\trace\SNS_Snapshots\SNS_24_SNAPSHOT_20250518_193739\modules\bot_comment.py,1189CA1EF518CB7D099E2BE22EBC1B3F0BB1BC4C68F7B22ABE98B83047703F50
C:\clean_rebuild\logs\trace\SNS_Snapshots\SNS_24_SNAPSHOT_20250518_193739\modules\bot_delete.py,942A16034FAD51F160595317E62EA201F9ED5652A75BBAD5AFEA999325361856
C:\clean_rebuild\logs\trace\SNS_Snapshots\SNS_24_SNAPSHOT_20250518_193739\modules\bot_direct.py,DD5EC77FCC6E43FE76F9C3DE995BC7097BB726DCB00C12E8912F46717199FB82
C:\clean_rebuild\logs\trace\SNS_Snapshots\SNS_24_SNAPSHOT_20250518_193739\modules\bot_filter.py,AEDC36D1DE6BAE323ACF7E86CFF94AC42E4AD840ABE09230A2686B08ACBBE4C7
C:\clean_rebuild\logs\trace\SNS_Snapshots\SNS_24_SNAPSHOT_20250518_193739\modules\bot_follow.py,1E8D61A5064461A3D5B1C24A0B1EA2B5C7D5A0C7299601E05F76A0DE19063886
C:\clean_rebuild\logs\trace\SNS_Snapshots\SNS_24_SNAPSHOT_20250518_193739\modules\bot_get.py,BC4EF4665104DB6E716DB93919E2C2DDEF4D3C1604D31A7B0EBF4055CFD16C27
C:\clean_rebuild\logs\trace\SNS_Snapshots\SNS_24_SNAPSHOT_20250518_193739\modules\bot_like.py,5EC5CF1A74872029E7214CA749E31ACBADE50550CB4F93DFBAAE7DE8665848B1
C:\clean_rebuild\logs\trace\SNS_Snapshots\SNS_24_SNAPSHOT_20250518_193739\modules\bot_like_6dbb9223.py,5EC5CF1A74872029E7214CA749E31ACBADE50550CB4F93DFBAAE7DE8665848B1
C:\clean_rebuild\logs\trace\SNS_Snapshots\SNS_24_SNAPSHOT_20250518_193739\modules\bot_photo.py,BDBF4FA33ED5B0CEF25D32CA414F1881C2B1540591F9B9A2EBF639402DE59745
C:\clean_rebuild\logs\trace\SNS_Snapshots\SNS_24_SNAPSHOT_20250518_193739\modules\bot_state.py,8FE146CC74E0B67695C3113FE3857D2CF06139705678FF1F86D1A4CCB4F931FD
C:\clean_rebuild\logs\trace\SNS_Snapshots\SNS_24_SNAPSHOT_20250518_193739\modules\bot_stats.py,2B93D684FE78EFE392AD6DCF2282F4163133052C8204D0D78A0077B1D0E2086A
C:\clean_rebuild\logs\trace\SNS_Snapshots\SNS_24_SNAPSHOT_20250518_193739\modules\bot_story.py,0C1777ADEDD3BDD4CEE58672DC40FFB126D2B1D3EE8AA79AEDCB3507C56BC98A
C:\clean_rebuild\logs\trace\SNS_Snapshots\SNS_24_SNAPSHOT_20250518_193739\modules\bot_support.py,27656344042559C9459B552680A0DD7062B04534874161E8F3F83DF413342240
C:\clean_rebuild\logs\trace\SNS_Snapshots\SNS_24_SNAPSHOT_20250518_193739\modules\bot_unfollow.py,65C139F50E1997B7AA9BEE376EC9BD3C1091DB2BC5C2C255E1302D736B626EA4
C:\clean_rebuild\logs\trace\SNS_Snapshots\SNS_24_SNAPSHOT_20250518_193739\modules\bot_unlike.py,D802398B053C5AE8667A1B3CFD823F2CA30775E7E1597562E150987D94469FEE
C:\clean_rebuild\logs\trace\SNS_Snapshots\SNS_24_SNAPSHOT_20250518_193739\modules\bot_video.py,94824792C210CFEFA1CBCA082D2C3E6FF7BA70B94C7BA22D9CF68486B08FE321
C:\clean_rebuild\logs\trace\SNS_Snapshots\SNS_24_SNAPSHOT_20250518_193739\modules\box.py,5FE0000BFF346977ED7FB16790A0F653A98F7D445E20E01939C7C1BDF0AD8DBC
C:\clean_rebuild\logs\trace\SNS_Snapshots\SNS_24_SNAPSHOT_20250518_193739\modules\boxplot.py,D0AD2219F0356E02E9F7EB4AC336B7C7F46B2E31627A64EA75AE70C22303735B
C:\clean_rebuild\logs\trace\SNS_Snapshots\SNS_24_SNAPSHOT_20250518_193739\modules\bsdf.py,FE16FB8983B2703A7813AF4F859AC0FCEDD56B6DA1139D9245C7821DB969ABDD
C:\clean_rebuild\logs\trace\SNS_Snapshots\SNS_24_SNAPSHOT_20250518_193739\modules\buffer.py,ABDA7C5ADFD00617513B2026FE502BA4C1FDFD23362433092EE55E9B68FD3B29
C:\clean_rebuild\logs\trace\SNS_Snapshots\SNS_24_SNAPSHOT_20250518_193739\modules\BufrStubImagePlugin.py,A02C7BB6B4198CDB2EB61D7574EBFFC04E4CE0FA12D3300B6146CE5B4EA1FE30
C:\clean_rebuild\logs\trace\SNS_Snapshots\SNS_24_SNAPSHOT_20250518_193739\modules\build_env.py,C3B531B725A41E6980119AED5F063224D1BBE56DCC97F9E4F86DA3F3AEB3CAEE
C:\clean_rebuild\logs\trace\SNS_Snapshots\SNS_24_SNAPSHOT_20250518_193739\modules\build_tracker.py,1160B30AA2506DE927CA403C3157F23B6CC6EBCD26EC20EFD992FCDFDC81EECA
C:\clean_rebuild\logs\trace\SNS_Snapshots\SNS_24_SNAPSHOT_20250518_193739\modules\builtins.py,9E9EA46173D49EAFEA02B2F8FC884848A5287ED38F062A858C24421338CC01A4
C:\clean_rebuild\logs\trace\SNS_Snapshots\SNS_24_SNAPSHOT_20250518_193739\modules\by.py,EB5361560938C379F6985AAAAD196C6D74D905CC641D4A1EB78E68A4A50376E2
C:\clean_rebuild\logs\trace\SNS_Snapshots\SNS_24_SNAPSHOT_20250518_193739\modules\cache.py,A8BD299A849C4C7F161A57C661202AE0A7F19F9F85F3FB1E53389F6227E27263
C:\clean_rebuild\logs\trace\SNS_Snapshots\SNS_24_SNAPSHOT_20250518_193739\modules\cacheprovider.py,77EA597E0B1E89FA5D0794E56502825A413C3739F692D40EC70CD6108AAF69AD
C:\clean_rebuild\logs\trace\SNS_Snapshots\SNS_24_SNAPSHOT_20250518_193739\modules\cache_storage.py,547104AF504D1B9A0AF43861A78E9D1957B4E6811041CD8D3F3905E5484B1E79
C:\clean_rebuild\logs\trace\SNS_Snapshots\SNS_24_SNAPSHOT_20250518_193739\modules\cache_storage_53afddb6.py,547104AF504D1B9A0AF43861A78E9D1957B4E6811041CD8D3F3905E5484B1E79
C:\clean_rebuild\logs\trace\SNS_Snapshots\SNS_24_SNAPSHOT_20250518_193739\modules\candidate.py,1E995329B2219F6529CEE1CA9506F5AC246D1693E748773405BD5690FEA401A1
C:\clean_rebuild\logs\trace\SNS_Snapshots\SNS_24_SNAPSHOT_20250518_193739\modules\candidates.py,A474972465B79AB3F17E7C22E3E4BD1FB5873D454E43F3DFBFCD1909CAF4346F
C:\clean_rebuild\logs\trace\SNS_Snapshots\SNS_24_SNAPSHOT_20250518_193739\modules\capi_maps.py,1E3D60E53E528B273825649924F9DB7D7A8F4C2AA85DB970883113D385018789
C:\clean_rebuild\logs\trace\SNS_Snapshots\SNS_24_SNAPSHOT_20250518_193739\modules\captions_for_medias.py,FB562AECE321F88C504ADBAD9B8B9AD5D3BB4B94FD561EC4EF04F63824D07264
C:\clean_rebuild\logs\trace\SNS_Snapshots\SNS_24_SNAPSHOT_20250518_193739\modules\capture.py,25ED60BAF79E1C0090E580F992CA3D1F460DD584F4918DB10853EE3771AF3000
C:\clean_rebuild\logs\trace\SNS_Snapshots\SNS_24_SNAPSHOT_20250518_193739\modules\CAST.py,980E04174364B1A4A9659BB52840C409A0B0307182765D4BB31F1421123E7D43
C:\clean_rebuild\logs\trace\SNS_Snapshots\SNS_24_SNAPSHOT_20250518_193739\modules\casting.py,50005FE6121ABBA6D508ADA3198BC8E7749E43D86762E6D64CEDB5EC1D0D1E3A
C:\clean_rebuild\logs\trace\SNS_Snapshots\SNS_24_SNAPSHOT_20250518_193739\modules\categorical.py,8C0D00BCD3BCFC00152A6E08E245A21962E781D608EB9FD11F1B89B2C0663459
C:\clean_rebuild\logs\trace\SNS_Snapshots\SNS_24_SNAPSHOT_20250518_193739\modules\category.py,3B259524903E8C8977F1CD9E177FDDB1205705202CA1F3467EF9FED551F3F4EB
C:\clean_rebuild\logs\trace\SNS_Snapshots\SNS_24_SNAPSHOT_20250518_193739\modules\cb_rules.py,8402DE98AB2A6B5AA44C3D8AA8171D1A64438524C0BAAD59E59B0F9498D6757C
C:\clean_rebuild\logs\trace\SNS_Snapshots\SNS_24_SNAPSHOT_20250518_193739\modules\cb_rules_c3adb8b8.py,8402DE98AB2A6B5AA44C3D8AA8171D1A64438524C0BAAD59E59B0F9498D6757C
C:\clean_rebuild\logs\trace\SNS_Snapshots\SNS_24_SNAPSHOT_20250518_193739\modules\cd.py,3ED919AEBD00BC5903DDD9945E5A972358EB664AA5E59EF6CFFD670331E69584
C:\clean_rebuild\logs\trace\SNS_Snapshots\SNS_24_SNAPSHOT_20250518_193739\modules\cdp.py,B2B25864DBE5EDF986060A250528C0A8AF31A6C790AA68DB6DE7F2FCE1235292
C:\clean_rebuild\logs\trace\SNS_Snapshots\SNS_24_SNAPSHOT_20250518_193739\modules\cells.py,18B2ACA8E2BE723C19AE434D8CA670A1D7FBEEDAD28353E5714A36C7F8E96CC2
C:\clean_rebuild\logs\trace\SNS_Snapshots\SNS_24_SNAPSHOT_20250518_193739\modules\certs.py,24796F92EB5B0740667E683693BE547F981BC5C9832FA719AA67A095774051ED
C:\clean_rebuild\logs\trace\SNS_Snapshots\SNS_24_SNAPSHOT_20250518_193739\modules\cfuncs.py,A9BB85F5F256961552677C48B2D170AC658CEC53B5672D03533064E870F5D629
C:\clean_rebuild\logs\trace\SNS_Snapshots\SNS_24_SNAPSHOT_20250518_193739\modules\ChaCha20.py,4D53DABA6C3CF5FB82910FAF6CAAA82C0FA264A288436201BA790428B2897885
C:\clean_rebuild\logs\trace\SNS_Snapshots\SNS_24_SNAPSHOT_20250518_193739\modules\ChaCha20_Poly1305.py,3806F0C81A8210A319709F4723B98971D2A914E9E3E69EF88EC2B0BC2F395AA1
C:\clean_rebuild\logs\trace\SNS_Snapshots\SNS_24_SNAPSHOT_20250518_193739\modules\char.py,7AD550FFC73EDEF48B1056FA94B80DAE59101485EC73DFBEABB24BBCA172100F
C:\clean_rebuild\logs\trace\SNS_Snapshots\SNS_24_SNAPSHOT_20250518_193739\modules\chardetect.py,5DAA313580353EE0CC41776AC620314E8468CD9862BDB69B4A739885902D5E39
C:\clean_rebuild\logs\trace\SNS_Snapshots\SNS_24_SNAPSHOT_20250518_193739\modules\chardetect_1dbc0df4.py,5DAA313580353EE0CC41776AC620314E8468CD9862BDB69B4A739885902D5E39
C:\clean_rebuild\logs\trace\SNS_Snapshots\SNS_24_SNAPSHOT_20250518_193739\modules\chardistribution.py,5EDE50E60FF48708A2490B47B5126C46552A5A5A82BF6CFDC3787268CC5D3B36
C:\clean_rebuild\logs\trace\SNS_Snapshots\SNS_24_SNAPSHOT_20250518_193739\modules\charset.py,26E3CB674A0AD168341F2DF0B81F51B20B32A133AA03021BA689234DECCDABE1
C:\clean_rebuild\logs\trace\SNS_Snapshots\SNS_24_SNAPSHOT_20250518_193739\modules\charsetgroupprober.py,C513537B6C57CDA3CA833C794B7122AB47CC3B051D85FEEBBBA8CE2BB8A5C911
C:\clean_rebuild\logs\trace\SNS_Snapshots\SNS_24_SNAPSHOT_20250518_193739\modules\charsetprober.py,2744619515356BD13CFA11F8121DF234A23BE9C6F82F6B8B9EA02C9B7FACEF0C
C:\clean_rebuild\logs\trace\SNS_Snapshots\SNS_24_SNAPSHOT_20250518_193739\modules\chebyshev.py,17771E15F3DABD83DBD8FD909A7152A0F3CFBB6B75F2626E44A173F78D432631
C:\clean_rebuild\logs\trace\SNS_Snapshots\SNS_24_SNAPSHOT_20250518_193739\modules\check.py,C42625AB407FE5BA1EAA21EE98DC3C6577B16B4139E317C43AA771BEDCEF48FE
C:\clean_rebuild\logs\trace\SNS_Snapshots\SNS_24_SNAPSHOT_20250518_193739\modules\cleanup_old_logs.py,3FA0927A6ECCCBD4DFACB5D149B9EE0C5D73439D10DF04FD461C609696F254DE
C:\clean_rebuild\logs\trace\SNS_Snapshots\SNS_24_SNAPSHOT_20250518_193739\modules\cli.py,E0FFDF178497CC530F21E934154B04F82B73388409FBEE840CB7D839D6A1EB25
C:\clean_rebuild\logs\trace\SNS_Snapshots\SNS_24_SNAPSHOT_20250518_193739\modules\client.py,85D4675CC94CE28ADC857E75285B976A4210C3E65B6D0E74338259094566B3C8
C:\clean_rebuild\logs\trace\SNS_Snapshots\SNS_24_SNAPSHOT_20250518_193739\modules\client_config.py,27F226E65F86E5D4CC94CCF569D6F79036DE90DF29CE8122652AF800F98DD7DC
C:\clean_rebuild\logs\trace\SNS_Snapshots\SNS_24_SNAPSHOT_20250518_193739\modules\Clip.py,B183E759CB882E0D5B624E7F1D736081E9FE9A160E8835F8915CFC6D73F0D3BD
C:\clean_rebuild\logs\trace\SNS_Snapshots\SNS_24_SNAPSHOT_20250518_193739\modules\clipboards.py,14EF9DF1A84C5E6DAC203EC52C7BA37F5DD0910E2DD3F9254A2061158C1D9105
C:\clean_rebuild\logs\trace\SNS_Snapshots\SNS_24_SNAPSHOT_20250518_193739\modules\CMAC.py,EC8ADFCF406E700F1492C104D0334BE53C85CBBEDBAD67F98BC1EDD4F2C36F0F
C:\clean_rebuild\logs\trace\SNS_Snapshots\SNS_24_SNAPSHOT_20250518_193739\modules\cmdline.py,3E73A1B94CDB3201E9F6724B994EA8DF18DC942876DA6BA11989A5C20957232E
C:\clean_rebuild\logs\trace\SNS_Snapshots\SNS_24_SNAPSHOT_20250518_193739\modules\cmdoptions.py,74D6950C40B681D19154388CB2C8A4D0F195CB9EEFF06F94431FA6A7FE8FE9DA
C:\clean_rebuild\logs\trace\SNS_Snapshots\SNS_24_SNAPSHOT_20250518_193739\modules\code.py,2AD2F3CA986F9EAE3395112DFEA24B9BAC0B9BC8A2D4E5E6A9EBC99FA4CDE5BE
C:\clean_rebuild\logs\trace\SNS_Snapshots\SNS_24_SNAPSHOT_20250518_193739\modules\codec.py,BCF41FA47AD83B2B01614B777AA243AF37E5E9C2E9C1EEF0DD850EB9FE9654B2
C:\clean_rebuild\logs\trace\SNS_Snapshots\SNS_24_SNAPSHOT_20250518_193739\modules\codingstatemachine.py,326CB90B10A3ED613223F827E36DCE6F3F315F808447B6DF2FE6DF0F98AC7E82
C:\clean_rebuild\logs\trace\SNS_Snapshots\SNS_24_SNAPSHOT_20250518_193739\modules\codingstatemachinedict.py,32BAB99EBF27C6B150E21430DC3156407BF51599CE0CBB0E87632243F9FC78B0
C:\clean_rebuild\logs\trace\SNS_Snapshots\SNS_24_SNAPSHOT_20250518_193739\modules\collections_abc.py,442A7F8176056548360C5DA250F4D30FE5D2A414E26B8C44B898636D73734323
C:\clean_rebuild\logs\trace\SNS_Snapshots\SNS_24_SNAPSHOT_20250518_193739\modules\collect_stats.py,80AEF63B22B0967C6E851140E6B102CA442802D7F26DC7ADAF5AE6E840791A7B
C:\clean_rebuild\logs\trace\SNS_Snapshots\SNS_24_SNAPSHOT_20250518_193739\modules\color.py,2A08B45B643D6C9D03AFD0D7F977AF7ABE26963A0D011E12F96517CA009B8409
C:\clean_rebuild\logs\trace\SNS_Snapshots\SNS_24_SNAPSHOT_20250518_193739\modules\colorchooser.py,7697C03EE2367D6C976CCAB38E6F90052793B472C5FF7AADFA70E8DC6E85A3F7
C:\clean_rebuild\logs\trace\SNS_Snapshots\SNS_24_SNAPSHOT_20250518_193739\modules\color_triplet.py,3C8E6D168022D9167370C1A5E5F49F8590D0A203818E9BBCE81CFC91AC2BDCA6
C:\clean_rebuild\logs\trace\SNS_Snapshots\SNS_24_SNAPSHOT_20250518_193739\modules\column.py,DE32BFA30F904D174B8186C64889A9C415F877088094C7B951E5DC7DD63B5B52
C:\clean_rebuild\logs\trace\SNS_Snapshots\SNS_24_SNAPSHOT_20250518_193739\modules\columns.py,106F3DEBBAA723D60B16E8184C3E35BFBAA376E637BA63129611CF0A04DA31DC
C:\clean_rebuild\logs\trace\SNS_Snapshots\SNS_24_SNAPSHOT_20250518_193739\modules\command.py,B8CABF27D308D18AE6C95ADFE1EFDCE67244EB3D5A89E0C5FFB3ED3BBD4625DC
C:\clean_rebuild\logs\trace\SNS_Snapshots\SNS_24_SNAPSHOT_20250518_193739\modules\command_context.py,85C8DC73BA13C60F08CC852697E7B00365EC383B7DA7897AB729FEAA7B07D9F0
C:\clean_rebuild\logs\trace\SNS_Snapshots\SNS_24_SNAPSHOT_20250518_193739\modules\comment_hashtags.py,C8FE03B2DA072732EB66518F7818C0AAC3BA1F20098FDD52C49B533A3160FD1E
C:\clean_rebuild\logs\trace\SNS_Snapshots\SNS_24_SNAPSHOT_20250518_193739\modules\comment_medias_by_location.py,40CF00D8260C103AB75C2A49F5A6A87EDC3A57E29644233104BBD924353FA341
C:\clean_rebuild\logs\trace\SNS_Snapshots\SNS_24_SNAPSHOT_20250518_193739\modules\comment_your_feed.py,9D43B1A6797F1FC940791F6BD1F8E8774A5DA4E832E68AC36E99351571870538
C:\clean_rebuild\logs\trace\SNS_Snapshots\SNS_24_SNAPSHOT_20250518_193739\modules\comparisons.py,F8D48084534DDE45AABB6099AADDA9AB791F953C7A9C3096C643B7248625E4D2
C:\clean_rebuild\logs\trace\SNS_Snapshots\SNS_24_SNAPSHOT_20250518_193739\modules\compat.py,8FAA1E46C693FB78803795B6FE173EBDC211F2E2BA7BB6B6DBAC963799DB81F6
C:\clean_rebuild\logs\trace\SNS_Snapshots\SNS_24_SNAPSHOT_20250518_193739\modules\compatibility_tags.py,C0BD36E08E7CBEF9B339FB68620FD3BDF8471D8E383E98F701B57A627F60CE24
C:\clean_rebuild\logs\trace\SNS_Snapshots\SNS_24_SNAPSHOT_20250518_193739\modules\compat_8db5c14b.py,195A7D23C7C54ED4537CDCBDF57A3046FE811059CDC57C15DCCE186BB5A653B3
C:\clean_rebuild\logs\trace\SNS_Snapshots\SNS_24_SNAPSHOT_20250518_193739\modules\completion.py,92ADFFFB2D47409A491FF9AE0243F1BAC1C277931F2878CEB62AE655D33E818B
C:\clean_rebuild\logs\trace\SNS_Snapshots\SNS_24_SNAPSHOT_20250518_193739\modules\composer.py,714EB69F5C51FA746BD4E40CFA8D8B3F203228AF5DEBBF6B11DF53F4D0F103A6
C:\clean_rebuild\logs\trace\SNS_Snapshots\SNS_24_SNAPSHOT_20250518_193739\modules\CompositeVideoClip.py,152BC656861DAA4D4D4B5E30B2E4485D9DBCE8485E7698C04A39C25A8071E3A8
C:\clean_rebuild\logs\trace\SNS_Snapshots\SNS_24_SNAPSHOT_20250518_193739\modules\compressors.py,34FF5FDD6CB9FEA0870A10D79E1936A32CBC827E86DD44FC879D32DE6966538D
C:\clean_rebuild\logs\trace\SNS_Snapshots\SNS_24_SNAPSHOT_20250518_193739\modules\concat.py,AB3A5B791DBD481FCDAE14510C7F3197AB6F29E88B76B86D87D26568324E8165
C:\clean_rebuild\logs\trace\SNS_Snapshots\SNS_24_SNAPSHOT_20250518_193739\modules\concat_bee6db73.py,ACDEA58B5F6D18E8ACF0568368AEE891C9C17F6952CDF82E2C9C0446B4E21D37
C:\clean_rebuild\logs\trace\SNS_Snapshots\SNS_24_SNAPSHOT_20250518_193739\modules\configuration.py,561A32FFDD637620B649ECC64469F8A3EE7BD63168E6852B27D526C893137566
C:\clean_rebuild\logs\trace\SNS_Snapshots\SNS_24_SNAPSHOT_20250518_193739\modules\config_init.py,37417E1893EDE1690AADE151F6C816D2F957E1FD3B8ED4FBECF346ED6CD1E9EE
C:\clean_rebuild\logs\trace\SNS_Snapshots\SNS_24_SNAPSHOT_20250518_193739\modules\config_init_fc0498db.py,37417E1893EDE1690AADE151F6C816D2F957E1FD3B8ED4FBECF346ED6CD1E9EE
C:\clean_rebuild\logs\trace\SNS_Snapshots\SNS_24_SNAPSHOT_20250518_193739\modules\conflict_guard.py,82E39E4987AF53423C36C3B82BA844D315F4A3CC4BBD8E02768ED7C4A4CCB5E0
C:\clean_rebuild\logs\trace\SNS_Snapshots\SNS_24_SNAPSHOT_20250518_193739\modules\conftest.py,0745D90F06D6E7965BBBC2AD5A16E5666E17A1AE7A013838E6D33017D8DAF4C7
C:\clean_rebuild\logs\trace\SNS_Snapshots\SNS_24_SNAPSHOT_20250518_193739\modules\connection.py,927D65DE0CD55D93715FC5D3FF01B032FED0D9637DD0370094DA7ABD8804217B
C:\clean_rebuild\logs\trace\SNS_Snapshots\SNS_24_SNAPSHOT_20250518_193739\modules\connectionpool.py,2499101DE49559CF3907C32FDC7243520EF3D97F2715F414DB80E51622EC1398
C:\clean_rebuild\logs\trace\SNS_Snapshots\SNS_24_SNAPSHOT_20250518_193739\modules\console.py,417A38E209B16F4E0F733980052B419CC9E6FE43BF32ABDA248BA5A299E2F8CD
C:\clean_rebuild\logs\trace\SNS_Snapshots\SNS_24_SNAPSHOT_20250518_193739\modules\constant.py,28A4B4EB5F5B74983EB54DD3143D0083AD8B2A3D6248E9AAF2EAFBFE7F221892
C:\clean_rebuild\logs\trace\SNS_Snapshots\SNS_24_SNAPSHOT_20250518_193739\modules\constants.py,D25305EB43483197799B948C97F1E524D8E9E8AFE4493F9A83A8CB1297F6D25F
C:\clean_rebuild\logs\trace\SNS_Snapshots\SNS_24_SNAPSHOT_20250518_193739\modules\constrain.py,DC97E8420136061B4E8C169518AC0D2D3D94F24531C83269371EA779A5E1EC45
C:\clean_rebuild\logs\trace\SNS_Snapshots\SNS_24_SNAPSHOT_20250518_193739\modules\constraint.py,A45EB2B8162ADEA6B1AB235CF898E92444B8BD4F9C59B95493D51E0C4F8C4DD1
C:\clean_rebuild\logs\trace\SNS_Snapshots\SNS_24_SNAPSHOT_20250518_193739\modules\construction.py,6D1A61FB139F6A135D8A488E37922298DEB0973999D4B18D6A03780247565C30
C:\clean_rebuild\logs\trace\SNS_Snapshots\SNS_24_SNAPSHOT_20250518_193739\modules\constructor.py,E534458E0E3DA7BB751C22421353DBFF7C915CB4C817F1C605B2F99E8151B269
C:\clean_rebuild\logs\trace\SNS_Snapshots\SNS_24_SNAPSHOT_20250518_193739\modules\constructors.py,EA24944C2B60BE97D7FB300A1F02FFF3B1DAABC7A01D2578120ACB5B035B64A6
C:\clean_rebuild\logs\trace\SNS_Snapshots\SNS_24_SNAPSHOT_20250518_193739\modules\ContainerIO.py,4D2F10B64687C1783B0672AD78C24EA163AFA89C9F40EAAB14316ABBC63D4FCC
C:\clean_rebuild\logs\trace\SNS_Snapshots\SNS_24_SNAPSHOT_20250518_193739\modules\containers.py,7C02B6C9808D602FF3505B70E103BC1EB48B73F9F297484836A311C293A0CF54
C:\clean_rebuild\logs\trace\SNS_Snapshots\SNS_24_SNAPSHOT_20250518_193739\modules\contexts.py,AC0C8071223398A3093DA8AD8903C407610BCAA1EAACEA25774200B3E4CEC468
C:\clean_rebuild\logs\trace\SNS_Snapshots\SNS_24_SNAPSHOT_20250518_193739\modules\control.py,06E77C411093F4E29008096857FE62392BE824F9D9AEC809314107FB71BADF40
C:\clean_rebuild\logs\trace\SNS_Snapshots\SNS_24_SNAPSHOT_20250518_193739\modules\controller.py,3EFF17EC8506127B005118EB9E16D7B79BE7B2D36DFFA0F1CC7495007B5A30BD
C:\clean_rebuild\logs\trace\SNS_Snapshots\SNS_24_SNAPSHOT_20250518_193739\modules\converter.py,20CE73ABE930755BF5A2D1A6A664E7D3CF13C9576A737D55EA5F57D7DCBE4B94
C:\clean_rebuild\logs\trace\SNS_Snapshots\SNS_24_SNAPSHOT_20250518_193739\modules\cookiejar.py,5BFAD7B42E06AF8B6431333E7699990B45F1DB10467BC85B3AF93ED24723B7DD
C:\clean_rebuild\logs\trace\SNS_Snapshots\SNS_24_SNAPSHOT_20250518_193739\modules\cookies.py,23F278438575F097D4CBE293B40E9B5E95882D01597B61467D10057896D7F860
C:\clean_rebuild\logs\trace\SNS_Snapshots\SNS_24_SNAPSHOT_20250518_193739\modules\core.py,70CFCCACC29CB83439DB8689CD209BB9B7890985DA316A10CDC4637CD1632A6F
C:\clean_rebuild\logs\trace\SNS_Snapshots\SNS_24_SNAPSHOT_20250518_193739\modules\Counter.py,E0D9B91A882D3986EF288761C85527F658E552B9A48B02AD630896A10B155F9B
C:\clean_rebuild\logs\trace\SNS_Snapshots\SNS_24_SNAPSHOT_20250518_193739\modules\count_logtables_rows.py,2F67C62B323898DCB91BD177E3A6A06CD59720EB12700CFD4C7F8F1A487B525F
C:\clean_rebuild\logs\trace\SNS_Snapshots\SNS_24_SNAPSHOT_20250518_193739\modules\cp949prober.py,89AA8EADFAB41145AE285A7B31924C5EA08947E9994B1666E208D34E99D86617
C:\clean_rebuild\logs\trace\SNS_Snapshots\SNS_24_SNAPSHOT_20250518_193739\modules\crackfortran.py,0E768B78C238C1D73D714014312B826FFDBF640CD6B907DB8BCA6E2DE44D6DE5
C:\clean_rebuild\logs\trace\SNS_Snapshots\SNS_24_SNAPSHOT_20250518_193739\modules\credits.py,CA26E17A681D401FF7F952382AFE8097E671CD80E2B29D8ACA39FF184C56CF95
C:\clean_rebuild\logs\trace\SNS_Snapshots\SNS_24_SNAPSHOT_20250518_193739\modules\Crop.py,CB79F70AEBD21DB0737A70B24CD9D3C548FAEE19768F994A78132E74DEA0E103
C:\clean_rebuild\logs\trace\SNS_Snapshots\SNS_24_SNAPSHOT_20250518_193739\modules\CrossFadeIn.py,ED03A4703E106EEEA8501D514A57C5516130095BF0E2DA129A8D0DC84ABEE2ED
C:\clean_rebuild\logs\trace\SNS_Snapshots\SNS_24_SNAPSHOT_20250518_193739\modules\CrossFadeOut.py,E9FAFF6C5EFAF2B4CBE7ED669DE6F2BDA8F2849B38ECEB1C5B774C9D35F7E0E9
C:\clean_rebuild\logs\trace\SNS_Snapshots\SNS_24_SNAPSHOT_20250518_193739\modules\cSHAKE128.py,C56439B9618802E99AA40AE8FED9B86D8BC1441308E69C2D945064E52FCE80A2
C:\clean_rebuild\logs\trace\SNS_Snapshots\SNS_24_SNAPSHOT_20250518_193739\modules\cSHAKE256.py,32810B278FB43848BEDBF75D04AFC4C081D544BC512FEB2CE119ED010301C964
C:\clean_rebuild\logs\trace\SNS_Snapshots\SNS_24_SNAPSHOT_20250518_193739\modules\css_match.py,75A40FDE47DFBD6AB843B70C7A944F5F49BE3D20E7F555E9732D82BE54CAEB4C
C:\clean_rebuild\logs\trace\SNS_Snapshots\SNS_24_SNAPSHOT_20250518_193739\modules\css_parser.py,61449327E39AEE359F11E89B68F3C786B6E7718F6AA3947E3626D812D8C7A1EF
C:\clean_rebuild\logs\trace\SNS_Snapshots\SNS_24_SNAPSHOT_20250518_193739\modules\css_types.py,C1E07002299352498A9DD57E71328E7F3D7DF537D8B90E1072F1935DAC4406E8
C:\clean_rebuild\logs\trace\SNS_Snapshots\SNS_24_SNAPSHOT_20250518_193739\modules\csvs.py,F7278B31974F9BB35840C5BDCB2C0240FC46176866A01723E444823B349649AD
C:\clean_rebuild\logs\trace\SNS_Snapshots\SNS_24_SNAPSHOT_20250518_193739\modules\ctypeslib.py,2B8D19C77927ADAECCEB9E9145BF7F41AE87E3E74284E7CDBCC0E9FDDBFFA247
C:\clean_rebuild\logs\trace\SNS_Snapshots\SNS_24_SNAPSHOT_20250518_193739\modules\CurImagePlugin.py,7C1BFA28A43575DA4DB044898C251A3160173C45BFB621A3D64AB7D01EB6B3A3
C:\clean_rebuild\logs\trace\SNS_Snapshots\SNS_24_SNAPSHOT_20250518_193739\modules\cuts.py,8EA7C85A4B31E4698C04BB4EBED7801C08FB628CAB8B727D0217D4F4BC1F3F4E
C:\clean_rebuild\logs\trace\SNS_Snapshots\SNS_24_SNAPSHOT_20250518_193739\modules\cversions.py,1484AFD5DE11F75EC18B9C498CA2B2F0BA3A025164574D16BD2A01EE5DDA700E
C:\clean_rebuild\logs\trace\SNS_Snapshots\SNS_24_SNAPSHOT_20250518_193739\modules\cyaml.py,42EE9DEEE0F554CA993CADFCC1A6A961606271D71DDFE02875891E0932031D8D
C:\clean_rebuild\logs\trace\SNS_Snapshots\SNS_24_SNAPSHOT_20250518_193739\modules\c_parser_wrapper.py,B027375A13D103E72BC5D6B837434A2DAE7617851E6E555D7F9A8CEC95FAAAB5
C:\clean_rebuild\logs\trace\SNS_Snapshots\SNS_24_SNAPSHOT_20250518_193739\modules\dammit.py,EC4B269E6D9F97FEAAD424CC9DABCE616F625B43F94BB51B3FD92A9B6803CCF2
C:\clean_rebuild\logs\trace\SNS_Snapshots\SNS_24_SNAPSHOT_20250518_193739\modules\dashboard_design_trace.py,BF70A4FA402E3E885F68E61902640A827466223DC0FEB423A2E794F26CF3563D
C:\clean_rebuild\logs\trace\SNS_Snapshots\SNS_24_SNAPSHOT_20250518_193739\modules\dashboard_full_tabs.py,9091DD4A62067D770998074AEBA5137AEADA67275B1CE54A8778BF65F62474B8
C:\clean_rebuild\logs\trace\SNS_Snapshots\SNS_24_SNAPSHOT_20250518_193739\modules\dashboard_trace.py,9465780C6A16EEF8EDC5F8181AF94A45C433F3891012A585E2CFAE7475D6D331
C:\clean_rebuild\logs\trace\SNS_Snapshots\SNS_24_SNAPSHOT_20250518_193739\modules\dashboard_trace_git.py,D91823E43D99EFA0106558D232D0EE2162BB4C2C79A2C51D457E5C2D34A6C7D4
C:\clean_rebuild\logs\trace\SNS_Snapshots\SNS_24_SNAPSHOT_20250518_193739\modules\dask.py,02B4DB105D5781397E0F78D5F9065BAE7A68D1F346F6EAFB82EE62CD8F66988A
C:\clean_rebuild\logs\trace\SNS_Snapshots\SNS_24_SNAPSHOT_20250518_193739\modules\database.py,2AE2419872B58EB1D810359138E01779CBAEEAD84C04D2D3234BC13055F29293
C:\clean_rebuild\logs\trace\SNS_Snapshots\SNS_24_SNAPSHOT_20250518_193739\modules\dataframe.py,A7298FDAA468957A306BFEE11D9B5FB349A8C76151C4630FA9ABF0FA62819172
C:\clean_rebuild\logs\trace\SNS_Snapshots\SNS_24_SNAPSHOT_20250518_193739\modules\dataframe_protocol.py,EFEC927B677079553ED5B04D5B3A918C0B698400C7C869C557BAF477AD4328DC
C:\clean_rebuild\logs\trace\SNS_Snapshots\SNS_24_SNAPSHOT_20250518_193739\modules\dates.py,0ACB7393991741CE03FDEB3058D973BE33C842103D2129819CAB43D57372969B
C:\clean_rebuild\logs\trace\SNS_Snapshots\SNS_24_SNAPSHOT_20250518_193739\modules\datetimelike.py,933437388AEAF2F470CDC9519BD691FD178F36676A8D587200A0DDA48E91A920
C:\clean_rebuild\logs\trace\SNS_Snapshots\SNS_24_SNAPSHOT_20250518_193739\modules\datetimelike_accumulations.py,39FB5371FE09366853BD8ECECFBF66131BB358CC242661C583EB267535FFEFE1
C:\clean_rebuild\logs\trace\SNS_Snapshots\SNS_24_SNAPSHOT_20250518_193739\modules\datetimes.py,6A477CF1DC98CDC59E216F21D27F9E3F1A203C180F237AEB91F02F52D706CB38
C:\clean_rebuild\logs\trace\SNS_Snapshots\SNS_24_SNAPSHOT_20250518_193739\modules\DcxImagePlugin.py,20DF1FA6E1D90B19938755B3CBCAD00996A0760F03C52801F478B4D9BD184141
C:\clean_rebuild\logs\trace\SNS_Snapshots\SNS_24_SNAPSHOT_20250518_193739\modules\DdsImagePlugin.py,F4251A5A790A403748F3829B4C4D6099E670CAC4B2BB1B45013A516DC7680B5E
C:\clean_rebuild\logs\trace\SNS_Snapshots\SNS_24_SNAPSHOT_20250518_193739\modules\debug.py,C95A6A8189FB73828632B2DE99BFE11274C319C11A000F96D7842277A3876169
C:\clean_rebuild\logs\trace\SNS_Snapshots\SNS_24_SNAPSHOT_20250518_193739\modules\debugger.py,48AEBA315299A8FDA778D57CC4F947D1E2F92A0D89F06956C171706C039D04BA
C:\clean_rebuild\logs\trace\SNS_Snapshots\SNS_24_SNAPSHOT_20250518_193739\modules\debugging.py,562CEE10B4118780B6EB0D6C0F0B8BD35045957BDB0E26C656AA00BCC67238AA
C:\clean_rebuild\logs\trace\SNS_Snapshots\SNS_24_SNAPSHOT_20250518_193739\modules\decoder.py,1EA2C7D87F2C65B81D336E24C5FEA37FF475612125D0758C0A5A79F3159A8443
C:\clean_rebuild\logs\trace\SNS_Snapshots\SNS_24_SNAPSHOT_20250518_193739\modules\decorator.py,99DC31D9C0E179DF4385F536F1CEA109CFE91B1754FAEC31D339D5E54A4485F8
C:\clean_rebuild\logs\trace\SNS_Snapshots\SNS_24_SNAPSHOT_20250518_193739\modules\decorators.py,6EA04E4A505E7582ED379C0A1744F4D32D6C00581CA920304B71D17E61E58E04
C:\clean_rebuild\logs\trace\SNS_Snapshots\SNS_24_SNAPSHOT_20250518_193739\modules\default_styles.py,4A30ECB5DEBFE53B943358AB174958BE6DE7C1A410738D8FCC328E05C4971F83
C:\clean_rebuild\logs\trace\SNS_Snapshots\SNS_24_SNAPSHOT_20250518_193739\modules\defchararray.py,8282776D862CB091D7CDD68EC0C4BA38EFE118CF5DE6A4B8EB66009E6473DABE
C:\clean_rebuild\logs\trace\SNS_Snapshots\SNS_24_SNAPSHOT_20250518_193739\modules\defmatrix.py,A2C7C440C036D875629F1D3B0A0140EA9500C8651882E15DE64AFE73E9CDC199
C:\clean_rebuild\logs\trace\SNS_Snapshots\SNS_24_SNAPSHOT_20250518_193739\modules\delete_all_posts.py,011A62A316AA851CEFAD1C387349EBB1A960751B8F34523A93AF4DA07A664DA5
C:\clean_rebuild\logs\trace\SNS_Snapshots\SNS_24_SNAPSHOT_20250518_193739\modules\deprecated.py,7068818AB83F503F724F18A2E7D9F1E1E4B1432659BE49848B28127CBA64F90F
C:\clean_rebuild\logs\trace\SNS_Snapshots\SNS_24_SNAPSHOT_20250518_193739\modules\deprecation.py,0DD9A86DABB006A8B2759CA6C88B42644D9938C2A02746585E29C81DBC4130D3
C:\clean_rebuild\logs\trace\SNS_Snapshots\SNS_24_SNAPSHOT_20250518_193739\modules\DES.py,BAE52D7A7D2CD509D466156DC2878D7E4194BB304A8CB555F353EC00108C9186
C:\clean_rebuild\logs\trace\SNS_Snapshots\SNS_24_SNAPSHOT_20250518_193739\modules\DES3.py,70D9B525599D85146924EF8DBDF0980C42A03F4FBB2D01A2CADBF7ED2D43CD93
C:\clean_rebuild\logs\trace\SNS_Snapshots\SNS_24_SNAPSHOT_20250518_193739\modules\describe.py,EF75914E2172C7A4CFADBF239E7EC8E7BE0B8D642202056029CF897E0B003AE0
C:\clean_rebuild\logs\trace\SNS_Snapshots\SNS_24_SNAPSHOT_20250518_193739\modules\desired_capabilities.py,F820CA86E0C08B4E3B5AEEE4CDF49CC968B9D8CA1BE0CACCAAC2C1736C6BC843
C:\clean_rebuild\logs\trace\SNS_Snapshots\SNS_24_SNAPSHOT_20250518_193739\modules\devices.py,3D11760C7B2F0576410EC9C757DBFFA1C2FCC87E3D3B0C5BCD3CF209EB43400E
C:\clean_rebuild\logs\trace\SNS_Snapshots\SNS_24_SNAPSHOT_20250518_193739\modules\device_access.py,C9246412B75806D1F1FF24E925BB2C33A14E7E0E537FC4558C2147CA36BBFB65
C:\clean_rebuild\logs\trace\SNS_Snapshots\SNS_24_SNAPSHOT_20250518_193739\modules\device_orientation.py,846DC907442EF466060955C76771C99CB2DFE891374F4B18820F2ADE7B3E3B32
C:\clean_rebuild\logs\trace\SNS_Snapshots\SNS_24_SNAPSHOT_20250518_193739\modules\device_orientation_f534db45.py,846DC907442EF466060955C76771C99CB2DFE891374F4B18820F2ADE7B3E3B32
C:\clean_rebuild\logs\trace\SNS_Snapshots\SNS_24_SNAPSHOT_20250518_193739\modules\DH.py,6FA8F0BE62F07C3B1316140B3152BAF31F1D0D4791042C903E6891784EF584DF
C:\clean_rebuild\logs\trace\SNS_Snapshots\SNS_24_SNAPSHOT_20250518_193739\modules\diagnose.py,31E1134E14B3ABB3B409E887BD486315A000A8B8165DECFAB2D929A90F6F5173
C:\clean_rebuild\logs\trace\SNS_Snapshots\SNS_24_SNAPSHOT_20250518_193739\modules\dialog.py,724CCF49A5201DDA37FF1C54C4A7B23A2237CA83C487C0D1CFCEFB3ED08AFB2F
C:\clean_rebuild\logs\trace\SNS_Snapshots\SNS_24_SNAPSHOT_20250518_193739\modules\dicom.py,11EE8008282B578703D965B8B3C20CD993CEEC3E2795AD24D2AC8FFDE0C25A0D
C:\clean_rebuild\logs\trace\SNS_Snapshots\SNS_24_SNAPSHOT_20250518_193739\modules\dim2.py,9175F509B042A6111FC5E00324E06B858C8F87F2D297F2587B7449BEE56E6FF8
C:\clean_rebuild\logs\trace\SNS_Snapshots\SNS_24_SNAPSHOT_20250518_193739\modules\direct_send_photo.py,5564B78E4EA93178915212644BC216B57E2FD780ACEFF9ED53C6C1C41DDC7958
C:\clean_rebuild\logs\trace\SNS_Snapshots\SNS_24_SNAPSHOT_20250518_193739\modules\direct_url.py,0A3E03A01A8925236259E57D9AC3ECE7E0EE6A4602B7EE05825E212EFB274E84
C:\clean_rebuild\logs\trace\SNS_Snapshots\SNS_24_SNAPSHOT_20250518_193739\modules\direct_url_helpers.py,A54982DB7A83DD76AF857C80E814DA3CC0B8C5452EE7DED8BC27EC9417C22439
C:\clean_rebuild\logs\trace\SNS_Snapshots\SNS_24_SNAPSHOT_20250518_193739\modules\disabled.py,D5B751F8BBAEB0770CDA5BB98A2F5E64A1B7F9CEADC262DAC1EAA0F5557ABB9C
C:\clean_rebuild\logs\trace\SNS_Snapshots\SNS_24_SNAPSHOT_20250518_193739\modules\discord.py,F2B41D774A5747E6D86AC9EDA9C3604713F50BCDBA86E4F4E52CABEE73861972
C:\clean_rebuild\logs\trace\SNS_Snapshots\SNS_24_SNAPSHOT_20250518_193739\modules\dispatch.py,75A7C04BBDB5D1DD0C7BF6E03F31C3C26EA64F6002036AE67B10E3EA1696B8C1
C:\clean_rebuild\logs\trace\SNS_Snapshots\SNS_24_SNAPSHOT_20250518_193739\modules\display.py,9E2D416A82FE42DA6FB8F965ED2E6B59EFCBAE1527D3ED91782BECD260776BDD
C:\clean_rebuild\logs\trace\SNS_Snapshots\SNS_24_SNAPSHOT_20250518_193739\modules\display_in_notebook.py,E0EF1983BB03F12E3A0DC304B29C92AABE1B44B6F330896FB76B62DF9045E0ED
C:\clean_rebuild\logs\trace\SNS_Snapshots\SNS_24_SNAPSHOT_20250518_193739\modules\distro.py,F38675A2A0146732F2AB8929EC50D490CC12D258FF414B2A88BF4D0C88BB9EDF
C:\clean_rebuild\logs\trace\SNS_Snapshots\SNS_24_SNAPSHOT_20250518_193739\modules\dnd.py,4B12F283B5150E0D01DBEDA8CDA22B786B71A97D9E1D3AC4EBFCC45871BAFD6F
C:\clean_rebuild\logs\trace\SNS_Snapshots\SNS_24_SNAPSHOT_20250518_193739\modules\doc.py,AD9AB75A0C0F32FE7EAC2F0BE9ED4BED87614DEB95A115F42FAD2EB2827CEC16
C:\clean_rebuild\logs\trace\SNS_Snapshots\SNS_24_SNAPSHOT_20250518_193739\modules\docstrings.py,829688235DB1E3B338830B74A20FEF836DBC5D2DB51791F7F409FA1D623170BD
C:\clean_rebuild\logs\trace\SNS_Snapshots\SNS_24_SNAPSHOT_20250518_193739\modules\doctest.py,CE70A51C1A845F2ECBCC99538E23FF37D0465E7535D4C80E8CE544C399B00FAA
C:\clean_rebuild\logs\trace\SNS_Snapshots\SNS_24_SNAPSHOT_20250518_193739\modules\dom.py,1F839DF3119CA1D31F81F45EFB756EB30FFDA5EFD3988196B44FDBC773D92F80
C:\clean_rebuild\logs\trace\SNS_Snapshots\SNS_24_SNAPSHOT_20250518_193739\modules\dom_debugger.py,88825CB2E5639BEA1A1DE675D7C41EDF4C9E0EB695EE23C57FF3013C908E3F3F
C:\clean_rebuild\logs\trace\SNS_Snapshots\SNS_24_SNAPSHOT_20250518_193739\modules\dom_snapshot.py,622CB0E69E62F41F86453BA5EDAF22A2AEBEE7060E4CA33D5D689158453AB109
C:\clean_rebuild\logs\trace\SNS_Snapshots\SNS_24_SNAPSHOT_20250518_193739\modules\dom_storage.py,52DD1EE8B6E5F3F010A9EE32C31D61B8C161D222B57DA3C228E48CD12A843E43
C:\clean_rebuild\logs\trace\SNS_Snapshots\SNS_24_SNAPSHOT_20250518_193739\modules\download.py,7D5CB74B38A816C81EBA9A85F46BBC1D6F7F543967B5DF7D7C05572DC25B05AB
C:\clean_rebuild\logs\trace\SNS_Snapshots\SNS_24_SNAPSHOT_20250518_193739\modules\download_photos_by_hashtag.py,FAB63A0D644AE8ED519D84A99B0D3257627601D46A686D94815FE13C3D972E34
C:\clean_rebuild\logs\trace\SNS_Snapshots\SNS_24_SNAPSHOT_20250518_193739\modules\download_photos_by_user.py,D8B9D6D43907F79B2F5F162E03E76C7CDA468819707910A65B7957E4EEC15D7C
C:\clean_rebuild\logs\trace\SNS_Snapshots\SNS_24_SNAPSHOT_20250518_193739\modules\download_stories.py,22A5A2FC5C398CC396A455D328F0DC73D88F74549973265A2E275436154D4206
C:\clean_rebuild\logs\trace\SNS_Snapshots\SNS_24_SNAPSHOT_20250518_193739\modules\download_stories_11a3db0f.py,22A5A2FC5C398CC396A455D328F0DC73D88F74549973265A2E275436154D4206
C:\clean_rebuild\logs\trace\SNS_Snapshots\SNS_24_SNAPSHOT_20250518_193739\modules\download_user_videos.py,AEF47D1C8721D1807A0C013861E544B2610FE8128164E881A7F37CC78C0227A7
C:\clean_rebuild\logs\trace\SNS_Snapshots\SNS_24_SNAPSHOT_20250518_193739\modules\download_your_photos.py,B2D7A12FD3D40A0FF8BC7D1FA80E7DC6B2ED7EFAED7ED9D32E3488C281C814DD
C:\clean_rebuild\logs\trace\SNS_Snapshots\SNS_24_SNAPSHOT_20250518_193739\modules\drawing.py,FEC3A9FCDB00003A8964992A24C7104897220858FE5A8D67CE1D2A743C7520D7
C:\clean_rebuild\logs\trace\SNS_Snapshots\SNS_24_SNAPSHOT_20250518_193739\modules\driver_finder.py,5306AA4D2CD4A33F971D2487A39D1306401F1E3EE3E53FD948CC0A5453FE0A5D
C:\clean_rebuild\logs\trace\SNS_Snapshots\SNS_24_SNAPSHOT_20250518_193739\modules\DSA.py,249A77EC1FFDA3A75ADA6FB48BCFF9095EF4E747369B95DF57274F175D754463
C:\clean_rebuild\logs\trace\SNS_Snapshots\SNS_24_SNAPSHOT_20250518_193739\modules\DSS.py,3D2584DB2A13551336F896499CE53261648032CBA24DB11943791BD7B861B7B5
C:\clean_rebuild\logs\trace\SNS_Snapshots\SNS_24_SNAPSHOT_20250518_193739\modules\dtype.py,142B56611CEDD78393271FDC7C258BB53C79AAB05DD2D040BAF69554FA54C628
C:\clean_rebuild\logs\trace\SNS_Snapshots\SNS_24_SNAPSHOT_20250518_193739\modules\dtypes.py,BB74698828370160FCEDC483A064A095F04933447DAA377978450EF1290C66FF
C:\clean_rebuild\logs\trace\SNS_Snapshots\SNS_24_SNAPSHOT_20250518_193739\modules\dumb.py,94F9E9D01ECD13B45D8FE8F8571BDFD8F168A67BC957D5779D8A7CA31ECE2D26
C:\clean_rebuild\logs\trace\SNS_Snapshots\SNS_24_SNAPSHOT_20250518_193739\modules\dump.py,AB54185D9C7CAC05E8A70CB8D293369424259687F7DE3FC19489D5A57C40F9B1
C:\clean_rebuild\logs\trace\SNS_Snapshots\SNS_24_SNAPSHOT_20250518_193739\modules\dumper.py,41873E1286344FA9E48A560F00E79AD0E2AF3A4C29ABC0267DB48B6D8435B307
C:\clean_rebuild\logs\trace\SNS_Snapshots\SNS_24_SNAPSHOT_20250518_193739\modules\duplicate_checker.py,B66C50BA5D64A6D1A82340A9D7175D359FE4E15767645956B94E5772DA2C3DA5
C:\clean_rebuild\logs\trace\SNS_Snapshots\SNS_24_SNAPSHOT_20250518_193739\modules\duplicate_detector.py,320869A9D4C9AFA6C2558A191788C672D7AA86D289465378F18717A53CA1634C
C:\clean_rebuild\logs\trace\SNS_Snapshots\SNS_24_SNAPSHOT_20250518_193739\modules\ECC.py,A763CA82205CA2B3F9A3301DA4CDE0D83905481717F214CD78EB199AAE82CA95
C:\clean_rebuild\logs\trace\SNS_Snapshots\SNS_24_SNAPSHOT_20250518_193739\modules\echo-server.py,A7ED58ABC104B19F9B7D147058C283D22BAFE737359B8610E1B7B4C314772A61
C:\clean_rebuild\logs\trace\SNS_Snapshots\SNS_24_SNAPSHOT_20250518_193739\modules\eddsa.py,A7B621B34F7A9F3FBFD672C949AEB46A2EE7E5FA806F88D19A968E0B5C4708B6
C:\clean_rebuild\logs\trace\SNS_Snapshots\SNS_24_SNAPSHOT_20250518_193739\modules\editable_legacy.py,2BF764FE9C99D14A80AA4837A792AE519912FA270A67F4F5A94F1A69076BC297
C:\clean_rebuild\logs\trace\SNS_Snapshots\SNS_24_SNAPSHOT_20250518_193739\modules\Effect.py,8333E7A9DAB8ADCF1A43F6264AC8C239EFED43A28A54C71C05B325DF142789FF
C:\clean_rebuild\logs\trace\SNS_Snapshots\SNS_24_SNAPSHOT_20250518_193739\modules\egg_link.py,4AFCF479D00953246E68F1D1B96077685D114DEA2B22CD41309D46ECB738F33A
C:\clean_rebuild\logs\trace\SNS_Snapshots\SNS_24_SNAPSHOT_20250518_193739\modules\einsumfunc.py,6EC170AEF21CBE49D5A10B9A4E4F75D76E4EF87029C9B488BC43DA8500FC5711
C:\clean_rebuild\logs\trace\SNS_Snapshots\SNS_24_SNAPSHOT_20250518_193739\modules\element.py,1327C293E05AD4EFA6603F75C602B0A4BA08CEEED96419B2C58BA1AD7E945616
C:\clean_rebuild\logs\trace\SNS_Snapshots\SNS_24_SNAPSHOT_20250518_193739\modules\ElGamal.py,DE0AE3CDC7E1B34A1694B6FF903282AB7C5A70DCAE2F5CDE0676BBF3BD5BCCD4
C:\clean_rebuild\logs\trace\SNS_Snapshots\SNS_24_SNAPSHOT_20250518_193739\modules\emitter.py,8E52D92F1615A52FEEF7A3BEF472968A265487A96CAB1FF289E045A9AFDAFEC2
C:\clean_rebuild\logs\trace\SNS_Snapshots\SNS_24_SNAPSHOT_20250518_193739\modules\emoji.py,4BAA4B7045FA120249DFAF8FFCC626778165CE6CFFAFD7847CF7BDACC6783C7A
C:\clean_rebuild\logs\trace\SNS_Snapshots\SNS_24_SNAPSHOT_20250518_193739\modules\emoji_db5c2b29.py,4BAA4B7045FA120249DFAF8FFCC626778165CE6CFFAFD7847CF7BDACC6783C7A
C:\clean_rebuild\logs\trace\SNS_Snapshots\SNS_24_SNAPSHOT_20250518_193739\modules\encoder.py,0AF0BDBAEEC83EA6FD29EEFCF71FE5A7F811D0E44FCB9888230585D4740EB145
C:\clean_rebuild\logs\trace\SNS_Snapshots\SNS_24_SNAPSHOT_20250518_193739\modules\encoders.py,E2F863B33EE98D135EB0C3C55BF0FCD851FEF8FA0C100BC03C8A2203AA255863
C:\clean_rebuild\logs\trace\SNS_Snapshots\SNS_24_SNAPSHOT_20250518_193739\modules\encoding.py,2ADDB3B1ED13AE34E27EBFFD5F67ABEDFC3C131781987B7A830EF1B32E6C95B8
C:\clean_rebuild\logs\trace\SNS_Snapshots\SNS_24_SNAPSHOT_20250518_193739\modules\engines.py,ADCBA9E748F93300DF199ACFA8055D22A3C9633F6EF3B3E158D4DDD81F91B5A6
C:\clean_rebuild\logs\trace\SNS_Snapshots\SNS_24_SNAPSHOT_20250518_193739\modules\engines_4f5c0db7.py,ADCBA9E748F93300DF199ACFA8055D22A3C9633F6EF3B3E158D4DDD81F91B5A6
C:\clean_rebuild\logs\trace\SNS_Snapshots\SNS_24_SNAPSHOT_20250518_193739\modules\entities.py,7C64F85DB2EFABCCBFEA2D66026C2A1C5E2F6E3BD78A25D82A8ECE54473BA145
C:\clean_rebuild\logs\trace\SNS_Snapshots\SNS_24_SNAPSHOT_20250518_193739\modules\entrypoints.py,BA60A94CF2235D2AFC1EE161B146298ED06EBBCF0C6F5436ACEDFEC3B67C50C4
C:\clean_rebuild\logs\trace\SNS_Snapshots\SNS_24_SNAPSHOT_20250518_193739\modules\enums.py,D93D78EDB5DA7E9DEE0AD57D3D9EF643712B193684AE04FDB4856BEC9407B5A1
C:\clean_rebuild\logs\trace\SNS_Snapshots\SNS_24_SNAPSHOT_20250518_193739\modules\eoo.py,1D6DBBBA7A3FD0EFCB0424363A95FC3207288352677AFC160E958C700DB0683F
C:\clean_rebuild\logs\trace\SNS_Snapshots\SNS_24_SNAPSHOT_20250518_193739\modules\EpsImagePlugin.py,D3C74BDB4E6103E9E755931C7A7B58A9B62690E430997F5620BB0410D13B4C73
C:\clean_rebuild\logs\trace\SNS_Snapshots\SNS_24_SNAPSHOT_20250518_193739\modules\error.py,30B54AAAE809C5DF15F7D9662BDF47CB4329F56C6311A298A596846D0334D9D5
C:\clean_rebuild\logs\trace\SNS_Snapshots\SNS_24_SNAPSHOT_20250518_193739\modules\errorhandler.py,C321EDB1F12F1B7A00BFD00908AA0A9777C7DFE524EF2F28AFDC546404A49535
C:\clean_rebuild\logs\trace\SNS_Snapshots\SNS_24_SNAPSHOT_20250518_193739\modules\errors.py,18C18CB256BF65949110A1DCE4084204F24C0CCD7A723AB5D902C5C8E3EEAE14
C:\clean_rebuild\logs\trace\SNS_Snapshots\SNS_24_SNAPSHOT_20250518_193739\modules\error_handler.py,D4B33421D691C6506577241F9F9FD611B45EC3BEC2ABBD8B008380E078842CF3
C:\clean_rebuild\logs\trace\SNS_Snapshots\SNS_24_SNAPSHOT_20250518_193739\modules\escprober.py,6F2BBCC676FBE11DD57508269F3F270DC30219EF01016D811921C8398687B46C
C:\clean_rebuild\logs\trace\SNS_Snapshots\SNS_24_SNAPSHOT_20250518_193739\modules\escsm.py,EBDA010F90BD7368A88C0A6A3E72D0DEC4AC1FD7C0D78926BC6BE68540998FEB
C:\clean_rebuild\logs\trace\SNS_Snapshots\SNS_24_SNAPSHOT_20250518_193739\modules\eucjpprober.py,376A6FE639AB5FFCC4B2BB05FFA1779AD2CD26449F374D64235981B50A7D366D
C:\clean_rebuild\logs\trace\SNS_Snapshots\SNS_24_SNAPSHOT_20250518_193739\modules\euckrfreq.py,356F176BF52006F761C528D10564420B4BD58EF1AA8BBA3B2FA224666C2053FC
C:\clean_rebuild\logs\trace\SNS_Snapshots\SNS_24_SNAPSHOT_20250518_193739\modules\euckrprober.py,F731A6118D21A913A8E9DAB2B800FE4E5B48128B66E60DE9B836A7E271ABF182
C:\clean_rebuild\logs\trace\SNS_Snapshots\SNS_24_SNAPSHOT_20250518_193739\modules\euctwfreq.py,D83B1FAEDAA15E037C973C5FC5A63E69A57A34D088454B237BEBF39724BC992F
C:\clean_rebuild\logs\trace\SNS_Snapshots\SNS_24_SNAPSHOT_20250518_193739\modules\euctwprober.py,5F6F083FDDD0C31E7DF1288514F8A546EE838E004E410766CC6A4B24B9837DCF
C:\clean_rebuild\logs\trace\SNS_Snapshots\SNS_24_SNAPSHOT_20250518_193739\modules\eval.py,B18D5AF73B91A62A340F2AD2A6B8FC5CC5B52BAC875EAF24D89BF6898228E234
C:\clean_rebuild\logs\trace\SNS_Snapshots\SNS_24_SNAPSHOT_20250518_193739\modules\EvenSize.py,F2092BA85BC592E8AF0443944193137509F87AAD82B6F87972C6937A51CA7622
C:\clean_rebuild\logs\trace\SNS_Snapshots\SNS_24_SNAPSHOT_20250518_193739\modules\events.py,587A5B1C90934BD8DED430274D075598189166E16AAC9648A9406709D30645DF
C:\clean_rebuild\logs\trace\SNS_Snapshots\SNS_24_SNAPSHOT_20250518_193739\modules\event_breakpoints.py,605E88EF70C4F90844857D0B1330F2FDC8C58A06A616EE0E43E348E909856F5E
C:\clean_rebuild\logs\trace\SNS_Snapshots\SNS_24_SNAPSHOT_20250518_193739\modules\event_firing_webdriver.py,FBE79BB12A754247C3B3E387F7CEAE612A6449B79057CCFD1C97ADA31EAA1D82
C:\clean_rebuild\logs\trace\SNS_Snapshots\SNS_24_SNAPSHOT_20250518_193739\modules\ewm.py,755DF6D144CCE1E781A5BCFEC6714CD85CE036DEC9A38FB41C7B603853A69676
C:\clean_rebuild\logs\trace\SNS_Snapshots\SNS_24_SNAPSHOT_20250518_193739\modules\example.py,4644DF085D00C1DFB8BD7541140A158283504F0D93110C0B900640750E17F184
C:\clean_rebuild\logs\trace\SNS_Snapshots\SNS_24_SNAPSHOT_20250518_193739\modules\excel.py,B22AD898447C2EEF2D82162F3561344BD9AA0709EA6386CEACEFE6E9F7401DF9
C:\clean_rebuild\logs\trace\SNS_Snapshots\SNS_24_SNAPSHOT_20250518_193739\modules\exceptions_bedb9a59.py,457A00E20C7791D1FE25D9DFEB11D273618B52915EE325AD90F5A9C694BAE462
C:\clean_rebuild\logs\trace\SNS_Snapshots\SNS_24_SNAPSHOT_20250518_193739\modules\executor.py,568E601DE2D7DEF83EB1D16927477D173007D2AAB6EBD472DDC7660F370EA637
C:\clean_rebuild\logs\trace\SNS_Snapshots\SNS_24_SNAPSHOT_20250518_193739\modules\ExifTags.py,D7E2F071A745801C487E95D0C3188760BA904DB02A013788FC46D6325D23A052
C:\clean_rebuild\logs\trace\SNS_Snapshots\SNS_24_SNAPSHOT_20250518_193739\modules\expanding.py,C7F2C0F3F919230DC16D76C443E73B0685554CD9D47CCEEBA553F639662081C0
C:\clean_rebuild\logs\trace\SNS_Snapshots\SNS_24_SNAPSHOT_20250518_193739\modules\expected_conditions.py,4CAC35809F9920703E63B6E5791FE5DA7A6B8FD8D57A2C1332E2E592D294FD33
C:\clean_rebuild\logs\trace\SNS_Snapshots\SNS_24_SNAPSHOT_20250518_193739\modules\expr.py,EEDE64E90461A05713E63521A2507AC57E9A942555AA7A02A9CCA49A6F163482
C:\clean_rebuild\logs\trace\SNS_Snapshots\SNS_24_SNAPSHOT_20250518_193739\modules\expression.py,57A0E548A6EC4B1028C644BE71F60BDFC4C59628155DC8461BE06579D078CA9C
C:\clean_rebuild\logs\trace\SNS_Snapshots\SNS_24_SNAPSHOT_20250518_193739\modules\expressions.py,2BC42A1B830D7118B6EE73599EA64A6CA98E5DA991C2F92A65AF956CF4F3D14F
C:\clean_rebuild\logs\trace\SNS_Snapshots\SNS_24_SNAPSHOT_20250518_193739\modules\ext.py,E777D572933130F5034B5D7A1AAC3FB5E4F1235041F4928AEAC153FF0DB4EBC9
C:\clean_rebuild\logs\trace\SNS_Snapshots\SNS_24_SNAPSHOT_20250518_193739\modules\extbuild.py,71EE7A83DC446891D4A390AA7267299D492C75C4BAB56EFA04DA007C69F1CAC8
C:\clean_rebuild\logs\trace\SNS_Snapshots\SNS_24_SNAPSHOT_20250518_193739\modules\extending.py,060C9D6046016FA843821305F8A40555CF2CB145351790E0FB71B27A2953DD58
C:\clean_rebuild\logs\trace\SNS_Snapshots\SNS_24_SNAPSHOT_20250518_193739\modules\extending_distributions.py,F9A4F12C8AA75D6D173ED984A74C897DA05305C8C4A3D43D49E6CA1BF74E2EFC
C:\clean_rebuild\logs\trace\SNS_Snapshots\SNS_24_SNAPSHOT_20250518_193739\modules\extension.py,981868161E1F51FE89445259CCBDA708084D4279E19705BE4786A4E1597A0146
C:\clean_rebuild\logs\trace\SNS_Snapshots\SNS_24_SNAPSHOT_20250518_193739\modules\extension_types.py,5D9AE29177BEB06525C3FEAF1D4F6E5FA68F4D45D68E13F89A54C85BF9C450F7
C:\clean_rebuild\logs\trace\SNS_Snapshots\SNS_24_SNAPSHOT_20250518_193739\modules\external_connector.py,D188309F53810CB2FE51D65F3BFD022D52D5D23951620C4185A5926AFE5DE313
C:\clean_rebuild\logs\trace\SNS_Snapshots\SNS_24_SNAPSHOT_20250518_193739\modules\extras.py,14CAE78C3EAE3BAB889E0D4A831F9767BEFDD5DFACF2314767DA84BE891DF1C7
C:\clean_rebuild\logs\trace\SNS_Snapshots\SNS_24_SNAPSHOT_20250518_193739\modules\f2py2e.py,F8851BD8B1826F7F144137087F95498603AC31D50D996524CE1AA32F702FCFD6
C:\clean_rebuild\logs\trace\SNS_Snapshots\SNS_24_SNAPSHOT_20250518_193739\modules\f90mod_rules.py,43E7BD43BF5D90EBC404BA090CB4DFEE75FB59BB4F7FEAADE296D1238D642D8C
C:\clean_rebuild\logs\trace\SNS_Snapshots\SNS_24_SNAPSHOT_20250518_193739\modules\factory.py,4F2B2DC1CEFBC582CF59AA0A5AD1156AAEC1E5FEDEB8414C9D6D9AEC82DB4A34
C:\clean_rebuild\logs\trace\SNS_Snapshots\SNS_24_SNAPSHOT_20250518_193739\modules\FadeIn.py,8806C5AC1C9C229DE74FD1528A9457055C8E04C965A6C75B54662FB3190C2907
C:\clean_rebuild\logs\trace\SNS_Snapshots\SNS_24_SNAPSHOT_20250518_193739\modules\FadeOut.py,D402F6F20B2B41A1A11F28F3F7DB6C44F81C6454195E30548A1745E20DBA960F
C:\clean_rebuild\logs\trace\SNS_Snapshots\SNS_24_SNAPSHOT_20250518_193739\modules\fallback.py,7AE9CEB6E04AE13CEB06310B3776FF03E885651552AFDEEF37AE855AB6D61EF9
C:\clean_rebuild\logs\trace\SNS_Snapshots\SNS_24_SNAPSHOT_20250518_193739\modules\faulthandler.py,751E1A6A4624EDB8BA67674BE95359396BBBCF5DF2EED66A3E40EC64BED4079D
C:\clean_rebuild\logs\trace\SNS_Snapshots\SNS_24_SNAPSHOT_20250518_193739\modules\fb_group_scraper.py,C22419AFC503AFA6CBFCA67DC1DEBC79BC526EAFB6DD9A6CE9480D1ED8DBEC6B
C:\clean_rebuild\logs\trace\SNS_Snapshots\SNS_24_SNAPSHOT_20250518_193739\modules\feather_format.py,00A6BD678ED6CB9AE8CA57CD3928060B1414C95AA77DA905ABBE0645297B1867
C:\clean_rebuild\logs\trace\SNS_Snapshots\SNS_24_SNAPSHOT_20250518_193739\modules\features.py,503E22441D87B38991D2875538B27568BCFFE586C6B0190BD35F913B7A32AC39
C:\clean_rebuild\logs\trace\SNS_Snapshots\SNS_24_SNAPSHOT_20250518_193739\modules\fedcm.py,7C57E752EFE62599F1674D25C7E48B725F579EF86052E22BC58A72D42E40A90B
C:\clean_rebuild\logs\trace\SNS_Snapshots\SNS_24_SNAPSHOT_20250518_193739\modules\fed_cm.py,DAF58B47FED05360FFEF3B76031232F5B2343F602463CE68ACADA38F1647AB56
C:\clean_rebuild\logs\trace\SNS_Snapshots\SNS_24_SNAPSHOT_20250518_193739\modules\feedparser.py,625A9BD7CC1514A55414BF111842ADAB4870AF45B0BEDA62793E0103BE1F04BC
C:\clean_rebuild\logs\trace\SNS_Snapshots\SNS_24_SNAPSHOT_20250518_193739\modules\feisem.py,544D36347416FCE34DF57A30FE9C3AB302F5D632C21DBD2F28202DFDE6A37BBF
C:\clean_rebuild\logs\trace\SNS_Snapshots\SNS_24_SNAPSHOT_20250518_193739\modules\fetch.py,7E119FC138AB218BACE3FE1C42AB8EB0E7D3E5B556A945F30629DEC55780D4F8
C:\clean_rebuild\logs\trace\SNS_Snapshots\SNS_24_SNAPSHOT_20250518_193739\modules\fetching.py,BE1279AAA5C33C02196569833423E9EA4EF82D306C5BD9E7F4A0AF5EC40A3A59
C:\clean_rebuild\logs\trace\SNS_Snapshots\SNS_24_SNAPSHOT_20250518_193739\modules\ffmpeg.py,32998CACC38F3521EF84B5222D62AEBEA4F4800BA6F6DD76F9A1A13478193582
C:\clean_rebuild\logs\trace\SNS_Snapshots\SNS_24_SNAPSHOT_20250518_193739\modules\ffmpeg_audiowriter.py,9510DDB4BBCEED7EDC14E0A78DD21A5583EE41BD2B60C21BA79E591A4AD965C9
C:\clean_rebuild\logs\trace\SNS_Snapshots\SNS_24_SNAPSHOT_20250518_193739\modules\ffmpeg_reader.py,37BD6543CE240B3808F87B52B14E73615B590078F3A8E60BD7AB6E7E951CB8EB
C:\clean_rebuild\logs\trace\SNS_Snapshots\SNS_24_SNAPSHOT_20250518_193739\modules\ffmpeg_tools.py,7359DA88E9C8C73FF9E73E5850F01D6AC3349EF722F2B389838100D54C768E68
C:\clean_rebuild\logs\trace\SNS_Snapshots\SNS_24_SNAPSHOT_20250518_193739\modules\ffmpeg_writer.py,D1C0C6000502ABC1582FEE54A2A5B93BD1E93E88B5554E2C4C52C1799F5A7CAB
C:\clean_rebuild\logs\trace\SNS_Snapshots\SNS_24_SNAPSHOT_20250518_193739\modules\ffplay_audiopreviewer.py,96F93730F3833771AE9836E9C900052329C44D224E5588E3897D0CECEB21DED2
C:\clean_rebuild\logs\trace\SNS_Snapshots\SNS_24_SNAPSHOT_20250518_193739\modules\ffplay_previewer.py,D7272BEA6523BAA854BE80700296317C2B2FAF1DC4A2F9B1F471B1377BB4B7FF
C:\clean_rebuild\logs\trace\SNS_Snapshots\SNS_24_SNAPSHOT_20250518_193739\modules\fields.py,05972B50D2E9F03D80A563360E30386D43323172F679D3615DDAB6F4F1F4612C
C:\clean_rebuild\logs\trace\SNS_Snapshots\SNS_24_SNAPSHOT_20250518_193739\modules\filedialog.py,6209FF2C9D0EFD1B72FEB0FED95021949211B87EB934FE772345DC76A3CBCB70
C:\clean_rebuild\logs\trace\SNS_Snapshots\SNS_24_SNAPSHOT_20250518_193739\modules\filepost.py,055904112D1800EF6D1705C6063D660FDC8EF76A51C24E295F943A70EE4845BF
C:\clean_rebuild\logs\trace\SNS_Snapshots\SNS_24_SNAPSHOT_20250518_193739\modules\filesize.py,052E4DFCFA0C6892AAE6DBB1A5A437DCB289ECDC3CB183F4DF3BDB0C7B94794D
C:\clean_rebuild\logs\trace\SNS_Snapshots\SNS_24_SNAPSHOT_20250518_193739\modules\filesystem.py,AA5EF575D07EF492858D0713E49FDDC69E3142CFA8451174D9B6035C90EDFB93
C:\clean_rebuild\logs\trace\SNS_Snapshots\SNS_24_SNAPSHOT_20250518_193739\modules\filetypes.py,725B8E0B09890393DBB210246B6A60BF64DD86255E2DBB34126F06F17D3EDAD4
C:\clean_rebuild\logs\trace\SNS_Snapshots\SNS_24_SNAPSHOT_20250518_193739\modules\filewrapper.py,1ACCC5AC751BED73B515A83D2EDA41D71869B9CAA3A9F5630BAD0099C22A6543
C:\clean_rebuild\logs\trace\SNS_Snapshots\SNS_24_SNAPSHOT_20250518_193739\modules\file_cache.py,B27939F4F75A3CB17CD0D4DED31467253F324DDF12A92ADE774D7504ADFC585F
C:\clean_rebuild\logs\trace\SNS_Snapshots\SNS_24_SNAPSHOT_20250518_193739\modules\file_detector.py,16DA5BF1A0F6EF4FC894D3DE99EC162468C14ACB31EB2C8BDA05D9E63B29E26F
C:\clean_rebuild\logs\trace\SNS_Snapshots\SNS_24_SNAPSHOT_20250518_193739\modules\file_proxy.py,5A504084D9DF8C8B76C5CD9FCFB195C4CBE41BB4382FEF1210ACB55BEB212F37
C:\clean_rebuild\logs\trace\SNS_Snapshots\SNS_24_SNAPSHOT_20250518_193739\modules\file_system.py,998270781602B6DF41A7ECB0C246A3CCFBF562D3EC5AC99CB9889FFBA06BF642
C:\clean_rebuild\logs\trace\SNS_Snapshots\SNS_24_SNAPSHOT_20250518_193739\modules\filter.py,3B8074D1E57D411216C9705914A532271308869B46428FD3F4F6BF754E1CB36D
C:\clean_rebuild\logs\trace\SNS_Snapshots\SNS_24_SNAPSHOT_20250518_193739\modules\filter_blacklist_hashtag_medias.py,EA2A64FE4A1DB66E95B765929EAD88695BB2A34900912D24C6111249A01754EA
C:\clean_rebuild\logs\trace\SNS_Snapshots\SNS_24_SNAPSHOT_20250518_193739\modules\filter_private_profiles.py,368D5FB0DE64228498243FFAEB8673F89F20999C6B439AAAF2086BD32DED28B2
C:\clean_rebuild\logs\trace\SNS_Snapshots\SNS_24_SNAPSHOT_20250518_193739\modules\findlib.py,CC9AF20011E66A8C5D4FF2A621D3AA0BE946BFECC6CD4A73ACD274B2B582B448
C:\clean_rebuild\logs\trace\SNS_Snapshots\SNS_24_SNAPSHOT_20250518_193739\modules\findpaths.py,D7AFED7F33749D0539D855DEF305BCD0C33A84B545D2B0A970F0E6282F361DA1
C:\clean_rebuild\logs\trace\SNS_Snapshots\SNS_24_SNAPSHOT_20250518_193739\modules\fingerprint.py,4915541E0C74FAB29F399A9B954A728EB67BDFF5483254CC3B6326E65C967553
C:\clean_rebuild\logs\trace\SNS_Snapshots\SNS_24_SNAPSHOT_20250518_193739\modules\firefox_binary.py,E8DC2A57D3E7FA7793A844A0B8EE781D841C8CE8D1545B6B8B1E3B8B6C3E2057
C:\clean_rebuild\logs\trace\SNS_Snapshots\SNS_24_SNAPSHOT_20250518_193739\modules\firefox_profile.py,2F07A5C867AF3F5DF698B04B8C8AA79EA7A8B9A1E006C7C142DC06A0C40E8E48
C:\clean_rebuild\logs\trace\SNS_Snapshots\SNS_24_SNAPSHOT_20250518_193739\modules\firefox_profile_dac90adb.py,2F07A5C867AF3F5DF698B04B8C8AA79EA7A8B9A1E006C7C142DC06A0C40E8E48
C:\clean_rebuild\logs\trace\SNS_Snapshots\SNS_24_SNAPSHOT_20250518_193739\modules\fits.py,751AFB9B220B71A0BE99D6AE87C864C45549CA1BBAC00EAB8DC681DF71CAB338
C:\clean_rebuild\logs\trace\SNS_Snapshots\SNS_24_SNAPSHOT_20250518_193739\modules\FitsImagePlugin.py,6A9450EB0C164D70D834576FB89556C23803B89A3EEEDF4D3FC8200BDCB60560
C:\clean_rebuild\logs\trace\SNS_Snapshots\SNS_24_SNAPSHOT_20250518_193739\modules\fixer_util.py,6118998644C645AF16D859C4C24B5E56ABB5D2BD9C9D27DB7BB046F69E9D5DC4
C:\clean_rebuild\logs\trace\SNS_Snapshots\SNS_24_SNAPSHOT_20250518_193739\modules\fixtures.py,8369FC91FBA1F71083C0FD780A5C0C63DEE9874CA8A72F310A948EE789AE1525
C:\clean_rebuild\logs\trace\SNS_Snapshots\SNS_24_SNAPSHOT_20250518_193739\modules\fix_absolute_import.py,11A341E0A116F91453866D082EFD7E2594A68DDD24C5ED8DF23A771826E78DF6
C:\clean_rebuild\logs\trace\SNS_Snapshots\SNS_24_SNAPSHOT_20250518_193739\modules\fix_add_all_future_builtins.py,2D23254D326E4752903A916F21CD682414255E9D79199098CB0D66C55027CB5E
C:\clean_rebuild\logs\trace\SNS_Snapshots\SNS_24_SNAPSHOT_20250518_193739\modules\fix_add_all__future__imports.py,8A7C1A7EB19C46A76761AAB6413B8DCF47D9B8418AD5A586B1CC455795BCA6E2
C:\clean_rebuild\logs\trace\SNS_Snapshots\SNS_24_SNAPSHOT_20250518_193739\modules\fix_add_all__future__imports_7b7db1e4.py,8A7C1A7EB19C46A76761AAB6413B8DCF47D9B8418AD5A586B1CC455795BCA6E2
C:\clean_rebuild\logs\trace\SNS_Snapshots\SNS_24_SNAPSHOT_20250518_193739\modules\fix_add_future_standard_library_import.py,92AECD9B6C178A646217E3B315A92AE3B841623EF640B30A5324646BECAB9E1C
C:\clean_rebuild\logs\trace\SNS_Snapshots\SNS_24_SNAPSHOT_20250518_193739\modules\fix_add__future__imports_except_unicode_literals.py,0778D44F8A0912377E63EF6A7589D7433A94FD804B4CBED7B1C77150B123B661
C:\clean_rebuild\logs\trace\SNS_Snapshots\SNS_24_SNAPSHOT_20250518_193739\modules\fix_annotations.py,06199218585779F5D85F70C4CE5E8CCFDDEE1BE11FB36908A771E2F4A19A3896
C:\clean_rebuild\logs\trace\SNS_Snapshots\SNS_24_SNAPSHOT_20250518_193739\modules\fix_basestring.py,D003E2958556C7C619F79C01ED407642F46B8BD340131E4D35D1F3C911E4FFF9
C:\clean_rebuild\logs\trace\SNS_Snapshots\SNS_24_SNAPSHOT_20250518_193739\modules\fix_bytes.py,8C0F465679A6203E8A22BFC1C90697F0FCD470AF39AE975F4440841F71E5FFCA
C:\clean_rebuild\logs\trace\SNS_Snapshots\SNS_24_SNAPSHOT_20250518_193739\modules\fix_cmp.py,373F9A87628CCDDC2D0C6249ACE2357B573873444504C220959B38DFEAA7F48B
C:\clean_rebuild\logs\trace\SNS_Snapshots\SNS_24_SNAPSHOT_20250518_193739\modules\fix_division.py,4957D74561506375C0ED7D759A76C821D44C51B2D12386288274D98E118A083F
C:\clean_rebuild\logs\trace\SNS_Snapshots\SNS_24_SNAPSHOT_20250518_193739\modules\fix_division_9acdb758.py,4957D74561506375C0ED7D759A76C821D44C51B2D12386288274D98E118A083F
C:\clean_rebuild\logs\trace\SNS_Snapshots\SNS_24_SNAPSHOT_20250518_193739\modules\fix_division_safe.py,7451065C2D06F7194015DADC78EABE0B8F1A442E7F376377A5F9055AF0D67922
C:\clean_rebuild\logs\trace\SNS_Snapshots\SNS_24_SNAPSHOT_20250518_193739\modules\fix_execfile.py,150AF4DDAF45CDA49B95A55B8F4248E6678430C27242EA21D3E865110C2FD69D
C:\clean_rebuild\logs\trace\SNS_Snapshots\SNS_24_SNAPSHOT_20250518_193739\modules\fix_features.py,A4D426F540F1BD2C14A9B174788BD64223D954545726DCB2277994F64152C5B4
C:\clean_rebuild\logs\trace\SNS_Snapshots\SNS_24_SNAPSHOT_20250518_193739\modules\fix_fullargspec.py,73614BCEF3D08E834AFC19AB466793A187C936BA43480BD7F206B86CFBDAE9DF
C:\clean_rebuild\logs\trace\SNS_Snapshots\SNS_24_SNAPSHOT_20250518_193739\modules\fix_future_builtins.py,B077502864536243D4C3FF104D514BDAB3661E70A4CB8BE03CB9462ED9D2985B
C:\clean_rebuild\logs\trace\SNS_Snapshots\SNS_24_SNAPSHOT_20250518_193739\modules\fix_future_standard_library.py,D64747589C765EB7CC3887D7A1E5551393AEAC783E4F885D1B4B4DAA9716EE61
C:\clean_rebuild\logs\trace\SNS_Snapshots\SNS_24_SNAPSHOT_20250518_193739\modules\fix_future_standard_library_urllib.py,B5849E9FD28199741FF52423EF9B43A06C86EABB3E512542ED1EE45DC165E867
C:\clean_rebuild\logs\trace\SNS_Snapshots\SNS_24_SNAPSHOT_20250518_193739\modules\fix_getcwd.py,022C19F9866F3BCD855FAD1401E136133C68600590475FC191B23D92C7CD693A
C:\clean_rebuild\logs\trace\SNS_Snapshots\SNS_24_SNAPSHOT_20250518_193739\modules\fix_imports.py,6CAE134A20F724B9F10B87A7450228E0586A746D0E2E4E5DA7320D0CEF3DFC83
C:\clean_rebuild\logs\trace\SNS_Snapshots\SNS_24_SNAPSHOT_20250518_193739\modules\fix_imports2.py,E66F79983BAB881AFC191FA6D0F7C38CA953D5B78921FCC5C8A9473D46D66E7F
C:\clean_rebuild\logs\trace\SNS_Snapshots\SNS_24_SNAPSHOT_20250518_193739\modules\fix_input.py,38AE27687A169BF55828FBFE05664749F40C6FC5CD61CC7AF29B98C7106B9247
C:\clean_rebuild\logs\trace\SNS_Snapshots\SNS_24_SNAPSHOT_20250518_193739\modules\fix_kwargs.py,CB48922522F9B8000992C9963EBA114DDE3C8D77B8A7F60830FB590030DA2606
C:\clean_rebuild\logs\trace\SNS_Snapshots\SNS_24_SNAPSHOT_20250518_193739\modules\fix_memoryview.py,7BB43C025BB7957E5EBAA3B3FB57A2EA4DCA1786F4B8F30E2E1E538C7E0DBB3A
C:\clean_rebuild\logs\trace\SNS_Snapshots\SNS_24_SNAPSHOT_20250518_193739\modules\fix_metaclass.py,1FA7E25A3922FB7856768D7C073C650F4494B2F4C3B1FCDB49AFB94CC8F61372
C:\clean_rebuild\logs\trace\SNS_Snapshots\SNS_24_SNAPSHOT_20250518_193739\modules\fix_newstyle.py,7AA2F583E924F29D7096F450B06BCFB980CE2513D637CAA27A8579B2114504B3
C:\clean_rebuild\logs\trace\SNS_Snapshots\SNS_24_SNAPSHOT_20250518_193739\modules\fix_next.py,8EC24948B6DF8377AB744EA16B2BED0B10A019DB90D4E385F9786BF7441FEFD8
C:\clean_rebuild\logs\trace\SNS_Snapshots\SNS_24_SNAPSHOT_20250518_193739\modules\fix_next_8be0adbe.py,8EC24948B6DF8377AB744EA16B2BED0B10A019DB90D4E385F9786BF7441FEFD8
C:\clean_rebuild\logs\trace\SNS_Snapshots\SNS_24_SNAPSHOT_20250518_193739\modules\fix_next_call.py,B1576557DFE21B98BFE39818F417EE8579B27A7AD5DA1AD7A24B6190A498D266
C:\clean_rebuild\logs\trace\SNS_Snapshots\SNS_24_SNAPSHOT_20250518_193739\modules\fix_object.py,4C9249141555AB7D8A6BA00D127CEAFC2D5CC6A3438BF090D1E3FC172B738D7B
C:\clean_rebuild\logs\trace\SNS_Snapshots\SNS_24_SNAPSHOT_20250518_193739\modules\fix_oldstr_wrap.py,D4F2F88376C5B14FA147D182F254B1824B179BA3484558B1AE3914D249B96297
C:\clean_rebuild\logs\trace\SNS_Snapshots\SNS_24_SNAPSHOT_20250518_193739\modules\fix_order___future__imports.py,8DA7C405D02F8FC3264A2D05192C7A28C681C933BE0DC554220D4A7459A0DA98
C:\clean_rebuild\logs\trace\SNS_Snapshots\SNS_24_SNAPSHOT_20250518_193739\modules\fix_print.py,FE5ED9D71207C2D7EB74EBCC728F4B100FC44D4EFC97D8D7C7AE8988BEF0956F
C:\clean_rebuild\logs\trace\SNS_Snapshots\SNS_24_SNAPSHOT_20250518_193739\modules\fix_printfunction.py,C2BB4C4B19C8989F3F5D6A0DD33FDC7FB54A63C41EC9F4413B7C7EDF9484D0D2
C:\clean_rebuild\logs\trace\SNS_Snapshots\SNS_24_SNAPSHOT_20250518_193739\modules\fix_print_with_import.py,3B6477AE6B80FBCED32F5EB3134CA3B3B29508BE8846087F629110D1736EB68B
C:\clean_rebuild\logs\trace\SNS_Snapshots\SNS_24_SNAPSHOT_20250518_193739\modules\fix_raise.py,4BCF57641E98DAADB253F97AF8565A367B5776502D6117D8F315E2B5E5A64AFC
C:\clean_rebuild\logs\trace\SNS_Snapshots\SNS_24_SNAPSHOT_20250518_193739\modules\fix_raise_.py,BF3C12ED092D0A8F71877546C8C99511CD64F629C1E7C4807EBEB6EB677B1633
C:\clean_rebuild\logs\trace\SNS_Snapshots\SNS_24_SNAPSHOT_20250518_193739\modules\fix_raise__dbdc47c0.py,BF3C12ED092D0A8F71877546C8C99511CD64F629C1E7C4807EBEB6EB677B1633
C:\clean_rebuild\logs\trace\SNS_Snapshots\SNS_24_SNAPSHOT_20250518_193739\modules\fix_remove_old__future__imports.py,8E090BC5500E49490B8AB78611DFADA377685816D7D3715A366256F290995AE7
C:\clean_rebuild\logs\trace\SNS_Snapshots\SNS_24_SNAPSHOT_20250518_193739\modules\fix_throw.py,115AB942A5A36450444EE00993C38F365BCCF5AB85FC396CCE0BB279B1045E98
C:\clean_rebuild\logs\trace\SNS_Snapshots\SNS_24_SNAPSHOT_20250518_193739\modules\fix_unicode_keep_u.py,144CCAC4391A524314A36AE196D70146E74B9673661E991D9D665865A5B79024
C:\clean_rebuild\logs\trace\SNS_Snapshots\SNS_24_SNAPSHOT_20250518_193739\modules\fix_unicode_literals_import.py,FEBFA1868B04502182472755AF5EBBC406819921E9F334409EC27A7C44A9B9F1
C:\clean_rebuild\logs\trace\SNS_Snapshots\SNS_24_SNAPSHOT_20250518_193739\modules\fix_unpacking.py,79C0A046A00AEE60C8786C096D9EFAE1D090CA0DFF0FC4AE580D575A3A7FF787
C:\clean_rebuild\logs\trace\SNS_Snapshots\SNS_24_SNAPSHOT_20250518_193739\modules\fix_UserDict.py,1EFC61F1920C3DAEFE8E96D3355FC901FC3BE28389868A4F16AA9870AC29B43D
C:\clean_rebuild\logs\trace\SNS_Snapshots\SNS_24_SNAPSHOT_20250518_193739\modules\fix_xrange_with_import.py,AB29E93C78F9A658D9A38189B1355D6C13DD51EE5AF572D8D0AA898D0FAD8E40
C:\clean_rebuild\logs\trace\SNS_Snapshots\SNS_24_SNAPSHOT_20250518_193739\modules\fix_xrange_with_import_fadb988e.py,AB29E93C78F9A658D9A38189B1355D6C13DD51EE5AF572D8D0AA898D0FAD8E40
C:\clean_rebuild\logs\trace\SNS_Snapshots\SNS_24_SNAPSHOT_20250518_193739\modules\flags.py,7B4008B59464920146C906D1DC7817F704F36AC26079B2C5D3D95CB98E8513A0
C:\clean_rebuild\logs\trace\SNS_Snapshots\SNS_24_SNAPSHOT_20250518_193739\modules\flatiter.py,DB1B4C3EF0E07E1823648AA23770775AFCBA43DA017A8F6E87852408040D9B08
C:\clean_rebuild\logs\trace\SNS_Snapshots\SNS_24_SNAPSHOT_20250518_193739\modules\FliImagePlugin.py,FBC51E0D9BBC5486B55A0DBFB035CFFF858109AA5C8D25A3D4E0549831A3A01A
C:\clean_rebuild\logs\trace\SNS_Snapshots\SNS_24_SNAPSHOT_20250518_193739\modules\floating.py,9F43665438C1467D3A1D357329BE189E439FF06C0586CE19BF4459BE83FCFD22
C:\clean_rebuild\logs\trace\SNS_Snapshots\SNS_24_SNAPSHOT_20250518_193739\modules\follow_last_user_media_likers.py,1F1D538D3F99F6057D609F82E78F832B43C76684ECCFF4E0AA44B87384D1043E
C:\clean_rebuild\logs\trace\SNS_Snapshots\SNS_24_SNAPSHOT_20250518_193739\modules\follow_requests.py,0C740614A377A477E63CC6ED81D3827D38081C0FAD861CA9B82E91081CD97C26
C:\clean_rebuild\logs\trace\SNS_Snapshots\SNS_24_SNAPSHOT_20250518_193739\modules\follow_users_by_hashtag.py,AB68DB854076F552F35D73CA5FD63A725E19F297B36B49AB95EEC6706EF0537F
C:\clean_rebuild\logs\trace\SNS_Snapshots\SNS_24_SNAPSHOT_20250518_193739\modules\follow_users_from_file.py,EA6953923CE34D37CFF840E2A4C194B060B75A205EF94A8F2159BCFAD5CD72C8
C:\clean_rebuild\logs\trace\SNS_Snapshots\SNS_24_SNAPSHOT_20250518_193739\modules\follow_user_followers.py,262280E2A2DB945E9E0901E12B2CCF4CD86CCAC46B568D66A1D5550CBBA4B1C5
C:\clean_rebuild\logs\trace\SNS_Snapshots\SNS_24_SNAPSHOT_20250518_193739\modules\follow_user_following.py,59D909CECED17A9E673A8E19DC7A0CB342E9780DC04CCB15800E4F8E254EC44E
C:\clean_rebuild\logs\trace\SNS_Snapshots\SNS_24_SNAPSHOT_20250518_193739\modules\font.py,2B0C83BF428E9360220C36F56BD966DD2C124FB1E81E0F202EAF74F821D435A0
C:\clean_rebuild\logs\trace\SNS_Snapshots\SNS_24_SNAPSHOT_20250518_193739\modules\FontFile.py,88B495DF6C907AD2E71384A01BC1E71DBD8576A92A1418D8F67FBE13ABB9504D
C:\clean_rebuild\logs\trace\SNS_Snapshots\SNS_24_SNAPSHOT_20250518_193739\modules\forgetful.py,902DA039087F7F48C2E0B4B6F49568846A50E9E6D84711AE6D063157B14DCBE4
C:\clean_rebuild\logs\trace\SNS_Snapshots\SNS_24_SNAPSHOT_20250518_193739\modules\format.py,2E79B3FCD91B26367FA2334BFE5B87A3FAE92C01ACC19A2278E96C05A5B3B5FA
C:\clean_rebuild\logs\trace\SNS_Snapshots\SNS_24_SNAPSHOT_20250518_193739\modules\formatter.py,AB619648F1A4DB36A232794B9A5C5833973FF9AF3C5C3878BE0689ADFAACD230
C:\clean_rebuild\logs\trace\SNS_Snapshots\SNS_24_SNAPSHOT_20250518_193739\modules\format_control.py,B7BFEFE786C9BBE0B0A018146ED02762894C26AB4C87CF7E20B49B5BBCA26718
C:\clean_rebuild\logs\trace\SNS_Snapshots\SNS_24_SNAPSHOT_20250518_193739\modules\formdata.py,B112E75A6F48C929A1158EDB4D0988094A341E231625759CE4BFF13D44854909
C:\clean_rebuild\logs\trace\SNS_Snapshots\SNS_24_SNAPSHOT_20250518_193739\modules\found_candidates.py,D1FE51BF92A98FE7003AF75DAF6B0CD68FCAD479752088B2E83BA2E12764754A
C:\clean_rebuild\logs\trace\SNS_Snapshots\SNS_24_SNAPSHOT_20250518_193739\modules\FpxImagePlugin.py,FB99F8690503D447CA5988A761D9FF9D3EBF96EAF3D9D00F6CAB5A4111C71F0D
C:\clean_rebuild\logs\trace\SNS_Snapshots\SNS_24_SNAPSHOT_20250518_193739\modules\frame.py,24439EA8BBD240E0E1555D021994783A905DED0BD9E398B5CE17491D6132A15B
C:\clean_rebuild\logs\trace\SNS_Snapshots\SNS_24_SNAPSHOT_20250518_193739\modules\freeimage.py,F993CDC41FEC49CFD8A5FE2CABAD6A708B26C31FC768C224B88524B2026D96A8
C:\clean_rebuild\logs\trace\SNS_Snapshots\SNS_24_SNAPSHOT_20250518_193739\modules\freeimagemulti.py,018F3028B99255D199D2B46C6B4C09442BE27EC73DCDA152FF773ACC7ED0651D
C:\clean_rebuild\logs\trace\SNS_Snapshots\SNS_24_SNAPSHOT_20250518_193739\modules\freeze.py,CCB1A0AFD4ED3186E1980AE0F84ABE976E6127EFC1F31A92EA1268176808F2D0
C:\clean_rebuild\logs\trace\SNS_Snapshots\SNS_24_SNAPSHOT_20250518_193739\modules\FreezeRegion.py,A3DBF5EA03C711E4CDC0B184BA9FBD8B0E11800D3DC10785D2C0345F0CC484D6
C:\clean_rebuild\logs\trace\SNS_Snapshots\SNS_24_SNAPSHOT_20250518_193739\modules\freeze_418ddbcd.py,99D53219E03CAEADDAE5547F9FDABD47E090B26EDC6C7E0AFB31626EB2C8858E
C:\clean_rebuild\logs\trace\SNS_Snapshots\SNS_24_SNAPSHOT_20250518_193739\modules\freeze_support.py,87F09CCA36E720806E2CCF1D4840E838039498C9A66ED6EB5BB7C2401764C31A
C:\clean_rebuild\logs\trace\SNS_Snapshots\SNS_24_SNAPSHOT_20250518_193739\modules\frequencies.py,679AAF89BF7E262BA4045B19FB7D88201662D03B30E683DA5306932F1B4254F6
C:\clean_rebuild\logs\trace\SNS_Snapshots\SNS_24_SNAPSHOT_20250518_193739\modules\fromnumeric.py,D17F03AB077AD5AE1AA2F1DEB4DD3FCF322C69CEE95BB24EC3B50AED45EB0D52
C:\clean_rebuild\logs\trace\SNS_Snapshots\SNS_24_SNAPSHOT_20250518_193739\modules\from_dataframe.py,19B38119EA7885871853AD4A8DB04BC3A09A7BD24F52F85AF473F1D8ED13D5AF
C:\clean_rebuild\logs\trace\SNS_Snapshots\SNS_24_SNAPSHOT_20250518_193739\modules\from_thread.py,5591A5A679F9F55F00C4BCDFE251D7CF948848205F2DF71CBB3D39AEF76F7665
C:\clean_rebuild\logs\trace\SNS_Snapshots\SNS_24_SNAPSHOT_20250518_193739\modules\frozen.py,5C4D85C84CD81C14586B95E0CC8AF41B9F3C828F5A41BAC2A2FD0E135EAAA22B
C:\clean_rebuild\logs\trace\SNS_Snapshots\SNS_24_SNAPSHOT_20250518_193739\modules\FtexImagePlugin.py,64FF6BB61B4931DCD46CB86016CE8946088FD2CD5A7A2133CC9072F082DAF43C
C:\clean_rebuild\logs\trace\SNS_Snapshots\SNS_24_SNAPSHOT_20250518_193739\modules\FtexImagePlugin_9400dbae.py,64FF6BB61B4931DCD46CB86016CE8946088FD2CD5A7A2133CC9072F082DAF43C
C:\clean_rebuild\logs\trace\SNS_Snapshots\SNS_24_SNAPSHOT_20250518_193739\modules\func2subr.py,5ABA340B734648EFB5836CF1048F2A83F4E5E8AC9CCEB0AD09326F84DE0AB544
C:\clean_rebuild\logs\trace\SNS_Snapshots\SNS_24_SNAPSHOT_20250518_193739\modules\function.py,76866250E6F179534597A9AAE67A94B2D9D5C930CC038EF489B04E350740F386
C:\clean_rebuild\logs\trace\SNS_Snapshots\SNS_24_SNAPSHOT_20250518_193739\modules\function_base.py,C77C8F380DA6F6564C342D2A26B50D3BAE5D77382821235EDA6AB3809D012013
C:\clean_rebuild\logs\trace\SNS_Snapshots\SNS_24_SNAPSHOT_20250518_193739\modules\GammaCorrection.py,3637340B5E2E9AC5C49465788D984743ED87A66431D104CED1790ABC75575703
C:\clean_rebuild\logs\trace\SNS_Snapshots\SNS_24_SNAPSHOT_20250518_193739\modules\gb2312freq.py,79B7D617B298377F0FDBB21F65699EFBA5AF5BAA83C2B691D089B223D6B7E729
C:\clean_rebuild\logs\trace\SNS_Snapshots\SNS_24_SNAPSHOT_20250518_193739\modules\gb2312prober.py,E225E1CAF8C907A4E3A3BCC6A5F6BA5FB83A50110E066259F5ED3FC2F4F9F5D7
C:\clean_rebuild\logs\trace\SNS_Snapshots\SNS_24_SNAPSHOT_20250518_193739\modules\gbq.py,D716935988E6CAD9F240EF3070DAFD6B3203F9529A3E4FC3ED868B58647A54D9
C:\clean_rebuild\logs\trace\SNS_Snapshots\SNS_24_SNAPSHOT_20250518_193739\modules\GbrImagePlugin.py,D51957A0377C4514D92626B010652D44D9E39925DCFAA8BED79D2C16C471F0BB
C:\clean_rebuild\logs\trace\SNS_Snapshots\SNS_24_SNAPSHOT_20250518_193739\modules\gdal.py,2EFEA8DBACB78EAFF1ACB865C0C43F3B7A61054B20AFCE72859161E696D7ADDA
C:\clean_rebuild\logs\trace\SNS_Snapshots\SNS_24_SNAPSHOT_20250518_193739\modules\GdImageFile.py,B4155DB5DDA73C87FECE586C06931726E2C7F0F3C9315B85AB6940BA0513502A
C:\clean_rebuild\logs\trace\SNS_Snapshots\SNS_24_SNAPSHOT_20250518_193739\modules\generate_legacy_storage_files.py,A5752F9E839CEB19B57DF6264E11C5D7E6D240577296C8EAF9BC63F6C19C2C8C
C:\clean_rebuild\logs\trace\SNS_Snapshots\SNS_24_SNAPSHOT_20250518_193739\modules\generate_log_summary_with_datetime.py,B11F7DFE0888C51603F9FE39EAD36AFAE11433ABBAB9852B02C46814842D8287
C:\clean_rebuild\logs\trace\SNS_Snapshots\SNS_24_SNAPSHOT_20250518_193739\modules\generator.py,A860E64C2268A37E5654E25235233F4BC6C0809360A97CA75363DAC1AA53B5D0
C:\clean_rebuild\logs\trace\SNS_Snapshots\SNS_24_SNAPSHOT_20250518_193739\modules\generic.py,609B85C723F6CBC55245ABABCA4BD74A39A886587A0D83B5193623CC352643A5
C:\clean_rebuild\logs\trace\SNS_Snapshots\SNS_24_SNAPSHOT_20250518_193739\modules\getitem.py,6806269574A935FD27FE66FC1610F4148570F4E8E1EDE80CD8DBC6E65DB60E43
C:\clean_rebuild\logs\trace\SNS_Snapshots\SNS_24_SNAPSHOT_20250518_193739\modules\getlimits.py,7771BDF5048F118367EF7333C5A6FEBF5456C15CC1A7AED5FD3717BC9EB06C2B
C:\clean_rebuild\logs\trace\SNS_Snapshots\SNS_24_SNAPSHOT_20250518_193739\modules\get_followers_or_followings_to_file.py,116E30EFCB7151901173A2057968B19E38101AA9A21BA110C3BA4CA8739CA959
C:\clean_rebuild\logs\trace\SNS_Snapshots\SNS_24_SNAPSHOT_20250518_193739\modules\get_hashtags_from_keywords.py,1B491DE686D7870758CF11D432619B207DA37D6CC6B92692278C5702C1927C6E
C:\clean_rebuild\logs\trace\SNS_Snapshots\SNS_24_SNAPSHOT_20250518_193739\modules\GifImagePlugin.py,1F5FA5402BDAC82770ED0D726D5C096515C1691822BEE17E7CC3159A1874F7AF
C:\clean_rebuild\logs\trace\SNS_Snapshots\SNS_24_SNAPSHOT_20250518_193739\modules\gif_writers.py,1CC6AD677F651E0C03C5B2F60BA3F664D643567FB53B67674CDA9B77CA81F27A
C:\clean_rebuild\logs\trace\SNS_Snapshots\SNS_24_SNAPSHOT_20250518_193739\modules\GimpGradientFile.py,2883AD82B919AE31ADE9855BA40718025A2757CDA52EDA361EB14ED63208BC50
C:\clean_rebuild\logs\trace\SNS_Snapshots\SNS_24_SNAPSHOT_20250518_193739\modules\GimpPaletteFile.py,12628B9EEBEC1F1D062E15A1F189DF89D893121526E75F9934A8106C05F5CDC5
C:\clean_rebuild\logs\trace\SNS_Snapshots\SNS_24_SNAPSHOT_20250518_193739\modules\git.py,CA0D71D986A1F255FAC15C22D244774F17265D0B5DDB2002E1DE55A3DC4EE264
C:\clean_rebuild\logs\trace\SNS_Snapshots\SNS_24_SNAPSHOT_20250518_193739\modules\glibc.py,FC9506D7181B46ADF0135417B82A1BE53D7BB8B0B7EF83FEF4839B164C902A66
C:\clean_rebuild\logs\trace\SNS_Snapshots\SNS_24_SNAPSHOT_20250518_193739\modules\gnu.py,20B60662896814B1B5811F4B0100148C611E0038F1F50FB5FD13830EE79322AC
C:\clean_rebuild\logs\trace\SNS_Snapshots\SNS_24_SNAPSHOT_20250518_193739\modules\grab.py,93A0E55633663E6028160DF0E8A7CE635F782D91A5C76C70E8BCC45E56B5BE40
C:\clean_rebuild\logs\trace\SNS_Snapshots\SNS_24_SNAPSHOT_20250518_193739\modules\GribStubImagePlugin.py,7EF273DBD4FFA552AEC8693A64B142C31C94CE2F16D795CBB7457B5856AF7F62
C:\clean_rebuild\logs\trace\SNS_Snapshots\SNS_24_SNAPSHOT_20250518_193739\modules\groff.py,028F42272F270464D429D8E66F84CB209CC6A1073FF1C6B7FC1F71E4AB68B1FB
C:\clean_rebuild\logs\trace\SNS_Snapshots\SNS_24_SNAPSHOT_20250518_193739\modules\groupby.py,48A48F180107AD1DB044CAB4D293DD4D9EEA14896B68EE9E252B5AFAFD2C3C6C
C:\clean_rebuild\logs\trace\SNS_Snapshots\SNS_24_SNAPSHOT_20250518_193739\modules\grouper.py,A7811957D08CC57F580AB4272DD7BEBD4A7DE53AD849C30DC0233BF3F7A4F7E4
C:\clean_rebuild\logs\trace\SNS_Snapshots\SNS_24_SNAPSHOT_20250518_193739\modules\guess.py,D6A2118180A447909DE978E5F08DFC87650DB34934A7F5389449FF5F766C83F4
C:\clean_rebuild\logs\trace\SNS_Snapshots\SNS_24_SNAPSHOT_20250518_193739\modules\gui.py,71951F3E12F3157C0EEE1629658FEFE20C00A11C8FD0AA0C3E7B8F171466BED9
C:\clean_rebuild\logs\trace\SNS_Snapshots\SNS_24_SNAPSHOT_20250518_193739\modules\handler.py,7D8759085D3B2B8E0DA97528FEEE0C2A478B254CFF8F411340AFF0D9A92822EA
C:\clean_rebuild\logs\trace\SNS_Snapshots\SNS_24_SNAPSHOT_20250518_193739\modules\hash.py,C32D989D8BA28A366ED69BBDFE4FB6006304C4AD05D4DD6A02300913E73F588B
C:\clean_rebuild\logs\trace\SNS_Snapshots\SNS_24_SNAPSHOT_20250518_193739\modules\hashes.py,94CD942CF31414FCC57F9F01B4C49A94773EED46F350D853D5889DAD2CC94203
C:\clean_rebuild\logs\trace\SNS_Snapshots\SNS_24_SNAPSHOT_20250518_193739\modules\hashing.py,0B4F4398A5CAB5BF2448AD6DBE8A871EFC64396194C7CD6F155ADA9846E8A7D4
C:\clean_rebuild\logs\trace\SNS_Snapshots\SNS_24_SNAPSHOT_20250518_193739\modules\hash_8dbecb0e.py,C32D989D8BA28A366ED69BBDFE4FB6006304C4AD05D4DD6A02300913E73F588B
C:\clean_rebuild\logs\trace\SNS_Snapshots\SNS_24_SNAPSHOT_20250518_193739\modules\Hdf5StubImagePlugin.py,FD4B4631FE5DA1B6BC9F3D8BCAE5A99862CC4AE772166F9FF1E0ABE2B65884C7
C:\clean_rebuild\logs\trace\SNS_Snapshots\SNS_24_SNAPSHOT_20250518_193739\modules\HeadBlur.py,142A1D075FE78587D86CAB7BD02CE481A3509C57D7F23B6DDF8BE386EFDB3B54
C:\clean_rebuild\logs\trace\SNS_Snapshots\SNS_24_SNAPSHOT_20250518_193739\modules\HeadBlur_0dee237b.py,142A1D075FE78587D86CAB7BD02CE481A3509C57D7F23B6DDF8BE386EFDB3B54
C:\clean_rebuild\logs\trace\SNS_Snapshots\SNS_24_SNAPSHOT_20250518_193739\modules\HeadBlur_650fc80b.py,142A1D075FE78587D86CAB7BD02CE481A3509C57D7F23B6DDF8BE386EFDB3B54
C:\clean_rebuild\logs\trace\SNS_Snapshots\SNS_24_SNAPSHOT_20250518_193739\modules\header.py,E2ED28B87F73B189796FD5079020685E919559268876F01061F002910F33510D
C:\clean_rebuild\logs\trace\SNS_Snapshots\SNS_24_SNAPSHOT_20250518_193739\modules\headerregistry.py,E6A338143C13654D0A8F74358B76AEC7753F2D6D1BE3FA428C7C56F0CED853EC
C:\clean_rebuild\logs\trace\SNS_Snapshots\SNS_24_SNAPSHOT_20250518_193739\modules\headless_experimental.py,991CD6BAEBCB1F583EABEC8C1A1893A0D83E4F32ACD64E2442AFABEDEA408D55
C:\clean_rebuild\logs\trace\SNS_Snapshots\SNS_24_SNAPSHOT_20250518_193739\modules\heap_profiler.py,14B48FD3BF51F950ABC8075BD5B8A860AB914546819C2BE49B34D1131C37DD26
C:\clean_rebuild\logs\trace\SNS_Snapshots\SNS_24_SNAPSHOT_20250518_193739\modules\hebrewprober.py,5941A93785C0A55CEC8570118C060EEE8B3DC77847560FAA723E00B0E1FBD618
C:\clean_rebuild\logs\trace\SNS_Snapshots\SNS_24_SNAPSHOT_20250518_193739\modules\help.py,35675D195970B40A8AC9CB8CB15DA07604FEBFB3ED21CA37A606E692C43BAC77
C:\clean_rebuild\logs\trace\SNS_Snapshots\SNS_24_SNAPSHOT_20250518_193739\modules\helpconfig.py,AE76677AF30C9CC7AB55FD17B3D328D0B4ABA91410462ADF87976FD6FDB958B9
C:\clean_rebuild\logs\trace\SNS_Snapshots\SNS_24_SNAPSHOT_20250518_193739\modules\helper.py,0EF7FA0D2F691D30A6BA0310CB9201C24E4B952B793E375286FD4846C5324886
C:\clean_rebuild\logs\trace\SNS_Snapshots\SNS_24_SNAPSHOT_20250518_193739\modules\helpers.py,3213A102C3E09FDEA57A0EC29CB1C2BC81F6FA05799E796A5DF634C1ADEA430F
C:\clean_rebuild\logs\trace\SNS_Snapshots\SNS_24_SNAPSHOT_20250518_193739\modules\hermite.py,05D29BFD9A4A119B7AE39A8D35418C73BBB2FF587B5B9373D950DED361D7241B
C:\clean_rebuild\logs\trace\SNS_Snapshots\SNS_24_SNAPSHOT_20250518_193739\modules\hermite_e.py,D6BB381D656AEECE9FCCBBD3590EB3604F1C1C64A875533AD97F03DDE96866D0
C:\clean_rebuild\logs\trace\SNS_Snapshots\SNS_24_SNAPSHOT_20250518_193739\modules\heuristics.py,1A1BCA909C7FCA959DA334D97BEA0005F7F48814770928D851E61B5D4E9B103F
C:\clean_rebuild\logs\trace\SNS_Snapshots\SNS_24_SNAPSHOT_20250518_193739\modules\highlighter.py,FE003616CF2DB6BA6B747A868B91724B7332E45AFF2BDA9D8D3EE9F27F4D9516
C:\clean_rebuild\logs\trace\SNS_Snapshots\SNS_24_SNAPSHOT_20250518_193739\modules\hist.py,DE9937B0E55DD683E3171913699648EFDBB613B3F87A0EA477D361B663BC5006
C:\clean_rebuild\logs\trace\SNS_Snapshots\SNS_24_SNAPSHOT_20250518_193739\modules\HMAC.py,628493CDE58856188FD0D94A006526B512725070BA1E43AE9081EBE8075ACE69
C:\clean_rebuild\logs\trace\SNS_Snapshots\SNS_24_SNAPSHOT_20250518_193739\modules\holiday.py,93C8435ECB0A7A8BC35845F9A6B9A13A12C61D9A16F4F6B2CFF26AFEBB675A06
C:\clean_rebuild\logs\trace\SNS_Snapshots\SNS_24_SNAPSHOT_20250518_193739\modules\hook-numpy.py,1851A2CD816377D1EC60C3AD6F2EE07B0F780A4BD3AD15BBEC40863CD5201867
C:\clean_rebuild\logs\trace\SNS_Snapshots\SNS_24_SNAPSHOT_20250518_193739\modules\hooks.py,1D1ABDFDDD3E4EF471790A942F37FD27FA9FADFA0309D2756B7B7196CB2F0BE0
C:\clean_rebuild\logs\trace\SNS_Snapshots\SNS_24_SNAPSHOT_20250518_193739\modules\hookspec.py,F03AF84840CAEBDDED92E19CEA73E19DED91F4511B2490D35B06D9FC601090EA
C:\clean_rebuild\logs\trace\SNS_Snapshots\SNS_24_SNAPSHOT_20250518_193739\modules\hook_gitlog_to_txt.py,24E646EB61DFDA9757DCDD4B13EE5EEA4A01397D50FFD4BF330EEBC91140216F
C:\clean_rebuild\logs\trace\SNS_Snapshots\SNS_24_SNAPSHOT_20250518_193739\modules\hook_latest_git_commit.py,CC9CF612FE8AF4B314E735916E473E7BE78CB1BC31CB30D5D0C968E39AA6951C
C:\clean_rebuild\logs\trace\SNS_Snapshots\SNS_24_SNAPSHOT_20250518_193739\modules\hook_runner.py,0001776CCB068E1393AE7BE25586471E5F36554218BC4A99F29B4224F77EBCCD
C:\clean_rebuild\logs\trace\SNS_Snapshots\SNS_24_SNAPSHOT_20250518_193739\modules\host_header_ssl.py,B05F528DC6103D6E25675958A9A2D57921F1F2DE9CFC8CDF9A4AA899446B6AD6
C:\clean_rebuild\logs\trace\SNS_Snapshots\SNS_24_SNAPSHOT_20250518_193739\modules\HPKE.py,0037F00EACD6B93B5FC6E0DB8B83E60EE29F3C7ED0F82E8F22E3A2A5CC619964
C:\clean_rebuild\logs\trace\SNS_Snapshots\SNS_24_SNAPSHOT_20250518_193739\modules\html.py,A47DF6E01CA55F440B175F7B9B1FE4CDC6C9590FD6B92293586EF786EC199801
C:\clean_rebuild\logs\trace\SNS_Snapshots\SNS_24_SNAPSHOT_20250518_193739\modules\http_proxy_digest.py,F66D133DEDC5DC087EEC856624CBD2473254B21572A660C49F1459D76BF6F235
C:\clean_rebuild\logs\trace\SNS_Snapshots\SNS_24_SNAPSHOT_20250518_193739\modules\huepy.py,1878145B23D4EF43710D0716E8E9EE7258F639A1D108E3D3D9F9C425F2CB35D4
C:\clean_rebuild\logs\trace\SNS_Snapshots\SNS_24_SNAPSHOT_20250518_193739\modules\IcnsImagePlugin.py,86B88E2FD5EA6A6E4FB7CFBC1D8C44140B2C4EA0E45581E2B9C40699B36A5853
C:\clean_rebuild\logs\trace\SNS_Snapshots\SNS_24_SNAPSHOT_20250518_193739\modules\IcoImagePlugin.py,E38DECAC1216B39880ABFA7853C46E0A5BB4B7BA1362185B404AFF99A53489BC
C:\clean_rebuild\logs\trace\SNS_Snapshots\SNS_24_SNAPSHOT_20250518_193739\modules\idnadata.py,DB68179263B3AB6C8E0741B0D6CF5650E17F1E94C7B96D9E3D92E772157031F7
C:\clean_rebuild\logs\trace\SNS_Snapshots\SNS_24_SNAPSHOT_20250518_193739\modules\Image.py,294F7349AF6A62F8AA4C72081F90CD8DFA57EAA840A1A87CF8652F64E0DAB05F
C:\clean_rebuild\logs\trace\SNS_Snapshots\SNS_24_SNAPSHOT_20250518_193739\modules\ImageChops.py,859F043D43E5408CEE82C11E755F2DAE4297D230420C66FA0ACCE66BA65E3194
C:\clean_rebuild\logs\trace\SNS_Snapshots\SNS_24_SNAPSHOT_20250518_193739\modules\ImageChops_11db484a.py,859F043D43E5408CEE82C11E755F2DAE4297D230420C66FA0ACCE66BA65E3194
C:\clean_rebuild\logs\trace\SNS_Snapshots\SNS_24_SNAPSHOT_20250518_193739\modules\ImageCms.py,6059B64FBB0E525BA59E7B9C8B5F0705BB35AD219A99EE5F75E4BDD68EC8CF06
C:\clean_rebuild\logs\trace\SNS_Snapshots\SNS_24_SNAPSHOT_20250518_193739\modules\ImageColor.py,295FAEEC79D95ABACBDF3B8100E2EA7AB23EEEF15C5D3C5D2DEA1A6158EC9F02
C:\clean_rebuild\logs\trace\SNS_Snapshots\SNS_24_SNAPSHOT_20250518_193739\modules\ImageDraw.py,C4863FB5E2E915D655648A14933E6AD06803A36A2B4BA9E2CFB1C1ACECFDA71C
C:\clean_rebuild\logs\trace\SNS_Snapshots\SNS_24_SNAPSHOT_20250518_193739\modules\ImageDraw2.py,691992E953D315AE2FA671CC2DBDE83A8C2362DD56F228FCD71E473A2E64A2D1
C:\clean_rebuild\logs\trace\SNS_Snapshots\SNS_24_SNAPSHOT_20250518_193739\modules\ImageEnhance.py,97E1F9FA68B3127E332972459633BFC99595D2FA935CA21D97EA1CC240393EB2
C:\clean_rebuild\logs\trace\SNS_Snapshots\SNS_24_SNAPSHOT_20250518_193739\modules\ImageFile.py,109559EA6C12D2DC77C9E8DB45E1ABC0D7502F5C42C708EFD174D60F875DEBEA
C:\clean_rebuild\logs\trace\SNS_Snapshots\SNS_24_SNAPSHOT_20250518_193739\modules\ImageFilter.py,A56400B6CE06FBF5E78E61635C9D63C453BDA6E0DE2566FB035BB0E2E5FB029E
C:\clean_rebuild\logs\trace\SNS_Snapshots\SNS_24_SNAPSHOT_20250518_193739\modules\ImageFont.py,EEBBB748D71B3B63303625CA774A917F9660E1D44D00C64D84075056A763C8BD
C:\clean_rebuild\logs\trace\SNS_Snapshots\SNS_24_SNAPSHOT_20250518_193739\modules\ImageGrab.py,0893FF699340D665D4E5D23BEDE1259B8FC0BB5F7C51FEF2559ED7C34049E77B
C:\clean_rebuild\logs\trace\SNS_Snapshots\SNS_24_SNAPSHOT_20250518_193739\modules\ImageMath.py,21BEB9E4429538C795276C7FC95B74C5A3360FD91FA42BF6757F42B02C22CC23
C:\clean_rebuild\logs\trace\SNS_Snapshots\SNS_24_SNAPSHOT_20250518_193739\modules\ImageMode.py,3D797D1D92030319D7ECA8A9D6B57534F81BD49EF455BBB8E65C65AF0AF2C4F8
C:\clean_rebuild\logs\trace\SNS_Snapshots\SNS_24_SNAPSHOT_20250518_193739\modules\ImageMorph.py,E611DE6409A8C3AB051D143DC2873155C4B80A661C38297929490F63184E6FD8
C:\clean_rebuild\logs\trace\SNS_Snapshots\SNS_24_SNAPSHOT_20250518_193739\modules\ImageOps.py,507FC1ABA2211AADBD5D852B1E4EA39BC2C2346184E531D6694745B5D72411F4
C:\clean_rebuild\logs\trace\SNS_Snapshots\SNS_24_SNAPSHOT_20250518_193739\modules\ImagePalette.py,89BB6200E5A76EC3AAA358D786E465F4C9C676307D4909928D845AB2E7BAAEE8
C:\clean_rebuild\logs\trace\SNS_Snapshots\SNS_24_SNAPSHOT_20250518_193739\modules\ImagePath.py,6679C9BAF40DB5B2918429ABEB54C4984875BD5579FFDD163043CBF0EA72E65F
C:\clean_rebuild\logs\trace\SNS_Snapshots\SNS_24_SNAPSHOT_20250518_193739\modules\ImageQt.py,B951683EE02F5912183760D94DBE983E77A197995028F9D36CCA0E4098CD87EE
C:\clean_rebuild\logs\trace\SNS_Snapshots\SNS_24_SNAPSHOT_20250518_193739\modules\ImageSequence.py,8F2554EC59A99ABBE40404AC64837E7C8DB583D0D4702CE64A68F41714B81678
C:\clean_rebuild\logs\trace\SNS_Snapshots\SNS_24_SNAPSHOT_20250518_193739\modules\ImageSequenceClip.py,783F013CCB52625C08163077346B3E13B110B883A71675F74CC8661EEDD9DA5F
C:\clean_rebuild\logs\trace\SNS_Snapshots\SNS_24_SNAPSHOT_20250518_193739\modules\ImageSequence_bbedbe85.py,8F2554EC59A99ABBE40404AC64837E7C8DB583D0D4702CE64A68F41714B81678
C:\clean_rebuild\logs\trace\SNS_Snapshots\SNS_24_SNAPSHOT_20250518_193739\modules\ImageShow.py,4B605B9DBE37207C6763253B8090829C6B4F127DA0D9B173F945835ED11240D6
C:\clean_rebuild\logs\trace\SNS_Snapshots\SNS_24_SNAPSHOT_20250518_193739\modules\ImageStat.py,880E4A26B41E1296F093E161733183F0BE1368B594B78553FE6A7876BBCC86FF
C:\clean_rebuild\logs\trace\SNS_Snapshots\SNS_24_SNAPSHOT_20250518_193739\modules\ImageTk.py,C268804B6CBC37F63AC97C3727DF23C739D0B5F1595E9588704F5EAFC054397F
C:\clean_rebuild\logs\trace\SNS_Snapshots\SNS_24_SNAPSHOT_20250518_193739\modules\ImageTransform.py,5C7802D4937DB7289D81DCB5A866E8B8A6ABC1A734BF0BE964B40E898111F111
C:\clean_rebuild\logs\trace\SNS_Snapshots\SNS_24_SNAPSHOT_20250518_193739\modules\ImageWin.py,A068955843716D4C4000404F5C9BE3470F640688BC5825CF1C4E1FFB9A2C1054
C:\clean_rebuild\logs\trace\SNS_Snapshots\SNS_24_SNAPSHOT_20250518_193739\modules\img.py,06E3F903F95CEDF41ADC2033CC770F51A7A5B27AFE1BFC733EBA534DDB4632B8
C:\clean_rebuild\logs\trace\SNS_Snapshots\SNS_24_SNAPSHOT_20250518_193739\modules\ImImagePlugin.py,DF051E660FD62B47B3273E7B56BC5BDA127DBC64DA1A768A619B35F24A25D872
C:\clean_rebuild\logs\trace\SNS_Snapshots\SNS_24_SNAPSHOT_20250518_193739\modules\imopen.py,367B6BC59716D21CC76DE5BD8BD88CD30BA834C023484C6AEBB7C0E97432B565
C:\clean_rebuild\logs\trace\SNS_Snapshots\SNS_24_SNAPSHOT_20250518_193739\modules\ImtImagePlugin.py,E81E6D3127BB08226461EE24EA154E7810AC1A394BB79A541DED3A7A76098851
C:\clean_rebuild\logs\trace\SNS_Snapshots\SNS_24_SNAPSHOT_20250518_193739\modules\index.py,7D9C9C65D4617AD358FA8DC9B5D87B3C586FD22466523706020A7829A98DFBF3
C:\clean_rebuild\logs\trace\SNS_Snapshots\SNS_24_SNAPSHOT_20250518_193739\modules\indexed_db.py,9B005892EFE84D14D8B38463B9C591D62C89DF9DCC88BA393E1BBF414A88867C
C:\clean_rebuild\logs\trace\SNS_Snapshots\SNS_24_SNAPSHOT_20250518_193739\modules\indexed_db_273d6198.py,9B005892EFE84D14D8B38463B9C591D62C89DF9DCC88BA393E1BBF414A88867C
C:\clean_rebuild\logs\trace\SNS_Snapshots\SNS_24_SNAPSHOT_20250518_193739\modules\indexed_db_8b9cc47b.py,9B005892EFE84D14D8B38463B9C591D62C89DF9DCC88BA393E1BBF414A88867C
C:\clean_rebuild\logs\trace\SNS_Snapshots\SNS_24_SNAPSHOT_20250518_193739\modules\indexed_db_93d3b13c.py,9B005892EFE84D14D8B38463B9C591D62C89DF9DCC88BA393E1BBF414A88867C
C:\clean_rebuild\logs\trace\SNS_Snapshots\SNS_24_SNAPSHOT_20250518_193739\modules\indexing.py,1A410793CF752B845002A1E5F7E4006DC3B2B07F7E6A6C716BDC06CB9FE8B6DF
C:\clean_rebuild\logs\trace\SNS_Snapshots\SNS_24_SNAPSHOT_20250518_193739\modules\index_tricks.py,472B84B6AC995652BD8F8D370D58CC64577CD26BEDF9500C8B5B86BD7BAB7347
C:\clean_rebuild\logs\trace\SNS_Snapshots\SNS_24_SNAPSHOT_20250518_193739\modules\inference.py,C86487431200463C6CFC7332F7477FFD7EC2F9274BA565DFB9FEFA3F8ED3C21D
C:\clean_rebuild\logs\trace\SNS_Snapshots\SNS_24_SNAPSHOT_20250518_193739\modules\infinity_feedliker.py,75DD5A4804D826B6E032DF3966BF0A28237BD6EE0CEE6A491528544642890E0B
C:\clean_rebuild\logs\trace\SNS_Snapshots\SNS_24_SNAPSHOT_20250518_193739\modules\infinity_hashtags_follower.py,60B31DDECB0594C70EC55D0805CA31A7147FCBDAC548D5BB0559D96D2E1695FD
C:\clean_rebuild\logs\trace\SNS_Snapshots\SNS_24_SNAPSHOT_20250518_193739\modules\infinity_hashtags_liker.py,7B846ECD537F62AC322731486950B9FAAEC26271C61BF833846CCEBDFCEF3AD4
C:\clean_rebuild\logs\trace\SNS_Snapshots\SNS_24_SNAPSHOT_20250518_193739\modules\info.py,6F651B07E9E9E9DC37ACCD111E81C60F00AC460CBA4A899CFFCD8BC38B2C7293
C:\clean_rebuild\logs\trace\SNS_Snapshots\SNS_24_SNAPSHOT_20250518_193739\modules\initialise.py,84E895968C1F45E875450B3F1BB62DD28D2573C57DCE1D2EBB5EDC98AE96B0A1
C:\clean_rebuild\logs\trace\SNS_Snapshots\SNS_24_SNAPSHOT_20250518_193739\modules\input_.py,0D3FBE9D617754F3BA9945D2C59BC9672A8E3BD3D1330504A2C2FEF6FDAC4890
C:\clean_rebuild\logs\trace\SNS_Snapshots\SNS_24_SNAPSHOT_20250518_193739\modules\input_device.py,B39A3EFB39E335FB02C6FF7356B7138BC3BAF2A2D709F3D6FD9143B80CC6F8BD
C:\clean_rebuild\logs\trace\SNS_Snapshots\SNS_24_SNAPSHOT_20250518_193739\modules\inspector.py,0E2A48B1D4414106B08F2790D262128F690A4DD34E35AFE0D3DF074453B07D19
C:\clean_rebuild\logs\trace\SNS_Snapshots\SNS_24_SNAPSHOT_20250518_193739\modules\install.py,1B393A99153DDFCC0C3CE502CFCA05444C0893E5070A969F8EF339D7E090E375
C:\clean_rebuild\logs\trace\SNS_Snapshots\SNS_24_SNAPSHOT_20250518_193739\modules\installation_report.py,96E5C7CDFC179C04B386844CF39C0538B0CFE8E1B4176992B22282E4DAF3C5A8
C:\clean_rebuild\logs\trace\SNS_Snapshots\SNS_24_SNAPSHOT_20250518_193739\modules\installed.py,DB11FE28A33690D666F9A50505A145B9B119DFC4FE8F19EA5A84D7322BA5A458
C:\clean_rebuild\logs\trace\SNS_Snapshots\SNS_24_SNAPSHOT_20250518_193739\modules\integer.py,740D2C34BC05CB4A8BB874BC5FF19DE9598ECEE42249721DE98EA46517774ABD
C:\clean_rebuild\logs\trace\SNS_Snapshots\SNS_24_SNAPSHOT_20250518_193739\modules\interaction.py,B8FFA0E53EDBB642C63B91DDD6E6C0A0174ADA7464A355544047A9A2FF09495D
C:\clean_rebuild\logs\trace\SNS_Snapshots\SNS_24_SNAPSHOT_20250518_193739\modules\interact_DM.py,6F71A9C70B7706D2945FBE6840599102ECAC2105F9CCF905DD058F7D00FAC6C5
C:\clean_rebuild\logs\trace\SNS_Snapshots\SNS_24_SNAPSHOT_20250518_193739\modules\interface.py,A02C7E3C4F0B75F0C28225B6832199D7A4904FF945B145E3EAFB378EF8C524BD
C:\clean_rebuild\logs\trace\SNS_Snapshots\SNS_24_SNAPSHOT_20250518_193739\modules\interpolators.py,AD3995AA7F7182AE786F7CB5452B4B252246BA3ADA3DF7D187E6A9BA2D192B34
C:\clean_rebuild\logs\trace\SNS_Snapshots\SNS_24_SNAPSHOT_20250518_193739\modules\interval.py,B7DEE43E39A3CE727F9FE3DB26A9A1F1BC4D301AE6503ADACB068EF5B0758A4D
C:\clean_rebuild\logs\trace\SNS_Snapshots\SNS_24_SNAPSHOT_20250518_193739\modules\intranges.py,3B455DA71C55A55A487024D6892C07E7059FC7B06E9879A0F695CE232C6DE5EE
C:\clean_rebuild\logs\trace\SNS_Snapshots\SNS_24_SNAPSHOT_20250518_193739\modules\introspect.py,3FBF949B8FBEC061CE58B56EB0D3756E18CCB80D60EA42A6BBE8F1D4619E38F3
C:\clean_rebuild\logs\trace\SNS_Snapshots\SNS_24_SNAPSHOT_20250518_193739\modules\invalid.py,4CB62756320888CF61554342ED265E023E7584AFCCBB256652EBD146C172E5C8
C:\clean_rebuild\logs\trace\SNS_Snapshots\SNS_24_SNAPSHOT_20250518_193739\modules\InvertColors.py,83BC441010ABA67B7984CBED7C0392A1AD901EE2E9FB50A7A91F5EF8D9A24187
C:\clean_rebuild\logs\trace\SNS_Snapshots\SNS_24_SNAPSHOT_20250518_193739\modules\io.py,041F5199E930E44583053A0EB03216F8B7281F819360456EB0697BBFB8230F1E
C:\clean_rebuild\logs\trace\SNS_Snapshots\SNS_24_SNAPSHOT_20250518_193739\modules\IptcImagePlugin.py,D0C7F0F322E4D28AB89A675496F7A9586D885CB09BFAB31A12CB1A39D79072B8
C:\clean_rebuild\logs\trace\SNS_Snapshots\SNS_24_SNAPSHOT_20250518_193739\modules\IptcImagePlugin_9e2aedb5.py,D0C7F0F322E4D28AB89A675496F7A9586D885CB09BFAB31A12CB1A39D79072B8
C:\clean_rebuild\logs\trace\SNS_Snapshots\SNS_24_SNAPSHOT_20250518_193739\modules\ipython.py,6C4DCBB0C8528C32763A5078414DFAE578E74E9A1B22157F9EAE235149CF2549
C:\clean_rebuild\logs\trace\SNS_Snapshots\SNS_24_SNAPSHOT_20250518_193739\modules\irc.py,AD9A9C5ED11A96F327A04E3504AC6067D74DCC2B5DC395205CD4EA93CF8C661E
C:\clean_rebuild\logs\trace\SNS_Snapshots\SNS_24_SNAPSHOT_20250518_193739\modules\iterators.py,164EF80DE27BAFF924D99ECFC55218726905CD68C71821A28F9EE87B51E0FC85
C:\clean_rebuild\logs\trace\SNS_Snapshots\SNS_24_SNAPSHOT_20250518_193739\modules\itertools.py,60B7F498E21EBCEF44DA42A2FB0E41440A688F5C0A5EEF909EFB81D46036A161
C:\clean_rebuild\logs\trace\SNS_Snapshots\SNS_24_SNAPSHOT_20250518_193739\modules\jisfreq.py,EC4BC6DACA3A20CAF41665669348F041727B35988EBDB8DCC8972A0DC3480E7F
C:\clean_rebuild\logs\trace\SNS_Snapshots\SNS_24_SNAPSHOT_20250518_193739\modules\johabfreq.py,41DA6033306F2D701F9AB09CBA32B7182F65E9FCB1C4306C4BDF0D30CED70665
C:\clean_rebuild\logs\trace\SNS_Snapshots\SNS_24_SNAPSHOT_20250518_193739\modules\johabprober.py,B80742F7FE901141D58177DA2FD489E5469D1EC456E7EA0D16F7378AD62A1431
C:\clean_rebuild\logs\trace\SNS_Snapshots\SNS_24_SNAPSHOT_20250518_193739\modules\jpcntx.py,94803286B94C8DFD72700668EA1B5A24CEF06092CE6F2E084832B6E575DE93F1
C:\clean_rebuild\logs\trace\SNS_Snapshots\SNS_24_SNAPSHOT_20250518_193739\modules\Jpeg2KImagePlugin.py,EFF07C2F7F329D5D1D812ED77D041DB7B3294AC78F50E4439BBB01902EC15C81
C:\clean_rebuild\logs\trace\SNS_Snapshots\SNS_24_SNAPSHOT_20250518_193739\modules\JpegImagePlugin.py,076120E371F44271936C9C8A6B6CE6B86EF5F045616A71E0F0ED443F122B0C8B
C:\clean_rebuild\logs\trace\SNS_Snapshots\SNS_24_SNAPSHOT_20250518_193739\modules\JpegPresets.py,D17A11708754FD4D6CCDFC5F404B7F6206AB99D07520D7D3A5B12009A9C16E7B
C:\clean_rebuild\logs\trace\SNS_Snapshots\SNS_24_SNAPSHOT_20250518_193739\modules\json_custom.py,FB8924CC7053A9F10AD8C2F6071A10E6A9F9D0BB8DA5EF1D9EDD516DC67F711D
C:\clean_rebuild\logs\trace\SNS_Snapshots\SNS_24_SNAPSHOT_20250518_193739\modules\junitxml.py,BDE14E407AB4D3167A1C8765B42D0E808E208B477B0BC939BF41739EF796E7A9
C:\clean_rebuild\logs\trace\SNS_Snapshots\SNS_24_SNAPSHOT_20250518_193739\modules\jupyter.py,E585240D31FA9C8D9DC756F041CCD9EEEE526E11D4FF00C7CF1EF6317A42BF72
C:\clean_rebuild\logs\trace\SNS_Snapshots\SNS_24_SNAPSHOT_20250518_193739\modules\KangarooTwelve.py,FD2BAE8CB35C08AF8F97B14969C4B6202DCF1D8F21D353BC78C58819BD7A710A
C:\clean_rebuild\logs\trace\SNS_Snapshots\SNS_24_SNAPSHOT_20250518_193739\modules\KDF.py,0A28710906E2B1BD88BDD69CB2142CECA47213EFBA0FBAA46B653A18B8ED2291
C:\clean_rebuild\logs\trace\SNS_Snapshots\SNS_24_SNAPSHOT_20250518_193739\modules\KDF_b5db61cb.py,6F69EE8970553C0CCA10AD83654275664A05B0A4E595B28951D23364B726B3C8
C:\clean_rebuild\logs\trace\SNS_Snapshots\SNS_24_SNAPSHOT_20250518_193739\modules\keccak.py,7466AA94104C7D36949667DA13E1CC759BFDD7EA744A8958421CE2FA3D6BFF1D
C:\clean_rebuild\logs\trace\SNS_Snapshots\SNS_24_SNAPSHOT_20250518_193739\modules\keras.py,7B33E061CA9561D4FFE6BA4B5A54C20ED26D57334F2086F11EE010C3A468BC24
C:\clean_rebuild\logs\trace\SNS_Snapshots\SNS_24_SNAPSHOT_20250518_193739\modules\key.py,A0DA498269113E0CC75ABB013791339C632AF752CBCEFE339A56B36FDBE2C9E2
C:\clean_rebuild\logs\trace\SNS_Snapshots\SNS_24_SNAPSHOT_20250518_193739\modules\keys.py,4071B25586F4EDA1408CC3500A347F15EDE3A975FB1250580F9B5CB4C04B20BA
C:\clean_rebuild\logs\trace\SNS_Snapshots\SNS_24_SNAPSHOT_20250518_193739\modules\key_actions.py,A669FAFCEF1D90B1802AE68CC3D92AA168B62B8985AEB388343F70844CA9B92F
C:\clean_rebuild\logs\trace\SNS_Snapshots\SNS_24_SNAPSHOT_20250518_193739\modules\key_input.py,D7A3B2AE0D83824BF4A89C907067E3546CBF34090CF71EA05EB4896AC4688C67
C:\clean_rebuild\logs\trace\SNS_Snapshots\SNS_24_SNAPSHOT_20250518_193739\modules\KMAC128.py,A8009CFFB2575FD11C4E6A920694AE81AB99357E986FC496FAB69CDA5C793DED
C:\clean_rebuild\logs\trace\SNS_Snapshots\SNS_24_SNAPSHOT_20250518_193739\modules\KMAC256.py,5DF6B48163BBBEA77D5B624E1E07B95F25390DB1430D45AD5CAB902E477A64A4
C:\clean_rebuild\logs\trace\SNS_Snapshots\SNS_24_SNAPSHOT_20250518_193739\modules\kqueue.py,FE3D84149DB835AF3DE3618D822616655C3E9B300713B86DA741A8BD6B582465
C:\clean_rebuild\logs\trace\SNS_Snapshots\SNS_24_SNAPSHOT_20250518_193739\modules\labels.py,7BD80F5530355CD61A949315557EE55EF6F9D8ABAB73851D9D71490CF7015C51
C:\clean_rebuild\logs\trace\SNS_Snapshots\SNS_24_SNAPSHOT_20250518_193739\modules\laguerre.py,E0902DE4D982FA7F0426CE4B28F4EED9189A9D0A2702DC66BE808047BD954CA7
C:\clean_rebuild\logs\trace\SNS_Snapshots\SNS_24_SNAPSHOT_20250518_193739\modules\langbulgarianmodel.py,185D90F1BB7329BD343FEFB3A761CFF3D7405C3648235D42AB10B640E2BCE756
C:\clean_rebuild\logs\trace\SNS_Snapshots\SNS_24_SNAPSHOT_20250518_193739\modules\langgreekmodel.py,1E47DDDEBCCB682B3971DD44825275429764FBF4FE99FE729BD4EB5576C36CAD
C:\clean_rebuild\logs\trace\SNS_Snapshots\SNS_24_SNAPSHOT_20250518_193739\modules\langhebrewmodel.py,BDA16C6712826EEE7B27121A0A36FDBF7FC875B8EDC8E76845A41B5E99A62776
C:\clean_rebuild\logs\trace\SNS_Snapshots\SNS_24_SNAPSHOT_20250518_193739\modules\langhungarianmodel.py,107B4A3342A5B1A273DEDDBDDD03F68A18ED3654F0130EE4B9D148724C412DC5
C:\clean_rebuild\logs\trace\SNS_Snapshots\SNS_24_SNAPSHOT_20250518_193739\modules\langrussianmodel.py,51B7E949A4966850921869A97C7762BE217E1580DEF8068F8A3A82E0B01730A3
C:\clean_rebuild\logs\trace\SNS_Snapshots\SNS_24_SNAPSHOT_20250518_193739\modules\langthaimodel.py,6D33DD076A31DA513293B6AD224B79A15751ACFFFF8F160A21FAD3F9FDCCF130
C:\clean_rebuild\logs\trace\SNS_Snapshots\SNS_24_SNAPSHOT_20250518_193739\modules\langthaimodel_f91a92db.py,6D33DD076A31DA513293B6AD224B79A15751ACFFFF8F160A21FAD3F9FDCCF130
C:\clean_rebuild\logs\trace\SNS_Snapshots\SNS_24_SNAPSHOT_20250518_193739\modules\langturkishmodel.py,374A7142C71903E844D12DAC33C0CAEBE62D1FD9A4F199D188A309AD42C21AFB
C:\clean_rebuild\logs\trace\SNS_Snapshots\SNS_24_SNAPSHOT_20250518_193739\modules\languages.py,D918E416D3C25B8D1EBC5145407D798B8E6A4C239916D3C7F6B4132469B601EF
C:\clean_rebuild\logs\trace\SNS_Snapshots\SNS_24_SNAPSHOT_20250518_193739\modules\latex.py,1E5FC84E64C0065B6B3A712939B0364B4C7ED3975B219BD55222D1192ED785C3
C:\clean_rebuild\logs\trace\SNS_Snapshots\SNS_24_SNAPSHOT_20250518_193739\modules\latin1prober.py,2B0EF7EECF7D4C8927A2BEB57D94DC417CB8B3153904199A0BC5BDBD0436EDA9
C:\clean_rebuild\logs\trace\SNS_Snapshots\SNS_24_SNAPSHOT_20250518_193739\modules\layer_tree.py,840B66CEF6A5166A502C3C0ECACEF0DDEEEC8A4D206BCCB49264A8A73EAC163E
C:\clean_rebuild\logs\trace\SNS_Snapshots\SNS_24_SNAPSHOT_20250518_193739\modules\layer_tree_2abdbf23.py,840B66CEF6A5166A502C3C0ECACEF0DDEEEC8A4D206BCCB49264A8A73EAC163E
C:\clean_rebuild\logs\trace\SNS_Snapshots\SNS_24_SNAPSHOT_20250518_193739\modules\layout.py,E0890CC712C6DF10321B2734358BF4FB3E0CB983A0A7412C513409743BF735DB
C:\clean_rebuild\logs\trace\SNS_Snapshots\SNS_24_SNAPSHOT_20250518_193739\modules\lazy.py,F7750569EA81E9C300254B8AD672A4F3E4C71C9839C511DDBE5E41667BC22822
C:\clean_rebuild\logs\trace\SNS_Snapshots\SNS_24_SNAPSHOT_20250518_193739\modules\lazy_wheel.py,C1E61F98EFFF0C08DFA29E60968F56006430530EA7464C6CDC83B7CB05E691E9
C:\clean_rebuild\logs\trace\SNS_Snapshots\SNS_24_SNAPSHOT_20250518_193739\modules\legacy.py,5EA1E27A64B92F86C64C344E040EA3643C151A8F603813AADE55CC00A9CA113C
C:\clean_rebuild\logs\trace\SNS_Snapshots\SNS_24_SNAPSHOT_20250518_193739\modules\legacypath.py,62AC480DFFF69E3E3EE5EFD608821F579B686301D544D01F42CC7597B64EBEA1
C:\clean_rebuild\logs\trace\SNS_Snapshots\SNS_24_SNAPSHOT_20250518_193739\modules\legacy_plugin_wrapper.py,8851BB4592CE9A410B3AEFB9F56E2FD90D3EF04502C0544B76950BA2EBA426B6
C:\clean_rebuild\logs\trace\SNS_Snapshots\SNS_24_SNAPSHOT_20250518_193739\modules\legendre.py,2066270C8BCECF313368EE52E3446209AAB9D9A974E719055408AB796A7B3565
C:\clean_rebuild\logs\trace\SNS_Snapshots\SNS_24_SNAPSHOT_20250518_193739\modules\lexer.py,6F98294827028DA48BBCB577F274628561BE9982CD3F3B700B903335CA19D928
C:\clean_rebuild\logs\trace\SNS_Snapshots\SNS_24_SNAPSHOT_20250518_193739\modules\lib_user_array.py,2BAF5F83D748E416A0973A62261D77B30187BB2C772C15BFCE6CC104E075696C
C:\clean_rebuild\logs\trace\SNS_Snapshots\SNS_24_SNAPSHOT_20250518_193739\modules\lib_utils.py,5C4734BFB6F0112F82E43E069122504924D2025E6783BB6AEAD0968F78F16C23
C:\clean_rebuild\logs\trace\SNS_Snapshots\SNS_24_SNAPSHOT_20250518_193739\modules\lib_utils_d00029fb.py,5C4734BFB6F0112F82E43E069122504924D2025E6783BB6AEAD0968F78F16C23
C:\clean_rebuild\logs\trace\SNS_Snapshots\SNS_24_SNAPSHOT_20250518_193739\modules\lib_version.py,4E52D92BCB1E902326FFF596A36D8565F65CE34CE973310D7FACBF4CD8C1A42C
C:\clean_rebuild\logs\trace\SNS_Snapshots\SNS_24_SNAPSHOT_20250518_193739\modules\like_and_follow_last_user_media_likers.py,4DBBA4B771F0A5438874530408FFB8F7B38A1CB4F9284176C81E26E632D5A82F
C:\clean_rebuild\logs\trace\SNS_Snapshots\SNS_24_SNAPSHOT_20250518_193739\modules\like_and_follow_media_likers.py,6EA40042153463E1A77144CBB3284D67095A5695074518F30570EA3257D1BD00
C:\clean_rebuild\logs\trace\SNS_Snapshots\SNS_24_SNAPSHOT_20250518_193739\modules\like_and_follow_your_last_media_likers.py,D4260B87D94A072ABBDEE2C5628655ABC4D7B92859686F2089B1DDA1533763D2
C:\clean_rebuild\logs\trace\SNS_Snapshots\SNS_24_SNAPSHOT_20250518_193739\modules\like_example.py,E05248349D16F0AE8E54E448E3055205311F7BC460BAE7E8003AAD6421A620DA
C:\clean_rebuild\logs\trace\SNS_Snapshots\SNS_24_SNAPSHOT_20250518_193739\modules\like_hashtags.py,E6E9ABC627AB3836DBC1A456EA040176C1EF25F3E7224DE0BEB69F0553925510
C:\clean_rebuild\logs\trace\SNS_Snapshots\SNS_24_SNAPSHOT_20250518_193739\modules\like_hashtags_from_file.py,54A1C2E45F75E427E2CD6D69B950B8B98078291348249C0FF81F9CD8EB5D9C36
C:\clean_rebuild\logs\trace\SNS_Snapshots\SNS_24_SNAPSHOT_20250518_193739\modules\like_location_feed.py,14236F6FED66CF1BF214862D80F1E55861CB77A62F96CE8CF46FDBB9A7F2F40C
C:\clean_rebuild\logs\trace\SNS_Snapshots\SNS_24_SNAPSHOT_20250518_193739\modules\like_medias_by_location.py,F532D8DFD356E833BB32921E522A8C927CB5F89E5B546F96C574671F2F48D630
C:\clean_rebuild\logs\trace\SNS_Snapshots\SNS_24_SNAPSHOT_20250518_193739\modules\like_timeline_feed.py,BF4D2A05C4A7D51FCB64DD5DB687BAF090A9C71BCA53B9D399226F276E317F7A
C:\clean_rebuild\logs\trace\SNS_Snapshots\SNS_24_SNAPSHOT_20250518_193739\modules\like_users.py,29A05F10C6E8560AEAFA43822AA7F2F197BD6314730F8F95655E10502D850305
C:\clean_rebuild\logs\trace\SNS_Snapshots\SNS_24_SNAPSHOT_20250518_193739\modules\like_users_from_file.py,FA47FA400E23BC74A4EDAC733F805FE5B0D62BE0D2A2398C05252BFA18440217
C:\clean_rebuild\logs\trace\SNS_Snapshots\SNS_24_SNAPSHOT_20250518_193739\modules\like_user_followers.py,8CAAE4DF179CD3A5F967FF07408EE9E7D5F35968C5B5000F9C7915C207C422BC
C:\clean_rebuild\logs\trace\SNS_Snapshots\SNS_24_SNAPSHOT_20250518_193739\modules\like_user_following.py,3ACB2B4B3BBE43B9A0CE9EFC71B89FBDCF22F17620F505881B74C809D4202D44
C:\clean_rebuild\logs\trace\SNS_Snapshots\SNS_24_SNAPSHOT_20250518_193739\modules\like_your_last_media_likers.py,7625B225BB2D8DFB19427DA63EF34EA9D3F0775C7EE438D1860A274ED570D82D
C:\clean_rebuild\logs\trace\SNS_Snapshots\SNS_24_SNAPSHOT_20250518_193739\modules\linalg.py,D420BD8DCFAEEB519E3C2E40BA27838B2332AD5BE02C3F1925B4CFBCB7CA8C77
C:\clean_rebuild\logs\trace\SNS_Snapshots\SNS_24_SNAPSHOT_20250518_193739\modules\link.py,33F7D1EDC5CE531904497E0EB52DA23772E70B0C5E259C4C3845172F59D85E05
C:\clean_rebuild\logs\trace\SNS_Snapshots\SNS_24_SNAPSHOT_20250518_193739\modules\list.py,176B11CDD8A9D9E75B7BB0CE7F68A99B05012759F8176393416813E14533A10C
C:\clean_rebuild\logs\trace\SNS_Snapshots\SNS_24_SNAPSHOT_20250518_193739\modules\literal.py,B1601A4320679B78C8119ADDA967B9F14DAC0B3784EE6512946F2D588710CD17
C:\clean_rebuild\logs\trace\SNS_Snapshots\SNS_24_SNAPSHOT_20250518_193739\modules\live.py,9859F5C7240AD3E31732C679B00D41F423C3F110B2E2D0DDB2E3CC8F4367CD97
C:\clean_rebuild\logs\trace\SNS_Snapshots\SNS_24_SNAPSHOT_20250518_193739\modules\live_render.py,AE3DC5A396E7BF5E9565379BFD19B9FD689E08228ADA2A9CDDED3818EF47A511
C:\clean_rebuild\logs\trace\SNS_Snapshots\SNS_24_SNAPSHOT_20250518_193739\modules\loader.py,25C4B3C2E798B14F6E4EE21D1F57493E8221F63D44967E7367288CD63C262B8F
C:\clean_rebuild\logs\trace\SNS_Snapshots\SNS_24_SNAPSHOT_20250518_193739\modules\localization.py,4642058075673FF5A6A6BDA39EE2F67670CA932657F6986D05E24C168794C4FE
C:\clean_rebuild\logs\trace\SNS_Snapshots\SNS_24_SNAPSHOT_20250518_193739\modules\locators.py,A03D9A1A5C939A63703D4274DC4DD2D3AF30870FAF60C6560570A970088AA4F9
C:\clean_rebuild\logs\trace\SNS_Snapshots\SNS_24_SNAPSHOT_20250518_193739\modules\locator_converter.py,1151C750F95BBE040375A12A8CA6CAFEAD899F4EF5EADAEA57CCB5E8443BFC81
C:\clean_rebuild\logs\trace\SNS_Snapshots\SNS_24_SNAPSHOT_20250518_193739\modules\logger_config.py,791B742D5532A01DAD7FFB4CC3BE439010F53B13B2A819907DA61CE473E85A54
C:\clean_rebuild\logs\trace\SNS_Snapshots\SNS_24_SNAPSHOT_20250518_193739\modules\logger_setup.py,2C7D4CB16E2FB25ABA6F5C501EC78D7924AE3ECF3FD37F3999C0430660AF6B8E
C:\clean_rebuild\logs\trace\SNS_Snapshots\SNS_24_SNAPSHOT_20250518_193739\modules\logging_setup.py,82FF9411E54FD909ED4F1BC2C2CB90B85E20C08644F270089DF702704D2B3B36
C:\clean_rebuild\logs\trace\SNS_Snapshots\SNS_24_SNAPSHOT_20250518_193739\modules\login_and_permissions.py,F1C378F3EFCA3EBD3ED71BE6DBE684AC5FB1B3059808AA63DBFC2594D7DD0ABC
C:\clean_rebuild\logs\trace\SNS_Snapshots\SNS_24_SNAPSHOT_20250518_193739\modules\login_and_permission_dashboard.py,50458807CA611E77433B6176D4842AE6075185CB2CB3F62F81ED8E24E326E936
C:\clean_rebuild\logs\trace\SNS_Snapshots\SNS_24_SNAPSHOT_20250518_193739\modules\login_system.py,BE3D5CFA1B912BEE0B58DB92762BC12C4BD5E93BBD1A208D3EBEC7342CA71CEB
C:\clean_rebuild\logs\trace\SNS_Snapshots\SNS_24_SNAPSHOT_20250518_193739\modules\login_system_dashboard.py,92B1A97603D5BD7324B033EC94CB5947E79F0021353F173F4CF0BA340064820B
C:\clean_rebuild\logs\trace\SNS_Snapshots\SNS_24_SNAPSHOT_20250518_193739\modules\log_dashboard.py,B9DF3B8E6B314F5ADB728603536D7D4A7CB6023A7F26861AFCAAC5A4FCF2705A
C:\clean_rebuild\logs\trace\SNS_Snapshots\SNS_24_SNAPSHOT_20250518_193739\modules\log_table_row_counts.py,62AEA3018B777422F1BBE4D2EB5C6A39590365432C60299A3537DDD0DDFF332C
C:\clean_rebuild\logs\trace\SNS_Snapshots\SNS_24_SNAPSHOT_20250518_193739\modules\Loop.py,A456EACC347FB5AF53F249812F454879B70349C00C4D1032BF8C5F1F93A25BA8
C:\clean_rebuild\logs\trace\SNS_Snapshots\SNS_24_SNAPSHOT_20250518_193739\modules\lowlevel.py,5017A784A80C17779CC46125060D467C12D821D722331EDD9382C7C323E58F40
C:\clean_rebuild\logs\trace\SNS_Snapshots\SNS_24_SNAPSHOT_20250518_193739\modules\lowlevel_e3dbf284.py,5017A784A80C17779CC46125060D467C12D821D722331EDD9382C7C323E58F40
C:\clean_rebuild\logs\trace\SNS_Snapshots\SNS_24_SNAPSHOT_20250518_193739\modules\low_level.py,D1F36934975D4084601AECBEF6FB1730C9EE02F880B007A02F2437369D167F2F
C:\clean_rebuild\logs\trace\SNS_Snapshots\SNS_24_SNAPSHOT_20250518_193739\modules\LumContrast.py,5C05C71709C2B0CE1EBF96B69D6C8A00ED26F36AFE4822CB87C01A9DC39A3BF6
C:\clean_rebuild\logs\trace\SNS_Snapshots\SNS_24_SNAPSHOT_20250518_193739\modules\lytro.py,04175DC0ADB1A1FE018374BD57DDBA3CE0B76FEA4A9DBA1ADCE3AFBA758DE4ED
C:\clean_rebuild\logs\trace\SNS_Snapshots\SNS_24_SNAPSHOT_20250518_193739\modules\ma.py,2DF2B82D70962CB2B9AB473531EF124D66E11A3F5BFF8E8B62F6705C6A5A1234
C:\clean_rebuild\logs\trace\SNS_Snapshots\SNS_24_SNAPSHOT_20250518_193739\modules\macos.py,06BA349FB0FD643B6B82FC3659688B5E4A61CB5C734AB65B539D21FC7712BD8A
C:\clean_rebuild\logs\trace\SNS_Snapshots\SNS_24_SNAPSHOT_20250518_193739\modules\macromanprober.py,BCB1172E1A9B2CEE530C648731C515EC28B6450BB015C095898149C79861D713
C:\clean_rebuild\logs\trace\SNS_Snapshots\SNS_24_SNAPSHOT_20250518_193739\modules\main.py,7E6A751FCBE9FDD97390DBBF29831F1B400CDB2AB8B36C20E52AAD132FAD085F
C:\clean_rebuild\logs\trace\SNS_Snapshots\SNS_24_SNAPSHOT_20250518_193739\modules\main_4d09a3db.py,CBBFBFC2310B2B2175D26E9C6B618A796001C141F425818C361EDB8EA14B81A1
C:\clean_rebuild\logs\trace\SNS_Snapshots\SNS_24_SNAPSHOT_20250518_193739\modules\main_parser.py,292AF4F63A19F880BEE6A8FFE552FCF96F60FC68DB1FA53B77E3EF85E4F13D98
C:\clean_rebuild\logs\trace\SNS_Snapshots\SNS_24_SNAPSHOT_20250518_193739\modules\makefile.py,0D112642319CB362E8547FD0DE1AE08029614CD75C239637189825B2E8A18C03
C:\clean_rebuild\logs\trace\SNS_Snapshots\SNS_24_SNAPSHOT_20250518_193739\modules\MakeLoopable.py,5C2B6C993D14434CC21842718BC6E752A824EF024330A0C67AFF4E742D6E8CF3
C:\clean_rebuild\logs\trace\SNS_Snapshots\SNS_24_SNAPSHOT_20250518_193739\modules\managers.py,C631AB1F4D8C9CBB4C977F7730361851A06F1DFC4DE48381813EF97681FED5A5
C:\clean_rebuild\logs\trace\SNS_Snapshots\SNS_24_SNAPSHOT_20250518_193739\modules\manifest.py,B6906478B49A1B66665FFA965788D202BC73C2D2E39B219BD114C1C46EB0A8BD
C:\clean_rebuild\logs\trace\SNS_Snapshots\SNS_24_SNAPSHOT_20250518_193739\modules\Margin.py,116AB81293A6F31E49E08D4BAA9797E55DBC5A0B8D3765C5CA2EAD4A4C403BB7
C:\clean_rebuild\logs\trace\SNS_Snapshots\SNS_24_SNAPSHOT_20250518_193739\modules\markers.py,0099345E7C7806B2BE0FF8F0B844C38C0B64C5837E8514F6216E4ED0F1C7ACDA
C:\clean_rebuild\logs\trace\SNS_Snapshots\SNS_24_SNAPSHOT_20250518_193739\modules\markup.py,6146530B4A1E236D0D4339C83B5C6683934341AD5060C1713A05357DC0A99D1C
C:\clean_rebuild\logs\trace\SNS_Snapshots\SNS_24_SNAPSHOT_20250518_193739\modules\MaskColor.py,58FFA500E4D53DA27EDA81D9BF17BBFBA7471EB0F3B938B5FF4797362FB341F6
C:\clean_rebuild\logs\trace\SNS_Snapshots\SNS_24_SNAPSHOT_20250518_193739\modules\masked.py,0C895F62950D1BD05C2596B953DE5C8DF7D26E7D133103B2F7602FD57564742F
C:\clean_rebuild\logs\trace\SNS_Snapshots\SNS_24_SNAPSHOT_20250518_193739\modules\masked_accumulations.py,8461C74305C9F35336832FBE9FB0EB3FA20685A9F6B29B2522E38A516A990B01
C:\clean_rebuild\logs\trace\SNS_Snapshots\SNS_24_SNAPSHOT_20250518_193739\modules\masked_reductions.py,99D8D9CE2222B79F88E6A548F55BB317712D5F3C22B7F9401A9FDCDEE6509BF9
C:\clean_rebuild\logs\trace\SNS_Snapshots\SNS_24_SNAPSHOT_20250518_193739\modules\masked_shared.py,F5E9D02B2EAC5D0389C26FC1ED9415DEAA974597CF3FA6FC9970B554A4042D04
C:\clean_rebuild\logs\trace\SNS_Snapshots\SNS_24_SNAPSHOT_20250518_193739\modules\MasksAnd.py,CF048D184CDB2D7A1E2F0B755665495670B2CA9997547DF28C20C411C4861344
C:\clean_rebuild\logs\trace\SNS_Snapshots\SNS_24_SNAPSHOT_20250518_193739\modules\MasksOr.py,9F22788D70260C12609F4EC5E1C115B57F86E20FF4EF9C5EB55D4EA229C7058A
C:\clean_rebuild\logs\trace\SNS_Snapshots\SNS_24_SNAPSHOT_20250518_193739\modules\mask_ops.py,3CDBD1BCA20740CD69040CEBA922EA3796FFF0D2773953A8708DE23D31BCFFCA
C:\clean_rebuild\logs\trace\SNS_Snapshots\SNS_24_SNAPSHOT_20250518_193739\modules\matchers.py,D49A3103A3FACA8B279EE5984762304C96AD0A25A1EB622BC6DEA29F588BD2A0
C:\clean_rebuild\logs\trace\SNS_Snapshots\SNS_24_SNAPSHOT_20250518_193739\modules\matlib.py,0C9B1AC8E0C16DDD27E8C9A1C4F9A088BDBC00BC8B810747B50E411CA8206392
C:\clean_rebuild\logs\trace\SNS_Snapshots\SNS_24_SNAPSHOT_20250518_193739\modules\mbcharsetprober.py,3D847A5E3175C54515A1D88019CE10346754AC0914177526A1215AFAB05FF760
C:\clean_rebuild\logs\trace\SNS_Snapshots\SNS_24_SNAPSHOT_20250518_193739\modules\mbcsgroupprober.py,0D9C90FEB806DBC6C30F198D3B9A92650FAECA922A01AB822F8972655120C387
C:\clean_rebuild\logs\trace\SNS_Snapshots\SNS_24_SNAPSHOT_20250518_193739\modules\mbcssm.py,A5159F83DBD2C310FA51CB51E7D1348A2F5B5B165DEA25029C32C6BAAFC7324D
C:\clean_rebuild\logs\trace\SNS_Snapshots\SNS_24_SNAPSHOT_20250518_193739\modules\McIdasImagePlugin.py,F6DC68D12D37D9FDC3BB02FBC9BF487388254ED143CBE678F064332A275947CE
C:\clean_rebuild\logs\trace\SNS_Snapshots\SNS_24_SNAPSHOT_20250518_193739\modules\McIdasImagePlugin_0dba5bb4.py,F6DC68D12D37D9FDC3BB02FBC9BF487388254ED143CBE678F064332A275947CE
C:\clean_rebuild\logs\trace\SNS_Snapshots\SNS_24_SNAPSHOT_20250518_193739\modules\md.py,C47446F33E170E14CD27B5B2EE6B79727A7382BE4218E72CA0C6638BB6D05A67
C:\clean_rebuild\logs\trace\SNS_Snapshots\SNS_24_SNAPSHOT_20250518_193739\modules\MD2.py,0711D7FA50CA66320B310F2BBCB6A4B46E89170FDC04D72CFA561FF84387C999
C:\clean_rebuild\logs\trace\SNS_Snapshots\SNS_24_SNAPSHOT_20250518_193739\modules\MD4.py,8C1911588227861341B4815283A61EF210906EB7FF8919839B32A7DF13DA91D7
C:\clean_rebuild\logs\trace\SNS_Snapshots\SNS_24_SNAPSHOT_20250518_193739\modules\MD5.py,378A219F062F260CAC004D6F47EFA5D178214A3E6611F7CC95108A292424C3FB
C:\clean_rebuild\logs\trace\SNS_Snapshots\SNS_24_SNAPSHOT_20250518_193739\modules\mean_.py,434D61522B23B931F9B5EB785C163508740C8DFEC2C5DACBAC323976401D7608
C:\clean_rebuild\logs\trace\SNS_Snapshots\SNS_24_SNAPSHOT_20250518_193739\modules\measure.py,A7E6C556B1EFCA4E80B855405F05DCCD6E3DA5DE4D2F8CDB27D0D11AD37A666A
C:\clean_rebuild\logs\trace\SNS_Snapshots\SNS_24_SNAPSHOT_20250518_193739\modules\media.py,B715098C4E7F80B55C12C6011634CD00D707F7382B1EED81C891DC5C41D355CD
C:\clean_rebuild\logs\trace\SNS_Snapshots\SNS_24_SNAPSHOT_20250518_193739\modules\melt.py,A8EF641CB9C6A54016A162391B77BE6A9B9CAF9051A5F3CAC28A2BCBA5C69906
C:\clean_rebuild\logs\trace\SNS_Snapshots\SNS_24_SNAPSHOT_20250518_193739\modules\memmap.py,F96BE0A0EEBC3DE8306D8473646CFF2D8478205E712BE4F5A998B1AEBE3DE7D6
C:\clean_rebuild\logs\trace\SNS_Snapshots\SNS_24_SNAPSHOT_20250518_193739\modules\memmap_dbdcc403.py,F96BE0A0EEBC3DE8306D8473646CFF2D8478205E712BE4F5A998B1AEBE3DE7D6
C:\clean_rebuild\logs\trace\SNS_Snapshots\SNS_24_SNAPSHOT_20250518_193739\modules\memory.py,6062786AD07877593AF911DF60A9995015A10904DE177BEE42D7C7BBE23FC37B
C:\clean_rebuild\logs\trace\SNS_Snapshots\SNS_24_SNAPSHOT_20250518_193739\modules\mercurial.py,9021CC6D8C5726A95351E42FCB85A71E27D6E17CAFDDEC718B9733101811967E
C:\clean_rebuild\logs\trace\SNS_Snapshots\SNS_24_SNAPSHOT_20250518_193739\modules\merge.py,B7FA4991D8A9BD8A188573AA034873555AE210A3DBED2F12BE7D7A636F7F56FD
C:\clean_rebuild\logs\trace\SNS_Snapshots\SNS_24_SNAPSHOT_20250518_193739\modules\message.py,374A7EE615C986CCCCF868B423B46E75752E1CABEE19F4D74F1C4913E575F2C2
C:\clean_rebuild\logs\trace\SNS_Snapshots\SNS_24_SNAPSHOT_20250518_193739\modules\messagebox.py,EF1AB0626F645CB4100DB17DB14313013893EE38374E4D5E38370172D1710F1F
C:\clean_rebuild\logs\trace\SNS_Snapshots\SNS_24_SNAPSHOT_20250518_193739\modules\message_users.py,6B80F2734F43DB0A7E735204127132B28149CEB821B1609FDA8D197435F096BF
C:\clean_rebuild\logs\trace\SNS_Snapshots\SNS_24_SNAPSHOT_20250518_193739\modules\message_users_3a6a25db.py,6B80F2734F43DB0A7E735204127132B28149CEB821B1609FDA8D197435F096BF
C:\clean_rebuild\logs\trace\SNS_Snapshots\SNS_24_SNAPSHOT_20250518_193739\modules\metadata.py,C6537C9751E4888B05895595289B5958A4C60193F815939C14EAFC32978092B6
C:\clean_rebuild\logs\trace\SNS_Snapshots\SNS_24_SNAPSHOT_20250518_193739\modules\metadata_13f8edb2.py,41CB9874E0621096B0502295E3073B5B7BC63772B3C85A7936A84181CBD3470C
C:\clean_rebuild\logs\trace\SNS_Snapshots\SNS_24_SNAPSHOT_20250518_193739\modules\metadata_editable.py,E3432B97DB1233016C169258F86AE74E90C4A0E7D2BC49A632B161A66D092A2E
C:\clean_rebuild\logs\trace\SNS_Snapshots\SNS_24_SNAPSHOT_20250518_193739\modules\metadata_legacy.py,29D523F37DBCF85D78384660EE220DA225CBD50FD5D37E45980ADCA5BED1BAC2
C:\clean_rebuild\logs\trace\SNS_Snapshots\SNS_24_SNAPSHOT_20250518_193739\modules\meta_log_manual_insert.py,7D7A95213A92249E5DDF3A7089253C845AA4009DFD2A4E8FD71C72A6E619DF63
C:\clean_rebuild\logs\trace\SNS_Snapshots\SNS_24_SNAPSHOT_20250518_193739\modules\methods.py,9A5AC7925E55E1E6B55BBD05E9BFB63A480043D2E7C7F08B05622C0485F3C076
C:\clean_rebuild\logs\trace\SNS_Snapshots\SNS_24_SNAPSHOT_20250518_193739\modules\methods_ea715db2.py,9A5AC7925E55E1E6B55BBD05E9BFB63A480043D2E7C7F08B05622C0485F3C076
C:\clean_rebuild\logs\trace\SNS_Snapshots\SNS_24_SNAPSHOT_20250518_193739\modules\MicImagePlugin.py,980E6442D84ABD32E5993BF84BFAC77A2CBCEC9D39443E760195DFE07B83C7B7
C:\clean_rebuild\logs\trace\SNS_Snapshots\SNS_24_SNAPSHOT_20250518_193739\modules\min_max_.py,4BC9A52CC2AF70B6906D4FEC2A55692DFEF8C0D9B7111B9B63273DEF05CC0642
C:\clean_rebuild\logs\trace\SNS_Snapshots\SNS_24_SNAPSHOT_20250518_193739\modules\MirrorX.py,1BFB2D2E0D86A4A4213AD6D0FD19B85E8A5A5E4932F93EA253CD0394DEFC9A4B
C:\clean_rebuild\logs\trace\SNS_Snapshots\SNS_24_SNAPSHOT_20250518_193739\modules\MirrorY.py,834E7E6AD9C16353BDD5F78E41E8758C0B1F94D799CE5B12D4667DF8477DA2C9
C:\clean_rebuild\logs\trace\SNS_Snapshots\SNS_24_SNAPSHOT_20250518_193739\modules\misc.py,D7C964A1063ABECEC7F7379C8BAEA5A5DBCCB81A1D66D19D68192A8B17204490
C:\clean_rebuild\logs\trace\SNS_Snapshots\SNS_24_SNAPSHOT_20250518_193739\modules\missing.py,7348F3EDCD022C5ACC7F12BCC7924D10B441BD007DB62F506EFF954DA9EA29E7
C:\clean_rebuild\logs\trace\SNS_Snapshots\SNS_24_SNAPSHOT_20250518_193739\modules\mixins.py,17DF90DE2A854772EC40C33CFA64A094F50081E32898BD0FFC20F06B463B9C0C
C:\clean_rebuild\logs\trace\SNS_Snapshots\SNS_24_SNAPSHOT_20250518_193739\modules\mklabels.py,B728680C373E4C2EA48C9636E509F94E5B3232CDBF2323DFFEB7E1E0BEA74AB8
C:\clean_rebuild\logs\trace\SNS_Snapshots\SNS_24_SNAPSHOT_20250518_193739\modules\mobile.py,490A75954890E2A5C6296E43DAB27F8A1F672110EEB229AD5BD52DC3A0C67767
C:\clean_rebuild\logs\trace\SNS_Snapshots\SNS_24_SNAPSHOT_20250518_193739\modules\mock.py,35FE02FFC283383059E2F4F418FFAA3719ED574341BA0C61752FA6113D8E571F
C:\clean_rebuild\logs\trace\SNS_Snapshots\SNS_24_SNAPSHOT_20250518_193739\modules\mod.py,2F5A8BC2376B468F53C7B9B15A97FFBA074A754A6B0D884F45B0AF41DE508D76
C:\clean_rebuild\logs\trace\SNS_Snapshots\SNS_24_SNAPSHOT_20250518_193739\modules\modeline.py,B7F94C2321C6E973360F3CADBD7840C561DA6F0C87FFDB3F4153B869131B2697
C:\clean_rebuild\logs\trace\SNS_Snapshots\SNS_24_SNAPSHOT_20250518_193739\modules\models.py,651D8F13E7EA7FA7404997EA744E548649ABD28D4C72249D5CE8EE36AC249AF8
C:\clean_rebuild\logs\trace\SNS_Snapshots\SNS_24_SNAPSHOT_20250518_193739\modules\modules.py,6EECCBBAB6ADE13206989B96DE61AC1A4EDD28D9A90437D03965905C57DBF547
C:\clean_rebuild\logs\trace\SNS_Snapshots\SNS_24_SNAPSHOT_20250518_193739\modules\module_with_deprecations.py,363ADA5F899F52243E6CF527A890C5831BCCE472C5F56978397D99712979A9DC
C:\clean_rebuild\logs\trace\SNS_Snapshots\SNS_24_SNAPSHOT_20250518_193739\modules\monkeypatch.py,804F3D944841187BF3FB4CFD781145C9816D8AA5004271CE7BDF4FEE5B4DAEFE
C:\clean_rebuild\logs\trace\SNS_Snapshots\SNS_24_SNAPSHOT_20250518_193739\modules\mouse_button.py,6A59B3DF5D5718B62766ED6161CA1BEDDA76E42CB2DC2716CB6673C7F2DEFF2F
C:\clean_rebuild\logs\trace\SNS_Snapshots\SNS_24_SNAPSHOT_20250518_193739\modules\MpegImagePlugin.py,D99F2F3196E1BC8F49F3CED53826E160DE3803F0F3F11995CA0E0B2EE2916503
C:\clean_rebuild\logs\trace\SNS_Snapshots\SNS_24_SNAPSHOT_20250518_193739\modules\MpoImagePlugin.py,CDCF9D1D23961E49D992D02E6B82D6F76727D98AD5DA0C4F26F4F20FCE83FF52
C:\clean_rebuild\logs\trace\SNS_Snapshots\SNS_24_SNAPSHOT_20250518_193739\modules\mrecords.py,C9E64EE1A44F4D6049221BDC6E79681B454FD981D718D15608C783E99731F31F
C:\clean_rebuild\logs\trace\SNS_Snapshots\SNS_24_SNAPSHOT_20250518_193739\modules\MspImagePlugin.py,A67AC2F6869DCB775F2FB9704851DC38441983E0A3EBFE2FE404C2CACF15A65D
C:\clean_rebuild\logs\trace\SNS_Snapshots\SNS_24_SNAPSHOT_20250518_193739\modules\multi.py,79A3C5D5FDE2DFBBEDF8327787198518748FF8CC57029DAA08EC2554030245CA
C:\clean_rebuild\logs\trace\SNS_Snapshots\SNS_24_SNAPSHOT_20250518_193739\modules\multiarray.py,F9C1F71C7CF3B588924844B074DEF3720A979352FF01112E8A631124193F7131
C:\clean_rebuild\logs\trace\SNS_Snapshots\SNS_24_SNAPSHOT_20250518_193739\modules\multipart.py,F6DC6EC800ED5D194A83A4284212B0277157517DE409FEBFEA36BA251A5C81D1
C:\clean_rebuild\logs\trace\SNS_Snapshots\SNS_24_SNAPSHOT_20250518_193739\modules\MultiplyColor.py,536693D49F6406566426039B459878AC00114B8632A35EE539FD38D917404DCC
C:\clean_rebuild\logs\trace\SNS_Snapshots\SNS_24_SNAPSHOT_20250518_193739\modules\MultiplySpeed.py,43D8E98CCC88A972446DFFD3D18D51B8577D2AD74B197C5BEF28C8E6329D5B14
C:\clean_rebuild\logs\trace\SNS_Snapshots\SNS_24_SNAPSHOT_20250518_193739\modules\MultiplySpeed_22c4dbf7.py,43D8E98CCC88A972446DFFD3D18D51B8577D2AD74B197C5BEF28C8E6329D5B14
C:\clean_rebuild\logs\trace\SNS_Snapshots\SNS_24_SNAPSHOT_20250518_193739\modules\MultiplyStereoVolume.py,F02C70B1DF6ACE868CA9AE7FEC3CFD38FFC6A2D5D315EC81CCE8F38CB865005A
C:\clean_rebuild\logs\trace\SNS_Snapshots\SNS_24_SNAPSHOT_20250518_193739\modules\MultiplyStereoVolume_87dbc961.py,F02C70B1DF6ACE868CA9AE7FEC3CFD38FFC6A2D5D315EC81CCE8F38CB865005A
C:\clean_rebuild\logs\trace\SNS_Snapshots\SNS_24_SNAPSHOT_20250518_193739\modules\MultiplyVolume.py,6D87A7643F36593B839A061EE2746054F1AB0B39282E0C85A7CC3DD33A29FD4B
C:\clean_rebuild\logs\trace\SNS_Snapshots\SNS_24_SNAPSHOT_20250518_193739\modules\multiprocessing.py,028AB64284E1210ECFF840B6034FE8CF36C3EE1C64CA996A3B572AC13A109334
C:\clean_rebuild\logs\trace\SNS_Snapshots\SNS_24_SNAPSHOT_20250518_193739\modules\multi_script_CLI.py,B9A7ABCF0D8BFE71EDCDD96B2F9D2E00093AAE4D2229E61B9CD7A3894A301BD9
C:\clean_rebuild\logs\trace\SNS_Snapshots\SNS_24_SNAPSHOT_20250518_193739\modules\mypy_annotate.py,206264A625119BD45D89F7A8CB5A8F68DB64939310393BB79471CCA6CC27400F
C:\clean_rebuild\logs\trace\SNS_Snapshots\SNS_24_SNAPSHOT_20250518_193739\modules\mypy_plugin.py,C0AD4CFF9309C2B850A3F313834DAE0262DA3E07353E0DEB76656D4E777CBEBA
C:\clean_rebuild\logs\trace\SNS_Snapshots\SNS_24_SNAPSHOT_20250518_193739\modules\namedtype.py,01085E4596FC6F9A35AFBC71B93ECC07458C32E9EAB127C4F3555F380C419BAD
C:\clean_rebuild\logs\trace\SNS_Snapshots\SNS_24_SNAPSHOT_20250518_193739\modules\namedval.py,5123E4F43FA4756CFBB05D7A081DB0E2B75AFA43F9507A9BA26DF38A14DA2A08
C:\clean_rebuild\logs\trace\SNS_Snapshots\SNS_24_SNAPSHOT_20250518_193739\modules\nanops.py,C08DDAE5DC0F711B34F0F337722B8CBB3FFD7AE124AB181D6E38A470B1BEBE62
C:\clean_rebuild\logs\trace\SNS_Snapshots\SNS_24_SNAPSHOT_20250518_193739\modules\nap.py,E431F5BA2EBE7775F866C40244A2616398DA43435D619D8012AB7B4AFB795453
C:\clean_rebuild\logs\trace\SNS_Snapshots\SNS_24_SNAPSHOT_20250518_193739\modules\ndarray_conversion.py,E939EFB9C57C56DB5EEDD1968A1C7B626AC794D39A9EA98B2481F55BC5A89341
C:\clean_rebuild\logs\trace\SNS_Snapshots\SNS_24_SNAPSHOT_20250518_193739\modules\ndarray_misc.py,75EB4F7EC49C700DBC2577ECB905C50041D36F1EBAD69B79953D2AB6A1766592
C:\clean_rebuild\logs\trace\SNS_Snapshots\SNS_24_SNAPSHOT_20250518_193739\modules\ndarray_shape_manipulation.py,C9A04ADE15B97DED95A6F011927FCD31E17E257F8E6A323C262456380FD493B6
C:\clean_rebuild\logs\trace\SNS_Snapshots\SNS_24_SNAPSHOT_20250518_193739\modules\ndbm.py,176264A6141B76FE4D51013EB389EEED0D0C1E96399E41E8B42C4A427CC514FF
C:\clean_rebuild\logs\trace\SNS_Snapshots\SNS_24_SNAPSHOT_20250518_193739\modules\ndbm_3907a353.py,176264A6141B76FE4D51013EB389EEED0D0C1E96399E41E8B42C4A427CC514FF
C:\clean_rebuild\logs\trace\SNS_Snapshots\SNS_24_SNAPSHOT_20250518_193739\modules\ndbm_9a539617.py,176264A6141B76FE4D51013EB389EEED0D0C1E96399E41E8B42C4A427CC514FF
C:\clean_rebuild\logs\trace\SNS_Snapshots\SNS_24_SNAPSHOT_20250518_193739\modules\nditer.py,D70A518AD08D64A082DD6255AC54A1DB66750FC8CFD95C5000CB731FC35CA55F
C:\clean_rebuild\logs\trace\SNS_Snapshots\SNS_24_SNAPSHOT_20250518_193739\modules\newbytes.py,055DF8DB4352AD1B8795556806844DA7C1C99AC82D367A0D9F71199BF09163BE
C:\clean_rebuild\logs\trace\SNS_Snapshots\SNS_24_SNAPSHOT_20250518_193739\modules\newdict.py,7618C4B488A3D01423099C7CB5EB161407A72BA1961175FEAD4C76CB90435827
C:\clean_rebuild\logs\trace\SNS_Snapshots\SNS_24_SNAPSHOT_20250518_193739\modules\newint.py,B50617B8975568B31C1B58D2FD02DF32E1CE6951412FE8136B59FF818BF87553
C:\clean_rebuild\logs\trace\SNS_Snapshots\SNS_24_SNAPSHOT_20250518_193739\modules\newlist.py,FB1803D6B5A7509CFA23A36F9C192724652523B2985CDD92CB253F7241B1A239
C:\clean_rebuild\logs\trace\SNS_Snapshots\SNS_24_SNAPSHOT_20250518_193739\modules\newmemoryview.py,3C70D95D1B59B61665BF3132EFF763B01E3D150B41C3942CDF2FC093BD8561DC
C:\clean_rebuild\logs\trace\SNS_Snapshots\SNS_24_SNAPSHOT_20250518_193739\modules\newmemoryview_db02c114.py,3C70D95D1B59B61665BF3132EFF763B01E3D150B41C3942CDF2FC093BD8561DC
C:\clean_rebuild\logs\trace\SNS_Snapshots\SNS_24_SNAPSHOT_20250518_193739\modules\newnext.py,CFC31AD8D86702EA9A3EA588E8D58C0759190B54AB02BD50C168F95D1184E38A
C:\clean_rebuild\logs\trace\SNS_Snapshots\SNS_24_SNAPSHOT_20250518_193739\modules\newobject.py,B4B28609D0051E35B28F41165F65AF9A9840BECB1CD9A235A0864FF5FC8A47D1
C:\clean_rebuild\logs\trace\SNS_Snapshots\SNS_24_SNAPSHOT_20250518_193739\modules\newopen.py,DB681E6EE952E74FE71E3A53989CBEE22C6AD764E885233D364BEA19142FF698
C:\clean_rebuild\logs\trace\SNS_Snapshots\SNS_24_SNAPSHOT_20250518_193739\modules\newrange.py,483CCA7CCC107B2FE0B74F03A65855E1B4AA373A694BBDF77A0D17C50F45EED1
C:\clean_rebuild\logs\trace\SNS_Snapshots\SNS_24_SNAPSHOT_20250518_193739\modules\newround.py,9E22C5A554A4DF01BD7862DAA49D74044752CDBE71CF13A9A6F5878594CC9160
C:\clean_rebuild\logs\trace\SNS_Snapshots\SNS_24_SNAPSHOT_20250518_193739\modules\newstr.py,A94264EDA41E04BA6070686015392A580E8A36142EEB309F425CE6922FCD0A4B
C:\clean_rebuild\logs\trace\SNS_Snapshots\SNS_24_SNAPSHOT_20250518_193739\modules\newsuper.py,DBBE7C088C669B7507278D842BA57EF9F4687848F534C13158E764A67F995D45
C:\clean_rebuild\logs\trace\SNS_Snapshots\SNS_24_SNAPSHOT_20250518_193739\modules\new_min_max.py,0234693272F834D9130A447D0025231AAF43887053C759D44053210C1560EE62
C:\clean_rebuild\logs\trace\SNS_Snapshots\SNS_24_SNAPSHOT_20250518_193739\modules\nodes.py,818A7BCE89D8C4C3CEDF73E6A6E507DB9A0732EFDC531F15E667969916D0F5AE
C:\clean_rebuild\logs\trace\SNS_Snapshots\SNS_24_SNAPSHOT_20250518_193739\modules\noniterators.py,36A547C091FC43E3B0C07E5B683945893F9C2E243B23A287FAED2ECFFB634930
C:\clean_rebuild\logs\trace\SNS_Snapshots\SNS_24_SNAPSHOT_20250518_193739\modules\nonmultipart.py,F0212CEC5E9D9FA9F60358EC7306519E4A519BC69632EE73E62985E14E3620E3
C:\clean_rebuild\logs\trace\SNS_Snapshots\SNS_24_SNAPSHOT_20250518_193739\modules\notebook.py,88B56187DDAC73B2009DC4A9B572BE2A63834A45B27392B83C97FF88CF665E16
C:\clean_rebuild\logs\trace\SNS_Snapshots\SNS_24_SNAPSHOT_20250518_193739\modules\npyio.py,9D969D83520A4574CB657FF9D93A6353E62EB4D1F9400FD4538E7BAC77E7EA87
C:\clean_rebuild\logs\trace\SNS_Snapshots\SNS_24_SNAPSHOT_20250518_193739\modules\npz.py,1A635B3996A1EB17C41653D9AFD3CB34B7EFD215FD4526BA1E3A09C381A23A48
C:\clean_rebuild\logs\trace\SNS_Snapshots\SNS_24_SNAPSHOT_20250518_193739\modules\ntlmpool.py,DDFE94B59876DF55942AFF86439435BCE65979830971AD939B79858622B95383
C:\clean_rebuild\logs\trace\SNS_Snapshots\SNS_24_SNAPSHOT_20250518_193739\modules\numba_.py,E45724C8B03F5CC960F4A7794E468A1F0E09BA0781352F602598DA1F2ECA133F
C:\clean_rebuild\logs\trace\SNS_Snapshots\SNS_24_SNAPSHOT_20250518_193739\modules\number.py,B1F3E1D190DC3EBBD40E93547ACCDD95C22C016C5A7ADB930E734B3B66BF6E1A
C:\clean_rebuild\logs\trace\SNS_Snapshots\SNS_24_SNAPSHOT_20250518_193739\modules\Numbers.py,3F57F855C528F661974BE4A749955C67877B340EF1BFBF2567E2B6E5BB69E2EB
C:\clean_rebuild\logs\trace\SNS_Snapshots\SNS_24_SNAPSHOT_20250518_193739\modules\numeric.py,2C93F2B63848FB4E86A3902588C0C33511A97A7EF190A0C86940355CAC897619
C:\clean_rebuild\logs\trace\SNS_Snapshots\SNS_24_SNAPSHOT_20250518_193739\modules\numerictypes.py,3A12DEC62DB6128DB29230F672E1BEE51624488E2D58AB504AEFCCAFEB7595D4
C:\clean_rebuild\logs\trace\SNS_Snapshots\SNS_24_SNAPSHOT_20250518_193739\modules\numpy_.py,AC28E644ABCB1F89D072E39F37B209FB6EE0A7D65ED550642D3F18193A1FA23D
C:\clean_rebuild\logs\trace\SNS_Snapshots\SNS_24_SNAPSHOT_20250518_193739\modules\nursery_start.py,9FEF67949DFE7C68B4E29237EDAF80977C79D8822BA44A9AC4279E61D7A0E206
C:\clean_rebuild\logs\trace\SNS_Snapshots\SNS_24_SNAPSHOT_20250518_193739\modules\objects.py,B655F0F1671A258A9403C052EC214F53D576875FC7CD317716B8FB57EA7AEE88
C:\clean_rebuild\logs\trace\SNS_Snapshots\SNS_24_SNAPSHOT_20250518_193739\modules\object_array.py,6865D1EF01072FE034089E77BD06C07A2329F45F8ADFB83791EA316FE51EDD94
C:\clean_rebuild\logs\trace\SNS_Snapshots\SNS_24_SNAPSHOT_20250518_193739\modules\offsets.py,A81BF355E8C2A825BE707638DAA4C2DD948E46C395E7EF988145A2589AA70DCD
C:\clean_rebuild\logs\trace\SNS_Snapshots\SNS_24_SNAPSHOT_20250518_193739\modules\olddict.py,40CE4DA12A8D9FD8F62BD7869786EF8F1F7B7C8941233223DA12B1EE72BD8DE6
C:\clean_rebuild\logs\trace\SNS_Snapshots\SNS_24_SNAPSHOT_20250518_193739\modules\oldstr.py,224E5EA2C9AD743EA2A3736D038B9D87010DA306731289F4715D0796FADAB0D6
C:\clean_rebuild\logs\trace\SNS_Snapshots\SNS_24_SNAPSHOT_20250518_193739\modules\online.py,13F4FB4D89CDBC58EFFB603CC4E3C3DD95C4449384F7363B62535F021FC871D3
C:\clean_rebuild\logs\trace\SNS_Snapshots\SNS_24_SNAPSHOT_20250518_193739\modules\opencv.py,FC146D7575BCD6D3CBD6534FA03B2D2D03FEA628C06A0EFBF804BB63B49D8792
C:\clean_rebuild\logs\trace\SNS_Snapshots\SNS_24_SNAPSHOT_20250518_193739\modules\opentype.py,0D8E0F85E09CB7A3AF66121FF512D65C7E2A9AFDBA8288A5F475F540926BE0A2
C:\clean_rebuild\logs\trace\SNS_Snapshots\SNS_24_SNAPSHOT_20250518_193739\modules\open_memory_channel.py,21A8AEE3B0ABB7D6C4DD093B79C8A0ADD2C281C15D998EB45F1E5DF1DC617B7D
C:\clean_rebuild\logs\trace\SNS_Snapshots\SNS_24_SNAPSHOT_20250518_193739\modules\ops.py,6221C0F17D7687248A17428E5419DA951180562DBD8A3C1DDC5520CA5F7DDBDB
C:\clean_rebuild\logs\trace\SNS_Snapshots\SNS_24_SNAPSHOT_20250518_193739\modules\options.py,37DA1FAB58FA06E2B09DF894CFD383F4B813DC352FDC5C8E8A4FA6420C8422EC
C:\clean_rebuild\logs\trace\SNS_Snapshots\SNS_24_SNAPSHOT_20250518_193739\modules\orc.py,35957B16A2F1A4F55CB8D6988308ED64DA38C7FCB6D5F319EB3CF0349B4573FD
C:\clean_rebuild\logs\trace\SNS_Snapshots\SNS_24_SNAPSHOT_20250518_193739\modules\other.py,205F01842F7B339B198070D3793BDD5DACBC51237468608CA6309257945F2CAB
C:\clean_rebuild\logs\trace\SNS_Snapshots\SNS_24_SNAPSHOT_20250518_193739\modules\outcomes.py,7D42223CB028B6B0496EEDE0B579E2B3DD1B5DF1C6048D38CCB5B4D2DBDE6346
C:\clean_rebuild\logs\trace\SNS_Snapshots\SNS_24_SNAPSHOT_20250518_193739\modules\overlay.py,A9136E061806650D6A60B3AE85D51485EBB078EB02AF1B84EEE6E5A15823D6DB
C:\clean_rebuild\logs\trace\SNS_Snapshots\SNS_24_SNAPSHOT_20250518_193739\modules\overrides.py,807AE62C34635728B7A68639A9856BB003FD40DBEF857B625B5820C79830806B
C:\clean_rebuild\logs\trace\SNS_Snapshots\SNS_24_SNAPSHOT_20250518_193739\modules\packages.py,AF2D9594A1A808376BF192723425F10DC005D477C435F9A8CA508AFBF5735E1D
C:\clean_rebuild\logs\trace\SNS_Snapshots\SNS_24_SNAPSHOT_20250518_193739\modules\package_data.py,DA323522C6AF3536AB079E9B57AD08BBE1D7DFF5DCBF7018EB78A6B1912D3F23
C:\clean_rebuild\logs\trace\SNS_Snapshots\SNS_24_SNAPSHOT_20250518_193739\modules\package_finder.py,BFB73E98773A3B28D0FE26D924BBC02BFABB1539F9F1CF05807266158612ED4B
C:\clean_rebuild\logs\trace\SNS_Snapshots\SNS_24_SNAPSHOT_20250518_193739\modules\packaging.py,3E683CA06B113BEB856E9BA017084EFBED8405C9E57EEC5C6EEC3693C245F5F5
C:\clean_rebuild\logs\trace\SNS_Snapshots\SNS_24_SNAPSHOT_20250518_193739\modules\padding.py,A04416E7AA698FFFC0301EE284720426B69E9A3BCB2A0C7E954A054698C29405
C:\clean_rebuild\logs\trace\SNS_Snapshots\SNS_24_SNAPSHOT_20250518_193739\modules\pager.py,BB1A5245CC64EB5A78D683C35830AB29CB993DA891D8A06585C9F3294E567A4D
C:\clean_rebuild\logs\trace\SNS_Snapshots\SNS_24_SNAPSHOT_20250518_193739\modules\Painting.py,3FD5098D18890DCB52C9BB43CDB1C25D6C6B20B80CAB2D46F329C5F8B3EE6F9C
C:\clean_rebuild\logs\trace\SNS_Snapshots\SNS_24_SNAPSHOT_20250518_193739\modules\palette.py,7B9E1B516C28860D0395FFACCB9D83C35DD371CDE44AE39F3B60705AE0BC84CF
C:\clean_rebuild\logs\trace\SNS_Snapshots\SNS_24_SNAPSHOT_20250518_193739\modules\PaletteFile.py,94D3DFB814C7ADA5BA8B5BF56FDB61368172206D8C44C333147C554DAC5CC23F
C:\clean_rebuild\logs\trace\SNS_Snapshots\SNS_24_SNAPSHOT_20250518_193739\modules\PalmImagePlugin.py,A7120C5D44919AE2947DBB1E4F52B976FEC8A994E0FF3E5BA61A82E4F6B217C1
C:\clean_rebuild\logs\trace\SNS_Snapshots\SNS_24_SNAPSHOT_20250518_193739\modules\panel.py,C3D63445031D241B29D9AC58C56613DE7FECB561765AAC4A8871613ABBD06AD0
C:\clean_rebuild\logs\trace\SNS_Snapshots\SNS_24_SNAPSHOT_20250518_193739\modules\pangomarkup.py,4240852A4ABFD57273B082C9310F6EFBC154160C3AFA5EBEC980E286D66311FC
C:\clean_rebuild\logs\trace\SNS_Snapshots\SNS_24_SNAPSHOT_20250518_193739\modules\parallel.py,35C2F54233562711FDCCBD8E00E60A82BF876C078412675C91DC42E8A3219263
C:\clean_rebuild\logs\trace\SNS_Snapshots\SNS_24_SNAPSHOT_20250518_193739\modules\parquet.py,E516A08817629B04343230FA0815CC5E7F85A921513CB26F9F19450BD1FFB511
C:\clean_rebuild\logs\trace\SNS_Snapshots\SNS_24_SNAPSHOT_20250518_193739\modules\parse.py,5569D56309211560FE68079C8EAB5D7D303B94E6DB4FD8DAD8C1FECD39E7E028
C:\clean_rebuild\logs\trace\SNS_Snapshots\SNS_24_SNAPSHOT_20250518_193739\modules\parser.py,99742E30676D9B72B0EEF60ED9F8D680F068D5345884349F59BFEAD929778435
C:\clean_rebuild\logs\trace\SNS_Snapshots\SNS_24_SNAPSHOT_20250518_193739\modules\parsing.py,FE6A5A52D02B8BDB96F1A90CA030CB7CDE38B06AAD3B9F2D9388FF418B96A8BF
C:\clean_rebuild\logs\trace\SNS_Snapshots\SNS_24_SNAPSHOT_20250518_193739\modules\pastebin.py,ACDE051119A7F1BFA6129653E2A4D31DBCC5844A800F23FC9088C92DE3BDF041
C:\clean_rebuild\logs\trace\SNS_Snapshots\SNS_24_SNAPSHOT_20250518_193739\modules\path.py,5DCAEAA948F0DF13C144EC634F4DE5ABBF68A1C05A84391586D35113A408FC78
C:\clean_rebuild\logs\trace\SNS_Snapshots\SNS_24_SNAPSHOT_20250518_193739\modules\pathlib_custom.py,BDE84571BED450B3AEE3C54DE16B0446C5DB77F0BB57A797E61EFD127D52E627
C:\clean_rebuild\logs\trace\SNS_Snapshots\SNS_24_SNAPSHOT_20250518_193739\modules\PcdImagePlugin.py,08FCA2ED79D4E0D289322663AF0403E524A39CA41F4292D30960433D916C51D0
C:\clean_rebuild\logs\trace\SNS_Snapshots\SNS_24_SNAPSHOT_20250518_193739\modules\PcfFontFile.py,54F292388E5F42E4524B159CB52A39EAEA17F7D824D63BBE806976C8D0C60CCD
C:\clean_rebuild\logs\trace\SNS_Snapshots\SNS_24_SNAPSHOT_20250518_193739\modules\PcxImagePlugin.py,A4C92009681728D81309ED78EE92F7CAEE9E6203AF60485E457B5D6D6A132497
C:\clean_rebuild\logs\trace\SNS_Snapshots\SNS_24_SNAPSHOT_20250518_193739\modules\PdfImagePlugin.py,464D479891342367B174EBA12BC9C17B909768B92696501E4A78DA8DD5D4AB97
C:\clean_rebuild\logs\trace\SNS_Snapshots\SNS_24_SNAPSHOT_20250518_193739\modules\PdfParser.py,CC7D676C63857C0FAD8566E93D603B3DCCCCA4EB639DC86529C314831C830DD4
C:\clean_rebuild\logs\trace\SNS_Snapshots\SNS_24_SNAPSHOT_20250518_193739\modules\pem.py,C11901C7937F8E12F54052628C8948CB695E0ACB861829B3C23F33D5EE0D1A57
C:\clean_rebuild\logs\trace\SNS_Snapshots\SNS_24_SNAPSHOT_20250518_193739\modules\performance.py,84E7FB7348ED2B0639DD3A617BA0242A0789EB8C38759AB7882A91CD3127D755
C:\clean_rebuild\logs\trace\SNS_Snapshots\SNS_24_SNAPSHOT_20250518_193739\modules\performance_timeline.py,573C2596AA669DE6A6E725A6EAA6D25DFD546362415F0560BF320E862E5EC54D
C:\clean_rebuild\logs\trace\SNS_Snapshots\SNS_24_SNAPSHOT_20250518_193739\modules\period.py,A428560BA537CFB89EFB4E515379D7C8A412C10F00DECFFA8A2174629F4DC224
C:\clean_rebuild\logs\trace\SNS_Snapshots\SNS_24_SNAPSHOT_20250518_193739\modules\permissions.py,D8D985683CC02AF012C6B7D63D785731D09CE7D2BF80E32F9A8C779B7619E1EA
C:\clean_rebuild\logs\trace\SNS_Snapshots\SNS_24_SNAPSHOT_20250518_193739\modules\pickle_compat.py,D97876D9DE9AD60832EC534CFD5B89B913FA915A878F4B32335B9078742015CA
C:\clean_rebuild\logs\trace\SNS_Snapshots\SNS_24_SNAPSHOT_20250518_193739\modules\pillow.py,4C3F05BF04A84646ED31D7B34D97430F46580F56BD25D8DB93A04222437DB79B
C:\clean_rebuild\logs\trace\SNS_Snapshots\SNS_24_SNAPSHOT_20250518_193739\modules\pillowmulti.py,DEFBE0DE620D8919883A5FA1485FA76BC7B24BF4A07CD3FEA2B02C6909FB1ABA
C:\clean_rebuild\logs\trace\SNS_Snapshots\SNS_24_SNAPSHOT_20250518_193739\modules\pillow_info.py,72A56CC72C7F586C74B6FA4B32B9F73EA660E114FF44C60D19596C72B9C60BA3
C:\clean_rebuild\logs\trace\SNS_Snapshots\SNS_24_SNAPSHOT_20250518_193739\modules\pillow_legacy.py,6E8A1DC78D0B831EFA5E5F520F99783807DA8B433D7DA9DA732965F5A0D959D3
C:\clean_rebuild\logs\trace\SNS_Snapshots\SNS_24_SNAPSHOT_20250518_193739\modules\pivot.py,9FE088778067DFA3455DA873A4049E18037D77BD7AD93BA9B241C1914C513860
C:\clean_rebuild\logs\trace\SNS_Snapshots\SNS_24_SNAPSHOT_20250518_193739\modules\PixarImagePlugin.py,7EDE6C1A86817628B7E4481F9BFD7D1F703C5F551E54A1F62289BDE7FC68DF88
C:\clean_rebuild\logs\trace\SNS_Snapshots\SNS_24_SNAPSHOT_20250518_193739\modules\pkcs1.py,90C70BF81902BE2728BBF892FFFA5290BF598B290FD05A3EAE1F7B296BC20315
C:\clean_rebuild\logs\trace\SNS_Snapshots\SNS_24_SNAPSHOT_20250518_193739\modules\pkcs1_15.py,2E59C1BB1C7A738F51343213C94F49503CB91BAD07D906272FA44BCC1CEDD8FA
C:\clean_rebuild\logs\trace\SNS_Snapshots\SNS_24_SNAPSHOT_20250518_193739\modules\PKCS1_OAEP.py,987DA080C4B370DB3976AFB0F653603241619640094A25CADD061DD3577D0DD1
C:\clean_rebuild\logs\trace\SNS_Snapshots\SNS_24_SNAPSHOT_20250518_193739\modules\PKCS1_PSS.py,B54B24BE5330B4EB23A8D0BEF242BD785DFB0F1B31DCBACEB87AF47B73DB5A32
C:\clean_rebuild\logs\trace\SNS_Snapshots\SNS_24_SNAPSHOT_20250518_193739\modules\PKCS1_v1_5.py,081878D00C013F7B6749BFE1AA7CC60C12CB8B821600B4A7977C16859F6B0A0D
C:\clean_rebuild\logs\trace\SNS_Snapshots\SNS_24_SNAPSHOT_20250518_193739\modules\pkcs1_v2.py,779036EC470E81B8097A292E2D993300D3B30508789D55FE0689B90D45E05C7C
C:\clean_rebuild\logs\trace\SNS_Snapshots\SNS_24_SNAPSHOT_20250518_193739\modules\pkcs1_v2_2197b3db.py,779036EC470E81B8097A292E2D993300D3B30508789D55FE0689B90D45E05C7C
C:\clean_rebuild\logs\trace\SNS_Snapshots\SNS_24_SNAPSHOT_20250518_193739\modules\PKCS8.py,5C03FD63F09BCDA17B6EBAEB4BCB04FB741864A8C702A8B26C9311C3226AC4B8
C:\clean_rebuild\logs\trace\SNS_Snapshots\SNS_24_SNAPSHOT_20250518_193739\modules\pkg_resources.py,ED7BDA80EAAF632EF1195228C105C2CF77A554D1DEB9FED9D8FB4C043378FD52
C:\clean_rebuild\logs\trace\SNS_Snapshots\SNS_24_SNAPSHOT_20250518_193739\modules\plugin.py,FCF5FE7BD568DB06F906D93405304865210BA855A451FEFD5FA8ECFFF10D3B91
C:\clean_rebuild\logs\trace\SNS_Snapshots\SNS_24_SNAPSHOT_20250518_193739\modules\plugins.py,B212381CE660D1C74ECCF40045A27A655F6E199057BC7C7704919058F70CFBF6
C:\clean_rebuild\logs\trace\SNS_Snapshots\SNS_24_SNAPSHOT_20250518_193739\modules\PngImagePlugin.py,B541A16243F155060552A3110FA0622F88BFC71DAEAB054A50EE6E3AC56AB253
C:\clean_rebuild\logs\trace\SNS_Snapshots\SNS_24_SNAPSHOT_20250518_193739\modules\pointer_actions.py,4E7206C4299906067C70710DD3B9AE5DC2CDFF7BC3DA2E2241C693580182A019
C:\clean_rebuild\logs\trace\SNS_Snapshots\SNS_24_SNAPSHOT_20250518_193739\modules\pointer_input.py,5AAB377FE5F21A1604248D99FFA1BE86A3344CE3AB607089CA4C039DAD3D8969
C:\clean_rebuild\logs\trace\SNS_Snapshots\SNS_24_SNAPSHOT_20250518_193739\modules\policy.py,9B675A67494AF2FF877F079CE922944118D0F4DB2A5D3AAEBF57EDB191F51DD0
C:\clean_rebuild\logs\trace\SNS_Snapshots\SNS_24_SNAPSHOT_20250518_193739\modules\Poly1305.py,D252D0F1FF05F72FA6415FD4A5F34737B66D8B143986275CC733FE863B631D18
C:\clean_rebuild\logs\trace\SNS_Snapshots\SNS_24_SNAPSHOT_20250518_193739\modules\polynomial.py,44307F973A79C46A6630C3FE98B3666497B1FF60BCAF6FC2DF87CB678CC630DE
C:\clean_rebuild\logs\trace\SNS_Snapshots\SNS_24_SNAPSHOT_20250518_193739\modules\polyutils_53d7f5f4.py,C1F35D7C378F5CA0AA24893C5525A3980A503754CAA427BE62E06EAD8C096E2F
C:\clean_rebuild\logs\trace\SNS_Snapshots\SNS_24_SNAPSHOT_20250518_193739\modules\pool.py,AFA3D9244DDD9DA347EEDE71FC2016146BA92FDC0F3509D2D8AD7F7555CCAE6D
C:\clean_rebuild\logs\trace\SNS_Snapshots\SNS_24_SNAPSHOT_20250518_193739\modules\poolmanager.py,BC05659F05A7DCC042937F3AA0110A9689851C02E59BD4FE1A66DB09D137B439
C:\clean_rebuild\logs\trace\SNS_Snapshots\SNS_24_SNAPSHOT_20250518_193739\modules\post.py,294FF10E10EF29D036EDDB2B70A87AB767D5034D26B9DE2A2153BF83AB8650A2
C:\clean_rebuild\logs\trace\SNS_Snapshots\SNS_24_SNAPSHOT_20250518_193739\modules\PpmImagePlugin.py,F50B2727D0A0B3EEA1357E1E02538DACEAFE161DC194C2ADEA3FED3DC0396848
C:\clean_rebuild\logs\trace\SNS_Snapshots\SNS_24_SNAPSHOT_20250518_193739\modules\prepare.py,B9DD1BCC58A5183D01E15204BBE0C06202CCCF68C0860974B1AF7209581A4D32
C:\clean_rebuild\logs\trace\SNS_Snapshots\SNS_24_SNAPSHOT_20250518_193739\modules\pretty.py,71CBA57DA999946C34801D2A59ACAED6E689E4DF884F2582DC8193821004ED63
C:\clean_rebuild\logs\trace\SNS_Snapshots\SNS_24_SNAPSHOT_20250518_193739\modules\pretty_print_util.py,CBB7268336E22DCDA4F4351BBFB723E748FC982DD88F0D6DD640349EE80E158B
C:\clean_rebuild\logs\trace\SNS_Snapshots\SNS_24_SNAPSHOT_20250518_193739\modules\Primality.py,7A1B8218944CDE62BA398DB3946C56750450C708E2AA0848B23D4C3DF6620131
C:\clean_rebuild\logs\trace\SNS_Snapshots\SNS_24_SNAPSHOT_20250518_193739\modules\prime.py,2A28FCD60F959DE1B0DB40AAE8B45A0954F76FDB57E20588CE4595FB7878A8C8
C:\clean_rebuild\logs\trace\SNS_Snapshots\SNS_24_SNAPSHOT_20250518_193739\modules\printing.py,932D9A30577DBE96D929689339E3161FB7A5DF5C2B37AE47369EC18C1B280806
C:\clean_rebuild\logs\trace\SNS_Snapshots\SNS_24_SNAPSHOT_20250518_193739\modules\printoptions.py,6EDC727E2B2327FEC307926D64A02D68B60BF6A99C9939E727CA4715CC27D967
C:\clean_rebuild\logs\trace\SNS_Snapshots\SNS_24_SNAPSHOT_20250518_193739\modules\print_coercion_tables.py,6EE5801C1E6201934FA8B512118C2E3FC28FF69423638BDBB9B2A4091D90FC25
C:\clean_rebuild\logs\trace\SNS_Snapshots\SNS_24_SNAPSHOT_20250518_193739\modules\print_page_options.py,2B692D2F6B2F40AC0342A4534625D15BA687A8AE17E09CD209DDA1C3F7483120
C:\clean_rebuild\logs\trace\SNS_Snapshots\SNS_24_SNAPSHOT_20250518_193739\modules\probe.py,3C403BBC7658DA125C4E025FBFF7FA9AF1BEFB38371CF91755693B2E54404318
C:\clean_rebuild\logs\trace\SNS_Snapshots\SNS_24_SNAPSHOT_20250518_193739\modules\profiler.py,E75A7753562B2473A3E1E0FFC769C12D451379CF8005A87F50065FFA6BDD7AB4
C:\clean_rebuild\logs\trace\SNS_Snapshots\SNS_24_SNAPSHOT_20250518_193739\modules\proglog.py,1583920483EB8554F119C11750C417C30DEE41BF87593B819594E2BF45F2EDF7
C:\clean_rebuild\logs\trace\SNS_Snapshots\SNS_24_SNAPSHOT_20250518_193739\modules\progress.py,9B3F42A8A05AF416DD6BA813C0066E0A1F6AE1A5BBF498BC38A20213247F37CD
C:\clean_rebuild\logs\trace\SNS_Snapshots\SNS_24_SNAPSHOT_20250518_193739\modules\progress_bar.py,D84779EC85C75B6B5AD70F0A211F8CF986CBD8AE14B07414D4407881D1B85C2F
C:\clean_rebuild\logs\trace\SNS_Snapshots\SNS_24_SNAPSHOT_20250518_193739\modules\progress_bars.py,4598F787A1BFA67500206E28E33B9FC7278EE33862FA14DF2592870A8B1D803E
C:\clean_rebuild\logs\trace\SNS_Snapshots\SNS_24_SNAPSHOT_20250518_193739\modules\proj_asyncio.py,5C4E9C52A7446BE0BFA380D2A2050E74025544B3C75D19584E0E8E52E6BE4408
C:\clean_rebuild\logs\trace\SNS_Snapshots\SNS_24_SNAPSHOT_20250518_193739\modules\proj_asyncio_backup.py,5C4E9C52A7446BE0BFA380D2A2050E74025544B3C75D19584E0E8E52E6BE4408
C:\clean_rebuild\logs\trace\SNS_Snapshots\SNS_24_SNAPSHOT_20250518_193739\modules\proj_queue_util.py,509FB1C47DFF9EE91A3F3B12C9FC2887F6645CCF8A3D0ECBE5C8451BB0327994
C:\clean_rebuild\logs\trace\SNS_Snapshots\SNS_24_SNAPSHOT_20250518_193739\modules\proj_xml_tools.py,E0B2EDF4111D0227532E10769F714E19B1DD032CC1BCC658A1EA61A54F5FFB43
C:\clean_rebuild\logs\trace\SNS_Snapshots\SNS_24_SNAPSHOT_20250518_193739\modules\prompt.py,768D37C327CF7CB4FC6886AB4653B50F7D011B2267967B053F07D66B0F9C9142
C:\clean_rebuild\logs\trace\SNS_Snapshots\SNS_24_SNAPSHOT_20250518_193739\modules\protocol.py,7DDC439E58FAB5EC928D50C499C4262FD62B616F2F2DC522E735720E1A322ED4
C:\clean_rebuild\logs\trace\SNS_Snapshots\SNS_24_SNAPSHOT_20250518_193739\modules\provider.py,E85238C0E758AE85AA73E17246255D075869745B72DB799BC4185C024FEDE562
C:\clean_rebuild\logs\trace\SNS_Snapshots\SNS_24_SNAPSHOT_20250518_193739\modules\providers.py,AE37072EE0A68620FF798ACAEA62AB663724B09AC6B49A5D53A3B1B0DCB1F289
C:\clean_rebuild\logs\trace\SNS_Snapshots\SNS_24_SNAPSHOT_20250518_193739\modules\proxy.py,C0590C71829C7C6F580CC0C41B38BFCBAE61FB1190067BCCA993B89886B0DDB2
C:\clean_rebuild\logs\trace\SNS_Snapshots\SNS_24_SNAPSHOT_20250518_193739\modules\proxy_manager.py,2B718B13ACEEB36B6CC4F23EC69D846014734037DF7A10A8BF049D35440FDF62
C:\clean_rebuild\logs\trace\SNS_Snapshots\SNS_24_SNAPSHOT_20250518_193739\modules\PsdImagePlugin.py,947DBD91C8D1B4EB3DB098819DAE067ECA7AB07ED13EC7625A6278C6ED24726B
C:\clean_rebuild\logs\trace\SNS_Snapshots\SNS_24_SNAPSHOT_20250518_193739\modules\PSDraw.py,2FB5B4E470AA04AB59DBBD5A1083D485E0737F465670382C5C2BC9512330DF37
C:\clean_rebuild\logs\trace\SNS_Snapshots\SNS_24_SNAPSHOT_20250518_193739\modules\pss.py,8F46871B0942FCD0A891DA7A35CB1BDD4446C5DD795527C911AD273E4799614F
C:\clean_rebuild\logs\trace\SNS_Snapshots\SNS_24_SNAPSHOT_20250518_193739\modules\putmask.py,1C25A3AC51F52FB36CE03A5BA9917E7494D88009204EC4DDBCCEDB7231A36000
C:\clean_rebuild\logs\trace\SNS_Snapshots\SNS_24_SNAPSHOT_20250518_193739\modules\pwa.py,CA96C904F550EAD72BBCF03E39F7876D231B26304FAB60B122229E11234D63D2
C:\clean_rebuild\logs\trace\SNS_Snapshots\SNS_24_SNAPSHOT_20250518_193739\modules\pwa_adb22dc2.py,CA96C904F550EAD72BBCF03E39F7876D231B26304FAB60B122229E11234D63D2
C:\clean_rebuild\logs\trace\SNS_Snapshots\SNS_24_SNAPSHOT_20250518_193739\modules\py.py,B0DBA2F85B4A54C2CA32A15EA3AB3527A59516A60E5F7D96B9CFA76EA5247B40
C:\clean_rebuild\logs\trace\SNS_Snapshots\SNS_24_SNAPSHOT_20250518_193739\modules\py3compat.py,2CF7955872D7D8A23F12B9340AC867E8E342102FED7B80DBA25B6303D7992155
C:\clean_rebuild\logs\trace\SNS_Snapshots\SNS_24_SNAPSHOT_20250518_193739\modules\py3k.py,C1C4911AB4E890B3F12DA991170067B164BDCF9B80CB3B0C95312709652AA56C
C:\clean_rebuild\logs\trace\SNS_Snapshots\SNS_24_SNAPSHOT_20250518_193739\modules\PyAccess.py,086D6C9BD3CE58B7C07755660895C7ED6F30E4FD278673C084155036482873B1
C:\clean_rebuild\logs\trace\SNS_Snapshots\SNS_24_SNAPSHOT_20250518_193739\modules\pyarrow.py,074A84DB4AA58CCB5D50FAF53FB33DC3655A242D054A89DEF31B733D2E68D46A
C:\clean_rebuild\logs\trace\SNS_Snapshots\SNS_24_SNAPSHOT_20250518_193739\modules\pyav.py,3C06E50C759E670799FE9A6A09931963AD214FB0FDAB3CC8925E7DF1B6B5A386
C:\clean_rebuild\logs\trace\SNS_Snapshots\SNS_24_SNAPSHOT_20250518_193739\modules\pyinstaller-smoke.py,C6DDDD97F0E3C6ECD54CFAEA99598C3999B9FB6E30046D93C6575097BF17B758
C:\clean_rebuild\logs\trace\SNS_Snapshots\SNS_24_SNAPSHOT_20250518_193739\modules\pyopenssl.py,8735B5F7701767AE5435F6A901EB27DC92E07DA2C2073E75F788E5890B0AE45A
C:\clean_rebuild\logs\trace\SNS_Snapshots\SNS_24_SNAPSHOT_20250518_193739\modules\pyproject.py,7B75437AD2649246FE11A39C1EE2DE5100CAD36EF741FA71FB2D1A7B87F3BF27
C:\clean_rebuild\logs\trace\SNS_Snapshots\SNS_24_SNAPSHOT_20250518_193739\modules\pystone.py,E54F92D086C93A5C3BB54D9102EB4DA1544F41E8B2F881F1EDB0530C173FBE38
C:\clean_rebuild\logs\trace\SNS_Snapshots\SNS_24_SNAPSHOT_20250518_193739\modules\pytables.py,9424E5E664754879C7F6FFB171562846000CDD81F46A4F36009DE59BAAADC07C
C:\clean_rebuild\logs\trace\SNS_Snapshots\SNS_24_SNAPSHOT_20250518_193739\modules\pytester.py,E8B570CD8265FB4CB41D63A7923557A381C8D7B2C148E970628724105EC07129
C:\clean_rebuild\logs\trace\SNS_Snapshots\SNS_24_SNAPSHOT_20250518_193739\modules\pytester_assertions.py,F2E52CAC655B3F19CDE7791BAC8B30CA6844F969AFFCE0308A0C984CF47EAFBE
C:\clean_rebuild\logs\trace\SNS_Snapshots\SNS_24_SNAPSHOT_20250518_193739\modules\pytester_assertions_be186db3.py,F2E52CAC655B3F19CDE7791BAC8B30CA6844F969AFFCE0308A0C984CF47EAFBE
C:\clean_rebuild\logs\trace\SNS_Snapshots\SNS_24_SNAPSHOT_20250518_193739\modules\pytest_plugin.py,0A7A6B335AB7C20093FB921D2C0ABB6AC52DB1CA271D9011E48AC84CDC399BC2
C:\clean_rebuild\logs\trace\SNS_Snapshots\SNS_24_SNAPSHOT_20250518_193739\modules\python.py,1E6FEEF2D4299D5888095470F1CC16C3EE9A8CFD55F8735E02EBF1A0272A6FB0
C:\clean_rebuild\logs\trace\SNS_Snapshots\SNS_24_SNAPSHOT_20250518_193739\modules\python_api.py,6CED72C66090785992C1070F3E67B3C7D2266DE89EF8A10DDA9C1A9D664A9BAA
C:\clean_rebuild\logs\trace\SNS_Snapshots\SNS_24_SNAPSHOT_20250518_193739\modules\python_parser.py,5B5CB6727FDE56F3269630AFC11F76C2318304B722A86375483341FADC59B009
C:\clean_rebuild\logs\trace\SNS_Snapshots\SNS_24_SNAPSHOT_20250518_193739\modules\python_path.py,F6BBDF715D71139A62C4C00164380816D1508753BE86CB4B841610A8B6E08078
C:\clean_rebuild\logs\trace\SNS_Snapshots\SNS_24_SNAPSHOT_20250518_193739\modules\QoiImagePlugin.py,530FD8716E40112CB4334A40B77C1BB95B7734B581E7C82235574BB8C10511C2
C:\clean_rebuild\logs\trace\SNS_Snapshots\SNS_24_SNAPSHOT_20250518_193739\modules\quantile.py,5FBF489C8F012FE9E3AB5114C025C7C94343F355C3FA415DAA1E63C0F5A71061
C:\clean_rebuild\logs\trace\SNS_Snapshots\SNS_24_SNAPSHOT_20250518_193739\modules\quoprimime.py,3F13ECE535DAA1275AB993E444F059DB5EABCB84953FD8A90301EB4C34953630
C:\clean_rebuild\logs\trace\SNS_Snapshots\SNS_24_SNAPSHOT_20250518_193739\modules\raisesgroup.py,155761E2FD1DCA212FBA2064EA7864039BCF00E3A0192FF2D87306737ACC9C3C
C:\clean_rebuild\logs\trace\SNS_Snapshots\SNS_24_SNAPSHOT_20250518_193739\modules\randnum.py,030857119013EACA5B5143E387041719728E4E51BC14F1CE2378264C0710D299
C:\clean_rebuild\logs\trace\SNS_Snapshots\SNS_24_SNAPSHOT_20250518_193739\modules\rand_util_core.py,8D238E516A18B56E9BFDB7127A21881D8656FDB385770E9639898D10DAE47B8B
C:\clean_rebuild\logs\trace\SNS_Snapshots\SNS_24_SNAPSHOT_20250518_193739\modules\rand_util_core_backup.py,8D238E516A18B56E9BFDB7127A21881D8656FDB385770E9639898D10DAE47B8B
C:\clean_rebuild\logs\trace\SNS_Snapshots\SNS_24_SNAPSHOT_20250518_193739\modules\range.py,C7B5FA61B0766C3C98B7D8B2BB5A8B14155BE98561EE430597DDB42D17E73687
C:\clean_rebuild\logs\trace\SNS_Snapshots\SNS_24_SNAPSHOT_20250518_193739\modules\rawpy.py,24B3B74F8CFB269627D2F55F3B02989129D7ED417C45E6B25D8E8CCB5CF0E112
C:\clean_rebuild\logs\trace\SNS_Snapshots\SNS_24_SNAPSHOT_20250518_193739\modules\reader.py,3B0FC537E1EAAE5BF24BD03DEAD29B8094E4035C4FC18057315D3924C9D45912
C:\clean_rebuild\logs\trace\SNS_Snapshots\SNS_24_SNAPSHOT_20250518_193739\modules\readers.py,FD041761C8A93FD8BF336A04403DE078868C09E66580AD5348233AF034E52F5E
C:\clean_rebuild\logs\trace\SNS_Snapshots\SNS_24_SNAPSHOT_20250518_193739\modules\readme_example.py,5A803CFB425F88942326A49C66615A63CE49AEC6D7B63B8EF712735538CBCA42
C:\clean_rebuild\logs\trace\SNS_Snapshots\SNS_24_SNAPSHOT_20250518_193739\modules\recfunctions.py,4A05AE96AB9C71886E732569CF5694E908BCA5B70C2B2129A5BB2BA48B21FA73
C:\clean_rebuild\logs\trace\SNS_Snapshots\SNS_24_SNAPSHOT_20250518_193739\modules\records.py,7F0ECF986E07CC7CE259844C38753346DAB9685433CA65633CDB101B34357A60
C:\clean_rebuild\logs\trace\SNS_Snapshots\SNS_24_SNAPSHOT_20250518_193739\modules\recwarn.py,AA6FFC293861D43EA5DCAD391862031587B98F602530F7188BAAF5AE55FD7367
C:\clean_rebuild\logs\trace\SNS_Snapshots\SNS_24_SNAPSHOT_20250518_193739\modules\redis_cache.py,C26D91EA53BCFFCF0223A74B1EA00C548F4A4444E3835C7E84CD863AAC6DDCAD
C:\clean_rebuild\logs\trace\SNS_Snapshots\SNS_24_SNAPSHOT_20250518_193739\modules\redis_cache_1e0dbd6c.py,C26D91EA53BCFFCF0223A74B1EA00C548F4A4444E3835C7E84CD863AAC6DDCAD
C:\clean_rebuild\logs\trace\SNS_Snapshots\SNS_24_SNAPSHOT_20250518_193739\modules\reduce.py,2CAD898D2DAAE76E1BE3881452B4FECD423D9E341464EA1D622268671C61D35F
C:\clean_rebuild\logs\trace\SNS_Snapshots\SNS_24_SNAPSHOT_20250518_193739\modules\reference.py,52A9A27FFF1B6E9144A69070F16585EF69BC8D74C92FDFAE9DED2604D34D224A
C:\clean_rebuild\logs\trace\SNS_Snapshots\SNS_24_SNAPSHOT_20250518_193739\modules\regexopt.py,A67B8D554C9111DB38DF98EF79674F5B75024747629A7A11F9B54350FC9A607F
C:\clean_rebuild\logs\trace\SNS_Snapshots\SNS_24_SNAPSHOT_20250518_193739\modules\region.py,917937C68C7185D227820324A1B367E37040E44474BC2D0937C1589BBA1ECE75
C:\clean_rebuild\logs\trace\SNS_Snapshots\SNS_24_SNAPSHOT_20250518_193739\modules\registries.py,E5543EE187BB5D3F73BD04C68FE863933D78883BC6181E13D3E4F72819F37158
C:\clean_rebuild\logs\trace\SNS_Snapshots\SNS_24_SNAPSHOT_20250518_193739\modules\relative_locator.py,AF06245BE6641D077612747150160D340634F59603A74A5E1162BE87DE547CC3
C:\clean_rebuild\logs\trace\SNS_Snapshots\SNS_24_SNAPSHOT_20250518_193739\modules\remote_connection.py,D1E243333F0972D963D07404DE7C45078820059657E67525712DDAC75388DF94
C:\clean_rebuild\logs\trace\SNS_Snapshots\SNS_24_SNAPSHOT_20250518_193739\modules\replace.py,87F80E0301EBAD66D788604F88C3B896F4DBEE291CF91E6AF239C352C009C00E
C:\clean_rebuild\logs\trace\SNS_Snapshots\SNS_24_SNAPSHOT_20250518_193739\modules\reply_to_media_comments.py,BAEA9107D0D7305C0AC05873C5947C255966B00EB8412757F62656CA88117888
C:\clean_rebuild\logs\trace\SNS_Snapshots\SNS_24_SNAPSHOT_20250518_193739\modules\report.py,EA6ECD3AFD5ADB8E7BED9889A315FCF62A7925E3A07F63B517DE5FEBED4AE5A3
C:\clean_rebuild\logs\trace\SNS_Snapshots\SNS_24_SNAPSHOT_20250518_193739\modules\reporter.py,6CC3700E239015CADF5378A2FC91241E61999649D5AC4CC720D22BAF1FAFC1B4
C:\clean_rebuild\logs\trace\SNS_Snapshots\SNS_24_SNAPSHOT_20250518_193739\modules\reporters.py,50CABB1E209BCC45542ACB5A0A4F6090E984902C06CB1736F8261432294274C8
C:\clean_rebuild\logs\trace\SNS_Snapshots\SNS_24_SNAPSHOT_20250518_193739\modules\reports.py,3017BFA25226EB105E9EA1906E5C3556D24DD34D8880B0C9174FBCCCCFC3A8DE
C:\clean_rebuild\logs\trace\SNS_Snapshots\SNS_24_SNAPSHOT_20250518_193739\modules\report_generator.py,D937B5C02A8ED057C5B1EA3A71C5AC181623AFEB31872122BA931A06472C182E
C:\clean_rebuild\logs\trace\SNS_Snapshots\SNS_24_SNAPSHOT_20250518_193739\modules\repost_best_photos_from_users.py,CD145A082EEAABFF9BE38813BEECEF46FB1067E109FA9BED21D175E0EDD76907
C:\clean_rebuild\logs\trace\SNS_Snapshots\SNS_24_SNAPSHOT_20250518_193739\modules\repost_photo.py,8562A107354BCA069A70C6F292F39A93EF6C1FD8F6DD317E61EAFA689D2698BF
C:\clean_rebuild\logs\trace\SNS_Snapshots\SNS_24_SNAPSHOT_20250518_193739\modules\repr.py,464D65E676548E463B3F07204A8D19174B8278B4E93DF240DE1E0805EBAF91C2
C:\clean_rebuild\logs\trace\SNS_Snapshots\SNS_24_SNAPSHOT_20250518_193739\modules\representer.py,62F7DD5F4944CA6295022D8C88DD0A628DEC4C07F08ACA91308EB13A10D70E1F
C:\clean_rebuild\logs\trace\SNS_Snapshots\SNS_24_SNAPSHOT_20250518_193739\modules\request.py,9C0C702B4D60DBB231F6472D8BB1C0532CE82113EB0C4CBF71BDB3F1E5922C75
C:\clean_rebuild\logs\trace\SNS_Snapshots\SNS_24_SNAPSHOT_20250518_193739\modules\requirements.py,B09E30455197E819A43A6BC73754D444E7952297A0C0723FDF65C19F4C495134
C:\clean_rebuild\logs\trace\SNS_Snapshots\SNS_24_SNAPSHOT_20250518_193739\modules\req_command.py,F36EC2121077AF1A6175FB8B7F76A68DCC7EB22445421C37773AE5EF91FD64F6
C:\clean_rebuild\logs\trace\SNS_Snapshots\SNS_24_SNAPSHOT_20250518_193739\modules\req_file.py,884703A91D103342F50D9938E8A1E42495B765C13B83442C4823937E457258BA
C:\clean_rebuild\logs\trace\SNS_Snapshots\SNS_24_SNAPSHOT_20250518_193739\modules\req_install.py,F759C8C98A7C12C1CA1F22BB599509B826312E0E6F94925F35E5C9FCFDF400CB
C:\clean_rebuild\logs\trace\SNS_Snapshots\SNS_24_SNAPSHOT_20250518_193739\modules\req_set.py,F3CE13197F9486F52094F31E6B703E014C07521BF0269FD9324E0A382443D986
C:\clean_rebuild\logs\trace\SNS_Snapshots\SNS_24_SNAPSHOT_20250518_193739\modules\req_uninstall.py,84F9B6FDB9C0C84BAC87F2431F8A6DDF3749F1AFD2D65B580DD587ECA786C54B
C:\clean_rebuild\logs\trace\SNS_Snapshots\SNS_24_SNAPSHOT_20250518_193739\modules\resample.py,DC946E541B0CF040FAB80C04FE28DD0802CE753BB77B28DA125917EE877DE279
C:\clean_rebuild\logs\trace\SNS_Snapshots\SNS_24_SNAPSHOT_20250518_193739\modules\reset_following.py,3F56A85EF14C37D14C7A8E0046B2C621B9784D67FDE408B94FE46897F9C84DC4
C:\clean_rebuild\logs\trace\SNS_Snapshots\SNS_24_SNAPSHOT_20250518_193739\modules\reshape.py,26302DCD3A94D4008522C3B4D5D3551CACC879A4394CD9F65F7590CDB98363DC
C:\clean_rebuild\logs\trace\SNS_Snapshots\SNS_24_SNAPSHOT_20250518_193739\modules\reshaping.py,3F042AD582E85B6ED4BF07C6C33764E6209F863CD9022291B272A28AD1AC0E67
C:\clean_rebuild\logs\trace\SNS_Snapshots\SNS_24_SNAPSHOT_20250518_193739\modules\Resize.py,5B5BF434554EE99FFC14D5D5E6F2276B9388D9012F72CE3DB521CF952B7FD9D9
C:\clean_rebuild\logs\trace\SNS_Snapshots\SNS_24_SNAPSHOT_20250518_193739\modules\resolver.py,B5AACFF424C8D4E268917C01E4A2B4E43841D8489873954BF7D29534B477B5D5
C:\clean_rebuild\logs\trace\SNS_Snapshots\SNS_24_SNAPSHOT_20250518_193739\modules\resolvers.py,6BD806FC2527D306154980EDF744A5C8519D36800FB2E28E0C1C00E971EA6635
C:\clean_rebuild\logs\trace\SNS_Snapshots\SNS_24_SNAPSHOT_20250518_193739\modules\resources.py,EB16B5681D1844853D804D26EC2269DA877C072844E0748654825E1BF7FE58D9
C:\clean_rebuild\logs\trace\SNS_Snapshots\SNS_24_SNAPSHOT_20250518_193739\modules\response.py,3E8EF4DACF5F4718C135922E1E88BED28D298ED838BB740454B3584FA03B90ED
C:\clean_rebuild\logs\trace\SNS_Snapshots\SNS_24_SNAPSHOT_20250518_193739\modules\response_2db98846.py,0DB3802D35079B64FC1781D1643694F89AC160308CE4596FEB40F3F4C749FBEC
C:\clean_rebuild\logs\trace\SNS_Snapshots\SNS_24_SNAPSHOT_20250518_193739\modules\resultdict.py,57257E3AB675FB8BC96C81D26A694D254EF07CD24AE4CFD1CB62D6D45ED12A86
C:\clean_rebuild\logs\trace\SNS_Snapshots\SNS_24_SNAPSHOT_20250518_193739\modules\results.py,F44534B16A143DE116F74D25E29D3B5926A8045EB14FC612D8EB90928045F198
C:\clean_rebuild\logs\trace\SNS_Snapshots\SNS_24_SNAPSHOT_20250518_193739\modules\retry.py,4D90B4B7F3C10875FCED5A461D31FAF6647F2366E71DACBD44A2973A4FD793BB
C:\clean_rebuild\logs\trace\SNS_Snapshots\SNS_24_SNAPSHOT_20250518_193739\modules\rewrite.py,EA84AB56A84594B5DCD83046A41E5F1FECD4A2F74ABBB20932B9296314C8F9F0
C:\clean_rebuild\logs\trace\SNS_Snapshots\SNS_24_SNAPSHOT_20250518_193739\modules\RFC1751.py,DFDB8CD578E00E485AD2070F24A3CFD7B0E75C972EBA73912B0BB59D8D67193B
C:\clean_rebuild\logs\trace\SNS_Snapshots\SNS_24_SNAPSHOT_20250518_193739\modules\rich.py,5CC7D50EC345E24B46F03DDDD30FE944846D93E7E53A6EBECAB61303965B621A
C:\clean_rebuild\logs\trace\SNS_Snapshots\SNS_24_SNAPSHOT_20250518_193739\modules\RIPEMD.py,E811E75C7B6A01CDFAF40C3EF330BDAF01EDD45AAF449396A669EB1FF78C8CC6
C:\clean_rebuild\logs\trace\SNS_Snapshots\SNS_24_SNAPSHOT_20250518_193739\modules\RIPEMD160.py,FE12E1513B3E8D68C6D9A380BB9CA519AC3CA205ABC242DEFA5A4E3F9A087249
C:\clean_rebuild\logs\trace\SNS_Snapshots\SNS_24_SNAPSHOT_20250518_193739\modules\robotparser.py,476395463F5F06DC624FE91A35B9A6889E198F5CE3BCDF2B0C39FFDE009350A0
C:\clean_rebuild\logs\trace\SNS_Snapshots\SNS_24_SNAPSHOT_20250518_193739\modules\rolling.py,26FD7A248F07ECDCCFB9030C64E4BDD842C3E589C09C593C766BE9F8070A542B
C:\clean_rebuild\logs\trace\SNS_Snapshots\SNS_24_SNAPSHOT_20250518_193739\modules\roperator.py,E6F7BB4B38B5E4819954DCB90F9F064866B4E91C22BE07AB54A5C2EF2D46CF5A
C:\clean_rebuild\logs\trace\SNS_Snapshots\SNS_24_SNAPSHOT_20250518_193739\modules\Rotate.py,236546969BFD26B5771D62E91E07F4E422EF524046D479EB8987770F829E7D49
C:\clean_rebuild\logs\trace\SNS_Snapshots\SNS_24_SNAPSHOT_20250518_193739\modules\RSA.py,269EB213586157BD8C65178BFA03911C1AA85C4A365E356337B99DC4C4E8B7F6
C:\clean_rebuild\logs\trace\SNS_Snapshots\SNS_24_SNAPSHOT_20250518_193739\modules\rtf.py,1C8788FBE6AC0512B826C01F49BAB25FBA1A1075E8993B2DEF54479D0982892A
C:\clean_rebuild\logs\trace\SNS_Snapshots\SNS_24_SNAPSHOT_20250518_193739\modules\rule.py,0E5EE38129BA1B2EA5ECB78DD2AA8E46A9D99FC7FD2D51EA0999B2F4E144601E
C:\clean_rebuild\logs\trace\SNS_Snapshots\SNS_24_SNAPSHOT_20250518_193739\modules\rules.py,9508D9F9ED0B000AD7366B28E5CE87FC8A976620DD99C9A6826577B73B49E142
C:\clean_rebuild\logs\trace\SNS_Snapshots\SNS_24_SNAPSHOT_20250518_193739\modules\RUN-01.py,3B542206790B50CE02430CFEE58236BCD07D5213927E1DCA4B42A07642B4850F
C:\clean_rebuild\logs\trace\SNS_Snapshots\SNS_24_SNAPSHOT_20250518_193739\modules\RUN-02.py,DD267C97F53B681A7CC6C0EC58BB72070A1C6116F717508255DA538A80777B9C
C:\clean_rebuild\logs\trace\SNS_Snapshots\SNS_24_SNAPSHOT_20250518_193739\modules\RUN-03.py,5E6C9366013C26C2DC200AF21817ECB43C655FEA2E17C7FDEBAF8816D2BD3735
C:\clean_rebuild\logs\trace\SNS_Snapshots\SNS_24_SNAPSHOT_20250518_193739\modules\run.py,3941B4A0BA00ACE2269BB80EC826A46D4E8617F23D8F33030FEE8CFAB4CC57A0
C:\clean_rebuild\logs\trace\SNS_Snapshots\SNS_24_SNAPSHOT_20250518_193739\modules\runner.py,27E435FF6FFB564A2139C81BE2DE3FD4243E270631E68E123AA794BF6779FF43
C:\clean_rebuild\logs\trace\SNS_Snapshots\SNS_24_SNAPSHOT_20250518_193739\modules\runner_afc97d3e.py,27E435FF6FFB564A2139C81BE2DE3FD4243E270631E68E123AA794BF6779FF43
C:\clean_rebuild\logs\trace\SNS_Snapshots\SNS_24_SNAPSHOT_20250518_193739\modules\runner_c2a8182a.py,27E435FF6FFB564A2139C81BE2DE3FD4243E270631E68E123AA794BF6779FF43
C:\clean_rebuild\logs\trace\SNS_Snapshots\SNS_24_SNAPSHOT_20250518_193739\modules\runtime.py,AA6C1D58AAA0076DF3C6B7BB776222595336E8DE2570E3F4E10E660CB3BC8FC2
C:\clean_rebuild\logs\trace\SNS_Snapshots\SNS_24_SNAPSHOT_20250518_193739\modules\saferepr.py,9E5EAE7E62673C1A92BDD0CEA441A9BB5BEE92B85F292AB1F390075DBAC6E15E
C:\clean_rebuild\logs\trace\SNS_Snapshots\SNS_24_SNAPSHOT_20250518_193739\modules\Salsa20.py,80A7769DE32A81B8FB8CBE362066FF80711D630C0BEB39235246E4FD53E11870
C:\clean_rebuild\logs\trace\SNS_Snapshots\SNS_24_SNAPSHOT_20250518_193739\modules\sample.py,F197274EDEE7E91A244429C9AD6C2C1F472B9938D240C102BD023A9779AFB1CF
C:\clean_rebuild\logs\trace\SNS_Snapshots\SNS_24_SNAPSHOT_20250518_193739\modules\sas7bdat.py,586A01AD69D0CA7EAEBD9B9B26F94B06E405010C87CD729FDBC305953B58B372
C:\clean_rebuild\logs\trace\SNS_Snapshots\SNS_24_SNAPSHOT_20250518_193739\modules\sasreader.py,D905310A4662D133E438ACEA1F6DE2A4077B6BAF7B78D7FCA7B4207C62E328ED
C:\clean_rebuild\logs\trace\SNS_Snapshots\SNS_24_SNAPSHOT_20250518_193739\modules\sas_constants.py,B9DA347004E1EE9AE0F12ED1B9A6382B3C7645CAAE04E6118B7498B7305F5FC0
C:\clean_rebuild\logs\trace\SNS_Snapshots\SNS_24_SNAPSHOT_20250518_193739\modules\sas_xport.py,18736481E025A412DC8ACF9554BC64B281F43A7417BCD45B9B12C00B545672F5
C:\clean_rebuild\logs\trace\SNS_Snapshots\SNS_24_SNAPSHOT_20250518_193739\modules\save_unfollowers_into_file.py,59EAEA26F75AE8EE2092C890803381743D59902F0668C157E458743E01548FA0
C:\clean_rebuild\logs\trace\SNS_Snapshots\SNS_24_SNAPSHOT_20250518_193739\modules\save_users_followers_into_file.py,CD47FEDBA93E06F0290089A7260B0AE7319EFC68811A65FD4510336DB33DAB27
C:\clean_rebuild\logs\trace\SNS_Snapshots\SNS_24_SNAPSHOT_20250518_193739\modules\save_users_following_into_file.py,7ADF16F611B48A1A8C54F9F8A1DC0905E721D626B5E9E6EE22D88F284C5E3D0C
C:\clean_rebuild\logs\trace\SNS_Snapshots\SNS_24_SNAPSHOT_20250518_193739\modules\save_users_following_into_file_df0db014.py,7ADF16F611B48A1A8C54F9F8A1DC0905E721D626B5E9E6EE22D88F284C5E3D0C
C:\clean_rebuild\logs\trace\SNS_Snapshots\SNS_24_SNAPSHOT_20250518_193739\modules\sbcharsetprober.py,F881C9B3F3198F8A1790947DF437B26D8B981DD6646D53AF1163134FC750668E
C:\clean_rebuild\logs\trace\SNS_Snapshots\SNS_24_SNAPSHOT_20250518_193739\modules\sbcsgroupprober.py,8794EE2FFEE1CBF138F699AF45EBCCA3209609B07022439A95C9F4CA2CC9FD82
C:\clean_rebuild\logs\trace\SNS_Snapshots\SNS_24_SNAPSHOT_20250518_193739\modules\scalars.py,29F0988C323147D1B6CA9A824092903AE056C622EAAC6095DFCAB424DDD3AAF0
C:\clean_rebuild\logs\trace\SNS_Snapshots\SNS_24_SNAPSHOT_20250518_193739\modules\scanner.py,1D6C6E1BCE5C99A79699D1B6305A66C7BE72217EF3E2653F27C4D6821D036B5E
C:\clean_rebuild\logs\trace\SNS_Snapshots\SNS_24_SNAPSHOT_20250518_193739\modules\scheduler.py,477B77C7D27D07FB26918CA24E30830B360968720C87C9B91B7AAB711533332E
C:\clean_rebuild\logs\trace\SNS_Snapshots\SNS_24_SNAPSHOT_20250518_193739\modules\schema.py,EBAB7B75014C093908CED227D3DFF9388BDA5C2783113A5C5940A7D68EB0696E
C:\clean_rebuild\logs\trace\SNS_Snapshots\SNS_24_SNAPSHOT_20250518_193739\modules\scheme.py,AEE034B8B61995E6E269FCE1D0954B6E2CCEEE611F8AF39420C184D0F5E4CB44
C:\clean_rebuild\logs\trace\SNS_Snapshots\SNS_24_SNAPSHOT_20250518_193739\modules\scimath.py,1E016DDE25AB81CC6057863A53EC7265904CFCC31EC17EB6B8FF0784EC61BDE6
C:\clean_rebuild\logs\trace\SNS_Snapshots\SNS_24_SNAPSHOT_20250518_193739\modules\scimath_059dbc2d.py,1E016DDE25AB81CC6057863A53EC7265904CFCC31EC17EB6B8FF0784EC61BDE6
C:\clean_rebuild\logs\trace\SNS_Snapshots\SNS_24_SNAPSHOT_20250518_193739\modules\scipy_sparse.py,6B0F87F17E067722455D57827FB046838702FD70D93079BACE8FBBF44C921244
C:\clean_rebuild\logs\trace\SNS_Snapshots\SNS_24_SNAPSHOT_20250518_193739\modules\scope.py,8DAAA1D8088579B7FB4022008C5764C3CFA868163D3FB594C91D7CD3660817B8
C:\clean_rebuild\logs\trace\SNS_Snapshots\SNS_24_SNAPSHOT_20250518_193739\modules\screen.py,0AB5826EFD7665BB126FFAC730007D8E7DF61701B1AAF55C38BA3A3338BA28CB
C:\clean_rebuild\logs\trace\SNS_Snapshots\SNS_24_SNAPSHOT_20250518_193739\modules\script_key.py,AF91D1A51569A3CAB620CB4D5465576667D64CE56F37D6FB1D514FAA31C86159
C:\clean_rebuild\logs\trace\SNS_Snapshots\SNS_24_SNAPSHOT_20250518_193739\modules\Scroll.py,85CC362AB50672F429C5297D0D470452F6DEFAACEE65C3DAF0EC725E7D789520
C:\clean_rebuild\logs\trace\SNS_Snapshots\SNS_24_SNAPSHOT_20250518_193739\modules\scrolledtext.py,3799A8EAB733B11F5883870C80DB65A1EFFEA2A3DACB782F1FE7ED2F27800C05
C:\clean_rebuild\logs\trace\SNS_Snapshots\SNS_24_SNAPSHOT_20250518_193739\modules\sdist.py,5A9CBB956B792FE6B80F35BE2FA4CF3B326992E0D6D5262273B544A1D7E82D0E
C:\clean_rebuild\logs\trace\SNS_Snapshots\SNS_24_SNAPSHOT_20250518_193739\modules\search.py,1B401A09D8325BCC38161FEA12A65EFF5DC04B7533E2377049BFD355ED3E4164
C:\clean_rebuild\logs\trace\SNS_Snapshots\SNS_24_SNAPSHOT_20250518_193739\modules\search_scope.py,C8A1533BBF3ABDF5D94B3C454987A8699699B35DF5C8F0DA07D164215ED219DA
C:\clean_rebuild\logs\trace\SNS_Snapshots\SNS_24_SNAPSHOT_20250518_193739\modules\SecretSharing.py,EABE3A74AEAC157C20958A37B78D967A48B479D8B121FCEE5D93905E8FCB0D09
C:\clean_rebuild\logs\trace\SNS_Snapshots\SNS_24_SNAPSHOT_20250518_193739\modules\SecretSharing_a3962db9.py,2CDF67137D343AF0FC0F1D0987B02708FDBC11FD87A6A5842DD4BD57FC4AC90D
C:\clean_rebuild\logs\trace\SNS_Snapshots\SNS_24_SNAPSHOT_20250518_193739\modules\securetransport.py,23DD20D030D59DA42E6E796AF08B9C3EFA6CC0EE82B02CD220EE2C015FBCEDC5
C:\clean_rebuild\logs\trace\SNS_Snapshots\SNS_24_SNAPSHOT_20250518_193739\modules\security.py,26E8B8E0B83485EC195BC2FBFE5B06BB35F074A68650E8D47071A2AE5F46C83B
C:\clean_rebuild\logs\trace\SNS_Snapshots\SNS_24_SNAPSHOT_20250518_193739\modules\segment.py,6400EBC7C534858D529D85DFD8CF5C4631C4D67B8E541D4078287D83A764DD03
C:\clean_rebuild\logs\trace\SNS_Snapshots\SNS_24_SNAPSHOT_20250518_193739\modules\selection_prefs.py,39F57B7C0F0E30E0D4245FC0562BAF2FF670ACC69BCE89B5A81157FFF936A4CB
C:\clean_rebuild\logs\trace\SNS_Snapshots\SNS_24_SNAPSHOT_20250518_193739\modules\selection_prefs_53a3cdb2.py,39F57B7C0F0E30E0D4245FC0562BAF2FF670ACC69BCE89B5A81157FFF936A4CB
C:\clean_rebuild\logs\trace\SNS_Snapshots\SNS_24_SNAPSHOT_20250518_193739\modules\selectn.py,CD59E60A42C13287AC3B0BDA8BFF8D8AEB04ACAD5CEEE2BE7222EEB1E3843CAA
C:\clean_rebuild\logs\trace\SNS_Snapshots\SNS_24_SNAPSHOT_20250518_193739\modules\select_custom.py,FC873D0E166745159661F74909AF490EF8BEECF614740918752FB7A9DF0B47AE
C:\clean_rebuild\logs\trace\SNS_Snapshots\SNS_24_SNAPSHOT_20250518_193739\modules\selenium_manager.py,AB4CB4A1EEDE967EDA2D97F67A5D54ECBDF3AE1A3315AA31151B39FC9434C809
C:\clean_rebuild\logs\trace\SNS_Snapshots\SNS_24_SNAPSHOT_20250518_193739\modules\self_outdated_check.py,85BAE6115ED936C36A8828D2E958044AF09008A9175C53910CAA43875822ACDD
C:\clean_rebuild\logs\trace\SNS_Snapshots\SNS_24_SNAPSHOT_20250518_193739\modules\serialize.py,5D9655A1EAF3AB27385BC09F64AAB1C9D40C0A3113F1F57F0868590C29B76CA6
C:\clean_rebuild\logs\trace\SNS_Snapshots\SNS_24_SNAPSHOT_20250518_193739\modules\serializer.py,CC81911EE49C28A257857FE463166422AD4BE8063EE0B5A5F12C8411F093AFE3
C:\clean_rebuild\logs\trace\SNS_Snapshots\SNS_24_SNAPSHOT_20250518_193739\modules\series.py,080D91C5E93198B5B40B9D01442403275FC4BE72A09F1431B1C1E5104060DEEE
C:\clean_rebuild\logs\trace\SNS_Snapshots\SNS_24_SNAPSHOT_20250518_193739\modules\server.py,66FF49D0644E3C7B6D52456B695BF5592E8000BE219DC4ACF3A233E423BC394E
C:\clean_rebuild\logs\trace\SNS_Snapshots\SNS_24_SNAPSHOT_20250518_193739\modules\service.py,163E867A2AB20306AC5FA6D4214B54D75F1278D8B57E97DCD3D03F8D9F83A408
C:\clean_rebuild\logs\trace\SNS_Snapshots\SNS_24_SNAPSHOT_20250518_193739\modules\service_worker.py,355E036A2FC8043C3C051DAD74CCEECABFA67C6087BB16684C43B4D68E70E739
C:\clean_rebuild\logs\trace\SNS_Snapshots\SNS_24_SNAPSHOT_20250518_193739\modules\sessions.py,A46446857A9E5B0F33BB1E15283036281EF9D2E38C23D2B60E1CCD82DA3394B7
C:\clean_rebuild\logs\trace\SNS_Snapshots\SNS_24_SNAPSHOT_20250518_193739\modules\setitem.py,62377A76C761D243C5272819E44874AFAB7CB2D052C277DA08B7C6B541F61CDD
C:\clean_rebuild\logs\trace\SNS_Snapshots\SNS_24_SNAPSHOT_20250518_193739\modules\setup.py,B4F43D9BA76BE3C252BCBA60995F9A567316315D22B25CE54ABCA7079C866036
C:\clean_rebuild\logs\trace\SNS_Snapshots\SNS_24_SNAPSHOT_20250518_193739\modules\setuponly.py,520348CCD2911BD14E598A3E6F2A0C5A0625DD88D5D4895077BB0F46A8C33FD2
C:\clean_rebuild\logs\trace\SNS_Snapshots\SNS_24_SNAPSHOT_20250518_193739\modules\setupplan.py,27DB3D86DD56F320D97B44188CC6B17D65AE541AD8AE5AB2C18E9A1C6D4BA53B
C:\clean_rebuild\logs\trace\SNS_Snapshots\SNS_24_SNAPSHOT_20250518_193739\modules\setuptools_build.py,FED534F9E3BD8AED101F2F5253763D646B69DD7D53AFC49C9155D798C5CDC3A2
C:\clean_rebuild\logs\trace\SNS_Snapshots\SNS_24_SNAPSHOT_20250518_193739\modules\SgiImagePlugin.py,6F3CE3AE33248B2B3E97241983A91570A49F1D7F3FF74748E51417C8C3F80F19
C:\clean_rebuild\logs\trace\SNS_Snapshots\SNS_24_SNAPSHOT_20250518_193739\modules\SHA.py,C86BAD9D4AFFEAC58CE3884195E177E1418721C8E3B70684ACDDC36E74BC943F
C:\clean_rebuild\logs\trace\SNS_Snapshots\SNS_24_SNAPSHOT_20250518_193739\modules\SHA1.py,C087874E666D7D20A8D4CCAE9A41920646392ABEAFD3A619ED20106B30F649DD
C:\clean_rebuild\logs\trace\SNS_Snapshots\SNS_24_SNAPSHOT_20250518_193739\modules\SHA224.py,597C703096DBBDB5C6D7BF2D906561AB9886AE47AE17ACB1762031CA9B502655
C:\clean_rebuild\logs\trace\SNS_Snapshots\SNS_24_SNAPSHOT_20250518_193739\modules\SHA256.py,02F021B8543609173C3DDD8C9B48264732F9A98D9C03A0F3B6B1080848C16297
C:\clean_rebuild\logs\trace\SNS_Snapshots\SNS_24_SNAPSHOT_20250518_193739\modules\SHA384.py,29810C110F16F1A74A1D8A7FE5A61628DCFE95BAD0839C2A0F0E16C758CFC58C
C:\clean_rebuild\logs\trace\SNS_Snapshots\SNS_24_SNAPSHOT_20250518_193739\modules\SHA3_224.py,6D2BD6786DA7F5CD86F668BF009E421A55CBC99A26AD852FECB88551E0EAD07F
C:\clean_rebuild\logs\trace\SNS_Snapshots\SNS_24_SNAPSHOT_20250518_193739\modules\SHA3_256.py,454599AC408E1FC0C3DB0A009C37F5F5E53F6591E3145FFABACA5860AB4F199B
C:\clean_rebuild\logs\trace\SNS_Snapshots\SNS_24_SNAPSHOT_20250518_193739\modules\SHA3_384.py,700DC1BB2BAF73ECE3B40F6F22C27E4CAFC5DBDF3CACD0B476C7E1576D2A3452
C:\clean_rebuild\logs\trace\SNS_Snapshots\SNS_24_SNAPSHOT_20250518_193739\modules\SHA3_512.py,8A7F74CDCB441345C61B377A9B2B12EC35DE89C684420BB39C131CF9E2BE8220
C:\clean_rebuild\logs\trace\SNS_Snapshots\SNS_24_SNAPSHOT_20250518_193739\modules\SHA512.py,962C438B0E05BD9A756E51AC25EE8E00586975A800285111B12A92F1E5CDDB6F
C:\clean_rebuild\logs\trace\SNS_Snapshots\SNS_24_SNAPSHOT_20250518_193739\modules\shadowroot.py,5EA68559CC9E3BBDF51013238FC554E07625645F6104FFC15053E2FB82E084A9
C:\clean_rebuild\logs\trace\SNS_Snapshots\SNS_24_SNAPSHOT_20250518_193739\modules\SHAKE128.py,583E162BBAF3BAAAE6738F9096361CB98D245FE3933742318A3562E9D99DAE99
C:\clean_rebuild\logs\trace\SNS_Snapshots\SNS_24_SNAPSHOT_20250518_193739\modules\SHAKE256.py,0E3AD1AE016AE32959D7816E0BFC6ACE9AF91A82CF57E7E82156D890C72466C2
C:\clean_rebuild\logs\trace\SNS_Snapshots\SNS_24_SNAPSHOT_20250518_193739\modules\shape.py,35C526EBB14F481EAFAB9DD380DB8114D1B7638D8FCA6F5B2E4ABAAC3AEE6963
C:\clean_rebuild\logs\trace\SNS_Snapshots\SNS_24_SNAPSHOT_20250518_193739\modules\shape_base.py,6513A1DC46CD17522E1CB17FD5E709D0D5E9C147FFFD15F0F0CD9B582D483B44
C:\clean_rebuild\logs\trace\SNS_Snapshots\SNS_24_SNAPSHOT_20250518_193739\modules\shared.py,B545C23097E93E133475CA74407F249030325B38284B99F1C3AF86327719CFEC
C:\clean_rebuild\logs\trace\SNS_Snapshots\SNS_24_SNAPSHOT_20250518_193739\modules\shared_docs.py,D174A6E2CBA8B98824A66037CD0613D4823568976FF1B4FC105411CD78A729A2
C:\clean_rebuild\logs\trace\SNS_Snapshots\SNS_24_SNAPSHOT_20250518_193739\modules\show.py,A284F20C3CF4CC165DDE565E062FDC88D2008DE2794E365245028DCE57CB4650
C:\clean_rebuild\logs\trace\SNS_Snapshots\SNS_24_SNAPSHOT_20250518_193739\modules\simple.py,697BEDF6208E575961411D75C555A04085D7C9744728E05F0AD4E3B61645B4CD
C:\clean_rebuild\logs\trace\SNS_Snapshots\SNS_24_SNAPSHOT_20250518_193739\modules\simpledialog.py,191CBA7BA3594482E411FA528A37834FF5C418837A4195CE5EFCDA140BB83DDD
C:\clean_rebuild\logs\trace\SNS_Snapshots\SNS_24_SNAPSHOT_20250518_193739\modules\simpleitk.py,2BA9C7D7828F21CDE475E0C9DFCD562044D2078291F004E4955744B31DB42A0D
C:\clean_rebuild\logs\trace\SNS_Snapshots\SNS_24_SNAPSHOT_20250518_193739\modules\simple_py3.py,381A680E67F9BB86D16E5BA0A2488E673B9F112B049A8534DCCAA2A4446B8CB8
C:\clean_rebuild\logs\trace\SNS_Snapshots\SNS_24_SNAPSHOT_20250518_193739\modules\singleton.py,5B4F464FEACE43E3F044CC4E154017F10759DAD52EA334FFC0E546B6DC25BBCF
C:\clean_rebuild\logs\trace\SNS_Snapshots\SNS_24_SNAPSHOT_20250518_193739\modules\six.py,63C8320D8AA7BAC4FA3FA9467B46595FB9DB2BA8770BF64BFF9CB4E998B95D5C
C:\clean_rebuild\logs\trace\SNS_Snapshots\SNS_24_SNAPSHOT_20250518_193739\modules\sjisprober.py,1AD82CB30F88C5DE59B87B7D4F03A5D9DC0BAACFAD89487101E1B15E1004AD92
C:\clean_rebuild\logs\trace\SNS_Snapshots\SNS_24_SNAPSHOT_20250518_193739\modules\skipping.py,73BA7666DC899146805C66D052064662BF99B641C9A7F559D5202BE19FD8A8BE
C:\clean_rebuild\logs\trace\SNS_Snapshots\SNS_24_SNAPSHOT_20250518_193739\modules\slack.py,82C132A31F538EE84A9612A1450E8743B148B87236D85B0304E09D87C78DEA28
C:\clean_rebuild\logs\trace\SNS_Snapshots\SNS_24_SNAPSHOT_20250518_193739\modules\SlideIn.py,E01AF0E430BADCE21A5F23C3025796C4B23C98BC85AC1F61CA6DB4C8337B102E
C:\clean_rebuild\logs\trace\SNS_Snapshots\SNS_24_SNAPSHOT_20250518_193739\modules\SlideOut.py,DD0940EB61E17C8ED95EBD61583697B706E8C9ADB4865C50FF66D10E53EFC6A1
C:\clean_rebuild\logs\trace\SNS_Snapshots\SNS_24_SNAPSHOT_20250518_193739\modules\socketserver.py,21318FDACE99A183730A4DC772471D51892986079C82BFE62CB1EF4071AAD7F2
C:\clean_rebuild\logs\trace\SNS_Snapshots\SNS_24_SNAPSHOT_20250518_193739\modules\socket_custom.py,F15928CA0792A6C647238A08952B76D548C6AEC6FED8F4AC1288003ABEA8A350
C:\clean_rebuild\logs\trace\SNS_Snapshots\SNS_24_SNAPSHOT_20250518_193739\modules\socket_options.py,F972E9821259A0B180850AF30DE357999B84BFDD108D8FE7A52CA0C004AF5C6A
C:\clean_rebuild\logs\trace\SNS_Snapshots\SNS_24_SNAPSHOT_20250518_193739\modules\socks.py,80945A9E2ED0FF1452004F20DAD62C45C96ECB06D214CC122429DFAC8A1E3EC3
C:\clean_rebuild\logs\trace\SNS_Snapshots\SNS_24_SNAPSHOT_20250518_193739\modules\sockshandler.py,B7EB5E44E4FF19E3A7C163FC8F5AB9DE36F02AA94B89EB1F5BDEA2012305814E
C:\clean_rebuild\logs\trace\SNS_Snapshots\SNS_24_SNAPSHOT_20250518_193739\modules\sorteddict.py,1F99A6ABEA3102E5BD6CEE803B5E8ED99153E558B2D809C1DBA65B6C205527BB
C:\clean_rebuild\logs\trace\SNS_Snapshots\SNS_24_SNAPSHOT_20250518_193739\modules\sortedlist.py,FFA1188655E331D1E11CCB743D1764AA26D04BCC3D59CA988080EEC342AC1B0C
C:\clean_rebuild\logs\trace\SNS_Snapshots\SNS_24_SNAPSHOT_20250518_193739\modules\sortedset.py,8DCBE6EAEDED1AF65E8D245333557E434F27DC8BEEE7601F790224DCAA9CF6CA
C:\clean_rebuild\logs\trace\SNS_Snapshots\SNS_24_SNAPSHOT_20250518_193739\modules\sorting.py,468F38C2B84E3783350548A34974355A1F2427B0BCD68A50CDF3490D1F6E9E6B
C:\clean_rebuild\logs\trace\SNS_Snapshots\SNS_24_SNAPSHOT_20250518_193739\modules\source.py,6A5ADAD5EC780ACDBA5FF6D7855A9E76E36F3BA29F9E4DA109034450AD78A745
C:\clean_rebuild\logs\trace\SNS_Snapshots\SNS_24_SNAPSHOT_20250518_193739\modules\sources.py,E4FDB88E18E74EDBF56E4547BAF9A969F73B99E3392A4F76186EEA7D57F67D20
C:\clean_rebuild\logs\trace\SNS_Snapshots\SNS_24_SNAPSHOT_20250518_193739\modules\source_cdba5f46.py,BB69C2BBBC0A85C73C6923FCFD42304803DDAE7274E07972CE2369E975E55E44
C:\clean_rebuild\logs\trace\SNS_Snapshots\SNS_24_SNAPSHOT_20250518_193739\modules\spe.py,FD961F2D5EDCD85CBD6C90741682CD8109E7CC5F00280D62276D61ACD2C32833
C:\clean_rebuild\logs\trace\SNS_Snapshots\SNS_24_SNAPSHOT_20250518_193739\modules\specifiers.py,DD585F626A09AC40C41D838485F69DE1FD5D618D510EBC60FABC3C419903C163
C:\clean_rebuild\logs\trace\SNS_Snapshots\SNS_24_SNAPSHOT_20250518_193739\modules\sphinxext.py,508AC6C63CC9741ED87E120A5DF2F08DB3A1930BDE9FED281A36C843C4B506D1
C:\clean_rebuild\logs\trace\SNS_Snapshots\SNS_24_SNAPSHOT_20250518_193739\modules\SpiderImagePlugin.py,549E929D5E6020D4C04C73A321431AFC86416E765C3A203F280FAEE8F2E76E8B
C:\clean_rebuild\logs\trace\SNS_Snapshots\SNS_24_SNAPSHOT_20250518_193739\modules\spinner.py,B3A49C780199E42A0C19800C7AC9F5E985AABD6E2F5439DBB793DAD32369A2CE
C:\clean_rebuild\logs\trace\SNS_Snapshots\SNS_24_SNAPSHOT_20250518_193739\modules\spinners.py,7D36CC1FA91047E67558280DDBA9CB3D8CF2F83B5261881E7F2B11133C4FE6C3
C:\clean_rebuild\logs\trace\SNS_Snapshots\SNS_24_SNAPSHOT_20250518_193739\modules\spinner_62dbce11.py,B3A49C780199E42A0C19800C7AC9F5E985AABD6E2F5439DBB793DAD32369A2CE
C:\clean_rebuild\logs\trace\SNS_Snapshots\SNS_24_SNAPSHOT_20250518_193739\modules\spss.py,CD436208F92B203412F443DA4BB8C495E415500E01716A83C3BECA7CC92F0EEE
C:\clean_rebuild\logs\trace\SNS_Snapshots\SNS_24_SNAPSHOT_20250518_193739\modules\sql.py,10CE1C67DAA4DB19B2480870DB551D6D63BE59206734AF74DFE53EC496061F85
C:\clean_rebuild\logs\trace\SNS_Snapshots\SNS_24_SNAPSHOT_20250518_193739\modules\ssltransport.py,AD3B0BFC90BA63FF7E57BAF29EF425F3B0C7CF9963F1F26F6CEAED1FC3905B73
C:\clean_rebuild\logs\trace\SNS_Snapshots\SNS_24_SNAPSHOT_20250518_193739\modules\ssl_.py,9F8A3163D39FECA32300B0477ADA61378B60EDD59788B1F26485034E863F85BD
C:\clean_rebuild\logs\trace\SNS_Snapshots\SNS_24_SNAPSHOT_20250518_193739\modules\ssl_match_hostname.py,0D385AB0A457B2410B32EEB5CD55C36B6CCF3B210D0766708DE1C8544CCF5659
C:\clean_rebuild\logs\trace\SNS_Snapshots\SNS_24_SNAPSHOT_20250518_193739\modules\ssl_servers.py,DBD60764CB33115C3C8FC614DB190C93FD3A7B848633319E1C8B7FBC92CF6D63
C:\clean_rebuild\logs\trace\SNS_Snapshots\SNS_24_SNAPSHOT_20250518_193739\modules\stash.py,ED8E6C98AB269C930994C2C27BF99FB587575EF3A5373D51DA969445F7A9CE0A
C:\clean_rebuild\logs\trace\SNS_Snapshots\SNS_24_SNAPSHOT_20250518_193739\modules\stata.py,2F3D5DAE29E02605E642767F0DB7950E23AF0EEE3534FA12A20580500EDD2D55
C:\clean_rebuild\logs\trace\SNS_Snapshots\SNS_24_SNAPSHOT_20250518_193739\modules\status.py,9F123A7085CBCFA9C68E2177DD3E886D934BF908189B85541DE0B17F435A0FF0
C:\clean_rebuild\logs\trace\SNS_Snapshots\SNS_24_SNAPSHOT_20250518_193739\modules\status_codes.py,D71681DF6946F0D7F59CC97FE9ED32CB9CF6232BEFF35393529B87C17806B1F5
C:\clean_rebuild\logs\trace\SNS_Snapshots\SNS_24_SNAPSHOT_20250518_193739\modules\stepwise.py,07BC5809C917CDB9B41C611D9F507E0F1F294199EA0049396E1A1F06312D6E1D
C:\clean_rebuild\logs\trace\SNS_Snapshots\SNS_24_SNAPSHOT_20250518_193739\modules\stop.py,E771EF4BA50D8C64F787D3B10073C4A6B999CBADC9D2815BB8D59639E2F27B02
C:\clean_rebuild\logs\trace\SNS_Snapshots\SNS_24_SNAPSHOT_20250518_193739\modules\stream.py,0F71C0DCB1A9111512D02D0A78E04C3A0CFD3123BCED771EB967F92A0D3757E4
C:\clean_rebuild\logs\trace\SNS_Snapshots\SNS_24_SNAPSHOT_20250518_193739\modules\streaming.py,F78D82BD7A895F951D36F7E983DF2DDCB5AE2F0AC18B9E23F6A03460CA7EEBC6
C:\clean_rebuild\logs\trace\SNS_Snapshots\SNS_24_SNAPSHOT_20250518_193739\modules\streaming_iterator.py,A19D87C08177106E5CBC60EC98EFF58EAA186353751E91EC31A3D58B5FCC3368
C:\clean_rebuild\logs\trace\SNS_Snapshots\SNS_24_SNAPSHOT_20250518_193739\modules\streamlit_login_system.py,74C52127878EE5F099C34F2C3F1260AC4CA8353495A617C99AB394E3B033E725
C:\clean_rebuild\logs\trace\SNS_Snapshots\SNS_24_SNAPSHOT_20250518_193739\modules\stride_tricks.py,043A85925590E1E540A00BED75BFF79D3D18C5778C64EB4FA7A9C1AFB80A1BAE
C:\clean_rebuild\logs\trace\SNS_Snapshots\SNS_24_SNAPSHOT_20250518_193739\modules\strings.py,6402970E6A48CCA45E59869497E178879161B7855527ECF4550A5157E59FD247
C:\clean_rebuild\logs\trace\SNS_Snapshots\SNS_24_SNAPSHOT_20250518_193739\modules\string_.py,F68605E6F0499036E7688E3697784B4F4534F12580C14D74EA121A3661E089F3
C:\clean_rebuild\logs\trace\SNS_Snapshots\SNS_24_SNAPSHOT_20250518_193739\modules\string_arrow.py,DA8E11803736891209B34E3910B92FA36B5238447167BED39C66F73DE7AC32F9
C:\clean_rebuild\logs\trace\SNS_Snapshots\SNS_24_SNAPSHOT_20250518_193739\modules\string_custom.py,47A65F1B5908404EA7DF2AAA351D39168D33281DE00A20E7E61FFEB207BAF230
C:\clean_rebuild\logs\trace\SNS_Snapshots\SNS_24_SNAPSHOT_20250518_193739\modules\structs.py,5FE330F5B26168A4EAE4C3BD5CE38C7DDFEBFBDEBDCCC947B19E5FD992FD1063
C:\clean_rebuild\logs\trace\SNS_Snapshots\SNS_24_SNAPSHOT_20250518_193739\modules\structures.py,039E2C695536F94DCAA7124F51FA0BC9E4F7BED571F257DDB0A2678DEF6448E3
C:\clean_rebuild\logs\trace\SNS_Snapshots\SNS_24_SNAPSHOT_20250518_193739\modules\strxor.py,3E36AE472CE5CFBA3B02DBF0CC2A132F868C6DA8002F5B8E895C873DDB79A029
C:\clean_rebuild\logs\trace\SNS_Snapshots\SNS_24_SNAPSHOT_20250518_193739\modules\style.py,588AB87E7E308D323CD0A104D8597F2DF83D0579050EE4A1403E172373B769FC
C:\clean_rebuild\logs\trace\SNS_Snapshots\SNS_24_SNAPSHOT_20250518_193739\modules\styled.py,CDABA8C793834428D421FF56F12EAED001E274EADF0F4B0CF3ED01BCA23FDC39
C:\clean_rebuild\logs\trace\SNS_Snapshots\SNS_24_SNAPSHOT_20250518_193739\modules\style_render.py,837A81A2EC4E8D7386BEB9821E336D59F3B3EE3DCC2F49F0AD6602BEBE2FBFD9
C:\clean_rebuild\logs\trace\SNS_Snapshots\SNS_24_SNAPSHOT_20250518_193739\modules\subprocesses.py,9B982D41DD740F9B3E02BF764100A635E616CE8CEED125396E7213EA5DFB8B94
C:\clean_rebuild\logs\trace\SNS_Snapshots\SNS_24_SNAPSHOT_20250518_193739\modules\subprocess_custom.py,A896F968606BCFD75769D52C05DA99C176191DF0D9EF39A348B71535CFCAE804
C:\clean_rebuild\logs\trace\SNS_Snapshots\SNS_24_SNAPSHOT_20250518_193739\modules\subtitles.py,BE06A9D13738272290F8F38B97750E6AE7E46B5FF7368725DDE8B0C23F516BD4
C:\clean_rebuild\logs\trace\SNS_Snapshots\SNS_24_SNAPSHOT_20250518_193739\modules\subtitles_17db718e.py,BE06A9D13738272290F8F38B97750E6AE7E46B5FF7368725DDE8B0C23F516BD4
C:\clean_rebuild\logs\trace\SNS_Snapshots\SNS_24_SNAPSHOT_20250518_193739\modules\subversion.py,5219CDCA900392CB4A0EE6D156969988690F9AEB565E62A5FD2D88A06C95CE4C
C:\clean_rebuild\logs\trace\SNS_Snapshots\SNS_24_SNAPSHOT_20250518_193739\modules\sum_.py,4FB766E67E96C29299E3A49291C6BA6352A95520A51D7075FA81A05E5550ED52
C:\clean_rebuild\logs\trace\SNS_Snapshots\SNS_24_SNAPSHOT_20250518_193739\modules\SunImagePlugin.py,D433D82AB7D05AC17873D29C44729E62004CB5A8425FDF2101B74AC6DC39E542
C:\clean_rebuild\logs\trace\SNS_Snapshots\SNS_24_SNAPSHOT_20250518_193739\modules\SunImagePlugin_fa3db123.py,D433D82AB7D05AC17873D29C44729E62004CB5A8425FDF2101B74AC6DC39E542
C:\clean_rebuild\logs\trace\SNS_Snapshots\SNS_24_SNAPSHOT_20250518_193739\modules\SuperSample.py,01613F6206E55D920FB61D196B44E4D2CED06A8141424F557A93B14E3344739D
C:\clean_rebuild\logs\trace\SNS_Snapshots\SNS_24_SNAPSHOT_20250518_193739\modules\support.py,343DF04E956D5E2372ACD1022796BB61B3FDCD95B11EAA16B733E07AC358E4AD
C:\clean_rebuild\logs\trace\SNS_Snapshots\SNS_24_SNAPSHOT_20250518_193739\modules\surrogateescape.py,0D85476C2DB1889507184BBA94B2F69BBB5FCCBE7345F687670D1BEDF4DAE6BC
C:\clean_rebuild\logs\trace\SNS_Snapshots\SNS_24_SNAPSHOT_20250518_193739\modules\svg.py,327DC1943A1A0B5F918EFD1E16F602AAC871D3586A1ED7332D2C6F0738756814
C:\clean_rebuild\logs\trace\SNS_Snapshots\SNS_24_SNAPSHOT_20250518_193739\modules\swf.py,74D2757AD9CDAB6137B9CD0C62F70EC456D52DF10D9B5A010A60A6620D1473BF
C:\clean_rebuild\logs\trace\SNS_Snapshots\SNS_24_SNAPSHOT_20250518_193739\modules\switch_to.py,379967E28679F058594786AA1751CA720C05A5B5863ADA8840F91ACEF46E8C32
C:\clean_rebuild\logs\trace\SNS_Snapshots\SNS_24_SNAPSHOT_20250518_193739\modules\symbolic.py,5D58647C0C87A2F7D53D6335B4D6A8858317946E4F9095A8D1C511801E793E81
C:\clean_rebuild\logs\trace\SNS_Snapshots\SNS_24_SNAPSHOT_20250518_193739\modules\syntax.py,80EC4719E3F94FA88B1621E24E840504AE68A57D9BC8BF8FF5FCC96D5FB1A056
C:\clean_rebuild\logs\trace\SNS_Snapshots\SNS_24_SNAPSHOT_20250518_193739\modules\sys.py,1D3447A1635B188D4DBA80688E79DF8F5EEED5917A5E976EBAD63E3DA3405F9B
C:\clean_rebuild\logs\trace\SNS_Snapshots\SNS_24_SNAPSHOT_20250518_193739\modules\system_info.py,42AB0A8D17DD35888AD8E40FBFE4A6F56EE5456F771D9EA7710CD9AFB018D4EE
C:\clean_rebuild\logs\trace\SNS_Snapshots\SNS_24_SNAPSHOT_20250518_193739\modules\table.py,A205B6545A57715E3B9BD9D70313CB3721EDE1AE6DE39A09B5F07022F7D8050F
C:\clean_rebuild\logs\trace\SNS_Snapshots\SNS_24_SNAPSHOT_20250518_193739\modules\tag.py,C372A3EC0679383F181AAA262EE2F0C6F10852AC2D1D89856E520B6ADB5870D4
C:\clean_rebuild\logs\trace\SNS_Snapshots\SNS_24_SNAPSHOT_20250518_193739\modules\tagmap.py,E9E3529C90EF6494C661782F0362F91D4DB8BD7C5E7DA8B612C466596A17B06B
C:\clean_rebuild\logs\trace\SNS_Snapshots\SNS_24_SNAPSHOT_20250518_193739\modules\tags.py,82C1171FAD183FEF247E8F4E9FF214A7C7C3E95DF895886AEA25BB16BC334271
C:\clean_rebuild\logs\trace\SNS_Snapshots\SNS_24_SNAPSHOT_20250518_193739\modules\take.py,6AC7192C4CC1A5B9B173BA56A21AF8165E1D9EA0B788584F538D034E6BB391DD
C:\clean_rebuild\logs\trace\SNS_Snapshots\SNS_24_SNAPSHOT_20250518_193739\modules\target.py,C27C819BC46B539535EACAE689B0D499C4D3B67BE9D01305C955DA415AE9EF27
C:\clean_rebuild\logs\trace\SNS_Snapshots\SNS_24_SNAPSHOT_20250518_193739\modules\target_python.py,897D4AD9E004F58CF9C99D58E5682BB04E7FA8AC76BCD2719F6495452D221F76
C:\clean_rebuild\logs\trace\SNS_Snapshots\SNS_24_SNAPSHOT_20250518_193739\modules\TarIO.py,2FB4FE93A4AB5977018CCE26B6DF5C367E63D67027104D782CF4E444BC3EC4BC
C:\clean_rebuild\logs\trace\SNS_Snapshots\SNS_24_SNAPSHOT_20250518_193739\modules\task_status.py,3B14EB01E1AF1E1DE17DC68B43B095B6E4B7169286C3EB62066366A442E4C05C
C:\clean_rebuild\logs\trace\SNS_Snapshots\SNS_24_SNAPSHOT_20250518_193739\modules\tee.py,81F7ECFF942BB922F9C0E7DF53BE15B2BADAB9DCEB2050090FCB1CA838A4D941
C:\clean_rebuild\logs\trace\SNS_Snapshots\SNS_24_SNAPSHOT_20250518_193739\modules\telegram.py,9CBD82605D172123A31AC72353A8168C646C96287782E2A06355DF0964246D09
C:\clean_rebuild\logs\trace\SNS_Snapshots\SNS_24_SNAPSHOT_20250518_193739\modules\temp_dir.py,CE51215B8B0365257B24C3AAD3BD8BBEF112126502C28B726AFA93F2E2925B22
C:\clean_rebuild\logs\trace\SNS_Snapshots\SNS_24_SNAPSHOT_20250518_193739\modules\terminal.py,8EE601D904763315F06FBDF5B68950DB37F3FAD3464FA404B674A0DD69CE9BDE
C:\clean_rebuild\logs\trace\SNS_Snapshots\SNS_24_SNAPSHOT_20250518_193739\modules\terminal256.py,C8FAEEB6055468B2828C0BC6A10CB31C1E91919AC745E3AF32EBA251ECBED819
C:\clean_rebuild\logs\trace\SNS_Snapshots\SNS_24_SNAPSHOT_20250518_193739\modules\terminalwriter.py,C11387409091B69D287C147834030629D9A64B420C7647F4B8FFCBF451D0E0D3
C:\clean_rebuild\logs\trace\SNS_Snapshots\SNS_24_SNAPSHOT_20250518_193739\modules\terminal_theme.py,40EB4F989D63F6903A4E11EA716F936806A132C22495B58EB819975638C85811
C:\clean_rebuild\logs\trace\SNS_Snapshots\SNS_24_SNAPSHOT_20250518_193739\modules\testing.py,E30683C0239D4BE6479365E675465BCB70127037AF67B8CDE19763AD4491E8A0
C:\clean_rebuild\logs\trace\SNS_Snapshots\SNS_24_SNAPSHOT_20250518_193739\modules\tests.py,A48BF73CE73A3B45B94AADB236C0A04DF39A4881CAA765BAA0AA19A5F433A319
C:\clean_rebuild\logs\trace\SNS_Snapshots\SNS_24_SNAPSHOT_20250518_193739\modules\testutils.py,F3A7BC6DC925F82DB82412025F354C23FB3846AB5B819A832C3D0BE6D64F4E07
C:\clean_rebuild\logs\trace\SNS_Snapshots\SNS_24_SNAPSHOT_20250518_193739\modules\testutils_adc87c1a.py,F3A7BC6DC925F82DB82412025F354C23FB3846AB5B819A832C3D0BE6D64F4E07
C:\clean_rebuild\logs\trace\SNS_Snapshots\SNS_24_SNAPSHOT_20250518_193739\modules\tethering.py,31ED4F350A4C7C522275A6823BA65CAF0F411CC171D980646417054AEE441CFA
C:\clean_rebuild\logs\trace\SNS_Snapshots\SNS_24_SNAPSHOT_20250518_193739\modules\text.py,A5A644165BACC99B0FD73226A0C34E7F9C0363C03519DC34F647707A39AEF715
C:\clean_rebuild\logs\trace\SNS_Snapshots\SNS_24_SNAPSHOT_20250518_193739\modules\TgaImagePlugin.py,DAE43442C0CFF01FC132823DB5CF60F19430298DB56A5131FBC032945548DDFF
C:\clean_rebuild\logs\trace\SNS_Snapshots\SNS_24_SNAPSHOT_20250518_193739\modules\theme.py,8B400A3BCD5DB9E2B494EBE41559A78987A321F4D04EDDFA648BCF3683E8C71C
C:\clean_rebuild\logs\trace\SNS_Snapshots\SNS_24_SNAPSHOT_20250518_193739\modules\themes.py,17C37BDA5BD3D4653614BB3A0FA1BF3199EFA85C8F7FB3CD21BCF06416E234B5
C:\clean_rebuild\logs\trace\SNS_Snapshots\SNS_24_SNAPSHOT_20250518_193739\modules\thread.py,B666972D667AF806C612A4C13D9776A19855C8D34A160E329F95A15FF0946230
C:\clean_rebuild\logs\trace\SNS_Snapshots\SNS_24_SNAPSHOT_20250518_193739\modules\threadexception.py,36C1142FAB85E1589A38A595587332A59BFDAD456058F572349E76C902D27359
C:\clean_rebuild\logs\trace\SNS_Snapshots\SNS_24_SNAPSHOT_20250518_193739\modules\tifffile.py,542BD2B92ACB35FF67B28AE13DF719FCCFF01AC718DC9562E4642D090368E571
C:\clean_rebuild\logs\trace\SNS_Snapshots\SNS_24_SNAPSHOT_20250518_193739\modules\tifffile_v3.py,E2A765E63335E2D5DF5B7B31DE25ECDEEEF84E69B67FE3B3D96B17BA242BA2A3
C:\clean_rebuild\logs\trace\SNS_Snapshots\SNS_24_SNAPSHOT_20250518_193739\modules\TiffImagePlugin.py,4E5F203680B51E7181648138224B9F9D92801FC359D8D7F21AC8833AEE760132
C:\clean_rebuild\logs\trace\SNS_Snapshots\SNS_24_SNAPSHOT_20250518_193739\modules\TiffTags.py,FE7B445620E47690710FB7A00DCAA348A436902933C760B91AA8A4F137CA4989
C:\clean_rebuild\logs\trace\SNS_Snapshots\SNS_24_SNAPSHOT_20250518_193739\modules\tile.py,EDE92095FE4C434B22C5C977B44C9A430D00B28FE0F9AF8ECBE8C024D01ADB4C
C:\clean_rebuild\logs\trace\SNS_Snapshots\SNS_24_SNAPSHOT_20250518_193739\modules\timedeltas.py,3198FA24F7AC1CF9A75EDAD1CD2404E7CDCAE700506FA39B122D413A80AADF0D
C:\clean_rebuild\logs\trace\SNS_Snapshots\SNS_24_SNAPSHOT_20250518_193739\modules\TimeMirror.py,17734E2B7A1434850801DFF1BF56668647742FE1FB3D665D589ACB4BEDEF7D60
C:\clean_rebuild\logs\trace\SNS_Snapshots\SNS_24_SNAPSHOT_20250518_193739\modules\timeout.py,B66896B1CF2090C77E7916917625245D896854FF77DFBFE632B1B508AFF73621
C:\clean_rebuild\logs\trace\SNS_Snapshots\SNS_24_SNAPSHOT_20250518_193739\modules\timeouts.py,9894010C575FA8714F954FC51909209A827CF9C2EB3235A8B98986887F3480E9
C:\clean_rebuild\logs\trace\SNS_Snapshots\SNS_24_SNAPSHOT_20250518_193739\modules\timer_comparison.py,6B7916D8F9520835E656B0F1D1518F43DBE171022E0D43C49CA679E3354FF35D
C:\clean_rebuild\logs\trace\SNS_Snapshots\SNS_24_SNAPSHOT_20250518_193739\modules\times.py,5A69245C920897C6C214F94F068ECD7D68025805882800A13F5509C0FAE74383
C:\clean_rebuild\logs\trace\SNS_Snapshots\SNS_24_SNAPSHOT_20250518_193739\modules\timeseries.py,E16E7CE6793FBA249E08950C886B4EFECC48BF625109B0C1C9C3F2AC47A81ACC
C:\clean_rebuild\logs\trace\SNS_Snapshots\SNS_24_SNAPSHOT_20250518_193739\modules\TimeSymmetrize.py,A387A2A7F4D5B422F4EE89D16CBAB3CDD961BFF21DC5C4743F056E312025163A
C:\clean_rebuild\logs\trace\SNS_Snapshots\SNS_24_SNAPSHOT_20250518_193739\modules\timing.py,8C21E31E5BC41D545ED2A27D3A2451EF28F158F2B529C68A266B974E8B413183
C:\clean_rebuild\logs\trace\SNS_Snapshots\SNS_24_SNAPSHOT_20250518_193739\modules\tix.py,81D3DEF8F4E12BF229B40666F8D864A853F46B46ABCCC4FDC2BA620690365D5C
C:\clean_rebuild\logs\trace\SNS_Snapshots\SNS_24_SNAPSHOT_20250518_193739\modules\tk.py,D064B7A55372AA4854B7C1C9415B078BEB02C67ECF379E9ED6E0511CAD4B8E46
C:\clean_rebuild\logs\trace\SNS_Snapshots\SNS_24_SNAPSHOT_20250518_193739\modules\tmpdir.py,303D23DBF17E54A677F14AD3C5327B294B19D94212F46C7B238D3CC44DEA7666
C:\clean_rebuild\logs\trace\SNS_Snapshots\SNS_24_SNAPSHOT_20250518_193739\modules\tokens.py,68F08F930B0C40B3FA41BC2A80C37C7FFDCD34518D4C593CD169E156682AD902
C:\clean_rebuild\logs\trace\SNS_Snapshots\SNS_24_SNAPSHOT_20250518_193739\modules\token_custom.py,5472105CD79A1101064474EAE10895B68449EE7E46F009167E00061B3EE7CE25
C:\clean_rebuild\logs\trace\SNS_Snapshots\SNS_24_SNAPSHOT_20250518_193739\modules\tools.py,3E96E13933966185E1ABACEFD13A71A69376C461E91B357FA65B0ABF4D6A6B9F
C:\clean_rebuild\logs\trace\SNS_Snapshots\SNS_24_SNAPSHOT_20250518_193739\modules\tornadoweb.py,DA32FAB1F26EAB0FB0B1724909488A7FE919B2292318FAA096A71201A3C32A0C
C:\clean_rebuild\logs\trace\SNS_Snapshots\SNS_24_SNAPSHOT_20250518_193739\modules\total_ordering.py,84A38B16C3A8078109737FAE844979F224C2129BC272D3D0F0BF34CC46ECAACC
C:\clean_rebuild\logs\trace\SNS_Snapshots\SNS_24_SNAPSHOT_20250518_193739\modules\to_dict.py,C38D9BBD2928F2B32460F5C24EDC10CC79FF18D9B89FA464B79C05124C541243
C:\clean_rebuild\logs\trace\SNS_Snapshots\SNS_24_SNAPSHOT_20250518_193739\modules\to_thread.py,100880B2B5F6F29F3A4BA79DFD531CFBB5F08936D79281A7AEF6D592BA004348
C:\clean_rebuild\logs\trace\SNS_Snapshots\SNS_24_SNAPSHOT_20250518_193739\modules\traceback_custom.py,207CE0ACA5C6EB1A282F6E31ACCC8878B0F9D64FBB2DDA4314E90CE6A0BF625B
C:\clean_rebuild\logs\trace\SNS_Snapshots\SNS_24_SNAPSHOT_20250518_193739\modules\tracing.py,939E1686CD635C217B41AF278322AFA05D16E44B707BEDB99A1F72155CD5B97B
C:\clean_rebuild\logs\trace\SNS_Snapshots\SNS_24_SNAPSHOT_20250518_193739\modules\transform.py,8BE9D50BB25C3D9918CF55BE77EAA0D27D0F412D7B90A79785F77D2240DE863E
C:\clean_rebuild\logs\trace\SNS_Snapshots\SNS_24_SNAPSHOT_20250518_193739\modules\transforms.py,30C7A784B87F7A4CB02848C54C2EB2882E2C6A0E72A67AB9D53BD97341C4735C
C:\clean_rebuild\logs\trace\SNS_Snapshots\SNS_24_SNAPSHOT_20250518_193739\modules\translate.py,2B0DF804E803FCEFDF3C32603D5B2BB3A025B50C011EB04BF33AD0D00496403B
C:\clean_rebuild\logs\trace\SNS_Snapshots\SNS_24_SNAPSHOT_20250518_193739\modules\tree.py,7A35249F1E8C254951E1B340A8C7EB436E79D93EB60DDABCCBB5EE171098F103
C:\clean_rebuild\logs\trace\SNS_Snapshots\SNS_24_SNAPSHOT_20250518_193739\modules\truncate.py,C4FC79F0AB8F8E05A0B46C386D92E8E017CC4F804943F7A2B09B50AF418D8F98
C:\clean_rebuild\logs\trace\SNS_Snapshots\SNS_24_SNAPSHOT_20250518_193739\modules\ttk.py,E84587D78318C850202B08FB1CDFBFDB93C76528B15B5AAA170C40CB0E33E50B
C:\clean_rebuild\logs\trace\SNS_Snapshots\SNS_24_SNAPSHOT_20250518_193739\modules\TupleHash128.py,1FBDF52781D71FB1BB5A6ED7C256E74EE0D04CC7D27AE43C69ECD90F4373EF6A
C:\clean_rebuild\logs\trace\SNS_Snapshots\SNS_24_SNAPSHOT_20250518_193739\modules\TupleHash256.py,96BB2970B54CC270DE193FB71155AFFBF54F9ACF21310AC4AD968893A478B3DF
C:\clean_rebuild\logs\trace\SNS_Snapshots\SNS_24_SNAPSHOT_20250518_193739\modules\TurboSHAKE128.py,8C24CB7E0CBD8F3EF26CAB829C19B56D42ADFBAA42CACE118261C1CC9156B44E
C:\clean_rebuild\logs\trace\SNS_Snapshots\SNS_24_SNAPSHOT_20250518_193739\modules\TurboSHAKE256.py,AD79E152A2C83EE90AC61FF7245DF570673FBE28720D9DE8E07E2FDDBF0E51DB
C:\clean_rebuild\logs\trace\SNS_Snapshots\SNS_24_SNAPSHOT_20250518_193739\modules\tutil.py,549AE1F2BC20B8A361099AD4FC389EE40DCA05881D8AC43F5A11E20FDFE722D9
C:\clean_rebuild\logs\trace\SNS_Snapshots\SNS_24_SNAPSHOT_20250518_193739\modules\typing_extensions.py,BF185F05334BB776F7EC0F5DC7F7A45D10CBA5CDFFA51EC5C217931B36EED97E
C:\clean_rebuild\logs\trace\SNS_Snapshots\SNS_24_SNAPSHOT_20250518_193739\modules\tzfile.py,6A7F98BB449E1BBA999958EC31D428E8DC36292FB5FE828077B8356BFE4D54B8
C:\clean_rebuild\logs\trace\SNS_Snapshots\SNS_24_SNAPSHOT_20250518_193739\modules\tzinfo.py,74FCFC9479DD8A48A3F049A77C90BE2D18F9D41D65492DE4127C162FA1AE7469
C:\clean_rebuild\logs\trace\SNS_Snapshots\SNS_24_SNAPSHOT_20250518_193739\modules\ufunclike.py,8F14D1EB57746E6160EC91D99B0F7DD9C711B9AD34BB85D6258B5C411270152D
C:\clean_rebuild\logs\trace\SNS_Snapshots\SNS_24_SNAPSHOT_20250518_193739\modules\ufuncs.py,8CC9DF4214649D5221805552F73DA5E6860CF0DD6DB90B5FE5B5CC04BE38F682
C:\clean_rebuild\logs\trace\SNS_Snapshots\SNS_24_SNAPSHOT_20250518_193739\modules\ufunc_config.py,8263133EBABC80B5C9652050A0EA49720CC8CD680CC7E93F7AD28F5782924C99
C:\clean_rebuild\logs\trace\SNS_Snapshots\SNS_24_SNAPSHOT_20250518_193739\modules\ui.py,B18631A65AEC482EBC5491580926DA3C79C1B5B97E240B6E7A4FB00FD1019A03
C:\clean_rebuild\logs\trace\SNS_Snapshots\SNS_24_SNAPSHOT_20250518_193739\modules\ultimate.py,89BC928149D5C1A8818E4A8ED6FB44C520991B0D614FCF309069E3CE9C10711B
C:\clean_rebuild\logs\trace\SNS_Snapshots\SNS_24_SNAPSHOT_20250518_193739\modules\umath.py,DFF3936E688C85A54DB31A47DB1295F65EB36B9F6B61706BCBA81BD56809688D
C:\clean_rebuild\logs\trace\SNS_Snapshots\SNS_24_SNAPSHOT_20250518_193739\modules\unarchive_your_medias.py,DA2257D1D9C00C7B2268A0D33DEFCFA5C4C0E001F5612211382B4A016C610DB7
C:\clean_rebuild\logs\trace\SNS_Snapshots\SNS_24_SNAPSHOT_20250518_193739\modules\unfollow_everyone.py,9E63055E80E7EC24684ED9EA3322B8E342C284391BAE16BE23F3F3220B0E234A
C:\clean_rebuild\logs\trace\SNS_Snapshots\SNS_24_SNAPSHOT_20250518_193739\modules\unfollow_non_followers.py,E912E1E82381FD45A0AF2BD715DB784DBF7DCDA6A21807E2CD372513D2AE82E3
C:\clean_rebuild\logs\trace\SNS_Snapshots\SNS_24_SNAPSHOT_20250518_193739\modules\unicode.py,4F3897478B98AEF0A071873B61C052A6D8F6B32185C45C22B610F1C4C23EDD61
C:\clean_rebuild\logs\trace\SNS_Snapshots\SNS_24_SNAPSHOT_20250518_193739\modules\uninstall.py,DC0819C45FE51F63DAB311F9864024924C4706D3118BD2066C7A92FC4158DAED
C:\clean_rebuild\logs\trace\SNS_Snapshots\SNS_24_SNAPSHOT_20250518_193739\modules\unistring.py,BA9E6863C114BAC83D175B5EC148B3ED1E117742F2C5BE4926A1D61FDB3F2E2F
C:\clean_rebuild\logs\trace\SNS_Snapshots\SNS_24_SNAPSHOT_20250518_193739\modules\unittest.py,C6DDD958A36275C8AFC971CB7FAD9CA6003FE242456AD3BD3614009F75A9E26C
C:\clean_rebuild\logs\trace\SNS_Snapshots\SNS_24_SNAPSHOT_20250518_193739\modules\univ.py,9259820E8AB5161CCB2BD71EC7AE1DF64881E9E6E7D8FC3FEB3A664352933C75
C:\clean_rebuild\logs\trace\SNS_Snapshots\SNS_24_SNAPSHOT_20250518_193739\modules\universaldetector.py,F050882D8CBFB4F161FD6226B65D1DEE01B6CDD1E2D173CEA55BDF175B8F9876
C:\clean_rebuild\logs\trace\SNS_Snapshots\SNS_24_SNAPSHOT_20250518_193739\modules\unix.py,98CD5979C4D743DBACF06AABE26434E426C0079E0A89CADE5D665CDD4292449C
C:\clean_rebuild\logs\trace\SNS_Snapshots\SNS_24_SNAPSHOT_20250518_193739\modules\unlike_users.py,EFCD522887A6A4BD172932012D78B0B9C8D6E391224BF37E566030A753A93E9A
C:\clean_rebuild\logs\trace\SNS_Snapshots\SNS_24_SNAPSHOT_20250518_193739\modules\unpacking.py,858C8ECE6500159195157494805B324A25B369802A7B6A01D999187699878CF6
C:\clean_rebuild\logs\trace\SNS_Snapshots\SNS_24_SNAPSHOT_20250518_193739\modules\unraisableexception.py,B97A3D914E67763AFC129D500116302227B3F173804DC8B1CC67B8CC04AAA5D1
C:\clean_rebuild\logs\trace\SNS_Snapshots\SNS_24_SNAPSHOT_20250518_193739\modules\uploader_instagram.py,06684FC8F643B9CB0A1B4487843CE8AAC68F3514DE0C9ED852E5CADA06E7F517
C:\clean_rebuild\logs\trace\SNS_Snapshots\SNS_24_SNAPSHOT_20250518_193739\modules\upload_photos.py,2BA3D918B7A2415A852A6905792AE5BE51965FAD4F5FE78A83366E9248610DA5
C:\clean_rebuild\logs\trace\SNS_Snapshots\SNS_24_SNAPSHOT_20250518_193739\modules\upload_photos_653db6e6.py,2BA3D918B7A2415A852A6905792AE5BE51965FAD4F5FE78A83366E9248610DA5
C:\clean_rebuild\logs\trace\SNS_Snapshots\SNS_24_SNAPSHOT_20250518_193739\modules\upload_story_photo.py,6DBAC954898FCEB7939046552BCE1011D323C7150DEE7CB889D8533CBB191FB5
C:\clean_rebuild\logs\trace\SNS_Snapshots\SNS_24_SNAPSHOT_20250518_193739\modules\upload_video.py,050A16463C454A0B240AABAD5A86CFD2F50723811BDF75614BF3582085B199A0
C:\clean_rebuild\logs\trace\SNS_Snapshots\SNS_24_SNAPSHOT_20250518_193739\modules\url.py,B2121FE7769236ED7BA19B8B82E2A13559CD34B06B8C475B6F69FC05B82BD18F
C:\clean_rebuild\logs\trace\SNS_Snapshots\SNS_24_SNAPSHOT_20250518_193739\modules\urls.py,CCCFB9021977C50460791BA845CD9C755EC0EEA340E1A06C26954393AEB88130
C:\clean_rebuild\logs\trace\SNS_Snapshots\SNS_24_SNAPSHOT_20250518_193739\modules\useful.py,954878BBEE85ED0954D0FD5F2DE7FCE1D89CA1A7191B72B471BA01478FDB0957
C:\clean_rebuild\logs\trace\SNS_Snapshots\SNS_24_SNAPSHOT_20250518_193739\modules\user_agent.py,08548029C70AEC11FB0C9A7D1A7F2B1D602DA2B1F4771C521FCC9AA994379F86
C:\clean_rebuild\logs\trace\SNS_Snapshots\SNS_24_SNAPSHOT_20250518_193739\modules\user_array.py,BF774208DB3E3D9EED1D9D6FA86A9D795E452C74622CB5AB31985DCD04D24403
C:\clean_rebuild\logs\trace\SNS_Snapshots\SNS_24_SNAPSHOT_20250518_193739\modules\user_config.py,B567B298F7B53ABCAB6F514D0A18879ADC5F4FCA9EBED7B74031418E272F9654
C:\clean_rebuild\logs\trace\SNS_Snapshots\SNS_24_SNAPSHOT_20250518_193739\modules\user_login_with_error_handling.py,B2045E7D68014386782CB740205B069C732D318A94344494C11D6712A9F313D8
C:\clean_rebuild\logs\trace\SNS_Snapshots\SNS_24_SNAPSHOT_20250518_193739\modules\user_management.py,B050081D40987475309593AE23EF3047EC67F835AF73B0FEBF5AFA4323353DB6
C:\clean_rebuild\logs\trace\SNS_Snapshots\SNS_24_SNAPSHOT_20250518_193739\modules\user_manager_pro.py,718B80B997485FD9A54C078106C291AB407839944A02504454D8423CDF40EF30
C:\clean_rebuild\logs\trace\SNS_Snapshots\SNS_24_SNAPSHOT_20250518_193739\modules\use_rules.py,CD687CA46E5EC1F83F2C89C3993E3C3BB734A019436864387B1A790B96546735
C:\clean_rebuild\logs\trace\SNS_Snapshots\SNS_24_SNAPSHOT_20250518_193739\modules\utf1632prober.py,4ED2A2BFA0732ACAAEDC9B3775EE98CA9111D2E296132476BC4793BE439A0E36
C:\clean_rebuild\logs\trace\SNS_Snapshots\SNS_24_SNAPSHOT_20250518_193739\modules\utf8prober.py,A4EB68A5511CF8FA87AD99798A75A3F56E7272CEA89E25E47C99327E47D64A45
C:\clean_rebuild\logs\trace\SNS_Snapshots\SNS_24_SNAPSHOT_20250518_193739\modules\utf8prober_dbc41224.py,A4EB68A5511CF8FA87AD99798A75A3F56E7272CEA89E25E47C99327E47D64A45
C:\clean_rebuild\logs\trace\SNS_Snapshots\SNS_24_SNAPSHOT_20250518_193739\modules\util.py,CDAB73F40A719AF6DCB0050194AF24DD106623AE47CABA3797A7531113048B9E
C:\clean_rebuild\logs\trace\SNS_Snapshots\SNS_24_SNAPSHOT_20250518_193739\modules\utilities.py,DDFF9398CAC7AC055389CACD532208869829547E3E20963E30CCB0D8A53417B5
C:\clean_rebuild\logs\trace\SNS_Snapshots\SNS_24_SNAPSHOT_20250518_193739\modules\utils_0ce60892.py,3479E3090200E28B6F706C41FB5AC08012E979D048B8FB2646F7AA3C7F0DA756
C:\clean_rebuild\logs\trace\SNS_Snapshots\SNS_24_SNAPSHOT_20250518_193739\modules\utils_10091b9c.py,5094FD70F7DFB92480A9F480BB5063A24153C85254290AE9D44A7F215078A1D2
C:\clean_rebuild\logs\trace\SNS_Snapshots\SNS_24_SNAPSHOT_20250518_193739\modules\utils_2282f9b4.py,F0E1EEAAE32D3DA5D49C5F3CD6CC0993677BBFA230C6110DC5208656333454ED
C:\clean_rebuild\logs\trace\SNS_Snapshots\SNS_24_SNAPSHOT_20250518_193739\modules\utils_22f1a958.py,E12262BF0A203FA60C7214A0E8F425F1A5CEAA0798D12953C1C219622B353423
C:\clean_rebuild\logs\trace\SNS_Snapshots\SNS_24_SNAPSHOT_20250518_193739\modules\utils_3daa4505.py,3631EBB582CB2D8645FA8C1F1CA428827CC430539EFD9B0B549C411823A27DD4
C:\clean_rebuild\logs\trace\SNS_Snapshots\SNS_24_SNAPSHOT_20250518_193739\modules\utils_3f41c964.py,5094FD70F7DFB92480A9F480BB5063A24153C85254290AE9D44A7F215078A1D2
C:\clean_rebuild\logs\trace\SNS_Snapshots\SNS_24_SNAPSHOT_20250518_193739\modules\utils_41ef759c.py,2B52C6DBB321E99D309B014FACF066ADD7D26A70D085340CC755FB8CA1505723
C:\clean_rebuild\logs\trace\SNS_Snapshots\SNS_24_SNAPSHOT_20250518_193739\modules\utils_4557d5e1.py,992810CE4DACA0A0513AAF2AD315A8305EB2B972D6ED4403FDC526965364B863
C:\clean_rebuild\logs\trace\SNS_Snapshots\SNS_24_SNAPSHOT_20250518_193739\modules\utils_4efd31c6.py,F397CC9B28473AED45342591B93CEC6BED0FC5353B459DC89B3393A399BEE3B0
C:\clean_rebuild\logs\trace\SNS_Snapshots\SNS_24_SNAPSHOT_20250518_193739\modules\utils_5996053a.py,97A3C303BC0F4E3A57AE10EAD001256F65CC8A4BB54614271B63243F3834C5B8
C:\clean_rebuild\logs\trace\SNS_Snapshots\SNS_24_SNAPSHOT_20250518_193739\modules\utils_75f91840.py,4825B45BB99547C042D771617738515DF6A4713EA0F420547079A45EECD0A2FE
C:\clean_rebuild\logs\trace\SNS_Snapshots\SNS_24_SNAPSHOT_20250518_193739\modules\utils_77c78794.py,5094FD70F7DFB92480A9F480BB5063A24153C85254290AE9D44A7F215078A1D2
C:\clean_rebuild\logs\trace\SNS_Snapshots\SNS_24_SNAPSHOT_20250518_193739\modules\utils_7e8c7df0.py,2B52C6DBB321E99D309B014FACF066ADD7D26A70D085340CC755FB8CA1505723
C:\clean_rebuild\logs\trace\SNS_Snapshots\SNS_24_SNAPSHOT_20250518_193739\modules\utils_7fbf2255.py,ECB65649ACB3350645575625332DF69C1D2DDE4AADFEEA28E42ECC953C22F21D
C:\clean_rebuild\logs\trace\SNS_Snapshots\SNS_24_SNAPSHOT_20250518_193739\modules\utils_8673d95b.py,DE4588476CA1F7D43DE4F7B459932C7C8D8EF75AB9C238FC299E19AA30D9A3C9
C:\clean_rebuild\logs\trace\SNS_Snapshots\SNS_24_SNAPSHOT_20250518_193739\modules\utils_9ac89786.py,94984062903005F1B36A8C8D65F3EF5C7C1844B89C9AD7F06A1065BEB4349F95
C:\clean_rebuild\logs\trace\SNS_Snapshots\SNS_24_SNAPSHOT_20250518_193739\modules\utils_bb8e63e5.py,6CC0A6CA8816FD0EE9C2B4930FE0C5AA28DBB957DECC4375E106F3EB176FA964
C:\clean_rebuild\logs\trace\SNS_Snapshots\SNS_24_SNAPSHOT_20250518_193739\modules\utils_e3e49c7b.py,ABCCF2C574A433E06C2375D52F2BD1FE4B17C1F4E925F8F58FC86851DD521DE3
C:\clean_rebuild\logs\trace\SNS_Snapshots\SNS_24_SNAPSHOT_20250518_193739\modules\utils_worker.py,2A5EAB3A86E96357653FF46A3DE9A422C5490A5EAD4CD8346CD3D0392E5795ED
C:\clean_rebuild\logs\trace\SNS_Snapshots\SNS_24_SNAPSHOT_20250518_193739\modules\utils_worker_6a25b5c6.py,2A5EAB3A86E96357653FF46A3DE9A422C5490A5EAD4CD8346CD3D0392E5795ED
C:\clean_rebuild\logs\trace\SNS_Snapshots\SNS_24_SNAPSHOT_20250518_193739\modules\utils_worker_923b651d.py,2A5EAB3A86E96357653FF46A3DE9A422C5490A5EAD4CD8346CD3D0392E5795ED
C:\clean_rebuild\logs\trace\SNS_Snapshots\SNS_24_SNAPSHOT_20250518_193739\modules\uts46data.py,63BD13A9E48AE3EA6B17C850A5AEE98FCBCE2220715FED7994EADF674C619E3D
C:\clean_rebuild\logs\trace\SNS_Snapshots\SNS_24_SNAPSHOT_20250518_193739\modules\v2.py,2BF30F2CF0A7F6CEF80FFF1639F7C3AB409A1B0457E28D478ACA8836009DFB00
C:\clean_rebuild\logs\trace\SNS_Snapshots\SNS_24_SNAPSHOT_20250518_193739\modules\v3.py,91FA885F6E86EA7D87F0637980C0C63058132A3E1B63F0A6A22F0B82804FD38B
C:\clean_rebuild\logs\trace\SNS_Snapshots\SNS_24_SNAPSHOT_20250518_193739\modules\v3_plugin_api.py,B69B502B236FAA6B8B62D2568A85602DBB551324671D24A17FE0E256CCAC7A36
C:\clean_rebuild\logs\trace\SNS_Snapshots\SNS_24_SNAPSHOT_20250518_193739\modules\variables.py,7BAA56EFBC7603AF192FF0053DE698D19736D40095976B99234AAA5C2E09525C
C:\clean_rebuild\logs\trace\SNS_Snapshots\SNS_24_SNAPSHOT_20250518_193739\modules\var_.py,05644DDB509C6C39C02CF155BCA176293B55E630F59706EE0326B47742196A8F
C:\clean_rebuild\logs\trace\SNS_Snapshots\SNS_24_SNAPSHOT_20250518_193739\modules\version.py,2FBA21B3697918C992F604A4A07EE1ECF41D4AFC7083E4A9E67F712BD59D6962
C:\clean_rebuild\logs\trace\SNS_Snapshots\SNS_24_SNAPSHOT_20250518_193739\modules\versioncontrol.py,F875EF747FCA86340283A103B97BF9F2C84B74E43B1D26F81B31F0E945383C6A
C:\clean_rebuild\logs\trace\SNS_Snapshots\SNS_24_SNAPSHOT_20250518_193739\modules\VideoClip.py,611B13BEBC667CF6352F230287EE003BD7862A60D3869FE988555F739B92B33E
C:\clean_rebuild\logs\trace\SNS_Snapshots\SNS_24_SNAPSHOT_20250518_193739\modules\VideoFileClip.py,A0A80EF3DA7205ADFB72E5C778515AC54AA384A74F1968C52339814030A940DD
C:\clean_rebuild\logs\trace\SNS_Snapshots\SNS_24_SNAPSHOT_20250518_193739\modules\virtualenv.py,7CE473A23F322048121A065C23A655D5B08E10C80636E87494C7C2C73556795F
C:\clean_rebuild\logs\trace\SNS_Snapshots\SNS_24_SNAPSHOT_20250518_193739\modules\virtual_authenticator.py,1782B8EC214BC583EEBC5ADB625563CF9DC79A8E9422B3CEE79A69B98E45BB46
C:\clean_rebuild\logs\trace\SNS_Snapshots\SNS_24_SNAPSHOT_20250518_193739\modules\wait.py,B396C7DED72B450C3027ECF9CE558E1EDCDE3AA1393B5713729CD9F03A9C083C
C:\clean_rebuild\logs\trace\SNS_Snapshots\SNS_24_SNAPSHOT_20250518_193739\modules\waitid.py,DAC211180EAD09BADC9092D73FF293C54778535446FE083B0F19E61F0BBDA794
C:\clean_rebuild\logs\trace\SNS_Snapshots\SNS_24_SNAPSHOT_20250518_193739\modules\WalImageFile.py,F9200D85B8398353E6262613680E04196107D632B5EA47D3C273CFC6F595DE63
C:\clean_rebuild\logs\trace\SNS_Snapshots\SNS_24_SNAPSHOT_20250518_193739\modules\warnings_and_errors.py,AB77354A633087260B610B0B8CAD36017A61937FBDE9896D4937537EB1252734
C:\clean_rebuild\logs\trace\SNS_Snapshots\SNS_24_SNAPSHOT_20250518_193739\modules\warning_types.py,5406A81DCEB18722059DA48DD8BDDBC6812B70D541220C7C7EA74EF9A8020100
C:\clean_rebuild\logs\trace\SNS_Snapshots\SNS_24_SNAPSHOT_20250518_193739\modules\watch_user_likers_stories.py,C2B7D528D5B67587187EA5F36EDEC6D5CA3B971542D2D5BDFA4EE84DEA37A992
C:\clean_rebuild\logs\trace\SNS_Snapshots\SNS_24_SNAPSHOT_20250518_193739\modules\wcwidth.py,2F933A3485C20AD3E4D895A58B51F41FAEADF8FACC217C112B0558C2F9C87646
C:\clean_rebuild\logs\trace\SNS_Snapshots\SNS_24_SNAPSHOT_20250518_193739\modules\weakref_finalize.py,B3D705899901C1755FC986A1D67CA4EC4E734F0348A894C8D95A2A098EE3F6BA
C:\clean_rebuild\logs\trace\SNS_Snapshots\SNS_24_SNAPSHOT_20250518_193739\modules\webdriver.py,51208BA4DBEF6474DE4EF0CFCE603F0DA24036A5812142216CF8A838BF71FBA5
C:\clean_rebuild\logs\trace\SNS_Snapshots\SNS_24_SNAPSHOT_20250518_193739\modules\webelement.py,B1DA900FF4A5141B5E196FDE51D960A325354411322BAA427E35D506DC435487
C:\clean_rebuild\logs\trace\SNS_Snapshots\SNS_24_SNAPSHOT_20250518_193739\modules\WebPImagePlugin.py,54A2CAD48BFB37B768669D377F742F58A6FEC8F1F2B16215E50A42F866BE1C0F
C:\clean_rebuild\logs\trace\SNS_Snapshots\SNS_24_SNAPSHOT_20250518_193739\modules\websocket_connection.py,3322FA19C45E2613578D8B946A45EA11AE8CF40B66514FB3D12EE1611F74AE15
C:\clean_rebuild\logs\trace\SNS_Snapshots\SNS_24_SNAPSHOT_20250518_193739\modules\web_audio.py,E0A5247B51137939724D0FB0C3FD6EB4CFDCA0BD4960BE073FC130FD92EE6E03
C:\clean_rebuild\logs\trace\SNS_Snapshots\SNS_24_SNAPSHOT_20250518_193739\modules\web_authn.py,EACC651191AA94112662C4AC596F3D62D425BE7D44C9762F2584E23CCC707161
C:\clean_rebuild\logs\trace\SNS_Snapshots\SNS_24_SNAPSHOT_20250518_193739\modules\welcome_message.py,1617F2543D23AC3F70CED543754C839EC8AF3FD4360D93C2EA70A4CBBD2739E2
C:\clean_rebuild\logs\trace\SNS_Snapshots\SNS_24_SNAPSHOT_20250518_193739\modules\wheel.py,DF3F16C763A73E83C0D69A863E4A7A5512791D82BC759308305B163E6D5B371D
C:\clean_rebuild\logs\trace\SNS_Snapshots\SNS_24_SNAPSHOT_20250518_193739\modules\wheel_actions.py,86C17C15707628747C94B922C1E00BB5F210BBECEE197F958014C9869496A029
C:\clean_rebuild\logs\trace\SNS_Snapshots\SNS_24_SNAPSHOT_20250518_193739\modules\wheel_builder.py,4A9FAD3520A6098D04DFE8BB9BFA5AA39484CC2444F7F6E1D0388DF645C284EE
C:\clean_rebuild\logs\trace\SNS_Snapshots\SNS_24_SNAPSHOT_20250518_193739\modules\wheel_editable.py,A1506EEDC2E304B41A7A3B45F3414A4C4F70733A16DEE2B2A8000D91AB9C5DDA
C:\clean_rebuild\logs\trace\SNS_Snapshots\SNS_24_SNAPSHOT_20250518_193739\modules\wheel_input.py,51631BFE421F4FAFF28E539F3E2FC9AA5ED4A860BE8DC77C01EFEB0143488BB3
C:\clean_rebuild\logs\trace\SNS_Snapshots\SNS_24_SNAPSHOT_20250518_193739\modules\wheel_legacy.py,A405DD8E536BFD1B259CEA676E7E56B53E9525A2247811D70D2ECAB31A42122F
C:\clean_rebuild\logs\trace\SNS_Snapshots\SNS_24_SNAPSHOT_20250518_193739\modules\whitelist_generator.py,CB348A6C4BF26D6B2ACA937D01C389A3FAC31788232BA1802043EB306E69935D
C:\clean_rebuild\logs\trace\SNS_Snapshots\SNS_24_SNAPSHOT_20250518_193739\modules\win32.py,020F3F9EA6A18AD4EBEE3CF9FB9D7BF3B78AAFFF7A9D27ABF5268F883AB2A24F
C:\clean_rebuild\logs\trace\SNS_Snapshots\SNS_24_SNAPSHOT_20250518_193739\modules\window.py,1EAA53FD2520EF210F839BE06BF94610361602157EDDC3546DA616895F90F742
C:\clean_rebuild\logs\trace\SNS_Snapshots\SNS_24_SNAPSHOT_20250518_193739\modules\windows.py,AEB8ABEDEEE5E7AFC0F3579354DDFF7841DD8507C1F11786B5C723B51319982F
C:\clean_rebuild\logs\trace\SNS_Snapshots\SNS_24_SNAPSHOT_20250518_193739\modules\winreg.py,64E5169546059A87B105BA68F8323667241418F005EA93D49E2B54C83453283D
C:\clean_rebuild\logs\trace\SNS_Snapshots\SNS_24_SNAPSHOT_20250518_193739\modules\winterm.py,A3ABF8105938E5E323FCFE5C1F640CC2EF5DA109E2E142029616183BCBD85C9C
C:\clean_rebuild\logs\trace\SNS_Snapshots\SNS_24_SNAPSHOT_20250518_193739\modules\WmfImagePlugin.py,858808A4322127BA3F22857AFA77960838C8F0A908597408BB5F04809DF84636
C:\clean_rebuild\logs\trace\SNS_Snapshots\SNS_24_SNAPSHOT_20250518_193739\modules\wrapper.py,75841FE833D8AAF153DE4A85206F17CCD25B3AA389C75189E4951A001A5049CD
C:\clean_rebuild\logs\trace\SNS_Snapshots\SNS_24_SNAPSHOT_20250518_193739\modules\x509.py,FD77685AD95C8434DBCCCC9F74FE468E56BC7E204CC4F63DAAFF08AB726C7B75
C:\clean_rebuild\logs\trace\SNS_Snapshots\SNS_24_SNAPSHOT_20250518_193739\modules\XbmImagePlugin.py,2EDC3DED43E08B35E927BF227939E4F5678DEDFAFA3F3B96179124E61D340A9D
C:\clean_rebuild\logs\trace\SNS_Snapshots\SNS_24_SNAPSHOT_20250518_193739\modules\xmlrpc.py,C0A165DB4EA1F7F14BC9CFCE63A49C82AF3B855BF58B3A1DB69F3076A8864FD9
C:\clean_rebuild\logs\trace\SNS_Snapshots\SNS_24_SNAPSHOT_20250518_193739\modules\XpmImagePlugin.py,BDFD4EED18D4DCAD53298BED2CFF8AB24F0D8406270D4CCEAB0EAE672CA4883A
C:\clean_rebuild\logs\trace\SNS_Snapshots\SNS_24_SNAPSHOT_20250518_193739\modules\XVThumbImagePlugin.py,39C1350480CDF90E0F0DF32002C500E17013D9D8DE3E1D8FE9684F080AB05C9D
C:\clean_rebuild\logs\trace\SNS_Snapshots\SNS_24_SNAPSHOT_20250518_193739\modules\x_user_defined.py,BCE7D2C13435B231820C0E836CCDED3175A0E15043852374E470AE35B41C621E
C:\clean_rebuild\logs\trace\SNS_Snapshots\SNS_24_SNAPSHOT_20250518_193739\modules\_abc.py,200C8BBDF01645D136D7F85706D2582D1714CA4A1365C31ADDCD66176C86BAB1
C:\clean_rebuild\logs\trace\SNS_Snapshots\SNS_24_SNAPSHOT_20250518_193739\modules\_abnf.py,2DFBC7E8A6B78CFD7E04D61D4C92F336F30582ACE2077997987B6EA3A6087669
C:\clean_rebuild\logs\trace\SNS_Snapshots\SNS_24_SNAPSHOT_20250518_193739\modules\_add_docstring.py,60F6239717EA0BC91733F6A6B4BC8A5C9E1A48D2897262D8F88B7F3E75B5FA5E
C:\clean_rebuild\logs\trace\SNS_Snapshots\SNS_24_SNAPSHOT_20250518_193739\modules\_add_newdocs.py,790FD00CA4BC4AE6AFBA758B661F6BCF442D455B730EDAC8866737380828757C
C:\clean_rebuild\logs\trace\SNS_Snapshots\SNS_24_SNAPSHOT_20250518_193739\modules\_add_newdocs_scalars.py,4DE56846901BA86E3A70BC0655FF8F44AF9C22DF6A8002ACB4023E9C7B3C69B8
C:\clean_rebuild\logs\trace\SNS_Snapshots\SNS_24_SNAPSHOT_20250518_193739\modules\_api.py,EA35BFA54C7087B8A7C378AB9E7D1F5E1F22989D6128CA8E654F471A65C4C257
C:\clean_rebuild\logs\trace\SNS_Snapshots\SNS_24_SNAPSHOT_20250518_193739\modules\_app.py,86FF5A0B2FF5DB0164001A64D78A995E5629BE28BF6189561D2A1F148CF2E81B
C:\clean_rebuild\logs\trace\SNS_Snapshots\SNS_24_SNAPSHOT_20250518_193739\modules\_appengine_environ.py,3CE60949E35669C258C1741DBF421FDEFE7A95CA221EE2FA31013CA701B56287
C:\clean_rebuild\logs\trace\SNS_Snapshots\SNS_24_SNAPSHOT_20250518_193739\modules\_argcomplete.py,77B825DCA548E9872FEAD76682B4D2D0A0FB649984ACBF0F90E1AD5FF35140FA
C:\clean_rebuild\logs\trace\SNS_Snapshots\SNS_24_SNAPSHOT_20250518_193739\modules\_arraypad_impl.py,462E88FECF795CB114C12CA4C7D78E073EC9AA23CD2904CC1F6E2E42B0C10FE9
C:\clean_rebuild\logs\trace\SNS_Snapshots\SNS_24_SNAPSHOT_20250518_193739\modules\_arraysetops_impl.py,E4EFBCCCFACC7DC81545A1C91B6201418A99B24831A84129819316F9536D0BA2
C:\clean_rebuild\logs\trace\SNS_Snapshots\SNS_24_SNAPSHOT_20250518_193739\modules\_arrayterator_impl.py,9F5FDE9AF7EA5DCBCEB4B85A78CB42BD8899A810A754235FC2923DE65A0205AD
C:\clean_rebuild\logs\trace\SNS_Snapshots\SNS_24_SNAPSHOT_20250518_193739\modules\_array_api_info.py,41DFF6C7FA5440B741B673CAA1D119CB665DB3E4798B60CA41A70C98C5516919
C:\clean_rebuild\logs\trace\SNS_Snapshots\SNS_24_SNAPSHOT_20250518_193739\modules\_array_like.py,315278EF31B074006DC289E76F36C057538B042362BEAA32DAFE816201A8F681
C:\clean_rebuild\logs\trace\SNS_Snapshots\SNS_24_SNAPSHOT_20250518_193739\modules\_array_utils_impl.py,F15E61876258CCBD0B2B2D8A06B44F87E1591E37CAAE7EE7C92FD536BBD148ED
C:\clean_rebuild\logs\trace\SNS_Snapshots\SNS_24_SNAPSHOT_20250518_193739\modules\_array_utils_impl_6de7eda5.py,F15E61876258CCBD0B2B2D8A06B44F87E1591E37CAAE7EE7C92FD536BBD148ED
C:\clean_rebuild\logs\trace\SNS_Snapshots\SNS_24_SNAPSHOT_20250518_193739\modules\_arrow_string_mixins.py,2D218EC0FEC1E1276738990E22F6BA6CF244FA4FB08C4C8522AD42E3DEC59BB1
C:\clean_rebuild\logs\trace\SNS_Snapshots\SNS_24_SNAPSHOT_20250518_193739\modules\_arrow_utils.py,70B9322715F5A1DDA1B8E299ACA00EA565EEECE64E3954E85695060E1248B427
C:\clean_rebuild\logs\trace\SNS_Snapshots\SNS_24_SNAPSHOT_20250518_193739\modules\_arrow_utils_b4425065.py,70B9322715F5A1DDA1B8E299ACA00EA565EEECE64E3954E85695060E1248B427
C:\clean_rebuild\logs\trace\SNS_Snapshots\SNS_24_SNAPSHOT_20250518_193739\modules\_asarray.py,DF05256DA08CF9A82D9B91D54730FA4F6C62A8DA5A7DD67BED056481BF87080C
C:\clean_rebuild\logs\trace\SNS_Snapshots\SNS_24_SNAPSHOT_20250518_193739\modules\_asarray_7dbc59f0.py,DF05256DA08CF9A82D9B91D54730FA4F6C62A8DA5A7DD67BED056481BF87080C
C:\clean_rebuild\logs\trace\SNS_Snapshots\SNS_24_SNAPSHOT_20250518_193739\modules\_asyncgens.py,01C043E52CCA869B0922C6EB6850CAAB8FCBF4731543362076CAD8F0ECF62736
C:\clean_rebuild\logs\trace\SNS_Snapshots\SNS_24_SNAPSHOT_20250518_193739\modules\_asyncio.py,F86FBE70AE567E595E0338CEF98D4C7407EE2BA7485184B50758B69ED6F3CCFD
C:\clean_rebuild\logs\trace\SNS_Snapshots\SNS_24_SNAPSHOT_20250518_193739\modules\_backend.py,2E51714210D0D89F11A57DB17CBDA8259058E0A7EE93C7C06F8EB562B4A15DCB
C:\clean_rebuild\logs\trace\SNS_Snapshots\SNS_24_SNAPSHOT_20250518_193739\modules\_base.py,E1901FD2F9C97DDF4CDE006C9C0A7C1B8881D2A8A5002E7FD12000959BA1FC57
C:\clean_rebuild\logs\trace\SNS_Snapshots\SNS_24_SNAPSHOT_20250518_193739\modules\_base_connection.py,4F68C300C6DB74986052AFAE6D8D73428539CE28AE50F9A9FA5987EFDE2E36E8
C:\clean_rebuild\logs\trace\SNS_Snapshots\SNS_24_SNAPSHOT_20250518_193739\modules\_binary.py,71BF69FBF9B0CC162E9A556C59B9E84D6B2B2E8E7DB68C00E9AB4B399BE33B7C
C:\clean_rebuild\logs\trace\SNS_Snapshots\SNS_24_SNAPSHOT_20250518_193739\modules\_bsdf.py,16DF283614C0714391D8168D1BC9B01FA30FB6964AE7296BF7F9F92C962B2151
C:\clean_rebuild\logs\trace\SNS_Snapshots\SNS_24_SNAPSHOT_20250518_193739\modules\_calamine.py,AC83CD95B2E9D3EF6579AA70A52E13612F7F559E9952CB72E542F0971DF4837A
C:\clean_rebuild\logs\trace\SNS_Snapshots\SNS_24_SNAPSHOT_20250518_193739\modules\_calamine_cac1dba7.py,AC83CD95B2E9D3EF6579AA70A52E13612F7F559E9952CB72E542F0971DF4837A
C:\clean_rebuild\logs\trace\SNS_Snapshots\SNS_24_SNAPSHOT_20250518_193739\modules\_callers.py,CD4650357C267DBA17F3FBD163009268B486D79E7281F88017DCE1CD4DE109E7
C:\clean_rebuild\logs\trace\SNS_Snapshots\SNS_24_SNAPSHOT_20250518_193739\modules\_cell_widths.py,C01D84F036DFDA4C7EF355170DFB3F6D582364FD4F024F32FD8B232E6033689E
C:\clean_rebuild\logs\trace\SNS_Snapshots\SNS_24_SNAPSHOT_20250518_193739\modules\_channel.py,BA846EC698F6156D4C730B77478E8FDFAEC3F75C5B1C485F346E408EB01291D4
C:\clean_rebuild\logs\trace\SNS_Snapshots\SNS_24_SNAPSHOT_20250518_193739\modules\_char_codes.py,423DEDEE3FE08E8CBB102995673CF76F99D5306241294E6D8CF649D69786A33A
C:\clean_rebuild\logs\trace\SNS_Snapshots\SNS_24_SNAPSHOT_20250518_193739\modules\_checkpoints.py,3CDCFBE8278355330A3A1357A919F1B9C50836292F7E0C1A4D0FC8AEB1202CAF
C:\clean_rebuild\logs\trace\SNS_Snapshots\SNS_24_SNAPSHOT_20250518_193739\modules\_check_streams.py,FED93E314F0F8E3961AB66455FBF9F94260512213991065241D31A7421CD941E
C:\clean_rebuild\logs\trace\SNS_Snapshots\SNS_24_SNAPSHOT_20250518_193739\modules\_cmd.py,DEDE8CF031AE75462E9878DA10064F736DB63866CD2F31CEA7EC545CB6E21E8E
C:\clean_rebuild\logs\trace\SNS_Snapshots\SNS_24_SNAPSHOT_20250518_193739\modules\_collections.py,E9D03A2E7A15B170C8C9BF2F39B19671D9D9AD1522E894C674DE87ED9B189F07
C:\clean_rebuild\logs\trace\SNS_Snapshots\SNS_24_SNAPSHOT_20250518_193739\modules\_color_data.py,EDA6C7B5EB4182FC20B1C251CE4D5C42B92A43954E5A72956EFB1739A10B9365
C:\clean_rebuild\logs\trace\SNS_Snapshots\SNS_24_SNAPSHOT_20250518_193739\modules\_compat.py,63835D7ED4BF5D0B44D7141A66767CA79A1C22E4282BABC2EB7D17B07865A891
C:\clean_rebuild\logs\trace\SNS_Snapshots\SNS_24_SNAPSHOT_20250518_193739\modules\_concat_tb.py,16A82E1FC867DFECD58BF5FF14D0CFE53F08354E750E8108651A7D6CAE931D6E
C:\clean_rebuild\logs\trace\SNS_Snapshots\SNS_24_SNAPSHOT_20250518_193739\modules\_configtool.py,0A0743592BFD017E9734A2226C15C18ACBEE0AED1A52455529B36E7497C4448C
C:\clean_rebuild\logs\trace\SNS_Snapshots\SNS_24_SNAPSHOT_20250518_193739\modules\_connection.py,B579C93049A81FE35EF3AE8F65BB84122928DA873EF206C03BD91816FFA7A4D5
C:\clean_rebuild\logs\trace\SNS_Snapshots\SNS_24_SNAPSHOT_20250518_193739\modules\_constants.py,0F4FF76121733EF3F92C87527EE52377940A737E7539A0481C4FBC4B485D2553
C:\clean_rebuild\logs\trace\SNS_Snapshots\SNS_24_SNAPSHOT_20250518_193739\modules\_convertions.py,BDEB5916A0B5A81F99F63BDCED12AE53FE444CE6926E385B29AFAC570615F135
C:\clean_rebuild\logs\trace\SNS_Snapshots\SNS_24_SNAPSHOT_20250518_193739\modules\_cookiejar.py,677670582B5E3B3727BECB17C2DDB020DC2A2049FE017DFC07F5ED538FA9BBF3
C:\clean_rebuild\logs\trace\SNS_Snapshots\SNS_24_SNAPSHOT_20250518_193739\modules\_cpu_features.py,38D65295DD3E4506C462350E7766FB7D16635CC7E6A234FE0E4B14C7AF6089C6
C:\clean_rebuild\logs\trace\SNS_Snapshots\SNS_24_SNAPSHOT_20250518_193739\modules\_cpu_features_737db4dc.py,4A489250AE5C59C2BA6AD9F0727E88B0DDFBBBC079D236FA342905F58F9981C4
C:\clean_rebuild\logs\trace\SNS_Snapshots\SNS_24_SNAPSHOT_20250518_193739\modules\_curve.py,2F96723C3F14CF46F7660BEB646495DEC3673474C0ABC97FB12D18DAFC188A1C
C:\clean_rebuild\logs\trace\SNS_Snapshots\SNS_24_SNAPSHOT_20250518_193739\modules\_datasource.py,1FB1CA1470B27BDAF698B0EEA7A2989EE29C8D4ACE77719CDB014C9FBF2B5466
C:\clean_rebuild\logs\trace\SNS_Snapshots\SNS_24_SNAPSHOT_20250518_193739\modules\_decorators.py,78B217CD6925F0C7D766658202F31C46532E6F0D61D4C7436A76752AB0295625
C:\clean_rebuild\logs\trace\SNS_Snapshots\SNS_24_SNAPSHOT_20250518_193739\modules\_definitions.py,BDD5F44F7C4AC5F2397FE0024E7F62AA4DDE8B95BA7C4E6F755EAF68349E8E8D
C:\clean_rebuild\logs\trace\SNS_Snapshots\SNS_24_SNAPSHOT_20250518_193739\modules\_deprecate.py,E56AEB644DD0EB99D1177A70C1137DC2C998E25A853896B24FA531B7E8BDB5FD
C:\clean_rebuild\logs\trace\SNS_Snapshots\SNS_24_SNAPSHOT_20250518_193739\modules\_deprecation.py,C69CEF8074B6DC4664A2002B0AA1ECC721CC53530CF5C890B2A166671CDE5037
C:\clean_rebuild\logs\trace\SNS_Snapshots\SNS_24_SNAPSHOT_20250518_193739\modules\_dicom.py,21F4C70B59E815595C8729941C3EF0BDE60092C4F3C3185C15C44A7CD85BE75D
C:\clean_rebuild\logs\trace\SNS_Snapshots\SNS_24_SNAPSHOT_20250518_193739\modules\_digest_auth_compat.py,C6F16AF9AEE18DB7B6893342719C862CB9B282697779A6E101799691C4F894A0
C:\clean_rebuild\logs\trace\SNS_Snapshots\SNS_24_SNAPSHOT_20250518_193739\modules\_distributor_init.py,6A105B64FCFE98666B9B0C77E451D0DBA0228A7493EFC171BEEA62041286169E
C:\clean_rebuild\logs\trace\SNS_Snapshots\SNS_24_SNAPSHOT_20250518_193739\modules\_dists.py,1CB46DA6BAACB3972FAFCE5F63934163519BB1388A8DE2724BDC399127DA1058
C:\clean_rebuild\logs\trace\SNS_Snapshots\SNS_24_SNAPSHOT_20250518_193739\modules\_distutils_8e51ab4e.py,531995331ACE4B7AC2AA54436A2EF57FA1660D96AD33C787A7F7F9AB38457567
C:\clean_rebuild\logs\trace\SNS_Snapshots\SNS_24_SNAPSHOT_20250518_193739\modules\_distutils_f7c000df.py,531995331ACE4B7AC2AA54436A2EF57FA1660D96AD33C787A7F7F9AB38457567
C:\clean_rebuild\logs\trace\SNS_Snapshots\SNS_24_SNAPSHOT_20250518_193739\modules\_dist_ver.py,D37ACC49C0E7A5034806A253CC092FEB6F2B93886E18233CB8B800A567FCE94B
C:\clean_rebuild\logs\trace\SNS_Snapshots\SNS_24_SNAPSHOT_20250518_193739\modules\_doctools.py,32F167E59FA7EA1D19D1DC1AB451D38A2126432ADB8FCC5A9DA99885769D8566
C:\clean_rebuild\logs\trace\SNS_Snapshots\SNS_24_SNAPSHOT_20250518_193739\modules\_dtls.py,1AB9EC0C4BE7F8A07B40B1F95F31C63DA29083D406AF86D3B2074600E41CAF9D
C:\clean_rebuild\logs\trace\SNS_Snapshots\SNS_24_SNAPSHOT_20250518_193739\modules\_dtype.py,8AD5E5A023A0967E6AAF998C16F180E78004A42D2E794037AA2107E99EFDF0ED
C:\clean_rebuild\logs\trace\SNS_Snapshots\SNS_24_SNAPSHOT_20250518_193739\modules\_dtype_ctypes.py,5EFABF61FA942797B6F25B6766E11A55BF0C6C3536A5B71C253B188263D9B91B
C:\clean_rebuild\logs\trace\SNS_Snapshots\SNS_24_SNAPSHOT_20250518_193739\modules\_dtype_like.py,53841C10B497A377D8F13E10C196EF811043B817A82E7C280A6F0B20C0E4FAEA
C:\clean_rebuild\logs\trace\SNS_Snapshots\SNS_24_SNAPSHOT_20250518_193739\modules\_dummy_thread.py,CDA8CD42E1DF5C295CEECF3C97D6923F47908349FE50FB3B99707F67DB6E1B85
C:\clean_rebuild\logs\trace\SNS_Snapshots\SNS_24_SNAPSHOT_20250518_193739\modules\_edwards.py,6428E988C6C014C815D57BF642CBD160A691269D0EEA1F6EB8274236E37B668C
C:\clean_rebuild\logs\trace\SNS_Snapshots\SNS_24_SNAPSHOT_20250518_193739\modules\_EKSBlowfish.py,26B7450998B5E04410A77486C695457C58DCBC8DB24F50CC685651D223F3BE8E
C:\clean_rebuild\logs\trace\SNS_Snapshots\SNS_24_SNAPSHOT_20250518_193739\modules\_elffile.py,79C9905148CC173EB4D77CCB87AB21A59F33CE5959B10C7EAFEC09724DCFE806
C:\clean_rebuild\logs\trace\SNS_Snapshots\SNS_24_SNAPSHOT_20250518_193739\modules\_emoji_codes.py,C2C1D5FBF73D3BDC6432A272347032EC9C6F784FB9040A2651789B0B96AD17FE
C:\clean_rebuild\logs\trace\SNS_Snapshots\SNS_24_SNAPSHOT_20250518_193739\modules\_emoji_replace.py,52176FC65D4CECADD256552E498FDB66ACBD0E6492009B51844309D1EE4C3FC9
C:\clean_rebuild\logs\trace\SNS_Snapshots\SNS_24_SNAPSHOT_20250518_193739\modules\_encoded_words.py,D6B8E3F94BD5ECFAFBCCFF615605F62C830865DF0BEC88292A61EF45531F9CE8
C:\clean_rebuild\logs\trace\SNS_Snapshots\SNS_24_SNAPSHOT_20250518_193739\modules\_envs.py,7C1D8549D345C05549C3B44155F91C9FED709AEC4318F38F740BF46869A1793A
C:\clean_rebuild\logs\trace\SNS_Snapshots\SNS_24_SNAPSHOT_20250518_193739\modules\_events.py,D2FE980A611399C0762659F421B6CCCD77516374DF244B5880A958343249666A
C:\clean_rebuild\logs\trace\SNS_Snapshots\SNS_24_SNAPSHOT_20250518_193739\modules\_exceptions.py,688C0EC95D287A29D3E32C8F94FB13AFD0149F39D15747691BE9A9CF2E631AD7
C:\clean_rebuild\logs\trace\SNS_Snapshots\SNS_24_SNAPSHOT_20250518_193739\modules\_expired_attrs_2_0.py,B8F512A65482EBFC7F361CA7A00BA9DD909FDF276DECC1AB04DC0973674188BF
C:\clean_rebuild\logs\trace\SNS_Snapshots\SNS_24_SNAPSHOT_20250518_193739\modules\_extended_precision.py,E4F863113E0D911A7E2D281F7C9A9F719D42E42A7EC44441D7814D5DF52F4645
C:\clean_rebuild\logs\trace\SNS_Snapshots\SNS_24_SNAPSHOT_20250518_193739\modules\_extension.py,A16D3F68E3B5FA4F509804781ECE630D280F6352AA715333289437FD791D6284
C:\clean_rebuild\logs\trace\SNS_Snapshots\SNS_24_SNAPSHOT_20250518_193739\modules\_fake_net.py,433879F716B1FE9E7BE13050D93FFB717BAA930B4222F21E0CB351725B02EC8B
C:\clean_rebuild\logs\trace\SNS_Snapshots\SNS_24_SNAPSHOT_20250518_193739\modules\_fileno.py,DCE32E8AFF16F133195531CED2C0CA1DA182DDD02B45DEC375B5010A5CD1A9D3
C:\clean_rebuild\logs\trace\SNS_Snapshots\SNS_24_SNAPSHOT_20250518_193739\modules\_file_io.py,F25B41646294AE3EAF3A789DAA387EB90C6A74A172C84C09CAEB73D339E750BE
C:\clean_rebuild\logs\trace\SNS_Snapshots\SNS_24_SNAPSHOT_20250518_193739\modules\_file_system.py,B8FF883AA293F99710EA591A58AA8D0D03FEEEDD5AA49C560B60A05FD3D413E1
C:\clean_rebuild\logs\trace\SNS_Snapshots\SNS_24_SNAPSHOT_20250518_193739\modules\_freeimage.py,DAB5010B6E967EBE7F4999E966EB3DF049F1C9091877D1F3E33754A3AB6190A2
C:\clean_rebuild\logs\trace\SNS_Snapshots\SNS_24_SNAPSHOT_20250518_193739\modules\_function_base_impl.py,DD3D59D7025AB419FC7D5EE890DF66A0BA222F98D288D30646F7B1D2345F86F8
C:\clean_rebuild\logs\trace\SNS_Snapshots\SNS_24_SNAPSHOT_20250518_193739\modules\_generated_instrumentation.py,A187BEA0D92AB3E99157773388F94017E901A5779CB609A2469A3D55A95DFE60
C:\clean_rebuild\logs\trace\SNS_Snapshots\SNS_24_SNAPSHOT_20250518_193739\modules\_generated_io_epoll.py,E622A21CCD37FDBB1FC644BDCBDE9147B0E8D41433EEC94AE1A218263E6025B1
C:\clean_rebuild\logs\trace\SNS_Snapshots\SNS_24_SNAPSHOT_20250518_193739\modules\_generated_io_epoll_aedbd8e1.py,E622A21CCD37FDBB1FC644BDCBDE9147B0E8D41433EEC94AE1A218263E6025B1
C:\clean_rebuild\logs\trace\SNS_Snapshots\SNS_24_SNAPSHOT_20250518_193739\modules\_generated_io_kqueue.py,6E87D82FFA39666EC0B82BB29D10F2DED9A11597C5AE8707AE185BAE3AF57E90
C:\clean_rebuild\logs\trace\SNS_Snapshots\SNS_24_SNAPSHOT_20250518_193739\modules\_generated_io_windows.py,A7E1C9676CAD02747122E377283C54045DC4E5AD65FA95AF78E449F64F6E90DE
C:\clean_rebuild\logs\trace\SNS_Snapshots\SNS_24_SNAPSHOT_20250518_193739\modules\_generated_run.py,63E3824C1AABDE84919C0DA9C11D2D500203B356CCFB9E2D1FFCB387C9256F47
C:\clean_rebuild\logs\trace\SNS_Snapshots\SNS_24_SNAPSHOT_20250518_193739\modules\_globals.py,BD641880C65689F4FB1141CB02F60C6E15749FB8A682D74A08FAAD789103CF0F
C:\clean_rebuild\logs\trace\SNS_Snapshots\SNS_24_SNAPSHOT_20250518_193739\modules\_handshake.py,4B1D79379BFED50CEEFF3676DAEFC1404C8469AFA3973F58D2BBFE648BDF2CCF
C:\clean_rebuild\logs\trace\SNS_Snapshots\SNS_24_SNAPSHOT_20250518_193739\modules\_headers.py,5A78E61E8D1638F4C5C6A2C3863D67DFE33691E198E0C876CB86E6FD2B25C17D
C:\clean_rebuild\logs\trace\SNS_Snapshots\SNS_24_SNAPSHOT_20250518_193739\modules\_header_value_parser.py,5DFA646673042772C3D7D4D845A11DA454D5EEF0274A045309A592172DBAA1BA
C:\clean_rebuild\logs\trace\SNS_Snapshots\SNS_24_SNAPSHOT_20250518_193739\modules\_helper.py,9C0B5043B78766B421C2CDC810806DA670960387A63EB89C3A63675EB9BF6E78
C:\clean_rebuild\logs\trace\SNS_Snapshots\SNS_24_SNAPSHOT_20250518_193739\modules\_highlevel_generic.py,2449C2748DC46DDFE6449C6ED560D743E3827BBC89886095ED7ECDA9675A15EE
C:\clean_rebuild\logs\trace\SNS_Snapshots\SNS_24_SNAPSHOT_20250518_193739\modules\_highlevel_open_tcp_listeners.py,517C5B69E88DE479614453C6235EDD93DD06020F20DEECA18FB389AF68F32A78
C:\clean_rebuild\logs\trace\SNS_Snapshots\SNS_24_SNAPSHOT_20250518_193739\modules\_highlevel_open_tcp_stream.py,963D37445EEA34D615EC574440A59B4F3878105BF1AD9F9A59C79DBFA6D7E173
C:\clean_rebuild\logs\trace\SNS_Snapshots\SNS_24_SNAPSHOT_20250518_193739\modules\_highlevel_open_unix_stream.py,882D3057A455E5CF69163D9E1B080FA4E6AFBD8E3B180635C902668CD786DA35
C:\clean_rebuild\logs\trace\SNS_Snapshots\SNS_24_SNAPSHOT_20250518_193739\modules\_highlevel_serve_listeners.py,10681D2BC49D4D1F4BF9C355157BB803144170CAA3C1CECB75ED93D75D707101
C:\clean_rebuild\logs\trace\SNS_Snapshots\SNS_24_SNAPSHOT_20250518_193739\modules\_highlevel_socket.py,A52C39B70C22D51F49E583B647284FD3CDB943D272326A13473E971B23A584BF
C:\clean_rebuild\logs\trace\SNS_Snapshots\SNS_24_SNAPSHOT_20250518_193739\modules\_highlevel_ssl_helpers.py,779985DB2464DBF3D78C4B9EB294AE9D3EBB6F9FFAD42F881BE1C2368CE8BD3B
C:\clean_rebuild\logs\trace\SNS_Snapshots\SNS_24_SNAPSHOT_20250518_193739\modules\_histograms_impl.py,5828B7FB7BF727A35E5F1A100F2D8C071242412B9F80C926B6FAF820880AF88E
C:\clean_rebuild\logs\trace\SNS_Snapshots\SNS_24_SNAPSHOT_20250518_193739\modules\_hooks.py,3D5004195E73BC441F039FB94A3FADD70E13A98AD22BFCA2169D715C134243DC
C:\clean_rebuild\logs\trace\SNS_Snapshots\SNS_24_SNAPSHOT_20250518_193739\modules\_html5lib.py,26A3FAE22D9BB9D0B447CA518A6BEA6B7F9935D35AEAB1C6BED34673303AFC7B
C:\clean_rebuild\logs\trace\SNS_Snapshots\SNS_24_SNAPSHOT_20250518_193739\modules\_htmlparser.py,EBA01C886A716DFDA44370D1B923C8C4F69499F672865257456D1B550A8D3D59
C:\clean_rebuild\logs\trace\SNS_Snapshots\SNS_24_SNAPSHOT_20250518_193739\modules\_http.py,151168BABB81D61B2D92832BBC76C9996DE73248BC566F2F7D7F4DFF0DE7CD04
C:\clean_rebuild\logs\trace\SNS_Snapshots\SNS_24_SNAPSHOT_20250518_193739\modules\_hypothesis.py,77A7AB4103F65C4077E3A92A24224549FCFDFD74BA2451D966A1CD6507E2C6DB
C:\clean_rebuild\logs\trace\SNS_Snapshots\SNS_24_SNAPSHOT_20250518_193739\modules\_impl.py,0ADEBC761CC42A779627C374A70129A78DB1349D10CE54E994C34A715DC90109
C:\clean_rebuild\logs\trace\SNS_Snapshots\SNS_24_SNAPSHOT_20250518_193739\modules\_impl_d1fdb034.py,0A4263171E741C4CED97A1F6816E1349C88DA829CF57B88D31C9EC427253D73C
C:\clean_rebuild\logs\trace\SNS_Snapshots\SNS_24_SNAPSHOT_20250518_193739\modules\_index_tricks_impl.py,4944BE394967ACAB33AD841280F4C0688773D1E57745A8189E44A1E0A61913B6
C:\clean_rebuild\logs\trace\SNS_Snapshots\SNS_24_SNAPSHOT_20250518_193739\modules\_inspect.py,6D221A7048472ED6234D768C569D5714F6362197F26DBE5B83C5F975881CF093
C:\clean_rebuild\logs\trace\SNS_Snapshots\SNS_24_SNAPSHOT_20250518_193739\modules\_instrumentation.py,C8B035A5D94D23397A5D3EEB89F4751BA5060B70C355DAE9E303977A6F72B056
C:\clean_rebuild\logs\trace\SNS_Snapshots\SNS_24_SNAPSHOT_20250518_193739\modules\_IntegerBase.py,C74E3C6BF4A560C0F92D4F8B17CDCA18E65F92BCB8C615CC1137087B4A8E519A
C:\clean_rebuild\logs\trace\SNS_Snapshots\SNS_24_SNAPSHOT_20250518_193739\modules\_IntegerCustom.py,4A4274EA8DBDB4B7CD33AF959A10CA4C07D364F31B2FE3D03BF3F98944B24F95
C:\clean_rebuild\logs\trace\SNS_Snapshots\SNS_24_SNAPSHOT_20250518_193739\modules\_IntegerGMP.py,A879042B5042A07AFCD293B9B2711E89971052F428298FC7BDBED29790EB7049
C:\clean_rebuild\logs\trace\SNS_Snapshots\SNS_24_SNAPSHOT_20250518_193739\modules\_IntegerNative.py,CCFDF9DB821BC0C05F36CAAB74AD1079F7EF6248AC3249F3CE251BF594D46BFF
C:\clean_rebuild\logs\trace\SNS_Snapshots\SNS_24_SNAPSHOT_20250518_193739\modules\_internal.py,7FB3CDB50232C0741883BAC69CBED6828DBB5B0B307309758B9B6544A9E3826C
C:\clean_rebuild\logs\trace\SNS_Snapshots\SNS_24_SNAPSHOT_20250518_193739\modules\_internal_utils.py,534EDA8A19EDD8B2634BA9006E071C4F91F4FEE8C7DDC4FA2C134B13F4213B8D
C:\clean_rebuild\logs\trace\SNS_Snapshots\SNS_24_SNAPSHOT_20250518_193739\modules\_internal_utils_a694cea6.py,534EDA8A19EDD8B2634BA9006E071C4F91F4FEE8C7DDC4FA2C134B13F4213B8D
C:\clean_rebuild\logs\trace\SNS_Snapshots\SNS_24_SNAPSHOT_20250518_193739\modules\_internal_utils_e9c7b59e.py,534EDA8A19EDD8B2634BA9006E071C4F91F4FEE8C7DDC4FA2C134B13F4213B8D
C:\clean_rebuild\logs\trace\SNS_Snapshots\SNS_24_SNAPSHOT_20250518_193739\modules\_in_process.py,CDE6CD46D108BE9F5A7557B40A4B0F07DADCE3C31A19AA85F54C00B34BFBF7D1
C:\clean_rebuild\logs\trace\SNS_Snapshots\SNS_24_SNAPSHOT_20250518_193739\modules\_io.py,F9638C7F131DFEBD595D190045E52FF3FDB7F20505E940632BAC88F0062D4B38
C:\clean_rebuild\logs\trace\SNS_Snapshots\SNS_24_SNAPSHOT_20250518_193739\modules\_iotools.py,CB0CDD57FBE14265A08BA46E444CBA35085845C07D3BED02B4B18811EE868339
C:\clean_rebuild\logs\trace\SNS_Snapshots\SNS_24_SNAPSHOT_20250518_193739\modules\_io_epoll.py,E124975AF3C91FD6BB33E15C035C2E9A88810EDACCEF6BAF6B918BE422837481
C:\clean_rebuild\logs\trace\SNS_Snapshots\SNS_24_SNAPSHOT_20250518_193739\modules\_io_kqueue.py,1A5C16CCF3071FD8E8150667BCD9541F2D8B700AE7E64860C9DADCED88CCF12B
C:\clean_rebuild\logs\trace\SNS_Snapshots\SNS_24_SNAPSHOT_20250518_193739\modules\_io_windows.py,584BD8D2894CF813E654C2FAC2C267595CC5196FFE0D98C157209E5116200582
C:\clean_rebuild\logs\trace\SNS_Snapshots\SNS_24_SNAPSHOT_20250518_193739\modules\_isocbind.py,415A11FE90FF6D8F488136921C7530FFC1018349A469FDC965FC212DF1DBCF54
C:\clean_rebuild\logs\trace\SNS_Snapshots\SNS_24_SNAPSHOT_20250518_193739\modules\_jaraco_text.py,F7CA55CA5E5FCD32B8A840A44E8C1AB3B3785599720D4EDF29593FBE66B39CDB
C:\clean_rebuild\logs\trace\SNS_Snapshots\SNS_24_SNAPSHOT_20250518_193739\modules\_json.py,EA4715F31DB4B934EDCEF3A385F4778A46C6C1C2D6BD4B7FA9A00E546F584A59
C:\clean_rebuild\logs\trace\SNS_Snapshots\SNS_24_SNAPSHOT_20250518_193739\modules\_ki.py,0B040B2F407CB81AA034A1B681A2FAB970FB83EEB2D041446E2B43760D87BAD1
C:\clean_rebuild\logs\trace\SNS_Snapshots\SNS_24_SNAPSHOT_20250518_193739\modules\_linalg.py,729907CDAC404E4CEAF8A261AB04B440434CC7CB1080805D44E2149EA3570B80
C:\clean_rebuild\logs\trace\SNS_Snapshots\SNS_24_SNAPSHOT_20250518_193739\modules\_local.py,D10CD1EE3B1284E063A795BCF0F7289048EBC5F70BC713B3FBF64C2B3EC7824C
C:\clean_rebuild\logs\trace\SNS_Snapshots\SNS_24_SNAPSHOT_20250518_193739\modules\_locales.py,C6C289A93DD96622462D06E6E17C755B68BD28BAB1D78A1013DC146B8F4F909F
C:\clean_rebuild\logs\trace\SNS_Snapshots\SNS_24_SNAPSHOT_20250518_193739\modules\_log.py,6E5F3F9A96D8B9A01AA030CD6CBE630E13E798AA6B4189F90D3516D42A9EAFD7
C:\clean_rebuild\logs\trace\SNS_Snapshots\SNS_24_SNAPSHOT_20250518_193739\modules\_logging.py,2E2FDF0365D3A2B892AC977EF09ADEFBDE5A72D0FDEB47E1790AFA1DFE4EECBA
C:\clean_rebuild\logs\trace\SNS_Snapshots\SNS_24_SNAPSHOT_20250518_193739\modules\_log_render.py,2AEE0B2430F8EA046B4ABCAD589EA3D3C47641993B16AF83B8A366E3A1788A05
C:\clean_rebuild\logs\trace\SNS_Snapshots\SNS_24_SNAPSHOT_20250518_193739\modules\_loop.py,61752561F4F949B9AAFE91ACC156FE702FCB3437792BB725FB824B2F57F26F57
C:\clean_rebuild\logs\trace\SNS_Snapshots\SNS_24_SNAPSHOT_20250518_193739\modules\_lxml.py,A7A676CD1DEDF6139D28383822C5341C27240CEE7817B127CC68B633805B32CE
C:\clean_rebuild\logs\trace\SNS_Snapshots\SNS_24_SNAPSHOT_20250518_193739\modules\_machar.py,4D6956DB238A540ED593EB3D82EB31460BA6BE04DD09C00F2FFEF693C49139DE
C:\clean_rebuild\logs\trace\SNS_Snapshots\SNS_24_SNAPSHOT_20250518_193739\modules\_macos.py,20F2A9A8A2764B4AB737CF86B4B536EA7E4BE59EC9416BA7F7F196AAC2116408
C:\clean_rebuild\logs\trace\SNS_Snapshots\SNS_24_SNAPSHOT_20250518_193739\modules\_main.py,4BA5960BD28337250C16234E1FF5EC067E8BDBEF085421EE886329B733A16796
C:\clean_rebuild\logs\trace\SNS_Snapshots\SNS_24_SNAPSHOT_20250518_193739\modules\_manager.py,1DFC5DCA45F2E336F78D1A1A058CA135A4CABC5B5DDE078A1995BCA8DFB221AB
C:\clean_rebuild\logs\trace\SNS_Snapshots\SNS_24_SNAPSHOT_20250518_193739\modules\_manylinux.py,D419D0A5B4F112982728D899E221010FDFCF47C0A6F4004B4FC0B4C2776DEB96
C:\clean_rebuild\logs\trace\SNS_Snapshots\SNS_24_SNAPSHOT_20250518_193739\modules\_mapping.py,D17B3D6ADCDB4F31BCBA70B4D354456B75CF895F576DC83D3F8178783148BAE7
C:\clean_rebuild\logs\trace\SNS_Snapshots\SNS_24_SNAPSHOT_20250518_193739\modules\_markupbase.py,25CAEF1A79237C7F377C59DDD20C163C9D0194A53C1F7F368BEB41B5F76C3A50
C:\clean_rebuild\logs\trace\SNS_Snapshots\SNS_24_SNAPSHOT_20250518_193739\modules\_memory_streams.py,3A11E1615389CFE68763D9ABDA4A8D97ADA4E7DD4A36B22E833FEAD25057B890
C:\clean_rebuild\logs\trace\SNS_Snapshots\SNS_24_SNAPSHOT_20250518_193739\modules\_meson.py,1FE1B3D2A17096FDCF71E3306A64238471EA2710CE67258B02308DB6DE3BA593
C:\clean_rebuild\logs\trace\SNS_Snapshots\SNS_24_SNAPSHOT_20250518_193739\modules\_methods.py,41068BE3404B05B582867995683F73619B41A9FC72B9F0CC7983F55F53131146
C:\clean_rebuild\logs\trace\SNS_Snapshots\SNS_24_SNAPSHOT_20250518_193739\modules\_misc.py,02C6A7F27A13EAA554CFCF0F940A9C6DA0310F460ECE2277C4D4A2F0705AAFD1
C:\clean_rebuild\logs\trace\SNS_Snapshots\SNS_24_SNAPSHOT_20250518_193739\modules\_mixins.py,FD613B265810F4A0FF7B5154C29A6E19DEBD2E29EF87A9D4B61CDD07D29B42EC
C:\clean_rebuild\logs\trace\SNS_Snapshots\SNS_24_SNAPSHOT_20250518_193739\modules\_mock_clock.py,B5E4070A128906912B267ADF0C4F4F722C260397AA4AAF7CFD1FC24B82F0A75E
C:\clean_rebuild\logs\trace\SNS_Snapshots\SNS_24_SNAPSHOT_20250518_193739\modules\_mode_cbc.py,ECC8731D9C9B46644BE83F4A8873F9E73572E6F662B6C12D69AD7563CF305A67
C:\clean_rebuild\logs\trace\SNS_Snapshots\SNS_24_SNAPSHOT_20250518_193739\modules\_mode_ccm.py,67C63593FD35DE01ECA0D7D450647C078EF4CEBEFC93F7D79BDD09BAB011576D
C:\clean_rebuild\logs\trace\SNS_Snapshots\SNS_24_SNAPSHOT_20250518_193739\modules\_mode_cfb.py,8CABBF822F221DB275FC5748CCFAA0077D586A6013C9440FEA93A7EB293D6C7F
C:\clean_rebuild\logs\trace\SNS_Snapshots\SNS_24_SNAPSHOT_20250518_193739\modules\_mode_ctr.py,049583A9E418B5F12A55E63A9B02F979B6C5B935C5F82688C5E1893A7A6163C9
C:\clean_rebuild\logs\trace\SNS_Snapshots\SNS_24_SNAPSHOT_20250518_193739\modules\_mode_eax.py,0393E57C0CC6F792DDD763AFF910A586D72A0037BDB2DE309DD6757B7434D281
C:\clean_rebuild\logs\trace\SNS_Snapshots\SNS_24_SNAPSHOT_20250518_193739\modules\_mode_ecb.py,694C399EA30265F32E74A0C04E97599FF31FD9A17A8DFCC5A90F9CF8CE941B9C
C:\clean_rebuild\logs\trace\SNS_Snapshots\SNS_24_SNAPSHOT_20250518_193739\modules\_mode_gcm.py,AEFFEEA8A796CCEE4646A0F56DCCA78E8EEADC8E82D1F025ED22F6050D7EBD62
C:\clean_rebuild\logs\trace\SNS_Snapshots\SNS_24_SNAPSHOT_20250518_193739\modules\_mode_ocb.py,203809C960C430D18FEECAC151DF6DFFF7C351741D503B9DAB3DD6D9D5F7DEA5
C:\clean_rebuild\logs\trace\SNS_Snapshots\SNS_24_SNAPSHOT_20250518_193739\modules\_mode_ofb.py,64D0D58E0B8255948E76ECCCAD15CB89F186C40BDE87346CC3204CF2AF70D7E3
C:\clean_rebuild\logs\trace\SNS_Snapshots\SNS_24_SNAPSHOT_20250518_193739\modules\_mode_openpgp.py,D229C2276C3243BF0D663BC5527DEEFCFE02F7489856FE462E0F596A93BBCFCF
C:\clean_rebuild\logs\trace\SNS_Snapshots\SNS_24_SNAPSHOT_20250518_193739\modules\_mode_siv.py,E8D10A9C6757DEDD61C25EC8095BE88E277A95AEA191653AF21BCA926401B0BA
C:\clean_rebuild\logs\trace\SNS_Snapshots\SNS_24_SNAPSHOT_20250518_193739\modules\_montgomery.py,66004832F4421F5A537AF72F7DF5A819F40FE42572DCFDA38E1168D10E22497E
C:\clean_rebuild\logs\trace\SNS_Snapshots\SNS_24_SNAPSHOT_20250518_193739\modules\_multiarray_umath.py,BCEE3DFF8C7949883E0524F9E3597BDD19819BBA64A9BC25B2C9B0B1149D53CD
C:\clean_rebuild\logs\trace\SNS_Snapshots\SNS_24_SNAPSHOT_20250518_193739\modules\_musllinux.py,6DD1FDA1DB987A292540F565E4F763E427745A262C529CE74A5FDFFC98D4720B
C:\clean_rebuild\logs\trace\SNS_Snapshots\SNS_24_SNAPSHOT_20250518_193739\modules\_nanfunctions_impl.py,DF682C6987C53CA02A7AAC648E5F5700561A2AE9FA17D7FDF80BA1934B7BDC99
C:\clean_rebuild\logs\trace\SNS_Snapshots\SNS_24_SNAPSHOT_20250518_193739\modules\_natype.py,B955C709A866C836D9640690F8E2AA6969CE809448611113534E9DAECB1248FD
C:\clean_rebuild\logs\trace\SNS_Snapshots\SNS_24_SNAPSHOT_20250518_193739\modules\_nbit.py,E04F04EBB4A449EC0FBC3475E48EBC2843A7785F20B1CF7B98511EF6860171D4
C:\clean_rebuild\logs\trace\SNS_Snapshots\SNS_24_SNAPSHOT_20250518_193739\modules\_nbit_base.py,0D68C1373080E0F465CA31265C9161970110565004964A3898DE31F74B699C47
C:\clean_rebuild\logs\trace\SNS_Snapshots\SNS_24_SNAPSHOT_20250518_193739\modules\_nested_sequence.py,10D5D30F9417B128B43D69FB51FDAEF7FC779869B630473F5558AAD99C84A93B
C:\clean_rebuild\logs\trace\SNS_Snapshots\SNS_24_SNAPSHOT_20250518_193739\modules\_nested_sequence_1db8f3ad.py,10D5D30F9417B128B43D69FB51FDAEF7FC779869B630473F5558AAD99C84A93B
C:\clean_rebuild\logs\trace\SNS_Snapshots\SNS_24_SNAPSHOT_20250518_193739\modules\_network.py,264B6251AF591F1026AB59F317FFE454799B9A6BF057C3EE9906FE23BCF3C447
C:\clean_rebuild\logs\trace\SNS_Snapshots\SNS_24_SNAPSHOT_20250518_193739\modules\_nist_ecc.py,5B35E8A95077310310FB7A6032D0974C1014B8B8DDAC3E513E005FFFCBB65D26
C:\clean_rebuild\logs\trace\SNS_Snapshots\SNS_24_SNAPSHOT_20250518_193739\modules\_normalize.py,36E14BF65D74358B54D0ECB71CCCFF7B6A7EF6BF60EF9655286927A242AE7F33
C:\clean_rebuild\logs\trace\SNS_Snapshots\SNS_24_SNAPSHOT_20250518_193739\modules\_npyio_impl.py,E5ADDB01D2AFE0567277257370FE76A030082BF41F9437FB93280016BA798008
C:\clean_rebuild\logs\trace\SNS_Snapshots\SNS_24_SNAPSHOT_20250518_193739\modules\_null_file.py,B20924498C4540603EC280891D7D9F3ACAC438FE238D3266FE75D361CC5866FC
C:\clean_rebuild\logs\trace\SNS_Snapshots\SNS_24_SNAPSHOT_20250518_193739\modules\_odfreader.py,2755D6189B9F6724FD1A0AA27AD8B3ABF57B8F84A56F450DE0140C57397F565A
C:\clean_rebuild\logs\trace\SNS_Snapshots\SNS_24_SNAPSHOT_20250518_193739\modules\_odswriter.py,6A9D01BE2E8A162FC2F290CD578187B17118F24EDEF8D97FA0F8C0E9B8C80825
C:\clean_rebuild\logs\trace\SNS_Snapshots\SNS_24_SNAPSHOT_20250518_193739\modules\_openpyxl.py,006B659C9C8553EE28233F142FBAA31664C0C6F0881C34EBD813B83CDC2B9B1E
C:\clean_rebuild\logs\trace\SNS_Snapshots\SNS_24_SNAPSHOT_20250518_193739\modules\_openssh.py,B92D60974EF5FF39314516C2FA7ADF20886C4201C9AEA68EC633F921D4ED4B63
C:\clean_rebuild\logs\trace\SNS_Snapshots\SNS_24_SNAPSHOT_20250518_193739\modules\_openssl.py,3024AB4C8BC5433AA7AD3A01C5D39AFC028E49DCD7F31AFBAC74DD72B8D79F73
C:\clean_rebuild\logs\trace\SNS_Snapshots\SNS_24_SNAPSHOT_20250518_193739\modules\_optional.py,E59FD44E9AC14FBC734DABD1572D2CCF1E538FFA5B7B47913AB8C9F4284EA225
C:\clean_rebuild\logs\trace\SNS_Snapshots\SNS_24_SNAPSHOT_20250518_193739\modules\_palettes.py,11376BED3AA54671E64376F20A3A57D48DD8EF9A5A7974A33F813B5874D65A52
C:\clean_rebuild\logs\trace\SNS_Snapshots\SNS_24_SNAPSHOT_20250518_193739\modules\_parking_lot.py,69802A72BF8ADE7E5BCDC3A8CC0A7210CB463B76DF8852403D05CFE49CCB37A2
C:\clean_rebuild\logs\trace\SNS_Snapshots\SNS_24_SNAPSHOT_20250518_193739\modules\_parse.py,770598ADE9D1165E0164C596049A6D6EEA13D7ED85BD8A7F5FC671E09AECC8D4
C:\clean_rebuild\logs\trace\SNS_Snapshots\SNS_24_SNAPSHOT_20250518_193739\modules\_parseaddr.py,84C413C4E9FE04735F6CF1D49A24912DA979BF94EE1930D2335B27220B6B672C
C:\clean_rebuild\logs\trace\SNS_Snapshots\SNS_24_SNAPSHOT_20250518_193739\modules\_parser.py,C2F7EC770027300D25C8BB1D4993912078CBC1FED45DFFA5A41982F913D86A90
C:\clean_rebuild\logs\trace\SNS_Snapshots\SNS_24_SNAPSHOT_20250518_193739\modules\_parsing.py,6871E8F7C016885B94507CB214540C98F6A54C652C4F4B2BBCFB909B10DF8303
C:\clean_rebuild\logs\trace\SNS_Snapshots\SNS_24_SNAPSHOT_20250518_193739\modules\_path.py,7A1B1B523D7038BE1E84A673251A337D5267BD430F5C68E5020D615EE1FFBC4D
C:\clean_rebuild\logs\trace\SNS_Snapshots\SNS_24_SNAPSHOT_20250518_193739\modules\_PBES.py,ED169C709A6C1D989FAA3240242BC0BCD0BAB59380838552C8CFEDB320323F65
C:\clean_rebuild\logs\trace\SNS_Snapshots\SNS_24_SNAPSHOT_20250518_193739\modules\_pep440.py,CB1CDB60902B366651E4875033A10D304D5C1904A2C7EB82479D1AD069C86008
C:\clean_rebuild\logs\trace\SNS_Snapshots\SNS_24_SNAPSHOT_20250518_193739\modules\_pick.py,A697B1B9D9FAA09480C55C7CB4B0E9167096C094B7215D464ECD4812A4CC0A8C
C:\clean_rebuild\logs\trace\SNS_Snapshots\SNS_24_SNAPSHOT_20250518_193739\modules\_pickle.py,0F932BB3347FA030F8CACB376EDF7830FC39E05348C87E9FE0CB4E5816110EF9
C:\clean_rebuild\logs\trace\SNS_Snapshots\SNS_24_SNAPSHOT_20250518_193739\modules\_pkcs1_oaep_decode.py,9F8950FEEB6BE54C20FE83B79D18B33C773591E4BFD2F6ED85865E4E12677616
C:\clean_rebuild\logs\trace\SNS_Snapshots\SNS_24_SNAPSHOT_20250518_193739\modules\_pocketfft.py,DCCD11B1D568FFA4A98C6D761FB5BAED6AF91865DCF378A9480C7EE20095D956
C:\clean_rebuild\logs\trace\SNS_Snapshots\SNS_24_SNAPSHOT_20250518_193739\modules\_point.py,D0BB2C36AD73DC68D9023EC7726672E4EEC0A79E3A9D22A6C152D503D7D5ACE1
C:\clean_rebuild\logs\trace\SNS_Snapshots\SNS_24_SNAPSHOT_20250518_193739\modules\_policybase.py,77BEBDBFC6AAD347F97E6322190E0F6E76CD0839CD4FB6EC3630A5261465CF1F
C:\clean_rebuild\logs\trace\SNS_Snapshots\SNS_24_SNAPSHOT_20250518_193739\modules\_polybase.py,5FE4091B13D18FE9CD38B6AFE3E17FA968996AE7EF66A76CAEEEB4C0C2949AD4
C:\clean_rebuild\logs\trace\SNS_Snapshots\SNS_24_SNAPSHOT_20250518_193739\modules\_polynomial_impl.py,A3941DF9549EDFA82C804B8906B8C9AD6E23E5930C7D8BAAEA1A301D1DD36B31
C:\clean_rebuild\logs\trace\SNS_Snapshots\SNS_24_SNAPSHOT_20250518_193739\modules\_print_versions.py,9719EC62B220320ACA8931F736DD632B7803B1A2CE8B298225E994AA56E4F9BC
C:\clean_rebuild\logs\trace\SNS_Snapshots\SNS_24_SNAPSHOT_20250518_193739\modules\_pytesttester.py,E888BE548E2ECF7C22439A7335929DBD44FA2CEA0DF3AF2B37355F7FBAD39409
C:\clean_rebuild\logs\trace\SNS_Snapshots\SNS_24_SNAPSHOT_20250518_193739\modules\_pyxlsb.py,230DF16DD7F5668712930AFADC94E5FFDC863087FB13D9BA4777F2B440CA8B6E
C:\clean_rebuild\logs\trace\SNS_Snapshots\SNS_24_SNAPSHOT_20250518_193739\modules\_raises_group.py,C4AB5ED434012A9EAB8DF22876799AAE7AF71291848DD11DE19B6FD624DD1379
C:\clean_rebuild\logs\trace\SNS_Snapshots\SNS_24_SNAPSHOT_20250518_193739\modules\_ranges.py,F290808BF90168851711D857A04474FAE13DBA905827C16D8AFE6BA3AA08AEFD
C:\clean_rebuild\logs\trace\SNS_Snapshots\SNS_24_SNAPSHOT_20250518_193739\modules\_ratio.py,B2DD0300C08B75A904CE4851D078950C3DAF05ABAFE43C736233356E729A2AD3
C:\clean_rebuild\logs\trace\SNS_Snapshots\SNS_24_SNAPSHOT_20250518_193739\modules\_raw_api.py,E43C24009C33F4AB426C893940AB2D51BFACF888F0A119108361DB6402056111
C:\clean_rebuild\logs\trace\SNS_Snapshots\SNS_24_SNAPSHOT_20250518_193739\modules\_re.py,4842E6E992D2D9FFB07B47BE52C62A016582305E7071C2748877ED60A51D13A6
C:\clean_rebuild\logs\trace\SNS_Snapshots\SNS_24_SNAPSHOT_20250518_193739\modules\_readers.py,8231396E61F67A8D35A2733CEB752158722194D551FF4140112593B2CBCC11F9
C:\clean_rebuild\logs\trace\SNS_Snapshots\SNS_24_SNAPSHOT_20250518_193739\modules\_receivebuffer.py,90A996A4C8F614195C6AC82285030C1B566778876FF3B1117DF7130FCC524F00
C:\clean_rebuild\logs\trace\SNS_Snapshots\SNS_24_SNAPSHOT_20250518_193739\modules\_recorder.py,778D18745A90051F842D4CBE3A0C00451C9BEBEF447944E710B73350BF3CF973
C:\clean_rebuild\logs\trace\SNS_Snapshots\SNS_24_SNAPSHOT_20250518_193739\modules\_repl.py,953C4492751500D61338F65355E83F3C36ABBB82A011A2B19196961A89023D08
C:\clean_rebuild\logs\trace\SNS_Snapshots\SNS_24_SNAPSHOT_20250518_193739\modules\_request_methods.py,7B3F88467322DEC24E6BD61730B9E78AACDC652D5F2097ED7F53F290F1E094E4
C:\clean_rebuild\logs\trace\SNS_Snapshots\SNS_24_SNAPSHOT_20250518_193739\modules\_result.py,932B0C23318F45A030756FA24E2EE09F1C8A829CC09A5B71DFB7E3570712C8E8
C:\clean_rebuild\logs\trace\SNS_Snapshots\SNS_24_SNAPSHOT_20250518_193739\modules\_run.py,DE0EE7A030B9C16A2D5041C09210A76A3CE4D48D6F7E4CB7F46DF351DA9397F6
C:\clean_rebuild\logs\trace\SNS_Snapshots\SNS_24_SNAPSHOT_20250518_193739\modules\_run_context.py,89C7090159BAA8566BFE67FB9E02092EABB38F81CD47B6979F7DB75DEAC836F5
C:\clean_rebuild\logs\trace\SNS_Snapshots\SNS_24_SNAPSHOT_20250518_193739\modules\_scalars.py,B0A69A10466A010B621228DEB87E14E4A3CDA46EC562C06D18EEF797D76D8BD4
C:\clean_rebuild\logs\trace\SNS_Snapshots\SNS_24_SNAPSHOT_20250518_193739\modules\_scimath_impl.py,DCFD861F4865756330EA182A366BFF29794435F158CDE232F60AABA9C3AE81D8
C:\clean_rebuild\logs\trace\SNS_Snapshots\SNS_24_SNAPSHOT_20250518_193739\modules\_sequencer.py,212CA634E9D79D6B6AA76E288305CB51230FA5AC43801E455E937231E63404A9
C:\clean_rebuild\logs\trace\SNS_Snapshots\SNS_24_SNAPSHOT_20250518_193739\modules\_shape.py,DE0D2B369647C4CEEB3C89C124C486A5B543F58D0BC3542D90510DFF2AD611EA
C:\clean_rebuild\logs\trace\SNS_Snapshots\SNS_24_SNAPSHOT_20250518_193739\modules\_shape_base_impl.py,2E0298327344AE4332F316C8BA68DA3C91C53CE00BBC54D1C064076237C2B59A
C:\clean_rebuild\logs\trace\SNS_Snapshots\SNS_24_SNAPSHOT_20250518_193739\modules\_signals.py,3ED460DAFE46CF7343BCDAFB8166F7251301B91637537CCE99A7B00E06BB6A49
C:\clean_rebuild\logs\trace\SNS_Snapshots\SNS_24_SNAPSHOT_20250518_193739\modules\_socket.py,115F00B3ED592710BD8714CE2B2B78C5EB4E5BF7B5F2F09605280DBE494BA54F
C:\clean_rebuild\logs\trace\SNS_Snapshots\SNS_24_SNAPSHOT_20250518_193739\modules\_spdx.py,801AD82882DB5848F92E709F2BA569FCBE51C6E7B70838FDD138D73F908A8FF3
C:\clean_rebuild\logs\trace\SNS_Snapshots\SNS_24_SNAPSHOT_20250518_193739\modules\_spinners.py,9F472F5A68A246C6881D3CA19F244CA50ED0EAECF7B0344992C1917EFA0B0567
C:\clean_rebuild\logs\trace\SNS_Snapshots\SNS_24_SNAPSHOT_20250518_193739\modules\_src_pyf.py,DECC2640A19379019530BCD34E466A6471D0E443FA453D8B8E06949D7BF44BBE
C:\clean_rebuild\logs\trace\SNS_Snapshots\SNS_24_SNAPSHOT_20250518_193739\modules\_ssl.py,2524278D635329F244B77F485BE2A4046295B8011CE86CD8CF0A7B64A8624E12
C:\clean_rebuild\logs\trace\SNS_Snapshots\SNS_24_SNAPSHOT_20250518_193739\modules\_ssl_compat.py,839975C0AB2BAC70CFD2005DD5E3A98D802EF8A772A3CCCA128E0E91B962B26C
C:\clean_rebuild\logs\trace\SNS_Snapshots\SNS_24_SNAPSHOT_20250518_193739\modules\_ssl_constants.py,1FC017E8CE77C672B9C135FA1D80125E8C0CD50D0162EC8D76B4A35F354BE627
C:\clean_rebuild\logs\trace\SNS_Snapshots\SNS_24_SNAPSHOT_20250518_193739\modules\_stack.py,209817C6CC0174F77A78690F0A24C0D3385180E8352ECD258F53AD9EA089D76A
C:\clean_rebuild\logs\trace\SNS_Snapshots\SNS_24_SNAPSHOT_20250518_193739\modules\_state.py,0078A57D42C206899539AF76948FC50656AD31B4CF27C8C230D27BCB05598967
C:\clean_rebuild\logs\trace\SNS_Snapshots\SNS_24_SNAPSHOT_20250518_193739\modules\_stride_tricks_impl.py,D0BAE7BE6A689EED74852DA0E84D0473BB07B8DADF352E42A0F64FA963CFEF83
C:\clean_rebuild\logs\trace\SNS_Snapshots\SNS_24_SNAPSHOT_20250518_193739\modules\_string_helpers.py,CAA8585E74B74A09CFFF83EF3FB35462F609EDCE46785273F1AF3323FB94D032
C:\clean_rebuild\logs\trace\SNS_Snapshots\SNS_24_SNAPSHOT_20250518_193739\modules\_structures.py,AABA2B13631F75F01D17826A74A0FE68B808A37B111026A586996313C01C731B
C:\clean_rebuild\logs\trace\SNS_Snapshots\SNS_24_SNAPSHOT_20250518_193739\modules\_subprocess.py,BCB883C3CDD6A04ED7B008F1E978685CE0FF7B4989C6D0BDB0CF807DFEC55670
C:\clean_rebuild\logs\trace\SNS_Snapshots\SNS_24_SNAPSHOT_20250518_193739\modules\_swf.py,10B00ADDB36F14E0B497EC7CEEDE27DBAC6E98DA95D0FC8F6E1B139828B0DE03
C:\clean_rebuild\logs\trace\SNS_Snapshots\SNS_24_SNAPSHOT_20250518_193739\modules\_sync.py,E43D18137F8AF84281805E08876AF27A6CAF03F305D034C6E5744E26F0376AFA
C:\clean_rebuild\logs\trace\SNS_Snapshots\SNS_24_SNAPSHOT_20250518_193739\modules\_sysconfig.py,D2AB50E749BACCE6902952855256B817F93E4C74F9177CEBB07511A74D074A01
C:\clean_rebuild\logs\trace\SNS_Snapshots\SNS_24_SNAPSHOT_20250518_193739\modules\_table_schema.py,1FE255F7DCCFCF694C3ECA30335CFEA4001C7A6443E01CD59C40060E313851CC
C:\clean_rebuild\logs\trace\SNS_Snapshots\SNS_24_SNAPSHOT_20250518_193739\modules\_thread.py,249E865C2F1B2C6CEB4E3E8E412FD26190F8A7226EA7E6E76EB8B9FBBAA3FD4C
C:\clean_rebuild\logs\trace\SNS_Snapshots\SNS_24_SNAPSHOT_20250518_193739\modules\_threads.py,FDA9171E4F4BF09F5C1E7E74F9BCBDA4311B1BD955E0B5FBBD337E1B54B01B53
C:\clean_rebuild\logs\trace\SNS_Snapshots\SNS_24_SNAPSHOT_20250518_193739\modules\_thread_cache.py,C371627C4259B2C2EBF55DE7A2AB6909FFBCC23B19062050E0FBFAF1A6B3C4D7
C:\clean_rebuild\logs\trace\SNS_Snapshots\SNS_24_SNAPSHOT_20250518_193739\modules\_tifffile.py,B50B7C92F37A69BC092CD4BE4C4787D079C6D10F831B5D51103C435B374C7607
C:\clean_rebuild\logs\trace\SNS_Snapshots\SNS_24_SNAPSHOT_20250518_193739\modules\_timeouts.py,BBBA6F245B9B7271EFE04646075232F8EF3582D46DA11845BA0556E6F6278787
C:\clean_rebuild\logs\trace\SNS_Snapshots\SNS_24_SNAPSHOT_20250518_193739\modules\_timer.py,91062C95B521060BC07F81AB62EF91FC0BB0EDC20B17C01735CFA75D07B71E81
C:\clean_rebuild\logs\trace\SNS_Snapshots\SNS_24_SNAPSHOT_20250518_193739\modules\_tkinter_finder.py,8CAC9D3C0C67AF2B6082C6501C1EA40107A9E80F64CD1372C7F9D3A13E0294A6
C:\clean_rebuild\logs\trace\SNS_Snapshots\SNS_24_SNAPSHOT_20250518_193739\modules\_tokenizer.py,D991D5F018029D10348C6FB69AA378EEE1E51A54D21E3D9482F3C7006290D2F9
C:\clean_rebuild\logs\trace\SNS_Snapshots\SNS_24_SNAPSHOT_20250518_193739\modules\_tqdm.py,0CA41EEC1836928165C3FB8CD727F5A1931F2D3F11D90A668BF8CEE430CD0E66
C:\clean_rebuild\logs\trace\SNS_Snapshots\SNS_24_SNAPSHOT_20250518_193739\modules\_tqdm_gui.py,FDAC67895FEC36301CD8C8B4110CD2A337ECF81C77474B6739E51B9B40CB13E1
C:\clean_rebuild\logs\trace\SNS_Snapshots\SNS_24_SNAPSHOT_20250518_193739\modules\_tqdm_notebook.py,A4CCEB3AC74E4BD20D9C9A6C0CAB16022505FB71771373BF12DE74317C376D26
C:\clean_rebuild\logs\trace\SNS_Snapshots\SNS_24_SNAPSHOT_20250518_193739\modules\_tqdm_pandas.py,DE8E3CF3600B159BCC4F7071FEDFB48D0EC21E6CA24452AA2940FEAF5129BF97
C:\clean_rebuild\logs\trace\SNS_Snapshots\SNS_24_SNAPSHOT_20250518_193739\modules\_tracing.py,E03B9DCEC5D1F20E20D89A218C0E8A431FB59E87E10DAE2C01F13C7127E1A7E1
C:\clean_rebuild\logs\trace\SNS_Snapshots\SNS_24_SNAPSHOT_20250518_193739\modules\_traps.py,492C7F60A2336D2983D5386A20AB6CF9930EC035C5A7C9225E7C961EF758DA63
C:\clean_rebuild\logs\trace\SNS_Snapshots\SNS_24_SNAPSHOT_20250518_193739\modules\_twodim_base_impl.py,FE97DB1382D390C4ACB00E4F8B3D45D9CF6938CB4930EECB370FCCCBA3C5D240
C:\clean_rebuild\logs\trace\SNS_Snapshots\SNS_24_SNAPSHOT_20250518_193739\modules\_types.py,FF8F42662B5B3275150639B2C20F72C08D1DD27E9F3C646B968C5A67B86BE9FE
C:\clean_rebuild\logs\trace\SNS_Snapshots\SNS_24_SNAPSHOT_20250518_193739\modules\_type_aliases.py,B940C2F2AB92AF5D4B777311234FB8466D5F897D4616FBBFAE7D4F5400EEA0A1
C:\clean_rebuild\logs\trace\SNS_Snapshots\SNS_24_SNAPSHOT_20250518_193739\modules\_type_check_impl.py,359845FF321B7660F36CB6F06A43A73E1976791CF79495BFACDCC10942CB4849
C:\clean_rebuild\logs\trace\SNS_Snapshots\SNS_24_SNAPSHOT_20250518_193739\modules\_typing.py,DE9107887FC8A60F4E0D7552B7CE131632DFC098EF532EBA74A167D726503C11
C:\clean_rebuild\logs\trace\SNS_Snapshots\SNS_24_SNAPSHOT_20250518_193739\modules\_ufunc.py,4B14E8346F8EE4DBA617FC95EC947301796835BA2457C07C2590BF11C6DE3459
C:\clean_rebuild\logs\trace\SNS_Snapshots\SNS_24_SNAPSHOT_20250518_193739\modules\_ufunclike_impl.py,9AAF76E1AFEB23BC2FB16A0F287C9CDFC58B235D5FC42022A20FA4EA02796EBD
C:\clean_rebuild\logs\trace\SNS_Snapshots\SNS_24_SNAPSHOT_20250518_193739\modules\_ufunc_config.py,F3611B44ADA938BB96F586516DEA40D2EF3EFF1CEE61B0E2D98D2B1EFE4BAB59
C:\clean_rebuild\logs\trace\SNS_Snapshots\SNS_24_SNAPSHOT_20250518_193739\modules\_unix_pipes.py,408705228E793C2C752819B3D6118BA98B4A7E020E03D5225D83BF3530087641
C:\clean_rebuild\logs\trace\SNS_Snapshots\SNS_24_SNAPSHOT_20250518_193739\modules\_url.py,2DC68D4C5A18A8EC20273184645EDB29F560D1933DD461165A1786DD59C97A62
C:\clean_rebuild\logs\trace\SNS_Snapshots\SNS_24_SNAPSHOT_20250518_193739\modules\_user_array_impl.py,9B1D716636626F74B19E8A6FB251442BA67EAA5FD9CE052C9F5BB42D9F0A9D7C
C:\clean_rebuild\logs\trace\SNS_Snapshots\SNS_24_SNAPSHOT_20250518_193739\modules\_util.py,89F5149688EDA939D63B1405AF0342A6A3B5823CE41485A8BE3EEE067ABA0EB6
C:\clean_rebuild\logs\trace\SNS_Snapshots\SNS_24_SNAPSHOT_20250518_193739\modules\_utils_2f906b24.py,7AD5E3DAD7644401F1A7BD7855E30118BE1A0BD8F1AB65FD36A3D20611371E37
C:\clean_rebuild\logs\trace\SNS_Snapshots\SNS_24_SNAPSHOT_20250518_193739\modules\_utils_6895b3f9.py,98EF9D665B65E9DB9FDA22DB2C174F4ECFF4933967EE2FC90E5DB108DB2975E1
C:\clean_rebuild\logs\trace\SNS_Snapshots\SNS_24_SNAPSHOT_20250518_193739\modules\_utils_6e986f67.py,911552E3087C770C1B2D9AE3055FBF89299663099E860E8D79516F24FEEA0740
C:\clean_rebuild\logs\trace\SNS_Snapshots\SNS_24_SNAPSHOT_20250518_193739\modules\_utils_9d9c261f.py,740699B5755684E1058B0995B33F0C9FBEC7B329CC0CA859EC792B8C3D50DEF7
C:\clean_rebuild\logs\trace\SNS_Snapshots\SNS_24_SNAPSHOT_20250518_193739\modules\_utils_bea270e7.py,CC41F30BB2E7E757EEA3C46269181B8D36E1F7D871A5AFA43FFECFE7BDD6B387
C:\clean_rebuild\logs\trace\SNS_Snapshots\SNS_24_SNAPSHOT_20250518_193739\modules\_utils_c338e7de.py,389EEC318F6E37BF6A003C2A5A39D47B415DAB3EFE0DE91999895377A96887F4
C:\clean_rebuild\logs\trace\SNS_Snapshots\SNS_24_SNAPSHOT_20250518_193739\modules\_utils_ff2249fa.py,389EEC318F6E37BF6A003C2A5A39D47B415DAB3EFE0DE91999895377A96887F4
C:\clean_rebuild\logs\trace\SNS_Snapshots\SNS_24_SNAPSHOT_20250518_193739\modules\_utils_ff9db2af.py,389EEC318F6E37BF6A003C2A5A39D47B415DAB3EFE0DE91999895377A96887F4
C:\clean_rebuild\logs\trace\SNS_Snapshots\SNS_24_SNAPSHOT_20250518_193739\modules\_utils_impl.py,F06DB225F73003D6C936B44D27D61FB9A7F6D0E4022D0D297019970B9ACA76AB
C:\clean_rebuild\logs\trace\SNS_Snapshots\SNS_24_SNAPSHOT_20250518_193739\modules\_utils_impl_091bf2c0.py,F06DB225F73003D6C936B44D27D61FB9A7F6D0E4022D0D297019970B9ACA76AB
C:\clean_rebuild\logs\trace\SNS_Snapshots\SNS_24_SNAPSHOT_20250518_193739\modules\_validators.py,A861A8E15E051BD51DB8F22F5860541B743CE9336E78AE5EBBD1EF8AAF5DEFC7
C:\clean_rebuild\logs\trace\SNS_Snapshots\SNS_24_SNAPSHOT_20250518_193739\modules\_version.py,8781B38900EE33E32D8FEFB6F89FAF7F76A5D2F56DA2E4214E901038A7B1C560
C:\clean_rebuild\logs\trace\SNS_Snapshots\SNS_24_SNAPSHOT_20250518_193739\modules\_version_2ba8db45.py,EF954CCB555A6210A2F45E08A57AAA41EFFA25D2EDCCCC23B903E1983DE87EFB
C:\clean_rebuild\logs\trace\SNS_Snapshots\SNS_24_SNAPSHOT_20250518_193739\modules\_version_meson.py,DDBA1CECD21CA57BE95D0946EAB7F56CE6230DD5246667776736F21703A7BC57
C:\clean_rebuild\logs\trace\SNS_Snapshots\SNS_24_SNAPSHOT_20250518_193739\modules\_wait_for_object.py,B9F34D99483ED4F12FDB038F1796AC2E962B810DA6838C639C600C77F8936E4D
C:\clean_rebuild\logs\trace\SNS_Snapshots\SNS_24_SNAPSHOT_20250518_193739\modules\_wakeup_socketpair.py,C24FAACD6166528C0FBA1F9421049C227B516BC4D7A7F545320F7544896E1B94
C:\clean_rebuild\logs\trace\SNS_Snapshots\SNS_24_SNAPSHOT_20250518_193739\modules\_warnings.py,CFDDD905C57AFB25DEB64DEC589D984272175EE500C486AC5D9A2F773B5BC7DE
C:\clean_rebuild\logs\trace\SNS_Snapshots\SNS_24_SNAPSHOT_20250518_193739\modules\_win32_console.py,6CDA770769530FAA781DADEAA61283E5E475265ABF71D0F071DCF22E815DC9B4
C:\clean_rebuild\logs\trace\SNS_Snapshots\SNS_24_SNAPSHOT_20250518_193739\modules\_windows.py,1562C95B242CE750C8CC2F7D45F9D091636E2DA16D2BD0B466BBCBCF0F10FEEE
C:\clean_rebuild\logs\trace\SNS_Snapshots\SNS_24_SNAPSHOT_20250518_193739\modules\_windows_cffi.py,9837A1C35A8DD7F923B50207E833612403E9C71188FBF73C18E4B8EAB23917C8
C:\clean_rebuild\logs\trace\SNS_Snapshots\SNS_24_SNAPSHOT_20250518_193739\modules\_windows_pipes.py,6066F25321D1E499CD5209581E45FAE573D0CA4B6BAE03CDB9E244C7CB0CF271
C:\clean_rebuild\logs\trace\SNS_Snapshots\SNS_24_SNAPSHOT_20250518_193739\modules\_windows_renderer.py,EC1E6710DC569109D20997A95711A8CB31C149B66F6FA5AC2A5B16C70F2BA564
C:\clean_rebuild\logs\trace\SNS_Snapshots\SNS_24_SNAPSHOT_20250518_193739\modules\_wrap.py,6F49AC61F76075F2F7CB5063FABCEDAFB916F9AB9890FE0944AF95A3BB44D837
C:\clean_rebuild\logs\trace\SNS_Snapshots\SNS_24_SNAPSHOT_20250518_193739\modules\_writers.py,65388006CE6C1E193D58B0910402EA9440183229B8A166A5A082E823DF8C564B
C:\clean_rebuild\logs\trace\SNS_Snapshots\SNS_24_SNAPSHOT_20250518_193739\modules\_wsdump.py,1A91BA211A916CD9ED603FE252675DBC3472870D45003C6FAEBD979358C7B0CD
C:\clean_rebuild\logs\trace\SNS_Snapshots\SNS_24_SNAPSHOT_20250518_193739\modules\_xlrd.py,5EB2850DC07C8BC3F18F83514910481A14123275B72E394E926B8E708BE1B141
C:\clean_rebuild\logs\trace\SNS_Snapshots\SNS_24_SNAPSHOT_20250518_193739\modules\_xlrd_5b4edb67.py,5EB2850DC07C8BC3F18F83514910481A14123275B72E394E926B8E708BE1B141
C:\clean_rebuild\logs\trace\SNS_Snapshots\SNS_24_SNAPSHOT_20250518_193739\modules\_xlsxwriter.py,0C45CA14AF33BA86F0E2C1CD9C5C0B9154CCE66443E2604E978F66FD958F580E
C:\clean_rebuild\logs\trace\SNS_Snapshots\SNS_24_SNAPSHOT_20250518_193739\modules\__about__.py,D018A9D842EB9F8DE25042ACCFFC757537BDC3D5DEF47C626BD6E73489D561AF
C:\clean_rebuild\logs\trace\SNS_Snapshots\SNS_24_SNAPSHOT_20250518_193739\modules\__config__.py,4CA76E340EF048B0BE9850B46B1C580E534FA97691CC3EB13685D8779576A9F3
C:\clean_rebuild\logs\trace\SNS_Snapshots\SNS_24_SNAPSHOT_20250518_193739\modules\__config___e5dbb061.py,4CA76E340EF048B0BE9850B46B1C580E534FA97691CC3EB13685D8779576A9F3
C:\clean_rebuild\logs\trace\SNS_Snapshots\SNS_24_SNAPSHOT_20250518_193739\modules\__init___4a52adb6.py,86E04877D141B70EBC126A9A5712B9EBB82A328335A34F9B9396BC5340B74C65
C:\clean_rebuild\logs\trace\SNS_Snapshots\SNS_24_SNAPSHOT_20250518_193739\modules\__init___5db686f2.py,77D314C7ED55FEA0F7C7D8A0232E094F8A02E42534CA3BA593B4326567911618
C:\clean_rebuild\logs\trace\SNS_Snapshots\SNS_24_SNAPSHOT_20250518_193739\modules\__init___64bdb0b7.py,51DFA8D33F2B79D24DDB48D82BC743D5FD805721711C754D2A2B5F08C6517F4D
C:\clean_rebuild\logs\trace\SNS_Snapshots\SNS_24_SNAPSHOT_20250518_193739\modules\__init___692db9ec.py,FD1A46A585282FFFA089CDDEEC5A16957D8258219214BD75C6478DB9078E3DCD
C:\clean_rebuild\logs\trace\SNS_Snapshots\SNS_24_SNAPSHOT_20250518_193739\modules\__init___7db50b7f.py,3947779E8C6F992032109D22331372FFFA7DE933BE035A31FB1679D283992096
C:\clean_rebuild\logs\trace\SNS_Snapshots\SNS_24_SNAPSHOT_20250518_193739\modules\__init___7fdb9cc0.py,A1065200EB3BAC799EE82C5F74BF67ADA611348DCD535F0C8F343891098ADA40
C:\clean_rebuild\logs\trace\SNS_Snapshots\SNS_24_SNAPSHOT_20250518_193739\modules\__init___a911ddb7.py,67F6312F329E5BA5A09A9675790A01F8E0337CC8AA4737D995C885E631FEA41A
C:\clean_rebuild\logs\trace\SNS_Snapshots\SNS_24_SNAPSHOT_20250518_193739\modules\__init___d56db436.py,A50D97827FEA2277D8C282362C8710A3DA6DE0D9DB475ACCD735B96BBB95DCC5
C:\clean_rebuild\logs\trace\SNS_Snapshots\SNS_24_SNAPSHOT_20250518_193739\modules\__init___db81277d.py,AF68E64E5600116ACFBE1208BDA0F3D27DCA1FF5E1984878153EACB1E51A31C4
C:\clean_rebuild\logs\trace\SNS_Snapshots\SNS_24_SNAPSHOT_20250518_193739\modules\__local_collections.py,8F76183EC48ABC5614D749137B4125CBA2D35BB2874C37BB29240AE02B05ED23
C:\clean_rebuild\logs\trace\SNS_Snapshots\SNS_24_SNAPSHOT_20250518_193739\modules\__local_inspect.py,076A5A4D38D6606902A335F1B97D8BDF3824A47BFB75D6602C097B9A8463EF51
C:\clean_rebuild\logs\trace\SNS_Snapshots\SNS_24_SNAPSHOT_20250518_193739\modules\__local_logging.py,DA3C2F6ED9F607BF0E98A3C00EE0AD79ACF2BCEFB03074EFBCD06C5ADC5974E0
C:\clean_rebuild\logs\trace\SNS_Snapshots\SNS_24_SNAPSHOT_20250518_193739\modules\__local_reprlib.py,5EB8A24611BA2600A72A8B90CC08AD9C94006CF9F695C7D19FADED75ABF4075F
C:\clean_rebuild\logs\trace\SNS_Snapshots\SNS_24_SNAPSHOT_20250518_193739\modules\__local_types.py,4F179F9391910378F28B4462958F7144445D74E59CAEF0393C8C2F232FC94E0E
C:\clean_rebuild\logs\trace\SNS_Snapshots\SNS_24_SNAPSHOT_20250518_193739\modules\__local_typing.py,C5A940223F7B037E913DC37E37B1B6A061228EE3E8CF3EB0B48865A70552A43C
C:\clean_rebuild\logs\trace\SNS_Snapshots\SNS_24_SNAPSHOT_20250518_193739\modules\__local_warnings.py,D16D78FD229808D509838F0CEA5BE8F57921720B31A3DF07AC75170D3EC76D1B
C:\clean_rebuild\logs\trace\SNS_Snapshots\SNS_24_SNAPSHOT_20250518_193739\modules\__main__.py,5FC788A469661DF9E9EF36B3A7999D6AFDB6F08B5C7F696488C3F4B4B53A5FD7
C:\clean_rebuild\logs\trace\SNS_Snapshots\SNS_24_SNAPSHOT_20250518_193739\modules\__meta__.py,15EB6533BCAE8685C38FEBCD30FFDCBA09AD03438A1D51FA5282696A6A3068E6
C:\clean_rebuild\logs\trace\SNS_Snapshots\SNS_24_SNAPSHOT_20250518_193739\modules\__pip-runner__.py,09C36EEC64F0DE4FF25D8416A6EACA4C2E4A8EA38B37A8ADE54257AB139CF79D
C:\clean_rebuild\logs\trace\SNS_Snapshots\SNS_24_SNAPSHOT_20250518_193739\modules\__pip-runner___f41e864e.py,09C36EEC64F0DE4FF25D8416A6EACA4C2E4A8EA38B37A8ADE54257AB139CF79D
C:\clean_rebuild\logs\trace\SNS_Snapshots\SNS_24_SNAPSHOT_20250518_193739\modules\__version__.py,4E2B0ABE0720E2F879169B70D864B5241FF76C042C59920A85C9445FA65C021A
C:\clean_rebuild\modules\avatar\__init__.py,E3B0C44298FC1C149AFBF4C8996FB92427AE41E4649B934CA495991B7852B855
C:\clean_rebuild\modules\common\array_utils.py,4B23075E5B0E24C2B0C648D0C63B31C77276720C7FDC9D8DD2AAA62D94D080C7
C:\clean_rebuild\modules\common\asyncio_custom.py,4A3FBFDD350BB9A2A5CFFAB35371A87672BF478EA395A01D8AC71BA63FE63F3C
C:\clean_rebuild\modules\common\audits.py,EAE2A2708B5EAA250BD862D875EA5548359AAE4B9A43864E5E77AED718351042
C:\clean_rebuild\modules\common\audits_1.py,EAE2A2708B5EAA250BD862D875EA5548359AAE4B9A43864E5E77AED718351042
C:\clean_rebuild\modules\common\bluetooth_emulation.py,4FCAD1029758DD22377FD3F80CAE833219954FE372548229B749BD05315E6CD5
C:\clean_rebuild\modules\common\bluetooth_emulation_1.py,4FCAD1029758DD22377FD3F80CAE833219954FE372548229B749BD05315E6CD5
C:\clean_rebuild\modules\common\browser.py,110C0824C10C05487253CBADF37736286B83BFD0676B1D49AE8D1C042D969FA9
C:\clean_rebuild\modules\common\browser_1.py,F92F6189E8C00191693A08A45BE9225BECF69EA4B8B3C0F580226689A7247FF8
C:\clean_rebuild\modules\common\browser_2.py,110C0824C10C05487253CBADF37736286B83BFD0676B1D49AE8D1C042D969FA9
C:\clean_rebuild\modules\common\browser_3.py,F92F6189E8C00191693A08A45BE9225BECF69EA4B8B3C0F580226689A7247FF8
C:\clean_rebuild\modules\common\browsing_context.py,47010CD07AB686348C1E88C10692DA03F95B59503FBBBB82600F8A3A05D66331
C:\clean_rebuild\modules\common\browsing_context_1.py,47010CD07AB686348C1E88C10692DA03F95B59503FBBBB82600F8A3A05D66331
C:\clean_rebuild\modules\common\common.py,8B2A8DA74790B092C1D78DC4ADD315C4BBF8F48ED8F068E6705EEADF48F2BA96
C:\clean_rebuild\modules\common\commondialog.py,F2E1D9C760F7E362FDA6F585FF2CCB0DF2EAA526776227F7C95CF82D98A677CF
C:\clean_rebuild\modules\common\commondialog_1.py,F2E1D9C760F7E362FDA6F585FF2CCB0DF2EAA526776227F7C95CF82D98A677CF
C:\clean_rebuild\modules\common\commontypes.py,73420304B9E2C8A0D78E877F349D2124D499F37662B137CC50CC9A9CA1954543
C:\clean_rebuild\modules\common\commontypes_1.py,73420304B9E2C8A0D78E877F349D2124D499F37662B137CC50CC9A9CA1954543
C:\clean_rebuild\modules\common\common_1.py,E9730AA58C8FC3E2DAE500D4AA10FF5C7E4AA188CC6D890729DCC5BE1890278F
C:\clean_rebuild\modules\common\common_10.py,0F89957BD8BDB6464312A65D4383CDD026EAF681EC7431050D8D24F33C5B0228
C:\clean_rebuild\modules\common\common_11.py,E948A9186A7BE00E9E396C59C66972B0A82289C6A93B0A0CE808F34A6BA64AB7
C:\clean_rebuild\modules\common\common_12.py,AA01CB91C76E68E050E0E14FCCE0FAAD19633FA8CDEB493C5F11907F6766CD6A
C:\clean_rebuild\modules\common\common_13.py,31F27856C3048AD5B7A982F492FFEEB0699DA8E2A5D37D67A680EEAC54C38655
C:\clean_rebuild\modules\common\common_14.py,066E73034978F13E81D797B85A04CB3DC3625D269FFFF06764017D5447942539
C:\clean_rebuild\modules\common\common_15.py,2D557B23DEA4649B6B691466E61BA135C549F3AB35831A6B0F4D224943DD44E5
C:\clean_rebuild\modules\common\common_16.py,DB0089524DDC21012B4EF5D36C50456A6CD4FED9169DF8CF0DBE8C3F23685778
C:\clean_rebuild\modules\common\common_17.py,D2D867EDDB2A310AA180B7ED3EB394466F934A304995CB75FF6E164DA1E20A30
C:\clean_rebuild\modules\common\common_18.py,8B2A8DA74790B092C1D78DC4ADD315C4BBF8F48ED8F068E6705EEADF48F2BA96
C:\clean_rebuild\modules\common\common_19.py,E9730AA58C8FC3E2DAE500D4AA10FF5C7E4AA188CC6D890729DCC5BE1890278F
C:\clean_rebuild\modules\common\common_2.py,B53173A26D77695F8456BCD75CF3984820348245CC62D06CF703AFA1F972A6BA
C:\clean_rebuild\modules\common\common_20.py,B53173A26D77695F8456BCD75CF3984820348245CC62D06CF703AFA1F972A6BA
C:\clean_rebuild\modules\common\common_21.py,19509941DB0090E66EBB2A94AB1E1DFF52B4CFF2C0DC41723A0B1E2769C3BC4E
C:\clean_rebuild\modules\common\common_22.py,677EBD55166EBC5E0E3DD43B14A9648C941B3DECE03DC323202DC0870EFFC4AD
C:\clean_rebuild\modules\common\common_23.py,5B1440471B8B1168276AB82FBBAE891817ADD7B58C60A27CAA415DDFB7AE9602
C:\clean_rebuild\modules\common\common_24.py,FBD673F82D7249D4BA97B34EB69AECE99EAE5DD815F6D0E2EB8CDBB5E0A34E37
C:\clean_rebuild\modules\common\common_25.py,DEC50E4B2B71CBD955B3BDEDB111491E3E262433065A70130411ED6DD40CE9B2
C:\clean_rebuild\modules\common\common_26.py,1F649B353DBA1C6EE40D70B261FDE1E9517C96D766EF636FC84E7F7C91B470E9
C:\clean_rebuild\modules\common\common_27.py,61B18361C224DDEEAF07D0373EBF411559F6BE5387D0D699B2CF0B7A0ADB405C
C:\clean_rebuild\modules\common\common_28.py,0F89957BD8BDB6464312A65D4383CDD026EAF681EC7431050D8D24F33C5B0228
C:\clean_rebuild\modules\common\common_29.py,E948A9186A7BE00E9E396C59C66972B0A82289C6A93B0A0CE808F34A6BA64AB7
C:\clean_rebuild\modules\common\common_3.py,19509941DB0090E66EBB2A94AB1E1DFF52B4CFF2C0DC41723A0B1E2769C3BC4E
C:\clean_rebuild\modules\common\common_30.py,AA01CB91C76E68E050E0E14FCCE0FAAD19633FA8CDEB493C5F11907F6766CD6A
C:\clean_rebuild\modules\common\common_31.py,31F27856C3048AD5B7A982F492FFEEB0699DA8E2A5D37D67A680EEAC54C38655
C:\clean_rebuild\modules\common\common_32.py,066E73034978F13E81D797B85A04CB3DC3625D269FFFF06764017D5447942539
C:\clean_rebuild\modules\common\common_33.py,2D557B23DEA4649B6B691466E61BA135C549F3AB35831A6B0F4D224943DD44E5
C:\clean_rebuild\modules\common\common_34.py,DB0089524DDC21012B4EF5D36C50456A6CD4FED9169DF8CF0DBE8C3F23685778
C:\clean_rebuild\modules\common\common_35.py,D2D867EDDB2A310AA180B7ED3EB394466F934A304995CB75FF6E164DA1E20A30
C:\clean_rebuild\modules\common\common_4.py,677EBD55166EBC5E0E3DD43B14A9648C941B3DECE03DC323202DC0870EFFC4AD
C:\clean_rebuild\modules\common\common_5.py,5B1440471B8B1168276AB82FBBAE891817ADD7B58C60A27CAA415DDFB7AE9602
C:\clean_rebuild\modules\common\common_6.py,FBD673F82D7249D4BA97B34EB69AECE99EAE5DD815F6D0E2EB8CDBB5E0A34E37
C:\clean_rebuild\modules\common\common_7.py,DEC50E4B2B71CBD955B3BDEDB111491E3E262433065A70130411ED6DD40CE9B2
C:\clean_rebuild\modules\common\common_8.py,1F649B353DBA1C6EE40D70B261FDE1E9517C96D766EF636FC84E7F7C91B470E9
C:\clean_rebuild\modules\common\common_9.py,61B18361C224DDEEAF07D0373EBF411559F6BE5387D0D699B2CF0B7A0ADB405C
C:\clean_rebuild\modules\common\common_rules.py,F3D4A04EA6004BF6F7DFD49801FC557C5C6C00EF30A2372D8A7D514FE5B1176E
C:\clean_rebuild\modules\common\common_rules_1.py,82EA4A8DBD02100E7C61F6162F6FE3298C4C2E07605751402C065FA857D6C027
C:\clean_rebuild\modules\common\common_rules_2.py,F3D4A04EA6004BF6F7DFD49801FC557C5C6C00EF30A2372D8A7D514FE5B1176E
C:\clean_rebuild\modules\common\common_rules_3.py,82EA4A8DBD02100E7C61F6162F6FE3298C4C2E07605751402C065FA857D6C027
C:\clean_rebuild\modules\common\create_trace_db.py,40C71F624F8C86F84FB66F9CD6DE7A279D53F7376EA52100DC7F9E183FC3793C
C:\clean_rebuild\modules\common\css.py,E59F21D38CF5E5287B348DCCAB4E7A8F10FA9E6B9203D386E07C89F93E26BD15
C:\clean_rebuild\modules\common\css_1.py,E59F21D38CF5E5287B348DCCAB4E7A8F10FA9E6B9203D386E07C89F93E26BD15
C:\clean_rebuild\modules\common\datetime_util.py,01C71CECC3793166A08FEE1030EEE7B6D2B28AC5B79F9F0FB9D9AC3E7A17682A
C:\clean_rebuild\modules\common\db.py,353442AE2F4C44FA5D303614D7C80E54B6B13A4A9C00C72610F6B92BD1422329
C:\clean_rebuild\modules\common\emulation.py,5A21ECC8C275EC0246C5FFF24866868F57EEB7663D8BE6C07523CAA7A18F9D3F
C:\clean_rebuild\modules\common\emulation_1.py,5A21ECC8C275EC0246C5FFF24866868F57EEB7663D8BE6C07523CAA7A18F9D3F
C:\clean_rebuild\modules\common\extensions.py,3013571A9C2E65211D349AFBA0583AC0527CBDD97295478AFE4EF7A5E842B4B7
C:\clean_rebuild\modules\common\extensions_1.py,3013571A9C2E65211D349AFBA0583AC0527CBDD97295478AFE4EF7A5E842B4B7
C:\clean_rebuild\modules\common\feature_base.py,4391396659A51ACCDE0AACBB5FEC5257F3E688210570376AE8B2F33337BF4628
C:\clean_rebuild\modules\common\frame_protocol.py,26D34A13229311DC0E420C76BE2428007FA73AA64F2B3763DCA7D8E35083D2FC
C:\clean_rebuild\modules\common\handshake.py,5858E02AC1F9CCB85427E665A436A5D7353A0E6A8148EB1707DCA477FDEB7053
C:\clean_rebuild\modules\common\hook_status_logger.py,CDA41774AFFD458CD1FFBB885EDA858945035663348E11ACF820B8DCA3D21FBB
C:\clean_rebuild\modules\common\import_csv_to_db.py,7F355A43652239B9E9D3B909D5C6D570178844CC45400394C45E920E5617D315
C:\clean_rebuild\modules\common\KMAC128_3dd47cdb.py,4593C5A84634408C92472CD19B7C0DD427E1EAA8F98CFA0B6ED880BF4FD00383
C:\clean_rebuild\modules\common\log.py,8C5C5341E2D1649A15B2FA31050CC48F963DB2AB4D78653DBF36898C21FBC0DD
C:\clean_rebuild\modules\common\logger.py,D7807194D76A2456A2DB9720646272A00F8CB2B3C7EE9519CB6A6339F3AD48E4
C:\clean_rebuild\modules\common\log_1.py,8C5C5341E2D1649A15B2FA31050CC48F963DB2AB4D78653DBF36898C21FBC0DD
C:\clean_rebuild\modules\common\my_configparser.py,737E358726DE73894790381316E1F976CDBCB78CFA07FF93C8000D395BDFD3D8
C:\clean_rebuild\modules\common\network.py,5AE7CAE1D85713DD13788AC365E24E38FDF88E524A58E0885D03EFA97EAFE8DE
C:\clean_rebuild\modules\common\network_1.py,5890A957B78CC85E6667D0AF6DC9FA7268E9F6C241FA21103D9D61E63AE0B3FA
C:\clean_rebuild\modules\common\network_2.py,5AE7CAE1D85713DD13788AC365E24E38FDF88E524A58E0885D03EFA97EAFE8DE
C:\clean_rebuild\modules\common\network_3.py,5890A957B78CC85E6667D0AF6DC9FA7268E9F6C241FA21103D9D61E63AE0B3FA
C:\clean_rebuild\modules\common\net_socket_engine.py,927D65DE0CD55D93715FC5D3FF01B032FED0D9637DD0370094DA7ABD8804217B
C:\clean_rebuild\modules\common\optimize_trace_log_db.py,7536F521CB827C41D09566932A338FC193E5F657BEFD10EB33572FBB6AD6AD2E
C:\clean_rebuild\modules\common\page.py,62EDC45C23CAF7E1930DBE39D73D44A036A8A60B73CEE391B838212AA10271C8
C:\clean_rebuild\modules\common\page_1.py,62EDC45C23CAF7E1930DBE39D73D44A036A8A60B73CEE391B838212AA10271C8
C:\clean_rebuild\modules\common\polyutils.py,5582E228031CEBC46456E619D8E9B9316B83AB2F7EFEB63A6E86FD13EBBF2718
C:\clean_rebuild\modules\common\preload.py,3DE577C67E0ACB26A95ED6B756A9386B32D3A3AB25C1414888059C92D0982A5F
C:\clean_rebuild\modules\common\preload_1.py,3DE577C67E0ACB26A95ED6B756A9386B32D3A3AB25C1414888059C92D0982A5F
C:\clean_rebuild\modules\common\proj_concurrent.py,B8DE2B057B5A435A2FC0D7D14BCD671D58240762D0E416563E08161C2150041A
C:\clean_rebuild\modules\common\proxy_accf0cdb.py,FD43C03E493A854B0CC72B8119600A3F37DB3590420AF41717DEF61F19C3D93B
C:\clean_rebuild\modules\common\random_custom.py,4789F199D186C14AB8C7B5627B8D5D98D32715C1C1E3DACADCB4D1184EDB0ACB
C:\clean_rebuild\modules\common\safe_ssl.py,22825D1AC9EC9F4E1C80F8621C725A7D99452852D7A2FBB92E6A88F196CC0B5C
C:\clean_rebuild\modules\common\sample_test.py,9D9020EE3BE34262DD3FEB1DF38908899F5F39FE121FDC8F27CACDB81E940392
C:\clean_rebuild\modules\common\script.py,0A170B888B78A646162B0C9DAA7DDD5E4B7BC9A6DB3F9AC4D71DF2CF2544F8E9
C:\clean_rebuild\modules\common\script_1.py,0A170B888B78A646162B0C9DAA7DDD5E4B7BC9A6DB3F9AC4D71DF2CF2544F8E9
C:\clean_rebuild\modules\common\session.py,F9B310D97226B751671C545D8CB3611BD033C5FBD0F9969C5D9884DE02005EFD
C:\clean_rebuild\modules\common\session_1.py,F9B310D97226B751671C545D8CB3611BD033C5FBD0F9969C5D9884DE02005EFD
C:\clean_rebuild\modules\common\std.py,579CE66C6854A2294E30BE186879FAA5CF8AF7A0A1141057C4F1BEC50C7D8324
C:\clean_rebuild\modules\common\storage.py,5423F04D8BEB7A6B4761725C3F1A5C6765D8E81471F94A65FD30014D1D8110B9
C:\clean_rebuild\modules\common\storage_1.py,5423F04D8BEB7A6B4761725C3F1A5C6765D8E81471F94A65FD30014D1D8110B9
C:\clean_rebuild\modules\common\st_common.py,28830A9740024AB35979A67F4F3132C918861AD106B6EF038F16C5571A07A0DF
C:\clean_rebuild\modules\common\st_common_1.py,CDCF96888971ABAF59AD4D5C4E338E7EE98AB1564FF0FB6E82A2AE2A3AD754EE
C:\clean_rebuild\modules\common\st_common_2.py,28830A9740024AB35979A67F4F3132C918861AD106B6EF038F16C5571A07A0DF
C:\clean_rebuild\modules\common\st_common_3.py,CDCF96888971ABAF59AD4D5C4E338E7EE98AB1564FF0FB6E82A2AE2A3AD754EE
C:\clean_rebuild\modules\common\tags_344cfcdb.py,361F1AFEB6767FD53B577B8ED577F78CBA2A01E90677858B76C14E206FCB6DB5
C:\clean_rebuild\modules\common\time_helper.py,69F4B0FFBAD823E6190633744DF6BAFC2465A6AB384E55AEF3714B7942CCE06E
C:\clean_rebuild\modules\common\unicode_utils.py,A6757DAC85321226F34208209C8A0C89FED5DBBA82C946F191E78C8800DFB1B3
C:\clean_rebuild\modules\common\utils.py,9A057D56A44F074F3B7FE3290227C39DC759381FB0EEC377A0F26EE1DD08B4A7
C:\clean_rebuild\modules\common\_core.py,06342B0E97F68D5E908160F40FB0E4A70A1A6EDA0C392E3400E09C694FB16604
C:\clean_rebuild\modules\common\_distutils.py,6E7D047A174D06DE8263B0CEE2C68046CF22D10E770E363A43C7D99D465A2DD3
C:\clean_rebuild\modules\common\_io_common.py,AB8585F09B15F25268BB9833BE8CDD58E0D0F584799A3D6A4FC612D31ACE9340
C:\clean_rebuild\modules\common\_io_common_1.py,AB8585F09B15F25268BB9833BE8CDD58E0D0F584799A3D6A4FC612D31ACE9340
C:\clean_rebuild\modules\common\_mapping_04f7dcdb.py,C0F6FD651ACFA03E8900A6C3F022BD2147F211442F986753C5D771FBBC93F6AA
C:\clean_rebuild\modules\common\_mode_cfb_61b4dddb.py,9B394CEE21EFBC08E3B73A9452126E044F58315771526EC25DAB3BE5A23E023D
C:\clean_rebuild\modules\common\_monitor.py,2EF7D6E7099FA7DA0C4400403D5FF14F65B06605D9B9A9136164152A88F3CD80
C:\clean_rebuild\modules\common\_shimmed_dist_utils.py,475178D63E815A1C34101AA5AE01BFE93F0869B5128E866E039904E2D7D79960
C:\clean_rebuild\modules\common\_utils.py,7AD5E3DAD7644401F1A7BD7855E30118BE1A0BD8F1AB65FD36A3D20611371E37
C:\clean_rebuild\modules\common\__init__.py,E3B0C44298FC1C149AFBF4C8996FB92427AE41E4649B934CA495991B7852B855
C:\clean_rebuild\modules\common\__init___a3f0ecdb.py,F8A5050BBA516C4E5715F9E57267E1585E157163806E51A25C6AD5DE16AD987B
C:\clean_rebuild\modules\common\__local_datetime.py,01C71CECC3793166A08FEE1030EEE7B6D2B28AC5B79F9F0FB9D9AC3E7A17682A
C:\clean_rebuild\modules\dm\bot_comment.py,1189CA1EF518CB7D099E2BE22EBC1B3F0BB1BC4C68F7B22ABE98B83047703F50
C:\clean_rebuild\modules\dm\bot_direct.py,DD5EC77FCC6E43FE76F9C3DE995BC7097BB726DCB00C12E8912F46717199FB82
C:\clean_rebuild\modules\dm\bot_like.py,5EC5CF1A74872029E7214CA749E31ACBADE50550CB4F93DFBAAE7DE8665848B1
C:\clean_rebuild\modules\dm\bot_like_6dbb9223.py,5EC5CF1A74872029E7214CA749E31ACBADE50550CB4F93DFBAAE7DE8665848B1
C:\clean_rebuild\modules\dm\__init__.py,E3B0C44298FC1C149AFBF4C8996FB92427AE41E4649B934CA495991B7852B855
C:\clean_rebuild\modules\metrics\collector.py,B54A0BB4FFE545DE5504CA3C5CAC4C74A8102FC1CD78AC623A081D027BEC1A14
C:\clean_rebuild\modules\metrics\__init__.py,E3B0C44298FC1C149AFBF4C8996FB92427AE41E4649B934CA495991B7852B855
C:\clean_rebuild\modules\queue\_entry_queue.py,54AE2F7EA583EB8C5DB1B5F3E21C8B0D4F879A40657472CDB04BB99130261408
C:\clean_rebuild\modules\queue\_unbounded_queue.py,7623DDF47CC5089555C5668BF024934CB3C2DCF200B32C7476B05F5C3E0DE656
C:\clean_rebuild\modules\queue\__init__.py,E3B0C44298FC1C149AFBF4C8996FB92427AE41E4649B934CA495991B7852B855
C:\clean_rebuild\modules\sns\__init__.py,E3B0C44298FC1C149AFBF4C8996FB92427AE41E4649B934CA495991B7852B855
C:\clean_rebuild\modules\trade\__init__.py,E3B0C44298FC1C149AFBF4C8996FB92427AE41E4649B934CA495991B7852B855
C:\clean_rebuild\modules\__pycache__\__init__.py,E3B0C44298FC1C149AFBF4C8996FB92427AE41E4649B934CA495991B7852B855
C:\clean_rebuild\modules\account_runner.py,29556A7841D2CEEFFD66F72643FB72C2DF959984A89442C5C54535118D4DE634
C:\clean_rebuild\modules\ast_graph_builder.py,D68B0AB67DC028D6A164F7D99A7AD1DE2BEBC025DAC2B3A459CC3F174B366EDA
C:\clean_rebuild\modules\auto_generate_tests.py,AAA8F6081A4EDD29CA3DC904AB4344AB8898ACA0F7286D2A774E43B9DD7F82D0
C:\clean_rebuild\modules\test_account_runner.py,B892E57AE761F7E4BED31A24415C0E0ABC70AAB374010F9104D927159481D9EF
C:\clean_rebuild\recovery\recovery_file_restorer.py,DD56876075ED61CDC92174E47D6AE6DB5834616E9CFB4D69919E280C7C93454E
C:\clean_rebuild\reports\gen_exports.py,058E587A5EF5C261BA88DB35ACAD9DADA07E013488BFD9DF3B8668CCC3821CC2
C:\clean_rebuild\reports\gen_exports_1.py,A8E5E39573D01721B32A0FE1360170D9D5B6C68E0F1D5DDEDF1081D655878ED2
C:\clean_rebuild\reports\gen_exports_1761c9be.py,72A9E6F1710C86FE4D50EFDC1FDC9F9D5D742EC2911B2B5850CE167153192076
C:\clean_rebuild\reports\gen_exports_1761c9be_1.py,A8E5E39573D01721B32A0FE1360170D9D5B6C68E0F1D5DDEDF1081D655878ED2
C:\clean_rebuild\reports\gen_exports_1761c9be_2.py,A8E5E39573D01721B32A0FE1360170D9D5B6C68E0F1D5DDEDF1081D655878ED2
C:\clean_rebuild\reports\gen_exports_1761c9be_3.py,A8E5E39573D01721B32A0FE1360170D9D5B6C68E0F1D5DDEDF1081D655878ED2
C:\clean_rebuild\reports\gen_exports_1761c9be_4.py,A8E5E39573D01721B32A0FE1360170D9D5B6C68E0F1D5DDEDF1081D655878ED2
C:\clean_rebuild\reports\gen_exports_1761c9be_5.py,A8E5E39573D01721B32A0FE1360170D9D5B6C68E0F1D5DDEDF1081D655878ED2
C:\clean_rebuild\reports\gen_exports_1761c9be_6.py,A8E5E39573D01721B32A0FE1360170D9D5B6C68E0F1D5DDEDF1081D655878ED2
C:\clean_rebuild\reports\gen_exports_2.py,A8E5E39573D01721B32A0FE1360170D9D5B6C68E0F1D5DDEDF1081D655878ED2
C:\clean_rebuild\reports\gen_exports_3.py,A8E5E39573D01721B32A0FE1360170D9D5B6C68E0F1D5DDEDF1081D655878ED2
C:\clean_rebuild\reports\gen_exports_4.py,A8E5E39573D01721B32A0FE1360170D9D5B6C68E0F1D5DDEDF1081D655878ED2
C:\clean_rebuild\reports\gen_exports_5.py,A8E5E39573D01721B32A0FE1360170D9D5B6C68E0F1D5DDEDF1081D655878ED2
C:\clean_rebuild\reports\gen_exports_6.py,A8E5E39573D01721B32A0FE1360170D9D5B6C68E0F1D5DDEDF1081D655878ED2
C:\clean_rebuild\reports\summary_report_writer.py,D5BB84D7296267873F516D49749728120A9DEA1ACD25A85851421CC5E55C5F91
C:\clean_rebuild\scripts\auto_backup_logtrace.py,1EF081035332881B8AB85739D769EA44C0D4B3145D27FF2A210178556CED25E7
C:\clean_rebuild\scripts\auto_backup_logtrace_1.py,1EF081035332881B8AB85739D769EA44C0D4B3145D27FF2A210178556CED25E7
C:\clean_rebuild\scripts\auto_backup_logtrace_2.py,1EF081035332881B8AB85739D769EA44C0D4B3145D27FF2A210178556CED25E7
C:\clean_rebuild\scripts\auto_backup_logtrace_3.py,1EF081035332881B8AB85739D769EA44C0D4B3145D27FF2A210178556CED25E7
C:\clean_rebuild\scripts\auto_backup_logtrace_4.py,1EF081035332881B8AB85739D769EA44C0D4B3145D27FF2A210178556CED25E7
C:\clean_rebuild\scripts\auto_backup_logtrace_5.py,1EF081035332881B8AB85739D769EA44C0D4B3145D27FF2A210178556CED25E7
C:\clean_rebuild\scripts\auto_backup_logtrace_6.py,1EF081035332881B8AB85739D769EA44C0D4B3145D27FF2A210178556CED25E7
C:\clean_rebuild\scripts\auto_send_gitlog_webhook.py,BF6323B74109D43F0AC8B66984FE42C318B28A0596FFD9CBFEB4A67FF8AB3A57
C:\clean_rebuild\scripts\auto_send_gitlog_webhook_1.py,BF6323B74109D43F0AC8B66984FE42C318B28A0596FFD9CBFEB4A67FF8AB3A57
C:\clean_rebuild\scripts\auto_send_gitlog_webhook_2.py,BF6323B74109D43F0AC8B66984FE42C318B28A0596FFD9CBFEB4A67FF8AB3A57
C:\clean_rebuild\scripts\build_scripts.py,045563BA119BCE7648222F51F66E3C3577D1CED74784EFDCCE132513661C97B0
C:\clean_rebuild\scripts\create_release_package.py,44AE539EC69688EFC3CE539AA675CD8A31E9E572DD84E767B8BFC98AD0D25164
C:\clean_rebuild\scripts\create_release_package_1.py,44AE539EC69688EFC3CE539AA675CD8A31E9E572DD84E767B8BFC98AD0D25164
C:\clean_rebuild\scripts\create_release_package_2.py,44AE539EC69688EFC3CE539AA675CD8A31E9E572DD84E767B8BFC98AD0D25164
C:\clean_rebuild\scripts\enerate_log_statistics.py,705EE1C073CAB40E1F980EC2BE8226584823EDF0CD902A9C358DF69E02F3710C
C:\clean_rebuild\scripts\enerate_log_statistics_1.py,705EE1C073CAB40E1F980EC2BE8226584823EDF0CD902A9C358DF69E02F3710C
C:\clean_rebuild\scripts\enerate_log_statistics_2.py,705EE1C073CAB40E1F980EC2BE8226584823EDF0CD902A9C358DF69E02F3710C
C:\clean_rebuild\scripts\enerate_log_statistics_3.py,705EE1C073CAB40E1F980EC2BE8226584823EDF0CD902A9C358DF69E02F3710C
C:\clean_rebuild\scripts\enerate_log_statistics_4.py,705EE1C073CAB40E1F980EC2BE8226584823EDF0CD902A9C358DF69E02F3710C
C:\clean_rebuild\scripts\enerate_log_statistics_5.py,705EE1C073CAB40E1F980EC2BE8226584823EDF0CD902A9C358DF69E02F3710C
C:\clean_rebuild\scripts\enerate_log_statistics_6.py,705EE1C073CAB40E1F980EC2BE8226584823EDF0CD902A9C358DF69E02F3710C
C:\clean_rebuild\scripts\generate_log_statistics.py,E929B15FBC6084E9E38BB73897F6C3E5F8DAA4E52C6621782F89EB000AC51880
C:\clean_rebuild\scripts\generate_log_statistics_1.py,E929B15FBC6084E9E38BB73897F6C3E5F8DAA4E52C6621782F89EB000AC51880
C:\clean_rebuild\scripts\generate_log_statistics_2.py,E929B15FBC6084E9E38BB73897F6C3E5F8DAA4E52C6621782F89EB000AC51880
C:\clean_rebuild\scripts\generate_log_statistics_3.py,E929B15FBC6084E9E38BB73897F6C3E5F8DAA4E52C6621782F89EB000AC51880
C:\clean_rebuild\scripts\generate_log_statistics_4.py,E929B15FBC6084E9E38BB73897F6C3E5F8DAA4E52C6621782F89EB000AC51880
C:\clean_rebuild\scripts\generate_log_statistics_5.py,E929B15FBC6084E9E38BB73897F6C3E5F8DAA4E52C6621782F89EB000AC51880
C:\clean_rebuild\scripts\generate_log_statistics_6.py,E929B15FBC6084E9E38BB73897F6C3E5F8DAA4E52C6621782F89EB000AC51880
C:\clean_rebuild\scripts\generate_log_summary.py,4DD72BDCBEF8CED7D0FE6688D2D6EF5FB55802D978D3E3C3C1AF90DF06C077A8
C:\clean_rebuild\scripts\generate_log_summary_1.py,4DD72BDCBEF8CED7D0FE6688D2D6EF5FB55802D978D3E3C3C1AF90DF06C077A8
C:\clean_rebuild\scripts\generate_log_summary_2.py,36DBE7FE5A1F17B3D6A4698CC69BBABFF148A6CFC7552056E92F80574E4AB8B5
C:\clean_rebuild\scripts\generate_log_summary_3.py,4DD72BDCBEF8CED7D0FE6688D2D6EF5FB55802D978D3E3C3C1AF90DF06C077A8
C:\clean_rebuild\scripts\generate_log_summary_4.py,36DBE7FE5A1F17B3D6A4698CC69BBABFF148A6CFC7552056E92F80574E4AB8B5
C:\clean_rebuild\scripts\generate_log_summary_5.py,4DD72BDCBEF8CED7D0FE6688D2D6EF5FB55802D978D3E3C3C1AF90DF06C077A8
C:\clean_rebuild\scripts\generate_log_summary_6.py,36DBE7FE5A1F17B3D6A4698CC69BBABFF148A6CFC7552056E92F80574E4AB8B5
C:\clean_rebuild\scripts\generate_manuals.py,4E6650D2A6F84225D902ED2454E011C6413BC2A3F1E124CCA8FBD54C607BC1F4
C:\clean_rebuild\scripts\generate_manuals_1.py,4E6650D2A6F84225D902ED2454E011C6413BC2A3F1E124CCA8FBD54C607BC1F4
C:\clean_rebuild\scripts\generate_manuals_2.py,4E6650D2A6F84225D902ED2454E011C6413BC2A3F1E124CCA8FBD54C607BC1F4
C:\clean_rebuild\scripts\generate_operational_plan.py,8EC568141A5FC00816ECF2B9D79FF3BE7A76B6134EACA5FA1F1739AD011E2F6F
C:\clean_rebuild\scripts\generate_operational_plan_1.py,8EC568141A5FC00816ECF2B9D79FF3BE7A76B6134EACA5FA1F1739AD011E2F6F
C:\clean_rebuild\scripts\generate_operational_plan_2.py,8EC568141A5FC00816ECF2B9D79FF3BE7A76B6134EACA5FA1F1739AD011E2F6F
C:\clean_rebuild\scripts\generate_qa_review.py,6BC1F6319873CD7E5B78AD1632C4BC67E683B6A4AA38AB6B2A09DF943D5F091B
C:\clean_rebuild\scripts\generate_qa_review_1.py,6BC1F6319873CD7E5B78AD1632C4BC67E683B6A4AA38AB6B2A09DF943D5F091B
C:\clean_rebuild\scripts\generate_qa_review_2.py,6BC1F6319873CD7E5B78AD1632C4BC67E683B6A4AA38AB6B2A09DF943D5F091B
C:\clean_rebuild\scripts\generate_readme.py,10E1F1ADD4B573F50FFF773747294FDA4FF3931C32D0D50F7B34387DD89D9081
C:\clean_rebuild\scripts\generate_readme_1.py,22AAC3DB358370B90248C1EDC1889FCB3CAAEA3C7C3DE9C4D53BA2104B42510D
C:\clean_rebuild\scripts\generate_readme_2.py,10E1F1ADD4B573F50FFF773747294FDA4FF3931C32D0D50F7B34387DD89D9081
C:\clean_rebuild\scripts\generate_readme_3.py,22AAC3DB358370B90248C1EDC1889FCB3CAAEA3C7C3DE9C4D53BA2104B42510D
C:\clean_rebuild\scripts\generate_readme_4.py,10E1F1ADD4B573F50FFF773747294FDA4FF3931C32D0D50F7B34387DD89D9081
C:\clean_rebuild\scripts\generate_readme_5.py,22AAC3DB358370B90248C1EDC1889FCB3CAAEA3C7C3DE9C4D53BA2104B42510D
C:\clean_rebuild\scripts\generate_release_info.py,B228D70087CCFD8282E72EDDC2BF115201E0C8A3EAE653D11AFBF6BDFDBA36B2
C:\clean_rebuild\scripts\generate_release_info_1.py,B228D70087CCFD8282E72EDDC2BF115201E0C8A3EAE653D11AFBF6BDFDBA36B2
C:\clean_rebuild\scripts\generate_release_info_2.py,B228D70087CCFD8282E72EDDC2BF115201E0C8A3EAE653D11AFBF6BDFDBA36B2
C:\clean_rebuild\scripts\inspect_db_schema.py,566EB5BBC7996CB4AF5AA9F94561D7E791CBE7D330A71425EBD16DB7089E4091
C:\clean_rebuild\scripts\inspect_db_schema_1.py,566EB5BBC7996CB4AF5AA9F94561D7E791CBE7D330A71425EBD16DB7089E4091
C:\clean_rebuild\scripts\inspect_db_schema_2.py,566EB5BBC7996CB4AF5AA9F94561D7E791CBE7D330A71425EBD16DB7089E4091
C:\clean_rebuild\scripts\inspect_db_schema_3.py,566EB5BBC7996CB4AF5AA9F94561D7E791CBE7D330A71425EBD16DB7089E4091
C:\clean_rebuild\scripts\inspect_db_schema_4.py,566EB5BBC7996CB4AF5AA9F94561D7E791CBE7D330A71425EBD16DB7089E4091
C:\clean_rebuild\scripts\inspect_db_schema_5.py,566EB5BBC7996CB4AF5AA9F94561D7E791CBE7D330A71425EBD16DB7089E4091
C:\clean_rebuild\scripts\inspect_db_schema_6.py,566EB5BBC7996CB4AF5AA9F94561D7E791CBE7D330A71425EBD16DB7089E4091
C:\clean_rebuild\scripts\inspect_users_table.py,1A3CBA9394F44BC1703B591503B4C405D0FC9DCCD29A8B73943BF4A31188D174
C:\clean_rebuild\scripts\inspect_users_table_1.py,1A3CBA9394F44BC1703B591503B4C405D0FC9DCCD29A8B73943BF4A31188D174
C:\clean_rebuild\scripts\inspect_users_table_2.py,1A3CBA9394F44BC1703B591503B4C405D0FC9DCCD29A8B73943BF4A31188D174
C:\clean_rebuild\scripts\install_scripts.py,24FBCA38A42B1360B48059E81DFA51B962DD77361C8EA3FD7F3FB1ACAC6D99E8
C:\clean_rebuild\scripts\install_scripts_1.py,583C26B7BEFBBD7A77BC31B639E1B44FAA46E56C2D8DBF4B7BBDA4F8E741C00F
C:\clean_rebuild\scripts\log_final_run_check.py,D908EBAF4EDCCE6F5B3C80607E0DCFD26318FFF2BE3DBDB754773CC46F455DCE
C:\clean_rebuild\scripts\log_final_run_check_1.py,D908EBAF4EDCCE6F5B3C80607E0DCFD26318FFF2BE3DBDB754773CC46F455DCE
C:\clean_rebuild\scripts\log_final_run_check_2.py,D908EBAF4EDCCE6F5B3C80607E0DCFD26318FFF2BE3DBDB754773CC46F455DCE
C:\clean_rebuild\scripts\scripts.py,8A1229326345A66EFE9FB75D7BD990DCF35C9FACA3C027426B15ED3B3ADAF220
C:\clean_rebuild\scripts\send_email_report.py,102426A7367F49127E712E5DB5175EBCDE3CF3B21AFB6A10E9AE6CB8A22E357B
C:\clean_rebuild\scripts\send_email_report_1.py,102426A7367F49127E712E5DB5175EBCDE3CF3B21AFB6A10E9AE6CB8A22E357B
C:\clean_rebuild\scripts\send_log_webhook.py,91A029E5D49B4337C66B955749FE7B86846271EB156443EA90F77F2B80708365
C:\clean_rebuild\scripts\send_log_webhook_1.py,91A029E5D49B4337C66B955749FE7B86846271EB156443EA90F77F2B80708365
C:\clean_rebuild\scripts\send_log_webhook_2.py,91A029E5D49B4337C66B955749FE7B86846271EB156443EA90F77F2B80708365
C:\clean_rebuild\scripts\send_summary_email.py,F6A597A43CEF1E5F090C0F6588203A7C9207E7D937D9684257018F7FAF7DF465
C:\clean_rebuild\scripts\send_summary_email_1.py,F6A597A43CEF1E5F090C0F6588203A7C9207E7D937D9684257018F7FAF7DF465
C:\clean_rebuild\scripts\upgrade_users_add_role.py,91F224D37BC045F20321C9DB22F8BD67ABC167B0742C2DF8E04D9D5E02A344B7
C:\clean_rebuild\scripts\upgrade_users_add_role_1.py,91F224D37BC045F20321C9DB22F8BD67ABC167B0742C2DF8E04D9D5E02A344B7
C:\clean_rebuild\scripts\upgrade_users_add_role_2.py,91F224D37BC045F20321C9DB22F8BD67ABC167B0742C2DF8E04D9D5E02A344B7
C:\clean_rebuild\scripts\verify_session_integrity.py,0F7933704900EE3F8E22D9142E99834A1C20533356006C191A17130F9A6A6C7E
C:\clean_rebuild\scripts\verify_session_integrity_1.py,0F7933704900EE3F8E22D9142E99834A1C20533356006C191A17130F9A6A6C7E
C:\clean_rebuild\scripts\verify_session_integrity_2.py,0F7933704900EE3F8E22D9142E99834A1C20533356006C191A17130F9A6A6C7E
C:\clean_rebuild\scripts\verify_session_integrity_3.py,0F7933704900EE3F8E22D9142E99834A1C20533356006C191A17130F9A6A6C7E
C:\clean_rebuild\scripts\verify_session_integrity_4.py,0F7933704900EE3F8E22D9142E99834A1C20533356006C191A17130F9A6A6C7E
C:\clean_rebuild\scripts\verify_session_integrity_5.py,0F7933704900EE3F8E22D9142E99834A1C20533356006C191A17130F9A6A6C7E
C:\clean_rebuild\scripts\verify_session_integrity_6.py,0F7933704900EE3F8E22D9142E99834A1C20533356006C191A17130F9A6A6C7E
C:\clean_rebuild\scripts\zip_log_exports.py,63C809743B4824E3994DCF08FE27F30F853513540DDAD499594F9CFE5A28DDCF
C:\clean_rebuild\scripts\zip_log_exports_1.py,63C809743B4824E3994DCF08FE27F30F853513540DDAD499594F9CFE5A28DDCF
C:\clean_rebuild\scripts\zip_log_exports_2.py,63C809743B4824E3994DCF08FE27F30F853513540DDAD499594F9CFE5A28DDCF
C:\clean_rebuild\scripts\zip_log_exports_3.py,63C809743B4824E3994DCF08FE27F30F853513540DDAD499594F9CFE5A28DDCF
C:\clean_rebuild\scripts\zip_log_exports_4.py,63C809743B4824E3994DCF08FE27F30F853513540DDAD499594F9CFE5A28DDCF
C:\clean_rebuild\scripts\zip_log_exports_5.py,63C809743B4824E3994DCF08FE27F30F853513540DDAD499594F9CFE5A28DDCF
C:\clean_rebuild\scripts\zip_log_exports_6.py,63C809743B4824E3994DCF08FE27F30F853513540DDAD499594F9CFE5A28DDCF
C:\clean_rebuild\scripts\_export_format.py,42997B605753BFCC4C5650579DF3D3CE058EC9799378CE1BE6B4BFB7409A1FB8
C:\clean_rebuild\scripts\_export_format_1.py,42997B605753BFCC4C5650579DF3D3CE058EC9799378CE1BE6B4BFB7409A1FB8
C:\clean_rebuild\scripts\_export_format_2.py,42997B605753BFCC4C5650579DF3D3CE058EC9799378CE1BE6B4BFB7409A1FB8
C:\clean_rebuild\scripts\_export_format_3.py,42997B605753BFCC4C5650579DF3D3CE058EC9799378CE1BE6B4BFB7409A1FB8
C:\clean_rebuild\scripts\_export_format_4.py,42997B605753BFCC4C5650579DF3D3CE058EC9799378CE1BE6B4BFB7409A1FB8
C:\clean_rebuild\scripts\_export_format_5.py,42997B605753BFCC4C5650579DF3D3CE058EC9799378CE1BE6B4BFB7409A1FB8
C:\clean_rebuild\scripts\_export_format_6.py,42997B605753BFCC4C5650579DF3D3CE058EC9799378CE1BE6B4BFB7409A1FB8
C:\clean_rebuild\scripts\_export_format_8fa3e61b.py,42997B605753BFCC4C5650579DF3D3CE058EC9799378CE1BE6B4BFB7409A1FB8
C:\clean_rebuild\scripts\_export_format_8fa3e61b_1.py,42997B605753BFCC4C5650579DF3D3CE058EC9799378CE1BE6B4BFB7409A1FB8
C:\clean_rebuild\scripts\_export_format_8fa3e61b_2.py,42997B605753BFCC4C5650579DF3D3CE058EC9799378CE1BE6B4BFB7409A1FB8
C:\clean_rebuild\scripts\_export_format_8fa3e61b_3.py,42997B605753BFCC4C5650579DF3D3CE058EC9799378CE1BE6B4BFB7409A1FB8
C:\clean_rebuild\scripts\_export_format_8fa3e61b_4.py,42997B605753BFCC4C5650579DF3D3CE058EC9799378CE1BE6B4BFB7409A1FB8
C:\clean_rebuild\scripts\_export_format_8fa3e61b_5.py,42997B605753BFCC4C5650579DF3D3CE058EC9799378CE1BE6B4BFB7409A1FB8
C:\clean_rebuild\scripts\_export_format_8fa3e61b_6.py,42997B605753BFCC4C5650579DF3D3CE058EC9799378CE1BE6B4BFB7409A1FB8
C:\clean_rebuild\services\__init__.py,0FFACFB052B622E7AAE9D748982B6AE90CC0F73FCAB88CB74009EE460D16E714
C:\clean_rebuild\services\__init___1.py,5995BFA781EA596923EA602FF56DBFC941E047C2B81DF8C3E1C8C335ADE97B6E
C:\clean_rebuild\services\__init___10.py,A80359F51323DB70D28DA783832A1764C47C68810AA9B8072ED99BBBA629E7E0
C:\clean_rebuild\services\__init___100.py,E8723C6CAEE9FC44646AD27B330DE363691D39887C26F31D5576B1FD78F86660
C:\clean_rebuild\services\__init___101.py,C81FC72A4045886D5A3DAB1B3EF1DD6FFFB92B9FD4C1BCA3441B823209187B01
C:\clean_rebuild\services\__init___102.py,9E2E1949A8CC2CBC0E40CCEFB1F47F5A7753BE42C8C0C2D8C1DBE4451808725F
C:\clean_rebuild\services\__init___103.py,60F69ED46C9C7D3D588BBA63BAE9E129E120F63029B074419866BD6FAF22421F
C:\clean_rebuild\services\__init___104.py,522B598F5EC342A8DFA397593B6DB63DB8F766CBEE4ADDDAE7D31485FDDE1561
C:\clean_rebuild\services\__init___105.py,8F07CB8470F2FDEC718B0FB804B7C6480ED5A2B20F1291ED3E3951239764A668
C:\clean_rebuild\services\__init___106.py,05CF4037E8DDCB174A4F48C71009F2E79D6358D8AC1147441A859304C545DE25
C:\clean_rebuild\services\__init___107.py,495B021A0991B186C96CF573583314183CAF5F7546ABCDFEAA6929D25CC5007C
C:\clean_rebuild\services\__init___108.py,05CF4037E8DDCB174A4F48C71009F2E79D6358D8AC1147441A859304C545DE25
C:\clean_rebuild\services\__init___109.py,E2CDBE5F8C1353297F84C6791D6F00F9E2087E47AA8978BA637828AF27429042
C:\clean_rebuild\services\__init___11.py,66FEB4B3646E6E22F91ED29E8E2166468DD91A3457AC05B1D24E7542F2194690
C:\clean_rebuild\services\__init___110.py,92A8DB8B57EA1D0032F423EA841813DCB7213D5D56699C329EAB92B4E5C93BA6
C:\clean_rebuild\services\__init___111.py,4582A18558BBAAD43F6017DD2B7A7A51C5549216116DBA94722977F0886971A3
C:\clean_rebuild\services\__init___112.py,7A2C80060EDA648F46EA721F25BA301F4858F854ED638BE817B0FD68D5F4EA33
C:\clean_rebuild\services\__init___113.py,15F2B26649785A3F1F01368FDB4A5B937551A89F5B7A0A6CA16EEF713BC8CF87
C:\clean_rebuild\services\__init___114.py,FF1650203D8A972E4830229D0C913126549D224D7096F819756B7B7CDE175442
C:\clean_rebuild\services\__init___115.py,53BD44B9A64157BF93AE9182E4B70943CA14DA6ADB5CE0374E178E9035FBEFC4
C:\clean_rebuild\services\__init___116.py,FCC88D6AEC270DF23613481DCCD21A75D2AE85140BCC2EA001DE557E29C6B1C9
C:\clean_rebuild\services\__init___117.py,B6EA1C94F600BB2A03EC21AC6489A6081B112C03ED8182651A34DB4E4D54C254
C:\clean_rebuild\services\__init___118.py,86E04877D141B70EBC126A9A5712B9EBB82A328335A34F9B9396BC5340B74C65
C:\clean_rebuild\services\__init___119.py,2DA50D8BCFAB8C36CF13999BF000D62B6667284D87BD16FC5E699D317404FAE2
C:\clean_rebuild\services\__init___12.py,FE308005F0B9C4E00E0180B8B32F40A4E06074837C43E535166700717A4FFA87
C:\clean_rebuild\services\__init___120.py,C65202CDD12DEC9D23A34F6E4A0A420AF28B891925A1C188AD6A77939197D671
C:\clean_rebuild\services\__init___121.py,7973C980182854BDF27209F14578A7748F78A851DC7C796A3E2F830638804644
C:\clean_rebuild\services\__init___122.py,23A544F9EC4970275F3AEB65AF533F34029A9039B72E1A821C9D88F3F0D1E9F7
C:\clean_rebuild\services\__init___123.py,6E2CA7FFC01B9941953C5BC20C8D551E95B61AD6A7242C15D1E2F44B514CF467
C:\clean_rebuild\services\__init___124.py,B7FF4EECD08750DB0BC851C2F1019AEEBE524AC97F3F4DCB731443BAD7458CC4
C:\clean_rebuild\services\__init___125.py,671ABC62358B11208B22E1CF5E9ED9B1E607D9F9A8AE7F25638306E89598D945
C:\clean_rebuild\services\__init___126.py,811AE80BA5E8BA6B02AC4CDFEB36B11BE65A8D763F802F06EE329516A40113AE
C:\clean_rebuild\services\__init___127.py,29B8AC8559A40EAFC146BB6C48B5952453ED6D970DC994D3045EECCCC0D571B4
C:\clean_rebuild\services\__init___128.py,37308933DEFE64B6CC786C9FE202A3381A2D8741BA36706533B33CB4C22D376F
C:\clean_rebuild\services\__init___129.py,C80FBC1356F41132463B6E37D71AE92CAEF912CDBBFE620D9A6544CE076A9C75
C:\clean_rebuild\services\__init___13.py,626F897CC50CB85B858A8D2F22AF4C84C52F8D276117B602B1DD19620D238F54
C:\clean_rebuild\services\__init___130.py,4497C091F192B24A803E645E6C3964F5DDC1AA6B689A8B1C359027A672216028
C:\clean_rebuild\services\__init___131.py,4C83AA63D8E48DD34B26B31B82D76F64FFB2BB023FF1E5DF8C6F4EA6841D616D
C:\clean_rebuild\services\__init___132.py,A549978C25F515FCC6C9C6EC1D898C61205515EEF3D6805A777843AC2B95482C
C:\clean_rebuild\services\__init___133.py,0C8D874C2EF862A92C35CA6D87F9B414E200AF55D12BBBA87EB9A6F33FCE9D47
C:\clean_rebuild\services\__init___134.py,119CE12755ED25208EF08A38BD81D0BA93D42975823686289BCF32FE332F8A24
C:\clean_rebuild\services\__init___135.py,5CFAEFC260654426809F81B39646D17FA29793651033E8919DBEE0EE94D037B7
C:\clean_rebuild\services\__init___136.py,81688159317C54F7F275D505876893FAE1CABFA3283D3EE533B31017B29525CA
C:\clean_rebuild\services\__init___137.py,F831F2B4613EA28A1537E38837CF54856BB14D036FB8CE2271D6387C21D2A923
C:\clean_rebuild\services\__init___138.py,5C91075094D9D20DF6D73F6F6788D664CD844E5E386C0F181BD9EA5F2C76015D
C:\clean_rebuild\services\__init___139.py,C72B5C54326A5E5BDAF6984B4798156641810F7BF75BA8EB786895520F28E949
C:\clean_rebuild\services\__init___14.py,8554B5E3D1EE2E97016718AB79548F4194182472E6800AE545CB3B4933FB8406
C:\clean_rebuild\services\__init___140.py,0857890E6DB7C0BE4CBCBB0806E6250FA671DF1F1C15EFA7D59166D697B4B9EF
C:\clean_rebuild\services\__init___141.py,094616E00CDDD4B4F164D7E8AA0EA6E08A82C4C4D0630948B459F19347090CB6
C:\clean_rebuild\services\__init___142.py,7B3209BF43C90A7C93E2835F52DCBD58F729CA7BB478AE60BAEED23728D5DF4B
C:\clean_rebuild\services\__init___143.py,34E02E6C25738A65E598568D3FBB01BF63C33CB4D5AF309D17BC3C1B89DBCEE9
C:\clean_rebuild\services\__init___144.py,6602A6E7AA4C4A5F56D3D957EB1313BAFCB1A5AB1638E7D08BE721A6175EDFCB
C:\clean_rebuild\services\__init___145.py,E17760D0C1FC3241D77F71A134BEC721C34084C71F1DD83E0C17344F925E44E7
C:\clean_rebuild\services\__init___146.py,A982B4E29E7223825AEEBA1FC799D737070D8E8E1BFE44F06C647590737833FE
C:\clean_rebuild\services\__init___147.py,CBC02ADAE923135FBD857A387726E2B1B41DF750708B480164C35C0195F3B12F
C:\clean_rebuild\services\__init___148.py,D6BCE650770F828E2ACC8468BA770C36543A21D5F06133D48E9FA65C5A286194
C:\clean_rebuild\services\__init___149.py,D10D2E8662BD1EF6AF6197E1D8CE97CA354D35F3D9C9959A0EFD248DE74D0052
C:\clean_rebuild\services\__init___15.py,A918F3E95C6BD964BE6D07001833CFE3198CA69973ACC152F0D2042799BF1EDB
C:\clean_rebuild\services\__init___150.py,312CDD0720CA0223D7D0F6E955B26E35F55A725278DDFF1EBBA055B26B68F78E
C:\clean_rebuild\services\__init___151.py,AD2562A98ED4E46951B1C6675752CEE8C28DAC44FA51DB32F7FE5E3D87EA975C
C:\clean_rebuild\services\__init___152.py,96B7A2BE766AC55345C4ADBBA923858AC287F172816244EB36A977399FA08FE8
C:\clean_rebuild\services\__init___153.py,A5A297156ED8EBA050B8737011EC714C6F0355AF90A6856F5DA50E8F7459809A
C:\clean_rebuild\services\__init___154.py,3B61886A95C5A9ACDA0CF426F911C866C08523EA24D4613D1F9E5266B0C15F78
C:\clean_rebuild\services\__init___155.py,152EC4E923CD6DD3F052191DFA90D25B7C32150BBCF76C1113002F3EAA7522B5
C:\clean_rebuild\services\__init___156.py,56BD36C9B6FCF63EF4CF77BA6B57D39B8CBA791A6A0B73086A4388EA936D1CAD
C:\clean_rebuild\services\__init___157.py,0D5B4E6FB19838D76AB2FCF082CDC2630D7F6A01BC0D2F2275E8A622B023F6B7
C:\clean_rebuild\services\__init___158.py,09A30CD0D2D4D2A689E8C19F5389858A106D2D123BA9D349A717A25053C80D01
C:\clean_rebuild\services\__init___159.py,BF91B080F90EF9859B838E77546077F464B0791FD5CD6383B7DBB45F9DBF77F0
C:\clean_rebuild\services\__init___16.py,52069AEEFB58DAD898781D8BDE183FFDA18FAAE11F17ACE8CE83368CAB863FB1
C:\clean_rebuild\services\__init___160.py,F9AEA5D035ECDAF00E8A67A5B1DD80AAD8BE4ED016106834F431F6921FC6C27C
C:\clean_rebuild\services\__init___161.py,8917FED883E70F07E66771DEB3884B703C576DAA0BE83E8184239DABF13813BF
C:\clean_rebuild\services\__init___162.py,5F773B98C79ECD0FE811694D2FA29891AD94A299F80F2AA1207AE7C2DEA62760
C:\clean_rebuild\services\__init___163.py,D3F318AA4704DF2B9CF2281896197688ACBD4B00F3AF82A83E034EDE0C2C9893
C:\clean_rebuild\services\__init___164.py,6E734BDAA4CE5D509B108C9B6514F3A89470669E4517020C9E56051407C88A9A
C:\clean_rebuild\services\__init___165.py,701E488CF7D17CB317F88111E27E0BCA32553CEF7A197E571290230B871ADC4E
C:\clean_rebuild\services\__init___166.py,6A3BD6D6ACE8721C1A981E67A52A5B1B0B777B15B45649E404F7D28B3C89177A
C:\clean_rebuild\services\__init___167.py,5C74EA624C6C75258A0E35DEAC5441EBC8D5229A3EF9F12DF1DE4DDB785FEB7D
C:\clean_rebuild\services\__init___168.py,9BF053D2CAB458591B87F11E4239729FAF923D874C3D96F5A18465D743458125
C:\clean_rebuild\services\__init___169.py,263678A8FC17B2E0477E673BAE46EAD4F8FA190FA1C05662043063286442A2C7
C:\clean_rebuild\services\__init___17.py,32D649FEF124AC779AA4AC6A0CF379F280BF618704CD0D783A23F2D17FB24CB7
C:\clean_rebuild\services\__init___170.py,34D8713F459B01C8818D7BFA4B0683D5BD40266BB2257D92AE6AEFC7485719FE
C:\clean_rebuild\services\__init___171.py,9642AD87790CB0D783281AE7A3E0E5E5E8204CC1873A77A1782856FE96426FD3
C:\clean_rebuild\services\__init___172.py,4F0851DBF4A1BBB6382C25E44447B1A4C6304EA44CAF1AA2410A9AB300EAC090
C:\clean_rebuild\services\__init___173.py,E6B761A020DD3ACF9DD282181E9D8A61F56FC02C4ED5B04D89AFA0F4EC447CCF
C:\clean_rebuild\services\__init___174.py,8BC7BD4E1F4EB37AA1C3DFFF18CC97B099851935BABAEB10F760006BF48D5CD8
C:\clean_rebuild\services\__init___175.py,A50D97827FEA2277D8C282362C8710A3DA6DE0D9DB475ACCD735B96BBB95DCC5
C:\clean_rebuild\services\__init___176.py,37681EC52F2DF0CE05CED83878599E69E5423B965C49420E9BA9C9B229C4E75D
C:\clean_rebuild\services\__init___177.py,48A034F188FB3840203B259C9AA9AC38D7F3AAA30AD51DDDDF5E02BD7C7EE89F
C:\clean_rebuild\services\__init___178.py,48A034F188FB3840203B259C9AA9AC38D7F3AAA30AD51DDDDF5E02BD7C7EE89F
C:\clean_rebuild\services\__init___179.py,48A034F188FB3840203B259C9AA9AC38D7F3AAA30AD51DDDDF5E02BD7C7EE89F
C:\clean_rebuild\services\__init___18.py,29A018D53663B7AB7E7EA0565C287ABC0AD108F8099E8DC85FCE727A91ABF984
C:\clean_rebuild\services\__init___180.py,48A034F188FB3840203B259C9AA9AC38D7F3AAA30AD51DDDDF5E02BD7C7EE89F
C:\clean_rebuild\services\__init___181.py,48A034F188FB3840203B259C9AA9AC38D7F3AAA30AD51DDDDF5E02BD7C7EE89F
C:\clean_rebuild\services\__init___182.py,78097198CA76C947285686D8CA8F0E99D250C2A0A3955C458B18568B63FFC9CC
C:\clean_rebuild\services\__init___183.py,741B582911D9BCA0F4D041AC9B86C079CC5CEF68100B8F6B66F2174F7930D118
C:\clean_rebuild\services\__init___184.py,741B582911D9BCA0F4D041AC9B86C079CC5CEF68100B8F6B66F2174F7930D118
C:\clean_rebuild\services\__init___185.py,48A034F188FB3840203B259C9AA9AC38D7F3AAA30AD51DDDDF5E02BD7C7EE89F
C:\clean_rebuild\services\__init___186.py,48A034F188FB3840203B259C9AA9AC38D7F3AAA30AD51DDDDF5E02BD7C7EE89F
C:\clean_rebuild\services\__init___187.py,48A034F188FB3840203B259C9AA9AC38D7F3AAA30AD51DDDDF5E02BD7C7EE89F
C:\clean_rebuild\services\__init___188.py,48A034F188FB3840203B259C9AA9AC38D7F3AAA30AD51DDDDF5E02BD7C7EE89F
C:\clean_rebuild\services\__init___189.py,48A034F188FB3840203B259C9AA9AC38D7F3AAA30AD51DDDDF5E02BD7C7EE89F
C:\clean_rebuild\services\__init___19.py,2E725071F5BAC2ED60F24F7C613098DC1574C8035368F771AAEEF54937B95E4F
C:\clean_rebuild\services\__init___190.py,48A034F188FB3840203B259C9AA9AC38D7F3AAA30AD51DDDDF5E02BD7C7EE89F
C:\clean_rebuild\services\__init___191.py,48A034F188FB3840203B259C9AA9AC38D7F3AAA30AD51DDDDF5E02BD7C7EE89F
C:\clean_rebuild\services\__init___192.py,48A034F188FB3840203B259C9AA9AC38D7F3AAA30AD51DDDDF5E02BD7C7EE89F
C:\clean_rebuild\services\__init___193.py,48A034F188FB3840203B259C9AA9AC38D7F3AAA30AD51DDDDF5E02BD7C7EE89F
C:\clean_rebuild\services\__init___194.py,39859BE620A1983F8364ED277C69ACEFAA9C97CED9C3A4819B3303CD1FB7BF1E
C:\clean_rebuild\services\__init___195.py,6047C987514C628446AE4510751A41AC1425BC318A7C64650B99E2D6678C8CF2
C:\clean_rebuild\services\__init___196.py,7058BD5442C31C173152D5BBD0D40F604DF7CDF566B78AEFD17DCA2058A42743
C:\clean_rebuild\services\__init___197.py,CF8B96DE1B1BBC53F45C08AFF1AE37F9225EA287F89133A3DC7603EA1863F166
C:\clean_rebuild\services\__init___198.py,EE7C30080FF905E460DF4367F456093ABE53B83472EC00CE82B1BC40C4ABE024
C:\clean_rebuild\services\__init___199.py,CA1E4ED558E507CD68AD56A404F56375FA671EB0A9540A4DB6C397ADE5249411
C:\clean_rebuild\services\__init___2.py,1A2B0FF393D50896D04E8A0B7DF6341042C195E549E9AE10213DE1FCBF3CB187
C:\clean_rebuild\services\__init___20.py,AD5B2E030E978D470451A62023D68C6E639800281C84E54A53969D2B9ACB20DD
C:\clean_rebuild\services\__init___200.py,31B325918FA78B0AB1637B63B8841C40BA54D1B2EB6A28104D8528314FE8DDE4
C:\clean_rebuild\services\__init___201.py,9A139CF6BF38BB2D9AD57549EA7653AAE8CEE6D5B2A461FDD1797F97648CCB5C
C:\clean_rebuild\services\__init___202.py,311D5B47FF77C03146CA5045A77C9F14F53C7E612489666BCFA94B89001189DB
C:\clean_rebuild\services\__init___203.py,EE264F7C9E99D1C08D3E7363A3D3B8233B1574124F52D10564F9E84BDAFFD22E
C:\clean_rebuild\services\__init___204.py,DF856DAED3856782E7398DF22EBD446264F6433676F1ACEA2B0A0FE105A07E4C
C:\clean_rebuild\services\__init___205.py,EAB513977360FC97BCABF3095D28339B2DB9A158084544F2CA886367E6B97F0B
C:\clean_rebuild\services\__init___206.py,F2E95651D73E1812D134DAF33B066FD4B01DE6B8B53D6412B32B292D401D81FC
C:\clean_rebuild\services\__init___207.py,0FFACFB052B622E7AAE9D748982B6AE90CC0F73FCAB88CB74009EE460D16E714
C:\clean_rebuild\services\__init___208.py,5995BFA781EA596923EA602FF56DBFC941E047C2B81DF8C3E1C8C335ADE97B6E
C:\clean_rebuild\services\__init___209.py,1A2B0FF393D50896D04E8A0B7DF6341042C195E549E9AE10213DE1FCBF3CB187
C:\clean_rebuild\services\__init___21.py,6A6826FEB373BDABA8AEE0F12000F3060EF345C3AB34A1A96B7F4D928896449E
C:\clean_rebuild\services\__init___210.py,0D5F8A7415F5B9BBF63508770F59FD51D3DD84023AE2AA6E9851FCCF26355006
C:\clean_rebuild\services\__init___211.py,1F5F9DBF30CF46EE3E35DB286996BD56FCAB044E3567BB20EE587EF38AAF66E1
C:\clean_rebuild\services\__init___212.py,911E3EDF44E489A29DB3EDB34E451DD15CF8523E611A6BE592B680A6D7320E45
C:\clean_rebuild\services\__init___213.py,1C1E75AC57ABAEAA1B636918AADC5E30226F8EB09644A08C9AAF5AC0E3CDFEFF
C:\clean_rebuild\services\__init___214.py,9D86F684B18562741E64F8D56E51B5EC3257AF0A8272F75D63CC38AED3E53769
C:\clean_rebuild\services\__init___215.py,3A4667BCD8C481C2BA68D10FB386F1F5D14543FB7A78E72CD1BB9A4E1B5FCB10
C:\clean_rebuild\services\__init___216.py,D0D4FC3078BB48AAB78EE32A61F39DAE4CE38AC2B42FBDE59DE3471F8A9A500B
C:\clean_rebuild\services\__init___217.py,77D314C7ED55FEA0F7C7D8A0232E094F8A02E42534CA3BA593B4326567911618
C:\clean_rebuild\services\__init___218.py,9D227194F26A94B79AF314F456A9FD398FC17E65957ED484C54E0C16C20C5124
C:\clean_rebuild\services\__init___219.py,408F806C8420F6E7A41FD60C4A52ED3DE86190654974940AEFE896C50AEA9B7A
C:\clean_rebuild\services\__init___22.py,6A6826FEB373BDABA8AEE0F12000F3060EF345C3AB34A1A96B7F4D928896449E
C:\clean_rebuild\services\__init___220.py,8E25363CC95D5FC12AC070189FA68CC4AA9B192E872C1108D241319BA98CE0FC
C:\clean_rebuild\services\__init___221.py,591D85EDA5D71146EDB7FF799738A652DA110F722AB8ECEF998D16F21B2822DF
C:\clean_rebuild\services\__init___222.py,AB386EC979F0E5091C297B5DE0C41E71B64393B85D7E4C53B188D7239879D4A8
C:\clean_rebuild\services\__init___223.py,39D51B570ABAD5B710A7145522497B233BAE486FAD3CE900B1B8BBB48F2315A5
C:\clean_rebuild\services\__init___224.py,835722D80F4D3DE037D6672705C9595D99D6E831A3D6C1F0CF9EC15202CD98BF
C:\clean_rebuild\services\__init___225.py,97C661CDE8DD04F4D983951CED71D753A87C3CCD05C22475DB4AE4F17A0B26A5
C:\clean_rebuild\services\__init___226.py,BAB3CCDBD148227DFE9C6180EC109FB74AECA21AC742A1C82B8506CA48439251
C:\clean_rebuild\services\__init___227.py,9100E49241A336506B31AC5C6905841BDD6656DD5147D82DD65C0619D0B834DF
C:\clean_rebuild\services\__init___228.py,343F3693F2B4231074748B8193411DBA86B8FC469D688CD54B43EFB514B8A5C1
C:\clean_rebuild\services\__init___229.py,BF30A77A561EBC4B6951FD6AC0967DCD4ACB54DD64B42E948E5E70E9B93D9A6A
C:\clean_rebuild\services\__init___23.py,B1C53196A4B79572EB542487606420080E1847E35294F60FD61D545D379DCA94
C:\clean_rebuild\services\__init___230.py,944804374F74D11D0758D195475E378B7276B8213AC86223D2397F575202DB89
C:\clean_rebuild\services\__init___231.py,BF9698AE5A05460DFEBC2CA91E89A58BC333DE607EB78A699D96604201F3210F
C:\clean_rebuild\services\__init___232.py,F9C89702FBEF18992FFE1E237B567640BDB1A96C85011734A9DCB7AC50475FAE
C:\clean_rebuild\services\__init___233.py,C498226302A73A7F56276861F531753E27A8E46E4D6DA66A894224645AA110E1
C:\clean_rebuild\services\__init___234.py,23D879B6DE97CBA5D6BBD115ECB09EC4258357F82FA64C0528DA024480D8DCF0
C:\clean_rebuild\services\__init___235.py,3788D6C720509200933F085E4F336E3C4BFD2B08AD597B1EC819B1C79A6CC28B
C:\clean_rebuild\services\__init___236.py,6C9679FDCD4457A423FB7C18D635F8520D89F8387755DFDC0BD9358EA3258883
C:\clean_rebuild\services\__init___237.py,9D227194F26A94B79AF314F456A9FD398FC17E65957ED484C54E0C16C20C5124
C:\clean_rebuild\services\__init___238.py,2AD7D32BFCD622B5234CA3E15F07E2525FCC0FE73CBAC17E60B210BF1A5707ED
C:\clean_rebuild\services\__init___239.py,5BBD4C8CED714604F5D61D82998924E725C52EA88E2B33FD9799040C4F7790A0
C:\clean_rebuild\services\__init___24.py,6A6826FEB373BDABA8AEE0F12000F3060EF345C3AB34A1A96B7F4D928896449E
C:\clean_rebuild\services\__init___240.py,591D85EDA5D71146EDB7FF799738A652DA110F722AB8ECEF998D16F21B2822DF
C:\clean_rebuild\services\__init___241.py,AB386EC979F0E5091C297B5DE0C41E71B64393B85D7E4C53B188D7239879D4A8
C:\clean_rebuild\services\__init___242.py,7CC6827660264F707BFE6F6F430C2013C60567F3740369B73B92BA7103C1A37C
C:\clean_rebuild\services\__init___243.py,1886186C820ACAD88BCC0CC0F739DF9FC8D2911CF87BAD7F94D60D7AE577076B
C:\clean_rebuild\services\__init___244.py,998F94C418DBB8F31F52F6B672B3FF3C387215C2B6FAFA7A4C764D5D7DAEB354
C:\clean_rebuild\services\__init___245.py,3A47374B4775D44C9F174CD0D8C5C46054C52320111F3146AA7F527A603C1577
C:\clean_rebuild\services\__init___246.py,6E7DBBDFDD810CF72BD45BA385D3807E9911F82F73B873E47FE004C6160B3679
C:\clean_rebuild\services\__init___247.py,5B4C7D01FE59EE0FA0CAA8A58199653B4A04784D45987CDD45E8D812369FF9A1
C:\clean_rebuild\services\__init___248.py,34D1ABE54FBC8D27C6A5E44889EBAF61BDB04F1CFB53249F709C521A545A6BEC
C:\clean_rebuild\services\__init___249.py,342C344D5EE3CBA9AF385C08326561648811366BFF97E032E9BCE74B9CC389C9
C:\clean_rebuild\services\__init___25.py,1905BB70A3687FC3BC75961B7CD385FF38A4AD88AFE064D2EB21F86822BE56A1
C:\clean_rebuild\services\__init___250.py,D0CFE7179B2D8146B470D450F7ED093DD4990F559FB90CF4DB18F9597B58CCCC
C:\clean_rebuild\services\__init___251.py,8A6A267EC39670EA2EEF7C850747D9FD71DEBC4DA5F3F76C2134260B6488ED5D
C:\clean_rebuild\services\__init___252.py,C498226302A73A7F56276861F531753E27A8E46E4D6DA66A894224645AA110E1
C:\clean_rebuild\services\__init___253.py,0ADFBB60E19A36F53BFE4838B1CA1F0372D51BD852D353D032AF5C0CAF4695E9
C:\clean_rebuild\services\__init___254.py,3788D6C720509200933F085E4F336E3C4BFD2B08AD597B1EC819B1C79A6CC28B
C:\clean_rebuild\services\__init___255.py,C97A792312015E75122BC79B2997A9E2928A34610C62F696F55DD4651943F4A2
C:\clean_rebuild\services\__init___256.py,A80359F51323DB70D28DA783832A1764C47C68810AA9B8072ED99BBBA629E7E0
C:\clean_rebuild\services\__init___257.py,66FEB4B3646E6E22F91ED29E8E2166468DD91A3457AC05B1D24E7542F2194690
C:\clean_rebuild\services\__init___258.py,FE308005F0B9C4E00E0180B8B32F40A4E06074837C43E535166700717A4FFA87
C:\clean_rebuild\services\__init___259.py,626F897CC50CB85B858A8D2F22AF4C84C52F8D276117B602B1DD19620D238F54
C:\clean_rebuild\services\__init___26.py,8AEC329C6D606BCB71EA571BCB6A58525A1D9C75E4571341920A3DA7468B5553
C:\clean_rebuild\services\__init___260.py,8554B5E3D1EE2E97016718AB79548F4194182472E6800AE545CB3B4933FB8406
C:\clean_rebuild\services\__init___261.py,A918F3E95C6BD964BE6D07001833CFE3198CA69973ACC152F0D2042799BF1EDB
C:\clean_rebuild\services\__init___262.py,52069AEEFB58DAD898781D8BDE183FFDA18FAAE11F17ACE8CE83368CAB863FB1
C:\clean_rebuild\services\__init___263.py,32D649FEF124AC779AA4AC6A0CF379F280BF618704CD0D783A23F2D17FB24CB7
C:\clean_rebuild\services\__init___264.py,29A018D53663B7AB7E7EA0565C287ABC0AD108F8099E8DC85FCE727A91ABF984
C:\clean_rebuild\services\__init___265.py,2E725071F5BAC2ED60F24F7C613098DC1574C8035368F771AAEEF54937B95E4F
C:\clean_rebuild\services\__init___266.py,AD5B2E030E978D470451A62023D68C6E639800281C84E54A53969D2B9ACB20DD
C:\clean_rebuild\services\__init___267.py,6A6826FEB373BDABA8AEE0F12000F3060EF345C3AB34A1A96B7F4D928896449E
C:\clean_rebuild\services\__init___268.py,6A6826FEB373BDABA8AEE0F12000F3060EF345C3AB34A1A96B7F4D928896449E
C:\clean_rebuild\services\__init___269.py,B1C53196A4B79572EB542487606420080E1847E35294F60FD61D545D379DCA94
C:\clean_rebuild\services\__init___27.py,200290F77EEE1CB7F34208F32CDD574CE8959906B3FCF36C491F1966B2006F7B
C:\clean_rebuild\services\__init___270.py,6A6826FEB373BDABA8AEE0F12000F3060EF345C3AB34A1A96B7F4D928896449E
C:\clean_rebuild\services\__init___271.py,1905BB70A3687FC3BC75961B7CD385FF38A4AD88AFE064D2EB21F86822BE56A1
C:\clean_rebuild\services\__init___272.py,8AEC329C6D606BCB71EA571BCB6A58525A1D9C75E4571341920A3DA7468B5553
C:\clean_rebuild\services\__init___273.py,200290F77EEE1CB7F34208F32CDD574CE8959906B3FCF36C491F1966B2006F7B
C:\clean_rebuild\services\__init___274.py,35CB6BA9A5A6E4F45078EBFAA7A85EFFB1DE84CE89B74693DBAE6A8C8ADEDC8B
C:\clean_rebuild\services\__init___275.py,7CA3E1F1DB328A5943CE5425A25029066231EBD962821772306EAB6CC23F1013
C:\clean_rebuild\services\__init___276.py,912127BF40380DB5EAB9777379FB68F118C267BB62FFCEDBE1BCA02514E11A0D
C:\clean_rebuild\services\__init___277.py,AF68E64E5600116ACFBE1208BDA0F3D27DCA1FF5E1984878153EACB1E51A31C4
C:\clean_rebuild\services\__init___278.py,35109FE0BE66C1129894BF74BBE6BEEEEB9344A95A4B166E2523D4B20ACDCECC
C:\clean_rebuild\services\__init___279.py,002194751C6FE97B0697FB5B90DB62DC3A09B4C5CAF3442E9FABD14B949F20F0
C:\clean_rebuild\services\__init___28.py,BB4FF7AF92AA9F532A0BF7A1DF4D6B3D058BD6752B4613EEC7B015B13391E26A
C:\clean_rebuild\services\__init___280.py,E8723C6CAEE9FC44646AD27B330DE363691D39887C26F31D5576B1FD78F86660
C:\clean_rebuild\services\__init___281.py,C81FC72A4045886D5A3DAB1B3EF1DD6FFFB92B9FD4C1BCA3441B823209187B01
C:\clean_rebuild\services\__init___282.py,9E2E1949A8CC2CBC0E40CCEFB1F47F5A7753BE42C8C0C2D8C1DBE4451808725F
C:\clean_rebuild\services\__init___283.py,05CF4037E8DDCB174A4F48C71009F2E79D6358D8AC1147441A859304C545DE25
C:\clean_rebuild\services\__init___284.py,495B021A0991B186C96CF573583314183CAF5F7546ABCDFEAA6929D25CC5007C
C:\clean_rebuild\services\__init___285.py,05CF4037E8DDCB174A4F48C71009F2E79D6358D8AC1147441A859304C545DE25
C:\clean_rebuild\services\__init___286.py,E2CDBE5F8C1353297F84C6791D6F00F9E2087E47AA8978BA637828AF27429042
C:\clean_rebuild\services\__init___287.py,92A8DB8B57EA1D0032F423EA841813DCB7213D5D56699C329EAB92B4E5C93BA6
C:\clean_rebuild\services\__init___288.py,4582A18558BBAAD43F6017DD2B7A7A51C5549216116DBA94722977F0886971A3
C:\clean_rebuild\services\__init___289.py,7A2C80060EDA648F46EA721F25BA301F4858F854ED638BE817B0FD68D5F4EA33
C:\clean_rebuild\services\__init___29.py,35CB6BA9A5A6E4F45078EBFAA7A85EFFB1DE84CE89B74693DBAE6A8C8ADEDC8B
C:\clean_rebuild\services\__init___290.py,15F2B26649785A3F1F01368FDB4A5B937551A89F5B7A0A6CA16EEF713BC8CF87
C:\clean_rebuild\services\__init___291.py,FF1650203D8A972E4830229D0C913126549D224D7096F819756B7B7CDE175442
C:\clean_rebuild\services\__init___292.py,53BD44B9A64157BF93AE9182E4B70943CA14DA6ADB5CE0374E178E9035FBEFC4
C:\clean_rebuild\services\__init___293.py,FCC88D6AEC270DF23613481DCCD21A75D2AE85140BCC2EA001DE557E29C6B1C9
C:\clean_rebuild\services\__init___294.py,B6EA1C94F600BB2A03EC21AC6489A6081B112C03ED8182651A34DB4E4D54C254
C:\clean_rebuild\services\__init___295.py,86E04877D141B70EBC126A9A5712B9EBB82A328335A34F9B9396BC5340B74C65
C:\clean_rebuild\services\__init___296.py,2DA50D8BCFAB8C36CF13999BF000D62B6667284D87BD16FC5E699D317404FAE2
C:\clean_rebuild\services\__init___297.py,75F708EB29A1C12BE5AFE07FE17B8818387FEC24E3471E5756DC0D3B15D47634
C:\clean_rebuild\services\__init___298.py,B97924F274A43A4191A6C43B75CAC160E77F055D859A86851EB620B22576270E
C:\clean_rebuild\services\__init___299.py,ED909CE8FA79A251F950F40D3220776C977895E786D932D11F2A1C1C8489E218
C:\clean_rebuild\services\__init___3.py,0D5F8A7415F5B9BBF63508770F59FD51D3DD84023AE2AA6E9851FCCF26355006
C:\clean_rebuild\services\__init___30.py,912127BF40380DB5EAB9777379FB68F118C267BB62FFCEDBE1BCA02514E11A0D
C:\clean_rebuild\services\__init___300.py,7977DD38DF884C60158E9A6B9E36D90BD92F728EDCF9A02895CDFBEC3DA5A961
C:\clean_rebuild\services\__init___301.py,D497AC24022636FD0B4023F8BA5916A58524152D3C6FF0F2D66E386C4E250C99
C:\clean_rebuild\services\__init___302.py,A1065200EB3BAC799EE82C5F74BF67ADA611348DCD535F0C8F343891098ADA40
C:\clean_rebuild\services\__init___303.py,4E0C5E00EE8C9C14EE2A0164B7D6C7E6EA9DF694329E8EE5C025B94A6344C06F
C:\clean_rebuild\services\__init___304.py,3B9079A3FEFE1FF42DF0CFBF8456AE78B0CA6545BC3C92A6DDEC8F967EA6D9B9
C:\clean_rebuild\services\__init___305.py,AEC1BB6FB541A798606231610BC3618F127D9020D0120FB8E2EBB6ABF7CA259F
C:\clean_rebuild\services\__init___306.py,925342D11963180F1AD52B53DD07FAF0868A5C1D658DFE50BFFB60B674851F52
C:\clean_rebuild\services\__init___307.py,73A04B6B563506377D9F2A3850AD9368EB0CD5D2C0A0FF5FCF09C2E90D20848A
C:\clean_rebuild\services\__init___308.py,CADFCBE515EE1E01BEA5F3CA857060956DF5AF475858E57406DF1E10A90D26C7
C:\clean_rebuild\services\__init___309.py,99287A51EC5A626F78E123BD6DAB8F71092BD0C751E3783D49B260F3A94D452D
C:\clean_rebuild\services\__init___31.py,AF68E64E5600116ACFBE1208BDA0F3D27DCA1FF5E1984878153EACB1E51A31C4
C:\clean_rebuild\services\__init___310.py,503BB3F7D645F8E19204F1BE93A44080FBCE96699363F9FBBF85936C153EBB20
C:\clean_rebuild\services\__init___311.py,3259B49B578E485F2ACE94E9A766AEB77B7FB89A58835CC7AFE30507474D5128
C:\clean_rebuild\services\__init___312.py,D5DB53DEF969D45ACFFE773219CCB5FC9BFE205AE4E154FA50F87EDA24F3B29D
C:\clean_rebuild\services\__init___313.py,2CA4B53EE30310F8D81026EE6A8A6D0B50E9585373E92A2DD23C3E55076E58A7
C:\clean_rebuild\services\__init___314.py,48C33AF40F94CD7E4B0FA2714985CEF8CF6DE20AF0CD172A4805D7B8C5393D26
C:\clean_rebuild\services\__init___315.py,34B17185A767E75DD30177FC920560B82BE6CB35E73F5269567349B6A7C4AD7E
C:\clean_rebuild\services\__init___316.py,BD2F552B8D915D2B7A45B33CD20D6150566772B9FD286A14F6EC4B9506541584
C:\clean_rebuild\services\__init___317.py,E1366401665343B22A1B1D603BEFF5678DBA6E541B8E8D4DF4F0931DABA7B6FC
C:\clean_rebuild\services\__init___318.py,642BF13E1D1D3A900BCA1379B54F0CE0CF755BFBFDF951C19A7EB77B9A430329
C:\clean_rebuild\services\__init___319.py,A974FAFC8F7C41E1ED1A4242AF82B56B57960C4150059AEA5FBA50D4709E2689
C:\clean_rebuild\services\__init___32.py,35109FE0BE66C1129894BF74BBE6BEEEEB9344A95A4B166E2523D4B20ACDCECC
C:\clean_rebuild\services\__init___320.py,BF91B080F90EF9859B838E77546077F464B0791FD5CD6383B7DBB45F9DBF77F0
C:\clean_rebuild\services\__init___321.py,F9AEA5D035ECDAF00E8A67A5B1DD80AAD8BE4ED016106834F431F6921FC6C27C
C:\clean_rebuild\services\__init___322.py,8917FED883E70F07E66771DEB3884B703C576DAA0BE83E8184239DABF13813BF
C:\clean_rebuild\services\__init___323.py,5F773B98C79ECD0FE811694D2FA29891AD94A299F80F2AA1207AE7C2DEA62760
C:\clean_rebuild\services\__init___324.py,D3F318AA4704DF2B9CF2281896197688ACBD4B00F3AF82A83E034EDE0C2C9893
C:\clean_rebuild\services\__init___325.py,6E734BDAA4CE5D509B108C9B6514F3A89470669E4517020C9E56051407C88A9A
C:\clean_rebuild\services\__init___326.py,9EF4FC337BC8A925D689DA51E2252ECD702446BA07886FE186459E3C7E35B573
C:\clean_rebuild\services\__init___327.py,11B74772B4BB5EFB19EB5B3A39E7CEE8599560D7F55EEE569AD3B8643848C5E1
C:\clean_rebuild\services\__init___328.py,30C015D26CA3382E886B3DBBB9EE21E54A456D8783F765059E0857E62A048EE7
C:\clean_rebuild\services\__init___329.py,616288E1E91BB4034410D33480A4366CF529BA46787F268C73C4E7539F3A241D
C:\clean_rebuild\services\__init___33.py,002194751C6FE97B0697FB5B90DB62DC3A09B4C5CAF3442E9FABD14B949F20F0
C:\clean_rebuild\services\__init___330.py,F7D473934EFBC12E701A2ADEFE67217008ED246F6F6F04CB3D764A2D6AE1FC3E
C:\clean_rebuild\services\__init___331.py,9A2AC3A10ECE9237CE8A5614D16F4E6ABF0EFFF0899C65A63FF64689B899A4C5
C:\clean_rebuild\services\__init___332.py,F6DAB1B3CBD28767D79AB382F4537327EDD6129D50F228E31AE13EC0B7A02DC3
C:\clean_rebuild\services\__init___333.py,DED17BEDEBCB25EFEF8A251DB0E80400060D5B40157933EC17CA7E87046AA449
C:\clean_rebuild\services\__init___334.py,2D37B7217D7FDE2BFA0205897551760ED6FBEF669A171AF6C440240A6A91B588
C:\clean_rebuild\services\__init___335.py,F55ED641A0CD7D2CD46191D5C37827DD3B19314DA5D2F7E83A9FF39A9DA11535
C:\clean_rebuild\services\__init___336.py,A1BAE0A4724BC4FBEBE35ED9985617597516351595877CB7DF1998F96DDAACE0
C:\clean_rebuild\services\__init___337.py,7E2A1F6BA3685642B4E965B2B9A5402A1D4CF07365AB1E0440633A75951BA63F
C:\clean_rebuild\services\__init___338.py,A398B99B0185AA808AB2B294730B407F9A10E3C812A0088E23277918098FF904
C:\clean_rebuild\services\__init___339.py,E9901BBBA368A835898D83D60AD9FC3DA663BA500482CF91D179E0AB6675EF84
C:\clean_rebuild\services\__init___34.py,E8723C6CAEE9FC44646AD27B330DE363691D39887C26F31D5576B1FD78F86660
C:\clean_rebuild\services\__init___340.py,790616FBD5712AA6696139409FC79623E0CD24F7345AA67214B0B974FC803084
C:\clean_rebuild\services\__init___341.py,0ABDA683F32F8C1262CD0F6D406CAE57D83F43CFD67C46DEB7148F95018DB581
C:\clean_rebuild\services\__init___342.py,083086D2C556220DC470F54456E15BB34B4669FE2B2D776314EC3B9B49F09362
C:\clean_rebuild\services\__init___343.py,8BAD89724442DF4BD5AA252E5B5B5D856CE89C50E8FC300708000077648C8AE1
C:\clean_rebuild\services\__init___344.py,3A4667BCD8C481C2BA68D10FB386F1F5D14543FB7A78E72CD1BB9A4E1B5FCB10
C:\clean_rebuild\services\__init___345.py,40A7D6A5AFE03C9BC6BE5EDDD4B5BC8993373180572285EDEB2A4876DF07019E
C:\clean_rebuild\services\__init___346.py,9619663A3C6990776C1F59E02A289CA0E5062F62E1051FB2F72E0CB8B9ADCF06
C:\clean_rebuild\services\__init___347.py,805522BADCAF6AD8B3E3847404A6AA4D582F2E5C765CB1346EB34D27068430D2
C:\clean_rebuild\services\__init___348.py,1C1D02A92CF0D3AC868DB31BAC2ABB2EC88753847B7CB67D89687C5A039F308C
C:\clean_rebuild\services\__init___349.py,6874C11D75EE9FA9F479C76EB3C4E806F86CFB86628A7DB81EE35B27D657137A
C:\clean_rebuild\services\__init___35.py,C81FC72A4045886D5A3DAB1B3EF1DD6FFFB92B9FD4C1BCA3441B823209187B01
C:\clean_rebuild\services\__init___350.py,B8C868808C6707D0B8DBFD05BB3C06380074CD61D5D57B6AA263AEFE56AC63D8
C:\clean_rebuild\services\__init___351.py,46D97B5D981D4320C5BAB39FE2EF53587F1433CF98EA9342F667CDD503F93596
C:\clean_rebuild\services\__init___352.py,918D1AA2AFA5B9FFBF513F2F38FADBBF18DE57752B0A613CB4300D15EE643156
C:\clean_rebuild\services\__init___353.py,F59F701CF643761DEA8F2C4AF8B73B4C0585C0A98351CCA11C9E019DA3973DA8
C:\clean_rebuild\services\__init___354.py,78D497B9FE9B28AB92CD08092A22A8F86D9869331A154CD60CA2338C1D8BCB68
C:\clean_rebuild\services\__init___355.py,A55CD82F0F8443D7AE5259521A17FFCAC4AB7A06239752D55B042DC9190E5770
C:\clean_rebuild\services\__init___356.py,41DA6C48CFCC7A920A8D79E21582840A3BD6D68419AD78CC066DE4E05FCE7E24
C:\clean_rebuild\services\__init___357.py,5C3AF91E5E9B00850972E78F89873513E81A4486F81A607721157969A32B2245
C:\clean_rebuild\services\__init___358.py,7C0BD0C6876668354032CBE45C51DEB9427BBC9B202FCBA9CFBAD072271124B7
C:\clean_rebuild\services\__init___359.py,E961F0B18CA54EFF92DB03F9756323710AA0D12D7716BC70A2C6F5A7C7216164
C:\clean_rebuild\services\__init___36.py,9E2E1949A8CC2CBC0E40CCEFB1F47F5A7753BE42C8C0C2D8C1DBE4451808725F
C:\clean_rebuild\services\__init___360.py,28E88D4173EE869B314B5F319E4E38755DE86AE2607421DA06C6A8AAEBC3C6C4
C:\clean_rebuild\services\__init___361.py,62F744F147FDB2ED103FF6916182578A5327AE4593F16DA6D1DC5B14F30C832C
C:\clean_rebuild\services\__init___362.py,A7C261C738FA66E7B89197678083433EFD8D7250770ECDFE82DE747AE498BDA1
C:\clean_rebuild\services\__init___363.py,04D2705B16131FDEDAC8C076FA4A386A3383157365415FDF2783C9C2FFE3C041
C:\clean_rebuild\services\__init___364.py,45D8963358BFEB9079286494C46DC76423940A06F5FD1F571C5F3E50BD4DD94C
C:\clean_rebuild\services\__init___365.py,E01DF19773462BC74AEB01848F0AE9D69E47945EFA7604C9000704E579BFD5E2
C:\clean_rebuild\services\__init___366.py,788D5813A37EBE66CA547A0789B1137A8164F678B15AFF38E5B6085030833362
C:\clean_rebuild\services\__init___367.py,16D7DCCF1B36956C7E00424D9FD1EE8117649F75B5BE4439FDF907F3A8906685
C:\clean_rebuild\services\__init___368.py,D83245B8A36683DE3AED14DB2100E5AA77E382E8F10D93C164A5B3313F73B466
C:\clean_rebuild\services\__init___369.py,51E8FA104724E12D594E69F240C89852D13F31A0B71CD783DA9C82EDA756527C
C:\clean_rebuild\services\__init___37.py,60F69ED46C9C7D3D588BBA63BAE9E129E120F63029B074419866BD6FAF22421F
C:\clean_rebuild\services\__init___370.py,C14411FE8F24DCBCBFC99CD1EF01447C17ADF5BCEEFF3E1BC20E8E52EC8570B9
C:\clean_rebuild\services\__init___371.py,A2D004080834DF6A5CCF36334EC7C8A918D83A1238C896E256851B68084E529E
C:\clean_rebuild\services\__init___372.py,A28659B5D1A9859A0B420B9671A161E0CF8215E5BA97DD15EB84A675E49D139A
C:\clean_rebuild\services\__init___373.py,701E488CF7D17CB317F88111E27E0BCA32553CEF7A197E571290230B871ADC4E
C:\clean_rebuild\services\__init___374.py,99B96BCCC537C932964D9FF0BEE274F6369F8BB3BD0A243D89587B3B50C4BF1A
C:\clean_rebuild\services\__init___375.py,1D4F1D134D5BB86B22AF3DDAA46FEEF74BAA71C7CE0EA0C29DE3609366678F71
C:\clean_rebuild\services\__init___376.py,1D4F1D134D5BB86B22AF3DDAA46FEEF74BAA71C7CE0EA0C29DE3609366678F71
C:\clean_rebuild\services\__init___377.py,1D4F1D134D5BB86B22AF3DDAA46FEEF74BAA71C7CE0EA0C29DE3609366678F71
C:\clean_rebuild\services\__init___378.py,1D4F1D134D5BB86B22AF3DDAA46FEEF74BAA71C7CE0EA0C29DE3609366678F71
C:\clean_rebuild\services\__init___379.py,1D4F1D134D5BB86B22AF3DDAA46FEEF74BAA71C7CE0EA0C29DE3609366678F71
C:\clean_rebuild\services\__init___38.py,522B598F5EC342A8DFA397593B6DB63DB8F766CBEE4ADDDAE7D31485FDDE1561
C:\clean_rebuild\services\__init___380.py,B8F1697155C299746CEB2A9EB52BDA2959B5B33094A87002917B3CFE89C946AD
C:\clean_rebuild\services\__init___381.py,1D4F1D134D5BB86B22AF3DDAA46FEEF74BAA71C7CE0EA0C29DE3609366678F71
C:\clean_rebuild\services\__init___382.py,6A3BD6D6ACE8721C1A981E67A52A5B1B0B777B15B45649E404F7D28B3C89177A
C:\clean_rebuild\services\__init___383.py,5C74EA624C6C75258A0E35DEAC5441EBC8D5229A3EF9F12DF1DE4DDB785FEB7D
C:\clean_rebuild\services\__init___384.py,9BF053D2CAB458591B87F11E4239729FAF923D874C3D96F5A18465D743458125
C:\clean_rebuild\services\__init___385.py,263678A8FC17B2E0477E673BAE46EAD4F8FA190FA1C05662043063286442A2C7
C:\clean_rebuild\services\__init___386.py,34D8713F459B01C8818D7BFA4B0683D5BD40266BB2257D92AE6AEFC7485719FE
C:\clean_rebuild\services\__init___387.py,9642AD87790CB0D783281AE7A3E0E5E5E8204CC1873A77A1782856FE96426FD3
C:\clean_rebuild\services\__init___388.py,43DF72DB850E5F5751D022BDF01D02DFA07C7A6E10645A73E80F1ECCD2B02511
C:\clean_rebuild\services\__init___389.py,4F0851DBF4A1BBB6382C25E44447B1A4C6304EA44CAF1AA2410A9AB300EAC090
C:\clean_rebuild\services\__init___39.py,8F07CB8470F2FDEC718B0FB804B7C6480ED5A2B20F1291ED3E3951239764A668
C:\clean_rebuild\services\__init___390.py,E5418240CB13A8B7935C663C505A0D42DC227F1FA0E8DB0A18D798FC20864580
C:\clean_rebuild\services\__init___391.py,E6B761A020DD3ACF9DD282181E9D8A61F56FC02C4ED5B04D89AFA0F4EC447CCF
C:\clean_rebuild\services\__init___392.py,CF8B96DE1B1BBC53F45C08AFF1AE37F9225EA287F89133A3DC7603EA1863F166
C:\clean_rebuild\services\__init___393.py,EE7C30080FF905E460DF4367F456093ABE53B83472EC00CE82B1BC40C4ABE024
C:\clean_rebuild\services\__init___394.py,04409A45A42F8C38C436E898A24928F14F021320AAC8DF16C8ABB38927E0EACA
C:\clean_rebuild\services\__init___395.py,AF33A5846E697F3C9F31D94ACAE170196529F3A6FA910FDE20C6E2B0CC040DCA
C:\clean_rebuild\services\__init___396.py,BC8F8F9B29323F0EF2456F9E6C0AF17F17B93B2E5A0BE62FBE389A61A80B75D0
C:\clean_rebuild\services\__init___397.py,2E8A35B7280D321A89D9769C4BAA58FC6B793368E60C989FB94757923E9FEA76
C:\clean_rebuild\services\__init___398.py,3770B93D3388178D269AA2FE24D98AC1BEFA11A625634345C7F8213CDCF1E77A
C:\clean_rebuild\services\__init___399.py,60F69ED46C9C7D3D588BBA63BAE9E129E120F63029B074419866BD6FAF22421F
C:\clean_rebuild\services\__init___4.py,1F5F9DBF30CF46EE3E35DB286996BD56FCAB044E3567BB20EE587EF38AAF66E1
C:\clean_rebuild\services\__init___40.py,05CF4037E8DDCB174A4F48C71009F2E79D6358D8AC1147441A859304C545DE25
C:\clean_rebuild\services\__init___400.py,522B598F5EC342A8DFA397593B6DB63DB8F766CBEE4ADDDAE7D31485FDDE1561
C:\clean_rebuild\services\__init___401.py,8F07CB8470F2FDEC718B0FB804B7C6480ED5A2B20F1291ED3E3951239764A668
C:\clean_rebuild\services\__init___402.py,6E734BDAA4CE5D509B108C9B6514F3A89470669E4517020C9E56051407C88A9A
C:\clean_rebuild\services\__init___403.py,ED4574BAFD50E52C8FE376B9A2D6ED15818C004C040D13F1AAD0DC03110F266D
C:\clean_rebuild\services\__init___404.py,11B74772B4BB5EFB19EB5B3A39E7CEE8599560D7F55EEE569AD3B8643848C5E1
C:\clean_rebuild\services\__init___405.py,30C015D26CA3382E886B3DBBB9EE21E54A456D8783F765059E0857E62A048EE7
C:\clean_rebuild\services\__init___406.py,616288E1E91BB4034410D33480A4366CF529BA46787F268C73C4E7539F3A241D
C:\clean_rebuild\services\__init___407.py,F7D473934EFBC12E701A2ADEFE67217008ED246F6F6F04CB3D764A2D6AE1FC3E
C:\clean_rebuild\services\__init___408.py,9A2AC3A10ECE9237CE8A5614D16F4E6ABF0EFFF0899C65A63FF64689B899A4C5
C:\clean_rebuild\services\__init___409.py,80977DEAA5546EE0936D5638D73694DB0E0EFBF6B3D2B1FFA29F11FE53458DF6
C:\clean_rebuild\services\__init___41.py,495B021A0991B186C96CF573583314183CAF5F7546ABCDFEAA6929D25CC5007C
C:\clean_rebuild\services\__init___410.py,7FD58C154BE175687A325CBAAC4474AC8195893713C41CBB7AC8F07FEA49FE78
C:\clean_rebuild\services\__init___411.py,2D37B7217D7FDE2BFA0205897551760ED6FBEF669A171AF6C440240A6A91B588
C:\clean_rebuild\services\__init___412.py,F55ED641A0CD7D2CD46191D5C37827DD3B19314DA5D2F7E83A9FF39A9DA11535
C:\clean_rebuild\services\__init___413.py,A1BAE0A4724BC4FBEBE35ED9985617597516351595877CB7DF1998F96DDAACE0
C:\clean_rebuild\services\__init___414.py,7E2A1F6BA3685642B4E965B2B9A5402A1D4CF07365AB1E0440633A75951BA63F
C:\clean_rebuild\services\__init___415.py,C564E9FA6DD3E3544BA5410C10724281F7D7277E87A35617BE907749CC212BDD
C:\clean_rebuild\services\__init___416.py,E9901BBBA368A835898D83D60AD9FC3DA663BA500482CF91D179E0AB6675EF84
C:\clean_rebuild\services\__init___417.py,E23A186F9B116BDC30ECC0A1A9999FEACB970919B434BDDA3CB591A4B43E5E9B
C:\clean_rebuild\services\__init___418.py,5889C3DF00D0C82639C6006C821D99286F85DDBDEB451FEE8DF12E59ADD86F3B
C:\clean_rebuild\services\__init___419.py,083086D2C556220DC470F54456E15BB34B4669FE2B2D776314EC3B9B49F09362
C:\clean_rebuild\services\__init___42.py,05CF4037E8DDCB174A4F48C71009F2E79D6358D8AC1147441A859304C545DE25
C:\clean_rebuild\services\__init___420.py,18A5551B1D408AF83235E7E3E92B37C97DA69CDF9DE7DF553B34CC4BDFC72471
C:\clean_rebuild\services\__init___421.py,AF9AF4BD392FDB083DEA5BD93DCC38C8293808D8272726B8B9EB47C0C2A305C7
C:\clean_rebuild\services\__init___422.py,1C1D02A92CF0D3AC868DB31BAC2ABB2EC88753847B7CB67D89687C5A039F308C
C:\clean_rebuild\services\__init___423.py,7CA3E1F1DB328A5943CE5425A25029066231EBD962821772306EAB6CC23F1013
C:\clean_rebuild\services\__init___424.py,A641E1A21C0EBF1105F0422FF919816CBCB8D88CC1D2D8D332E2BB40498523F7
C:\clean_rebuild\services\__init___425.py,9E4277A7BFDEB271ED4D777D0F8B2FF078CB30B17D8EA9A5451437143E76962C
C:\clean_rebuild\services\__init___426.py,3792290F5401F5D06997E475602F44A1C369AD3603F7F087A111532050238223
C:\clean_rebuild\services\__init___427.py,61B51628B0EE51277E35DA811159A28DC706BD717A24168DD68299F126956E93
C:\clean_rebuild\services\__init___428.py,78499D6918DD107C19202A0256DF12166DC81551D1E3A580D80EA58E2723C22F
C:\clean_rebuild\services\__init___429.py,F6C1CA7224F0815A22E7BDFAF53211A6D9AE69F046796B731BAF8EFD264754ED
C:\clean_rebuild\services\__init___43.py,E2CDBE5F8C1353297F84C6791D6F00F9E2087E47AA8978BA637828AF27429042
C:\clean_rebuild\services\__init___430.py,920D844F8A1FC6F1688957FB363647EC800DBAD0B371CA09CF17365771F3841D
C:\clean_rebuild\services\__init___431.py,632725F0E378EFC6D606EF443F030E311156A771E9830CC1B0B5545AC2751370
C:\clean_rebuild\services\__init___432.py,C124D2208B3E6593408501BA53D96A88CFC5482818D535C516951345EC7805B5
C:\clean_rebuild\services\__init___433.py,AA1BD7F74F5E451CCD6F0860E78806910763672C8980FEC6EA8698834B19977C
C:\clean_rebuild\services\__init___434.py,20296676E07A4971ADEBEE0C1B00DE4FDF66B1558888995DE927272099D20E6C
C:\clean_rebuild\services\__init___435.py,A7C261C738FA66E7B89197678083433EFD8D7250770ECDFE82DE747AE498BDA1
C:\clean_rebuild\services\__init___436.py,AC258A2A5AF2D4EFC53D6D4D345FAC13BE323EC56445A5FDBA73E029BE74FDC6
C:\clean_rebuild\services\__init___437.py,45D8963358BFEB9079286494C46DC76423940A06F5FD1F571C5F3E50BD4DD94C
C:\clean_rebuild\services\__init___438.py,E01DF19773462BC74AEB01848F0AE9D69E47945EFA7604C9000704E579BFD5E2
C:\clean_rebuild\services\__init___439.py,6AE8006D92BE52CF9D8F9EB5718FEFD0FE13FEACB2EA829BCB6C9024EE543C13
C:\clean_rebuild\services\__init___44.py,92A8DB8B57EA1D0032F423EA841813DCB7213D5D56699C329EAB92B4E5C93BA6
C:\clean_rebuild\services\__init___440.py,0C88A7ED937BBD8F3497CBED9857AFF1946C4AA33501CAE75D1D1F9B556979D8
C:\clean_rebuild\services\__init___441.py,51E8FA104724E12D594E69F240C89852D13F31A0B71CD783DA9C82EDA756527C
C:\clean_rebuild\services\__init___442.py,C14411FE8F24DCBCBFC99CD1EF01447C17ADF5BCEEFF3E1BC20E8E52EC8570B9
C:\clean_rebuild\services\__init___443.py,6E734BDAA4CE5D509B108C9B6514F3A89470669E4517020C9E56051407C88A9A
C:\clean_rebuild\services\__init___444.py,6E734BDAA4CE5D509B108C9B6514F3A89470669E4517020C9E56051407C88A9A
C:\clean_rebuild\services\__init___445.py,ED4574BAFD50E52C8FE376B9A2D6ED15818C004C040D13F1AAD0DC03110F266D
C:\clean_rebuild\services\__init___446.py,11B74772B4BB5EFB19EB5B3A39E7CEE8599560D7F55EEE569AD3B8643848C5E1
C:\clean_rebuild\services\__init___447.py,30C015D26CA3382E886B3DBBB9EE21E54A456D8783F765059E0857E62A048EE7
C:\clean_rebuild\services\__init___448.py,616288E1E91BB4034410D33480A4366CF529BA46787F268C73C4E7539F3A241D
C:\clean_rebuild\services\__init___449.py,F7D473934EFBC12E701A2ADEFE67217008ED246F6F6F04CB3D764A2D6AE1FC3E
C:\clean_rebuild\services\__init___45.py,4582A18558BBAAD43F6017DD2B7A7A51C5549216116DBA94722977F0886971A3
C:\clean_rebuild\services\__init___450.py,9A2AC3A10ECE9237CE8A5614D16F4E6ABF0EFFF0899C65A63FF64689B899A4C5
C:\clean_rebuild\services\__init___451.py,80977DEAA5546EE0936D5638D73694DB0E0EFBF6B3D2B1FFA29F11FE53458DF6
C:\clean_rebuild\services\__init___452.py,7FD58C154BE175687A325CBAAC4474AC8195893713C41CBB7AC8F07FEA49FE78
C:\clean_rebuild\services\__init___453.py,2D37B7217D7FDE2BFA0205897551760ED6FBEF669A171AF6C440240A6A91B588
C:\clean_rebuild\services\__init___454.py,F55ED641A0CD7D2CD46191D5C37827DD3B19314DA5D2F7E83A9FF39A9DA11535
C:\clean_rebuild\services\__init___455.py,A1BAE0A4724BC4FBEBE35ED9985617597516351595877CB7DF1998F96DDAACE0
C:\clean_rebuild\services\__init___456.py,7E2A1F6BA3685642B4E965B2B9A5402A1D4CF07365AB1E0440633A75951BA63F
C:\clean_rebuild\services\__init___457.py,C564E9FA6DD3E3544BA5410C10724281F7D7277E87A35617BE907749CC212BDD
C:\clean_rebuild\services\__init___458.py,E9901BBBA368A835898D83D60AD9FC3DA663BA500482CF91D179E0AB6675EF84
C:\clean_rebuild\services\__init___459.py,E23A186F9B116BDC30ECC0A1A9999FEACB970919B434BDDA3CB591A4B43E5E9B
C:\clean_rebuild\services\__init___46.py,7A2C80060EDA648F46EA721F25BA301F4858F854ED638BE817B0FD68D5F4EA33
C:\clean_rebuild\services\__init___460.py,5889C3DF00D0C82639C6006C821D99286F85DDBDEB451FEE8DF12E59ADD86F3B
C:\clean_rebuild\services\__init___461.py,083086D2C556220DC470F54456E15BB34B4669FE2B2D776314EC3B9B49F09362
C:\clean_rebuild\services\__init___462.py,18A5551B1D408AF83235E7E3E92B37C97DA69CDF9DE7DF553B34CC4BDFC72471
C:\clean_rebuild\services\__init___463.py,AF9AF4BD392FDB083DEA5BD93DCC38C8293808D8272726B8B9EB47C0C2A305C7
C:\clean_rebuild\services\__init___464.py,1C1D02A92CF0D3AC868DB31BAC2ABB2EC88753847B7CB67D89687C5A039F308C
C:\clean_rebuild\services\__init___465.py,7CA3E1F1DB328A5943CE5425A25029066231EBD962821772306EAB6CC23F1013
C:\clean_rebuild\services\__init___466.py,A641E1A21C0EBF1105F0422FF919816CBCB8D88CC1D2D8D332E2BB40498523F7
C:\clean_rebuild\services\__init___467.py,9E4277A7BFDEB271ED4D777D0F8B2FF078CB30B17D8EA9A5451437143E76962C
C:\clean_rebuild\services\__init___468.py,3792290F5401F5D06997E475602F44A1C369AD3603F7F087A111532050238223
C:\clean_rebuild\services\__init___469.py,61B51628B0EE51277E35DA811159A28DC706BD717A24168DD68299F126956E93
C:\clean_rebuild\services\__init___47.py,15F2B26649785A3F1F01368FDB4A5B937551A89F5B7A0A6CA16EEF713BC8CF87
C:\clean_rebuild\services\__init___470.py,78499D6918DD107C19202A0256DF12166DC81551D1E3A580D80EA58E2723C22F
C:\clean_rebuild\services\__init___471.py,F6C1CA7224F0815A22E7BDFAF53211A6D9AE69F046796B731BAF8EFD264754ED
C:\clean_rebuild\services\__init___472.py,920D844F8A1FC6F1688957FB363647EC800DBAD0B371CA09CF17365771F3841D
C:\clean_rebuild\services\__init___473.py,632725F0E378EFC6D606EF443F030E311156A771E9830CC1B0B5545AC2751370
C:\clean_rebuild\services\__init___474.py,C124D2208B3E6593408501BA53D96A88CFC5482818D535C516951345EC7805B5
C:\clean_rebuild\services\__init___475.py,AA1BD7F74F5E451CCD6F0860E78806910763672C8980FEC6EA8698834B19977C
C:\clean_rebuild\services\__init___476.py,20296676E07A4971ADEBEE0C1B00DE4FDF66B1558888995DE927272099D20E6C
C:\clean_rebuild\services\__init___477.py,A7C261C738FA66E7B89197678083433EFD8D7250770ECDFE82DE747AE498BDA1
C:\clean_rebuild\services\__init___478.py,AC258A2A5AF2D4EFC53D6D4D345FAC13BE323EC56445A5FDBA73E029BE74FDC6
C:\clean_rebuild\services\__init___479.py,45D8963358BFEB9079286494C46DC76423940A06F5FD1F571C5F3E50BD4DD94C
C:\clean_rebuild\services\__init___48.py,FF1650203D8A972E4830229D0C913126549D224D7096F819756B7B7CDE175442
C:\clean_rebuild\services\__init___480.py,E01DF19773462BC74AEB01848F0AE9D69E47945EFA7604C9000704E579BFD5E2
C:\clean_rebuild\services\__init___481.py,6AE8006D92BE52CF9D8F9EB5718FEFD0FE13FEACB2EA829BCB6C9024EE543C13
C:\clean_rebuild\services\__init___482.py,0C88A7ED937BBD8F3497CBED9857AFF1946C4AA33501CAE75D1D1F9B556979D8
C:\clean_rebuild\services\__init___483.py,51E8FA104724E12D594E69F240C89852D13F31A0B71CD783DA9C82EDA756527C
C:\clean_rebuild\services\__init___484.py,C14411FE8F24DCBCBFC99CD1EF01447C17ADF5BCEEFF3E1BC20E8E52EC8570B9
C:\clean_rebuild\services\__init___485.py,6E734BDAA4CE5D509B108C9B6514F3A89470669E4517020C9E56051407C88A9A
C:\clean_rebuild\services\__init___486.py,6E734BDAA4CE5D509B108C9B6514F3A89470669E4517020C9E56051407C88A9A
C:\clean_rebuild\services\__init___487.py,960F974546C6F08C8E6385C5B402738B870074252A98DF0895751F48EDC13728
C:\clean_rebuild\services\__init___488.py,08AF5C65054BC9EBB6EFE0D06A2CE85B197A22C668D4837973DDDC41E9D74E36
C:\clean_rebuild\services\__init___489.py,EC615CDC914ACD4C6A26E505A99AC272760D1B06A234FA3F7796B536D16A25A9
C:\clean_rebuild\services\__init___49.py,53BD44B9A64157BF93AE9182E4B70943CA14DA6ADB5CE0374E178E9035FBEFC4
C:\clean_rebuild\services\__init___490.py,50902AD99F2D495C9F5E81AD5DB37353B29B0F508C2225683BACD376CE77C030
C:\clean_rebuild\services\__init___491.py,E4F6B3FB3A02658D65CE391E8F63DE58AECBC659153A4A6F69312644D42D11F1
C:\clean_rebuild\services\__init___492.py,D0D4FC3078BB48AAB78EE32A61F39DAE4CE38AC2B42FBDE59DE3471F8A9A500B
C:\clean_rebuild\services\__init___493.py,77D314C7ED55FEA0F7C7D8A0232E094F8A02E42534CA3BA593B4326567911618
C:\clean_rebuild\services\__init___494.py,BB4FF7AF92AA9F532A0BF7A1DF4D6B3D058BD6752B4613EEC7B015B13391E26A
C:\clean_rebuild\services\__init___495.py,7CA3E1F1DB328A5943CE5425A25029066231EBD962821772306EAB6CC23F1013
C:\clean_rebuild\services\__init___496.py,C65202CDD12DEC9D23A34F6E4A0A420AF28B891925A1C188AD6A77939197D671
C:\clean_rebuild\services\__init___497.py,642BF13E1D1D3A900BCA1379B54F0CE0CF755BFBFDF951C19A7EB77B9A430329
C:\clean_rebuild\services\__init___498.py,A974FAFC8F7C41E1ED1A4242AF82B56B57960C4150059AEA5FBA50D4709E2689
C:\clean_rebuild\services\__init___499.py,6F7DF025B5EE5617DCB6EBD6388C480FC6B26CD2D4F81EC8714EEEE09B999984
C:\clean_rebuild\services\__init___5.py,911E3EDF44E489A29DB3EDB34E451DD15CF8523E611A6BE592B680A6D7320E45
C:\clean_rebuild\services\__init___50.py,FCC88D6AEC270DF23613481DCCD21A75D2AE85140BCC2EA001DE557E29C6B1C9
C:\clean_rebuild\services\__init___500.py,ED4574BAFD50E52C8FE376B9A2D6ED15818C004C040D13F1AAD0DC03110F266D
C:\clean_rebuild\services\__init___501.py,11B74772B4BB5EFB19EB5B3A39E7CEE8599560D7F55EEE569AD3B8643848C5E1
C:\clean_rebuild\services\__init___502.py,30C015D26CA3382E886B3DBBB9EE21E54A456D8783F765059E0857E62A048EE7
C:\clean_rebuild\services\__init___503.py,616288E1E91BB4034410D33480A4366CF529BA46787F268C73C4E7539F3A241D
C:\clean_rebuild\services\__init___504.py,F7D473934EFBC12E701A2ADEFE67217008ED246F6F6F04CB3D764A2D6AE1FC3E
C:\clean_rebuild\services\__init___505.py,9A2AC3A10ECE9237CE8A5614D16F4E6ABF0EFFF0899C65A63FF64689B899A4C5
C:\clean_rebuild\services\__init___506.py,80977DEAA5546EE0936D5638D73694DB0E0EFBF6B3D2B1FFA29F11FE53458DF6
C:\clean_rebuild\services\__init___507.py,7FD58C154BE175687A325CBAAC4474AC8195893713C41CBB7AC8F07FEA49FE78
C:\clean_rebuild\services\__init___508.py,2D37B7217D7FDE2BFA0205897551760ED6FBEF669A171AF6C440240A6A91B588
C:\clean_rebuild\services\__init___509.py,F55ED641A0CD7D2CD46191D5C37827DD3B19314DA5D2F7E83A9FF39A9DA11535
C:\clean_rebuild\services\__init___51.py,B6EA1C94F600BB2A03EC21AC6489A6081B112C03ED8182651A34DB4E4D54C254
C:\clean_rebuild\services\__init___510.py,A1BAE0A4724BC4FBEBE35ED9985617597516351595877CB7DF1998F96DDAACE0
C:\clean_rebuild\services\__init___511.py,7E2A1F6BA3685642B4E965B2B9A5402A1D4CF07365AB1E0440633A75951BA63F
C:\clean_rebuild\services\__init___512.py,C564E9FA6DD3E3544BA5410C10724281F7D7277E87A35617BE907749CC212BDD
C:\clean_rebuild\services\__init___513.py,E9901BBBA368A835898D83D60AD9FC3DA663BA500482CF91D179E0AB6675EF84
C:\clean_rebuild\services\__init___514.py,E23A186F9B116BDC30ECC0A1A9999FEACB970919B434BDDA3CB591A4B43E5E9B
C:\clean_rebuild\services\__init___515.py,5889C3DF00D0C82639C6006C821D99286F85DDBDEB451FEE8DF12E59ADD86F3B
C:\clean_rebuild\services\__init___516.py,083086D2C556220DC470F54456E15BB34B4669FE2B2D776314EC3B9B49F09362
C:\clean_rebuild\services\__init___517.py,18A5551B1D408AF83235E7E3E92B37C97DA69CDF9DE7DF553B34CC4BDFC72471
C:\clean_rebuild\services\__init___518.py,AF9AF4BD392FDB083DEA5BD93DCC38C8293808D8272726B8B9EB47C0C2A305C7
C:\clean_rebuild\services\__init___519.py,1C1D02A92CF0D3AC868DB31BAC2ABB2EC88753847B7CB67D89687C5A039F308C
C:\clean_rebuild\services\__init___52.py,86E04877D141B70EBC126A9A5712B9EBB82A328335A34F9B9396BC5340B74C65
C:\clean_rebuild\services\__init___520.py,7CA3E1F1DB328A5943CE5425A25029066231EBD962821772306EAB6CC23F1013
C:\clean_rebuild\services\__init___521.py,A641E1A21C0EBF1105F0422FF919816CBCB8D88CC1D2D8D332E2BB40498523F7
C:\clean_rebuild\services\__init___522.py,9E4277A7BFDEB271ED4D777D0F8B2FF078CB30B17D8EA9A5451437143E76962C
C:\clean_rebuild\services\__init___523.py,3792290F5401F5D06997E475602F44A1C369AD3603F7F087A111532050238223
C:\clean_rebuild\services\__init___524.py,61B51628B0EE51277E35DA811159A28DC706BD717A24168DD68299F126956E93
C:\clean_rebuild\services\__init___525.py,78499D6918DD107C19202A0256DF12166DC81551D1E3A580D80EA58E2723C22F
C:\clean_rebuild\services\__init___526.py,F6C1CA7224F0815A22E7BDFAF53211A6D9AE69F046796B731BAF8EFD264754ED
C:\clean_rebuild\services\__init___527.py,920D844F8A1FC6F1688957FB363647EC800DBAD0B371CA09CF17365771F3841D
C:\clean_rebuild\services\__init___528.py,632725F0E378EFC6D606EF443F030E311156A771E9830CC1B0B5545AC2751370
C:\clean_rebuild\services\__init___529.py,C124D2208B3E6593408501BA53D96A88CFC5482818D535C516951345EC7805B5
C:\clean_rebuild\services\__init___53.py,2DA50D8BCFAB8C36CF13999BF000D62B6667284D87BD16FC5E699D317404FAE2
C:\clean_rebuild\services\__init___530.py,AA1BD7F74F5E451CCD6F0860E78806910763672C8980FEC6EA8698834B19977C
C:\clean_rebuild\services\__init___531.py,20296676E07A4971ADEBEE0C1B00DE4FDF66B1558888995DE927272099D20E6C
C:\clean_rebuild\services\__init___532.py,A7C261C738FA66E7B89197678083433EFD8D7250770ECDFE82DE747AE498BDA1
C:\clean_rebuild\services\__init___533.py,AC258A2A5AF2D4EFC53D6D4D345FAC13BE323EC56445A5FDBA73E029BE74FDC6
C:\clean_rebuild\services\__init___534.py,45D8963358BFEB9079286494C46DC76423940A06F5FD1F571C5F3E50BD4DD94C
C:\clean_rebuild\services\__init___535.py,E01DF19773462BC74AEB01848F0AE9D69E47945EFA7604C9000704E579BFD5E2
C:\clean_rebuild\services\__init___536.py,6AE8006D92BE52CF9D8F9EB5718FEFD0FE13FEACB2EA829BCB6C9024EE543C13
C:\clean_rebuild\services\__init___537.py,0C88A7ED937BBD8F3497CBED9857AFF1946C4AA33501CAE75D1D1F9B556979D8
C:\clean_rebuild\services\__init___538.py,51E8FA104724E12D594E69F240C89852D13F31A0B71CD783DA9C82EDA756527C
C:\clean_rebuild\services\__init___539.py,C14411FE8F24DCBCBFC99CD1EF01447C17ADF5BCEEFF3E1BC20E8E52EC8570B9
C:\clean_rebuild\services\__init___54.py,C65202CDD12DEC9D23A34F6E4A0A420AF28B891925A1C188AD6A77939197D671
C:\clean_rebuild\services\__init___540.py,11C816C31304A20961ED7A3F8C037BF6CAE3C8F335BC8B22BDA0D2014B415D43
C:\clean_rebuild\services\__init___541.py,46D97B5D981D4320C5BAB39FE2EF53587F1433CF98EA9342F667CDD503F93596
C:\clean_rebuild\services\__init___542.py,ECDB9F251190F55E961CBC44AC073AD9A2F1670FF3E72BA2D263A7ABF52F4EF0
C:\clean_rebuild\services\__init___543.py,94E3C2E33CF6DE00CBAFC90E5A3688383A160175A8AA4373760CA98D3681D391
C:\clean_rebuild\services\__init___544.py,2A7E8B38E9304692087BECEF0F63D4FB3E603D31605242C6C6DED4370500B143
C:\clean_rebuild\services\__init___545.py,43DF72DB850E5F5751D022BDF01D02DFA07C7A6E10645A73E80F1ECCD2B02511
C:\clean_rebuild\services\__init___546.py,266DFC6BF35AB27212A27C13121B20EF6E4D17F9846F4B7413C224D68E5A89A9
C:\clean_rebuild\services\__init___547.py,A50D97827FEA2277D8C282362C8710A3DA6DE0D9DB475ACCD735B96BBB95DCC5
C:\clean_rebuild\services\__init___548.py,87827999DB13431E3F5816D399703DD65B86E3613667C6A9702CEF49E1470288
C:\clean_rebuild\services\__init___549.py,48A034F188FB3840203B259C9AA9AC38D7F3AAA30AD51DDDDF5E02BD7C7EE89F
C:\clean_rebuild\services\__init___55.py,7973C980182854BDF27209F14578A7748F78A851DC7C796A3E2F830638804644
C:\clean_rebuild\services\__init___550.py,48A034F188FB3840203B259C9AA9AC38D7F3AAA30AD51DDDDF5E02BD7C7EE89F
C:\clean_rebuild\services\__init___551.py,48A034F188FB3840203B259C9AA9AC38D7F3AAA30AD51DDDDF5E02BD7C7EE89F
C:\clean_rebuild\services\__init___552.py,48A034F188FB3840203B259C9AA9AC38D7F3AAA30AD51DDDDF5E02BD7C7EE89F
C:\clean_rebuild\services\__init___553.py,48A034F188FB3840203B259C9AA9AC38D7F3AAA30AD51DDDDF5E02BD7C7EE89F
C:\clean_rebuild\services\__init___554.py,741B582911D9BCA0F4D041AC9B86C079CC5CEF68100B8F6B66F2174F7930D118
C:\clean_rebuild\services\__init___555.py,741B582911D9BCA0F4D041AC9B86C079CC5CEF68100B8F6B66F2174F7930D118
C:\clean_rebuild\services\__init___556.py,741B582911D9BCA0F4D041AC9B86C079CC5CEF68100B8F6B66F2174F7930D118
C:\clean_rebuild\services\__init___557.py,48A034F188FB3840203B259C9AA9AC38D7F3AAA30AD51DDDDF5E02BD7C7EE89F
C:\clean_rebuild\services\__init___558.py,48A034F188FB3840203B259C9AA9AC38D7F3AAA30AD51DDDDF5E02BD7C7EE89F
C:\clean_rebuild\services\__init___559.py,48A034F188FB3840203B259C9AA9AC38D7F3AAA30AD51DDDDF5E02BD7C7EE89F
C:\clean_rebuild\services\__init___56.py,23A544F9EC4970275F3AEB65AF533F34029A9039B72E1A821C9D88F3F0D1E9F7
C:\clean_rebuild\services\__init___560.py,48A034F188FB3840203B259C9AA9AC38D7F3AAA30AD51DDDDF5E02BD7C7EE89F
C:\clean_rebuild\services\__init___561.py,48A034F188FB3840203B259C9AA9AC38D7F3AAA30AD51DDDDF5E02BD7C7EE89F
C:\clean_rebuild\services\__init___562.py,48A034F188FB3840203B259C9AA9AC38D7F3AAA30AD51DDDDF5E02BD7C7EE89F
C:\clean_rebuild\services\__init___563.py,48A034F188FB3840203B259C9AA9AC38D7F3AAA30AD51DDDDF5E02BD7C7EE89F
C:\clean_rebuild\services\__init___564.py,48A034F188FB3840203B259C9AA9AC38D7F3AAA30AD51DDDDF5E02BD7C7EE89F
C:\clean_rebuild\services\__init___565.py,48A034F188FB3840203B259C9AA9AC38D7F3AAA30AD51DDDDF5E02BD7C7EE89F
C:\clean_rebuild\services\__init___566.py,7B217E0BFFDE86CE7681A9424EE8DC86637DAA127AAC3104BB6A5945EA6DC721
C:\clean_rebuild\services\__init___567.py,069D8127BB61310602C345609730B7DF082ECFF0160FAA847EA53840F29AB985
C:\clean_rebuild\services\__init___568.py,794B7C049B68765030738C057B38B8BE030439ED19115F63EB3264CE98C61F97
C:\clean_rebuild\services\__init___569.py,46FB0BC085AD9E9CE40E08FA59243A5D60D64AC495E17386F6640A73A038EF62
C:\clean_rebuild\services\__init___57.py,6E2CA7FFC01B9941953C5BC20C8D551E95B61AD6A7242C15D1E2F44B514CF467
C:\clean_rebuild\services\__init___570.py,46D97B5D981D4320C5BAB39FE2EF53587F1433CF98EA9342F667CDD503F93596
C:\clean_rebuild\services\__init___571.py,85864E762F9734A2D9CFF2E98B88CCCE75408536746EA5046B3694542CB58A57
C:\clean_rebuild\services\__init___572.py,2C7F6EC81A189906A44EE9491F71E691FFCE5A88D7B056BC69DF137676CF1903
C:\clean_rebuild\services\__init___573.py,39859BE620A1983F8364ED277C69ACEFAA9C97CED9C3A4819B3303CD1FB7BF1E
C:\clean_rebuild\services\__init___574.py,6047C987514C628446AE4510751A41AC1425BC318A7C64650B99E2D6678C8CF2
C:\clean_rebuild\services\__init___575.py,CA1E4ED558E507CD68AD56A404F56375FA671EB0A9540A4DB6C397ADE5249411
C:\clean_rebuild\services\__init___576.py,31B325918FA78B0AB1637B63B8841C40BA54D1B2EB6A28104D8528314FE8DDE4
C:\clean_rebuild\services\__init___577.py,9A139CF6BF38BB2D9AD57549EA7653AAE8CEE6D5B2A461FDD1797F97648CCB5C
C:\clean_rebuild\services\__init___578.py,311D5B47FF77C03146CA5045A77C9F14F53C7E612489666BCFA94B89001189DB
C:\clean_rebuild\services\__init___579.py,EE264F7C9E99D1C08D3E7363A3D3B8233B1574124F52D10564F9E84BDAFFD22E
C:\clean_rebuild\services\__init___58.py,B7FF4EECD08750DB0BC851C2F1019AEEBE524AC97F3F4DCB731443BAD7458CC4
C:\clean_rebuild\services\__init___580.py,E25F44D8C51117BFDE4A1694FD9ED1AF5467468DCB55EB6B513731AC966AE2B5
C:\clean_rebuild\services\__init___581.py,04409A45A42F8C38C436E898A24928F14F021320AAC8DF16C8ABB38927E0EACA
C:\clean_rebuild\services\__init___582.py,AF33A5846E697F3C9F31D94ACAE170196529F3A6FA910FDE20C6E2B0CC040DCA
C:\clean_rebuild\services\__init___583.py,BC8F8F9B29323F0EF2456F9E6C0AF17F17B93B2E5A0BE62FBE389A61A80B75D0
C:\clean_rebuild\services\__init___584.py,2E8A35B7280D321A89D9769C4BAA58FC6B793368E60C989FB94757923E9FEA76
C:\clean_rebuild\services\__init___585.py,EAB513977360FC97BCABF3095D28339B2DB9A158084544F2CA886367E6B97F0B
C:\clean_rebuild\services\__init___586.py,8276756BCAA1AD65550A569FEE51AA91255000F3E6F9C499DE4DF9DB97E8CDA6
C:\clean_rebuild\services\__init___587.py,1DD41A4213959024794495512971B95E66FA70CA4084B68A8118A4611CCEEB81
C:\clean_rebuild\services\__init___588.py,552E6644FEE84B791709C5D7EC5DEF3D42E65CF162E1573229B9EFF0B935F0C6
C:\clean_rebuild\services\__init___589.py,F2E95651D73E1812D134DAF33B066FD4B01DE6B8B53D6412B32B292D401D81FC
C:\clean_rebuild\services\__init___59.py,671ABC62358B11208B22E1CF5E9ED9B1E607D9F9A8AE7F25638306E89598D945
C:\clean_rebuild\services\__init___590.py,6E734BDAA4CE5D509B108C9B6514F3A89470669E4517020C9E56051407C88A9A
C:\clean_rebuild\services\__init___591.py,6E734BDAA4CE5D509B108C9B6514F3A89470669E4517020C9E56051407C88A9A
C:\clean_rebuild\services\__init___592.py,A72482B3B20EBDC6D84B7CAE60D289182DCA2F61F088DE97E13F9C3EC43CDFE3
C:\clean_rebuild\services\__init___6.py,8B31F038650D67EF9C9FFCD7A1047E08F9CC22856928AC0D6D902802D355D2BD
C:\clean_rebuild\services\__init___60.py,811AE80BA5E8BA6B02AC4CDFEB36B11BE65A8D763F802F06EE329516A40113AE
C:\clean_rebuild\services\__init___61.py,29B8AC8559A40EAFC146BB6C48B5952453ED6D970DC994D3045EECCCC0D571B4
C:\clean_rebuild\services\__init___62.py,37308933DEFE64B6CC786C9FE202A3381A2D8741BA36706533B33CB4C22D376F
C:\clean_rebuild\services\__init___63.py,C80FBC1356F41132463B6E37D71AE92CAEF912CDBBFE620D9A6544CE076A9C75
C:\clean_rebuild\services\__init___64.py,4497C091F192B24A803E645E6C3964F5DDC1AA6B689A8B1C359027A672216028
C:\clean_rebuild\services\__init___65.py,4C83AA63D8E48DD34B26B31B82D76F64FFB2BB023FF1E5DF8C6F4EA6841D616D
C:\clean_rebuild\services\__init___66.py,0FFACFB052B622E7AAE9D748982B6AE90CC0F73FCAB88CB74009EE460D16E714
C:\clean_rebuild\services\__init___67.py,5995BFA781EA596923EA602FF56DBFC941E047C2B81DF8C3E1C8C335ADE97B6E
C:\clean_rebuild\services\__init___68.py,1A2B0FF393D50896D04E8A0B7DF6341042C195E549E9AE10213DE1FCBF3CB187
C:\clean_rebuild\services\__init___69.py,0D5F8A7415F5B9BBF63508770F59FD51D3DD84023AE2AA6E9851FCCF26355006
C:\clean_rebuild\services\__init___7.py,0E17B221246219C4F632FFA365E17BC0216B92A1BA301CAD791AEC62FE61E9DD
C:\clean_rebuild\services\__init___70.py,1F5F9DBF30CF46EE3E35DB286996BD56FCAB044E3567BB20EE587EF38AAF66E1
C:\clean_rebuild\services\__init___71.py,911E3EDF44E489A29DB3EDB34E451DD15CF8523E611A6BE592B680A6D7320E45
C:\clean_rebuild\services\__init___72.py,8B31F038650D67EF9C9FFCD7A1047E08F9CC22856928AC0D6D902802D355D2BD
C:\clean_rebuild\services\__init___73.py,0E17B221246219C4F632FFA365E17BC0216B92A1BA301CAD791AEC62FE61E9DD
C:\clean_rebuild\services\__init___74.py,46A22DA6609FA67A306C2611D7C8ACA7263AD2789FD8CB2475EF18822476373B
C:\clean_rebuild\services\__init___75.py,3A4667BCD8C481C2BA68D10FB386F1F5D14543FB7A78E72CD1BB9A4E1B5FCB10
C:\clean_rebuild\services\__init___76.py,A80359F51323DB70D28DA783832A1764C47C68810AA9B8072ED99BBBA629E7E0
C:\clean_rebuild\services\__init___77.py,66FEB4B3646E6E22F91ED29E8E2166468DD91A3457AC05B1D24E7542F2194690
C:\clean_rebuild\services\__init___78.py,FE308005F0B9C4E00E0180B8B32F40A4E06074837C43E535166700717A4FFA87
C:\clean_rebuild\services\__init___79.py,626F897CC50CB85B858A8D2F22AF4C84C52F8D276117B602B1DD19620D238F54
C:\clean_rebuild\services\__init___8.py,46A22DA6609FA67A306C2611D7C8ACA7263AD2789FD8CB2475EF18822476373B
C:\clean_rebuild\services\__init___80.py,8554B5E3D1EE2E97016718AB79548F4194182472E6800AE545CB3B4933FB8406
C:\clean_rebuild\services\__init___81.py,A918F3E95C6BD964BE6D07001833CFE3198CA69973ACC152F0D2042799BF1EDB
C:\clean_rebuild\services\__init___82.py,52069AEEFB58DAD898781D8BDE183FFDA18FAAE11F17ACE8CE83368CAB863FB1
C:\clean_rebuild\services\__init___83.py,32D649FEF124AC779AA4AC6A0CF379F280BF618704CD0D783A23F2D17FB24CB7
C:\clean_rebuild\services\__init___84.py,29A018D53663B7AB7E7EA0565C287ABC0AD108F8099E8DC85FCE727A91ABF984
C:\clean_rebuild\services\__init___85.py,2E725071F5BAC2ED60F24F7C613098DC1574C8035368F771AAEEF54937B95E4F
C:\clean_rebuild\services\__init___86.py,AD5B2E030E978D470451A62023D68C6E639800281C84E54A53969D2B9ACB20DD
C:\clean_rebuild\services\__init___87.py,6A6826FEB373BDABA8AEE0F12000F3060EF345C3AB34A1A96B7F4D928896449E
C:\clean_rebuild\services\__init___88.py,6A6826FEB373BDABA8AEE0F12000F3060EF345C3AB34A1A96B7F4D928896449E
C:\clean_rebuild\services\__init___89.py,B1C53196A4B79572EB542487606420080E1847E35294F60FD61D545D379DCA94
C:\clean_rebuild\services\__init___9.py,3A4667BCD8C481C2BA68D10FB386F1F5D14543FB7A78E72CD1BB9A4E1B5FCB10
C:\clean_rebuild\services\__init___90.py,6A6826FEB373BDABA8AEE0F12000F3060EF345C3AB34A1A96B7F4D928896449E
C:\clean_rebuild\services\__init___91.py,1905BB70A3687FC3BC75961B7CD385FF38A4AD88AFE064D2EB21F86822BE56A1
C:\clean_rebuild\services\__init___92.py,8AEC329C6D606BCB71EA571BCB6A58525A1D9C75E4571341920A3DA7468B5553
C:\clean_rebuild\services\__init___93.py,200290F77EEE1CB7F34208F32CDD574CE8959906B3FCF36C491F1966B2006F7B
C:\clean_rebuild\services\__init___94.py,BB4FF7AF92AA9F532A0BF7A1DF4D6B3D058BD6752B4613EEC7B015B13391E26A
C:\clean_rebuild\services\__init___95.py,35CB6BA9A5A6E4F45078EBFAA7A85EFFB1DE84CE89B74693DBAE6A8C8ADEDC8B
C:\clean_rebuild\services\__init___96.py,912127BF40380DB5EAB9777379FB68F118C267BB62FFCEDBE1BCA02514E11A0D
C:\clean_rebuild\services\__init___97.py,AF68E64E5600116ACFBE1208BDA0F3D27DCA1FF5E1984878153EACB1E51A31C4
C:\clean_rebuild\services\__init___98.py,35109FE0BE66C1129894BF74BBE6BEEEEB9344A95A4B166E2523D4B20ACDCECC
C:\clean_rebuild\services\__init___99.py,002194751C6FE97B0697FB5B90DB62DC3A09B4C5CAF3442E9FABD14B949F20F0
C:\clean_rebuild\tools\diff_hashlist.py,86C21EE1646A32708CF76E1BAB634CB4AE7577CDF64E6FC09847D53CEBCD65B6
C:\clean_rebuild\tools\filter_needed_files.py,41FAFF4C3C71A528B18E42D1ACC06A1887A0FA1E996C69FB2CC3726EC0AF7B21
C:\clean_rebuild\tools\generate_master_hash.py,C5E9773736C573F26359F23D7785F81FF1E590A5585B73EEFD7AD385AE2AF59F
C:\clean_rebuild\tools\hash_verify.py,07CDC25C63F450CE8BDF08858CB2A6DFC19FB4213FDCE07941B321F1CACB3EC9
C:\clean_rebuild\tools\layout_sim.py,77778C8744792C299903774F7D734F31CD9D7BFAFE045688EFE35564DEDB4887
C:\clean_rebuild\tools\module_trace_auto_recovery.py,12A43A4009FBB931C979064747EE075D3844F6E67BD1FCDDBE4D4827F89A543C
C:\clean_rebuild\tools\needed_files_by_name.py,D255EA23AE805086920F7F25F1D809DC74AF1EC8FB7D32CFE896F4566178FB1E
C:\clean_rebuild\tools\needed_files_from_imports.py,E539EC82C5C413DACA0068E41C215945D31F6E469BD8C6DEC3D4F3CB9C56540C
C:\clean_rebuild\tools\parse_functions.py,E9AF04F58E8BC8998D65B0AB4E0171925C68C492CFDFE670DC6B7B719885C9FD
C:\clean_rebuild\tools\real_path_matcher.py,172B75DC9CB3BDA0DB4057332DD8D26DFCA5960D5AD29ED4C7ECD2946CE29BC5
C:\clean_rebuild\tools\scan_tree.py,AF1236FA1EF3E220430D061D062988B14B60794A93D99A761A8FC4EF79B155B2
C:\clean_rebuild\tools\scan_tree_fixed.py,8E7104885635633E29BEF93E325B28BF9E4158BBB5A2ED084435087AA7A8F6C4
C:\clean_rebuild\tools\scan_tree_hashname_only.py,7E277651D131ED715FA0B3CB4052C0BD50F7451A2189CFCC16D0DCFF83CD32CC
C:\clean_rebuild\tools\tree_checker.py,5C96C59AD668B0C4164F9A60F1E939F536547275F299456DEE5D24B35DF8D582
C:\clean_rebuild\utils\env_loader.py,3DD1E5FCBDC471A453A0D8C9B31A2F769D0F9CAE87C980878B060D6DCF532D1A
C:\clean_rebuild\backup\SNS_24AutoProject+++0508??\.venv310\Lib\site-packages\attr\_cmp.py,15CE835951723BED5DA345543BBA1514DA4B791BCA59F9F1BA87557008066AE4
C:\clean_rebuild\backup\SNS_24AutoProject+++0508??\.venv310\Lib\site-packages\attr\_config.py,F2668642656C3C9CB4E040BA932FAF5A4787766067904C8E8799FEAE0ED94C3A
C:\clean_rebuild\backup\SNS_24AutoProject+++0508??\.venv310\Lib\site-packages\attr\_funcs.py,DCD432D2B1FA16FBFBCFDFB70CF82B7D9B2320AC64C8458DEF104EB620E280E4
C:\clean_rebuild\backup\SNS_24AutoProject+++0508??\.venv310\Lib\site-packages\attr\_make.py,599B7F638BEFF925DB379078BA1C23540542A36177C3A19E061265FA59A14543
C:\clean_rebuild\backup\SNS_24AutoProject+++0508??\.venv310\Lib\site-packages\attr\_next_gen.py,15BEAB54D4C9AAA98E8E3407A049AF16312986C364DDCBC7E9F6FE63B6145224
C:\clean_rebuild\backup\SNS_24AutoProject+++0508??\.venv310\Lib\site-packages\attr\_version_info.py,4AA599B3C570D703252100DD119BB23B48A548E3FABFC01B055BF0927F45070B
C:\clean_rebuild\backup\SNS_24AutoProject+++0508??\.venv310\Lib\site-packages\attrs\converters.py,DF18035DB8B23DF6EDD5DF43FBAF9AFD5759B2E9A887BF57AAADA7C8E6F21453
C:\clean_rebuild\backup\SNS_24AutoProject+++0508??\.venv310\Lib\site-packages\attrs\filters.py,7ADD00AFBF11783B00A4C515C62478504C8E8EF01E05361E19E0A58BD3B84757
C:\clean_rebuild\backup\SNS_24AutoProject+++0508??\.venv310\Lib\site-packages\attrs\setters.py,8D9CDAED53AEE7A856C69519CE9DFCD18E5A07AD2F339E988B16EFCEC2834F68
C:\clean_rebuild\backup\SNS_24AutoProject+++0508??\.venv310\Lib\site-packages\cffi\backend_ctypes.py,BC45EF96E3C53473D055D21D6ECA2B30D651F15382E91A184737F60F3D1EB265
C:\clean_rebuild\backup\SNS_24AutoProject+++0508??\.venv310\Lib\site-packages\cffi\cffi_opcode.py,730741CFD2B2A42A806FB4837505AFC637854AA9A8E1AB9A7E83EACF76AFB388
C:\clean_rebuild\backup\SNS_24AutoProject+++0508??\.venv310\Lib\site-packages\cffi\cparser.py,B3BC3CDE0E567AE5278B83EAC9D22A71354DDB826EEFF444BC0C2386CF433909
C:\clean_rebuild\backup\SNS_24AutoProject+++0508??\.venv310\Lib\site-packages\cffi\ffiplatform.py,9F5159605C1D9B343C6E6050593BC2596198BBCD9A9414E36557378178C1BF7F
C:\clean_rebuild\backup\SNS_24AutoProject+++0508??\.venv310\Lib\site-packages\cffi\lock.py,35BF967BBFB5FB1C2440A7DF8D8F9FB79C77006AFAE692599A51E512307B3B3A
C:\clean_rebuild\backup\SNS_24AutoProject+++0508??\.venv310\Lib\site-packages\cffi\model.py,A3CFD8D49AA57FB92363AC0B854CD9D78A7F0302C4C4ADD550200EAAFF3B4273
C:\clean_rebuild\backup\SNS_24AutoProject+++0508??\.venv310\Lib\site-packages\cffi\pkgconfig.py,F730DC0DFD1728825AC451CB83B7BE5BCF976FC62AE61761A87EE42E0FAE811A
C:\clean_rebuild\backup\SNS_24AutoProject+++0508??\.venv310\Lib\site-packages\cffi\recompiler.py,F6FD2AF3C2F9E02208EA3DC6430EF3069B3A79DF656C8918CD42DDC495568192
C:\clean_rebuild\backup\SNS_24AutoProject+++0508??\.venv310\Lib\site-packages\cffi\setuptools_ext.py,825C160DEE5BF29CF74AB928D5F05B4E9045B8932D1248D4D0A02A00E8B1A580
C:\clean_rebuild\backup\SNS_24AutoProject+++0508??\.venv310\Lib\site-packages\cffi\vengine_cpy.py,7786A94ECF072393C9ABF9E39CDB57171ED47BAB9876A2E8098B7F8A99E92B24
C:\clean_rebuild\backup\SNS_24AutoProject+++0508??\.venv310\Lib\site-packages\cffi\vengine_gen.py,B75EBAECEFF2BC957DB9A71465103224664A406C0D17B9070CB22613F8B936DA
C:\clean_rebuild\backup\SNS_24AutoProject+++0508??\.venv310\Lib\site-packages\cffi\verifier.py,2515C9203326D3657F35F69BE0290BCEC696830F90519B08192A2357EC06496F
C:\clean_rebuild\backup\SNS_24AutoProject+++0508??\.venv310\Lib\site-packages\cffi\_imp_emulation.py,A463CD3B4A2C81C7B58850C29954204C4393B38209B49B2213C9C6AC569F8D50
C:\clean_rebuild\backup\SNS_24AutoProject+++0508??\.venv310\Lib\site-packages\PIL\AvifImagePlugin.py,73319CBB8AD8ED83C412051AF206D5AF7E420A6ECE5C3F2E53CC67055CFAA9C5
C:\clean_rebuild\backup\SNS_24AutoProject+++0508??\.venv310\Lib\site-packages\pycparser\ply\cpp.py,AE6128F08A0E175BE8647FC2E6F6DC3E5CBA61D6F43D4CA17E4751A5AF15F0BD
C:\clean_rebuild\backup\SNS_24AutoProject+++0508??\.venv310\Lib\site-packages\pycparser\ply\ctokens.py,9E30C3DDDBE8E9537FF9B7E35DF6CC3B3733976FBED138BD0329DB51AFF8C21F
C:\clean_rebuild\backup\SNS_24AutoProject+++0508??\.venv310\Lib\site-packages\pycparser\ply\lex.py,65FD10A3AA9D114EBA47DFDEEEDB32216572F4B04182FB213EF119E434B329FA
C:\clean_rebuild\backup\SNS_24AutoProject+++0508??\.venv310\Lib\site-packages\pycparser\ply\yacc.py,66ED2C9BDDB098525ACFCFABC9AE7F9CA218E6448BBA02B48B055558B3EBEB2D
C:\clean_rebuild\backup\SNS_24AutoProject+++0508??\.venv310\Lib\site-packages\pycparser\ply\ygen.py,1BC266746C61E075315041E2CF760CE868B716286AE2766FF56F19345F895184
C:\clean_rebuild\backup\SNS_24AutoProject+++0508??\.venv310\Lib\site-packages\pycparser\ast_transforms.py,C271EF0BD0CBA80AF9C150E1763D2CEBAB3DBF75D2637FE9FE5DD0EED48BCEE7
C:\clean_rebuild\backup\SNS_24AutoProject+++0508??\.venv310\Lib\site-packages\pycparser\c_ast.py,AA80439056B76FCEF969F7FE12320CB180DC2377700715C004DB2400045715A0
C:\clean_rebuild\backup\SNS_24AutoProject+++0508??\.venv310\Lib\site-packages\pycparser\c_generator.py,FC7D03A16C81C3BEC0BB45F74DA035D06DEC891E1D91085A177AFD1E3A19CE22
C:\clean_rebuild\backup\SNS_24AutoProject+++0508??\.venv310\Lib\site-packages\pycparser\c_lexer.py,C0DADD7327D7F3EAB15625D3BDF83E145220B973ECE56783145F892A0AF7F989
C:\clean_rebuild\backup\SNS_24AutoProject+++0508??\.venv310\Lib\site-packages\pycparser\c_parser.py,0B3359229B75DFB54C71FA6AC46D04E62CAE3DB154CDABBB5ED5CF258889A5EE
C:\clean_rebuild\backup\SNS_24AutoProject+++0508??\.venv310\Lib\site-packages\pycparser\lextab.py,AFE2C92B33E2902F5356EFB54A23C34954A3CCC6085680C87D058C135AD9A880
C:\clean_rebuild\backup\SNS_24AutoProject+++0508??\.venv310\Lib\site-packages\pycparser\plyparser.py,F2B28E8D46CC3680B9C19B84E420E07B85F1C27BA4C43F0337BFDF6A973DD598
C:\clean_rebuild\backup\SNS_24AutoProject+++0508??\.venv310\Lib\site-packages\pycparser\yacctab.py,55A8EF7E629B787F2B5A6FFAB2B4CB8285C677607089F9AC9254BC94001DE23E
C:\clean_rebuild\backup\SNS_24AutoProject+++0508??\.venv310\Lib\site-packages\pycparser\_ast_gen.py,200DDEDA88DBE6C2AC4FA30AB7B2C781F38A02B810F56C5170D53DA57164F440
C:\clean_rebuild\backup\SNS_24AutoProject+++0508??\.venv310\Lib\site-packages\pycparser\_build_tables.py,D35F523B91B3457B52EEEE5514CE5BBFB9F577435394EEE9047ADF1D4770B13A
C:\clean_rebuild\backup\SNS_24AutoProject+++0508??\.venv310\Lib\site-packages\selenium\types.py,4F179F9391910378F28B4462958F7144445D74E59CAEF0393C8C2F232FC94E0E
C:\clean_rebuild\backup\SNS_24AutoProject+++0508??\.venv310\Lib\site-packages\setuptools\command\alias.py,C4B8ED285A44CF244B49E8A494008D66DC4CEDDE44BF990EFBFA1D6F80A7E9CE
C:\clean_rebuild\backup\SNS_24AutoProject+++0508??\.venv310\Lib\site-packages\setuptools\command\bdist_egg.py,FC48C981C5F3AD0F1D0348CF2EFA008DBE0C90ED78D226DD79E96842811707B9
C:\clean_rebuild\backup\SNS_24AutoProject+++0508??\.venv310\Lib\site-packages\setuptools\command\develop.py,1F89A28816C9C76178AED24634C8994A573D33D2E15481BDFC77CD27E943E0C0
C:\clean_rebuild\backup\SNS_24AutoProject+++0508??\.venv310\Lib\site-packages\setuptools\command\dist_info.py,10B9654FA585A4C4438DD0E80F0431F7B1FEB8EE9AF5924485C1D2D8E4F7454C
C:\clean_rebuild\backup\SNS_24AutoProject+++0508??\.venv310\Lib\site-packages\setuptools\command\easy_install.py,91E2F456964288F13A4B72A8D086A1E7CEE199EEBB9ED4C74A78B191CF6D7E11
C:\clean_rebuild\backup\SNS_24AutoProject+++0508??\.venv310\Lib\site-packages\setuptools\command\egg_info.py,9F032665A167B9BCA3B7482F47923B47C7D8826F511DD2A70EF339841038B6D6
C:\clean_rebuild\backup\SNS_24AutoProject+++0508??\.venv310\Lib\site-packages\setuptools\command\py36compat.py,3D2F15E4800011C4BFB3AC8D196DEE89FE776486B5176991EF0E0437C8E71194
C:\clean_rebuild\backup\SNS_24AutoProject+++0508??\.venv310\Lib\site-packages\setuptools\command\saveopts.py,349DB89B7C698425260247610B72AF2FDE086AB0B31E3E7056D70C0E780B3794
C:\clean_rebuild\backup\SNS_24AutoProject+++0508??\.venv310\Lib\site-packages\setuptools\command\setopt.py,E6D270C0F158CA4714A8ABD6D5BE6F7F9FB96D71C8ACD9C5BBCBCB7376B28A5D
C:\clean_rebuild\backup\SNS_24AutoProject+++0508??\.venv310\Lib\site-packages\setuptools\command\upload_docs.py,FBA722F2F1E70CDF55B4F2AEB6163ADB15990CCD9B4ED8E9325E971DA35E6F36
C:\clean_rebuild\backup\SNS_24AutoProject+++0508??\.venv310\Lib\site-packages\setuptools\_distutils\command\bdist.py,13091B728141CA632AA0E58478BF8829A1751BCBE5BF04B290FE16E9437B32F4
C:\clean_rebuild\backup\SNS_24AutoProject+++0508??\.venv310\Lib\site-packages\setuptools\_distutils\command\bdist_dumb.py,58F9403890E57AF009EE1E746C4FA1A2F5DD19423C50C79E50EE65E33BE50D7F
C:\clean_rebuild\backup\SNS_24AutoProject+++0508??\.venv310\Lib\site-packages\setuptools\_distutils\command\bdist_msi.py,DBEDE8C20B4BB4963CFFB8FDC69DE2D21EFECB8B31B7DDCBC31AD464AE4B4C58
C:\clean_rebuild\backup\SNS_24AutoProject+++0508??\.venv310\Lib\site-packages\setuptools\_distutils\command\bdist_rpm.py,42A40C286E5D499F11544333F053260C7300D86BA04AA340ADE904394376FB1D
C:\clean_rebuild\backup\SNS_24AutoProject+++0508??\.venv310\Lib\site-packages\setuptools\_distutils\command\bdist_wininst.py,15FF0FEB5662CB5A6488691F1A0059340855057FF0A0E03C2CAD66A3E494F715
C:\clean_rebuild\backup\SNS_24AutoProject+++0508??\.venv310\Lib\site-packages\setuptools\_distutils\command\build.py,A14E1D4816BAF25BE91741BCBA24F05D246B683D5B8F172B0A32F6BE69EC5E48
C:\clean_rebuild\backup\SNS_24AutoProject+++0508??\.venv310\Lib\site-packages\setuptools\_distutils\command\build_clib.py,3F007AD1694CF467B4415F298A3FFA13A437432FA2F0CA9B2EF2DB5280E49CEE
C:\clean_rebuild\backup\SNS_24AutoProject+++0508??\.venv310\Lib\site-packages\setuptools\_distutils\command\build_ext.py,DFFB2B2B671A9E8610581E33395C28F540C5FC0994197135D1B1660F134E532F
C:\clean_rebuild\backup\SNS_24AutoProject+++0508??\.venv310\Lib\site-packages\setuptools\_distutils\command\build_py.py,F11140BC77E459176B0B8F631DBB99F5172D565ABC3470F540D9648D5E523414
C:\clean_rebuild\backup\SNS_24AutoProject+++0508??\.venv310\Lib\site-packages\setuptools\_distutils\command\clean.py,365032BCF96505C25731B70443729447DD76A9AB9ABC5F39FAE5E26BD5D8C857
C:\clean_rebuild\backup\SNS_24AutoProject+++0508??\.venv310\Lib\site-packages\setuptools\_distutils\command\install_data.py,5F3636105F43580FF7D81FB12443F76DBABD1126EDFFA270381DCB08882DEDE7
C:\clean_rebuild\backup\SNS_24AutoProject+++0508??\.venv310\Lib\site-packages\setuptools\_distutils\command\install_egg_info.py,31BBA08E3608ECE2C3EEFBBBA0005A0763FE4B280226CF0863F0ED6A06C875FE
C:\clean_rebuild\backup\SNS_24AutoProject+++0508??\.venv310\Lib\site-packages\setuptools\_distutils\command\install_headers.py,F6A45E4B26D78D7E04F27B5CAF7B0379FE61D55A8E82718BEC127E58809A0CC9
C:\clean_rebuild\backup\SNS_24AutoProject+++0508??\.venv310\Lib\site-packages\setuptools\_distutils\command\install_lib.py,73E0FBDF1D03F9EF6667F047902D2D03759DFF97F8096D8B4C3E15DBE10B71FE
C:\clean_rebuild\backup\SNS_24AutoProject+++0508??\.venv310\Lib\site-packages\setuptools\_distutils\command\py37compat.py,ED1EDFCF62271AC4B1FC88445A92CCA469845AEF9778B25D0F72800E98218D31
C:\clean_rebuild\backup\SNS_24AutoProject+++0508??\.venv310\Lib\site-packages\setuptools\_distutils\command\register.py,F625DDC3C57960B0C5E0B0A8B5E7F4F989ACEBE6126F1A5759AC5C59C700C440
C:\clean_rebuild\backup\SNS_24AutoProject+++0508??\.venv310\Lib\site-packages\setuptools\_distutils\command\upload.py,E54D5E9A5B6783A6DF72C2DCF6E4B4A41390782FD8013A7B27203B6ED8EE42ED
C:\clean_rebuild\backup\SNS_24AutoProject+++0508??\.venv310\Lib\site-packages\setuptools\_distutils\archive_util.py,1269FD4F5DA0E20A50450A72FF2331F282A04CB0802CB6DE38BA1052BB6729EA
C:\clean_rebuild\backup\SNS_24AutoProject+++0508??\.venv310\Lib\site-packages\setuptools\_distutils\bcppcompiler.py,5B1B928D077CA5273FF912E6B884520002B367052A5BE4034CADF00D79972898
C:\clean_rebuild\backup\SNS_24AutoProject+++0508??\.venv310\Lib\site-packages\setuptools\_distutils\ccompiler.py,F4ADE94360DA12A8FAF22DEF20C72B5ECE7D1CFC91415A333825BB8A7EA6918C
C:\clean_rebuild\backup\SNS_24AutoProject+++0508??\.venv310\Lib\site-packages\setuptools\_distutils\cmd.py,85E3FC729488F2A06EA61BC924C1BB0EFA0FD59E6BF9E8D80023C8B692D7E1E8
C:\clean_rebuild\backup\SNS_24AutoProject+++0508??\.venv310\Lib\site-packages\setuptools\_distutils\cygwinccompiler.py,063C4580844A1DC7E2FC6FA6602FC11E371C666D57236D6E1AC288C1B3CEB59D
C:\clean_rebuild\backup\SNS_24AutoProject+++0508??\.venv310\Lib\site-packages\setuptools\_distutils\dep_util.py,EED48F4538531E8707BA4F38346BD82D458EA969B7C75FE9B5076CA302BB3449
C:\clean_rebuild\backup\SNS_24AutoProject+++0508??\.venv310\Lib\site-packages\setuptools\_distutils\dir_util.py,CD5F2BF3CA6D55AC935BBDBD095EA56FC56EDE2466CE058EAFA6BAA72590E867
C:\clean_rebuild\backup\SNS_24AutoProject+++0508??\.venv310\Lib\site-packages\setuptools\_distutils\dist.py,CFF784AE8A785681AA317E820995F8B55D62E1B19A6598F55DB5F80BAD0AFF98
C:\clean_rebuild\backup\SNS_24AutoProject+++0508??\.venv310\Lib\site-packages\setuptools\_distutils\fancy_getopt.py,1D2ED826F86D339DBF44CA48A0FB4BEA8D23F4996FA010D8FB3A898ED42AEE08
C:\clean_rebuild\backup\SNS_24AutoProject+++0508??\.venv310\Lib\site-packages\setuptools\_distutils\filelist.py,7CA0CD0C4008FF6FFD3ED56EB4F29D478FF6C8C772B1C0CD77F41B073430B24B
C:\clean_rebuild\backup\SNS_24AutoProject+++0508??\.venv310\Lib\site-packages\setuptools\_distutils\file_util.py,485BEFF50549D7390CB8D3C84D57AAA2337CD10FF18F778339386CF4BEE42268
C:\clean_rebuild\backup\SNS_24AutoProject+++0508??\.venv310\Lib\site-packages\setuptools\_distutils\msvc9compiler.py,8C85989D39ADA0FE26CB05D8D904A52FC51BD7C70CD97304970A423017E679B3
C:\clean_rebuild\backup\SNS_24AutoProject+++0508??\.venv310\Lib\site-packages\setuptools\_distutils\msvccompiler.py,A44501ECE60D848B394E71C15BB2B0C510C27B5E08D4CD976E6D489B1BDDC392
C:\clean_rebuild\backup\SNS_24AutoProject+++0508??\.venv310\Lib\site-packages\setuptools\_distutils\py35compat.py,FCE12BCD8BA38BF02B52BA4C16A8E16C268E3604675781F74BF3FD50F4F4EE75
C:\clean_rebuild\backup\SNS_24AutoProject+++0508??\.venv310\Lib\site-packages\setuptools\_distutils\py38compat.py,38CFADDFADE63B4F0E8B62ACED349556BCCE9B2ED5E6E99431E46BA67521BFC1
C:\clean_rebuild\backup\SNS_24AutoProject+++0508??\.venv310\Lib\site-packages\setuptools\_distutils\spawn.py,D571281BBC35450EB7BD89F5B4C8CA022D4642ADEB47684788325D33DC659543
C:\clean_rebuild\backup\SNS_24AutoProject+++0508??\.venv310\Lib\site-packages\setuptools\_distutils\sysconfig.py,1344508C395A92461608EB6569CA8AB2CE6437C07BE31E23E71311B904E3710F
C:\clean_rebuild\backup\SNS_24AutoProject+++0508??\.venv310\Lib\site-packages\setuptools\_distutils\text_file.py,6EB413F25DA9A0E0123749386C325A247316B520D6E71F8D70C0E2341B51572A
C:\clean_rebuild\backup\SNS_24AutoProject+++0508??\.venv310\Lib\site-packages\setuptools\_distutils\unixccompiler.py,E6123DC2344C4E6DB889FE542A3DE81E446D8D0A6BBF538D1A8AAC8CDF15696E
C:\clean_rebuild\backup\SNS_24AutoProject+++0508??\.venv310\Lib\site-packages\setuptools\_distutils\versionpredicate.py,C7C544D2513B914C3198C469538272B3445F6FE6C118F0185ADED6232522F073
C:\clean_rebuild\backup\SNS_24AutoProject+++0508??\.venv310\Lib\site-packages\setuptools\_distutils\_msvccompiler.py,7B0D0230CD54ABE4043C0F4FF184A367DF3D3D89B89711D5E476E6248C743D4C
C:\clean_rebuild\backup\SNS_24AutoProject+++0508??\.venv310\Lib\site-packages\setuptools\_vendor\more_itertools\more.py,09D6A9EA0559E86DE7E1BE1483774DF9A968BE13F2A8750584FE17D78E554CB0
C:\clean_rebuild\backup\SNS_24AutoProject+++0508??\.venv310\Lib\site-packages\setuptools\_vendor\more_itertools\recipes.py,AB8612345EB34E590B8D5F72987E7D1E4D4E6989274EF45EB440032910FC70F7
C:\clean_rebuild\backup\SNS_24AutoProject+++0508??\.venv310\Lib\site-packages\setuptools\_vendor\ordered_set.py,9951A3E26815F8914606C715DD4DA2726B1CD2BB73A011C73AABA586B59F6512
C:\clean_rebuild\backup\SNS_24AutoProject+++0508??\.venv310\Lib\site-packages\setuptools\_vendor\pyparsing.py,BBC9F33A160F1AD7E8A995CE4BB625A8C7A49CA4C66C2FD36EC24EF52C955B32
C:\clean_rebuild\backup\SNS_24AutoProject+++0508??\.venv310\Lib\site-packages\setuptools\build_meta.py,0668EFA8CDD5FB2213E3E4155F0EEE9B8F063D56EC82DB22E07237CA979A3ADA
C:\clean_rebuild\backup\SNS_24AutoProject+++0508??\.venv310\Lib\site-packages\setuptools\depends.py,02D93125A2AA716506600645B278213510FE668509F88AADB762664137768233
C:\clean_rebuild\backup\SNS_24AutoProject+++0508??\.venv310\Lib\site-packages\setuptools\glob.py,5FE55A24275D1D8DBFB280E157C6D343B83AA0A64111042EC0D9EDED24F50726
C:\clean_rebuild\backup\SNS_24AutoProject+++0508??\.venv310\Lib\site-packages\setuptools\installer.py,5F8DA4A125849E99DF958B4EEF7C4B58D8A6144DAF35D8387AC6A14E2BC0E848
C:\clean_rebuild\backup\SNS_24AutoProject+++0508??\.venv310\Lib\site-packages\setuptools\launch.py,8460A5125C92BE4C7C72A1A4AC0CD2D8046F41A86F6E3462F588A0E26B80708A
C:\clean_rebuild\backup\SNS_24AutoProject+++0508??\.venv310\Lib\site-packages\setuptools\monkey.py,BB842AED59E951762EA341D087ED4CEE04C4D41415ED4A12F39A109E022FDCB0
C:\clean_rebuild\backup\SNS_24AutoProject+++0508??\.venv310\Lib\site-packages\setuptools\msvc.py,6569E24F332D3D793657BFA7894129EA6372F7F0DEE5B0C496C00160A14EDAF0
C:\clean_rebuild\backup\SNS_24AutoProject+++0508??\.venv310\Lib\site-packages\setuptools\namespaces.py,7C8040A7ADFAA3208084E2A4859C24B91B66A8B146A09FA4AA5AC6EC54CD0EBE
C:\clean_rebuild\backup\SNS_24AutoProject+++0508??\.venv310\Lib\site-packages\setuptools\package_index.py,D54DFD4029E5F2F6A5603D328D5BA0FDBBB25D32AFB6AE9B15E22AF38392A40F
C:\clean_rebuild\backup\SNS_24AutoProject+++0508??\.venv310\Lib\site-packages\setuptools\py34compat.py,8BC2382D06BDAD140C8B09EFB3C9CC955715CAF2EA55F4E4E2954624D45DC48C
C:\clean_rebuild\backup\SNS_24AutoProject+++0508??\.venv310\Lib\site-packages\setuptools\sandbox.py,801F269D6ACD3F722FCFDA06792FCBC6ADA49A8F2B4E946026BC8CF899301F39
C:\clean_rebuild\backup\SNS_24AutoProject+++0508??\.venv310\Lib\site-packages\setuptools\windows_support.py,65CCDAB2E7BE65C56BABDD91FCEE4A2552AC5EE117E4808E3DE53824E64CE5F2
C:\clean_rebuild\backup\SNS_24AutoProject+++0508??\.venv310\Lib\site-packages\setuptools\_deprecation_warning.py,DA4318FA3AC8F0B74B5F27FF99450D498B635AB7D66C336AEFBD1687D36B4806
C:\clean_rebuild\backup\SNS_24AutoProject+++0508??\.venv310\Lib\site-packages\setuptools\_imp.py,4E86CE44E71206A5B2322378F575DE205777E34C0CE1B060F16F0DEA83A1EB1C
C:\clean_rebuild\backup\SNS_24AutoProject+++0508??\.venv310\Lib\site-packages\undetected_chromedriver\devtool.py,FF1E41A20735CF652B06DD5DF2DE709DC338815A05CAC95EA78AA899AF8484A1
C:\clean_rebuild\backup\SNS_24AutoProject+++0508??\.venv310\Lib\site-packages\undetected_chromedriver\dprocess.py,D25989962C9D1BBE5F675A534F45E061F2B620F00F5A43EB897D91C5EA230F57
C:\clean_rebuild\backup\SNS_24AutoProject+++0508??\.venv310\Lib\site-packages\undetected_chromedriver\patcher.py,A2A3FEB02D9C8BCE053D61D2A9E248F55F0094E9E2A1176D2A483A3ADD539C75
C:\clean_rebuild\backup\SNS_24AutoProject+++0508??\.venv310\Lib\site-packages\undetected_chromedriver\reactor.py,1FFEDD7447A17239B866AF5795B6E2511B6084A278EFADF26455E7B01E1F1C72
C:\clean_rebuild\backup\SNS_24AutoProject+++0508??\.venv310\Lib\site-packages\websockets\asyncio\async_timeout.py,C3830B47047E746C5E77835DD9E4125B2723BC7FD041459EEBEF4C9D65877383
C:\clean_rebuild\backup\SNS_24AutoProject+++0508??\.venv310\Lib\site-packages\websockets\asyncio\compatibility.py,95DE65A5B06027C606022DED73584C888C6E2DE4160E0EA928360155B490325E
C:\clean_rebuild\backup\SNS_24AutoProject+++0508??\.venv310\Lib\site-packages\websockets\extensions\permessage_deflate.py,10D5819DDB0198F4B60F0E7060A9DAFDC03B129D3BAB4C7BE9A0EC16804EB4E5
C:\clean_rebuild\backup\SNS_24AutoProject+++0508??\.venv310\Lib\site-packages\websockets\legacy\framing.py,3B8C7782773EA13F1250582A195CB19F00430959BAD67AAC1977BB62EB7AF07A
C:\clean_rebuild\backup\SNS_24AutoProject+++0508??\.venv310\Lib\site-packages\websockets\legacy\http.py,38FBBF5258C5247EF89F193957E8E738E92ACDD5DCA49E8CD0BCA7229B99EF8D
C:\clean_rebuild\backup\SNS_24AutoProject+++0508??\.venv310\Lib\site-packages\websockets\sync\messages.py,5BA63E0591E0CAE43A854443B19DA2B5EC22E6500C27D95DED7D300255766649
C:\clean_rebuild\backup\SNS_24AutoProject+++0508??\.venv310\Lib\site-packages\websockets\sync\router.py,13A8758AF2D433D0EC9074019FB2D665086F577C9B62A705204A6C438525943F
C:\clean_rebuild\backup\SNS_24AutoProject+++0508??\.venv310\Lib\site-packages\websockets\datastructures.py,2475323EA34900213DF79ED2940327614EE59663F544310530319044A66EBC30
C:\clean_rebuild\backup\SNS_24AutoProject+++0508??\.venv310\Lib\site-packages\websockets\frames.py,A9768252DD87716BF4B59479CB6BD10A7300AF2C0100B20D15EE6C5C362FAD5C
C:\clean_rebuild\backup\SNS_24AutoProject+++0508??\.venv310\Lib\site-packages\websockets\headers.py,D9715B504D01CC421FB41476292DB281E491218CCF07E6BEAB7E637DD719D4C0
C:\clean_rebuild\backup\SNS_24AutoProject+++0508??\.venv310\Lib\site-packages\websockets\http11.py,AFC15A76FAA15AC533E747F3D3F331FEAB928B2BB62718A50A6E17F1F5E6C135
C:\clean_rebuild\backup\SNS_24AutoProject+++0508??\.venv310\Lib\site-packages\websockets\imports.py,A05756931CA98FF762BAA9DE46E0393961172CC43AA40B63FAB2AA154E8F99D8
C:\clean_rebuild\backup\SNS_24AutoProject+++0508??\.venv310\Lib\site-packages\websockets\streams.py,E83F98A2C55B4E86D4C4562DB12E6BA79DFE220D021FB1007ADA0E3FD5F20F4F
C:\clean_rebuild\backup\SNS_24AutoProject+++0508??\.venv310\Lib\site-packages\websockets\uri.py,FD9856833B8BFDE906586BBC405A1D7BFD2B80B376B68CFDBB530FBB9A290DAF
C:\clean_rebuild\backup\SNS_24AutoProject+++0508??\.venv310\Lib\site-packages\wsproto\typing.py,18C06164C576F3F6FC7F3860DFBD985F4EBAC4CB9B9D9390B0EB867ACA988871
C:\clean_rebuild\backup\SNS_24AutoProject+++0508??\.venv310\Lib\site-packages\_distutils_hack\override.py,C39CE75D11186C977B17C318AF66573B15198833DBA249D7548A9D2C706E9C0E
C:\clean_rebuild\backup\SNS_24AutoProject+++0508??\modules\actions\share_post_module.py,1C8E2CC872D83273AE6DA57C98F93150281DC4B3434F31FB05802F0983938F09
C:\clean_rebuild\backup\SNS_24AutoProject+++0508??\modules\filters\contact_cleaner.py,BF45DAF479E5A7F8A5B168C05BEFA0597BEB38172AD339F0B5CD5E453F26CA5C
C:\clean_rebuild\backup\SNS_24AutoProject+++0508??\modules\legacy_refined\social_action_module.py,1247CAF3FFE3169723C762535D8A6DAF83CFA78124538240B4FA414FAAEB133E
C:\clean_rebuild\backup\SNS_24AutoProject+++0508??\modules\crawler_facebook.py,03F1DE85F17E7F68C294818BF35F1D2537693B512258D93C6603D6DD56784A48
C:\clean_rebuild\backup\SNS_24AutoProject+++0508??\modules\image_generator.py,D0D07ED4F6FB01F929F53A250C463959345C8AD0636EC1DAE3D7D5E6ED3BB867
C:\clean_rebuild\backup\SNS_24AutoProject_FINAL_20250516_1002\modules\cfg_loader.py,B36E852E0A3451DA53EBAEF7D3C4C0A1B8FE1903A2C2381E0976169CCCE66B5D
C:\clean_rebuild\backup\SNS_24AutoProject_FINAL_20250516_1002\modules\cfg_local.py,8D5383EAADA9A02380C71636B562058133297265528FEBAEC594BC5C51B52807
C:\clean_rebuild\backup\SNS_24AutoProject_FINAL_20250516_1002\modules\pickle_serializer.py,06635F3FF6AB94D7D32662833140E43A9FBD1952CE6D6C842A741BE6B97EA40D
C:\clean_rebuild\backup\SNS_24AutoProject_FINAL_20250516_1002\modules\pprint_util_custom.py,0AA139E72818D7BA61EA7E3C87E331A60B8266A4E2BCD7919EB3BAB7194E5A0E
C:\clean_rebuild\backup\SNS_24AutoProject_FINAL_20250516_1002\modules\six_util_custom.py,5B7960EFC18C3C8448397F563BBB2EDA341773D75C32D7046509D0BAFFDA0381
C:\clean_rebuild\backup\SNS_24AutoProject_FINAL_20250516_1002\modules\ssl_handler.py,379AB337A66BD5E235387C735D9D54A5271F18FA3551E31C3AE9C10444ED7C72
C:\clean_rebuild\backup\SNS_24AutoProject_FINAL_20250516_1002\modules\task_queue_mgr.py,82AA5CB26C995A4F4DD69620324D2A50AA15E5D1D10E39F8FDE082371AE9A64E
C:\clean_rebuild\backup\SNS_24AutoProject_FINAL_20250516_1002\modules_unused\https_debugger.py,16217246FA761E8FAD34D1152C812F5D862A42B03D1025D76657FBACFF2790D4
C:\clean_rebuild\backup\SNS_24AutoProject_FINAL_20250516_1002\modules_unused\pickle_unused_backup.py,9254C831B44192A4F9A63C041755109D7BF0845BE726D491B5EEE79B994F76B0
C:\clean_rebuild\backup\SNS_24AutoProject_FINAL_20250516_1002\modules_unused\pyarrow_unused_backup.py,074A84DB4AA58CCB5D50FAF53FB33DC3655A242D054A89DEF31B733D2E68D46A
C:\clean_rebuild\backup\SNS_24AutoProject_FINAL_20250516_1002\modules_unused\webhook_sender.py,718B1F1220D8B84D59A0B279C147AC646A979F0679F65C117DAF050A65E1DB68
C:\clean_rebuild\backup\miss0716\backup\miss0716\backup\miss0716\backup\miss0716\backup\miss0716\backup\miss0716\backup\miss0716\backup\miss0716\backup\miss0716\backup\miss0716\backup\miss0716\backup\miss0716\backup\miss0716\backup\miss0716\backup\miss0716\backup\miss0716\backup\miss0716\backup\miss0716\backup\miss0716\backup\miss0716\backup\miss0716\backup\miss0716\backup\miss0716\backup\miss0716\backup\miss0716\backup\miss0716\backup\miss0716\backup\miss0716\backup\miss0716\backup\miss0716\backup\miss0716\backup\miss0716\backup\miss0716\backup\miss0716\backup\miss0716\backup\miss0716\backup\miss0716\backup\miss0716\backup\miss0716\backup\miss0716\backup\miss0716\backup\miss0716\backup\miss0716\backup\miss0716\backup\miss0716\backup\miss0716\backup\miss0716\backup\miss0716\backup\miss0716\backup\miss0716\backup\miss0716\backup\miss0716\backup\miss0716\backup\miss0716\backup\miss0716\backup\miss0716\backup\miss0716\backup\miss0716\backup\miss0716\backup\miss0716\backup\miss0716\backup\miss0716\backup\miss0716\backup\miss0716\backup\miss0716\backup\miss0716\backup\miss0716\backup\miss0716\backup\miss0716\backup\miss0716\backup\miss0716\backup\miss0716\backup\miss0716\backup\miss0716\backup\miss0716\backup\miss0716\backup\miss0716\backup\miss0716\backup\miss0716\backup\miss0716\backup\miss0716\backup\miss0716\backup\miss0716\backup\dele0527\collections.py,465BDB2ED08FA0B6E8545D566DC9B8EFC68A57DD4CD8CDF502DA91BA1B7EF96C
C:\clean_rebuild\backup\miss0716\backup\miss0716\backup\miss0716\backup\miss0716\backup\miss0716\backup\miss0716\backup\miss0716\backup\miss0716\backup\miss0716\backup\miss0716\backup\miss0716\backup\miss0716\backup\miss0716\backup\miss0716\backup\miss0716\backup\miss0716\backup\miss0716\backup\miss0716\backup\miss0716\backup\miss0716\backup\miss0716\backup\miss0716\backup\miss0716\backup\miss0716\backup\miss0716\backup\miss0716\backup\miss0716\backup\miss0716\backup\miss0716\backup\miss0716\backup\miss0716\backup\miss0716\backup\miss0716\backup\miss0716\backup\miss0716\backup\miss0716\backup\miss0716\backup\miss0716\backup\miss0716\backup\miss0716\backup\miss0716\backup\miss0716\backup\miss0716\backup\miss0716\backup\miss0716\backup\miss0716\backup\miss0716\backup\miss0716\backup\miss0716\backup\miss0716\backup\miss0716\backup\miss0716\backup\miss0716\backup\miss0716\backup\miss0716\backup\miss0716\backup\miss0716\backup\miss0716\backup\miss0716\backup\miss0716\backup\miss0716\backup\miss0716\backup\miss0716\backup\miss0716\backup\miss0716\backup\miss0716\backup\miss0716\backup\miss0716\backup\miss0716\backup\miss0716\backup\miss0716\backup\miss0716\backup\miss0716\backup\miss0716\backup\miss0716\backup\miss0716\backup\miss0716\backup\miss0716\backup\miss0716\backup\miss0716\backup\miss0716\backup\miss0716\backup\miss0716\backup\dele0527\copyreg.py,3A982B989890A3AC54C7B3DB576749B7097C5F8898FE8726EA58D55E8913AD47
C:\clean_rebuild\backup\miss0716\backup\miss0716\backup\miss0716\backup\miss0716\backup\miss0716\backup\miss0716\backup\miss0716\backup\miss0716\backup\miss0716\backup\miss0716\backup\miss0716\backup\miss0716\backup\miss0716\backup\miss0716\backup\miss0716\backup\miss0716\backup\miss0716\backup\miss0716\backup\miss0716\backup\miss0716\backup\miss0716\backup\miss0716\backup\miss0716\backup\miss0716\backup\miss0716\backup\miss0716\backup\miss0716\backup\miss0716\backup\miss0716\backup\miss0716\backup\miss0716\backup\miss0716\backup\miss0716\backup\miss0716\backup\miss0716\backup\miss0716\backup\miss0716\backup\miss0716\backup\miss0716\backup\miss0716\backup\miss0716\backup\miss0716\backup\miss0716\backup\miss0716\backup\miss0716\backup\miss0716\backup\miss0716\backup\miss0716\backup\miss0716\backup\miss0716\backup\miss0716\backup\miss0716\backup\miss0716\backup\miss0716\backup\miss0716\backup\miss0716\backup\miss0716\backup\miss0716\backup\miss0716\backup\miss0716\backup\miss0716\backup\miss0716\backup\miss0716\backup\miss0716\backup\miss0716\backup\miss0716\backup\miss0716\backup\miss0716\backup\miss0716\backup\miss0716\backup\miss0716\backup\miss0716\backup\miss0716\backup\miss0716\backup\miss0716\backup\miss0716\backup\miss0716\backup\miss0716\backup\miss0716\backup\miss0716\backup\miss0716\backup\miss0716\backup\miss0716\backup\dele0527\reprlib.py,F73D3CDA36BE9261264C0D0D8629510CEFE858F3B4A8CE53C3C0D179A90C0CED
C:\clean_rebuild\backup\miss0716\backup\miss0716\backup\miss0716\backup\miss0716\backup\miss0716\backup\miss0716\backup\miss0716\backup\miss0716\backup\miss0716\backup\miss0716\backup\miss0716\backup\miss0716\backup\miss0716\backup\miss0716\backup\miss0716\backup\miss0716\backup\miss0716\backup\miss0716\backup\miss0716\backup\miss0716\backup\miss0716\backup\miss0716\backup\miss0716\backup\miss0716\backup\miss0716\backup\miss0716\backup\miss0716\backup\miss0716\backup\miss0716\backup\miss0716\backup\miss0716\backup\miss0716\backup\miss0716\backup\miss0716\backup\miss0716\backup\miss0716\backup\miss0716\backup\miss0716\backup\miss0716\backup\miss0716\backup\miss0716\backup\miss0716\backup\miss0716\backup\miss0716\backup\miss0716\backup\miss0716\backup\miss0716\backup\miss0716\backup\miss0716\backup\miss0716\backup\miss0716\backup\miss0716\backup\miss0716\backup\miss0716\backup\miss0716\backup\miss0716\backup\miss0716\backup\miss0716\backup\miss0716\backup\miss0716\backup\miss0716\backup\miss0716\backup\miss0716\backup\miss0716\backup\miss0716\backup\miss0716\backup\miss0716\backup\miss0716\backup\miss0716\backup\miss0716\backup\miss0716\backup\miss0716\backup\miss0716\backup\miss0716\backup\miss0716\backup\miss0716\backup\miss0716\backup\miss0716\backup\miss0716\backup\miss0716\backup\miss0716\backup\miss0716\backup\miss0716\backup\dele0527\warnings.py,67B6A4E511C82ADF73D440B2D51AF90FE9AEA07BFDBF77A07BA05BBAD1C2226B
C:\clean_rebuild\backup\miss0716\backup\miss0716\backup\miss0716\backup\miss0716\backup\miss0716\backup\miss0716\backup\miss0716\backup\miss0716\backup\miss0716\backup\miss0716\backup\miss0716\backup\miss0716\backup\miss0716\backup\miss0716\backup\miss0716\backup\miss0716\backup\miss0716\backup\miss0716\backup\miss0716\backup\miss0716\backup\miss0716\backup\miss0716\backup\miss0716\backup\miss0716\backup\miss0716\backup\miss0716\backup\miss0716\backup\miss0716\backup\miss0716\backup\miss0716\backup\miss0716\backup\miss0716\backup\miss0716\backup\miss0716\backup\miss0716\backup\miss0716\backup\miss0716\backup\miss0716\backup\miss0716\backup\miss0716\backup\miss0716\backup\miss0716\backup\miss0716\backup\miss0716\backup\miss0716\backup\miss0716\backup\miss0716\backup\miss0716\backup\miss0716\backup\miss0716\backup\miss0716\backup\miss0716\backup\miss0716\backup\miss0716\backup\miss0716\backup\miss0716\backup\miss0716\backup\miss0716\backup\miss0716\backup\miss0716\backup\miss0716\backup\miss0716\backup\miss0716\backup\miss0716\backup\miss0716\backup\miss0716\backup\miss0716\backup\miss0716\backup\miss0716\backup\miss0716\backup\miss0716\backup\miss0716\backup\miss0716\backup\miss0716\backup\miss0716\backup\miss0716\backup\miss0716\backup\miss0716\backup\miss0716\backup\miss0716\backup\miss0716\backup\miss0716\backup\miss0716\backup\err0518_SNS_24AutoProject\DELETE_TEMP\cafe_crawler.py,9552F854FCF77389160A08CFB4BE2EB902CD9A0C0AF76AB57DF02CBF9125D369
C:\clean_rebuild\backup\miss0716\backup\miss0716\backup\miss0716\backup\miss0716\backup\miss0716\backup\miss0716\backup\miss0716\backup\miss0716\backup\miss0716\backup\miss0716\backup\miss0716\backup\miss0716\backup\miss0716\backup\miss0716\backup\miss0716\backup\miss0716\backup\miss0716\backup\miss0716\backup\miss0716\backup\miss0716\backup\miss0716\backup\miss0716\backup\miss0716\backup\miss0716\backup\miss0716\backup\miss0716\backup\miss0716\backup\miss0716\backup\miss0716\backup\miss0716\backup\miss0716\backup\miss0716\backup\miss0716\backup\miss0716\backup\miss0716\backup\miss0716\backup\miss0716\backup\miss0716\backup\miss0716\backup\miss0716\backup\miss0716\backup\miss0716\backup\miss0716\backup\miss0716\backup\miss0716\backup\miss0716\backup\miss0716\backup\miss0716\backup\miss0716\backup\miss0716\backup\miss0716\backup\miss0716\backup\miss0716\backup\miss0716\backup\miss0716\backup\miss0716\backup\miss0716\backup\miss0716\backup\miss0716\backup\miss0716\backup\miss0716\backup\miss0716\backup\miss0716\backup\miss0716\backup\miss0716\backup\miss0716\backup\miss0716\backup\miss0716\backup\miss0716\backup\miss0716\backup\miss0716\backup\miss0716\backup\miss0716\backup\miss0716\backup\miss0716\backup\miss0716\backup\miss0716\backup\miss0716\backup\miss0716\backup\miss0716\backup\miss0716\backup\miss0716\backup\miss0716\backup\err0518_SNS_24AutoProject\DELETE_TEMP\myscript.py,9552F854FCF77389160A08CFB4BE2EB902CD9A0C0AF76AB57DF02CBF9125D369
C:\clean_rebuild\backup\miss0716\backup\miss0716\backup\miss0716\backup\miss0716\backup\miss0716\backup\miss0716\backup\miss0716\backup\miss0716\backup\miss0716\backup\miss0716\backup\miss0716\backup\miss0716\backup\miss0716\backup\miss0716\backup\miss0716\backup\miss0716\backup\miss0716\backup\miss0716\backup\miss0716\backup\miss0716\backup\miss0716\backup\miss0716\backup\miss0716\backup\miss0716\backup\miss0716\backup\miss0716\backup\miss0716\backup\miss0716\backup\miss0716\backup\miss0716\backup\miss0716\backup\miss0716\backup\miss0716\backup\miss0716\backup\miss0716\backup\miss0716\backup\miss0716\backup\miss0716\backup\miss0716\backup\miss0716\backup\miss0716\backup\miss0716\backup\miss0716\backup\miss0716\backup\miss0716\backup\miss0716\backup\miss0716\backup\miss0716\backup\miss0716\backup\miss0716\backup\miss0716\backup\miss0716\backup\miss0716\backup\miss0716\backup\miss0716\backup\miss0716\backup\miss0716\backup\miss0716\backup\miss0716\backup\miss0716\backup\miss0716\backup\miss0716\backup\miss0716\backup\miss0716\backup\miss0716\backup\miss0716\backup\miss0716\backup\miss0716\backup\miss0716\backup\miss0716\backup\miss0716\backup\miss0716\backup\miss0716\backup\miss0716\backup\miss0716\backup\miss0716\backup\miss0716\backup\miss0716\backup\miss0716\backup\miss0716\backup\miss0716\backup\miss0716\backup\miss0716\backup\err0518_SNS_24AutoProject\DELETE_TEMP\__init___70e2dbc4.py,9552F854FCF77389160A08CFB4BE2EB902CD9A0C0AF76AB57DF02CBF9125D369
C:\clean_rebuild\backup\miss0716\backup\miss0716\backup\miss0716\backup\miss0716\backup\miss0716\backup\miss0716\backup\miss0716\backup\miss0716\backup\miss0716\backup\miss0716\backup\miss0716\backup\miss0716\backup\miss0716\backup\miss0716\backup\miss0716\backup\miss0716\backup\miss0716\backup\miss0716\backup\miss0716\backup\miss0716\backup\miss0716\backup\miss0716\backup\miss0716\backup\miss0716\backup\miss0716\backup\miss0716\backup\miss0716\backup\miss0716\backup\miss0716\backup\miss0716\backup\miss0716\backup\miss0716\backup\miss0716\backup\miss0716\backup\miss0716\backup\miss0716\backup\miss0716\backup\miss0716\backup\miss0716\backup\miss0716\backup\miss0716\backup\miss0716\backup\miss0716\backup\miss0716\backup\miss0716\backup\miss0716\backup\miss0716\backup\miss0716\backup\miss0716\backup\miss0716\backup\miss0716\backup\miss0716\backup\miss0716\backup\miss0716\backup\miss0716\backup\miss0716\backup\miss0716\backup\miss0716\backup\miss0716\backup\miss0716\backup\miss0716\backup\miss0716\backup\miss0716\backup\miss0716\backup\miss0716\backup\miss0716\backup\miss0716\backup\miss0716\backup\miss0716\backup\miss0716\backup\miss0716\backup\miss0716\backup\miss0716\backup\miss0716\backup\miss0716\backup\miss0716\backup\miss0716\backup\miss0716\backup\miss0716\backup\miss0716\backup\miss0716\backup\miss0716\backup\miss0716\backup\err0518_SNS_24AutoProject\DELETE_TEMP\__init___9db41b1f.py,9552F854FCF77389160A08CFB4BE2EB902CD9A0C0AF76AB57DF02CBF9125D369
C:\clean_rebuild\backup\miss0716\backup\miss0716\backup\miss0716\backup\miss0716\backup\miss0716\backup\miss0716\backup\miss0716\backup\miss0716\backup\miss0716\backup\miss0716\backup\miss0716\backup\miss0716\backup\miss0716\backup\miss0716\backup\miss0716\backup\miss0716\backup\miss0716\backup\miss0716\backup\miss0716\backup\miss0716\backup\miss0716\backup\miss0716\backup\miss0716\backup\miss0716\backup\miss0716\backup\miss0716\backup\miss0716\backup\miss0716\backup\miss0716\backup\miss0716\backup\miss0716\backup\miss0716\backup\miss0716\backup\miss0716\backup\miss0716\backup\miss0716\backup\miss0716\backup\miss0716\backup\miss0716\backup\miss0716\backup\miss0716\backup\miss0716\backup\miss0716\backup\miss0716\backup\miss0716\backup\miss0716\backup\miss0716\backup\miss0716\backup\miss0716\backup\miss0716\backup\miss0716\backup\miss0716\backup\miss0716\backup\miss0716\backup\miss0716\backup\miss0716\backup\miss0716\backup\miss0716\backup\miss0716\backup\miss0716\backup\miss0716\backup\miss0716\backup\miss0716\backup\miss0716\backup\miss0716\backup\miss0716\backup\miss0716\backup\miss0716\backup\miss0716\backup\miss0716\backup\miss0716\backup\miss0716\backup\miss0716\backup\miss0716\backup\miss0716\backup\miss0716\backup\miss0716\backup\miss0716\backup\miss0716\backup\miss0716\backup\miss0716\backup\miss0716\backup\miss0716\backup\err0518_SNS_24AutoProject\DELETE_TEMP\__init___dbfceb12.py,9552F854FCF77389160A08CFB4BE2EB902CD9A0C0AF76AB57DF02CBF9125D369
C:\clean_rebuild\backup\miss0716\backup\miss0716\backup\miss0716\backup\miss0716\backup\miss0716\backup\miss0716\backup\miss0716\backup\miss0716\backup\miss0716\backup\miss0716\backup\miss0716\backup\miss0716\backup\miss0716\backup\miss0716\backup\miss0716\backup\miss0716\backup\miss0716\backup\miss0716\backup\miss0716\backup\miss0716\backup\miss0716\backup\miss0716\backup\miss0716\backup\miss0716\backup\miss0716\backup\miss0716\backup\miss0716\backup\miss0716\backup\miss0716\backup\miss0716\backup\miss0716\backup\miss0716\backup\miss0716\backup\miss0716\backup\miss0716\backup\miss0716\backup\miss0716\backup\miss0716\backup\miss0716\backup\miss0716\backup\miss0716\backup\miss0716\backup\miss0716\backup\miss0716\backup\miss0716\backup\miss0716\backup\miss0716\backup\miss0716\backup\miss0716\backup\miss0716\backup\miss0716\backup\miss0716\backup\miss0716\backup\miss0716\backup\miss0716\backup\miss0716\backup\miss0716\backup\miss0716\backup\miss0716\backup\miss0716\backup\miss0716\backup\miss0716\backup\miss0716\backup\miss0716\backup\miss0716\backup\miss0716\backup\miss0716\backup\miss0716\backup\miss0716\backup\miss0716\backup\miss0716\backup\miss0716\backup\miss0716\backup\miss0716\backup\miss0716\backup\miss0716\backup\miss0716\backup\miss0716\backup\miss0716\backup\miss0716\backup\miss0716\backup\miss0716\backup\miss0716\backup\miss0716\.venv\Lib\site-packages\pip\_internal\utils\distutils_args.py,E8DAA7D316702E838E7695A2AF1CFBF062045B42CD436E13FEF7857983ABBBA8
C:\clean_rebuild\backup\miss0716\backup\miss0716\backup\miss0716\backup\miss0716\backup\miss0716\backup\miss0716\backup\miss0716\backup\miss0716\backup\miss0716\backup\miss0716\backup\miss0716\backup\miss0716\backup\miss0716\backup\miss0716\backup\miss0716\backup\miss0716\backup\miss0716\backup\miss0716\backup\miss0716\backup\miss0716\backup\miss0716\backup\miss0716\backup\miss0716\backup\miss0716\backup\miss0716\backup\miss0716\backup\miss0716\backup\miss0716\backup\miss0716\backup\miss0716\backup\miss0716\backup\miss0716\backup\miss0716\backup\miss0716\backup\miss0716\backup\miss0716\backup\miss0716\backup\miss0716\backup\miss0716\backup\miss0716\backup\miss0716\backup\miss0716\backup\miss0716\backup\miss0716\backup\miss0716\backup\miss0716\backup\miss0716\backup\miss0716\backup\miss0716\backup\miss0716\backup\miss0716\backup\miss0716\backup\miss0716\backup\miss0716\backup\miss0716\backup\miss0716\backup\miss0716\backup\miss0716\backup\miss0716\backup\miss0716\backup\miss0716\backup\miss0716\backup\miss0716\backup\miss0716\backup\miss0716\backup\miss0716\backup\miss0716\backup\miss0716\backup\miss0716\backup\miss0716\backup\miss0716\backup\miss0716\backup\miss0716\backup\miss0716\backup\miss0716\backup\miss0716\backup\miss0716\backup\miss0716\backup\miss0716\backup\miss0716\backup\miss0716\backup\miss0716\backup\miss0716\backup\miss0716\.venv\Lib\site-packages\pip\_internal\utils\inject_securetransport.py,7FE18EC85D4AA9155BB521EA996F9490B8C1A21BB2A68A5812636BBD28F7A98F
C:\clean_rebuild\backup\miss0716\backup\miss0716\backup\miss0716\backup\miss0716\backup\miss0716\backup\miss0716\backup\miss0716\backup\miss0716\backup\miss0716\backup\miss0716\backup\miss0716\backup\miss0716\backup\miss0716\backup\miss0716\backup\miss0716\backup\miss0716\backup\miss0716\backup\miss0716\backup\miss0716\backup\miss0716\backup\miss0716\backup\miss0716\backup\miss0716\backup\miss0716\backup\miss0716\backup\miss0716\backup\miss0716\backup\miss0716\backup\miss0716\backup\miss0716\backup\miss0716\backup\miss0716\backup\miss0716\backup\miss0716\backup\miss0716\backup\miss0716\backup\miss0716\backup\miss0716\backup\miss0716\backup\miss0716\backup\miss0716\backup\miss0716\backup\miss0716\backup\miss0716\backup\miss0716\backup\miss0716\backup\miss0716\backup\miss0716\backup\miss0716\backup\miss0716\backup\miss0716\backup\miss0716\backup\miss0716\backup\miss0716\backup\miss0716\backup\miss0716\backup\miss0716\backup\miss0716\backup\miss0716\backup\miss0716\backup\miss0716\backup\miss0716\backup\miss0716\backup\miss0716\backup\miss0716\backup\miss0716\backup\miss0716\backup\miss0716\backup\miss0716\backup\miss0716\backup\miss0716\backup\miss0716\backup\miss0716\backup\miss0716\backup\miss0716\backup\miss0716\backup\miss0716\backup\miss0716\backup\miss0716\backup\miss0716\backup\miss0716\backup\miss0716\backup\miss0716\backup\miss0716\.venv\Lib\site-packages\pip\_vendor\pkg_resources\py31compat.py,B734067BEC3C83B1845DBE8ECF0DBEBFC647688CA00039B0D0B020AE26333C07
C:\clean_rebuild\backup\miss0716\backup\miss0716\backup\miss0716\backup\miss0716\backup\miss0716\backup\miss0716\backup\miss0716\backup\miss0716\backup\miss0716\backup\miss0716\backup\miss0716\backup\miss0716\backup\miss0716\backup\miss0716\backup\miss0716\backup\miss0716\backup\miss0716\backup\miss0716\backup\miss0716\backup\miss0716\backup\miss0716\backup\miss0716\backup\miss0716\backup\miss0716\backup\miss0716\backup\miss0716\backup\miss0716\backup\miss0716\backup\miss0716\backup\miss0716\backup\miss0716\backup\miss0716\backup\miss0716\backup\miss0716\backup\miss0716\backup\miss0716\backup\miss0716\backup\miss0716\backup\miss0716\backup\miss0716\backup\miss0716\backup\miss0716\backup\miss0716\backup\miss0716\backup\miss0716\backup\miss0716\backup\miss0716\backup\miss0716\backup\miss0716\backup\miss0716\backup\miss0716\backup\miss0716\backup\miss0716\backup\miss0716\backup\miss0716\backup\miss0716\backup\miss0716\backup\miss0716\backup\miss0716\backup\miss0716\backup\miss0716\backup\miss0716\backup\miss0716\backup\miss0716\backup\miss0716\backup\miss0716\backup\miss0716\backup\miss0716\backup\miss0716\backup\miss0716\backup\miss0716\backup\miss0716\backup\miss0716\backup\miss0716\backup\miss0716\backup\miss0716\backup\miss0716\backup\miss0716\backup\miss0716\backup\miss0716\backup\miss0716\backup\miss0716\backup\miss0716\backup\miss0716\.venv\Lib\site-packages\setuptools\command\editable_wheel.py,2D9D5EFC5DF1E420BBC02761F9458D2EA8AF3A7CE49C818DD458CE6865FCCFAB
C:\clean_rebuild\backup\miss0716\backup\miss0716\backup\miss0716\backup\miss0716\backup\miss0716\backup\miss0716\backup\miss0716\backup\miss0716\backup\miss0716\backup\miss0716\backup\miss0716\backup\miss0716\backup\miss0716\backup\miss0716\backup\miss0716\backup\miss0716\backup\miss0716\backup\miss0716\backup\miss0716\backup\miss0716\backup\miss0716\backup\miss0716\backup\miss0716\backup\miss0716\backup\miss0716\backup\miss0716\backup\miss0716\backup\miss0716\backup\miss0716\backup\miss0716\backup\miss0716\backup\miss0716\backup\miss0716\backup\miss0716\backup\miss0716\backup\miss0716\backup\miss0716\backup\miss0716\backup\miss0716\backup\miss0716\backup\miss0716\backup\miss0716\backup\miss0716\backup\miss0716\backup\miss0716\backup\miss0716\backup\miss0716\backup\miss0716\backup\miss0716\backup\miss0716\backup\miss0716\backup\miss0716\backup\miss0716\backup\miss0716\backup\miss0716\backup\miss0716\backup\miss0716\backup\miss0716\backup\miss0716\backup\miss0716\backup\miss0716\backup\miss0716\backup\miss0716\backup\miss0716\backup\miss0716\backup\miss0716\backup\miss0716\backup\miss0716\backup\miss0716\backup\miss0716\backup\miss0716\backup\miss0716\backup\miss0716\backup\miss0716\backup\miss0716\backup\miss0716\backup\miss0716\backup\miss0716\backup\miss0716\backup\miss0716\backup\miss0716\backup\miss0716\backup\miss0716\backup\miss0716\.venv\Lib\site-packages\setuptools\config\_validate_pyproject\error_reporting.py,10713CF1200F673CFA3E7D46A4E0AE3268F0B359FB2782568617C5A2B7B24585
C:\clean_rebuild\backup\miss0716\backup\miss0716\backup\miss0716\backup\miss0716\backup\miss0716\backup\miss0716\backup\miss0716\backup\miss0716\backup\miss0716\backup\miss0716\backup\miss0716\backup\miss0716\backup\miss0716\backup\miss0716\backup\miss0716\backup\miss0716\backup\miss0716\backup\miss0716\backup\miss0716\backup\miss0716\backup\miss0716\backup\miss0716\backup\miss0716\backup\miss0716\backup\miss0716\backup\miss0716\backup\miss0716\backup\miss0716\backup\miss0716\backup\miss0716\backup\miss0716\backup\miss0716\backup\miss0716\backup\miss0716\backup\miss0716\backup\miss0716\backup\miss0716\backup\miss0716\backup\miss0716\backup\miss0716\backup\miss0716\backup\miss0716\backup\miss0716\backup\miss0716\backup\miss0716\backup\miss0716\backup\miss0716\backup\miss0716\backup\miss0716\backup\miss0716\backup\miss0716\backup\miss0716\backup\miss0716\backup\miss0716\backup\miss0716\backup\miss0716\backup\miss0716\backup\miss0716\backup\miss0716\backup\miss0716\backup\miss0716\backup\miss0716\backup\miss0716\backup\miss0716\backup\miss0716\backup\miss0716\backup\miss0716\backup\miss0716\backup\miss0716\backup\miss0716\backup\miss0716\backup\miss0716\backup\miss0716\backup\miss0716\backup\miss0716\backup\miss0716\backup\miss0716\backup\miss0716\backup\miss0716\backup\miss0716\backup\miss0716\backup\miss0716\backup\miss0716\backup\miss0716\.venv\Lib\site-packages\setuptools\config\_validate_pyproject\extra_validations.py,95751C9EF58D616D4D6B303361FECCF36D33AEEA9728BA35A6D6375A3A08CDFD
C:\clean_rebuild\backup\miss0716\backup\miss0716\backup\miss0716\backup\miss0716\backup\miss0716\backup\miss0716\backup\miss0716\backup\miss0716\backup\miss0716\backup\miss0716\backup\miss0716\backup\miss0716\backup\miss0716\backup\miss0716\backup\miss0716\backup\miss0716\backup\miss0716\backup\miss0716\backup\miss0716\backup\miss0716\backup\miss0716\backup\miss0716\backup\miss0716\backup\miss0716\backup\miss0716\backup\miss0716\backup\miss0716\backup\miss0716\backup\miss0716\backup\miss0716\backup\miss0716\backup\miss0716\backup\miss0716\backup\miss0716\backup\miss0716\backup\miss0716\backup\miss0716\backup\miss0716\backup\miss0716\backup\miss0716\backup\miss0716\backup\miss0716\backup\miss0716\backup\miss0716\backup\miss0716\backup\miss0716\backup\miss0716\backup\miss0716\backup\miss0716\backup\miss0716\backup\miss0716\backup\miss0716\backup\miss0716\backup\miss0716\backup\miss0716\backup\miss0716\backup\miss0716\backup\miss0716\backup\miss0716\backup\miss0716\backup\miss0716\backup\miss0716\backup\miss0716\backup\miss0716\backup\miss0716\backup\miss0716\backup\miss0716\backup\miss0716\backup\miss0716\backup\miss0716\backup\miss0716\backup\miss0716\backup\miss0716\backup\miss0716\backup\miss0716\backup\miss0716\backup\miss0716\backup\miss0716\backup\miss0716\backup\miss0716\backup\miss0716\backup\miss0716\backup\miss0716\backup\miss0716\.venv\Lib\site-packages\setuptools\config\_validate_pyproject\fastjsonschema_exceptions.py,903DB5644AC0E510151A775D060550B547B124D9E6218B15BD96A05DFDCED246
C:\clean_rebuild\backup\miss0716\backup\miss0716\backup\miss0716\backup\miss0716\backup\miss0716\backup\miss0716\backup\miss0716\backup\miss0716\backup\miss0716\backup\miss0716\backup\miss0716\backup\miss0716\backup\miss0716\backup\miss0716\backup\miss0716\backup\miss0716\backup\miss0716\backup\miss0716\backup\miss0716\backup\miss0716\backup\miss0716\backup\miss0716\backup\miss0716\backup\miss0716\backup\miss0716\backup\miss0716\backup\miss0716\backup\miss0716\backup\miss0716\backup\miss0716\backup\miss0716\backup\miss0716\backup\miss0716\backup\miss0716\backup\miss0716\backup\miss0716\backup\miss0716\backup\miss0716\backup\miss0716\backup\miss0716\backup\miss0716\backup\miss0716\backup\miss0716\backup\miss0716\backup\miss0716\backup\miss0716\backup\miss0716\backup\miss0716\backup\miss0716\backup\miss0716\backup\miss0716\backup\miss0716\backup\miss0716\backup\miss0716\backup\miss0716\backup\miss0716\backup\miss0716\backup\miss0716\backup\miss0716\backup\miss0716\backup\miss0716\backup\miss0716\backup\miss0716\backup\miss0716\backup\miss0716\backup\miss0716\backup\miss0716\backup\miss0716\backup\miss0716\backup\miss0716\backup\miss0716\backup\miss0716\backup\miss0716\backup\miss0716\backup\miss0716\backup\miss0716\backup\miss0716\backup\miss0716\backup\miss0716\backup\miss0716\backup\miss0716\backup\miss0716\backup\miss0716\backup\miss0716\.venv\Lib\site-packages\setuptools\config\_validate_pyproject\fastjsonschema_validations.py,847948A2895B3D4E594E9E0998FCD82C53A6017AC48F80989F64039BF850D9DD
C:\clean_rebuild\backup\miss0716\backup\miss0716\backup\miss0716\backup\miss0716\backup\miss0716\backup\miss0716\backup\miss0716\backup\miss0716\backup\miss0716\backup\miss0716\backup\miss0716\backup\miss0716\backup\miss0716\backup\miss0716\backup\miss0716\backup\miss0716\backup\miss0716\backup\miss0716\backup\miss0716\backup\miss0716\backup\miss0716\backup\miss0716\backup\miss0716\backup\miss0716\backup\miss0716\backup\miss0716\backup\miss0716\backup\miss0716\backup\miss0716\backup\miss0716\backup\miss0716\backup\miss0716\backup\miss0716\backup\miss0716\backup\miss0716\backup\miss0716\backup\miss0716\backup\miss0716\backup\miss0716\backup\miss0716\backup\miss0716\backup\miss0716\backup\miss0716\backup\miss0716\backup\miss0716\backup\miss0716\backup\miss0716\backup\miss0716\backup\miss0716\backup\miss0716\backup\miss0716\backup\miss0716\backup\miss0716\backup\miss0716\backup\miss0716\backup\miss0716\backup\miss0716\backup\miss0716\backup\miss0716\backup\miss0716\backup\miss0716\backup\miss0716\backup\miss0716\backup\miss0716\backup\miss0716\backup\miss0716\backup\miss0716\backup\miss0716\backup\miss0716\backup\miss0716\backup\miss0716\backup\miss0716\backup\miss0716\backup\miss0716\backup\miss0716\backup\miss0716\backup\miss0716\backup\miss0716\backup\miss0716\backup\miss0716\backup\miss0716\backup\miss0716\backup\miss0716\backup\miss0716\.venv\Lib\site-packages\setuptools\config\_validate_pyproject\formats.py,407E0B4EF7CD6D0C01A286693BA588E0E07D498AEAEA9F39ED15753FBECC923A
C:\clean_rebuild\backup\miss0716\backup\miss0716\backup\miss0716\backup\miss0716\backup\miss0716\backup\miss0716\backup\miss0716\backup\miss0716\backup\miss0716\backup\miss0716\backup\miss0716\backup\miss0716\backup\miss0716\backup\miss0716\backup\miss0716\backup\miss0716\backup\miss0716\backup\miss0716\backup\miss0716\backup\miss0716\backup\miss0716\backup\miss0716\backup\miss0716\backup\miss0716\backup\miss0716\backup\miss0716\backup\miss0716\backup\miss0716\backup\miss0716\backup\miss0716\backup\miss0716\backup\miss0716\backup\miss0716\backup\miss0716\backup\miss0716\backup\miss0716\backup\miss0716\backup\miss0716\backup\miss0716\backup\miss0716\backup\miss0716\backup\miss0716\backup\miss0716\backup\miss0716\backup\miss0716\backup\miss0716\backup\miss0716\backup\miss0716\backup\miss0716\backup\miss0716\backup\miss0716\backup\miss0716\backup\miss0716\backup\miss0716\backup\miss0716\backup\miss0716\backup\miss0716\backup\miss0716\backup\miss0716\backup\miss0716\backup\miss0716\backup\miss0716\backup\miss0716\backup\miss0716\backup\miss0716\backup\miss0716\backup\miss0716\backup\miss0716\backup\miss0716\backup\miss0716\backup\miss0716\backup\miss0716\backup\miss0716\backup\miss0716\backup\miss0716\backup\miss0716\backup\miss0716\backup\miss0716\backup\miss0716\backup\miss0716\backup\miss0716\backup\miss0716\backup\miss0716\backup\miss0716\.venv\Lib\site-packages\setuptools\config\expand.py,01BF1D5B95F919922E2534A5FDDDAE58F6630547EC276D7F22DFA6238D3DE780
C:\clean_rebuild\backup\miss0716\backup\miss0716\backup\miss0716\backup\miss0716\backup\miss0716\backup\miss0716\backup\miss0716\backup\miss0716\backup\miss0716\backup\miss0716\backup\miss0716\backup\miss0716\backup\miss0716\backup\miss0716\backup\miss0716\backup\miss0716\backup\miss0716\backup\miss0716\backup\miss0716\backup\miss0716\backup\miss0716\backup\miss0716\backup\miss0716\backup\miss0716\backup\miss0716\backup\miss0716\backup\miss0716\backup\miss0716\backup\miss0716\backup\miss0716\backup\miss0716\backup\miss0716\backup\miss0716\backup\miss0716\backup\miss0716\backup\miss0716\backup\miss0716\backup\miss0716\backup\miss0716\backup\miss0716\backup\miss0716\backup\miss0716\backup\miss0716\backup\miss0716\backup\miss0716\backup\miss0716\backup\miss0716\backup\miss0716\backup\miss0716\backup\miss0716\backup\miss0716\backup\miss0716\backup\miss0716\backup\miss0716\backup\miss0716\backup\miss0716\backup\miss0716\backup\miss0716\backup\miss0716\backup\miss0716\backup\miss0716\backup\miss0716\backup\miss0716\backup\miss0716\backup\miss0716\backup\miss0716\backup\miss0716\backup\miss0716\backup\miss0716\backup\miss0716\backup\miss0716\backup\miss0716\backup\miss0716\backup\miss0716\backup\miss0716\backup\miss0716\backup\miss0716\backup\miss0716\backup\miss0716\backup\miss0716\backup\miss0716\backup\miss0716\backup\miss0716\backup\miss0716\.venv\Lib\site-packages\setuptools\config\pyprojecttoml.py,7489C7ABE9B38217A43484C5753934689C2B381421F7F58043E5D5BFB2EE7BE4
C:\clean_rebuild\backup\miss0716\backup\miss0716\backup\miss0716\backup\miss0716\backup\miss0716\backup\miss0716\backup\miss0716\backup\miss0716\backup\miss0716\backup\miss0716\backup\miss0716\backup\miss0716\backup\miss0716\backup\miss0716\backup\miss0716\backup\miss0716\backup\miss0716\backup\miss0716\backup\miss0716\backup\miss0716\backup\miss0716\backup\miss0716\backup\miss0716\backup\miss0716\backup\miss0716\backup\miss0716\backup\miss0716\backup\miss0716\backup\miss0716\backup\miss0716\backup\miss0716\backup\miss0716\backup\miss0716\backup\miss0716\backup\miss0716\backup\miss0716\backup\miss0716\backup\miss0716\backup\miss0716\backup\miss0716\backup\miss0716\backup\miss0716\backup\miss0716\backup\miss0716\backup\miss0716\backup\miss0716\backup\miss0716\backup\miss0716\backup\miss0716\backup\miss0716\backup\miss0716\backup\miss0716\backup\miss0716\backup\miss0716\backup\miss0716\backup\miss0716\backup\miss0716\backup\miss0716\backup\miss0716\backup\miss0716\backup\miss0716\backup\miss0716\backup\miss0716\backup\miss0716\backup\miss0716\backup\miss0716\backup\miss0716\backup\miss0716\backup\miss0716\backup\miss0716\backup\miss0716\backup\miss0716\backup\miss0716\backup\miss0716\backup\miss0716\backup\miss0716\backup\miss0716\backup\miss0716\backup\miss0716\backup\miss0716\backup\miss0716\backup\miss0716\backup\miss0716\backup\miss0716\.venv\Lib\site-packages\setuptools\config\setupcfg.py,D3C687017DDBF373D3A8F50215704977815671422019460D5C387F9F24706193
C:\clean_rebuild\backup\miss0716\backup\miss0716\backup\miss0716\backup\miss0716\backup\miss0716\backup\miss0716\backup\miss0716\backup\miss0716\backup\miss0716\backup\miss0716\backup\miss0716\backup\miss0716\backup\miss0716\backup\miss0716\backup\miss0716\backup\miss0716\backup\miss0716\backup\miss0716\backup\miss0716\backup\miss0716\backup\miss0716\backup\miss0716\backup\miss0716\backup\miss0716\backup\miss0716\backup\miss0716\backup\miss0716\backup\miss0716\backup\miss0716\backup\miss0716\backup\miss0716\backup\miss0716\backup\miss0716\backup\miss0716\backup\miss0716\backup\miss0716\backup\miss0716\backup\miss0716\backup\miss0716\backup\miss0716\backup\miss0716\backup\miss0716\backup\miss0716\backup\miss0716\backup\miss0716\backup\miss0716\backup\miss0716\backup\miss0716\backup\miss0716\backup\miss0716\backup\miss0716\backup\miss0716\backup\miss0716\backup\miss0716\backup\miss0716\backup\miss0716\backup\miss0716\backup\miss0716\backup\miss0716\backup\miss0716\backup\miss0716\backup\miss0716\backup\miss0716\backup\miss0716\backup\miss0716\backup\miss0716\backup\miss0716\backup\miss0716\backup\miss0716\backup\miss0716\backup\miss0716\backup\miss0716\backup\miss0716\backup\miss0716\backup\miss0716\backup\miss0716\backup\miss0716\backup\miss0716\backup\miss0716\backup\miss0716\backup\miss0716\backup\miss0716\backup\miss0716\backup\miss0716\.venv\Lib\site-packages\setuptools\config\_apply_pyprojecttoml.py,E1CD2E580DE12D4A768A27B1A936DA32DC01B5AF32BA42D9C2F53C4C7F657ED3
C:\clean_rebuild\backup\miss0716\backup\miss0716\backup\miss0716\backup\miss0716\backup\miss0716\backup\miss0716\backup\miss0716\backup\miss0716\backup\miss0716\backup\miss0716\backup\miss0716\backup\miss0716\backup\miss0716\backup\miss0716\backup\miss0716\backup\miss0716\backup\miss0716\backup\miss0716\backup\miss0716\backup\miss0716\backup\miss0716\backup\miss0716\backup\miss0716\backup\miss0716\backup\miss0716\backup\miss0716\backup\miss0716\backup\miss0716\backup\miss0716\backup\miss0716\backup\miss0716\backup\miss0716\backup\miss0716\backup\miss0716\backup\miss0716\backup\miss0716\backup\miss0716\backup\miss0716\backup\miss0716\backup\miss0716\backup\miss0716\backup\miss0716\backup\miss0716\backup\miss0716\backup\miss0716\backup\miss0716\backup\miss0716\backup\miss0716\backup\miss0716\backup\miss0716\backup\miss0716\backup\miss0716\backup\miss0716\backup\miss0716\backup\miss0716\backup\miss0716\backup\miss0716\backup\miss0716\backup\miss0716\backup\miss0716\backup\miss0716\backup\miss0716\backup\miss0716\backup\miss0716\backup\miss0716\backup\miss0716\backup\miss0716\backup\miss0716\backup\miss0716\backup\miss0716\backup\miss0716\backup\miss0716\backup\miss0716\backup\miss0716\backup\miss0716\backup\miss0716\backup\miss0716\backup\miss0716\backup\miss0716\backup\miss0716\backup\miss0716\backup\miss0716\backup\miss0716\backup\miss0716\.venv\Lib\site-packages\setuptools\_distutils\command\_framework_compat.py,91F03F20AF2F259E48C24CEFF230A6BF2691AB2D8708262B55896A509F6D4D67
C:\clean_rebuild\backup\miss0716\backup\miss0716\backup\miss0716\backup\miss0716\backup\miss0716\backup\miss0716\backup\miss0716\backup\miss0716\backup\miss0716\backup\miss0716\backup\miss0716\backup\miss0716\backup\miss0716\backup\miss0716\backup\miss0716\backup\miss0716\backup\miss0716\backup\miss0716\backup\miss0716\backup\miss0716\backup\miss0716\backup\miss0716\backup\miss0716\backup\miss0716\backup\miss0716\backup\miss0716\backup\miss0716\backup\miss0716\backup\miss0716\backup\miss0716\backup\miss0716\backup\miss0716\backup\miss0716\backup\miss0716\backup\miss0716\backup\miss0716\backup\miss0716\backup\miss0716\backup\miss0716\backup\miss0716\backup\miss0716\backup\miss0716\backup\miss0716\backup\miss0716\backup\miss0716\backup\miss0716\backup\miss0716\backup\miss0716\backup\miss0716\backup\miss0716\backup\miss0716\backup\miss0716\backup\miss0716\backup\miss0716\backup\miss0716\backup\miss0716\backup\miss0716\backup\miss0716\backup\miss0716\backup\miss0716\backup\miss0716\backup\miss0716\backup\miss0716\backup\miss0716\backup\miss0716\backup\miss0716\backup\miss0716\backup\miss0716\backup\miss0716\backup\miss0716\backup\miss0716\backup\miss0716\backup\miss0716\backup\miss0716\backup\miss0716\backup\miss0716\backup\miss0716\backup\miss0716\backup\miss0716\backup\miss0716\backup\miss0716\backup\miss0716\backup\miss0716\backup\miss0716\.venv\Lib\site-packages\setuptools\_distutils\py39compat.py,6D5CDF57BD101C45989FB7B507BF9ACD8605C4BFC89EF8435B131F812020C0BD
C:\clean_rebuild\backup\miss0716\backup\miss0716\backup\miss0716\backup\miss0716\backup\miss0716\backup\miss0716\backup\miss0716\backup\miss0716\backup\miss0716\backup\miss0716\backup\miss0716\backup\miss0716\backup\miss0716\backup\miss0716\backup\miss0716\backup\miss0716\backup\miss0716\backup\miss0716\backup\miss0716\backup\miss0716\backup\miss0716\backup\miss0716\backup\miss0716\backup\miss0716\backup\miss0716\backup\miss0716\backup\miss0716\backup\miss0716\backup\miss0716\backup\miss0716\backup\miss0716\backup\miss0716\backup\miss0716\backup\miss0716\backup\miss0716\backup\miss0716\backup\miss0716\backup\miss0716\backup\miss0716\backup\miss0716\backup\miss0716\backup\miss0716\backup\miss0716\backup\miss0716\backup\miss0716\backup\miss0716\backup\miss0716\backup\miss0716\backup\miss0716\backup\miss0716\backup\miss0716\backup\miss0716\backup\miss0716\backup\miss0716\backup\miss0716\backup\miss0716\backup\miss0716\backup\miss0716\backup\miss0716\backup\miss0716\backup\miss0716\backup\miss0716\backup\miss0716\backup\miss0716\backup\miss0716\backup\miss0716\backup\miss0716\backup\miss0716\backup\miss0716\backup\miss0716\backup\miss0716\backup\miss0716\backup\miss0716\backup\miss0716\backup\miss0716\backup\miss0716\backup\miss0716\backup\miss0716\backup\miss0716\backup\miss0716\backup\miss0716\backup\miss0716\backup\miss0716\backup\miss0716\.venv\Lib\site-packages\setuptools\_distutils\_macos_compat.py,9EE3275167C03D6EBD460575FE4FE5200429969406A9FCA6A2E835110C5DFE5C
C:\clean_rebuild\backup\miss0716\backup\miss0716\backup\miss0716\backup\miss0716\backup\miss0716\backup\miss0716\backup\miss0716\backup\miss0716\backup\miss0716\backup\miss0716\backup\miss0716\backup\miss0716\backup\miss0716\backup\miss0716\backup\miss0716\backup\miss0716\backup\miss0716\backup\miss0716\backup\miss0716\backup\miss0716\backup\miss0716\backup\miss0716\backup\miss0716\backup\miss0716\backup\miss0716\backup\miss0716\backup\miss0716\backup\miss0716\backup\miss0716\backup\miss0716\backup\miss0716\backup\miss0716\backup\miss0716\backup\miss0716\backup\miss0716\backup\miss0716\backup\miss0716\backup\miss0716\backup\miss0716\backup\miss0716\backup\miss0716\backup\miss0716\backup\miss0716\backup\miss0716\backup\miss0716\backup\miss0716\backup\miss0716\backup\miss0716\backup\miss0716\backup\miss0716\backup\miss0716\backup\miss0716\backup\miss0716\backup\miss0716\backup\miss0716\backup\miss0716\backup\miss0716\backup\miss0716\backup\miss0716\backup\miss0716\backup\miss0716\backup\miss0716\backup\miss0716\backup\miss0716\backup\miss0716\backup\miss0716\backup\miss0716\backup\miss0716\backup\miss0716\backup\miss0716\backup\miss0716\backup\miss0716\backup\miss0716\backup\miss0716\backup\miss0716\backup\miss0716\backup\miss0716\backup\miss0716\backup\miss0716\backup\miss0716\backup\miss0716\backup\miss0716\backup\miss0716\backup\miss0716\.venv\Lib\site-packages\setuptools\_vendor\importlib_metadata\_functools.py,DA7408563C04CAD511DAEBF9E2A1091AD148DEF11A388437D05B97A5618B881D
C:\clean_rebuild\backup\miss0716\backup\miss0716\backup\miss0716\backup\miss0716\backup\miss0716\backup\miss0716\backup\miss0716\backup\miss0716\backup\miss0716\backup\miss0716\backup\miss0716\backup\miss0716\backup\miss0716\backup\miss0716\backup\miss0716\backup\miss0716\backup\miss0716\backup\miss0716\backup\miss0716\backup\miss0716\backup\miss0716\backup\miss0716\backup\miss0716\backup\miss0716\backup\miss0716\backup\miss0716\backup\miss0716\backup\miss0716\backup\miss0716\backup\miss0716\backup\miss0716\backup\miss0716\backup\miss0716\backup\miss0716\backup\miss0716\backup\miss0716\backup\miss0716\backup\miss0716\backup\miss0716\backup\miss0716\backup\miss0716\backup\miss0716\backup\miss0716\backup\miss0716\backup\miss0716\backup\miss0716\backup\miss0716\backup\miss0716\backup\miss0716\backup\miss0716\backup\miss0716\backup\miss0716\backup\miss0716\backup\miss0716\backup\miss0716\backup\miss0716\backup\miss0716\backup\miss0716\backup\miss0716\backup\miss0716\backup\miss0716\backup\miss0716\backup\miss0716\backup\miss0716\backup\miss0716\backup\miss0716\backup\miss0716\backup\miss0716\backup\miss0716\backup\miss0716\backup\miss0716\backup\miss0716\backup\miss0716\backup\miss0716\backup\miss0716\backup\miss0716\backup\miss0716\backup\miss0716\backup\miss0716\backup\miss0716\backup\miss0716\backup\miss0716\backup\miss0716\backup\miss0716\.venv\Lib\site-packages\setuptools\_vendor\importlib_metadata\_meta.py,97E8792C8E6ABBD3684C71F512E4A7D43A5181A12E3407DAD85A92C18DDBC085
C:\clean_rebuild\backup\miss0716\backup\miss0716\backup\miss0716\backup\miss0716\backup\miss0716\backup\miss0716\backup\miss0716\backup\miss0716\backup\miss0716\backup\miss0716\backup\miss0716\backup\miss0716\backup\miss0716\backup\miss0716\backup\miss0716\backup\miss0716\backup\miss0716\backup\miss0716\backup\miss0716\backup\miss0716\backup\miss0716\backup\miss0716\backup\miss0716\backup\miss0716\backup\miss0716\backup\miss0716\backup\miss0716\backup\miss0716\backup\miss0716\backup\miss0716\backup\miss0716\backup\miss0716\backup\miss0716\backup\miss0716\backup\miss0716\backup\miss0716\backup\miss0716\backup\miss0716\backup\miss0716\backup\miss0716\backup\miss0716\backup\miss0716\backup\miss0716\backup\miss0716\backup\miss0716\backup\miss0716\backup\miss0716\backup\miss0716\backup\miss0716\backup\miss0716\backup\miss0716\backup\miss0716\backup\miss0716\backup\miss0716\backup\miss0716\backup\miss0716\backup\miss0716\backup\miss0716\backup\miss0716\backup\miss0716\backup\miss0716\backup\miss0716\backup\miss0716\backup\miss0716\backup\miss0716\backup\miss0716\backup\miss0716\backup\miss0716\backup\miss0716\backup\miss0716\backup\miss0716\backup\miss0716\backup\miss0716\backup\miss0716\backup\miss0716\backup\miss0716\backup\miss0716\backup\miss0716\backup\miss0716\backup\miss0716\backup\miss0716\backup\miss0716\backup\miss0716\backup\miss0716\.venv\Lib\site-packages\setuptools\_vendor\importlib_metadata\_text.py,F9798B7F058B7BB83F97ADE51F5AABF346BFC95361F555902A0612DFC3EECF10
C:\clean_rebuild\backup\miss0716\backup\miss0716\backup\miss0716\backup\miss0716\backup\miss0716\backup\miss0716\backup\miss0716\backup\miss0716\backup\miss0716\backup\miss0716\backup\miss0716\backup\miss0716\backup\miss0716\backup\miss0716\backup\miss0716\backup\miss0716\backup\miss0716\backup\miss0716\backup\miss0716\backup\miss0716\backup\miss0716\backup\miss0716\backup\miss0716\backup\miss0716\backup\miss0716\backup\miss0716\backup\miss0716\backup\miss0716\backup\miss0716\backup\miss0716\backup\miss0716\backup\miss0716\backup\miss0716\backup\miss0716\backup\miss0716\backup\miss0716\backup\miss0716\backup\miss0716\backup\miss0716\backup\miss0716\backup\miss0716\backup\miss0716\backup\miss0716\backup\miss0716\backup\miss0716\backup\miss0716\backup\miss0716\backup\miss0716\backup\miss0716\backup\miss0716\backup\miss0716\backup\miss0716\backup\miss0716\backup\miss0716\backup\miss0716\backup\miss0716\backup\miss0716\backup\miss0716\backup\miss0716\backup\miss0716\backup\miss0716\backup\miss0716\backup\miss0716\backup\miss0716\backup\miss0716\backup\miss0716\backup\miss0716\backup\miss0716\backup\miss0716\backup\miss0716\backup\miss0716\backup\miss0716\backup\miss0716\backup\miss0716\backup\miss0716\backup\miss0716\backup\miss0716\backup\miss0716\backup\miss0716\backup\miss0716\backup\miss0716\backup\miss0716\backup\miss0716\backup\miss0716\.venv\Lib\site-packages\setuptools\_vendor\importlib_resources\_adapters.py,78809659F4A6F64C436ECFB627A67DFBCC4E7FF6D0CDBF41AD9F5641F761D470
C:\clean_rebuild\backup\miss0716\backup\miss0716\backup\miss0716\backup\miss0716\backup\miss0716\backup\miss0716\backup\miss0716\backup\miss0716\backup\miss0716\backup\miss0716\backup\miss0716\backup\miss0716\backup\miss0716\backup\miss0716\backup\miss0716\backup\miss0716\backup\miss0716\backup\miss0716\backup\miss0716\backup\miss0716\backup\miss0716\backup\miss0716\backup\miss0716\backup\miss0716\backup\miss0716\backup\miss0716\backup\miss0716\backup\miss0716\backup\miss0716\backup\miss0716\backup\miss0716\backup\miss0716\backup\miss0716\backup\miss0716\backup\miss0716\backup\miss0716\backup\miss0716\backup\miss0716\backup\miss0716\backup\miss0716\backup\miss0716\backup\miss0716\backup\miss0716\backup\miss0716\backup\miss0716\backup\miss0716\backup\miss0716\backup\miss0716\backup\miss0716\backup\miss0716\backup\miss0716\backup\miss0716\backup\miss0716\backup\miss0716\backup\miss0716\backup\miss0716\backup\miss0716\backup\miss0716\backup\miss0716\backup\miss0716\backup\miss0716\backup\miss0716\backup\miss0716\backup\miss0716\backup\miss0716\backup\miss0716\backup\miss0716\backup\miss0716\backup\miss0716\backup\miss0716\backup\miss0716\backup\miss0716\backup\miss0716\backup\miss0716\backup\miss0716\backup\miss0716\backup\miss0716\backup\miss0716\backup\miss0716\backup\miss0716\backup\miss0716\backup\miss0716\backup\miss0716\backup\miss0716\.venv\Lib\site-packages\setuptools\_vendor\importlib_resources\_common.py,823DA1A0E21B4F1BF9C0E06EC1BA77076F59EAE02CFBF590A19F88A23D9497E6
C:\clean_rebuild\backup\miss0716\backup\miss0716\backup\miss0716\backup\miss0716\backup\miss0716\backup\miss0716\backup\miss0716\backup\miss0716\backup\miss0716\backup\miss0716\backup\miss0716\backup\miss0716\backup\miss0716\backup\miss0716\backup\miss0716\backup\miss0716\backup\miss0716\backup\miss0716\backup\miss0716\backup\miss0716\backup\miss0716\backup\miss0716\backup\miss0716\backup\miss0716\backup\miss0716\backup\miss0716\backup\miss0716\backup\miss0716\backup\miss0716\backup\miss0716\backup\miss0716\backup\miss0716\backup\miss0716\backup\miss0716\backup\miss0716\backup\miss0716\backup\miss0716\backup\miss0716\backup\miss0716\backup\miss0716\backup\miss0716\backup\miss0716\backup\miss0716\backup\miss0716\backup\miss0716\backup\miss0716\backup\miss0716\backup\miss0716\backup\miss0716\backup\miss0716\backup\miss0716\backup\miss0716\backup\miss0716\backup\miss0716\backup\miss0716\backup\miss0716\backup\miss0716\backup\miss0716\backup\miss0716\backup\miss0716\backup\miss0716\backup\miss0716\backup\miss0716\backup\miss0716\backup\miss0716\backup\miss0716\backup\miss0716\backup\miss0716\backup\miss0716\backup\miss0716\backup\miss0716\backup\miss0716\backup\miss0716\backup\miss0716\backup\miss0716\backup\miss0716\backup\miss0716\backup\miss0716\backup\miss0716\backup\miss0716\backup\miss0716\backup\miss0716\backup\miss0716\backup\miss0716\.venv\Lib\site-packages\setuptools\_vendor\importlib_resources\_itertools.py,71505F096CD1C9C078DF9D919EE7187A0D39512740E0399170129A3E594227E7
C:\clean_rebuild\backup\miss0716\backup\miss0716\backup\miss0716\backup\miss0716\backup\miss0716\backup\miss0716\backup\miss0716\backup\miss0716\backup\miss0716\backup\miss0716\backup\miss0716\backup\miss0716\backup\miss0716\backup\miss0716\backup\miss0716\backup\miss0716\backup\miss0716\backup\miss0716\backup\miss0716\backup\miss0716\backup\miss0716\backup\miss0716\backup\miss0716\backup\miss0716\backup\miss0716\backup\miss0716\backup\miss0716\backup\miss0716\backup\miss0716\backup\miss0716\backup\miss0716\backup\miss0716\backup\miss0716\backup\miss0716\backup\miss0716\backup\miss0716\backup\miss0716\backup\miss0716\backup\miss0716\backup\miss0716\backup\miss0716\backup\miss0716\backup\miss0716\backup\miss0716\backup\miss0716\backup\miss0716\backup\miss0716\backup\miss0716\backup\miss0716\backup\miss0716\backup\miss0716\backup\miss0716\backup\miss0716\backup\miss0716\backup\miss0716\backup\miss0716\backup\miss0716\backup\miss0716\backup\miss0716\backup\miss0716\backup\miss0716\backup\miss0716\backup\miss0716\backup\miss0716\backup\miss0716\backup\miss0716\backup\miss0716\backup\miss0716\backup\miss0716\backup\miss0716\backup\miss0716\backup\miss0716\backup\miss0716\backup\miss0716\backup\miss0716\backup\miss0716\backup\miss0716\backup\miss0716\backup\miss0716\backup\miss0716\backup\miss0716\backup\miss0716\backup\miss0716\backup\miss0716\.venv\Lib\site-packages\setuptools\_vendor\importlib_resources\_legacy.py,E6E09FC9AB0DACF0450F520567617316FF23A691AEDBF4E2228BDF11E3505847
C:\clean_rebuild\backup\miss0716\backup\miss0716\backup\miss0716\backup\miss0716\backup\miss0716\backup\miss0716\backup\miss0716\backup\miss0716\backup\miss0716\backup\miss0716\backup\miss0716\backup\miss0716\backup\miss0716\backup\miss0716\backup\miss0716\backup\miss0716\backup\miss0716\backup\miss0716\backup\miss0716\backup\miss0716\backup\miss0716\backup\miss0716\backup\miss0716\backup\miss0716\backup\miss0716\backup\miss0716\backup\miss0716\backup\miss0716\backup\miss0716\backup\miss0716\backup\miss0716\backup\miss0716\backup\miss0716\backup\miss0716\backup\miss0716\backup\miss0716\backup\miss0716\backup\miss0716\backup\miss0716\backup\miss0716\backup\miss0716\backup\miss0716\backup\miss0716\backup\miss0716\backup\miss0716\backup\miss0716\backup\miss0716\backup\miss0716\backup\miss0716\backup\miss0716\backup\miss0716\backup\miss0716\backup\miss0716\backup\miss0716\backup\miss0716\backup\miss0716\backup\miss0716\backup\miss0716\backup\miss0716\backup\miss0716\backup\miss0716\backup\miss0716\backup\miss0716\backup\miss0716\backup\miss0716\backup\miss0716\backup\miss0716\backup\miss0716\backup\miss0716\backup\miss0716\backup\miss0716\backup\miss0716\backup\miss0716\backup\miss0716\backup\miss0716\backup\miss0716\backup\miss0716\backup\miss0716\backup\miss0716\backup\miss0716\backup\miss0716\backup\miss0716\backup\miss0716\backup\miss0716\.venv\Lib\site-packages\setuptools\_vendor\jaraco\context.py,FD4059B72DF8C711C00F9FDE5CA155C3CA3D4722C8D27C09447D634EF81D7062
C:\clean_rebuild\backup\miss0716\backup\miss0716\backup\miss0716\backup\miss0716\backup\miss0716\backup\miss0716\backup\miss0716\backup\miss0716\backup\miss0716\backup\miss0716\backup\miss0716\backup\miss0716\backup\miss0716\backup\miss0716\backup\miss0716\backup\miss0716\backup\miss0716\backup\miss0716\backup\miss0716\backup\miss0716\backup\miss0716\backup\miss0716\backup\miss0716\backup\miss0716\backup\miss0716\backup\miss0716\backup\miss0716\backup\miss0716\backup\miss0716\backup\miss0716\backup\miss0716\backup\miss0716\backup\miss0716\backup\miss0716\backup\miss0716\backup\miss0716\backup\miss0716\backup\miss0716\backup\miss0716\backup\miss0716\backup\miss0716\backup\miss0716\backup\miss0716\backup\miss0716\backup\miss0716\backup\miss0716\backup\miss0716\backup\miss0716\backup\miss0716\backup\miss0716\backup\miss0716\backup\miss0716\backup\miss0716\backup\miss0716\backup\miss0716\backup\miss0716\backup\miss0716\backup\miss0716\backup\miss0716\backup\miss0716\backup\miss0716\backup\miss0716\backup\miss0716\backup\miss0716\backup\miss0716\backup\miss0716\backup\miss0716\backup\miss0716\backup\miss0716\backup\miss0716\backup\miss0716\backup\miss0716\backup\miss0716\backup\miss0716\backup\miss0716\backup\miss0716\backup\miss0716\backup\miss0716\backup\miss0716\backup\miss0716\backup\miss0716\backup\miss0716\backup\miss0716\backup\miss0716\.venv\Lib\site-packages\setuptools\_vendor\jaraco\functools.py,C17A17C98ACD56D53706FA54C68FBEE36A48AF1E89ED48F1AAB6A8EE2280F29B
C:\clean_rebuild\backup\miss0716\backup\miss0716\backup\miss0716\backup\miss0716\backup\miss0716\backup\miss0716\backup\miss0716\backup\miss0716\backup\miss0716\backup\miss0716\backup\miss0716\backup\miss0716\backup\miss0716\backup\miss0716\backup\miss0716\backup\miss0716\backup\miss0716\backup\miss0716\backup\miss0716\backup\miss0716\backup\miss0716\backup\miss0716\backup\miss0716\backup\miss0716\backup\miss0716\backup\miss0716\backup\miss0716\backup\miss0716\backup\miss0716\backup\miss0716\backup\miss0716\backup\miss0716\backup\miss0716\backup\miss0716\backup\miss0716\backup\miss0716\backup\miss0716\backup\miss0716\backup\miss0716\backup\miss0716\backup\miss0716\backup\miss0716\backup\miss0716\backup\miss0716\backup\miss0716\backup\miss0716\backup\miss0716\backup\miss0716\backup\miss0716\backup\miss0716\backup\miss0716\backup\miss0716\backup\miss0716\backup\miss0716\backup\miss0716\backup\miss0716\backup\miss0716\backup\miss0716\backup\miss0716\backup\miss0716\backup\miss0716\backup\miss0716\backup\miss0716\backup\miss0716\backup\miss0716\backup\miss0716\backup\miss0716\backup\miss0716\backup\miss0716\backup\miss0716\backup\miss0716\backup\miss0716\backup\miss0716\backup\miss0716\backup\miss0716\backup\miss0716\backup\miss0716\backup\miss0716\backup\miss0716\backup\miss0716\backup\miss0716\backup\miss0716\backup\miss0716\backup\miss0716\.venv\Lib\site-packages\setuptools\_vendor\zipp.py,EFFB07BD760B3F86B06C7D97DDC331AB5B2738500FCEF9159FD7194794DA3004
C:\clean_rebuild\backup\miss0716\backup\miss0716\backup\miss0716\backup\miss0716\backup\miss0716\backup\miss0716\backup\miss0716\backup\miss0716\backup\miss0716\backup\miss0716\backup\miss0716\backup\miss0716\backup\miss0716\backup\miss0716\backup\miss0716\backup\miss0716\backup\miss0716\backup\miss0716\backup\miss0716\backup\miss0716\backup\miss0716\backup\miss0716\backup\miss0716\backup\miss0716\backup\miss0716\backup\miss0716\backup\miss0716\backup\miss0716\backup\miss0716\backup\miss0716\backup\miss0716\backup\miss0716\backup\miss0716\backup\miss0716\backup\miss0716\backup\miss0716\backup\miss0716\backup\miss0716\backup\miss0716\backup\miss0716\backup\miss0716\backup\miss0716\backup\miss0716\backup\miss0716\backup\miss0716\backup\miss0716\backup\miss0716\backup\miss0716\backup\miss0716\backup\miss0716\backup\miss0716\backup\miss0716\backup\miss0716\backup\miss0716\backup\miss0716\backup\miss0716\backup\miss0716\backup\miss0716\backup\miss0716\backup\miss0716\backup\miss0716\backup\miss0716\backup\miss0716\backup\miss0716\backup\miss0716\backup\miss0716\backup\miss0716\backup\miss0716\backup\miss0716\backup\miss0716\backup\miss0716\backup\miss0716\backup\miss0716\backup\miss0716\backup\miss0716\backup\miss0716\backup\miss0716\backup\miss0716\backup\miss0716\backup\miss0716\backup\miss0716\backup\miss0716\backup\miss0716\backup\miss0716\.venv\Lib\site-packages\setuptools\discovery.py,AB157BFD3A827F8AC8A1B4A3EFC6F88B494127D093CBC933B611F1F85CB8C84C
C:\clean_rebuild\backup\miss0716\backup\miss0716\backup\miss0716\backup\miss0716\backup\miss0716\backup\miss0716\backup\miss0716\backup\miss0716\backup\miss0716\backup\miss0716\backup\miss0716\backup\miss0716\backup\miss0716\backup\miss0716\backup\miss0716\backup\miss0716\backup\miss0716\backup\miss0716\backup\miss0716\backup\miss0716\backup\miss0716\backup\miss0716\backup\miss0716\backup\miss0716\backup\miss0716\backup\miss0716\backup\miss0716\backup\miss0716\backup\miss0716\backup\miss0716\backup\miss0716\backup\miss0716\backup\miss0716\backup\miss0716\backup\miss0716\backup\miss0716\backup\miss0716\backup\miss0716\backup\miss0716\backup\miss0716\backup\miss0716\backup\miss0716\backup\miss0716\backup\miss0716\backup\miss0716\backup\miss0716\backup\miss0716\backup\miss0716\backup\miss0716\backup\miss0716\backup\miss0716\backup\miss0716\backup\miss0716\backup\miss0716\backup\miss0716\backup\miss0716\backup\miss0716\backup\miss0716\backup\miss0716\backup\miss0716\backup\miss0716\backup\miss0716\backup\miss0716\backup\miss0716\backup\miss0716\backup\miss0716\backup\miss0716\backup\miss0716\backup\miss0716\backup\miss0716\backup\miss0716\backup\miss0716\backup\miss0716\backup\miss0716\backup\miss0716\backup\miss0716\backup\miss0716\backup\miss0716\backup\miss0716\backup\miss0716\backup\miss0716\backup\miss0716\backup\miss0716\backup\miss0716\.venv\Lib\site-packages\setuptools\_entry_points.py,C1C2E8B89038671B010172AF9B34D33E83B0EEAD7D2DE0A784FFC7BBE52333AF
C:\clean_rebuild\backup\miss0716\backup\miss0716\backup\miss0716\backup\miss0716\backup\miss0716\backup\miss0716\backup\miss0716\backup\miss0716\backup\miss0716\backup\miss0716\backup\miss0716\backup\miss0716\backup\miss0716\backup\miss0716\backup\miss0716\backup\miss0716\backup\miss0716\backup\miss0716\backup\miss0716\backup\miss0716\backup\miss0716\backup\miss0716\backup\miss0716\backup\miss0716\backup\miss0716\backup\miss0716\backup\miss0716\backup\miss0716\backup\miss0716\backup\miss0716\backup\miss0716\backup\miss0716\backup\miss0716\backup\miss0716\backup\miss0716\backup\miss0716\backup\miss0716\backup\miss0716\backup\miss0716\backup\miss0716\backup\miss0716\backup\miss0716\backup\miss0716\backup\miss0716\backup\miss0716\backup\miss0716\backup\miss0716\backup\miss0716\backup\miss0716\backup\miss0716\backup\miss0716\backup\miss0716\backup\miss0716\backup\miss0716\backup\miss0716\backup\miss0716\backup\miss0716\backup\miss0716\backup\miss0716\backup\miss0716\backup\miss0716\backup\miss0716\backup\miss0716\backup\miss0716\backup\miss0716\backup\miss0716\backup\miss0716\backup\miss0716\backup\miss0716\backup\miss0716\backup\miss0716\backup\miss0716\backup\miss0716\backup\miss0716\backup\miss0716\backup\miss0716\backup\miss0716\backup\miss0716\backup\miss0716\backup\miss0716\backup\miss0716\backup\miss0716\backup\miss0716\backup\miss0716\.venv\Lib\site-packages\setuptools\_importlib.py,F0F4D985DF0768EAA7B78BDFE938A68334C5CBE3A4A874DA2BE7CE1AC9B0A26F
C:\clean_rebuild\backup\miss0716\backup\miss0716\backup\miss0716\backup\miss0716\backup\miss0716\backup\miss0716\backup\miss0716\backup\miss0716\backup\miss0716\backup\miss0716\backup\miss0716\backup\miss0716\backup\miss0716\backup\miss0716\backup\miss0716\backup\miss0716\backup\miss0716\backup\miss0716\backup\miss0716\backup\miss0716\backup\miss0716\backup\miss0716\backup\miss0716\backup\miss0716\backup\miss0716\backup\miss0716\backup\miss0716\backup\miss0716\backup\miss0716\backup\miss0716\backup\miss0716\backup\miss0716\backup\miss0716\backup\miss0716\backup\miss0716\backup\miss0716\backup\miss0716\backup\miss0716\backup\miss0716\backup\miss0716\backup\miss0716\backup\miss0716\backup\miss0716\backup\miss0716\backup\miss0716\backup\miss0716\backup\miss0716\backup\miss0716\backup\miss0716\backup\miss0716\backup\miss0716\backup\miss0716\backup\miss0716\backup\miss0716\backup\miss0716\backup\miss0716\backup\miss0716\backup\miss0716\backup\miss0716\backup\miss0716\backup\miss0716\backup\miss0716\backup\miss0716\backup\miss0716\backup\miss0716\backup\miss0716\backup\miss0716\backup\miss0716\backup\miss0716\backup\miss0716\backup\miss0716\backup\miss0716\backup\miss0716\backup\miss0716\backup\miss0716\backup\miss0716\backup\miss0716\backup\miss0716\backup\miss0716\backup\miss0716\backup\miss0716\backup\miss0716\backup\miss0716\backup\miss0716\.venv\Lib\site-packages\setuptools\_reqs.py,370323E887286A42F4A6C5C4817256C7EF526B55177BAB372EA5BC261D30D296
C:\clean_rebuild\backup\miss0716\backup\miss0716\backup\miss0716\backup\miss0716\backup\miss0716\backup\miss0716\backup\miss0716\backup\miss0716\backup\miss0716\backup\miss0716\backup\miss0716\backup\miss0716\backup\miss0716\backup\miss0716\backup\miss0716\backup\miss0716\backup\miss0716\backup\miss0716\backup\miss0716\backup\miss0716\backup\miss0716\backup\miss0716\backup\miss0716\backup\miss0716\backup\miss0716\backup\miss0716\backup\miss0716\backup\miss0716\backup\miss0716\backup\miss0716\backup\miss0716\backup\miss0716\backup\miss0716\backup\miss0716\backup\miss0716\backup\miss0716\backup\miss0716\backup\miss0716\backup\miss0716\backup\miss0716\backup\miss0716\backup\miss0716\backup\miss0716\backup\miss0716\backup\miss0716\backup\miss0716\backup\miss0716\backup\miss0716\backup\miss0716\backup\miss0716\backup\miss0716\backup\miss0716\backup\miss0716\backup\miss0716\backup\miss0716\backup\miss0716\backup\miss0716\backup\miss0716\backup\miss0716\backup\miss0716\backup\miss0716\backup\miss0716\backup\miss0716\backup\miss0716\backup\miss0716\backup\miss0716\backup\miss0716\backup\miss0716\backup\miss0716\backup\miss0716\backup\miss0716\backup\miss0716\backup\miss0716\backup\miss0716\backup\miss0716\backup\miss0716\backup\miss0716\backup\miss0716\backup\miss0716\backup\miss0716\backup\miss0716\backup\miss0716\backup\miss0716\backup\miss0716\backup\backup_all_logs.py,9FEBEB3D4C28CD58EE6CCCBDF0C794C0D413FB053CAFFDFD425BE7415CDA8498
C:\clean_rebuild\backup\miss0716\backup\miss0716\backup\miss0716\backup\miss0716\backup\miss0716\backup\miss0716\backup\miss0716\backup\miss0716\backup\miss0716\backup\miss0716\backup\miss0716\backup\miss0716\backup\miss0716\backup\miss0716\backup\miss0716\backup\miss0716\backup\miss0716\backup\miss0716\backup\miss0716\backup\miss0716\backup\miss0716\backup\miss0716\backup\miss0716\backup\miss0716\backup\miss0716\backup\miss0716\backup\miss0716\backup\miss0716\backup\miss0716\backup\miss0716\backup\miss0716\backup\miss0716\backup\miss0716\backup\miss0716\backup\miss0716\backup\miss0716\backup\miss0716\backup\miss0716\backup\miss0716\backup\miss0716\backup\miss0716\backup\miss0716\backup\miss0716\backup\miss0716\backup\miss0716\backup\miss0716\backup\miss0716\backup\miss0716\backup\miss0716\backup\miss0716\backup\miss0716\backup\miss0716\backup\miss0716\backup\miss0716\backup\miss0716\backup\miss0716\backup\miss0716\backup\miss0716\backup\miss0716\backup\miss0716\backup\miss0716\backup\miss0716\backup\miss0716\backup\miss0716\backup\miss0716\backup\miss0716\backup\miss0716\backup\miss0716\backup\miss0716\backup\miss0716\backup\miss0716\backup\miss0716\backup\miss0716\backup\miss0716\backup\miss0716\backup\miss0716\backup\miss0716\backup\miss0716\backup\miss0716\backup\miss0716\backup\miss0716\backup\miss0716\backup\miss0716\backup\miss0716\auto_rebind.py,E4A52B791508BF6489A922686E8460EB864BE50C4366BB013A2BFF3FB47B8715
C:\clean_rebuild\backup\miss0716\backup\miss0716\backup\miss0716\backup\miss0716\backup\miss0716\backup\miss0716\backup\miss0716\backup\miss0716\backup\miss0716\backup\miss0716\backup\miss0716\backup\miss0716\backup\miss0716\backup\miss0716\backup\miss0716\backup\miss0716\backup\miss0716\backup\miss0716\backup\miss0716\backup\miss0716\backup\miss0716\backup\miss0716\backup\miss0716\backup\miss0716\backup\miss0716\backup\miss0716\backup\miss0716\backup\miss0716\backup\miss0716\backup\miss0716\backup\miss0716\backup\miss0716\backup\miss0716\backup\miss0716\backup\miss0716\backup\miss0716\backup\miss0716\backup\miss0716\backup\miss0716\backup\miss0716\backup\miss0716\backup\miss0716\backup\miss0716\backup\miss0716\backup\miss0716\backup\miss0716\backup\miss0716\backup\miss0716\backup\miss0716\backup\miss0716\backup\miss0716\backup\miss0716\backup\miss0716\backup\miss0716\backup\miss0716\backup\miss0716\backup\miss0716\backup\miss0716\backup\miss0716\backup\miss0716\backup\miss0716\backup\miss0716\backup\miss0716\backup\miss0716\backup\miss0716\backup\miss0716\backup\miss0716\backup\miss0716\backup\miss0716\backup\miss0716\backup\miss0716\backup\miss0716\backup\miss0716\backup\miss0716\backup\miss0716\backup\miss0716\backup\miss0716\backup\miss0716\backup\miss0716\backup\miss0716\backup\miss0716\backup\miss0716\backup\miss0716\backup\miss0716\recovery_launcher.py,5DE87EA8CD00BF7F961ED0F1E7C7D47C5987069EA80758BDC242517CA759B63A
C:\clean_rebuild\backup\miss0716\backup\miss0716\backup\miss0716\backup\miss0716\backup\miss0716\backup\miss0716\backup\miss0716\backup\miss0716\backup\miss0716\backup\miss0716\backup\miss0716\backup\miss0716\backup\miss0716\backup\miss0716\backup\miss0716\backup\miss0716\backup\miss0716\backup\miss0716\backup\miss0716\backup\miss0716\backup\miss0716\backup\miss0716\backup\miss0716\backup\miss0716\backup\miss0716\backup\miss0716\backup\miss0716\backup\miss0716\backup\miss0716\backup\miss0716\backup\miss0716\backup\miss0716\backup\miss0716\backup\miss0716\backup\miss0716\backup\miss0716\backup\miss0716\backup\miss0716\backup\miss0716\backup\miss0716\backup\miss0716\backup\miss0716\backup\miss0716\backup\miss0716\backup\miss0716\backup\miss0716\backup\miss0716\backup\miss0716\backup\miss0716\backup\miss0716\backup\miss0716\backup\miss0716\backup\miss0716\backup\miss0716\backup\miss0716\backup\miss0716\backup\miss0716\backup\miss0716\backup\miss0716\backup\miss0716\backup\miss0716\backup\miss0716\backup\miss0716\backup\miss0716\backup\miss0716\backup\miss0716\backup\miss0716\backup\miss0716\backup\miss0716\backup\miss0716\backup\miss0716\backup\miss0716\backup\miss0716\backup\miss0716\backup\miss0716\backup\miss0716\backup\miss0716\backup\miss0716\backup\miss0716\backup\miss0716\backup\miss0716\backup\miss0716\backup\miss0716\backup\miss0716\recovery_routine.py,E0FF616F00B64DE10BC91CC71A08D42CE3179FF2E5C0A7046A5D9D90185572FC
C:\clean_rebuild\backup\miss0716\backup\miss0716\backup\miss0716\backup\miss0716\backup\miss0716\backup\miss0716\backup\miss0716\backup\miss0716\backup\miss0716\backup\miss0716\backup\miss0716\backup\miss0716\backup\miss0716\backup\miss0716\backup\miss0716\backup\miss0716\backup\miss0716\backup\miss0716\backup\miss0716\backup\miss0716\backup\miss0716\backup\miss0716\backup\miss0716\backup\miss0716\backup\miss0716\backup\miss0716\backup\miss0716\backup\miss0716\backup\miss0716\backup\miss0716\backup\miss0716\backup\miss0716\backup\miss0716\backup\miss0716\backup\miss0716\backup\miss0716\backup\miss0716\backup\miss0716\backup\miss0716\backup\miss0716\backup\miss0716\backup\miss0716\backup\miss0716\backup\miss0716\backup\miss0716\backup\miss0716\backup\miss0716\backup\miss0716\backup\miss0716\backup\miss0716\backup\miss0716\backup\miss0716\backup\miss0716\backup\miss0716\backup\miss0716\backup\miss0716\backup\miss0716\backup\miss0716\backup\miss0716\backup\miss0716\backup\miss0716\backup\miss0716\backup\miss0716\backup\miss0716\backup\miss0716\backup\miss0716\backup\miss0716\backup\miss0716\backup\miss0716\backup\miss0716\backup\miss0716\backup\miss0716\backup\miss0716\backup\miss0716\backup\miss0716\backup\miss0716\backup\miss0716\backup\miss0716\backup\miss0716\backup\miss0716\backup\miss0716\backup\miss0716\backup\miss0716\backup\backup_all_logs_1.py,9FB64368E1591D5AF10A729AE0F923117ED0B7405E8F2F41676EA18BCBF4E2E8
C:\clean_rebuild\backup\miss0716\backup\miss0716\backup\miss0716\backup\miss0716\backup\miss0716\backup\miss0716\backup\miss0716\backup\miss0716\backup\miss0716\backup\miss0716\backup\miss0716\backup\miss0716\backup\miss0716\backup\miss0716\backup\miss0716\backup\miss0716\backup\miss0716\backup\miss0716\backup\miss0716\backup\miss0716\backup\miss0716\backup\miss0716\backup\miss0716\backup\miss0716\backup\miss0716\backup\miss0716\backup\miss0716\backup\miss0716\backup\miss0716\backup\miss0716\backup\miss0716\backup\miss0716\backup\miss0716\backup\miss0716\backup\miss0716\backup\miss0716\backup\miss0716\backup\miss0716\backup\miss0716\backup\miss0716\backup\miss0716\backup\miss0716\backup\miss0716\backup\miss0716\backup\miss0716\backup\miss0716\backup\miss0716\backup\miss0716\backup\miss0716\backup\miss0716\backup\miss0716\backup\miss0716\backup\miss0716\backup\miss0716\backup\miss0716\backup\miss0716\backup\miss0716\backup\miss0716\backup\miss0716\backup\miss0716\backup\miss0716\backup\miss0716\backup\miss0716\backup\miss0716\backup\miss0716\backup\miss0716\backup\miss0716\backup\miss0716\backup\miss0716\backup\miss0716\backup\miss0716\backup\miss0716\backup\miss0716\backup\miss0716\backup\miss0716\backup\miss0716\backup\miss0716\backup\miss0716\backup\miss0716\backup\miss0716\backup\miss0716\backup\miss0716\backup\miss0716\backup\backup_all_logs_2.py,9FB64368E1591D5AF10A729AE0F923117ED0B7405E8F2F41676EA18BCBF4E2E8
C:\clean_rebuild\backup\miss0716\backup\miss0716\backup\miss0716\backup\miss0716\backup\miss0716\backup\miss0716\backup\miss0716\backup\miss0716\backup\miss0716\backup\miss0716\backup\miss0716\backup\miss0716\backup\miss0716\backup\miss0716\backup\miss0716\backup\miss0716\backup\miss0716\backup\miss0716\backup\miss0716\backup\miss0716\backup\miss0716\backup\miss0716\backup\miss0716\backup\miss0716\backup\miss0716\backup\miss0716\backup\miss0716\backup\miss0716\backup\miss0716\backup\miss0716\backup\miss0716\backup\miss0716\backup\miss0716\backup\miss0716\backup\miss0716\backup\miss0716\backup\miss0716\backup\miss0716\backup\miss0716\backup\miss0716\backup\miss0716\backup\miss0716\backup\miss0716\backup\miss0716\backup\miss0716\backup\miss0716\backup\miss0716\backup\miss0716\backup\miss0716\backup\miss0716\backup\miss0716\backup\miss0716\backup\miss0716\backup\miss0716\backup\miss0716\backup\miss0716\backup\miss0716\backup\miss0716\backup\miss0716\backup\miss0716\backup\miss0716\backup\miss0716\backup\miss0716\backup\miss0716\backup\miss0716\backup\miss0716\backup\miss0716\backup\miss0716\backup\miss0716\backup\miss0716\backup\miss0716\backup\miss0716\backup\miss0716\backup\miss0716\backup\miss0716\backup\miss0716\backup\miss0716\backup\miss0716\backup\miss0716\backup\miss0716\backup\miss0716\backup\miss0716\backup\miss0716\backup\backup_all_logs_3.py,9FB64368E1591D5AF10A729AE0F923117ED0B7405E8F2F41676EA18BCBF4E2E8
C:\clean_rebuild\backup\miss0716\backup\miss0716\backup\miss0716\backup\miss0716\backup\miss0716\backup\miss0716\backup\miss0716\backup\miss0716\backup\miss0716\backup\miss0716\backup\miss0716\backup\miss0716\backup\miss0716\backup\miss0716\backup\miss0716\backup\miss0716\backup\miss0716\backup\miss0716\backup\miss0716\backup\miss0716\backup\miss0716\backup\miss0716\backup\miss0716\backup\miss0716\backup\miss0716\backup\miss0716\backup\miss0716\backup\miss0716\backup\miss0716\backup\miss0716\backup\miss0716\backup\miss0716\backup\miss0716\backup\miss0716\backup\miss0716\backup\miss0716\backup\miss0716\backup\miss0716\backup\miss0716\backup\miss0716\backup\miss0716\backup\miss0716\backup\miss0716\backup\miss0716\backup\miss0716\backup\miss0716\backup\miss0716\backup\miss0716\backup\miss0716\backup\miss0716\backup\miss0716\backup\miss0716\backup\miss0716\backup\miss0716\backup\miss0716\backup\miss0716\backup\miss0716\backup\miss0716\backup\miss0716\backup\miss0716\backup\miss0716\backup\miss0716\backup\miss0716\backup\miss0716\backup\miss0716\backup\miss0716\backup\miss0716\backup\miss0716\backup\miss0716\backup\miss0716\backup\miss0716\backup\miss0716\backup\miss0716\backup\miss0716\backup\miss0716\backup\miss0716\backup\miss0716\backup\miss0716\backup\miss0716\backup\miss0716\backup\miss0716\backup\miss0716\backup\miss0716\backup\backup_all_logs_4.py,9FB64368E1591D5AF10A729AE0F923117ED0B7405E8F2F41676EA18BCBF4E2E8
C:\clean_rebuild\backup\miss0716\backup\miss0716\backup\miss0716\backup\miss0716\backup\miss0716\backup\miss0716\backup\miss0716\backup\miss0716\backup\miss0716\backup\miss0716\backup\miss0716\backup\miss0716\backup\miss0716\backup\miss0716\backup\miss0716\backup\miss0716\backup\miss0716\backup\miss0716\backup\miss0716\backup\miss0716\backup\miss0716\backup\miss0716\backup\miss0716\backup\miss0716\backup\miss0716\backup\miss0716\backup\miss0716\backup\miss0716\backup\miss0716\backup\miss0716\backup\miss0716\backup\miss0716\backup\miss0716\backup\miss0716\backup\miss0716\backup\miss0716\backup\miss0716\backup\miss0716\backup\miss0716\backup\miss0716\backup\miss0716\backup\miss0716\backup\miss0716\backup\miss0716\backup\miss0716\backup\miss0716\backup\miss0716\backup\miss0716\backup\miss0716\backup\miss0716\backup\miss0716\backup\miss0716\backup\miss0716\backup\miss0716\backup\miss0716\backup\miss0716\backup\miss0716\backup\miss0716\backup\miss0716\backup\miss0716\backup\miss0716\backup\miss0716\backup\miss0716\backup\miss0716\backup\miss0716\backup\miss0716\backup\miss0716\backup\miss0716\backup\miss0716\backup\miss0716\backup\miss0716\backup\miss0716\backup\miss0716\backup\miss0716\backup\miss0716\backup\miss0716\backup\miss0716\backup\miss0716\backup\miss0716\backup\miss0716\backup\miss0716\backup\miss0716\backup\miss0716\backup\backup_all_logs_5.py,9FB64368E1591D5AF10A729AE0F923117ED0B7405E8F2F41676EA18BCBF4E2E8
C:\clean_rebuild\backup\miss0716\backup\miss0716\backup\miss0716\backup\miss0716\backup\miss0716\backup\miss0716\backup\miss0716\backup\miss0716\backup\miss0716\backup\miss0716\backup\miss0716\backup\miss0716\backup\miss0716\backup\miss0716\backup\miss0716\backup\miss0716\backup\miss0716\backup\miss0716\backup\miss0716\backup\miss0716\backup\miss0716\backup\miss0716\backup\miss0716\backup\miss0716\backup\miss0716\backup\miss0716\backup\miss0716\backup\miss0716\backup\miss0716\backup\miss0716\backup\miss0716\backup\miss0716\backup\miss0716\backup\miss0716\backup\miss0716\backup\miss0716\backup\miss0716\backup\miss0716\backup\miss0716\backup\miss0716\backup\miss0716\backup\miss0716\backup\miss0716\backup\miss0716\backup\miss0716\backup\miss0716\backup\miss0716\backup\miss0716\backup\miss0716\backup\miss0716\backup\miss0716\backup\miss0716\backup\miss0716\backup\miss0716\backup\miss0716\backup\miss0716\backup\miss0716\backup\miss0716\backup\miss0716\backup\miss0716\backup\miss0716\backup\miss0716\backup\miss0716\backup\miss0716\backup\miss0716\backup\miss0716\backup\miss0716\backup\miss0716\backup\miss0716\backup\miss0716\backup\miss0716\backup\miss0716\backup\miss0716\backup\miss0716\backup\miss0716\backup\miss0716\backup\miss0716\backup\miss0716\backup\miss0716\backup\miss0716\backup\miss0716\backup\miss0716\backup\miss0716\backup\backup_all_logs_6.py,9FB64368E1591D5AF10A729AE0F923117ED0B7405E8F2F41676EA18BCBF4E2E8
C:\clean_rebuild\backup\miss0716\backup\miss0716\backup\miss0716\backup\miss0716\backup\miss0716\backup\miss0716\backup\miss0716\backup\miss0716\backup\miss0716\backup\miss0716\backup\miss0716\backup\miss0716\backup\miss0716\backup\miss0716\backup\miss0716\backup\miss0716\backup\miss0716\backup\miss0716\backup\miss0716\backup\miss0716\backup\miss0716\backup\miss0716\backup\miss0716\backup\miss0716\backup\miss0716\backup\miss0716\backup\miss0716\backup\miss0716\backup\miss0716\backup\miss0716\backup\miss0716\backup\miss0716\backup\miss0716\backup\miss0716\backup\miss0716\backup\miss0716\backup\miss0716\backup\miss0716\backup\miss0716\backup\miss0716\backup\miss0716\backup\miss0716\backup\miss0716\backup\miss0716\backup\miss0716\backup\miss0716\backup\miss0716\backup\miss0716\backup\miss0716\backup\miss0716\backup\miss0716\backup\miss0716\backup\miss0716\backup\miss0716\backup\miss0716\backup\miss0716\backup\miss0716\backup\miss0716\backup\miss0716\backup\miss0716\backup\miss0716\backup\miss0716\backup\miss0716\backup\miss0716\backup\miss0716\backup\miss0716\backup\miss0716\backup\miss0716\backup\miss0716\backup\miss0716\backup\miss0716\backup\miss0716\backup\miss0716\backup\miss0716\backup\miss0716\backup\miss0716\backup\miss0716\backup\miss0716\backup\miss0716\backup\miss0716\backup\miss0716\backup\miss0716\backup\miss0716\backup\backup_and_export_logtrace.py,3412F04EDCBCA73233FBDBF848F92D41D5A3321AD53A1D754539FDC35C890BF2
C:\clean_rebuild\backup\miss0716\backup\miss0716\backup\miss0716\backup\miss0716\backup\miss0716\backup\miss0716\backup\miss0716\backup\miss0716\backup\miss0716\backup\miss0716\backup\miss0716\backup\miss0716\backup\miss0716\backup\miss0716\backup\miss0716\backup\miss0716\backup\miss0716\backup\miss0716\backup\miss0716\backup\miss0716\backup\miss0716\backup\miss0716\backup\miss0716\backup\miss0716\backup\miss0716\backup\miss0716\backup\miss0716\backup\miss0716\backup\miss0716\backup\miss0716\backup\miss0716\backup\miss0716\backup\miss0716\backup\miss0716\backup\miss0716\backup\miss0716\backup\miss0716\backup\miss0716\backup\miss0716\backup\miss0716\backup\miss0716\backup\miss0716\backup\miss0716\backup\miss0716\backup\miss0716\backup\miss0716\backup\miss0716\backup\miss0716\backup\miss0716\backup\miss0716\backup\miss0716\backup\miss0716\backup\miss0716\backup\miss0716\backup\miss0716\backup\miss0716\backup\miss0716\backup\miss0716\backup\miss0716\backup\miss0716\backup\miss0716\backup\miss0716\backup\miss0716\backup\miss0716\backup\miss0716\backup\miss0716\backup\miss0716\backup\miss0716\backup\miss0716\backup\miss0716\backup\miss0716\backup\miss0716\backup\miss0716\backup\miss0716\backup\miss0716\backup\miss0716\backup\miss0716\backup\miss0716\backup\miss0716\backup\miss0716\backup\miss0716\backup\miss0716\backup\miss0716\backup\backup_and_export_logtrace_1.py,AC364F8CB0F859AD3B61F08B798B9E504A75D57479A9F0A9F13CD5164920C010
C:\clean_rebuild\backup\miss0716\backup\miss0716\backup\miss0716\backup\miss0716\backup\miss0716\backup\miss0716\backup\miss0716\backup\miss0716\backup\miss0716\backup\miss0716\backup\miss0716\backup\miss0716\backup\miss0716\backup\miss0716\backup\miss0716\backup\miss0716\backup\miss0716\backup\miss0716\backup\miss0716\backup\miss0716\backup\miss0716\backup\miss0716\backup\miss0716\backup\miss0716\backup\miss0716\backup\miss0716\backup\miss0716\backup\miss0716\backup\miss0716\backup\miss0716\backup\miss0716\backup\miss0716\backup\miss0716\backup\miss0716\backup\miss0716\backup\miss0716\backup\miss0716\backup\miss0716\backup\miss0716\backup\miss0716\backup\miss0716\backup\miss0716\backup\miss0716\backup\miss0716\backup\miss0716\backup\miss0716\backup\miss0716\backup\miss0716\backup\miss0716\backup\miss0716\backup\miss0716\backup\miss0716\backup\miss0716\backup\miss0716\backup\miss0716\backup\miss0716\backup\miss0716\backup\miss0716\backup\miss0716\backup\miss0716\backup\miss0716\backup\miss0716\backup\miss0716\backup\miss0716\backup\miss0716\backup\miss0716\backup\miss0716\backup\miss0716\backup\miss0716\backup\miss0716\backup\miss0716\backup\miss0716\backup\miss0716\backup\miss0716\backup\miss0716\backup\miss0716\backup\miss0716\backup\miss0716\backup\miss0716\backup\miss0716\backup\miss0716\backup\miss0716\backup\miss0716\backup\backup_and_export_logtrace_2.py,AC364F8CB0F859AD3B61F08B798B9E504A75D57479A9F0A9F13CD5164920C010
C:\clean_rebuild\backup\miss0716\backup\miss0716\backup\miss0716\backup\miss0716\backup\miss0716\backup\miss0716\backup\miss0716\backup\miss0716\backup\miss0716\backup\miss0716\backup\miss0716\backup\miss0716\backup\miss0716\backup\miss0716\backup\miss0716\backup\miss0716\backup\miss0716\backup\miss0716\backup\miss0716\backup\miss0716\backup\miss0716\backup\miss0716\backup\miss0716\backup\miss0716\backup\miss0716\backup\miss0716\backup\miss0716\backup\miss0716\backup\miss0716\backup\miss0716\backup\miss0716\backup\miss0716\backup\miss0716\backup\miss0716\backup\miss0716\backup\miss0716\backup\miss0716\backup\miss0716\backup\miss0716\backup\miss0716\backup\miss0716\backup\miss0716\backup\miss0716\backup\miss0716\backup\miss0716\backup\miss0716\backup\miss0716\backup\miss0716\backup\miss0716\backup\miss0716\backup\miss0716\backup\miss0716\backup\miss0716\backup\miss0716\backup\miss0716\backup\miss0716\backup\miss0716\backup\miss0716\backup\miss0716\backup\miss0716\backup\miss0716\backup\miss0716\backup\miss0716\backup\miss0716\backup\miss0716\backup\miss0716\backup\miss0716\backup\miss0716\backup\miss0716\backup\miss0716\backup\miss0716\backup\miss0716\backup\miss0716\backup\miss0716\backup\miss0716\backup\miss0716\backup\miss0716\backup\miss0716\backup\miss0716\backup\miss0716\backup\miss0716\backup\miss0716\backup\miss0716\backup\backup_and_export_logtrace_3.py,AC364F8CB0F859AD3B61F08B798B9E504A75D57479A9F0A9F13CD5164920C010
C:\clean_rebuild\backup\miss0716\backup\miss0716\backup\miss0716\backup\miss0716\backup\miss0716\backup\miss0716\backup\miss0716\backup\miss0716\backup\miss0716\backup\miss0716\backup\miss0716\backup\miss0716\backup\miss0716\backup\miss0716\backup\miss0716\backup\miss0716\backup\miss0716\backup\miss0716\backup\miss0716\backup\miss0716\backup\miss0716\backup\miss0716\backup\miss0716\backup\miss0716\backup\miss0716\backup\miss0716\backup\miss0716\backup\miss0716\backup\miss0716\backup\miss0716\backup\miss0716\backup\miss0716\backup\miss0716\backup\miss0716\backup\miss0716\backup\miss0716\backup\miss0716\backup\miss0716\backup\miss0716\backup\miss0716\backup\miss0716\backup\miss0716\backup\miss0716\backup\miss0716\backup\miss0716\backup\miss0716\backup\miss0716\backup\miss0716\backup\miss0716\backup\miss0716\backup\miss0716\backup\miss0716\backup\miss0716\backup\miss0716\backup\miss0716\backup\miss0716\backup\miss0716\backup\miss0716\backup\miss0716\backup\miss0716\backup\miss0716\backup\miss0716\backup\miss0716\backup\miss0716\backup\miss0716\backup\miss0716\backup\miss0716\backup\miss0716\backup\miss0716\backup\miss0716\backup\miss0716\backup\miss0716\backup\miss0716\backup\miss0716\backup\miss0716\backup\miss0716\backup\miss0716\backup\miss0716\backup\miss0716\backup\miss0716\backup\miss0716\backup\miss0716\backup\miss0716\backup\backup_and_export_logtrace_4.py,AC364F8CB0F859AD3B61F08B798B9E504A75D57479A9F0A9F13CD5164920C010
C:\clean_rebuild\backup\miss0716\backup\miss0716\backup\miss0716\backup\miss0716\backup\miss0716\backup\miss0716\backup\miss0716\backup\miss0716\backup\miss0716\backup\miss0716\backup\miss0716\backup\miss0716\backup\miss0716\backup\miss0716\backup\miss0716\backup\miss0716\backup\miss0716\backup\miss0716\backup\miss0716\backup\miss0716\backup\miss0716\backup\miss0716\backup\miss0716\backup\miss0716\backup\miss0716\backup\miss0716\backup\miss0716\backup\miss0716\backup\miss0716\backup\miss0716\backup\miss0716\backup\miss0716\backup\miss0716\backup\miss0716\backup\miss0716\backup\miss0716\backup\miss0716\backup\miss0716\backup\miss0716\backup\miss0716\backup\miss0716\backup\miss0716\backup\miss0716\backup\miss0716\backup\miss0716\backup\miss0716\backup\miss0716\backup\miss0716\backup\miss0716\backup\miss0716\backup\miss0716\backup\miss0716\backup\miss0716\backup\miss0716\backup\miss0716\backup\miss0716\backup\miss0716\backup\miss0716\backup\miss0716\backup\miss0716\backup\miss0716\backup\miss0716\backup\miss0716\backup\miss0716\backup\miss0716\backup\miss0716\backup\miss0716\backup\miss0716\backup\miss0716\backup\miss0716\backup\miss0716\backup\miss0716\backup\miss0716\backup\miss0716\backup\miss0716\backup\miss0716\backup\miss0716\backup\miss0716\backup\miss0716\backup\miss0716\backup\miss0716\backup\miss0716\backup\miss0716\backup\backup_and_export_logtrace_5.py,AC364F8CB0F859AD3B61F08B798B9E504A75D57479A9F0A9F13CD5164920C010
C:\clean_rebuild\backup\miss0716\backup\miss0716\backup\miss0716\backup\miss0716\backup\miss0716\backup\miss0716\backup\miss0716\backup\miss0716\backup\miss0716\backup\miss0716\backup\miss0716\backup\miss0716\backup\miss0716\backup\miss0716\backup\miss0716\backup\miss0716\backup\miss0716\backup\miss0716\backup\miss0716\backup\miss0716\backup\miss0716\backup\miss0716\backup\miss0716\backup\miss0716\backup\miss0716\backup\miss0716\backup\miss0716\backup\miss0716\backup\miss0716\backup\miss0716\backup\miss0716\backup\miss0716\backup\miss0716\backup\miss0716\backup\miss0716\backup\miss0716\backup\miss0716\backup\miss0716\backup\miss0716\backup\miss0716\backup\miss0716\backup\miss0716\backup\miss0716\backup\miss0716\backup\miss0716\backup\miss0716\backup\miss0716\backup\miss0716\backup\miss0716\backup\miss0716\backup\miss0716\backup\miss0716\backup\miss0716\backup\miss0716\backup\miss0716\backup\miss0716\backup\miss0716\backup\miss0716\backup\miss0716\backup\miss0716\backup\miss0716\backup\miss0716\backup\miss0716\backup\miss0716\backup\miss0716\backup\miss0716\backup\miss0716\backup\miss0716\backup\miss0716\backup\miss0716\backup\miss0716\backup\miss0716\backup\miss0716\backup\miss0716\backup\miss0716\backup\miss0716\backup\miss0716\backup\miss0716\backup\miss0716\backup\miss0716\backup\miss0716\backup\miss0716\backup\miss0716\backup\backup_and_export_logtrace_6.py,AC364F8CB0F859AD3B61F08B798B9E504A75D57479A9F0A9F13CD5164920C010
C:\clean_rebuild\backup\miss0716\backup\miss0716\backup\miss0716\backup\miss0716\backup\miss0716\backup\miss0716\backup\miss0716\backup\miss0716\backup\miss0716\backup\miss0716\backup\miss0716\backup\miss0716\backup\miss0716\backup\miss0716\backup\miss0716\backup\miss0716\backup\miss0716\backup\miss0716\backup\miss0716\backup\miss0716\backup\miss0716\backup\miss0716\backup\miss0716\backup\miss0716\backup\miss0716\backup\miss0716\backup\miss0716\backup\miss0716\backup\miss0716\backup\miss0716\backup\miss0716\backup\miss0716\backup\miss0716\backup\miss0716\backup\miss0716\backup\miss0716\backup\miss0716\backup\miss0716\backup\miss0716\backup\miss0716\backup\miss0716\backup\miss0716\backup\miss0716\backup\miss0716\backup\miss0716\backup\miss0716\backup\miss0716\backup\miss0716\backup\miss0716\backup\miss0716\backup\miss0716\backup\miss0716\backup\miss0716\backup\miss0716\backup\miss0716\backup\miss0716\backup\miss0716\backup\miss0716\backup\miss0716\backup\miss0716\backup\miss0716\backup\miss0716\backup\miss0716\backup\miss0716\backup\miss0716\backup\miss0716\backup\miss0716\backup\miss0716\backup\miss0716\backup\miss0716\backup\miss0716\backup\miss0716\backup\miss0716\backup\miss0716\backup\miss0716\backup\miss0716\backup\miss0716\backup\miss0716\backup\miss0716\backup\miss0716\backup\miss0716\backup\miss0716\backup\miss0716\backup\backup_command_log.py,15238537EF0D1BF4DC6999066F572875B04C9D02081390555A4871E0D6FE34B8
C:\clean_rebuild\backup\miss0716\backup\miss0716\backup\miss0716\backup\miss0716\backup\miss0716\backup\miss0716\backup\miss0716\backup\miss0716\backup\miss0716\backup\miss0716\backup\miss0716\backup\miss0716\backup\miss0716\backup\miss0716\backup\miss0716\backup\miss0716\backup\miss0716\backup\miss0716\backup\miss0716\backup\miss0716\backup\miss0716\backup\miss0716\backup\miss0716\backup\miss0716\backup\miss0716\backup\miss0716\backup\miss0716\backup\miss0716\backup\miss0716\backup\miss0716\backup\miss0716\backup\miss0716\backup\miss0716\backup\miss0716\backup\miss0716\backup\miss0716\backup\miss0716\backup\miss0716\backup\miss0716\backup\miss0716\backup\miss0716\backup\miss0716\backup\miss0716\backup\miss0716\backup\miss0716\backup\miss0716\backup\miss0716\backup\miss0716\backup\miss0716\backup\miss0716\backup\miss0716\backup\miss0716\backup\miss0716\backup\miss0716\backup\miss0716\backup\miss0716\backup\miss0716\backup\miss0716\backup\miss0716\backup\miss0716\backup\miss0716\backup\miss0716\backup\miss0716\backup\miss0716\backup\miss0716\backup\miss0716\backup\miss0716\backup\miss0716\backup\miss0716\backup\miss0716\backup\miss0716\backup\miss0716\backup\miss0716\backup\miss0716\backup\miss0716\backup\miss0716\backup\miss0716\backup\miss0716\backup\miss0716\backup\miss0716\backup\miss0716\backup\miss0716\backup\miss0716\backup\backup_command_log_1.py,5590DD072D3D5A5F7D14A9E5D71B853C3937ED3D678CA6FC95D8829F3611BF4B
C:\clean_rebuild\backup\miss0716\backup\miss0716\backup\miss0716\backup\miss0716\backup\miss0716\backup\miss0716\backup\miss0716\backup\miss0716\backup\miss0716\backup\miss0716\backup\miss0716\backup\miss0716\backup\miss0716\backup\miss0716\backup\miss0716\backup\miss0716\backup\miss0716\backup\miss0716\backup\miss0716\backup\miss0716\backup\miss0716\backup\miss0716\backup\miss0716\backup\miss0716\backup\miss0716\backup\miss0716\backup\miss0716\backup\miss0716\backup\miss0716\backup\miss0716\backup\miss0716\backup\miss0716\backup\miss0716\backup\miss0716\backup\miss0716\backup\miss0716\backup\miss0716\backup\miss0716\backup\miss0716\backup\miss0716\backup\miss0716\backup\miss0716\backup\miss0716\backup\miss0716\backup\miss0716\backup\miss0716\backup\miss0716\backup\miss0716\backup\miss0716\backup\miss0716\backup\miss0716\backup\miss0716\backup\miss0716\backup\miss0716\backup\miss0716\backup\miss0716\backup\miss0716\backup\miss0716\backup\miss0716\backup\miss0716\backup\miss0716\backup\miss0716\backup\miss0716\backup\miss0716\backup\miss0716\backup\miss0716\backup\miss0716\backup\miss0716\backup\miss0716\backup\miss0716\backup\miss0716\backup\miss0716\backup\miss0716\backup\miss0716\backup\miss0716\backup\miss0716\backup\miss0716\backup\miss0716\backup\miss0716\backup\miss0716\backup\miss0716\backup\miss0716\backup\miss0716\backup\backup_command_log_2.py,5590DD072D3D5A5F7D14A9E5D71B853C3937ED3D678CA6FC95D8829F3611BF4B
C:\clean_rebuild\backup\miss0716\backup\miss0716\backup\miss0716\backup\miss0716\backup\miss0716\backup\miss0716\backup\miss0716\backup\miss0716\backup\miss0716\backup\miss0716\backup\miss0716\backup\miss0716\backup\miss0716\backup\miss0716\backup\miss0716\backup\miss0716\backup\miss0716\backup\miss0716\backup\miss0716\backup\miss0716\backup\miss0716\backup\miss0716\backup\miss0716\backup\miss0716\backup\miss0716\backup\miss0716\backup\miss0716\backup\miss0716\backup\miss0716\backup\miss0716\backup\miss0716\backup\miss0716\backup\miss0716\backup\miss0716\backup\miss0716\backup\miss0716\backup\miss0716\backup\miss0716\backup\miss0716\backup\miss0716\backup\miss0716\backup\miss0716\backup\miss0716\backup\miss0716\backup\miss0716\backup\miss0716\backup\miss0716\backup\miss0716\backup\miss0716\backup\miss0716\backup\miss0716\backup\miss0716\backup\miss0716\backup\miss0716\backup\miss0716\backup\miss0716\backup\miss0716\backup\miss0716\backup\miss0716\backup\miss0716\backup\miss0716\backup\miss0716\backup\miss0716\backup\miss0716\backup\miss0716\backup\miss0716\backup\miss0716\backup\miss0716\backup\miss0716\backup\miss0716\backup\miss0716\backup\miss0716\backup\miss0716\backup\miss0716\backup\miss0716\backup\miss0716\backup\miss0716\backup\miss0716\backup\miss0716\backup\miss0716\backup\miss0716\backup\miss0716\backup\miss0716\backup\backup_command_log_3.py,5590DD072D3D5A5F7D14A9E5D71B853C3937ED3D678CA6FC95D8829F3611BF4B
C:\clean_rebuild\backup\miss0716\backup\miss0716\backup\miss0716\backup\miss0716\backup\miss0716\backup\miss0716\backup\miss0716\backup\miss0716\backup\miss0716\backup\miss0716\backup\miss0716\backup\miss0716\backup\miss0716\backup\miss0716\backup\miss0716\backup\miss0716\backup\miss0716\backup\miss0716\backup\miss0716\backup\miss0716\backup\miss0716\backup\miss0716\backup\miss0716\backup\miss0716\backup\miss0716\backup\miss0716\backup\miss0716\backup\miss0716\backup\miss0716\backup\miss0716\backup\miss0716\backup\miss0716\backup\miss0716\backup\miss0716\backup\miss0716\backup\miss0716\backup\miss0716\backup\miss0716\backup\miss0716\backup\miss0716\backup\miss0716\backup\miss0716\backup\miss0716\backup\miss0716\backup\miss0716\backup\miss0716\backup\miss0716\backup\miss0716\backup\miss0716\backup\miss0716\backup\miss0716\backup\miss0716\backup\miss0716\backup\miss0716\backup\miss0716\backup\miss0716\backup\miss0716\backup\miss0716\backup\miss0716\backup\miss0716\backup\miss0716\backup\miss0716\backup\miss0716\backup\miss0716\backup\miss0716\backup\miss0716\backup\miss0716\backup\miss0716\backup\miss0716\backup\miss0716\backup\miss0716\backup\miss0716\backup\miss0716\backup\miss0716\backup\miss0716\backup\miss0716\backup\miss0716\backup\miss0716\backup\miss0716\backup\miss0716\backup\miss0716\backup\miss0716\backup\miss0716\backup\backup_command_log_4.py,5590DD072D3D5A5F7D14A9E5D71B853C3937ED3D678CA6FC95D8829F3611BF4B
C:\clean_rebuild\backup\miss0716\backup\miss0716\backup\miss0716\backup\miss0716\backup\miss0716\backup\miss0716\backup\miss0716\backup\miss0716\backup\miss0716\backup\miss0716\backup\miss0716\backup\miss0716\backup\miss0716\backup\miss0716\backup\miss0716\backup\miss0716\backup\miss0716\backup\miss0716\backup\miss0716\backup\miss0716\backup\miss0716\backup\miss0716\backup\miss0716\backup\miss0716\backup\miss0716\backup\miss0716\backup\miss0716\backup\miss0716\backup\miss0716\backup\miss0716\backup\miss0716\backup\miss0716\backup\miss0716\backup\miss0716\backup\miss0716\backup\miss0716\backup\miss0716\backup\miss0716\backup\miss0716\backup\miss0716\backup\miss0716\backup\miss0716\backup\miss0716\backup\miss0716\backup\miss0716\backup\miss0716\backup\miss0716\backup\miss0716\backup\miss0716\backup\miss0716\backup\miss0716\backup\miss0716\backup\miss0716\backup\miss0716\backup\miss0716\backup\miss0716\backup\miss0716\backup\miss0716\backup\miss0716\backup\miss0716\backup\miss0716\backup\miss0716\backup\miss0716\backup\miss0716\backup\miss0716\backup\miss0716\backup\miss0716\backup\miss0716\backup\miss0716\backup\miss0716\backup\miss0716\backup\miss0716\backup\miss0716\backup\miss0716\backup\miss0716\backup\miss0716\backup\miss0716\backup\miss0716\backup\miss0716\backup\miss0716\backup\miss0716\backup\miss0716\backup\miss0716\backup\backup_command_log_5.py,5590DD072D3D5A5F7D14A9E5D71B853C3937ED3D678CA6FC95D8829F3611BF4B
C:\clean_rebuild\backup\miss0716\backup\miss0716\backup\miss0716\backup\miss0716\backup\miss0716\backup\miss0716\backup\miss0716\backup\miss0716\backup\miss0716\backup\miss0716\backup\miss0716\backup\miss0716\backup\miss0716\backup\miss0716\backup\miss0716\backup\miss0716\backup\miss0716\backup\miss0716\backup\miss0716\backup\miss0716\backup\miss0716\backup\miss0716\backup\miss0716\backup\miss0716\backup\miss0716\backup\miss0716\backup\miss0716\backup\miss0716\backup\miss0716\backup\miss0716\backup\miss0716\backup\miss0716\backup\miss0716\backup\miss0716\backup\miss0716\backup\miss0716\backup\miss0716\backup\miss0716\backup\miss0716\backup\miss0716\backup\miss0716\backup\miss0716\backup\miss0716\backup\miss0716\backup\miss0716\backup\miss0716\backup\miss0716\backup\miss0716\backup\miss0716\backup\miss0716\backup\miss0716\backup\miss0716\backup\miss0716\backup\miss0716\backup\miss0716\backup\miss0716\backup\miss0716\backup\miss0716\backup\miss0716\backup\miss0716\backup\miss0716\backup\miss0716\backup\miss0716\backup\miss0716\backup\miss0716\backup\miss0716\backup\miss0716\backup\miss0716\backup\miss0716\backup\miss0716\backup\miss0716\backup\miss0716\backup\miss0716\backup\miss0716\backup\miss0716\backup\miss0716\backup\miss0716\backup\miss0716\backup\miss0716\backup\miss0716\backup\miss0716\backup\miss0716\backup\miss0716\backup\backup_command_log_6.py,5590DD072D3D5A5F7D14A9E5D71B853C3937ED3D678CA6FC95D8829F3611BF4B
C:\clean_rebuild\backup\miss0716\backup\miss0716\backup\miss0716\backup\miss0716\backup\miss0716\backup\miss0716\backup\miss0716\backup\miss0716\backup\miss0716\backup\miss0716\backup\miss0716\backup\miss0716\backup\miss0716\backup\miss0716\backup\miss0716\backup\miss0716\backup\miss0716\backup\miss0716\backup\miss0716\backup\miss0716\backup\miss0716\backup\miss0716\backup\miss0716\backup\miss0716\backup\miss0716\backup\miss0716\backup\miss0716\backup\miss0716\backup\miss0716\backup\miss0716\backup\miss0716\backup\miss0716\backup\miss0716\backup\miss0716\backup\miss0716\backup\miss0716\backup\miss0716\backup\miss0716\backup\miss0716\backup\miss0716\backup\miss0716\backup\miss0716\backup\miss0716\backup\miss0716\backup\miss0716\backup\miss0716\backup\miss0716\backup\miss0716\backup\miss0716\backup\miss0716\backup\miss0716\backup\miss0716\backup\miss0716\backup\miss0716\backup\miss0716\backup\miss0716\backup\miss0716\backup\miss0716\backup\miss0716\backup\miss0716\backup\miss0716\backup\miss0716\backup\miss0716\backup\miss0716\backup\miss0716\backup\miss0716\backup\miss0716\backup\miss0716\backup\miss0716\backup\miss0716\backup\miss0716\backup\miss0716\backup\miss0716\backup\miss0716\backup\miss0716\backup\miss0716\backup\miss0716\backup\miss0716\backup\miss0716\backup\miss0716\backup\miss0716\backup\miss0716\backup\miss0716\backup\backup_disk_log.py,C4B90060E9FDFF6F41C6050103004C4069553566AB49808A9EC3B845B671F87E
C:\clean_rebuild\backup\miss0716\backup\miss0716\backup\miss0716\backup\miss0716\backup\miss0716\backup\miss0716\backup\miss0716\backup\miss0716\backup\miss0716\backup\miss0716\backup\miss0716\backup\miss0716\backup\miss0716\backup\miss0716\backup\miss0716\backup\miss0716\backup\miss0716\backup\miss0716\backup\miss0716\backup\miss0716\backup\miss0716\backup\miss0716\backup\miss0716\backup\miss0716\backup\miss0716\backup\miss0716\backup\miss0716\backup\miss0716\backup\miss0716\backup\miss0716\backup\miss0716\backup\miss0716\backup\miss0716\backup\miss0716\backup\miss0716\backup\miss0716\backup\miss0716\backup\miss0716\backup\miss0716\backup\miss0716\backup\miss0716\backup\miss0716\backup\miss0716\backup\miss0716\backup\miss0716\backup\miss0716\backup\miss0716\backup\miss0716\backup\miss0716\backup\miss0716\backup\miss0716\backup\miss0716\backup\miss0716\backup\miss0716\backup\miss0716\backup\miss0716\backup\miss0716\backup\miss0716\backup\miss0716\backup\miss0716\backup\miss0716\backup\miss0716\backup\miss0716\backup\miss0716\backup\miss0716\backup\miss0716\backup\miss0716\backup\miss0716\backup\miss0716\backup\miss0716\backup\miss0716\backup\miss0716\backup\miss0716\backup\miss0716\backup\miss0716\backup\miss0716\backup\miss0716\backup\miss0716\backup\miss0716\backup\miss0716\backup\miss0716\backup\miss0716\backup\miss0716\backup\backup_disk_log_1.py,D3E74F88499C63E0CF1967559D5851AB169E35D08804F71B20BBDD6621895CB0
C:\clean_rebuild\backup\miss0716\backup\miss0716\backup\miss0716\backup\miss0716\backup\miss0716\backup\miss0716\backup\miss0716\backup\miss0716\backup\miss0716\backup\miss0716\backup\miss0716\backup\miss0716\backup\miss0716\backup\miss0716\backup\miss0716\backup\miss0716\backup\miss0716\backup\miss0716\backup\miss0716\backup\miss0716\backup\miss0716\backup\miss0716\backup\miss0716\backup\miss0716\backup\miss0716\backup\miss0716\backup\miss0716\backup\miss0716\backup\miss0716\backup\miss0716\backup\miss0716\backup\miss0716\backup\miss0716\backup\miss0716\backup\miss0716\backup\miss0716\backup\miss0716\backup\miss0716\backup\miss0716\backup\miss0716\backup\miss0716\backup\miss0716\backup\miss0716\backup\miss0716\backup\miss0716\backup\miss0716\backup\miss0716\backup\miss0716\backup\miss0716\backup\miss0716\backup\miss0716\backup\miss0716\backup\miss0716\backup\miss0716\backup\miss0716\backup\miss0716\backup\miss0716\backup\miss0716\backup\miss0716\backup\miss0716\backup\miss0716\backup\miss0716\backup\miss0716\backup\miss0716\backup\miss0716\backup\miss0716\backup\miss0716\backup\miss0716\backup\miss0716\backup\miss0716\backup\miss0716\backup\miss0716\backup\miss0716\backup\miss0716\backup\miss0716\backup\miss0716\backup\miss0716\backup\miss0716\backup\miss0716\backup\miss0716\backup\miss0716\backup\miss0716\backup\miss0716\backup\backup_disk_log_2.py,D3E74F88499C63E0CF1967559D5851AB169E35D08804F71B20BBDD6621895CB0
C:\clean_rebuild\backup\miss0716\backup\miss0716\backup\miss0716\backup\miss0716\backup\miss0716\backup\miss0716\backup\miss0716\backup\miss0716\backup\miss0716\backup\miss0716\backup\miss0716\backup\miss0716\backup\miss0716\backup\miss0716\backup\miss0716\backup\miss0716\backup\miss0716\backup\miss0716\backup\miss0716\backup\miss0716\backup\miss0716\backup\miss0716\backup\miss0716\backup\miss0716\backup\miss0716\backup\miss0716\backup\miss0716\backup\miss0716\backup\miss0716\backup\miss0716\backup\miss0716\backup\miss0716\backup\miss0716\backup\miss0716\backup\miss0716\backup\miss0716\backup\miss0716\backup\miss0716\backup\miss0716\backup\miss0716\backup\miss0716\backup\miss0716\backup\miss0716\backup\miss0716\backup\miss0716\backup\miss0716\backup\miss0716\backup\miss0716\backup\miss0716\backup\miss0716\backup\miss0716\backup\miss0716\backup\miss0716\backup\miss0716\backup\miss0716\backup\miss0716\backup\miss0716\backup\miss0716\backup\miss0716\backup\miss0716\backup\miss0716\backup\miss0716\backup\miss0716\backup\miss0716\backup\miss0716\backup\miss0716\backup\miss0716\backup\miss0716\backup\miss0716\backup\miss0716\backup\miss0716\backup\miss0716\backup\miss0716\backup\miss0716\backup\miss0716\backup\miss0716\backup\miss0716\backup\miss0716\backup\miss0716\backup\miss0716\backup\miss0716\backup\miss0716\backup\miss0716\backup\backup_disk_log_3.py,D3E74F88499C63E0CF1967559D5851AB169E35D08804F71B20BBDD6621895CB0
C:\clean_rebuild\backup\miss0716\backup\miss0716\backup\miss0716\backup\miss0716\backup\miss0716\backup\miss0716\backup\miss0716\backup\miss0716\backup\miss0716\backup\miss0716\backup\miss0716\backup\miss0716\backup\miss0716\backup\miss0716\backup\miss0716\backup\miss0716\backup\miss0716\backup\miss0716\backup\miss0716\backup\miss0716\backup\miss0716\backup\miss0716\backup\miss0716\backup\miss0716\backup\miss0716\backup\miss0716\backup\miss0716\backup\miss0716\backup\miss0716\backup\miss0716\backup\miss0716\backup\miss0716\backup\miss0716\backup\miss0716\backup\miss0716\backup\miss0716\backup\miss0716\backup\miss0716\backup\miss0716\backup\miss0716\backup\miss0716\backup\miss0716\backup\miss0716\backup\miss0716\backup\miss0716\backup\miss0716\backup\miss0716\backup\miss0716\backup\miss0716\backup\miss0716\backup\miss0716\backup\miss0716\backup\miss0716\backup\miss0716\backup\miss0716\backup\miss0716\backup\miss0716\backup\miss0716\backup\miss0716\backup\miss0716\backup\miss0716\backup\miss0716\backup\miss0716\backup\miss0716\backup\miss0716\backup\miss0716\backup\miss0716\backup\miss0716\backup\miss0716\backup\miss0716\backup\miss0716\backup\miss0716\backup\miss0716\backup\miss0716\backup\miss0716\backup\miss0716\backup\miss0716\backup\miss0716\backup\miss0716\backup\miss0716\backup\miss0716\backup\miss0716\backup\miss0716\backup\backup_disk_log_4.py,D3E74F88499C63E0CF1967559D5851AB169E35D08804F71B20BBDD6621895CB0
C:\clean_rebuild\backup\miss0716\backup\miss0716\backup\miss0716\backup\miss0716\backup\miss0716\backup\miss0716\backup\miss0716\backup\miss0716\backup\miss0716\backup\miss0716\backup\miss0716\backup\miss0716\backup\miss0716\backup\miss0716\backup\miss0716\backup\miss0716\backup\miss0716\backup\miss0716\backup\miss0716\backup\miss0716\backup\miss0716\backup\miss0716\backup\miss0716\backup\miss0716\backup\miss0716\backup\miss0716\backup\miss0716\backup\miss0716\backup\miss0716\backup\miss0716\backup\miss0716\backup\miss0716\backup\miss0716\backup\miss0716\backup\miss0716\backup\miss0716\backup\miss0716\backup\miss0716\backup\miss0716\backup\miss0716\backup\miss0716\backup\miss0716\backup\miss0716\backup\miss0716\backup\miss0716\backup\miss0716\backup\miss0716\backup\miss0716\backup\miss0716\backup\miss0716\backup\miss0716\backup\miss0716\backup\miss0716\backup\miss0716\backup\miss0716\backup\miss0716\backup\miss0716\backup\miss0716\backup\miss0716\backup\miss0716\backup\miss0716\backup\miss0716\backup\miss0716\backup\miss0716\backup\miss0716\backup\miss0716\backup\miss0716\backup\miss0716\backup\miss0716\backup\miss0716\backup\miss0716\backup\miss0716\backup\miss0716\backup\miss0716\backup\miss0716\backup\miss0716\backup\miss0716\backup\miss0716\backup\miss0716\backup\miss0716\backup\miss0716\backup\miss0716\backup\miss0716\backup\backup_disk_log_5.py,D3E74F88499C63E0CF1967559D5851AB169E35D08804F71B20BBDD6621895CB0
C:\clean_rebuild\backup\miss0716\backup\miss0716\backup\miss0716\backup\miss0716\backup\miss0716\backup\miss0716\backup\miss0716\backup\miss0716\backup\miss0716\backup\miss0716\backup\miss0716\backup\miss0716\backup\miss0716\backup\miss0716\backup\miss0716\backup\miss0716\backup\miss0716\backup\miss0716\backup\miss0716\backup\miss0716\backup\miss0716\backup\miss0716\backup\miss0716\backup\miss0716\backup\miss0716\backup\miss0716\backup\miss0716\backup\miss0716\backup\miss0716\backup\miss0716\backup\miss0716\backup\miss0716\backup\miss0716\backup\miss0716\backup\miss0716\backup\miss0716\backup\miss0716\backup\miss0716\backup\miss0716\backup\miss0716\backup\miss0716\backup\miss0716\backup\miss0716\backup\miss0716\backup\miss0716\backup\miss0716\backup\miss0716\backup\miss0716\backup\miss0716\backup\miss0716\backup\miss0716\backup\miss0716\backup\miss0716\backup\miss0716\backup\miss0716\backup\miss0716\backup\miss0716\backup\miss0716\backup\miss0716\backup\miss0716\backup\miss0716\backup\miss0716\backup\miss0716\backup\miss0716\backup\miss0716\backup\miss0716\backup\miss0716\backup\miss0716\backup\miss0716\backup\miss0716\backup\miss0716\backup\miss0716\backup\miss0716\backup\miss0716\backup\miss0716\backup\miss0716\backup\miss0716\backup\miss0716\backup\miss0716\backup\miss0716\backup\miss0716\backup\miss0716\backup\miss0716\backup\backup_disk_log_6.py,D3E74F88499C63E0CF1967559D5851AB169E35D08804F71B20BBDD6621895CB0
C:\clean_rebuild\backup\miss0716\backup\miss0716\backup\miss0716\backup\miss0716\backup\miss0716\backup\miss0716\backup\miss0716\backup\miss0716\backup\miss0716\backup\miss0716\backup\miss0716\backup\miss0716\backup\miss0716\backup\miss0716\backup\miss0716\backup\miss0716\backup\miss0716\backup\miss0716\backup\miss0716\backup\miss0716\backup\miss0716\backup\miss0716\backup\miss0716\backup\miss0716\backup\miss0716\backup\miss0716\backup\miss0716\backup\miss0716\backup\miss0716\backup\miss0716\backup\miss0716\backup\miss0716\backup\miss0716\backup\miss0716\backup\miss0716\backup\miss0716\backup\miss0716\backup\miss0716\backup\miss0716\backup\miss0716\backup\miss0716\backup\miss0716\backup\miss0716\backup\miss0716\backup\miss0716\backup\miss0716\backup\miss0716\backup\miss0716\backup\miss0716\backup\miss0716\backup\miss0716\backup\miss0716\backup\miss0716\backup\miss0716\backup\miss0716\backup\miss0716\backup\miss0716\backup\miss0716\backup\miss0716\backup\miss0716\backup\miss0716\backup\miss0716\backup\miss0716\backup\miss0716\backup\miss0716\backup\miss0716\backup\miss0716\backup\miss0716\backup\miss0716\backup\miss0716\backup\miss0716\backup\miss0716\backup\miss0716\backup\miss0716\backup\miss0716\backup\miss0716\backup\miss0716\backup\miss0716\backup\miss0716\backup\miss0716\backup\miss0716\backup\miss0716\backup\miss0716\backup\backup_env_log.py,AE98BA3F9F26951D93013529A8E045297DDB3969E146E0C3C00763CEF2511762
C:\clean_rebuild\backup\miss0716\backup\miss0716\backup\miss0716\backup\miss0716\backup\miss0716\backup\miss0716\backup\miss0716\backup\miss0716\backup\miss0716\backup\miss0716\backup\miss0716\backup\miss0716\backup\miss0716\backup\miss0716\backup\miss0716\backup\miss0716\backup\miss0716\backup\miss0716\backup\miss0716\backup\miss0716\backup\miss0716\backup\miss0716\backup\miss0716\backup\miss0716\backup\miss0716\backup\miss0716\backup\miss0716\backup\miss0716\backup\miss0716\backup\miss0716\backup\miss0716\backup\miss0716\backup\miss0716\backup\miss0716\backup\miss0716\backup\miss0716\backup\miss0716\backup\miss0716\backup\miss0716\backup\miss0716\backup\miss0716\backup\miss0716\backup\miss0716\backup\miss0716\backup\miss0716\backup\miss0716\backup\miss0716\backup\miss0716\backup\miss0716\backup\miss0716\backup\miss0716\backup\miss0716\backup\miss0716\backup\miss0716\backup\miss0716\backup\miss0716\backup\miss0716\backup\miss0716\backup\miss0716\backup\miss0716\backup\miss0716\backup\miss0716\backup\miss0716\backup\miss0716\backup\miss0716\backup\miss0716\backup\miss0716\backup\miss0716\backup\miss0716\backup\miss0716\backup\miss0716\backup\miss0716\backup\miss0716\backup\miss0716\backup\miss0716\backup\miss0716\backup\miss0716\backup\miss0716\backup\miss0716\backup\miss0716\backup\miss0716\backup\miss0716\backup\miss0716\backup\backup_env_log_1.py,5DDA5047226AEAEA8079CCE8B7A419B6A3249DB6BE33970E3F54DB335C92BE0F
C:\clean_rebuild\backup\miss0716\backup\miss0716\backup\miss0716\backup\miss0716\backup\miss0716\backup\miss0716\backup\miss0716\backup\miss0716\backup\miss0716\backup\miss0716\backup\miss0716\backup\miss0716\backup\miss0716\backup\miss0716\backup\miss0716\backup\miss0716\backup\miss0716\backup\miss0716\backup\miss0716\backup\miss0716\backup\miss0716\backup\miss0716\backup\miss0716\backup\miss0716\backup\miss0716\backup\miss0716\backup\miss0716\backup\miss0716\backup\miss0716\backup\miss0716\backup\miss0716\backup\miss0716\backup\miss0716\backup\miss0716\backup\miss0716\backup\miss0716\backup\miss0716\backup\miss0716\backup\miss0716\backup\miss0716\backup\miss0716\backup\miss0716\backup\miss0716\backup\miss0716\backup\miss0716\backup\miss0716\backup\miss0716\backup\miss0716\backup\miss0716\backup\miss0716\backup\miss0716\backup\miss0716\backup\miss0716\backup\miss0716\backup\miss0716\backup\miss0716\backup\miss0716\backup\miss0716\backup\miss0716\backup\miss0716\backup\miss0716\backup\miss0716\backup\miss0716\backup\miss0716\backup\miss0716\backup\miss0716\backup\miss0716\backup\miss0716\backup\miss0716\backup\miss0716\backup\miss0716\backup\miss0716\backup\miss0716\backup\miss0716\backup\miss0716\backup\miss0716\backup\miss0716\backup\miss0716\backup\miss0716\backup\miss0716\backup\miss0716\backup\miss0716\backup\miss0716\backup\backup_env_log_2.py,5DDA5047226AEAEA8079CCE8B7A419B6A3249DB6BE33970E3F54DB335C92BE0F
C:\clean_rebuild\backup\miss0716\backup\miss0716\backup\miss0716\backup\miss0716\backup\miss0716\backup\miss0716\backup\miss0716\backup\miss0716\backup\miss0716\backup\miss0716\backup\miss0716\backup\miss0716\backup\miss0716\backup\miss0716\backup\miss0716\backup\miss0716\backup\miss0716\backup\miss0716\backup\miss0716\backup\miss0716\backup\miss0716\backup\miss0716\backup\miss0716\backup\miss0716\backup\miss0716\backup\miss0716\backup\miss0716\backup\miss0716\backup\miss0716\backup\miss0716\backup\miss0716\backup\miss0716\backup\miss0716\backup\miss0716\backup\miss0716\backup\miss0716\backup\miss0716\backup\miss0716\backup\miss0716\backup\miss0716\backup\miss0716\backup\miss0716\backup\miss0716\backup\miss0716\backup\miss0716\backup\miss0716\backup\miss0716\backup\miss0716\backup\miss0716\backup\miss0716\backup\miss0716\backup\miss0716\backup\miss0716\backup\miss0716\backup\miss0716\backup\miss0716\backup\miss0716\backup\miss0716\backup\miss0716\backup\miss0716\backup\miss0716\backup\miss0716\backup\miss0716\backup\miss0716\backup\miss0716\backup\miss0716\backup\miss0716\backup\miss0716\backup\miss0716\backup\miss0716\backup\miss0716\backup\miss0716\backup\miss0716\backup\miss0716\backup\miss0716\backup\miss0716\backup\miss0716\backup\miss0716\backup\miss0716\backup\miss0716\backup\miss0716\backup\miss0716\backup\miss0716\backup\backup_env_log_3.py,5DDA5047226AEAEA8079CCE8B7A419B6A3249DB6BE33970E3F54DB335C92BE0F
C:\clean_rebuild\backup\miss0716\backup\miss0716\backup\miss0716\backup\miss0716\backup\miss0716\backup\miss0716\backup\miss0716\backup\miss0716\backup\miss0716\backup\miss0716\backup\miss0716\backup\miss0716\backup\miss0716\backup\miss0716\backup\miss0716\backup\miss0716\backup\miss0716\backup\miss0716\backup\miss0716\backup\miss0716\backup\miss0716\backup\miss0716\backup\miss0716\backup\miss0716\backup\miss0716\backup\miss0716\backup\miss0716\backup\miss0716\backup\miss0716\backup\miss0716\backup\miss0716\backup\miss0716\backup\miss0716\backup\miss0716\backup\miss0716\backup\miss0716\backup\miss0716\backup\miss0716\backup\miss0716\backup\miss0716\backup\miss0716\backup\miss0716\backup\miss0716\backup\miss0716\backup\miss0716\backup\miss0716\backup\miss0716\backup\miss0716\backup\miss0716\backup\miss0716\backup\miss0716\backup\miss0716\backup\miss0716\backup\miss0716\backup\miss0716\backup\miss0716\backup\miss0716\backup\miss0716\backup\miss0716\backup\miss0716\backup\miss0716\backup\miss0716\backup\miss0716\backup\miss0716\backup\miss0716\backup\miss0716\backup\miss0716\backup\miss0716\backup\miss0716\backup\miss0716\backup\miss0716\backup\miss0716\backup\miss0716\backup\miss0716\backup\miss0716\backup\miss0716\backup\miss0716\backup\miss0716\backup\miss0716\backup\miss0716\backup\miss0716\backup\miss0716\backup\miss0716\backup\backup_env_log_4.py,5DDA5047226AEAEA8079CCE8B7A419B6A3249DB6BE33970E3F54DB335C92BE0F
C:\clean_rebuild\backup\miss0716\backup\miss0716\backup\miss0716\backup\miss0716\backup\miss0716\backup\miss0716\backup\miss0716\backup\miss0716\backup\miss0716\backup\miss0716\backup\miss0716\backup\miss0716\backup\miss0716\backup\miss0716\backup\miss0716\backup\miss0716\backup\miss0716\backup\miss0716\backup\miss0716\backup\miss0716\backup\miss0716\backup\miss0716\backup\miss0716\backup\miss0716\backup\miss0716\backup\miss0716\backup\miss0716\backup\miss0716\backup\miss0716\backup\miss0716\backup\miss0716\backup\miss0716\backup\miss0716\backup\miss0716\backup\miss0716\backup\miss0716\backup\miss0716\backup\miss0716\backup\miss0716\backup\miss0716\backup\miss0716\backup\miss0716\backup\miss0716\backup\miss0716\backup\miss0716\backup\miss0716\backup\miss0716\backup\miss0716\backup\miss0716\backup\miss0716\backup\miss0716\backup\miss0716\backup\miss0716\backup\miss0716\backup\miss0716\backup\miss0716\backup\miss0716\backup\miss0716\backup\miss0716\backup\miss0716\backup\miss0716\backup\miss0716\backup\miss0716\backup\miss0716\backup\miss0716\backup\miss0716\backup\miss0716\backup\miss0716\backup\miss0716\backup\miss0716\backup\miss0716\backup\miss0716\backup\miss0716\backup\miss0716\backup\miss0716\backup\miss0716\backup\miss0716\backup\miss0716\backup\miss0716\backup\miss0716\backup\miss0716\backup\miss0716\backup\miss0716\backup\backup_env_log_5.py,5DDA5047226AEAEA8079CCE8B7A419B6A3249DB6BE33970E3F54DB335C92BE0F
C:\clean_rebuild\backup\miss0716\backup\miss0716\backup\miss0716\backup\miss0716\backup\miss0716\backup\miss0716\backup\miss0716\backup\miss0716\backup\miss0716\backup\miss0716\backup\miss0716\backup\miss0716\backup\miss0716\backup\miss0716\backup\miss0716\backup\miss0716\backup\miss0716\backup\miss0716\backup\miss0716\backup\miss0716\backup\miss0716\backup\miss0716\backup\miss0716\backup\miss0716\backup\miss0716\backup\miss0716\backup\miss0716\backup\miss0716\backup\miss0716\backup\miss0716\backup\miss0716\backup\miss0716\backup\miss0716\backup\miss0716\backup\miss0716\backup\miss0716\backup\miss0716\backup\miss0716\backup\miss0716\backup\miss0716\backup\miss0716\backup\miss0716\backup\miss0716\backup\miss0716\backup\miss0716\backup\miss0716\backup\miss0716\backup\miss0716\backup\miss0716\backup\miss0716\backup\miss0716\backup\miss0716\backup\miss0716\backup\miss0716\backup\miss0716\backup\miss0716\backup\miss0716\backup\miss0716\backup\miss0716\backup\miss0716\backup\miss0716\backup\miss0716\backup\miss0716\backup\miss0716\backup\miss0716\backup\miss0716\backup\miss0716\backup\miss0716\backup\miss0716\backup\miss0716\backup\miss0716\backup\miss0716\backup\miss0716\backup\miss0716\backup\miss0716\backup\miss0716\backup\miss0716\backup\miss0716\backup\miss0716\backup\miss0716\backup\miss0716\backup\miss0716\backup\miss0716\backup\backup_env_log_6.py,5DDA5047226AEAEA8079CCE8B7A419B6A3249DB6BE33970E3F54DB335C92BE0F
C:\clean_rebuild\backup\miss0716\backup\miss0716\backup\miss0716\backup\miss0716\backup\miss0716\backup\miss0716\backup\miss0716\backup\miss0716\backup\miss0716\backup\miss0716\backup\miss0716\backup\miss0716\backup\miss0716\backup\miss0716\backup\miss0716\backup\miss0716\backup\miss0716\backup\miss0716\backup\miss0716\backup\miss0716\backup\miss0716\backup\miss0716\backup\miss0716\backup\miss0716\backup\miss0716\backup\miss0716\backup\miss0716\backup\miss0716\backup\miss0716\backup\miss0716\backup\miss0716\backup\miss0716\backup\miss0716\backup\miss0716\backup\miss0716\backup\miss0716\backup\miss0716\backup\miss0716\backup\miss0716\backup\miss0716\backup\miss0716\backup\miss0716\backup\miss0716\backup\miss0716\backup\miss0716\backup\miss0716\backup\miss0716\backup\miss0716\backup\miss0716\backup\miss0716\backup\miss0716\backup\miss0716\backup\miss0716\backup\miss0716\backup\miss0716\backup\miss0716\backup\miss0716\backup\miss0716\backup\miss0716\backup\miss0716\backup\miss0716\backup\miss0716\backup\miss0716\backup\miss0716\backup\miss0716\backup\miss0716\backup\miss0716\backup\miss0716\backup\miss0716\backup\miss0716\backup\miss0716\backup\miss0716\backup\miss0716\backup\miss0716\backup\miss0716\backup\miss0716\backup\miss0716\backup\miss0716\backup\miss0716\backup\miss0716\backup\miss0716\backup\miss0716\backup\miss0716\backup\backup_exported_excel.py,A948AEE32ED7B9F9C4B11A747912BC0643685696180EA825AE1DA1F66AFF5159
C:\clean_rebuild\backup\miss0716\backup\miss0716\backup\miss0716\backup\miss0716\backup\miss0716\backup\miss0716\backup\miss0716\backup\miss0716\backup\miss0716\backup\miss0716\backup\miss0716\backup\miss0716\backup\miss0716\backup\miss0716\backup\miss0716\backup\miss0716\backup\miss0716\backup\miss0716\backup\miss0716\backup\miss0716\backup\miss0716\backup\miss0716\backup\miss0716\backup\miss0716\backup\miss0716\backup\miss0716\backup\miss0716\backup\miss0716\backup\miss0716\backup\miss0716\backup\miss0716\backup\miss0716\backup\miss0716\backup\miss0716\backup\miss0716\backup\miss0716\backup\miss0716\backup\miss0716\backup\miss0716\backup\miss0716\backup\miss0716\backup\miss0716\backup\miss0716\backup\miss0716\backup\miss0716\backup\miss0716\backup\miss0716\backup\miss0716\backup\miss0716\backup\miss0716\backup\miss0716\backup\miss0716\backup\miss0716\backup\miss0716\backup\miss0716\backup\miss0716\backup\miss0716\backup\miss0716\backup\miss0716\backup\miss0716\backup\miss0716\backup\miss0716\backup\miss0716\backup\miss0716\backup\miss0716\backup\miss0716\backup\miss0716\backup\miss0716\backup\miss0716\backup\miss0716\backup\miss0716\backup\miss0716\backup\miss0716\backup\miss0716\backup\miss0716\backup\miss0716\backup\miss0716\backup\miss0716\backup\miss0716\backup\miss0716\backup\miss0716\backup\miss0716\backup\miss0716\backup\backup_exported_excel_1.py,D9DBF8E59710392921CE860935486C477F463C75589D5930A09045F2B8D31A7D
C:\clean_rebuild\backup\miss0716\backup\miss0716\backup\miss0716\backup\miss0716\backup\miss0716\backup\miss0716\backup\miss0716\backup\miss0716\backup\miss0716\backup\miss0716\backup\miss0716\backup\miss0716\backup\miss0716\backup\miss0716\backup\miss0716\backup\miss0716\backup\miss0716\backup\miss0716\backup\miss0716\backup\miss0716\backup\miss0716\backup\miss0716\backup\miss0716\backup\miss0716\backup\miss0716\backup\miss0716\backup\miss0716\backup\miss0716\backup\miss0716\backup\miss0716\backup\miss0716\backup\miss0716\backup\miss0716\backup\miss0716\backup\miss0716\backup\miss0716\backup\miss0716\backup\miss0716\backup\miss0716\backup\miss0716\backup\miss0716\backup\miss0716\backup\miss0716\backup\miss0716\backup\miss0716\backup\miss0716\backup\miss0716\backup\miss0716\backup\miss0716\backup\miss0716\backup\miss0716\backup\miss0716\backup\miss0716\backup\miss0716\backup\miss0716\backup\miss0716\backup\miss0716\backup\miss0716\backup\miss0716\backup\miss0716\backup\miss0716\backup\miss0716\backup\miss0716\backup\miss0716\backup\miss0716\backup\miss0716\backup\miss0716\backup\miss0716\backup\miss0716\backup\miss0716\backup\miss0716\backup\miss0716\backup\miss0716\backup\miss0716\backup\miss0716\backup\miss0716\backup\miss0716\backup\miss0716\backup\miss0716\backup\miss0716\backup\miss0716\backup\miss0716\backup\miss0716\backup\backup_exported_excel_2.py,D9DBF8E59710392921CE860935486C477F463C75589D5930A09045F2B8D31A7D
C:\clean_rebuild\backup\miss0716\backup\miss0716\backup\miss0716\backup\miss0716\backup\miss0716\backup\miss0716\backup\miss0716\backup\miss0716\backup\miss0716\backup\miss0716\backup\miss0716\backup\miss0716\backup\miss0716\backup\miss0716\backup\miss0716\backup\miss0716\backup\miss0716\backup\miss0716\backup\miss0716\backup\miss0716\backup\miss0716\backup\miss0716\backup\miss0716\backup\miss0716\backup\miss0716\backup\miss0716\backup\miss0716\backup\miss0716\backup\miss0716\backup\miss0716\backup\miss0716\backup\miss0716\backup\miss0716\backup\miss0716\backup\miss0716\backup\miss0716\backup\miss0716\backup\miss0716\backup\miss0716\backup\miss0716\backup\miss0716\backup\miss0716\backup\miss0716\backup\miss0716\backup\miss0716\backup\miss0716\backup\miss0716\backup\miss0716\backup\miss0716\backup\miss0716\backup\miss0716\backup\miss0716\backup\miss0716\backup\miss0716\backup\miss0716\backup\miss0716\backup\miss0716\backup\miss0716\backup\miss0716\backup\miss0716\backup\miss0716\backup\miss0716\backup\miss0716\backup\miss0716\backup\miss0716\backup\miss0716\backup\miss0716\backup\miss0716\backup\miss0716\backup\miss0716\backup\miss0716\backup\miss0716\backup\miss0716\backup\miss0716\backup\miss0716\backup\miss0716\backup\miss0716\backup\miss0716\backup\miss0716\backup\miss0716\backup\miss0716\backup\miss0716\backup\miss0716\backup\backup_exported_excel_3.py,D9DBF8E59710392921CE860935486C477F463C75589D5930A09045F2B8D31A7D
C:\clean_rebuild\backup\miss0716\backup\miss0716\backup\miss0716\backup\miss0716\backup\miss0716\backup\miss0716\backup\miss0716\backup\miss0716\backup\miss0716\backup\miss0716\backup\miss0716\backup\miss0716\backup\miss0716\backup\miss0716\backup\miss0716\backup\miss0716\backup\miss0716\backup\miss0716\backup\miss0716\backup\miss0716\backup\miss0716\backup\miss0716\backup\miss0716\backup\miss0716\backup\miss0716\backup\miss0716\backup\miss0716\backup\miss0716\backup\miss0716\backup\miss0716\backup\miss0716\backup\miss0716\backup\miss0716\backup\miss0716\backup\miss0716\backup\miss0716\backup\miss0716\backup\miss0716\backup\miss0716\backup\miss0716\backup\miss0716\backup\miss0716\backup\miss0716\backup\miss0716\backup\miss0716\backup\miss0716\backup\miss0716\backup\miss0716\backup\miss0716\backup\miss0716\backup\miss0716\backup\miss0716\backup\miss0716\backup\miss0716\backup\miss0716\backup\miss0716\backup\miss0716\backup\miss0716\backup\miss0716\backup\miss0716\backup\miss0716\backup\miss0716\backup\miss0716\backup\miss0716\backup\miss0716\backup\miss0716\backup\miss0716\backup\miss0716\backup\miss0716\backup\miss0716\backup\miss0716\backup\miss0716\backup\miss0716\backup\miss0716\backup\miss0716\backup\miss0716\backup\miss0716\backup\miss0716\backup\miss0716\backup\miss0716\backup\miss0716\backup\miss0716\backup\miss0716\backup\backup_exported_excel_4.py,D9DBF8E59710392921CE860935486C477F463C75589D5930A09045F2B8D31A7D
C:\clean_rebuild\backup\miss0716\backup\miss0716\backup\miss0716\backup\miss0716\backup\miss0716\backup\miss0716\backup\miss0716\backup\miss0716\backup\miss0716\backup\miss0716\backup\miss0716\backup\miss0716\backup\miss0716\backup\miss0716\backup\miss0716\backup\miss0716\backup\miss0716\backup\miss0716\backup\miss0716\backup\miss0716\backup\miss0716\backup\miss0716\backup\miss0716\backup\miss0716\backup\miss0716\backup\miss0716\backup\miss0716\backup\miss0716\backup\miss0716\backup\miss0716\backup\miss0716\backup\miss0716\backup\miss0716\backup\miss0716\backup\miss0716\backup\miss0716\backup\miss0716\backup\miss0716\backup\miss0716\backup\miss0716\backup\miss0716\backup\miss0716\backup\miss0716\backup\miss0716\backup\miss0716\backup\miss0716\backup\miss0716\backup\miss0716\backup\miss0716\backup\miss0716\backup\miss0716\backup\miss0716\backup\miss0716\backup\miss0716\backup\miss0716\backup\miss0716\backup\miss0716\backup\miss0716\backup\miss0716\backup\miss0716\backup\miss0716\backup\miss0716\backup\miss0716\backup\miss0716\backup\miss0716\backup\miss0716\backup\miss0716\backup\miss0716\backup\miss0716\backup\miss0716\backup\miss0716\backup\miss0716\backup\miss0716\backup\miss0716\backup\miss0716\backup\miss0716\backup\miss0716\backup\miss0716\backup\miss0716\backup\miss0716\backup\miss0716\backup\miss0716\backup\miss0716\backup\backup_exported_excel_5.py,D9DBF8E59710392921CE860935486C477F463C75589D5930A09045F2B8D31A7D
C:\clean_rebuild\backup\miss0716\backup\miss0716\backup\miss0716\backup\miss0716\backup\miss0716\backup\miss0716\backup\miss0716\backup\miss0716\backup\miss0716\backup\miss0716\backup\miss0716\backup\miss0716\backup\miss0716\backup\miss0716\backup\miss0716\backup\miss0716\backup\miss0716\backup\miss0716\backup\miss0716\backup\miss0716\backup\miss0716\backup\miss0716\backup\miss0716\backup\miss0716\backup\miss0716\backup\miss0716\backup\miss0716\backup\miss0716\backup\miss0716\backup\miss0716\backup\miss0716\backup\miss0716\backup\miss0716\backup\miss0716\backup\miss0716\backup\miss0716\backup\miss0716\backup\miss0716\backup\miss0716\backup\miss0716\backup\miss0716\backup\miss0716\backup\miss0716\backup\miss0716\backup\miss0716\backup\miss0716\backup\miss0716\backup\miss0716\backup\miss0716\backup\miss0716\backup\miss0716\backup\miss0716\backup\miss0716\backup\miss0716\backup\miss0716\backup\miss0716\backup\miss0716\backup\miss0716\backup\miss0716\backup\miss0716\backup\miss0716\backup\miss0716\backup\miss0716\backup\miss0716\backup\miss0716\backup\miss0716\backup\miss0716\backup\miss0716\backup\miss0716\backup\miss0716\backup\miss0716\backup\miss0716\backup\miss0716\backup\miss0716\backup\miss0716\backup\miss0716\backup\miss0716\backup\miss0716\backup\miss0716\backup\miss0716\backup\miss0716\backup\miss0716\backup\miss0716\backup\backup_exported_excel_6.py,D9DBF8E59710392921CE860935486C477F463C75589D5930A09045F2B8D31A7D
C:\clean_rebuild\backup\miss0716\backup\miss0716\backup\miss0716\backup\miss0716\backup\miss0716\backup\miss0716\backup\miss0716\backup\miss0716\backup\miss0716\backup\miss0716\backup\miss0716\backup\miss0716\backup\miss0716\backup\miss0716\backup\miss0716\backup\miss0716\backup\miss0716\backup\miss0716\backup\miss0716\backup\miss0716\backup\miss0716\backup\miss0716\backup\miss0716\backup\miss0716\backup\miss0716\backup\miss0716\backup\miss0716\backup\miss0716\backup\miss0716\backup\miss0716\backup\miss0716\backup\miss0716\backup\miss0716\backup\miss0716\backup\miss0716\backup\miss0716\backup\miss0716\backup\miss0716\backup\miss0716\backup\miss0716\backup\miss0716\backup\miss0716\backup\miss0716\backup\miss0716\backup\miss0716\backup\miss0716\backup\miss0716\backup\miss0716\backup\miss0716\backup\miss0716\backup\miss0716\backup\miss0716\backup\miss0716\backup\miss0716\backup\miss0716\backup\miss0716\backup\miss0716\backup\miss0716\backup\miss0716\backup\miss0716\backup\miss0716\backup\miss0716\backup\miss0716\backup\miss0716\backup\miss0716\backup\miss0716\backup\miss0716\backup\miss0716\backup\miss0716\backup\miss0716\backup\miss0716\backup\miss0716\backup\miss0716\backup\miss0716\backup\miss0716\backup\miss0716\backup\miss0716\backup\miss0716\backup\miss0716\backup\miss0716\backup\miss0716\backup\miss0716\backup\miss0716\backup\backup_full_db.py,D13FFF9F638C7CAB7026F30214B414D81231457EE9787B0C0A02F53D41E72BDB
C:\clean_rebuild\backup\miss0716\backup\miss0716\backup\miss0716\backup\miss0716\backup\miss0716\backup\miss0716\backup\miss0716\backup\miss0716\backup\miss0716\backup\miss0716\backup\miss0716\backup\miss0716\backup\miss0716\backup\miss0716\backup\miss0716\backup\miss0716\backup\miss0716\backup\miss0716\backup\miss0716\backup\miss0716\backup\miss0716\backup\miss0716\backup\miss0716\backup\miss0716\backup\miss0716\backup\miss0716\backup\miss0716\backup\miss0716\backup\miss0716\backup\miss0716\backup\miss0716\backup\miss0716\backup\miss0716\backup\miss0716\backup\miss0716\backup\miss0716\backup\miss0716\backup\miss0716\backup\miss0716\backup\miss0716\backup\miss0716\backup\miss0716\backup\miss0716\backup\miss0716\backup\miss0716\backup\miss0716\backup\miss0716\backup\miss0716\backup\miss0716\backup\miss0716\backup\miss0716\backup\miss0716\backup\miss0716\backup\miss0716\backup\miss0716\backup\miss0716\backup\miss0716\backup\miss0716\backup\miss0716\backup\miss0716\backup\miss0716\backup\miss0716\backup\miss0716\backup\miss0716\backup\miss0716\backup\miss0716\backup\miss0716\backup\miss0716\backup\miss0716\backup\miss0716\backup\miss0716\backup\miss0716\backup\miss0716\backup\miss0716\backup\miss0716\backup\miss0716\backup\miss0716\backup\miss0716\backup\miss0716\backup\miss0716\backup\miss0716\backup\miss0716\backup\miss0716\backup\backup_network_log.py,8C35538FE12985C6AAB6311705D3988CC294DCCF31EE8C73683044AF11CCC1A2
C:\clean_rebuild\backup\miss0716\backup\miss0716\backup\miss0716\backup\miss0716\backup\miss0716\backup\miss0716\backup\miss0716\backup\miss0716\backup\miss0716\backup\miss0716\backup\miss0716\backup\miss0716\backup\miss0716\backup\miss0716\backup\miss0716\backup\miss0716\backup\miss0716\backup\miss0716\backup\miss0716\backup\miss0716\backup\miss0716\backup\miss0716\backup\miss0716\backup\miss0716\backup\miss0716\backup\miss0716\backup\miss0716\backup\miss0716\backup\miss0716\backup\miss0716\backup\miss0716\backup\miss0716\backup\miss0716\backup\miss0716\backup\miss0716\backup\miss0716\backup\miss0716\backup\miss0716\backup\miss0716\backup\miss0716\backup\miss0716\backup\miss0716\backup\miss0716\backup\miss0716\backup\miss0716\backup\miss0716\backup\miss0716\backup\miss0716\backup\miss0716\backup\miss0716\backup\miss0716\backup\miss0716\backup\miss0716\backup\miss0716\backup\miss0716\backup\miss0716\backup\miss0716\backup\miss0716\backup\miss0716\backup\miss0716\backup\miss0716\backup\miss0716\backup\miss0716\backup\miss0716\backup\miss0716\backup\miss0716\backup\miss0716\backup\miss0716\backup\miss0716\backup\miss0716\backup\miss0716\backup\miss0716\backup\miss0716\backup\miss0716\backup\miss0716\backup\miss0716\backup\miss0716\backup\miss0716\backup\miss0716\backup\miss0716\backup\miss0716\backup\miss0716\backup\miss0716\backup\backup_network_log_1.py,DA7F4B66C1DD242DBBC1C7DC1B23D161975CC9AFBA371B3EEF05532E1C343D3F
C:\clean_rebuild\backup\miss0716\backup\miss0716\backup\miss0716\backup\miss0716\backup\miss0716\backup\miss0716\backup\miss0716\backup\miss0716\backup\miss0716\backup\miss0716\backup\miss0716\backup\miss0716\backup\miss0716\backup\miss0716\backup\miss0716\backup\miss0716\backup\miss0716\backup\miss0716\backup\miss0716\backup\miss0716\backup\miss0716\backup\miss0716\backup\miss0716\backup\miss0716\backup\miss0716\backup\miss0716\backup\miss0716\backup\miss0716\backup\miss0716\backup\miss0716\backup\miss0716\backup\miss0716\backup\miss0716\backup\miss0716\backup\miss0716\backup\miss0716\backup\miss0716\backup\miss0716\backup\miss0716\backup\miss0716\backup\miss0716\backup\miss0716\backup\miss0716\backup\miss0716\backup\miss0716\backup\miss0716\backup\miss0716\backup\miss0716\backup\miss0716\backup\miss0716\backup\miss0716\backup\miss0716\backup\miss0716\backup\miss0716\backup\miss0716\backup\miss0716\backup\miss0716\backup\miss0716\backup\miss0716\backup\miss0716\backup\miss0716\backup\miss0716\backup\miss0716\backup\miss0716\backup\miss0716\backup\miss0716\backup\miss0716\backup\miss0716\backup\miss0716\backup\miss0716\backup\miss0716\backup\miss0716\backup\miss0716\backup\miss0716\backup\miss0716\backup\miss0716\backup\miss0716\backup\miss0716\backup\miss0716\backup\miss0716\backup\miss0716\backup\miss0716\backup\miss0716\backup\backup_network_log_2.py,DA7F4B66C1DD242DBBC1C7DC1B23D161975CC9AFBA371B3EEF05532E1C343D3F
C:\clean_rebuild\backup\miss0716\backup\miss0716\backup\miss0716\backup\miss0716\backup\miss0716\backup\miss0716\backup\miss0716\backup\miss0716\backup\miss0716\backup\miss0716\backup\miss0716\backup\miss0716\backup\miss0716\backup\miss0716\backup\miss0716\backup\miss0716\backup\miss0716\backup\miss0716\backup\miss0716\backup\miss0716\backup\miss0716\backup\miss0716\backup\miss0716\backup\miss0716\backup\miss0716\backup\miss0716\backup\miss0716\backup\miss0716\backup\miss0716\backup\miss0716\backup\miss0716\backup\miss0716\backup\miss0716\backup\miss0716\backup\miss0716\backup\miss0716\backup\miss0716\backup\miss0716\backup\miss0716\backup\miss0716\backup\miss0716\backup\miss0716\backup\miss0716\backup\miss0716\backup\miss0716\backup\miss0716\backup\miss0716\backup\miss0716\backup\miss0716\backup\miss0716\backup\miss0716\backup\miss0716\backup\miss0716\backup\miss0716\backup\miss0716\backup\miss0716\backup\miss0716\backup\miss0716\backup\miss0716\backup\miss0716\backup\miss0716\backup\miss0716\backup\miss0716\backup\miss0716\backup\miss0716\backup\miss0716\backup\miss0716\backup\miss0716\backup\miss0716\backup\miss0716\backup\miss0716\backup\miss0716\backup\miss0716\backup\miss0716\backup\miss0716\backup\miss0716\backup\miss0716\backup\miss0716\backup\miss0716\backup\miss0716\backup\miss0716\backup\miss0716\backup\miss0716\backup\backup_network_log_3.py,DA7F4B66C1DD242DBBC1C7DC1B23D161975CC9AFBA371B3EEF05532E1C343D3F
C:\clean_rebuild\backup\miss0716\backup\miss0716\backup\miss0716\backup\miss0716\backup\miss0716\backup\miss0716\backup\miss0716\backup\miss0716\backup\miss0716\backup\miss0716\backup\miss0716\backup\miss0716\backup\miss0716\backup\miss0716\backup\miss0716\backup\miss0716\backup\miss0716\backup\miss0716\backup\miss0716\backup\miss0716\backup\miss0716\backup\miss0716\backup\miss0716\backup\miss0716\backup\miss0716\backup\miss0716\backup\miss0716\backup\miss0716\backup\miss0716\backup\miss0716\backup\miss0716\backup\miss0716\backup\miss0716\backup\miss0716\backup\miss0716\backup\miss0716\backup\miss0716\backup\miss0716\backup\miss0716\backup\miss0716\backup\miss0716\backup\miss0716\backup\miss0716\backup\miss0716\backup\miss0716\backup\miss0716\backup\miss0716\backup\miss0716\backup\miss0716\backup\miss0716\backup\miss0716\backup\miss0716\backup\miss0716\backup\miss0716\backup\miss0716\backup\miss0716\backup\miss0716\backup\miss0716\backup\miss0716\backup\miss0716\backup\miss0716\backup\miss0716\backup\miss0716\backup\miss0716\backup\miss0716\backup\miss0716\backup\miss0716\backup\miss0716\backup\miss0716\backup\miss0716\backup\miss0716\backup\miss0716\backup\miss0716\backup\miss0716\backup\miss0716\backup\miss0716\backup\miss0716\backup\miss0716\backup\miss0716\backup\miss0716\backup\miss0716\backup\miss0716\backup\miss0716\backup\backup_network_log_4.py,DA7F4B66C1DD242DBBC1C7DC1B23D161975CC9AFBA371B3EEF05532E1C343D3F
C:\clean_rebuild\backup\miss0716\backup\miss0716\backup\miss0716\backup\miss0716\backup\miss0716\backup\miss0716\backup\miss0716\backup\miss0716\backup\miss0716\backup\miss0716\backup\miss0716\backup\miss0716\backup\miss0716\backup\miss0716\backup\miss0716\backup\miss0716\backup\miss0716\backup\miss0716\backup\miss0716\backup\miss0716\backup\miss0716\backup\miss0716\backup\miss0716\backup\miss0716\backup\miss0716\backup\miss0716\backup\miss0716\backup\miss0716\backup\miss0716\backup\miss0716\backup\miss0716\backup\miss0716\backup\miss0716\backup\miss0716\backup\miss0716\backup\miss0716\backup\miss0716\backup\miss0716\backup\miss0716\backup\miss0716\backup\miss0716\backup\miss0716\backup\miss0716\backup\miss0716\backup\miss0716\backup\miss0716\backup\miss0716\backup\miss0716\backup\miss0716\backup\miss0716\backup\miss0716\backup\miss0716\backup\miss0716\backup\miss0716\backup\miss0716\backup\miss0716\backup\miss0716\backup\miss0716\backup\miss0716\backup\miss0716\backup\miss0716\backup\miss0716\backup\miss0716\backup\miss0716\backup\miss0716\backup\miss0716\backup\miss0716\backup\miss0716\backup\miss0716\backup\miss0716\backup\miss0716\backup\miss0716\backup\miss0716\backup\miss0716\backup\miss0716\backup\miss0716\backup\miss0716\backup\miss0716\backup\miss0716\backup\miss0716\backup\miss0716\backup\miss0716\backup\miss0716\backup\backup_network_log_5.py,DA7F4B66C1DD242DBBC1C7DC1B23D161975CC9AFBA371B3EEF05532E1C343D3F
C:\clean_rebuild\backup\miss0716\backup\miss0716\backup\miss0716\backup\miss0716\backup\miss0716\backup\miss0716\backup\miss0716\backup\miss0716\backup\miss0716\backup\miss0716\backup\miss0716\backup\miss0716\backup\miss0716\backup\miss0716\backup\miss0716\backup\miss0716\backup\miss0716\backup\miss0716\backup\miss0716\backup\miss0716\backup\miss0716\backup\miss0716\backup\miss0716\backup\miss0716\backup\miss0716\backup\miss0716\backup\miss0716\backup\miss0716\backup\miss0716\backup\miss0716\backup\miss0716\backup\miss0716\backup\miss0716\backup\miss0716\backup\miss0716\backup\miss0716\backup\miss0716\backup\miss0716\backup\miss0716\backup\miss0716\backup\miss0716\backup\miss0716\backup\miss0716\backup\miss0716\backup\miss0716\backup\miss0716\backup\miss0716\backup\miss0716\backup\miss0716\backup\miss0716\backup\miss0716\backup\miss0716\backup\miss0716\backup\miss0716\backup\miss0716\backup\miss0716\backup\miss0716\backup\miss0716\backup\miss0716\backup\miss0716\backup\miss0716\backup\miss0716\backup\miss0716\backup\miss0716\backup\miss0716\backup\miss0716\backup\miss0716\backup\miss0716\backup\miss0716\backup\miss0716\backup\miss0716\backup\miss0716\backup\miss0716\backup\miss0716\backup\miss0716\backup\miss0716\backup\miss0716\backup\miss0716\backup\miss0716\backup\miss0716\backup\miss0716\backup\miss0716\backup\miss0716\backup\backup_network_log_6.py,DA7F4B66C1DD242DBBC1C7DC1B23D161975CC9AFBA371B3EEF05532E1C343D3F
C:\clean_rebuild\backup\miss0716\backup\miss0716\backup\miss0716\backup\miss0716\backup\miss0716\backup\miss0716\backup\miss0716\backup\miss0716\backup\miss0716\backup\miss0716\backup\miss0716\backup\miss0716\backup\miss0716\backup\miss0716\backup\miss0716\backup\miss0716\backup\miss0716\backup\miss0716\backup\miss0716\backup\miss0716\backup\miss0716\backup\miss0716\backup\miss0716\backup\miss0716\backup\miss0716\backup\miss0716\backup\miss0716\backup\miss0716\backup\miss0716\backup\miss0716\backup\miss0716\backup\miss0716\backup\miss0716\backup\miss0716\backup\miss0716\backup\miss0716\backup\miss0716\backup\miss0716\backup\miss0716\backup\miss0716\backup\miss0716\backup\miss0716\backup\miss0716\backup\miss0716\backup\miss0716\backup\miss0716\backup\miss0716\backup\miss0716\backup\miss0716\backup\miss0716\backup\miss0716\backup\miss0716\backup\miss0716\backup\miss0716\backup\miss0716\backup\miss0716\backup\miss0716\backup\miss0716\backup\miss0716\backup\miss0716\backup\miss0716\backup\miss0716\backup\miss0716\backup\miss0716\backup\miss0716\backup\miss0716\backup\miss0716\backup\miss0716\backup\miss0716\backup\miss0716\backup\miss0716\backup\miss0716\backup\miss0716\backup\miss0716\backup\miss0716\backup\miss0716\backup\miss0716\backup\miss0716\backup\miss0716\backup\miss0716\backup\miss0716\backup\miss0716\backup\miss0716\backup\backup_session_log.py,F905797387077C9EEE3930A5CCB3DD244EA6006849D38A91BFC339554B686485
C:\clean_rebuild\backup\miss0716\backup\miss0716\backup\miss0716\backup\miss0716\backup\miss0716\backup\miss0716\backup\miss0716\backup\miss0716\backup\miss0716\backup\miss0716\backup\miss0716\backup\miss0716\backup\miss0716\backup\miss0716\backup\miss0716\backup\miss0716\backup\miss0716\backup\miss0716\backup\miss0716\backup\miss0716\backup\miss0716\backup\miss0716\backup\miss0716\backup\miss0716\backup\miss0716\backup\miss0716\backup\miss0716\backup\miss0716\backup\miss0716\backup\miss0716\backup\miss0716\backup\miss0716\backup\miss0716\backup\miss0716\backup\miss0716\backup\miss0716\backup\miss0716\backup\miss0716\backup\miss0716\backup\miss0716\backup\miss0716\backup\miss0716\backup\miss0716\backup\miss0716\backup\miss0716\backup\miss0716\backup\miss0716\backup\miss0716\backup\miss0716\backup\miss0716\backup\miss0716\backup\miss0716\backup\miss0716\backup\miss0716\backup\miss0716\backup\miss0716\backup\miss0716\backup\miss0716\backup\miss0716\backup\miss0716\backup\miss0716\backup\miss0716\backup\miss0716\backup\miss0716\backup\miss0716\backup\miss0716\backup\miss0716\backup\miss0716\backup\miss0716\backup\miss0716\backup\miss0716\backup\miss0716\backup\miss0716\backup\miss0716\backup\miss0716\backup\miss0716\backup\miss0716\backup\miss0716\backup\miss0716\backup\miss0716\backup\miss0716\backup\miss0716\backup\miss0716\backup\backup_session_log_1.py,DE9F250726D1C448C3E57DFA2B73C31C5BCF5296F5292147942E37298DA4BD91
C:\clean_rebuild\backup\miss0716\backup\miss0716\backup\miss0716\backup\miss0716\backup\miss0716\backup\miss0716\backup\miss0716\backup\miss0716\backup\miss0716\backup\miss0716\backup\miss0716\backup\miss0716\backup\miss0716\backup\miss0716\backup\miss0716\backup\miss0716\backup\miss0716\backup\miss0716\backup\miss0716\backup\miss0716\backup\miss0716\backup\miss0716\backup\miss0716\backup\miss0716\backup\miss0716\backup\miss0716\backup\miss0716\backup\miss0716\backup\miss0716\backup\miss0716\backup\miss0716\backup\miss0716\backup\miss0716\backup\miss0716\backup\miss0716\backup\miss0716\backup\miss0716\backup\miss0716\backup\miss0716\backup\miss0716\backup\miss0716\backup\miss0716\backup\miss0716\backup\miss0716\backup\miss0716\backup\miss0716\backup\miss0716\backup\miss0716\backup\miss0716\backup\miss0716\backup\miss0716\backup\miss0716\backup\miss0716\backup\miss0716\backup\miss0716\backup\miss0716\backup\miss0716\backup\miss0716\backup\miss0716\backup\miss0716\backup\miss0716\backup\miss0716\backup\miss0716\backup\miss0716\backup\miss0716\backup\miss0716\backup\miss0716\backup\miss0716\backup\miss0716\backup\miss0716\backup\miss0716\backup\miss0716\backup\miss0716\backup\miss0716\backup\miss0716\backup\miss0716\backup\miss0716\backup\miss0716\backup\miss0716\backup\miss0716\backup\miss0716\backup\miss0716\backup\miss0716\backup\backup_session_log_2.py,DE9F250726D1C448C3E57DFA2B73C31C5BCF5296F5292147942E37298DA4BD91
C:\clean_rebuild\backup\miss0716\backup\miss0716\backup\miss0716\backup\miss0716\backup\miss0716\backup\miss0716\backup\miss0716\backup\miss0716\backup\miss0716\backup\miss0716\backup\miss0716\backup\miss0716\backup\miss0716\backup\miss0716\backup\miss0716\backup\miss0716\backup\miss0716\backup\miss0716\backup\miss0716\backup\miss0716\backup\miss0716\backup\miss0716\backup\miss0716\backup\miss0716\backup\miss0716\backup\miss0716\backup\miss0716\backup\miss0716\backup\miss0716\backup\miss0716\backup\miss0716\backup\miss0716\backup\miss0716\backup\miss0716\backup\miss0716\backup\miss0716\backup\miss0716\backup\miss0716\backup\miss0716\backup\miss0716\backup\miss0716\backup\miss0716\backup\miss0716\backup\miss0716\backup\miss0716\backup\miss0716\backup\miss0716\backup\miss0716\backup\miss0716\backup\miss0716\backup\miss0716\backup\miss0716\backup\miss0716\backup\miss0716\backup\miss0716\backup\miss0716\backup\miss0716\backup\miss0716\backup\miss0716\backup\miss0716\backup\miss0716\backup\miss0716\backup\miss0716\backup\miss0716\backup\miss0716\backup\miss0716\backup\miss0716\backup\miss0716\backup\miss0716\backup\miss0716\backup\miss0716\backup\miss0716\backup\miss0716\backup\miss0716\backup\miss0716\backup\miss0716\backup\miss0716\backup\miss0716\backup\miss0716\backup\miss0716\backup\miss0716\backup\miss0716\backup\miss0716\backup\backup_session_log_3.py,DE9F250726D1C448C3E57DFA2B73C31C5BCF5296F5292147942E37298DA4BD91
C:\clean_rebuild\backup\miss0716\backup\miss0716\backup\miss0716\backup\miss0716\backup\miss0716\backup\miss0716\backup\miss0716\backup\miss0716\backup\miss0716\backup\miss0716\backup\miss0716\backup\miss0716\backup\miss0716\backup\miss0716\backup\miss0716\backup\miss0716\backup\miss0716\backup\miss0716\backup\miss0716\backup\miss0716\backup\miss0716\backup\miss0716\backup\miss0716\backup\miss0716\backup\miss0716\backup\miss0716\backup\miss0716\backup\miss0716\backup\miss0716\backup\miss0716\backup\miss0716\backup\miss0716\backup\miss0716\backup\miss0716\backup\miss0716\backup\miss0716\backup\miss0716\backup\miss0716\backup\miss0716\backup\miss0716\backup\miss0716\backup\miss0716\backup\miss0716\backup\miss0716\backup\miss0716\backup\miss0716\backup\miss0716\backup\miss0716\backup\miss0716\backup\miss0716\backup\miss0716\backup\miss0716\backup\miss0716\backup\miss0716\backup\miss0716\backup\miss0716\backup\miss0716\backup\miss0716\backup\miss0716\backup\miss0716\backup\miss0716\backup\miss0716\backup\miss0716\backup\miss0716\backup\miss0716\backup\miss0716\backup\miss0716\backup\miss0716\backup\miss0716\backup\miss0716\backup\miss0716\backup\miss0716\backup\miss0716\backup\miss0716\backup\miss0716\backup\miss0716\backup\miss0716\backup\miss0716\backup\miss0716\backup\miss0716\backup\miss0716\backup\miss0716\backup\miss0716\backup\backup_session_log_4.py,DE9F250726D1C448C3E57DFA2B73C31C5BCF5296F5292147942E37298DA4BD91
C:\clean_rebuild\backup\miss0716\backup\miss0716\backup\miss0716\backup\miss0716\backup\miss0716\backup\miss0716\backup\miss0716\backup\miss0716\backup\miss0716\backup\miss0716\backup\miss0716\backup\miss0716\backup\miss0716\backup\miss0716\backup\miss0716\backup\miss0716\backup\miss0716\backup\miss0716\backup\miss0716\backup\miss0716\backup\miss0716\backup\miss0716\backup\miss0716\backup\miss0716\backup\miss0716\backup\miss0716\backup\miss0716\backup\miss0716\backup\miss0716\backup\miss0716\backup\miss0716\backup\miss0716\backup\miss0716\backup\miss0716\backup\miss0716\backup\miss0716\backup\miss0716\backup\miss0716\backup\miss0716\backup\miss0716\backup\miss0716\backup\miss0716\backup\miss0716\backup\miss0716\backup\miss0716\backup\miss0716\backup\miss0716\backup\miss0716\backup\miss0716\backup\miss0716\backup\miss0716\backup\miss0716\backup\miss0716\backup\miss0716\backup\miss0716\backup\miss0716\backup\miss0716\backup\miss0716\backup\miss0716\backup\miss0716\backup\miss0716\backup\miss0716\backup\miss0716\backup\miss0716\backup\miss0716\backup\miss0716\backup\miss0716\backup\miss0716\backup\miss0716\backup\miss0716\backup\miss0716\backup\miss0716\backup\miss0716\backup\miss0716\backup\miss0716\backup\miss0716\backup\miss0716\backup\miss0716\backup\miss0716\backup\miss0716\backup\miss0716\backup\miss0716\backup\miss0716\backup\backup_session_log_5.py,DE9F250726D1C448C3E57DFA2B73C31C5BCF5296F5292147942E37298DA4BD91
C:\clean_rebuild\backup\miss0716\backup\miss0716\backup\miss0716\backup\miss0716\backup\miss0716\backup\miss0716\backup\miss0716\backup\miss0716\backup\miss0716\backup\miss0716\backup\miss0716\backup\miss0716\backup\miss0716\backup\miss0716\backup\miss0716\backup\miss0716\backup\miss0716\backup\miss0716\backup\miss0716\backup\miss0716\backup\miss0716\backup\miss0716\backup\miss0716\backup\miss0716\backup\miss0716\backup\miss0716\backup\miss0716\backup\miss0716\backup\miss0716\backup\miss0716\backup\miss0716\backup\miss0716\backup\miss0716\backup\miss0716\backup\miss0716\backup\miss0716\backup\miss0716\backup\miss0716\backup\miss0716\backup\miss0716\backup\miss0716\backup\miss0716\backup\miss0716\backup\miss0716\backup\miss0716\backup\miss0716\backup\miss0716\backup\miss0716\backup\miss0716\backup\miss0716\backup\miss0716\backup\miss0716\backup\miss0716\backup\miss0716\backup\miss0716\backup\miss0716\backup\miss0716\backup\miss0716\backup\miss0716\backup\miss0716\backup\miss0716\backup\miss0716\backup\miss0716\backup\miss0716\backup\miss0716\backup\miss0716\backup\miss0716\backup\miss0716\backup\miss0716\backup\miss0716\backup\miss0716\backup\miss0716\backup\miss0716\backup\miss0716\backup\miss0716\backup\miss0716\backup\miss0716\backup\miss0716\backup\miss0716\backup\miss0716\backup\miss0716\backup\miss0716\backup\miss0716\backup\backup_session_log_6.py,DE9F250726D1C448C3E57DFA2B73C31C5BCF5296F5292147942E37298DA4BD91
C:\clean_rebuild\backup\miss0716\backup\miss0716\backup\miss0716\backup\miss0716\backup\miss0716\backup\miss0716\backup\miss0716\backup\miss0716\backup\miss0716\backup\miss0716\backup\miss0716\backup\miss0716\backup\miss0716\backup\miss0716\backup\miss0716\backup\miss0716\backup\miss0716\backup\miss0716\backup\miss0716\backup\miss0716\backup\miss0716\backup\miss0716\backup\miss0716\backup\miss0716\backup\miss0716\backup\miss0716\backup\miss0716\backup\miss0716\backup\miss0716\backup\miss0716\backup\miss0716\backup\miss0716\backup\miss0716\backup\miss0716\backup\miss0716\backup\miss0716\backup\miss0716\backup\miss0716\backup\miss0716\backup\miss0716\backup\miss0716\backup\miss0716\backup\miss0716\backup\miss0716\backup\miss0716\backup\miss0716\backup\miss0716\backup\miss0716\backup\miss0716\backup\miss0716\backup\miss0716\backup\miss0716\backup\miss0716\backup\miss0716\backup\miss0716\backup\miss0716\backup\miss0716\backup\miss0716\backup\miss0716\backup\miss0716\backup\miss0716\backup\miss0716\backup\miss0716\backup\miss0716\backup\miss0716\backup\miss0716\backup\miss0716\backup\miss0716\backup\miss0716\backup\miss0716\backup\miss0716\backup\miss0716\backup\miss0716\backup\miss0716\backup\miss0716\backup\miss0716\backup\miss0716\backup\miss0716\backup\miss0716\backup\miss0716\backup\miss0716\backup\miss0716\backup\miss0716\backup\backup_trace_db.py,B37575617FA454B59A2FC03D555BE84F2F27EE24CB02CAB2773DF8CA2CC0C9A4
C:\clean_rebuild\backup\miss0716\backup\miss0716\backup\miss0716\backup\miss0716\backup\miss0716\backup\miss0716\backup\miss0716\backup\miss0716\backup\miss0716\backup\miss0716\backup\miss0716\backup\miss0716\backup\miss0716\backup\miss0716\backup\miss0716\backup\miss0716\backup\miss0716\backup\miss0716\backup\miss0716\backup\miss0716\backup\miss0716\backup\miss0716\backup\miss0716\backup\miss0716\backup\miss0716\backup\miss0716\backup\miss0716\backup\miss0716\backup\miss0716\backup\miss0716\backup\miss0716\backup\miss0716\backup\miss0716\backup\miss0716\backup\miss0716\backup\miss0716\backup\miss0716\backup\miss0716\backup\miss0716\backup\miss0716\backup\miss0716\backup\miss0716\backup\miss0716\backup\miss0716\backup\miss0716\backup\miss0716\backup\miss0716\backup\miss0716\backup\miss0716\backup\miss0716\backup\miss0716\backup\miss0716\backup\miss0716\backup\miss0716\backup\miss0716\backup\miss0716\backup\miss0716\backup\miss0716\backup\miss0716\backup\miss0716\backup\miss0716\backup\miss0716\backup\miss0716\backup\miss0716\backup\miss0716\backup\miss0716\backup\miss0716\backup\miss0716\backup\miss0716\backup\miss0716\backup\miss0716\backup\miss0716\backup\miss0716\backup\miss0716\backup\miss0716\backup\miss0716\backup\miss0716\backup\miss0716\backup\miss0716\backup\miss0716\backup\miss0716\backup\miss0716\backup\miss0716\backup\backup_trace_db_1.py,9210AB029CB41910D92B17C5971793AAC6CEF0E112923F6BA706BC2869F93C4D
C:\clean_rebuild\backup\miss0716\backup\miss0716\backup\miss0716\backup\miss0716\backup\miss0716\backup\miss0716\backup\miss0716\backup\miss0716\backup\miss0716\backup\miss0716\backup\miss0716\backup\miss0716\backup\miss0716\backup\miss0716\backup\miss0716\backup\miss0716\backup\miss0716\backup\miss0716\backup\miss0716\backup\miss0716\backup\miss0716\backup\miss0716\backup\miss0716\backup\miss0716\backup\miss0716\backup\miss0716\backup\miss0716\backup\miss0716\backup\miss0716\backup\miss0716\backup\miss0716\backup\miss0716\backup\miss0716\backup\miss0716\backup\miss0716\backup\miss0716\backup\miss0716\backup\miss0716\backup\miss0716\backup\miss0716\backup\miss0716\backup\miss0716\backup\miss0716\backup\miss0716\backup\miss0716\backup\miss0716\backup\miss0716\backup\miss0716\backup\miss0716\backup\miss0716\backup\miss0716\backup\miss0716\backup\miss0716\backup\miss0716\backup\miss0716\backup\miss0716\backup\miss0716\backup\miss0716\backup\miss0716\backup\miss0716\backup\miss0716\backup\miss0716\backup\miss0716\backup\miss0716\backup\miss0716\backup\miss0716\backup\miss0716\backup\miss0716\backup\miss0716\backup\miss0716\backup\miss0716\backup\miss0716\backup\miss0716\backup\miss0716\backup\miss0716\backup\miss0716\backup\miss0716\backup\miss0716\backup\miss0716\backup\miss0716\backup\miss0716\backup\miss0716\backup\miss0716\backup\backup_trace_db_2.py,9210AB029CB41910D92B17C5971793AAC6CEF0E112923F6BA706BC2869F93C4D
C:\clean_rebuild\backup\miss0716\backup\miss0716\backup\miss0716\backup\miss0716\backup\miss0716\backup\miss0716\backup\miss0716\backup\miss0716\backup\miss0716\backup\miss0716\backup\miss0716\backup\miss0716\backup\miss0716\backup\miss0716\backup\miss0716\backup\miss0716\backup\miss0716\backup\miss0716\backup\miss0716\backup\miss0716\backup\miss0716\backup\miss0716\backup\miss0716\backup\miss0716\backup\miss0716\backup\miss0716\backup\miss0716\backup\miss0716\backup\miss0716\backup\miss0716\backup\miss0716\backup\miss0716\backup\miss0716\backup\miss0716\backup\miss0716\backup\miss0716\backup\miss0716\backup\miss0716\backup\miss0716\backup\miss0716\backup\miss0716\backup\miss0716\backup\miss0716\backup\miss0716\backup\miss0716\backup\miss0716\backup\miss0716\backup\miss0716\backup\miss0716\backup\miss0716\backup\miss0716\backup\miss0716\backup\miss0716\backup\miss0716\backup\miss0716\backup\miss0716\backup\miss0716\backup\miss0716\backup\miss0716\backup\miss0716\backup\miss0716\backup\miss0716\backup\miss0716\backup\miss0716\backup\miss0716\backup\miss0716\backup\miss0716\backup\miss0716\backup\miss0716\backup\miss0716\backup\miss0716\backup\miss0716\backup\miss0716\backup\miss0716\backup\miss0716\backup\miss0716\backup\miss0716\backup\miss0716\backup\miss0716\backup\miss0716\backup\miss0716\backup\miss0716\backup\miss0716\backup\backup_trace_db_3.py,9210AB029CB41910D92B17C5971793AAC6CEF0E112923F6BA706BC2869F93C4D
C:\clean_rebuild\backup\miss0716\backup\miss0716\backup\miss0716\backup\miss0716\backup\miss0716\backup\miss0716\backup\miss0716\backup\miss0716\backup\miss0716\backup\miss0716\backup\miss0716\backup\miss0716\backup\miss0716\backup\miss0716\backup\miss0716\backup\miss0716\backup\miss0716\backup\miss0716\backup\miss0716\backup\miss0716\backup\miss0716\backup\miss0716\backup\miss0716\backup\miss0716\backup\miss0716\backup\miss0716\backup\miss0716\backup\miss0716\backup\miss0716\backup\miss0716\backup\miss0716\backup\miss0716\backup\miss0716\backup\miss0716\backup\miss0716\backup\miss0716\backup\miss0716\backup\miss0716\backup\miss0716\backup\miss0716\backup\miss0716\backup\miss0716\backup\miss0716\backup\miss0716\backup\miss0716\backup\miss0716\backup\miss0716\backup\miss0716\backup\miss0716\backup\miss0716\backup\miss0716\backup\miss0716\backup\miss0716\backup\miss0716\backup\miss0716\backup\miss0716\backup\miss0716\backup\miss0716\backup\miss0716\backup\miss0716\backup\miss0716\backup\miss0716\backup\miss0716\backup\miss0716\backup\miss0716\backup\miss0716\backup\miss0716\backup\miss0716\backup\miss0716\backup\miss0716\backup\miss0716\backup\miss0716\backup\miss0716\backup\miss0716\backup\miss0716\backup\miss0716\backup\miss0716\backup\miss0716\backup\miss0716\backup\miss0716\backup\miss0716\backup\miss0716\backup\miss0716\backup\backup_trace_db_4.py,9210AB029CB41910D92B17C5971793AAC6CEF0E112923F6BA706BC2869F93C4D
C:\clean_rebuild\backup\miss0716\backup\miss0716\backup\miss0716\backup\miss0716\backup\miss0716\backup\miss0716\backup\miss0716\backup\miss0716\backup\miss0716\backup\miss0716\backup\miss0716\backup\miss0716\backup\miss0716\backup\miss0716\backup\miss0716\backup\miss0716\backup\miss0716\backup\miss0716\backup\miss0716\backup\miss0716\backup\miss0716\backup\miss0716\backup\miss0716\backup\miss0716\backup\miss0716\backup\miss0716\backup\miss0716\backup\miss0716\backup\miss0716\backup\miss0716\backup\miss0716\backup\miss0716\backup\miss0716\backup\miss0716\backup\miss0716\backup\miss0716\backup\miss0716\backup\miss0716\backup\miss0716\backup\miss0716\backup\miss0716\backup\miss0716\backup\miss0716\backup\miss0716\backup\miss0716\backup\miss0716\backup\miss0716\backup\miss0716\backup\miss0716\backup\miss0716\backup\miss0716\backup\miss0716\backup\miss0716\backup\miss0716\backup\miss0716\backup\miss0716\backup\miss0716\backup\miss0716\backup\miss0716\backup\miss0716\backup\miss0716\backup\miss0716\backup\miss0716\backup\miss0716\backup\miss0716\backup\miss0716\backup\miss0716\backup\miss0716\backup\miss0716\backup\miss0716\backup\miss0716\backup\miss0716\backup\miss0716\backup\miss0716\backup\miss0716\backup\miss0716\backup\miss0716\backup\miss0716\backup\miss0716\backup\miss0716\backup\miss0716\backup\miss0716\backup\miss0716\backup\backup_trace_db_5.py,9210AB029CB41910D92B17C5971793AAC6CEF0E112923F6BA706BC2869F93C4D
C:\clean_rebuild\backup\miss0716\backup\miss0716\backup\miss0716\backup\miss0716\backup\miss0716\backup\miss0716\backup\miss0716\backup\miss0716\backup\miss0716\backup\miss0716\backup\miss0716\backup\miss0716\backup\miss0716\backup\miss0716\backup\miss0716\backup\miss0716\backup\miss0716\backup\miss0716\backup\miss0716\backup\miss0716\backup\miss0716\backup\miss0716\backup\miss0716\backup\miss0716\backup\miss0716\backup\miss0716\backup\miss0716\backup\miss0716\backup\miss0716\backup\miss0716\backup\miss0716\backup\miss0716\backup\miss0716\backup\miss0716\backup\miss0716\backup\miss0716\backup\miss0716\backup\miss0716\backup\miss0716\backup\miss0716\backup\miss0716\backup\miss0716\backup\miss0716\backup\miss0716\backup\miss0716\backup\miss0716\backup\miss0716\backup\miss0716\backup\miss0716\backup\miss0716\backup\miss0716\backup\miss0716\backup\miss0716\backup\miss0716\backup\miss0716\backup\miss0716\backup\miss0716\backup\miss0716\backup\miss0716\backup\miss0716\backup\miss0716\backup\miss0716\backup\miss0716\backup\miss0716\backup\miss0716\backup\miss0716\backup\miss0716\backup\miss0716\backup\miss0716\backup\miss0716\backup\miss0716\backup\miss0716\backup\miss0716\backup\miss0716\backup\miss0716\backup\miss0716\backup\miss0716\backup\miss0716\backup\miss0716\backup\miss0716\backup\miss0716\backup\miss0716\backup\miss0716\backup\backup_trace_db_6.py,9210AB029CB41910D92B17C5971793AAC6CEF0E112923F6BA706BC2869F93C4D
C:\clean_rebuild\backup\miss0716\backup\miss0716\backup\miss0716\backup\miss0716\backup\miss0716\backup\miss0716\backup\miss0716\backup\miss0716\backup\miss0716\backup\miss0716\backup\miss0716\backup\miss0716\backup\miss0716\backup\miss0716\backup\miss0716\backup\miss0716\backup\miss0716\backup\miss0716\backup\miss0716\backup\miss0716\backup\miss0716\backup\miss0716\backup\miss0716\backup\miss0716\backup\miss0716\backup\miss0716\backup\miss0716\backup\miss0716\backup\miss0716\backup\miss0716\backup\miss0716\backup\miss0716\backup\miss0716\backup\miss0716\backup\miss0716\backup\miss0716\backup\miss0716\backup\miss0716\backup\miss0716\backup\miss0716\backup\miss0716\backup\miss0716\backup\miss0716\backup\miss0716\backup\miss0716\backup\miss0716\backup\miss0716\backup\miss0716\backup\miss0716\backup\miss0716\backup\miss0716\backup\miss0716\backup\miss0716\backup\miss0716\backup\miss0716\backup\miss0716\backup\miss0716\backup\miss0716\backup\miss0716\backup\miss0716\backup\miss0716\backup\miss0716\backup\miss0716\backup\miss0716\backup\miss0716\backup\miss0716\backup\miss0716\backup\miss0716\backup\miss0716\backup\miss0716\backup\miss0716\backup\miss0716\backup\miss0716\backup\miss0716\backup\miss0716\backup\miss0716\backup\miss0716\backup\miss0716\backup\miss0716\backup\miss0716\backup\miss0716\backup\miss0716\backup\miss0716\backup\backup_trace_log.py,A26F995CF4E6117B8B09695CF03EBDFF07B6643E711CE1254A911BA3DB70677E
C:\clean_rebuild\backup\miss0716\backup\miss0716\backup\miss0716\backup\miss0716\backup\miss0716\backup\miss0716\backup\miss0716\backup\miss0716\backup\miss0716\backup\miss0716\backup\miss0716\backup\miss0716\backup\miss0716\backup\miss0716\backup\miss0716\backup\miss0716\backup\miss0716\backup\miss0716\backup\miss0716\backup\miss0716\backup\miss0716\backup\miss0716\backup\miss0716\backup\miss0716\backup\miss0716\backup\miss0716\backup\miss0716\backup\miss0716\backup\miss0716\backup\miss0716\backup\miss0716\backup\miss0716\backup\miss0716\backup\miss0716\backup\miss0716\backup\miss0716\backup\miss0716\backup\miss0716\backup\miss0716\backup\miss0716\backup\miss0716\backup\miss0716\backup\miss0716\backup\miss0716\backup\miss0716\backup\miss0716\backup\miss0716\backup\miss0716\backup\miss0716\backup\miss0716\backup\miss0716\backup\miss0716\backup\miss0716\backup\miss0716\backup\miss0716\backup\miss0716\backup\miss0716\backup\miss0716\backup\miss0716\backup\miss0716\backup\miss0716\backup\miss0716\backup\miss0716\backup\miss0716\backup\miss0716\backup\miss0716\backup\miss0716\backup\miss0716\backup\miss0716\backup\miss0716\backup\miss0716\backup\miss0716\backup\miss0716\backup\miss0716\backup\miss0716\backup\miss0716\backup\miss0716\backup\miss0716\backup\miss0716\backup\miss0716\backup\miss0716\backup\miss0716\backup\miss0716\backup\backup_trace_log_1.py,4865A807733CC621213D1BC044BB7DD95E1826CE90BAF95F7E35E6A11E994D89
C:\clean_rebuild\backup\miss0716\backup\miss0716\backup\miss0716\backup\miss0716\backup\miss0716\backup\miss0716\backup\miss0716\backup\miss0716\backup\miss0716\backup\miss0716\backup\miss0716\backup\miss0716\backup\miss0716\backup\miss0716\backup\miss0716\backup\miss0716\backup\miss0716\backup\miss0716\backup\miss0716\backup\miss0716\backup\miss0716\backup\miss0716\backup\miss0716\backup\miss0716\backup\miss0716\backup\miss0716\backup\miss0716\backup\miss0716\backup\miss0716\backup\miss0716\backup\miss0716\backup\miss0716\backup\miss0716\backup\miss0716\backup\miss0716\backup\miss0716\backup\miss0716\backup\miss0716\backup\miss0716\backup\miss0716\backup\miss0716\backup\miss0716\backup\miss0716\backup\miss0716\backup\miss0716\backup\miss0716\backup\miss0716\backup\miss0716\backup\miss0716\backup\miss0716\backup\miss0716\backup\miss0716\backup\miss0716\backup\miss0716\backup\miss0716\backup\miss0716\backup\miss0716\backup\miss0716\backup\miss0716\backup\miss0716\backup\miss0716\backup\miss0716\backup\miss0716\backup\miss0716\backup\miss0716\backup\miss0716\backup\miss0716\backup\miss0716\backup\miss0716\backup\miss0716\backup\miss0716\backup\miss0716\backup\miss0716\backup\miss0716\backup\miss0716\backup\miss0716\backup\miss0716\backup\miss0716\backup\miss0716\backup\miss0716\backup\miss0716\backup\miss0716\backup\miss0716\backup\backup_trace_log_2.py,4865A807733CC621213D1BC044BB7DD95E1826CE90BAF95F7E35E6A11E994D89
C:\clean_rebuild\backup\miss0716\backup\miss0716\backup\miss0716\backup\miss0716\backup\miss0716\backup\miss0716\backup\miss0716\backup\miss0716\backup\miss0716\backup\miss0716\backup\miss0716\backup\miss0716\backup\miss0716\backup\miss0716\backup\miss0716\backup\miss0716\backup\miss0716\backup\miss0716\backup\miss0716\backup\miss0716\backup\miss0716\backup\miss0716\backup\miss0716\backup\miss0716\backup\miss0716\backup\miss0716\backup\miss0716\backup\miss0716\backup\miss0716\backup\miss0716\backup\miss0716\backup\miss0716\backup\miss0716\backup\miss0716\backup\miss0716\backup\miss0716\backup\miss0716\backup\miss0716\backup\miss0716\backup\miss0716\backup\miss0716\backup\miss0716\backup\miss0716\backup\miss0716\backup\miss0716\backup\miss0716\backup\miss0716\backup\miss0716\backup\miss0716\backup\miss0716\backup\miss0716\backup\miss0716\backup\miss0716\backup\miss0716\backup\miss0716\backup\miss0716\backup\miss0716\backup\miss0716\backup\miss0716\backup\miss0716\backup\miss0716\backup\miss0716\backup\miss0716\backup\miss0716\backup\miss0716\backup\miss0716\backup\miss0716\backup\miss0716\backup\miss0716\backup\miss0716\backup\miss0716\backup\miss0716\backup\miss0716\backup\miss0716\backup\miss0716\backup\miss0716\backup\miss0716\backup\miss0716\backup\miss0716\backup\miss0716\backup\miss0716\backup\miss0716\backup\miss0716\backup\backup_trace_log_3.py,4865A807733CC621213D1BC044BB7DD95E1826CE90BAF95F7E35E6A11E994D89
C:\clean_rebuild\backup\miss0716\backup\miss0716\backup\miss0716\backup\miss0716\backup\miss0716\backup\miss0716\backup\miss0716\backup\miss0716\backup\miss0716\backup\miss0716\backup\miss0716\backup\miss0716\backup\miss0716\backup\miss0716\backup\miss0716\backup\miss0716\backup\miss0716\backup\miss0716\backup\miss0716\backup\miss0716\backup\miss0716\backup\miss0716\backup\miss0716\backup\miss0716\backup\miss0716\backup\miss0716\backup\miss0716\backup\miss0716\backup\miss0716\backup\miss0716\backup\miss0716\backup\miss0716\backup\miss0716\backup\miss0716\backup\miss0716\backup\miss0716\backup\miss0716\backup\miss0716\backup\miss0716\backup\miss0716\backup\miss0716\backup\miss0716\backup\miss0716\backup\miss0716\backup\miss0716\backup\miss0716\backup\miss0716\backup\miss0716\backup\miss0716\backup\miss0716\backup\miss0716\backup\miss0716\backup\miss0716\backup\miss0716\backup\miss0716\backup\miss0716\backup\miss0716\backup\miss0716\backup\miss0716\backup\miss0716\backup\miss0716\backup\miss0716\backup\miss0716\backup\miss0716\backup\miss0716\backup\miss0716\backup\miss0716\backup\miss0716\backup\miss0716\backup\miss0716\backup\miss0716\backup\miss0716\backup\miss0716\backup\miss0716\backup\miss0716\backup\miss0716\backup\miss0716\backup\miss0716\backup\miss0716\backup\miss0716\backup\miss0716\backup\miss0716\backup\miss0716\backup\backup_trace_log_4.py,4865A807733CC621213D1BC044BB7DD95E1826CE90BAF95F7E35E6A11E994D89
C:\clean_rebuild\backup\miss0716\backup\miss0716\backup\miss0716\backup\miss0716\backup\miss0716\backup\miss0716\backup\miss0716\backup\miss0716\backup\miss0716\backup\miss0716\backup\miss0716\backup\miss0716\backup\miss0716\backup\miss0716\backup\miss0716\backup\miss0716\backup\miss0716\backup\miss0716\backup\miss0716\backup\miss0716\backup\miss0716\backup\miss0716\backup\miss0716\backup\miss0716\backup\miss0716\backup\miss0716\backup\miss0716\backup\miss0716\backup\miss0716\backup\miss0716\backup\miss0716\backup\miss0716\backup\miss0716\backup\miss0716\backup\miss0716\backup\miss0716\backup\miss0716\backup\miss0716\backup\miss0716\backup\miss0716\backup\miss0716\backup\miss0716\backup\miss0716\backup\miss0716\backup\miss0716\backup\miss0716\backup\miss0716\backup\miss0716\backup\miss0716\backup\miss0716\backup\miss0716\backup\miss0716\backup\miss0716\backup\miss0716\backup\miss0716\backup\miss0716\backup\miss0716\backup\miss0716\backup\miss0716\backup\miss0716\backup\miss0716\backup\miss0716\backup\miss0716\backup\miss0716\backup\miss0716\backup\miss0716\backup\miss0716\backup\miss0716\backup\miss0716\backup\miss0716\backup\miss0716\backup\miss0716\backup\miss0716\backup\miss0716\backup\miss0716\backup\miss0716\backup\miss0716\backup\miss0716\backup\miss0716\backup\miss0716\backup\miss0716\backup\miss0716\backup\miss0716\backup\backup_trace_log_5.py,4865A807733CC621213D1BC044BB7DD95E1826CE90BAF95F7E35E6A11E994D89
C:\clean_rebuild\backup\miss0716\backup\miss0716\backup\miss0716\backup\miss0716\backup\miss0716\backup\miss0716\backup\miss0716\backup\miss0716\backup\miss0716\backup\miss0716\backup\miss0716\backup\miss0716\backup\miss0716\backup\miss0716\backup\miss0716\backup\miss0716\backup\miss0716\backup\miss0716\backup\miss0716\backup\miss0716\backup\miss0716\backup\miss0716\backup\miss0716\backup\miss0716\backup\miss0716\backup\miss0716\backup\miss0716\backup\miss0716\backup\miss0716\backup\miss0716\backup\miss0716\backup\miss0716\backup\miss0716\backup\miss0716\backup\miss0716\backup\miss0716\backup\miss0716\backup\miss0716\backup\miss0716\backup\miss0716\backup\miss0716\backup\miss0716\backup\miss0716\backup\miss0716\backup\miss0716\backup\miss0716\backup\miss0716\backup\miss0716\backup\miss0716\backup\miss0716\backup\miss0716\backup\miss0716\backup\miss0716\backup\miss0716\backup\miss0716\backup\miss0716\backup\miss0716\backup\miss0716\backup\miss0716\backup\miss0716\backup\miss0716\backup\miss0716\backup\miss0716\backup\miss0716\backup\miss0716\backup\miss0716\backup\miss0716\backup\miss0716\backup\miss0716\backup\miss0716\backup\miss0716\backup\miss0716\backup\miss0716\backup\miss0716\backup\miss0716\backup\miss0716\backup\miss0716\backup\miss0716\backup\miss0716\backup\miss0716\backup\miss0716\backup\miss0716\backup\miss0716\backup\backup_trace_log_6.py,4865A807733CC621213D1BC044BB7DD95E1826CE90BAF95F7E35E6A11E994D89
C:\clean_rebuild\backup\miss0716\backup\miss0716\backup\miss0716\backup\miss0716\backup\miss0716\backup\miss0716\backup\miss0716\backup\miss0716\backup\miss0716\backup\miss0716\backup\miss0716\backup\miss0716\backup\miss0716\backup\miss0716\backup\miss0716\backup\miss0716\backup\miss0716\backup\miss0716\backup\miss0716\backup\miss0716\backup\miss0716\backup\miss0716\backup\miss0716\backup\miss0716\backup\miss0716\backup\miss0716\backup\miss0716\backup\miss0716\backup\miss0716\backup\miss0716\backup\miss0716\backup\miss0716\backup\miss0716\backup\miss0716\backup\miss0716\backup\miss0716\backup\miss0716\backup\miss0716\backup\miss0716\backup\miss0716\backup\miss0716\backup\miss0716\backup\miss0716\backup\miss0716\backup\miss0716\backup\miss0716\backup\miss0716\backup\miss0716\backup\miss0716\backup\miss0716\backup\miss0716\backup\miss0716\backup\miss0716\backup\miss0716\backup\miss0716\backup\miss0716\backup\miss0716\backup\miss0716\backup\miss0716\backup\miss0716\backup\miss0716\backup\miss0716\backup\miss0716\backup\miss0716\backup\miss0716\backup\miss0716\backup\miss0716\backup\miss0716\backup\miss0716\backup\miss0716\backup\miss0716\backup\miss0716\backup\miss0716\backup\miss0716\backup\miss0716\backup\miss0716\backup\miss0716\backup\miss0716\backup\miss0716\backup\miss0716\backup\miss0716\backup\miss0716\backup\miss0716\backup\backup_trace_log_db.py,2D81204DDF1180BD32D65BE7E8581A00C1320FF7EE41A598165A7DFA256A1979
C:\clean_rebuild\backup\miss0716\backup\miss0716\backup\miss0716\backup\miss0716\backup\miss0716\backup\miss0716\backup\miss0716\backup\miss0716\backup\miss0716\backup\miss0716\backup\miss0716\backup\miss0716\backup\miss0716\backup\miss0716\backup\miss0716\backup\miss0716\backup\miss0716\backup\miss0716\backup\miss0716\backup\miss0716\backup\miss0716\backup\miss0716\backup\miss0716\backup\miss0716\backup\miss0716\backup\miss0716\backup\miss0716\backup\miss0716\backup\miss0716\backup\miss0716\backup\miss0716\backup\miss0716\backup\miss0716\backup\miss0716\backup\miss0716\backup\miss0716\backup\miss0716\backup\miss0716\backup\miss0716\backup\miss0716\backup\miss0716\backup\miss0716\backup\miss0716\backup\miss0716\backup\miss0716\backup\miss0716\backup\miss0716\backup\miss0716\backup\miss0716\backup\miss0716\backup\miss0716\backup\miss0716\backup\miss0716\backup\miss0716\backup\miss0716\backup\miss0716\backup\miss0716\backup\miss0716\backup\miss0716\backup\miss0716\backup\miss0716\backup\miss0716\backup\miss0716\backup\miss0716\backup\miss0716\backup\miss0716\backup\miss0716\backup\miss0716\backup\miss0716\backup\miss0716\backup\miss0716\backup\miss0716\backup\miss0716\backup\miss0716\backup\miss0716\backup\miss0716\backup\miss0716\backup\miss0716\backup\miss0716\backup\miss0716\backup\miss0716\backup\miss0716\backup\miss0716\backup\backup_trace_log_db_with_datetime.py,A921D4CCD2389782F8A51688923882E60E8EDEEF57F328AD0FEF9E7EA608DE68
C:\clean_rebuild\backup\miss0716\backup\miss0716\backup\miss0716\backup\miss0716\backup\miss0716\backup\miss0716\backup\miss0716\backup\miss0716\backup\miss0716\backup\miss0716\backup\miss0716\backup\miss0716\backup\miss0716\backup\miss0716\backup\miss0716\backup\miss0716\backup\miss0716\backup\miss0716\backup\miss0716\backup\miss0716\backup\miss0716\backup\miss0716\backup\miss0716\backup\miss0716\backup\miss0716\backup\miss0716\backup\miss0716\backup\miss0716\backup\miss0716\backup\miss0716\backup\miss0716\backup\miss0716\backup\miss0716\backup\miss0716\backup\miss0716\backup\miss0716\backup\miss0716\backup\miss0716\backup\miss0716\backup\miss0716\backup\miss0716\backup\miss0716\backup\miss0716\backup\miss0716\backup\miss0716\backup\miss0716\backup\miss0716\backup\miss0716\backup\miss0716\backup\miss0716\backup\miss0716\backup\miss0716\backup\miss0716\backup\miss0716\backup\miss0716\backup\miss0716\backup\miss0716\backup\miss0716\backup\miss0716\backup\miss0716\backup\miss0716\backup\miss0716\backup\miss0716\backup\miss0716\backup\miss0716\backup\miss0716\backup\miss0716\backup\miss0716\backup\miss0716\backup\miss0716\backup\miss0716\backup\miss0716\backup\miss0716\backup\miss0716\backup\miss0716\backup\miss0716\backup\miss0716\backup\miss0716\backup\miss0716\backup\miss0716\backup\miss0716\backup\miss0716\backup\miss0716\backup\backup_trace_log_db_with_datetime_and_shutil.py,A921D4CCD2389782F8A51688923882E60E8EDEEF57F328AD0FEF9E7EA608DE68
C:\clean_rebuild\backup\miss0716\backup\miss0716\backup\miss0716\backup\miss0716\backup\miss0716\backup\miss0716\backup\miss0716\backup\miss0716\backup\miss0716\backup\miss0716\backup\miss0716\backup\miss0716\backup\miss0716\backup\miss0716\backup\miss0716\backup\miss0716\backup\miss0716\backup\miss0716\backup\miss0716\backup\miss0716\backup\miss0716\backup\miss0716\backup\miss0716\backup\miss0716\backup\miss0716\backup\miss0716\backup\miss0716\backup\miss0716\backup\miss0716\backup\miss0716\backup\miss0716\backup\miss0716\backup\miss0716\backup\miss0716\backup\miss0716\backup\miss0716\backup\miss0716\backup\miss0716\backup\miss0716\backup\miss0716\backup\miss0716\backup\miss0716\backup\miss0716\backup\miss0716\backup\miss0716\backup\miss0716\backup\miss0716\backup\miss0716\backup\miss0716\backup\miss0716\backup\miss0716\backup\miss0716\backup\miss0716\backup\miss0716\backup\miss0716\backup\miss0716\backup\miss0716\backup\miss0716\backup\miss0716\backup\miss0716\backup\miss0716\backup\miss0716\backup\miss0716\backup\miss0716\backup\miss0716\backup\miss0716\backup\miss0716\backup\miss0716\backup\miss0716\backup\miss0716\backup\miss0716\backup\miss0716\backup\miss0716\backup\miss0716\backup\miss0716\backup\miss0716\backup\miss0716\backup\miss0716\backup\miss0716\backup\miss0716\backup\miss0716\backup\miss0716\backup\miss0716\backup\backup_trace_log_db_with_datetime_shutil.py,A921D4CCD2389782F8A51688923882E60E8EDEEF57F328AD0FEF9E7EA608DE68
C:\clean_rebuild\backup\miss0716\backup\miss0716\backup\miss0716\backup\miss0716\backup\miss0716\backup\miss0716\backup\miss0716\backup\miss0716\backup\miss0716\backup\miss0716\backup\miss0716\backup\miss0716\backup\miss0716\backup\miss0716\backup\miss0716\backup\miss0716\backup\miss0716\backup\miss0716\backup\miss0716\backup\miss0716\backup\miss0716\backup\miss0716\backup\miss0716\backup\miss0716\backup\miss0716\backup\miss0716\backup\miss0716\backup\miss0716\backup\miss0716\backup\miss0716\backup\miss0716\backup\miss0716\backup\miss0716\backup\miss0716\backup\miss0716\backup\miss0716\backup\miss0716\backup\miss0716\backup\miss0716\backup\miss0716\backup\miss0716\backup\miss0716\backup\miss0716\backup\miss0716\backup\miss0716\backup\miss0716\backup\miss0716\backup\miss0716\backup\miss0716\backup\miss0716\backup\miss0716\backup\miss0716\backup\miss0716\backup\miss0716\backup\miss0716\backup\miss0716\backup\miss0716\backup\miss0716\backup\miss0716\backup\miss0716\backup\miss0716\backup\miss0716\backup\miss0716\backup\miss0716\backup\miss0716\backup\miss0716\backup\miss0716\backup\miss0716\backup\miss0716\backup\miss0716\backup\miss0716\backup\miss0716\backup\miss0716\backup\miss0716\backup\miss0716\backup\miss0716\backup\miss0716\backup\miss0716\backup\miss0716\backup\miss0716\backup\miss0716\backup\miss0716\backup\miss0716\backup\backup_trace_log_db_with_shutil.py,A921D4CCD2389782F8A51688923882E60E8EDEEF57F328AD0FEF9E7EA608DE68
C:\clean_rebuild\backup\miss0716\backup\miss0716\backup\miss0716\backup\miss0716\backup\miss0716\backup\miss0716\backup\miss0716\backup\miss0716\backup\miss0716\backup\miss0716\backup\miss0716\backup\miss0716\backup\miss0716\backup\miss0716\backup\miss0716\backup\miss0716\backup\miss0716\backup\miss0716\backup\miss0716\backup\miss0716\backup\miss0716\backup\miss0716\backup\miss0716\backup\miss0716\backup\miss0716\backup\miss0716\backup\miss0716\backup\miss0716\backup\miss0716\backup\miss0716\backup\miss0716\backup\miss0716\backup\miss0716\backup\miss0716\backup\miss0716\backup\miss0716\backup\miss0716\backup\miss0716\backup\miss0716\backup\miss0716\backup\miss0716\backup\miss0716\backup\miss0716\backup\miss0716\backup\miss0716\backup\miss0716\backup\miss0716\backup\miss0716\backup\miss0716\backup\miss0716\backup\miss0716\backup\miss0716\backup\miss0716\backup\miss0716\backup\miss0716\backup\miss0716\backup\miss0716\backup\miss0716\backup\miss0716\backup\miss0716\backup\miss0716\backup\miss0716\backup\miss0716\backup\miss0716\backup\miss0716\backup\miss0716\backup\miss0716\backup\miss0716\backup\miss0716\backup\miss0716\backup\miss0716\backup\miss0716\backup\miss0716\backup\miss0716\backup\miss0716\backup\miss0716\backup\miss0716\backup\miss0716\backup\miss0716\backup\miss0716\backup\miss0716\backup\miss0716\backup\miss0716\backup\backup_trace_log_snapshot.py,F1235E2C9BD3BB2231A6E58CA55CD74A753AC4924C922C12A4D1422A5946A3FC
C:\clean_rebuild\backup\miss0716\backup\miss0716\backup\miss0716\backup\miss0716\backup\miss0716\backup\miss0716\backup\miss0716\backup\miss0716\backup\miss0716\backup\miss0716\backup\miss0716\backup\miss0716\backup\miss0716\backup\miss0716\backup\miss0716\backup\miss0716\backup\miss0716\backup\miss0716\backup\miss0716\backup\miss0716\backup\miss0716\backup\miss0716\backup\miss0716\backup\miss0716\backup\miss0716\backup\miss0716\backup\miss0716\backup\miss0716\backup\miss0716\backup\miss0716\backup\miss0716\backup\miss0716\backup\miss0716\backup\miss0716\backup\miss0716\backup\miss0716\backup\miss0716\backup\miss0716\backup\miss0716\backup\miss0716\backup\miss0716\backup\miss0716\backup\miss0716\backup\miss0716\backup\miss0716\backup\miss0716\backup\miss0716\backup\miss0716\backup\miss0716\backup\miss0716\backup\miss0716\backup\miss0716\backup\miss0716\backup\miss0716\backup\miss0716\backup\miss0716\backup\miss0716\backup\miss0716\backup\miss0716\backup\miss0716\backup\miss0716\backup\miss0716\backup\miss0716\backup\miss0716\backup\miss0716\backup\miss0716\backup\miss0716\backup\miss0716\backup\miss0716\backup\miss0716\backup\miss0716\backup\miss0716\backup\miss0716\backup\miss0716\backup\miss0716\backup\miss0716\backup\miss0716\backup\miss0716\backup\miss0716\backup\miss0716\backup\miss0716\backup\miss0716\backup\miss0716\backup\backup_trace_log_snapshot_1.py,B3877C8A67D476EA52AC83879E8B92FC84A5AA39095B6C6F6F495A092346D134
C:\clean_rebuild\backup\miss0716\backup\miss0716\backup\miss0716\backup\miss0716\backup\miss0716\backup\miss0716\backup\miss0716\backup\miss0716\backup\miss0716\backup\miss0716\backup\miss0716\backup\miss0716\backup\miss0716\backup\miss0716\backup\miss0716\backup\miss0716\backup\miss0716\backup\miss0716\backup\miss0716\backup\miss0716\backup\miss0716\backup\miss0716\backup\miss0716\backup\miss0716\backup\miss0716\backup\miss0716\backup\miss0716\backup\miss0716\backup\miss0716\backup\miss0716\backup\miss0716\backup\miss0716\backup\miss0716\backup\miss0716\backup\miss0716\backup\miss0716\backup\miss0716\backup\miss0716\backup\miss0716\backup\miss0716\backup\miss0716\backup\miss0716\backup\miss0716\backup\miss0716\backup\miss0716\backup\miss0716\backup\miss0716\backup\miss0716\backup\miss0716\backup\miss0716\backup\miss0716\backup\miss0716\backup\miss0716\backup\miss0716\backup\miss0716\backup\miss0716\backup\miss0716\backup\miss0716\backup\miss0716\backup\miss0716\backup\miss0716\backup\miss0716\backup\miss0716\backup\miss0716\backup\miss0716\backup\miss0716\backup\miss0716\backup\miss0716\backup\miss0716\backup\miss0716\backup\miss0716\backup\miss0716\backup\miss0716\backup\miss0716\backup\miss0716\backup\miss0716\backup\miss0716\backup\miss0716\backup\miss0716\backup\miss0716\backup\miss0716\backup\miss0716\backup\miss0716\backup\backup_trace_log_snapshot_2.py,B3877C8A67D476EA52AC83879E8B92FC84A5AA39095B6C6F6F495A092346D134
C:\clean_rebuild\backup\miss0716\backup\miss0716\backup\miss0716\backup\miss0716\backup\miss0716\backup\miss0716\backup\miss0716\backup\miss0716\backup\miss0716\backup\miss0716\backup\miss0716\backup\miss0716\backup\miss0716\backup\miss0716\backup\miss0716\backup\miss0716\backup\miss0716\backup\miss0716\backup\miss0716\backup\miss0716\backup\miss0716\backup\miss0716\backup\miss0716\backup\miss0716\backup\miss0716\backup\miss0716\backup\miss0716\backup\miss0716\backup\miss0716\backup\miss0716\backup\miss0716\backup\miss0716\backup\miss0716\backup\miss0716\backup\miss0716\backup\miss0716\backup\miss0716\backup\miss0716\backup\miss0716\backup\miss0716\backup\miss0716\backup\miss0716\backup\miss0716\backup\miss0716\backup\miss0716\backup\miss0716\backup\miss0716\backup\miss0716\backup\miss0716\backup\miss0716\backup\miss0716\backup\miss0716\backup\miss0716\backup\miss0716\backup\miss0716\backup\miss0716\backup\miss0716\backup\miss0716\backup\miss0716\backup\miss0716\backup\miss0716\backup\miss0716\backup\miss0716\backup\miss0716\backup\miss0716\backup\miss0716\backup\miss0716\backup\miss0716\backup\miss0716\backup\miss0716\backup\miss0716\backup\miss0716\backup\miss0716\backup\miss0716\backup\miss0716\backup\miss0716\backup\miss0716\backup\miss0716\backup\miss0716\backup\miss0716\backup\miss0716\backup\miss0716\backup\miss0716\backup\backup_trace_log_snapshot_3.py,B3877C8A67D476EA52AC83879E8B92FC84A5AA39095B6C6F6F495A092346D134
C:\clean_rebuild\backup\miss0716\backup\miss0716\backup\miss0716\backup\miss0716\backup\miss0716\backup\miss0716\backup\miss0716\backup\miss0716\backup\miss0716\backup\miss0716\backup\miss0716\backup\miss0716\backup\miss0716\backup\miss0716\backup\miss0716\backup\miss0716\backup\miss0716\backup\miss0716\backup\miss0716\backup\miss0716\backup\miss0716\backup\miss0716\backup\miss0716\backup\miss0716\backup\miss0716\backup\miss0716\backup\miss0716\backup\miss0716\backup\miss0716\backup\miss0716\backup\miss0716\backup\miss0716\backup\miss0716\backup\miss0716\backup\miss0716\backup\miss0716\backup\miss0716\backup\miss0716\backup\miss0716\backup\miss0716\backup\miss0716\backup\miss0716\backup\miss0716\backup\miss0716\backup\miss0716\backup\miss0716\backup\miss0716\backup\miss0716\backup\miss0716\backup\miss0716\backup\miss0716\backup\miss0716\backup\miss0716\backup\miss0716\backup\miss0716\backup\miss0716\backup\miss0716\backup\miss0716\backup\miss0716\backup\miss0716\backup\miss0716\backup\miss0716\backup\miss0716\backup\miss0716\backup\miss0716\backup\miss0716\backup\miss0716\backup\miss0716\backup\miss0716\backup\miss0716\backup\miss0716\backup\miss0716\backup\miss0716\backup\miss0716\backup\miss0716\backup\miss0716\backup\miss0716\backup\miss0716\backup\miss0716\backup\miss0716\backup\miss0716\backup\miss0716\backup\miss0716\backup\backup_trace_log_snapshot_4.py,B3877C8A67D476EA52AC83879E8B92FC84A5AA39095B6C6F6F495A092346D134
C:\clean_rebuild\backup\miss0716\backup\miss0716\backup\miss0716\backup\miss0716\backup\miss0716\backup\miss0716\backup\miss0716\backup\miss0716\backup\miss0716\backup\miss0716\backup\miss0716\backup\miss0716\backup\miss0716\backup\miss0716\backup\miss0716\backup\miss0716\backup\miss0716\backup\miss0716\backup\miss0716\backup\miss0716\backup\miss0716\backup\miss0716\backup\miss0716\backup\miss0716\backup\miss0716\backup\miss0716\backup\miss0716\backup\miss0716\backup\miss0716\backup\miss0716\backup\miss0716\backup\miss0716\backup\miss0716\backup\miss0716\backup\miss0716\backup\miss0716\backup\miss0716\backup\miss0716\backup\miss0716\backup\miss0716\backup\miss0716\backup\miss0716\backup\miss0716\backup\miss0716\backup\miss0716\backup\miss0716\backup\miss0716\backup\miss0716\backup\miss0716\backup\miss0716\backup\miss0716\backup\miss0716\backup\miss0716\backup\miss0716\backup\miss0716\backup\miss0716\backup\miss0716\backup\miss0716\backup\miss0716\backup\miss0716\backup\miss0716\backup\miss0716\backup\miss0716\backup\miss0716\backup\miss0716\backup\miss0716\backup\miss0716\backup\miss0716\backup\miss0716\backup\miss0716\backup\miss0716\backup\miss0716\backup\miss0716\backup\miss0716\backup\miss0716\backup\miss0716\backup\miss0716\backup\miss0716\backup\miss0716\backup\miss0716\backup\miss0716\backup\miss0716\backup\miss0716\backup\backup_trace_log_snapshot_5.py,B3877C8A67D476EA52AC83879E8B92FC84A5AA39095B6C6F6F495A092346D134
C:\clean_rebuild\backup\miss0716\backup\miss0716\backup\miss0716\backup\miss0716\backup\miss0716\backup\miss0716\backup\miss0716\backup\miss0716\backup\miss0716\backup\miss0716\backup\miss0716\backup\miss0716\backup\miss0716\backup\miss0716\backup\miss0716\backup\miss0716\backup\miss0716\backup\miss0716\backup\miss0716\backup\miss0716\backup\miss0716\backup\miss0716\backup\miss0716\backup\miss0716\backup\miss0716\backup\miss0716\backup\miss0716\backup\miss0716\backup\miss0716\backup\miss0716\backup\miss0716\backup\miss0716\backup\miss0716\backup\miss0716\backup\miss0716\backup\miss0716\backup\miss0716\backup\miss0716\backup\miss0716\backup\miss0716\backup\miss0716\backup\miss0716\backup\miss0716\backup\miss0716\backup\miss0716\backup\miss0716\backup\miss0716\backup\miss0716\backup\miss0716\backup\miss0716\backup\miss0716\backup\miss0716\backup\miss0716\backup\miss0716\backup\miss0716\backup\miss0716\backup\miss0716\backup\miss0716\backup\miss0716\backup\miss0716\backup\miss0716\backup\miss0716\backup\miss0716\backup\miss0716\backup\miss0716\backup\miss0716\backup\miss0716\backup\miss0716\backup\miss0716\backup\miss0716\backup\miss0716\backup\miss0716\backup\miss0716\backup\miss0716\backup\miss0716\backup\miss0716\backup\miss0716\backup\miss0716\backup\miss0716\backup\miss0716\backup\miss0716\backup\miss0716\backup\miss0716\backup\backup_trace_log_snapshot_6.py,B3877C8A67D476EA52AC83879E8B92FC84A5AA39095B6C6F6F495A092346D134
C:\clean_rebuild\backup\miss0716\backup\miss0716\backup\miss0716\backup\miss0716\backup\miss0716\backup\miss0716\backup\miss0716\backup\miss0716\backup\miss0716\backup\miss0716\backup\miss0716\backup\miss0716\backup\miss0716\backup\miss0716\backup\miss0716\backup\miss0716\backup\miss0716\backup\miss0716\backup\miss0716\backup\miss0716\backup\miss0716\backup\miss0716\backup\miss0716\backup\miss0716\backup\miss0716\backup\miss0716\backup\miss0716\backup\miss0716\backup\miss0716\backup\miss0716\backup\miss0716\backup\miss0716\backup\miss0716\backup\miss0716\backup\miss0716\backup\miss0716\backup\miss0716\backup\miss0716\backup\miss0716\backup\miss0716\backup\miss0716\backup\miss0716\backup\miss0716\backup\miss0716\backup\miss0716\backup\miss0716\backup\miss0716\backup\miss0716\backup\miss0716\backup\miss0716\backup\miss0716\backup\miss0716\backup\miss0716\backup\miss0716\backup\miss0716\backup\miss0716\backup\miss0716\backup\miss0716\backup\miss0716\backup\miss0716\backup\miss0716\backup\miss0716\backup\miss0716\backup\miss0716\backup\miss0716\backup\miss0716\backup\miss0716\backup\miss0716\backup\miss0716\backup\miss0716\backup\miss0716\backup\miss0716\backup\miss0716\backup\miss0716\backup\miss0716\backup\miss0716\backup\miss0716\backup\miss0716\backup\miss0716\backup\miss0716\backup\miss0716\backup\miss0716\backup\miss0716\backup\main_candidate_1.py,AF089BF544B7070A8D8487E67C5A02E5CC9F61FD4B820CD4C27B7906CB39DAD0
C:\clean_rebuild\backup\SNS_24AutoProject+++0508??\.venv310\Lib\site-packages\attr\_cmp.py,15CE835951723BED5DA345543BBA1514DA4B791BCA59F9F1BA87557008066AE4
C:\clean_rebuild\backup\SNS_24AutoProject+++0508??\.venv310\Lib\site-packages\attr\_config.py,F2668642656C3C9CB4E040BA932FAF5A4787766067904C8E8799FEAE0ED94C3A
C:\clean_rebuild\backup\SNS_24AutoProject+++0508??\.venv310\Lib\site-packages\attr\_funcs.py,DCD432D2B1FA16FBFBCFDFB70CF82B7D9B2320AC64C8458DEF104EB620E280E4
C:\clean_rebuild\backup\SNS_24AutoProject+++0508??\.venv310\Lib\site-packages\attr\_make.py,599B7F638BEFF925DB379078BA1C23540542A36177C3A19E061265FA59A14543
C:\clean_rebuild\backup\SNS_24AutoProject+++0508??\.venv310\Lib\site-packages\attr\_next_gen.py,15BEAB54D4C9AAA98E8E3407A049AF16312986C364DDCBC7E9F6FE63B6145224
C:\clean_rebuild\backup\SNS_24AutoProject+++0508??\.venv310\Lib\site-packages\attr\_version_info.py,4AA599B3C570D703252100DD119BB23B48A548E3FABFC01B055BF0927F45070B
C:\clean_rebuild\backup\SNS_24AutoProject+++0508??\.venv310\Lib\site-packages\attrs\converters.py,DF18035DB8B23DF6EDD5DF43FBAF9AFD5759B2E9A887BF57AAADA7C8E6F21453
C:\clean_rebuild\backup\SNS_24AutoProject+++0508??\.venv310\Lib\site-packages\attrs\filters.py,7ADD00AFBF11783B00A4C515C62478504C8E8EF01E05361E19E0A58BD3B84757
C:\clean_rebuild\backup\SNS_24AutoProject+++0508??\.venv310\Lib\site-packages\attrs\setters.py,8D9CDAED53AEE7A856C69519CE9DFCD18E5A07AD2F339E988B16EFCEC2834F68
C:\clean_rebuild\backup\SNS_24AutoProject+++0508??\.venv310\Lib\site-packages\cffi\backend_ctypes.py,BC45EF96E3C53473D055D21D6ECA2B30D651F15382E91A184737F60F3D1EB265
C:\clean_rebuild\backup\SNS_24AutoProject+++0508??\.venv310\Lib\site-packages\cffi\cffi_opcode.py,730741CFD2B2A42A806FB4837505AFC637854AA9A8E1AB9A7E83EACF76AFB388
C:\clean_rebuild\backup\SNS_24AutoProject+++0508??\.venv310\Lib\site-packages\cffi\cparser.py,B3BC3CDE0E567AE5278B83EAC9D22A71354DDB826EEFF444BC0C2386CF433909
C:\clean_rebuild\backup\SNS_24AutoProject+++0508??\.venv310\Lib\site-packages\cffi\ffiplatform.py,9F5159605C1D9B343C6E6050593BC2596198BBCD9A9414E36557378178C1BF7F
C:\clean_rebuild\backup\SNS_24AutoProject+++0508??\.venv310\Lib\site-packages\cffi\lock.py,35BF967BBFB5FB1C2440A7DF8D8F9FB79C77006AFAE692599A51E512307B3B3A
C:\clean_rebuild\backup\SNS_24AutoProject+++0508??\.venv310\Lib\site-packages\cffi\model.py,A3CFD8D49AA57FB92363AC0B854CD9D78A7F0302C4C4ADD550200EAAFF3B4273
C:\clean_rebuild\backup\SNS_24AutoProject+++0508??\.venv310\Lib\site-packages\cffi\pkgconfig.py,F730DC0DFD1728825AC451CB83B7BE5BCF976FC62AE61761A87EE42E0FAE811A
C:\clean_rebuild\backup\SNS_24AutoProject+++0508??\.venv310\Lib\site-packages\cffi\recompiler.py,F6FD2AF3C2F9E02208EA3DC6430EF3069B3A79DF656C8918CD42DDC495568192
C:\clean_rebuild\backup\SNS_24AutoProject+++0508??\.venv310\Lib\site-packages\cffi\setuptools_ext.py,825C160DEE5BF29CF74AB928D5F05B4E9045B8932D1248D4D0A02A00E8B1A580
C:\clean_rebuild\backup\SNS_24AutoProject+++0508??\.venv310\Lib\site-packages\cffi\vengine_cpy.py,7786A94ECF072393C9ABF9E39CDB57171ED47BAB9876A2E8098B7F8A99E92B24
C:\clean_rebuild\backup\SNS_24AutoProject+++0508??\.venv310\Lib\site-packages\cffi\vengine_gen.py,B75EBAECEFF2BC957DB9A71465103224664A406C0D17B9070CB22613F8B936DA
C:\clean_rebuild\backup\SNS_24AutoProject+++0508??\.venv310\Lib\site-packages\cffi\verifier.py,2515C9203326D3657F35F69BE0290BCEC696830F90519B08192A2357EC06496F
C:\clean_rebuild\backup\SNS_24AutoProject+++0508??\.venv310\Lib\site-packages\cffi\_imp_emulation.py,A463CD3B4A2C81C7B58850C29954204C4393B38209B49B2213C9C6AC569F8D50
C:\clean_rebuild\backup\SNS_24AutoProject+++0508??\.venv310\Lib\site-packages\PIL\AvifImagePlugin.py,73319CBB8AD8ED83C412051AF206D5AF7E420A6ECE5C3F2E53CC67055CFAA9C5
C:\clean_rebuild\backup\SNS_24AutoProject+++0508??\.venv310\Lib\site-packages\pycparser\ply\cpp.py,AE6128F08A0E175BE8647FC2E6F6DC3E5CBA61D6F43D4CA17E4751A5AF15F0BD
C:\clean_rebuild\backup\SNS_24AutoProject+++0508??\.venv310\Lib\site-packages\pycparser\ply\ctokens.py,9E30C3DDDBE8E9537FF9B7E35DF6CC3B3733976FBED138BD0329DB51AFF8C21F
C:\clean_rebuild\backup\SNS_24AutoProject+++0508??\.venv310\Lib\site-packages\pycparser\ply\lex.py,65FD10A3AA9D114EBA47DFDEEEDB32216572F4B04182FB213EF119E434B329FA
C:\clean_rebuild\backup\SNS_24AutoProject+++0508??\.venv310\Lib\site-packages\pycparser\ply\yacc.py,66ED2C9BDDB098525ACFCFABC9AE7F9CA218E6448BBA02B48B055558B3EBEB2D
C:\clean_rebuild\backup\SNS_24AutoProject+++0508??\.venv310\Lib\site-packages\pycparser\ply\ygen.py,1BC266746C61E075315041E2CF760CE868B716286AE2766FF56F19345F895184
C:\clean_rebuild\backup\SNS_24AutoProject+++0508??\.venv310\Lib\site-packages\pycparser\ast_transforms.py,C271EF0BD0CBA80AF9C150E1763D2CEBAB3DBF75D2637FE9FE5DD0EED48BCEE7
C:\clean_rebuild\backup\SNS_24AutoProject+++0508??\.venv310\Lib\site-packages\pycparser\c_ast.py,AA80439056B76FCEF969F7FE12320CB180DC2377700715C004DB2400045715A0
C:\clean_rebuild\backup\SNS_24AutoProject+++0508??\.venv310\Lib\site-packages\pycparser\c_generator.py,FC7D03A16C81C3BEC0BB45F74DA035D06DEC891E1D91085A177AFD1E3A19CE22
C:\clean_rebuild\backup\SNS_24AutoProject+++0508??\.venv310\Lib\site-packages\pycparser\c_lexer.py,C0DADD7327D7F3EAB15625D3BDF83E145220B973ECE56783145F892A0AF7F989
C:\clean_rebuild\backup\SNS_24AutoProject+++0508??\.venv310\Lib\site-packages\pycparser\c_parser.py,0B3359229B75DFB54C71FA6AC46D04E62CAE3DB154CDABBB5ED5CF258889A5EE
C:\clean_rebuild\backup\SNS_24AutoProject+++0508??\.venv310\Lib\site-packages\pycparser\lextab.py,AFE2C92B33E2902F5356EFB54A23C34954A3CCC6085680C87D058C135AD9A880
C:\clean_rebuild\backup\SNS_24AutoProject+++0508??\.venv310\Lib\site-packages\pycparser\plyparser.py,F2B28E8D46CC3680B9C19B84E420E07B85F1C27BA4C43F0337BFDF6A973DD598
C:\clean_rebuild\backup\SNS_24AutoProject+++0508??\.venv310\Lib\site-packages\pycparser\yacctab.py,55A8EF7E629B787F2B5A6FFAB2B4CB8285C677607089F9AC9254BC94001DE23E
C:\clean_rebuild\backup\SNS_24AutoProject+++0508??\.venv310\Lib\site-packages\pycparser\_ast_gen.py,200DDEDA88DBE6C2AC4FA30AB7B2C781F38A02B810F56C5170D53DA57164F440
C:\clean_rebuild\backup\SNS_24AutoProject+++0508??\.venv310\Lib\site-packages\pycparser\_build_tables.py,D35F523B91B3457B52EEEE5514CE5BBFB9F577435394EEE9047ADF1D4770B13A
C:\clean_rebuild\backup\SNS_24AutoProject+++0508??\.venv310\Lib\site-packages\selenium\types.py,4F179F9391910378F28B4462958F7144445D74E59CAEF0393C8C2F232FC94E0E
C:\clean_rebuild\backup\SNS_24AutoProject+++0508??\.venv310\Lib\site-packages\setuptools\command\alias.py,C4B8ED285A44CF244B49E8A494008D66DC4CEDDE44BF990EFBFA1D6F80A7E9CE
C:\clean_rebuild\backup\SNS_24AutoProject+++0508??\.venv310\Lib\site-packages\setuptools\command\bdist_egg.py,FC48C981C5F3AD0F1D0348CF2EFA008DBE0C90ED78D226DD79E96842811707B9
C:\clean_rebuild\backup\SNS_24AutoProject+++0508??\.venv310\Lib\site-packages\setuptools\command\develop.py,1F89A28816C9C76178AED24634C8994A573D33D2E15481BDFC77CD27E943E0C0
C:\clean_rebuild\backup\SNS_24AutoProject+++0508??\.venv310\Lib\site-packages\setuptools\command\dist_info.py,10B9654FA585A4C4438DD0E80F0431F7B1FEB8EE9AF5924485C1D2D8E4F7454C
C:\clean_rebuild\backup\SNS_24AutoProject+++0508??\.venv310\Lib\site-packages\setuptools\command\easy_install.py,91E2F456964288F13A4B72A8D086A1E7CEE199EEBB9ED4C74A78B191CF6D7E11
C:\clean_rebuild\backup\SNS_24AutoProject+++0508??\.venv310\Lib\site-packages\setuptools\command\egg_info.py,9F032665A167B9BCA3B7482F47923B47C7D8826F511DD2A70EF339841038B6D6
C:\clean_rebuild\backup\SNS_24AutoProject+++0508??\.venv310\Lib\site-packages\setuptools\command\py36compat.py,3D2F15E4800011C4BFB3AC8D196DEE89FE776486B5176991EF0E0437C8E71194
C:\clean_rebuild\backup\SNS_24AutoProject+++0508??\.venv310\Lib\site-packages\setuptools\command\saveopts.py,349DB89B7C698425260247610B72AF2FDE086AB0B31E3E7056D70C0E780B3794
C:\clean_rebuild\backup\SNS_24AutoProject+++0508??\.venv310\Lib\site-packages\setuptools\command\setopt.py,E6D270C0F158CA4714A8ABD6D5BE6F7F9FB96D71C8ACD9C5BBCBCB7376B28A5D
C:\clean_rebuild\backup\SNS_24AutoProject+++0508??\.venv310\Lib\site-packages\setuptools\command\upload_docs.py,FBA722F2F1E70CDF55B4F2AEB6163ADB15990CCD9B4ED8E9325E971DA35E6F36
C:\clean_rebuild\backup\SNS_24AutoProject+++0508??\.venv310\Lib\site-packages\setuptools\_distutils\command\bdist.py,13091B728141CA632AA0E58478BF8829A1751BCBE5BF04B290FE16E9437B32F4
C:\clean_rebuild\backup\SNS_24AutoProject+++0508??\.venv310\Lib\site-packages\setuptools\_distutils\command\bdist_dumb.py,58F9403890E57AF009EE1E746C4FA1A2F5DD19423C50C79E50EE65E33BE50D7F
C:\clean_rebuild\backup\SNS_24AutoProject+++0508??\.venv310\Lib\site-packages\setuptools\_distutils\command\bdist_msi.py,DBEDE8C20B4BB4963CFFB8FDC69DE2D21EFECB8B31B7DDCBC31AD464AE4B4C58
C:\clean_rebuild\backup\SNS_24AutoProject+++0508??\.venv310\Lib\site-packages\setuptools\_distutils\command\bdist_rpm.py,42A40C286E5D499F11544333F053260C7300D86BA04AA340ADE904394376FB1D
C:\clean_rebuild\backup\SNS_24AutoProject+++0508??\.venv310\Lib\site-packages\setuptools\_distutils\command\bdist_wininst.py,15FF0FEB5662CB5A6488691F1A0059340855057FF0A0E03C2CAD66A3E494F715
C:\clean_rebuild\backup\SNS_24AutoProject+++0508??\.venv310\Lib\site-packages\setuptools\_distutils\command\build.py,A14E1D4816BAF25BE91741BCBA24F05D246B683D5B8F172B0A32F6BE69EC5E48
C:\clean_rebuild\backup\SNS_24AutoProject+++0508??\.venv310\Lib\site-packages\setuptools\_distutils\command\build_clib.py,3F007AD1694CF467B4415F298A3FFA13A437432FA2F0CA9B2EF2DB5280E49CEE
C:\clean_rebuild\backup\SNS_24AutoProject+++0508??\.venv310\Lib\site-packages\setuptools\_distutils\command\build_ext.py,DFFB2B2B671A9E8610581E33395C28F540C5FC0994197135D1B1660F134E532F
C:\clean_rebuild\backup\SNS_24AutoProject+++0508??\.venv310\Lib\site-packages\setuptools\_distutils\command\build_py.py,F11140BC77E459176B0B8F631DBB99F5172D565ABC3470F540D9648D5E523414
C:\clean_rebuild\backup\SNS_24AutoProject+++0508??\.venv310\Lib\site-packages\setuptools\_distutils\command\clean.py,365032BCF96505C25731B70443729447DD76A9AB9ABC5F39FAE5E26BD5D8C857
C:\clean_rebuild\backup\SNS_24AutoProject+++0508??\.venv310\Lib\site-packages\setuptools\_distutils\command\install_data.py,5F3636105F43580FF7D81FB12443F76DBABD1126EDFFA270381DCB08882DEDE7
C:\clean_rebuild\backup\SNS_24AutoProject+++0508??\.venv310\Lib\site-packages\setuptools\_distutils\command\install_egg_info.py,31BBA08E3608ECE2C3EEFBBBA0005A0763FE4B280226CF0863F0ED6A06C875FE
C:\clean_rebuild\backup\SNS_24AutoProject+++0508??\.venv310\Lib\site-packages\setuptools\_distutils\command\install_headers.py,F6A45E4B26D78D7E04F27B5CAF7B0379FE61D55A8E82718BEC127E58809A0CC9
C:\clean_rebuild\backup\SNS_24AutoProject+++0508??\.venv310\Lib\site-packages\setuptools\_distutils\command\install_lib.py,73E0FBDF1D03F9EF6667F047902D2D03759DFF97F8096D8B4C3E15DBE10B71FE
C:\clean_rebuild\backup\SNS_24AutoProject+++0508??\.venv310\Lib\site-packages\setuptools\_distutils\command\py37compat.py,ED1EDFCF62271AC4B1FC88445A92CCA469845AEF9778B25D0F72800E98218D31
C:\clean_rebuild\backup\SNS_24AutoProject+++0508??\.venv310\Lib\site-packages\setuptools\_distutils\command\register.py,F625DDC3C57960B0C5E0B0A8B5E7F4F989ACEBE6126F1A5759AC5C59C700C440
C:\clean_rebuild\backup\SNS_24AutoProject+++0508??\.venv310\Lib\site-packages\setuptools\_distutils\command\upload.py,E54D5E9A5B6783A6DF72C2DCF6E4B4A41390782FD8013A7B27203B6ED8EE42ED
C:\clean_rebuild\backup\SNS_24AutoProject+++0508??\.venv310\Lib\site-packages\setuptools\_distutils\archive_util.py,1269FD4F5DA0E20A50450A72FF2331F282A04CB0802CB6DE38BA1052BB6729EA
C:\clean_rebuild\backup\SNS_24AutoProject+++0508??\.venv310\Lib\site-packages\setuptools\_distutils\bcppcompiler.py,5B1B928D077CA5273FF912E6B884520002B367052A5BE4034CADF00D79972898
C:\clean_rebuild\backup\SNS_24AutoProject+++0508??\.venv310\Lib\site-packages\setuptools\_distutils\ccompiler.py,F4ADE94360DA12A8FAF22DEF20C72B5ECE7D1CFC91415A333825BB8A7EA6918C
C:\clean_rebuild\backup\SNS_24AutoProject+++0508??\.venv310\Lib\site-packages\setuptools\_distutils\cmd.py,85E3FC729488F2A06EA61BC924C1BB0EFA0FD59E6BF9E8D80023C8B692D7E1E8
C:\clean_rebuild\backup\SNS_24AutoProject+++0508??\.venv310\Lib\site-packages\setuptools\_distutils\cygwinccompiler.py,063C4580844A1DC7E2FC6FA6602FC11E371C666D57236D6E1AC288C1B3CEB59D
C:\clean_rebuild\backup\SNS_24AutoProject+++0508??\.venv310\Lib\site-packages\setuptools\_distutils\dep_util.py,EED48F4538531E8707BA4F38346BD82D458EA969B7C75FE9B5076CA302BB3449
C:\clean_rebuild\backup\SNS_24AutoProject+++0508??\.venv310\Lib\site-packages\setuptools\_distutils\dir_util.py,CD5F2BF3CA6D55AC935BBDBD095EA56FC56EDE2466CE058EAFA6BAA72590E867
C:\clean_rebuild\backup\SNS_24AutoProject+++0508??\.venv310\Lib\site-packages\setuptools\_distutils\dist.py,CFF784AE8A785681AA317E820995F8B55D62E1B19A6598F55DB5F80BAD0AFF98
C:\clean_rebuild\backup\SNS_24AutoProject+++0508??\.venv310\Lib\site-packages\setuptools\_distutils\fancy_getopt.py,1D2ED826F86D339DBF44CA48A0FB4BEA8D23F4996FA010D8FB3A898ED42AEE08
C:\clean_rebuild\backup\SNS_24AutoProject+++0508??\.venv310\Lib\site-packages\setuptools\_distutils\filelist.py,7CA0CD0C4008FF6FFD3ED56EB4F29D478FF6C8C772B1C0CD77F41B073430B24B
C:\clean_rebuild\backup\SNS_24AutoProject+++0508??\.venv310\Lib\site-packages\setuptools\_distutils\file_util.py,485BEFF50549D7390CB8D3C84D57AAA2337CD10FF18F778339386CF4BEE42268
C:\clean_rebuild\backup\SNS_24AutoProject+++0508??\.venv310\Lib\site-packages\setuptools\_distutils\msvc9compiler.py,8C85989D39ADA0FE26CB05D8D904A52FC51BD7C70CD97304970A423017E679B3
C:\clean_rebuild\backup\SNS_24AutoProject+++0508??\.venv310\Lib\site-packages\setuptools\_distutils\msvccompiler.py,A44501ECE60D848B394E71C15BB2B0C510C27B5E08D4CD976E6D489B1BDDC392
C:\clean_rebuild\backup\SNS_24AutoProject+++0508??\.venv310\Lib\site-packages\setuptools\_distutils\py35compat.py,FCE12BCD8BA38BF02B52BA4C16A8E16C268E3604675781F74BF3FD50F4F4EE75
C:\clean_rebuild\backup\SNS_24AutoProject+++0508??\.venv310\Lib\site-packages\setuptools\_distutils\py38compat.py,38CFADDFADE63B4F0E8B62ACED349556BCCE9B2ED5E6E99431E46BA67521BFC1
C:\clean_rebuild\backup\SNS_24AutoProject+++0508??\.venv310\Lib\site-packages\setuptools\_distutils\spawn.py,D571281BBC35450EB7BD89F5B4C8CA022D4642ADEB47684788325D33DC659543
C:\clean_rebuild\backup\SNS_24AutoProject+++0508??\.venv310\Lib\site-packages\setuptools\_distutils\sysconfig.py,1344508C395A92461608EB6569CA8AB2CE6437C07BE31E23E71311B904E3710F
C:\clean_rebuild\backup\SNS_24AutoProject+++0508??\.venv310\Lib\site-packages\setuptools\_distutils\text_file.py,6EB413F25DA9A0E0123749386C325A247316B520D6E71F8D70C0E2341B51572A
C:\clean_rebuild\backup\SNS_24AutoProject+++0508??\.venv310\Lib\site-packages\setuptools\_distutils\unixccompiler.py,E6123DC2344C4E6DB889FE542A3DE81E446D8D0A6BBF538D1A8AAC8CDF15696E
C:\clean_rebuild\backup\SNS_24AutoProject+++0508??\.venv310\Lib\site-packages\setuptools\_distutils\versionpredicate.py,C7C544D2513B914C3198C469538272B3445F6FE6C118F0185ADED6232522F073
C:\clean_rebuild\backup\SNS_24AutoProject+++0508??\.venv310\Lib\site-packages\setuptools\_distutils\_msvccompiler.py,7B0D0230CD54ABE4043C0F4FF184A367DF3D3D89B89711D5E476E6248C743D4C
C:\clean_rebuild\backup\SNS_24AutoProject+++0508??\.venv310\Lib\site-packages\setuptools\_vendor\more_itertools\more.py,09D6A9EA0559E86DE7E1BE1483774DF9A968BE13F2A8750584FE17D78E554CB0
C:\clean_rebuild\backup\SNS_24AutoProject+++0508??\.venv310\Lib\site-packages\setuptools\_vendor\more_itertools\recipes.py,AB8612345EB34E590B8D5F72987E7D1E4D4E6989274EF45EB440032910FC70F7
C:\clean_rebuild\backup\SNS_24AutoProject+++0508??\.venv310\Lib\site-packages\setuptools\_vendor\ordered_set.py,9951A3E26815F8914606C715DD4DA2726B1CD2BB73A011C73AABA586B59F6512
C:\clean_rebuild\backup\SNS_24AutoProject+++0508??\.venv310\Lib\site-packages\setuptools\_vendor\pyparsing.py,BBC9F33A160F1AD7E8A995CE4BB625A8C7A49CA4C66C2FD36EC24EF52C955B32
C:\clean_rebuild\backup\SNS_24AutoProject+++0508??\.venv310\Lib\site-packages\setuptools\build_meta.py,0668EFA8CDD5FB2213E3E4155F0EEE9B8F063D56EC82DB22E07237CA979A3ADA
C:\clean_rebuild\backup\SNS_24AutoProject+++0508??\.venv310\Lib\site-packages\setuptools\depends.py,02D93125A2AA716506600645B278213510FE668509F88AADB762664137768233
C:\clean_rebuild\backup\SNS_24AutoProject+++0508??\.venv310\Lib\site-packages\setuptools\glob.py,5FE55A24275D1D8DBFB280E157C6D343B83AA0A64111042EC0D9EDED24F50726
C:\clean_rebuild\backup\SNS_24AutoProject+++0508??\.venv310\Lib\site-packages\setuptools\installer.py,5F8DA4A125849E99DF958B4EEF7C4B58D8A6144DAF35D8387AC6A14E2BC0E848
C:\clean_rebuild\backup\SNS_24AutoProject+++0508??\.venv310\Lib\site-packages\setuptools\launch.py,8460A5125C92BE4C7C72A1A4AC0CD2D8046F41A86F6E3462F588A0E26B80708A
C:\clean_rebuild\backup\SNS_24AutoProject+++0508??\.venv310\Lib\site-packages\setuptools\monkey.py,BB842AED59E951762EA341D087ED4CEE04C4D41415ED4A12F39A109E022FDCB0
C:\clean_rebuild\backup\SNS_24AutoProject+++0508??\.venv310\Lib\site-packages\setuptools\msvc.py,6569E24F332D3D793657BFA7894129EA6372F7F0DEE5B0C496C00160A14EDAF0
C:\clean_rebuild\backup\SNS_24AutoProject+++0508??\.venv310\Lib\site-packages\setuptools\namespaces.py,7C8040A7ADFAA3208084E2A4859C24B91B66A8B146A09FA4AA5AC6EC54CD0EBE
C:\clean_rebuild\backup\SNS_24AutoProject+++0508??\.venv310\Lib\site-packages\setuptools\package_index.py,D54DFD4029E5F2F6A5603D328D5BA0FDBBB25D32AFB6AE9B15E22AF38392A40F
C:\clean_rebuild\backup\SNS_24AutoProject+++0508??\.venv310\Lib\site-packages\setuptools\py34compat.py,8BC2382D06BDAD140C8B09EFB3C9CC955715CAF2EA55F4E4E2954624D45DC48C
C:\clean_rebuild\backup\SNS_24AutoProject+++0508??\.venv310\Lib\site-packages\setuptools\sandbox.py,801F269D6ACD3F722FCFDA06792FCBC6ADA49A8F2B4E946026BC8CF899301F39
C:\clean_rebuild\backup\SNS_24AutoProject+++0508??\.venv310\Lib\site-packages\setuptools\windows_support.py,65CCDAB2E7BE65C56BABDD91FCEE4A2552AC5EE117E4808E3DE53824E64CE5F2
C:\clean_rebuild\backup\SNS_24AutoProject+++0508??\.venv310\Lib\site-packages\setuptools\_deprecation_warning.py,DA4318FA3AC8F0B74B5F27FF99450D498B635AB7D66C336AEFBD1687D36B4806
C:\clean_rebuild\backup\SNS_24AutoProject+++0508??\.venv310\Lib\site-packages\setuptools\_imp.py,4E86CE44E71206A5B2322378F575DE205777E34C0CE1B060F16F0DEA83A1EB1C
C:\clean_rebuild\backup\SNS_24AutoProject+++0508??\.venv310\Lib\site-packages\undetected_chromedriver\devtool.py,FF1E41A20735CF652B06DD5DF2DE709DC338815A05CAC95EA78AA899AF8484A1
C:\clean_rebuild\backup\SNS_24AutoProject+++0508??\.venv310\Lib\site-packages\undetected_chromedriver\dprocess.py,D25989962C9D1BBE5F675A534F45E061F2B620F00F5A43EB897D91C5EA230F57
C:\clean_rebuild\backup\SNS_24AutoProject+++0508??\.venv310\Lib\site-packages\undetected_chromedriver\patcher.py,A2A3FEB02D9C8BCE053D61D2A9E248F55F0094E9E2A1176D2A483A3ADD539C75
C:\clean_rebuild\backup\SNS_24AutoProject+++0508??\.venv310\Lib\site-packages\undetected_chromedriver\reactor.py,1FFEDD7447A17239B866AF5795B6E2511B6084A278EFADF26455E7B01E1F1C72
C:\clean_rebuild\backup\SNS_24AutoProject+++0508??\.venv310\Lib\site-packages\websockets\asyncio\async_timeout.py,C3830B47047E746C5E77835DD9E4125B2723BC7FD041459EEBEF4C9D65877383
C:\clean_rebuild\backup\SNS_24AutoProject+++0508??\.venv310\Lib\site-packages\websockets\asyncio\compatibility.py,95DE65A5B06027C606022DED73584C888C6E2DE4160E0EA928360155B490325E
C:\clean_rebuild\backup\SNS_24AutoProject+++0508??\.venv310\Lib\site-packages\websockets\extensions\permessage_deflate.py,10D5819DDB0198F4B60F0E7060A9DAFDC03B129D3BAB4C7BE9A0EC16804EB4E5
C:\clean_rebuild\backup\SNS_24AutoProject+++0508??\.venv310\Lib\site-packages\websockets\legacy\framing.py,3B8C7782773EA13F1250582A195CB19F00430959BAD67AAC1977BB62EB7AF07A
C:\clean_rebuild\backup\SNS_24AutoProject+++0508??\.venv310\Lib\site-packages\websockets\legacy\http.py,38FBBF5258C5247EF89F193957E8E738E92ACDD5DCA49E8CD0BCA7229B99EF8D
C:\clean_rebuild\backup\SNS_24AutoProject+++0508??\.venv310\Lib\site-packages\websockets\sync\messages.py,5BA63E0591E0CAE43A854443B19DA2B5EC22E6500C27D95DED7D300255766649
C:\clean_rebuild\backup\SNS_24AutoProject+++0508??\.venv310\Lib\site-packages\websockets\sync\router.py,13A8758AF2D433D0EC9074019FB2D665086F577C9B62A705204A6C438525943F
C:\clean_rebuild\backup\SNS_24AutoProject+++0508??\.venv310\Lib\site-packages\websockets\datastructures.py,2475323EA34900213DF79ED2940327614EE59663F544310530319044A66EBC30
C:\clean_rebuild\backup\SNS_24AutoProject+++0508??\.venv310\Lib\site-packages\websockets\frames.py,A9768252DD87716BF4B59479CB6BD10A7300AF2C0100B20D15EE6C5C362FAD5C
C:\clean_rebuild\backup\SNS_24AutoProject+++0508??\.venv310\Lib\site-packages\websockets\headers.py,D9715B504D01CC421FB41476292DB281E491218CCF07E6BEAB7E637DD719D4C0
C:\clean_rebuild\backup\SNS_24AutoProject+++0508??\.venv310\Lib\site-packages\websockets\http11.py,AFC15A76FAA15AC533E747F3D3F331FEAB928B2BB62718A50A6E17F1F5E6C135
C:\clean_rebuild\backup\SNS_24AutoProject+++0508??\.venv310\Lib\site-packages\websockets\imports.py,A05756931CA98FF762BAA9DE46E0393961172CC43AA40B63FAB2AA154E8F99D8
C:\clean_rebuild\backup\SNS_24AutoProject+++0508??\.venv310\Lib\site-packages\websockets\streams.py,E83F98A2C55B4E86D4C4562DB12E6BA79DFE220D021FB1007ADA0E3FD5F20F4F
C:\clean_rebuild\backup\SNS_24AutoProject+++0508??\.venv310\Lib\site-packages\websockets\uri.py,FD9856833B8BFDE906586BBC405A1D7BFD2B80B376B68CFDBB530FBB9A290DAF
C:\clean_rebuild\backup\SNS_24AutoProject+++0508??\.venv310\Lib\site-packages\wsproto\typing.py,18C06164C576F3F6FC7F3860DFBD985F4EBAC4CB9B9D9390B0EB867ACA988871
C:\clean_rebuild\backup\SNS_24AutoProject+++0508??\.venv310\Lib\site-packages\_distutils_hack\override.py,C39CE75D11186C977B17C318AF66573B15198833DBA249D7548A9D2C706E9C0E
C:\clean_rebuild\backup\SNS_24AutoProject+++0508??\modules\actions\share_post_module.py,1C8E2CC872D83273AE6DA57C98F93150281DC4B3434F31FB05802F0983938F09
C:\clean_rebuild\backup\SNS_24AutoProject+++0508??\modules\filters\contact_cleaner.py,BF45DAF479E5A7F8A5B168C05BEFA0597BEB38172AD339F0B5CD5E453F26CA5C
C:\clean_rebuild\backup\SNS_24AutoProject+++0508??\modules\legacy_refined\social_action_module.py,1247CAF3FFE3169723C762535D8A6DAF83CFA78124538240B4FA414FAAEB133E
C:\clean_rebuild\backup\SNS_24AutoProject+++0508??\modules\crawler_facebook.py,03F1DE85F17E7F68C294818BF35F1D2537693B512258D93C6603D6DD56784A48
C:\clean_rebuild\backup\SNS_24AutoProject+++0508??\modules\image_generator.py,D0D07ED4F6FB01F929F53A250C463959345C8AD0636EC1DAE3D7D5E6ED3BB867
C:\clean_rebuild\backup\SNS_24AutoProject_FINAL_20250516_1002\modules\cfg_loader.py,B36E852E0A3451DA53EBAEF7D3C4C0A1B8FE1903A2C2381E0976169CCCE66B5D
C:\clean_rebuild\backup\SNS_24AutoProject_FINAL_20250516_1002\modules\cfg_local.py,8D5383EAADA9A02380C71636B562058133297265528FEBAEC594BC5C51B52807
C:\clean_rebuild\backup\SNS_24AutoProject_FINAL_20250516_1002\modules\pickle_serializer.py,06635F3FF6AB94D7D32662833140E43A9FBD1952CE6D6C842A741BE6B97EA40D
C:\clean_rebuild\backup\SNS_24AutoProject_FINAL_20250516_1002\modules\pprint_util_custom.py,0AA139E72818D7BA61EA7E3C87E331A60B8266A4E2BCD7919EB3BAB7194E5A0E
C:\clean_rebuild\backup\SNS_24AutoProject_FINAL_20250516_1002\modules\six_util_custom.py,5B7960EFC18C3C8448397F563BBB2EDA341773D75C32D7046509D0BAFFDA0381
C:\clean_rebuild\backup\SNS_24AutoProject_FINAL_20250516_1002\modules\ssl_handler.py,379AB337A66BD5E235387C735D9D54A5271F18FA3551E31C3AE9C10444ED7C72
C:\clean_rebuild\backup\SNS_24AutoProject_FINAL_20250516_1002\modules\task_queue_mgr.py,82AA5CB26C995A4F4DD69620324D2A50AA15E5D1D10E39F8FDE082371AE9A64E
C:\clean_rebuild\backup\SNS_24AutoProject_FINAL_20250516_1002\modules_unused\https_debugger.py,16217246FA761E8FAD34D1152C812F5D862A42B03D1025D76657FBACFF2790D4
C:\clean_rebuild\backup\SNS_24AutoProject_FINAL_20250516_1002\modules_unused\pickle_unused_backup.py,9254C831B44192A4F9A63C041755109D7BF0845BE726D491B5EEE79B994F76B0
C:\clean_rebuild\backup\SNS_24AutoProject_FINAL_20250516_1002\modules_unused\pyarrow_unused_backup.py,074A84DB4AA58CCB5D50FAF53FB33DC3655A242D054A89DEF31B733D2E68D46A
C:\clean_rebuild\backup\SNS_24AutoProject_FINAL_20250516_1002\modules_unused\webhook_sender.py,718B1F1220D8B84D59A0B279C147AC646A979F0679F65C117DAF050A65E1DB68
