RelativePath,FullPath,SHA256,Status
.env,C:\SNS_24AutoProject_250723\.env,97863ed56588835816873f82a865dc13cf20bc3c35da381b19cc3ec6a3abc847,OK
.env.example,C:\SNS_24AutoProject_250723\.env.example,167ec2a55df73084d8aef84498845ba7d2d4c2497a8b07a1c4090995bf565c7e,OK
.gitattributes,C:\SNS_24AutoProject_250723\.gitattributes,d773723cfc191c29d7b3557857bd2b5b7895e01debdcc4580d40b8f8cd51edcc,OK
broken_files.txt,C:\SNS_24AutoProject_250723\broken_files.txt,4c38363b9e84456906c429215f209fb2172f87f9495de1ee7afac935dbd065e8,OK
check_tables.py,C:\SNS_24AutoProject_250723\check_tables.py,f0856a43e4c0c5f0ce84a0d60430eec5e8b8fcc07e57fd28a8598677590aa9c0,OK
confirmed_compile_failed_250723.txt,C:\SNS_24AutoProject_250723\confirmed_compile_failed_250723.txt,e081a248ca93fb4edb271af2c5c1ea69a6963a9759f02d2db69bdbdb44e59841,OK
hash_verify_20250729_2313.csv,C:\SNS_24AutoProject_250723\hash_verify_20250729_2313.csv,86487b9c00db416cdbe7abb17ca2c4d499c282ebdbd22ad3e47200f021708e52,OK
hash_verify_20250729_2343.csv,C:\SNS_24AutoProject_250723\hash_verify_20250729_2343.csv,dcfac0006e841c21928e38391c1995f810925bc15aeb13d80ec4a30076cf42f2,OK
hash_verify_20250730_0020.csv,C:\SNS_24AutoProject_250723\hash_verify_20250730_0020.csv,fea1c68a5bc3095535b8b1336c556ff8349ac70c5de13d12d5852e8155450b36,OK
hash_verify_20250730_1948.csv,C:\SNS_24AutoProject_250723\hash_verify_20250730_1948.csv,12d69e510eb3e10ba82f8dcdba2090a200473de0b3a2d644df06fa049d48c7f6,OK
import_map.txt,C:\SNS_24AutoProject_250723\import_map.txt,0641465f0a7dae73d73afa7785b46e831fe42a832c44ffdbfa25648f2a9c0d6a,OK
mastertree.txt,C:\SNS_24AutoProject_250723\mastertree.txt,4931904a8fc2232de32dcd945c3f6a80b9b185783bb7aa0e6f2bf6703f6a112b,OK
mastertree_map_full_generated.txt,C:\SNS_24AutoProject_250723\mastertree_map_full_generated.txt,feaff80de8bb14e0e3bfd9eeb78f76dc30e3f1b1849e6299874db2016ffdccf4,OK
mastertree_map_full_generated.txt.lnk,C:\SNS_24AutoProject_250723\mastertree_map_full_generated.txt.lnk,0b4cf89eb06f0a45f51ba87d847c32ccd4161b6bea9a484a2ef763720cd09278,OK
master_hashes.json,C:\SNS_24AutoProject_250723\master_hashes.json,d430fb5e1c41db3ec5c765a453235255b8a72ea94788c52f28992e1b5d28d6fe,CHANGED
refined_suspects_250723.txt,C:\SNS_24AutoProject_250723\refined_suspects_250723.txt,637b885929695eea016ae96e1faa78a86d7c3d805340f60ceb8fd84455514c0b,OK
reset_db.py,C:\SNS_24AutoProject_250723\reset_db.py,4e8ed434454579195b848a46a7c5da6889353ed6a3b76c927516e59b709fd7d5,OK
.git\COMMIT_EDITMSG,C:\SNS_24AutoProject_250723\.git\COMMIT_EDITMSG,3effa01c4df9ab27deb0d8480221acae8ca7a93310b9c335aa127f7e4b35164b,OK
.git\config,C:\SNS_24AutoProject_250723\.git\config,1a145ebadee75335ed78e0c3b8216cce6c8bf23a8a0ebf300bfceb81337dd0f2,OK
.git\description,C:\SNS_24AutoProject_250723\.git\description,85ab6c163d43a17ea9cf7788308bca1466f1b0a8d1cc92e26e9bf63da4062aee,OK
.git\HEAD,C:\SNS_24AutoProject_250723\.git\HEAD,28d25bf82af4c0e2b72f50959b2beb859e3e60b9630a5e8c603dad4ddb2b6e80,OK
.git\index,C:\SNS_24AutoProject_250723\.git\index,2fb974bfb0fbf1248f925d2fb2fdbaa0a46a11aa9173e9ce09012b03ab57517f,OK
.git\hooks\applypatch-msg.sample,C:\SNS_24AutoProject_250723\.git\hooks\applypatch-msg.sample,0223497a0b8b033aa58a3a521b8629869386cf7ab0e2f101963d328aa62193f7,OK
.git\hooks\commit-msg.sample,C:\SNS_24AutoProject_250723\.git\hooks\commit-msg.sample,1f74d5e9292979b573ebd59741d46cb93ff391acdd083d340b94370753d92437,OK
.git\hooks\fsmonitor-watchman.sample,C:\SNS_24AutoProject_250723\.git\hooks\fsmonitor-watchman.sample,e0549964e93897b519bd8e333c037e51fff0f88ba13e086a331592bf801fa1d0,OK
.git\hooks\post-checkout,C:\SNS_24AutoProject_250723\.git\hooks\post-checkout,8d606e58cce98604696a4abcf3ae1ebde6f9f31ac72bb0d44e2444cc39f26030,OK
.git\hooks\post-commit,C:\SNS_24AutoProject_250723\.git\hooks\post-commit,f3eb4d1f62924c09d481a0563a84b158c66eb2feb3431cfdb3e6760aab4d661d,OK
.git\hooks\post-merge,C:\SNS_24AutoProject_250723\.git\hooks\post-merge,cecb594e8fa65831654fc95e96db9f1249e09c52810c6fbb2b428280aac22158,OK
.git\hooks\post-update.sample,C:\SNS_24AutoProject_250723\.git\hooks\post-update.sample,81765af2daef323061dcbc5e61fc16481cb74b3bac9ad8a174b186523586f6c5,OK
.git\hooks\pre-applypatch.sample,C:\SNS_24AutoProject_250723\.git\hooks\pre-applypatch.sample,e15c5b469ea3e0a695bea6f2c82bcf8e62821074939ddd85b77e0007ff165475,OK
.git\hooks\pre-commit.sample,C:\SNS_24AutoProject_250723\.git\hooks\pre-commit.sample,57185b7b9f05239d7ab52db045f5b89eb31348d7b2177eab214f5eb872e1971b,OK
.git\hooks\pre-merge-commit.sample,C:\SNS_24AutoProject_250723\.git\hooks\pre-merge-commit.sample,d3825a70337940ebbd0a5c072984e13245920cdf8898bd225c8d27a6dfc9cb53,OK
.git\hooks\pre-push,C:\SNS_24AutoProject_250723\.git\hooks\pre-push,a52d0510d0f8c75e27852156ec6f7791f0d8ed65fc58fcc368dd1de0a60a1d74,OK
.git\hooks\pre-push.sample,C:\SNS_24AutoProject_250723\.git\hooks\pre-push.sample,ecce9c7e04d3f5dd9d8ada81753dd1d549a9634b26770042b58dda00217d086a,OK
.git\hooks\pre-rebase.sample,C:\SNS_24AutoProject_250723\.git\hooks\pre-rebase.sample,4febce867790052338076f4e66cc47efb14879d18097d1d61c8261859eaaa7b3,OK
.git\hooks\pre-receive.sample,C:\SNS_24AutoProject_250723\.git\hooks\pre-receive.sample,a4c3d2b9c7bb3fd8d1441c31bd4ee71a595d66b44fcf49ddb310252320169989,OK
.git\hooks\prepare-commit-msg.sample,C:\SNS_24AutoProject_250723\.git\hooks\prepare-commit-msg.sample,e9ddcaa4189fddd25ed97fc8c789eca7b6ca16390b2392ae3276f0c8e1aa4619,OK
.git\hooks\push-to-checkout.sample,C:\SNS_24AutoProject_250723\.git\hooks\push-to-checkout.sample,a53d0741798b287c6dd7afa64aee473f305e65d3f49463bb9d7408ec3b12bf5f,OK
.git\hooks\sendemail-validate.sample,C:\SNS_24AutoProject_250723\.git\hooks\sendemail-validate.sample,44ebfc923dc5466bc009602f0ecf067b9c65459abfe8868ddc49b78e6ced7a92,OK
.git\hooks\update.sample,C:\SNS_24AutoProject_250723\.git\hooks\update.sample,8d5f2fa83e103cf08b57eaa67521df9194f45cbdbcb37da52ad586097a14d106,OK
.git\info\exclude,C:\SNS_24AutoProject_250723\.git\info\exclude,6671fe83b7a07c8932ee89164d1f2793b2318058eb8b98dc5c06ee0a5a3b0ec1,OK
.git\lfs\cache\locks\refs\heads\main\verifiable,C:\SNS_24AutoProject_250723\.git\lfs\cache\locks\refs\heads\main\verifiable,6135f1a42b79d204759b644a7b6f3fe04c30fe0d3f14c6fae05f99ce63670baa,OK
.git\lfs\objects\05\b5\05b5783917c39417b5db3b3bcdd66b2effdf0bd764350ebaefc032804b825597,C:\SNS_24AutoProject_250723\.git\lfs\objects\05\b5\05b5783917c39417b5db3b3bcdd66b2effdf0bd764350ebaefc032804b825597,05b5783917c39417b5db3b3bcdd66b2effdf0bd764350ebaefc032804b825597,OK
.git\lfs\objects\29\07\2907e288daf41f4fdee8c5cf0b99a24177abbc7f3b215bb4f8e0a8efb3c3a02c,C:\SNS_24AutoProject_250723\.git\lfs\objects\29\07\2907e288daf41f4fdee8c5cf0b99a24177abbc7f3b215bb4f8e0a8efb3c3a02c,2907e288daf41f4fdee8c5cf0b99a24177abbc7f3b215bb4f8e0a8efb3c3a02c,OK
.git\lfs\objects\e7\e7\e7e7fb30477f717e6f55f9180a70386c62677ef8a4d4d1a5d948f4098aa3eb99,C:\SNS_24AutoProject_250723\.git\lfs\objects\e7\e7\e7e7fb30477f717e6f55f9180a70386c62677ef8a4d4d1a5d948f4098aa3eb99,e7e7fb30477f717e6f55f9180a70386c62677ef8a4d4d1a5d948f4098aa3eb99,OK
.git\lfs\objects\f8\26\f82611c8fe09cbe8ea9405e8a45342e50b2b08290412b11b2ef9acb06292b69a,C:\SNS_24AutoProject_250723\.git\lfs\objects\f8\26\f82611c8fe09cbe8ea9405e8a45342e50b2b08290412b11b2ef9acb06292b69a,f82611c8fe09cbe8ea9405e8a45342e50b2b08290412b11b2ef9acb06292b69a,OK
.git\logs\HEAD,C:\SNS_24AutoProject_250723\.git\logs\HEAD,42f324245e85c57e059908c7f62f04494c6b0d18927d7ec4635fde589d3786dd,OK
.git\logs\refs\heads\main,C:\SNS_24AutoProject_250723\.git\logs\refs\heads\main,68bcf667277d00ec28e6f9e293e35be7efd437b9912214d96d7ec2200db809c8,OK
.git\logs\refs\remotes\origin\main,C:\SNS_24AutoProject_250723\.git\logs\refs\remotes\origin\main,62b13548d22618bfa7187af9f902ca561ab7111768498f778621bd8dbae7aa05,OK
.git\objects\00\14046d29a38e9b8006f746fea794d7f71eb479,C:\SNS_24AutoProject_250723\.git\objects\00\14046d29a38e9b8006f746fea794d7f71eb479,eaee855d59d7d24480c46288133b254d1904cc75330bf35bc49cd63e38f3d49c,OK
.git\objects\00\1638c2f2a964eb2cc75660f66a1bcc447d7a57,C:\SNS_24AutoProject_250723\.git\objects\00\1638c2f2a964eb2cc75660f66a1bcc447d7a57,ad3688bcf71cd82f762a5d39b145ff6a2a1d288cdfaaa6942e9e114307817972,OK
.git\objects\00\5078b740427f8cb92272b110b1572b10b081ed,C:\SNS_24AutoProject_250723\.git\objects\00\5078b740427f8cb92272b110b1572b10b081ed,484084b0b18ce328809a34a35938a65615e53b3caa54da8f5e99f20fb9de625d,OK
.git\objects\00\93b1a772f7f9a58b5f10c62defeaf98ca35224,C:\SNS_24AutoProject_250723\.git\objects\00\93b1a772f7f9a58b5f10c62defeaf98ca35224,16d9fb8d7ad73c2154fef28bb57ec0be9c01adcd989d4c74bde86b92298e8de9,OK
.git\objects\00\cd045ac86d6060e9e8b8dc0460caa49d2479b5,C:\SNS_24AutoProject_250723\.git\objects\00\cd045ac86d6060e9e8b8dc0460caa49d2479b5,dc8597b4dd4d7408789cc8b046643d7eed1017f0e8b195a26b6be39a0a289f88,OK
.git\objects\00\e3c8145cb8e5f3cdee75d4e10c45a7a24462d7,C:\SNS_24AutoProject_250723\.git\objects\00\e3c8145cb8e5f3cdee75d4e10c45a7a24462d7,0daad611ef6fd67f773e637f7e634d786d7c8e401bf05dcfceb9838cfbbec7f5,OK
.git\objects\00\e451937f844b7b73b3d0cacb69522dbf7886f0,C:\SNS_24AutoProject_250723\.git\objects\00\e451937f844b7b73b3d0cacb69522dbf7886f0,af82ca3265a4a23dfe94157acb871f3c4033471bb1531aa8f4cca752df8d2749,OK
.git\objects\01\04ddcaeafe333feecd31299a50f938255ec5ab,C:\SNS_24AutoProject_250723\.git\objects\01\04ddcaeafe333feecd31299a50f938255ec5ab,0dadff489c8ef2c1a2709b057ed9bc640294d8c2016666dfe3b27c69d5d95a7d,OK
.git\objects\01\0c6bd04cae79078540da560ce38400bfe0ade6,C:\SNS_24AutoProject_250723\.git\objects\01\0c6bd04cae79078540da560ce38400bfe0ade6,1c708329d224bc12ca7b6bcd04ca717dbf58ae4b811fe1791a19ebea032324e7,OK
.git\objects\01\6e06b1bbc8d2e73d07265ef12e2be0c77982f4,C:\SNS_24AutoProject_250723\.git\objects\01\6e06b1bbc8d2e73d07265ef12e2be0c77982f4,a41317d08340dcde05f11eb25d15d993a186efda5f3f678451596462d70470e4,OK
.git\objects\01\770cce7bec7b5ca84214f3858f924ad942a7a6,C:\SNS_24AutoProject_250723\.git\objects\01\770cce7bec7b5ca84214f3858f924ad942a7a6,d4ab1fe41d20abcfc26e109367a1e131a9da12a1387bb04d4b442c393d3a3578,OK
.git\objects\01\8e98356532a6266ad93e70868008e69e262c1d,C:\SNS_24AutoProject_250723\.git\objects\01\8e98356532a6266ad93e70868008e69e262c1d,f1cc2a638160b6584f20012a3c3658a999df3b3d9dd077ccba8ee1dbf6f91251,OK
.git\objects\02\0d16445a3652aa7a15a36a5ced515c136caa5a,C:\SNS_24AutoProject_250723\.git\objects\02\0d16445a3652aa7a15a36a5ced515c136caa5a,22369d107d0b1459150f2f723f416bf0a027de87154ba62bfb50508e8a1f4476,OK
.git\objects\02\3e39248210f6b1b288ca516fc6a09e76a34b35,C:\SNS_24AutoProject_250723\.git\objects\02\3e39248210f6b1b288ca516fc6a09e76a34b35,571c751185a67f53b9dfcacb0becea9c817c7790144f88c0fcf0601bcf395ef6,OK
.git\objects\02\4046832f1e2bdf21c058c9713aa0e09cffd8f0,C:\SNS_24AutoProject_250723\.git\objects\02\4046832f1e2bdf21c058c9713aa0e09cffd8f0,2fdfc21096a0f1d9294b099a2654558222ff73de444b8d7863102f1c0ff28549,OK
.git\objects\02\56cc746f64fec7d4a6be66b9b2acc70297f9ca,C:\SNS_24AutoProject_250723\.git\objects\02\56cc746f64fec7d4a6be66b9b2acc70297f9ca,8675b6f073c4e50244227ee4830b79a1dd97bdf3cf8c27243db66df5b8f1108a,OK
.git\objects\02\5d132dd48ba978c6fedf86d70173127be49d49,C:\SNS_24AutoProject_250723\.git\objects\02\5d132dd48ba978c6fedf86d70173127be49d49,76b54833138e6a77dc70a9b9300931ee2b1689943398e6f95c210ee50979d4fa,OK
.git\objects\02\b8143eab5f363a564e098833132d67ca6e928b,C:\SNS_24AutoProject_250723\.git\objects\02\b8143eab5f363a564e098833132d67ca6e928b,2d0931238a05749307a9e414423e146ca795a7df973592b14e023501ea995bd8,OK
.git\objects\02\d0398a026bae6ddf4aa3622f99eb34e56e6bcf,C:\SNS_24AutoProject_250723\.git\objects\02\d0398a026bae6ddf4aa3622f99eb34e56e6bcf,20209aeb7da10ecde64aa42507b66e54eafb59b74d7f3a9196934db28236daf8,OK
.git\objects\03\12debd4a4ca8e8702c629e4466d0563d4ca532,C:\SNS_24AutoProject_250723\.git\objects\03\12debd4a4ca8e8702c629e4466d0563d4ca532,ad0d8538fc42935813a9376b93409b52ae56b62e149abb61ed66742b25def632,OK
.git\objects\03\6385d578e08c00130ceb0143f9590d6f692a6c,C:\SNS_24AutoProject_250723\.git\objects\03\6385d578e08c00130ceb0143f9590d6f692a6c,cc9ff290bc4eac21838bf2578375db77eb911761e85175aa3b2218f051175941,OK
.git\objects\03\a71667a489888f1d3c99ffc68636e442658897,C:\SNS_24AutoProject_250723\.git\objects\03\a71667a489888f1d3c99ffc68636e442658897,02c167de7cc91f75f330ae083dd9c452d75138dd34ed84547204a5e34ec5435f,OK
.git\objects\03\be7b98c5b578990d745232973044e39918d082,C:\SNS_24AutoProject_250723\.git\objects\03\be7b98c5b578990d745232973044e39918d082,e5c213ef80ea8d07478b740aa2796b09cec19f578036d7287b93f5817c0ec663,OK
.git\objects\04\7adbc3c692dc46eee15a3308de9f7ef51e27b1,C:\SNS_24AutoProject_250723\.git\objects\04\7adbc3c692dc46eee15a3308de9f7ef51e27b1,b84095096078920d04d559093e188e052a881f77475c085baad7a6b5baac3561,OK
.git\objects\04\7d1f7d4c948d2d1bb338ca4e2312ded90df372,C:\SNS_24AutoProject_250723\.git\objects\04\7d1f7d4c948d2d1bb338ca4e2312ded90df372,84ab56e6d1c1ab288274e8456ff1f963afec3ef0d8da890a1b580b4d8d981095,OK
.git\objects\04\87ee97d7c4127fe2b6d29248f3878e70205b81,C:\SNS_24AutoProject_250723\.git\objects\04\87ee97d7c4127fe2b6d29248f3878e70205b81,c137dedd9ce4d2c27fca355cf4f13e86ef307bd3202caf83666aa82ee6df070d,OK
.git\objects\04\a1ace0a89d2c21f112ede4c0ae7d97f319e7d4,C:\SNS_24AutoProject_250723\.git\objects\04\a1ace0a89d2c21f112ede4c0ae7d97f319e7d4,ff2a6f1c824888126f917d4c5263ef6f27977aae1a3bcb3749a21c90740e2b8e,OK
.git\objects\04\c2df456ff0f879a419331dc3e9f4d4f68f0ecd,C:\SNS_24AutoProject_250723\.git\objects\04\c2df456ff0f879a419331dc3e9f4d4f68f0ecd,183b5941c9f6a1dc343c70a4d34cc4b601b96dac9fee8e13ef3a1e49ab3a6426,OK
.git\objects\04\c3bf9a361d490fd3e3bff216a28cb8e4586c0f,C:\SNS_24AutoProject_250723\.git\objects\04\c3bf9a361d490fd3e3bff216a28cb8e4586c0f,81c54ca7bd389607fb345f68ebf493240314513550e53dea7c78834481de4ce2,OK
.git\objects\04\c8da397bf7928d122c03518e805da5a77e7677,C:\SNS_24AutoProject_250723\.git\objects\04\c8da397bf7928d122c03518e805da5a77e7677,d730a5708bc77069227dcd4094bf062e708ddef87a213d9c2d9cc74d80a9b47c,OK
.git\objects\04\e990ab00bdb42b0bb4a8ad19d70abe14e9e129,C:\SNS_24AutoProject_250723\.git\objects\04\e990ab00bdb42b0bb4a8ad19d70abe14e9e129,d5488495ca8ef8e84230db60cb017374df6f238e088223976f15b71c005b2f4f,OK
.git\objects\05\056898b8b62b7018300df0bc7e3393afa7169b,C:\SNS_24AutoProject_250723\.git\objects\05\056898b8b62b7018300df0bc7e3393afa7169b,23e3b77f31741d47dea1b8f99d5435d9bab981247733b4b9d3c78a413293a675,OK
.git\objects\05\1a630dc03ccf3ddc2777a2c6f229e860a9a21a,C:\SNS_24AutoProject_250723\.git\objects\05\1a630dc03ccf3ddc2777a2c6f229e860a9a21a,8f4b3b674d56dead618fa121cafe08ab72df6415b05150d5d6fc746c9d0f4d11,OK
.git\objects\05\24190760bdd6d0000866f744a3f36ca5201063,C:\SNS_24AutoProject_250723\.git\objects\05\24190760bdd6d0000866f744a3f36ca5201063,e623a6031dc288b8b4f7de13a188cf06f45dc841a792d087855e042bc060dcf2,OK
.git\objects\05\246e755ba9fa646042e5fba45311ece497c7c2,C:\SNS_24AutoProject_250723\.git\objects\05\246e755ba9fa646042e5fba45311ece497c7c2,75982d782c558d1a2f21db2d3f7febc4441c5b29a9401c171daaa3eeb180aaa2,OK
.git\objects\05\267bfe19e25a5c1005751e9cb77e0945b33eef,C:\SNS_24AutoProject_250723\.git\objects\05\267bfe19e25a5c1005751e9cb77e0945b33eef,288b433e16c06575c1ebd6003147f22cc9feef626ed9c978a7b353fa874f38be,OK
.git\objects\05\8653c46c3e0b15ddfa221cebf1dadec06347c5,C:\SNS_24AutoProject_250723\.git\objects\05\8653c46c3e0b15ddfa221cebf1dadec06347c5,b629d54fbf34f74b5c1351bc675b88d7c33fee5c8859b4ebd29e480ffaf4759e,OK
.git\objects\05\c630c9b76703490541ff97a7f4b92f278045eb,C:\SNS_24AutoProject_250723\.git\objects\05\c630c9b76703490541ff97a7f4b92f278045eb,988da7574c5cd6a4edce2a85272c45f50609bb1d70bc5195ea77313208facbe2,OK
.git\objects\06\10e899ffcbe93f3e51e4a0281e42676935685a,C:\SNS_24AutoProject_250723\.git\objects\06\10e899ffcbe93f3e51e4a0281e42676935685a,e4dadd67cff2790d6e9296d11d9b15cf6950707c51e69e658592654cbc1dfbc1,OK
.git\objects\06\482943a45a58a02a43b9e2b6a3f215b21b045f,C:\SNS_24AutoProject_250723\.git\objects\06\482943a45a58a02a43b9e2b6a3f215b21b045f,904ea91fe576dd748b60711d46b9562256edf120e86e92625b777a5307ef5815,OK
.git\objects\06\5dd484e80eb2d09afc50cc9a8f212e02497e0d,C:\SNS_24AutoProject_250723\.git\objects\06\5dd484e80eb2d09afc50cc9a8f212e02497e0d,455f73fc91ca7d1af00a681516dc62d9ddbfd7e82d47ff3fa72231cb3ce1e2b6,OK
.git\objects\06\66fb0dd161cb732b29f84d49c49cc985a3559a,C:\SNS_24AutoProject_250723\.git\objects\06\66fb0dd161cb732b29f84d49c49cc985a3559a,bf23c533fbf52429458949ebeaf4f3ccd498b124661d7427a327a1b755b9eed7,OK
.git\objects\06\6fbed008cf662455eeca2c012ab8cb5bf1731a,C:\SNS_24AutoProject_250723\.git\objects\06\6fbed008cf662455eeca2c012ab8cb5bf1731a,0929cf034988592072754047966e533bb8969e54a418030714f792eca7d8128a,OK
.git\objects\06\9a95ad686c1139e2ff2b9ce94dc5ef5bc98c67,C:\SNS_24AutoProject_250723\.git\objects\06\9a95ad686c1139e2ff2b9ce94dc5ef5bc98c67,1d6770b18df61c35d5bdef93e6785ee4de2731fb027b8289b0f750c5f2720f30,OK
.git\objects\06\a081fa63292300d86d2797a2c26306cb4b359d,C:\SNS_24AutoProject_250723\.git\objects\06\a081fa63292300d86d2797a2c26306cb4b359d,421c7325a184e06c2e953777ae8830edc5f1614649899202611737c6287f7661,OK
.git\objects\06\bf50fbb6718707ab7374b187fa9494e0081f2a,C:\SNS_24AutoProject_250723\.git\objects\06\bf50fbb6718707ab7374b187fa9494e0081f2a,2db0aed3b1abd25c9e09aea73441e9d64bb82e282ca7d149caa099488df7557e,OK
.git\objects\06\cfe8bb3e161169b669452f9a63559c3c905752,C:\SNS_24AutoProject_250723\.git\objects\06\cfe8bb3e161169b669452f9a63559c3c905752,9e9050fca74440178c1f165e6411732dbcae4ebe8e37e05984ca658a03261036,OK
.git\objects\06\da1a6d7a3eeec0e82f7c5815a8fed4252e16b2,C:\SNS_24AutoProject_250723\.git\objects\06\da1a6d7a3eeec0e82f7c5815a8fed4252e16b2,ec36bc708946b7c9fdec361fa4090a017c293b879f2bf11fa63e8c45ec236f6e,OK
.git\objects\06\e777d57e0267a0635b6b284729fddcfe6221dd,C:\SNS_24AutoProject_250723\.git\objects\06\e777d57e0267a0635b6b284729fddcfe6221dd,6056e3b4558f720ba4a241d17dd855b9065a24086f89507a240fc8063dcbe3d1,OK
.git\objects\06\f968aec1916fc24a1d9d79537ca38d826a0a6d,C:\SNS_24AutoProject_250723\.git\objects\06\f968aec1916fc24a1d9d79537ca38d826a0a6d,a6b8160d572b78ab02cc048c091826d9c37e9599594edefa1e18f6402b71a697,OK
.git\objects\07\26e980dd1de38c1f938d16ee173ea1c0bc75b6,C:\SNS_24AutoProject_250723\.git\objects\07\26e980dd1de38c1f938d16ee173ea1c0bc75b6,d2903ea29d5a4f22b571b0dc3c05ee2d9774eed3d4c5b5ef1cd7a14c83a773e4,OK
.git\objects\07\28aad4829f01f8277545facb2f2cfd0cfcc18e,C:\SNS_24AutoProject_250723\.git\objects\07\28aad4829f01f8277545facb2f2cfd0cfcc18e,38ad0389052638ebdaeafbd7c538ca566adccb0bd447666c63e801a6bdc2b9ae,OK
.git\objects\07\989f11eefea43f60c70b074efa9c44c7647b07,C:\SNS_24AutoProject_250723\.git\objects\07\989f11eefea43f60c70b074efa9c44c7647b07,c0138d02aff289b700a5f84bbd6bd08d391eaf75ef53734c4c1c72055f8fc460,OK
.git\objects\07\9b5daee94d07805582c6e359b61af5bba7b624,C:\SNS_24AutoProject_250723\.git\objects\07\9b5daee94d07805582c6e359b61af5bba7b624,2c6bfa90347929c43379b44c214c5ae594f6b4da06b2d3f8bb072c1bf1fad0ff,OK
.git\objects\07\b393bb7db14cef1e906ebe63cfbbe8cddc79d5,C:\SNS_24AutoProject_250723\.git\objects\07\b393bb7db14cef1e906ebe63cfbbe8cddc79d5,95cd874f59cdf9cf71d98f063df7e5e9aa4a5850eb878003ee6f354e604e95d6,OK
.git\objects\07\eb9ad69b5a5294848f64efadc70323e8c50bbb,C:\SNS_24AutoProject_250723\.git\objects\07\eb9ad69b5a5294848f64efadc70323e8c50bbb,519636bdf389f7f479475945a5785e2ad957ce4bac702d9a88cb7baaa1711920,OK
.git\objects\07\f3b82a4fde5e8722cb5527019ec7d15faeb684,C:\SNS_24AutoProject_250723\.git\objects\07\f3b82a4fde5e8722cb5527019ec7d15faeb684,7f5cf27fcf51a8e3a2ad5bbdc0b54ea1d2999d811c9edc9c4b3e9ec292f46329,OK
.git\objects\08\1d4f10ee170fcd2e5adf0a52ca5775ff732b5b,C:\SNS_24AutoProject_250723\.git\objects\08\1d4f10ee170fcd2e5adf0a52ca5775ff732b5b,7c63e514d9635de0a67419b50f3cd8e50a929c8d9e96502948c1560b14362bb2,OK
.git\objects\08\56232df758745260e175d3474a60463568d6bc,C:\SNS_24AutoProject_250723\.git\objects\08\56232df758745260e175d3474a60463568d6bc,9ad554b324eb13f7bd47d1f1e054227f6eb9725913e49f9aa19056fce0ee9d0f,OK
.git\objects\08\a6ad64b791bc1521aa0b33ad3000ba188f9f99,C:\SNS_24AutoProject_250723\.git\objects\08\a6ad64b791bc1521aa0b33ad3000ba188f9f99,2ddfc2e8083751bba6bd93e3450210d56c61bb386d2f36e989dbc92d736d2d08,OK
.git\objects\08\c235a3d963b98860b4e2f88d3f21b9c2785d67,C:\SNS_24AutoProject_250723\.git\objects\08\c235a3d963b98860b4e2f88d3f21b9c2785d67,83437ea396341a186fd243cba944901fbfe45047e95a61c677903d95765ada21,OK
.git\objects\08\d518b151425f85458727fbf69f6e601f12be86,C:\SNS_24AutoProject_250723\.git\objects\08\d518b151425f85458727fbf69f6e601f12be86,3cf56e15515a9796c6f405e7691793c7685ea2e3d55928e620852167ca19bd8f,OK
.git\objects\08\f9158d7d4c90ac8f95a4e99aa661295c562b79,C:\SNS_24AutoProject_250723\.git\objects\08\f9158d7d4c90ac8f95a4e99aa661295c562b79,02ae91f54728d781863c340091e00abbb0008da63be315768c4b52a052657bb7,OK
.git\objects\09\13738a1bcf4880a8ef89d426ab31e98e190bd0,C:\SNS_24AutoProject_250723\.git\objects\09\13738a1bcf4880a8ef89d426ab31e98e190bd0,1c12c0cf3219663f99945e2675f80177f74f647ca22b56f529e262948ce5bfec,OK
.git\objects\09\262120bf82c5065d1f914a5825ce2de0063d4d,C:\SNS_24AutoProject_250723\.git\objects\09\262120bf82c5065d1f914a5825ce2de0063d4d,ddea1e17694510956c1c3de2c418ed51686bb4b4753695fc6cba539ead040063,OK
.git\objects\09\3e751dcd0c24037b745438f6ba0c17542e4842,C:\SNS_24AutoProject_250723\.git\objects\09\3e751dcd0c24037b745438f6ba0c17542e4842,d81d7ab7a8e9d00ef8f2791ed524ef2dcc3e1472dda543ce962fb39b9219f940,OK
.git\objects\09\3f0a0cb7495b5d50751bc0cb5b22df4a67c763,C:\SNS_24AutoProject_250723\.git\objects\09\3f0a0cb7495b5d50751bc0cb5b22df4a67c763,ca19ed822a13142cf184798136aa9a774c507a21de81d03838266e51c54ca563,OK
.git\objects\09\469349e877c1159b7fa1ae37e9bdb461f608aa,C:\SNS_24AutoProject_250723\.git\objects\09\469349e877c1159b7fa1ae37e9bdb461f608aa,91de7484b57a77c446cdb5351c518dd748687dad30311da8a20996d9ef630807,OK
.git\objects\09\4a67284bcf5fb56cf370b3fcfa67c4eb69bfbc,C:\SNS_24AutoProject_250723\.git\objects\09\4a67284bcf5fb56cf370b3fcfa67c4eb69bfbc,028757f1426357e67e72ddfcc6b30f7411246a5e620b1771f2d3fa4e6cb2f42f,OK
.git\objects\09\7bcc8b15eda8bb5dfe48514d709deb54daef9f,C:\SNS_24AutoProject_250723\.git\objects\09\7bcc8b15eda8bb5dfe48514d709deb54daef9f,91a3413a86d331bd9e1309577eddc634bd83b7d289e3ef57423394ea00dd3f05,OK
.git\objects\09\8997e7dd972ca4acedc535c4a645ee966baa33,C:\SNS_24AutoProject_250723\.git\objects\09\8997e7dd972ca4acedc535c4a645ee966baa33,e6f7087cb20d5e07ea31ef737cf2e3e06f5b7e733bf6c79f0a79ee32c6a2fe0c,OK
.git\objects\09\8c6a0b0afc2c3ef3a6937104d270074ff2a9b6,C:\SNS_24AutoProject_250723\.git\objects\09\8c6a0b0afc2c3ef3a6937104d270074ff2a9b6,2f46f56ed112dce93829c684ee2dd5e1e58aa3f06af5e6fe5142149b858f325f,OK
.git\objects\09\91f2ebbbdc885b9eb5de9eeee2f1e026938297,C:\SNS_24AutoProject_250723\.git\objects\09\91f2ebbbdc885b9eb5de9eeee2f1e026938297,774f0545e79874b907475cc5426de64cea3ac928c9542edee4522ade004fb2f3,OK
.git\objects\09\9257462ea020d716de07100d88d145873f337c,C:\SNS_24AutoProject_250723\.git\objects\09\9257462ea020d716de07100d88d145873f337c,7e5f241ef3a323820dc604b47f70309183eee9cf2cfaff1e139f8ede60dca2e9,OK
.git\objects\09\f40b61b3db032b8a763940639eef4a8e6e965e,C:\SNS_24AutoProject_250723\.git\objects\09\f40b61b3db032b8a763940639eef4a8e6e965e,b4b21218f0c8f7c5ea02df6531fd9fb62cd1d56ec971144806ec02bde77273a0,OK
.git\objects\0a\03497b4f29d7a31da668258c5a3c537f7e6b00,C:\SNS_24AutoProject_250723\.git\objects\0a\03497b4f29d7a31da668258c5a3c537f7e6b00,d7b4765b688c96fe6e0509dea6a4602a7bd4ecadd1a86a7bf33bba4df645a7e1,OK
.git\objects\0a\166d45e8c1a9521a1128249fe0105cdddb2bb4,C:\SNS_24AutoProject_250723\.git\objects\0a\166d45e8c1a9521a1128249fe0105cdddb2bb4,881349daab77a66ce5a865171930679d8586a6700f4f8d4d72e309758f948419,OK
.git\objects\0a\8bedba1137829085764adda51d694da35fa280,C:\SNS_24AutoProject_250723\.git\objects\0a\8bedba1137829085764adda51d694da35fa280,6fea458ac4a7eceed12341e525694c8286d289ebf328aabb2ce60d6e34ac754c,OK
.git\objects\0a\8e350a334bbee29b155fb9944c6831460d973e,C:\SNS_24AutoProject_250723\.git\objects\0a\8e350a334bbee29b155fb9944c6831460d973e,253192c998a8aa6366e1771d178ae08f6573b7f77bbdfd9d1e38520de9c86afe,OK
.git\objects\0a\9f6620a82e09d1b28c242ddf403758f6395e1f,C:\SNS_24AutoProject_250723\.git\objects\0a\9f6620a82e09d1b28c242ddf403758f6395e1f,c3bfa51aba5bcee82d4b4d66514bee53a63d475587886cfb742770224bc9183c,OK
.git\objects\0a\e1202682c94ee52f74a795099f6a11d34e0d1e,C:\SNS_24AutoProject_250723\.git\objects\0a\e1202682c94ee52f74a795099f6a11d34e0d1e,9c95436058f43f4aa62f75fe927480c7525fefbac39034ec25a402602791fb61,OK
.git\objects\0a\e1f5626bca4f0a8cc6532b0d20b2e43039b1c6,C:\SNS_24AutoProject_250723\.git\objects\0a\e1f5626bca4f0a8cc6532b0d20b2e43039b1c6,5d71bb0f7768c9afeaf4179c352e504ec172370d0438e8c4afcf08b2c9c7a2f4,OK
.git\objects\0a\ea4c3d43e504dafabc031d7ca9cbe8db46163c,C:\SNS_24AutoProject_250723\.git\objects\0a\ea4c3d43e504dafabc031d7ca9cbe8db46163c,6d1bfc32c54bc06791c19494f5b8cdcff489940cad1c58adbbbe89a048b2ae68,OK
.git\objects\0b\35a073b23a704ce9e10d9aa1b026e1a127433f,C:\SNS_24AutoProject_250723\.git\objects\0b\35a073b23a704ce9e10d9aa1b026e1a127433f,5af27a48c89d87aeb677aabf13888653339eadcc87bd6d34c599db6e72528d29,OK
.git\objects\0b\375fddbfe4ec08e399b54bcac08c6c858e027a,C:\SNS_24AutoProject_250723\.git\objects\0b\375fddbfe4ec08e399b54bcac08c6c858e027a,48a817bdc8a777b3e2d6d04dfbeef3317e042e652cbefbf20b4fb7cb731daf4e,OK
.git\objects\0b\47b9032f11d4ea7dd6ac51aa329f7a98253638,C:\SNS_24AutoProject_250723\.git\objects\0b\47b9032f11d4ea7dd6ac51aa329f7a98253638,56f65cb7373c29bea8357fc4461cd08dd206d23e2ad28a7613accad35df991fd,OK
.git\objects\0b\509011b2803b978bd913191816a9bbd6635d35,C:\SNS_24AutoProject_250723\.git\objects\0b\509011b2803b978bd913191816a9bbd6635d35,2368aa0a87ebace9cfb5a0bcecf631f53f583b3d1016bbebaea758c7f2b1da4d,OK
.git\objects\0b\65e49fca21f1be92c3ab0dfa4cd05137f028b2,C:\SNS_24AutoProject_250723\.git\objects\0b\65e49fca21f1be92c3ab0dfa4cd05137f028b2,2f22608731932429418c81f44bb72b19da2dcdc91930d3df25893513a34b75b5,OK
.git\objects\0b\6f1a46b0933c295e163f7d34945defab9e571a,C:\SNS_24AutoProject_250723\.git\objects\0b\6f1a46b0933c295e163f7d34945defab9e571a,ab5d71cf2623ae42aef5c491667f79541569b07ed6a03b788924d66784cd9467,OK
.git\objects\0b\86017d243f1b7bbb41d6b4feefcb2b7edfc7d8,C:\SNS_24AutoProject_250723\.git\objects\0b\86017d243f1b7bbb41d6b4feefcb2b7edfc7d8,7be1e1641fa81197707b23bc18597e467f391a5efbe0d3b161c662b923330741,OK
.git\objects\0b\cae52e5efa123d39e17553fda5ebade3bcc394,C:\SNS_24AutoProject_250723\.git\objects\0b\cae52e5efa123d39e17553fda5ebade3bcc394,df89319577cd8486e90f79317f2ae71361e89ee5b8398c3312f8a3ba294755fd,OK
.git\objects\0b\f78fc53a43dd047cd86b90a32660c30c1852c2,C:\SNS_24AutoProject_250723\.git\objects\0b\f78fc53a43dd047cd86b90a32660c30c1852c2,825ed345376b15bc2a35ad5ee5ca5c3e2d4e15d3c3aba07e76b75fcb3f18f5e2,OK
.git\objects\0b\ff5798fc368119f59b11be636777bc4af3832c,C:\SNS_24AutoProject_250723\.git\objects\0b\ff5798fc368119f59b11be636777bc4af3832c,4d7bfbe0aa0f5ef8bbd4a583eb9d7d1ddae78aae6c5a782fba3fc025a6d0be53,OK
.git\objects\0c\1f0f1d377b52dac00954535c77abadc5ba1dae,C:\SNS_24AutoProject_250723\.git\objects\0c\1f0f1d377b52dac00954535c77abadc5ba1dae,c3f148e4cee57d7b0d232d0552483562b48910bb424e7ce650b7f357ab28f2e5,OK
.git\objects\0c\55737a9df4b743c27dee7ac62f07bcbf6d4567,C:\SNS_24AutoProject_250723\.git\objects\0c\55737a9df4b743c27dee7ac62f07bcbf6d4567,b357d8f7c0bf9ca6d13711cdf0ad28464a01f18017c7694970d7d83edb616f7c,OK
.git\objects\0c\a584cf6d665a50dcbddd6bdb31c71bed12d621,C:\SNS_24AutoProject_250723\.git\objects\0c\a584cf6d665a50dcbddd6bdb31c71bed12d621,d16d3b614db777264203318a5895c6aae87c6dccf826c0584770e283f7cce013,OK
.git\objects\0c\e5d78b42c0e53c660654e297446d7811901aa2,C:\SNS_24AutoProject_250723\.git\objects\0c\e5d78b42c0e53c660654e297446d7811901aa2,9172c55ab9c2771756cb09040248a417f1f2f1b240a60c34a0cbee1397dab84f,OK
.git\objects\0c\fb956be223ab593ca27569ad554dae9b106117,C:\SNS_24AutoProject_250723\.git\objects\0c\fb956be223ab593ca27569ad554dae9b106117,a9e5a407182880b06698d796414080ac0696dae2c943a614187865afb889a891,OK
.git\objects\0d\044df43674d26a049e7c88dc48f26ec157042f,C:\SNS_24AutoProject_250723\.git\objects\0d\044df43674d26a049e7c88dc48f26ec157042f,1f0e04a0956a861ec417feb11a2ae6edd5ff78e029b36ee3311c840cd5c87ea2,OK
.git\objects\0d\0d31a2f092d03f8512ed9c34f36a3f3f21209b,C:\SNS_24AutoProject_250723\.git\objects\0d\0d31a2f092d03f8512ed9c34f36a3f3f21209b,7052e530f323240a19c3da327a4199a0682a04b5a48eec1ae3bf91757c96b390,OK
.git\objects\0d\353a20c7dc91adaa9ff9775f4d848e6031007b,C:\SNS_24AutoProject_250723\.git\objects\0d\353a20c7dc91adaa9ff9775f4d848e6031007b,b67391883892e197ab2a4c56feaec5d2ba4693a134f9bf07ecc71c7882f63598,OK
.git\objects\0d\55b411d7511f6e72effe9cac21989768b7c8ff,C:\SNS_24AutoProject_250723\.git\objects\0d\55b411d7511f6e72effe9cac21989768b7c8ff,0d73eab6329a38340590cb002f3c65936b2324e6b698df742646517c8757b1c2,OK
.git\objects\0d\5ab01547687fa7d3768093dd1702a336d81c2d,C:\SNS_24AutoProject_250723\.git\objects\0d\5ab01547687fa7d3768093dd1702a336d81c2d,dff6a7e2e1a9fd9c19b278b8563f1282fbbbf6ab27743ff4e8dd38cfb3ae36e0,OK
.git\objects\0d\5f6853ac79c41fcb445a23062a27aca9e471f3,C:\SNS_24AutoProject_250723\.git\objects\0d\5f6853ac79c41fcb445a23062a27aca9e471f3,1dbc1023b7a45cb078e1255e81ed31c0054c15476594802061c987c1ae8f4005,OK
.git\objects\0d\6f0912147be1e239e3a3079f82af2eff605570,C:\SNS_24AutoProject_250723\.git\objects\0d\6f0912147be1e239e3a3079f82af2eff605570,195a7ddd5fd569fafd07eac82403f2d1ec4d16eaee7c2d62f2d2e1db55df7444,OK
.git\objects\0d\8620b18e3994e0a8b4292c92d6bd2e54bb7627,C:\SNS_24AutoProject_250723\.git\objects\0d\8620b18e3994e0a8b4292c92d6bd2e54bb7627,5de2d0a28820aaf6df54460166cfabf7e2ef9e76094f2bca8bfb229b2a9820b1,OK
.git\objects\0d\af7a9c7256f2bf6f206ffae13dba357951eaac,C:\SNS_24AutoProject_250723\.git\objects\0d\af7a9c7256f2bf6f206ffae13dba357951eaac,b6f9ba7ea663186ea20854709c8c4d525ab7935a3caf2eddf259caffec235496,OK
.git\objects\0d\bee0f23cf2026a6433ec07f79f6d16621d0c88,C:\SNS_24AutoProject_250723\.git\objects\0d\bee0f23cf2026a6433ec07f79f6d16621d0c88,e1fa6cafc0efc8d2c2d2d2c1b392f979edb99bd5394854742aec571476192a61,OK
.git\objects\0d\c4c889292f60f5292f3141f8331c3130f50ec3,C:\SNS_24AutoProject_250723\.git\objects\0d\c4c889292f60f5292f3141f8331c3130f50ec3,ca03e692c7ecef97f4f10bc97147cf5a3f5fbb6cb930b5f2af1df4053c0cdf01,OK
.git\objects\0d\e044fe3e19dafd770b4363072a57751fc432f9,C:\SNS_24AutoProject_250723\.git\objects\0d\e044fe3e19dafd770b4363072a57751fc432f9,5cccc05212fadc5bdfcc89476bf1f9e010dd53a82f46aaa987a9e6602a56ad2d,OK
.git\objects\0d\f1246e0d911d85f2670cdc678d241d677f200f,C:\SNS_24AutoProject_250723\.git\objects\0d\f1246e0d911d85f2670cdc678d241d677f200f,66743792bb990d046d4e96e63b32d262c84e10449b4cebdc4fbfd1e19ad9db9d,OK
.git\objects\0e\1c16d32eca7652aa7e1392e606cf5b54e26bc5,C:\SNS_24AutoProject_250723\.git\objects\0e\1c16d32eca7652aa7e1392e606cf5b54e26bc5,8b7e9b33330bf09d55cae7e8f7819eaffbd83ab914ca67786227eb3ef48ae4c3,OK
.git\objects\0e\23c4c3a4ef1301bea1fd306a5acbe1bd5da041,C:\SNS_24AutoProject_250723\.git\objects\0e\23c4c3a4ef1301bea1fd306a5acbe1bd5da041,eaa6a5d6d876ee6bc0d812d6c930b7da14a1336066f982fbdab9b981b1f5c5db,OK
.git\objects\0e\4d879332d21c93c229fc25587205020eeb3127,C:\SNS_24AutoProject_250723\.git\objects\0e\4d879332d21c93c229fc25587205020eeb3127,4fa64517047a63b87792ce0e270b6a003e7fa741316180c3961e3f1501e322a3,OK
.git\objects\0e\5a6ef869eaf84ef43e99e1400ea000b8f29110,C:\SNS_24AutoProject_250723\.git\objects\0e\5a6ef869eaf84ef43e99e1400ea000b8f29110,bcab904b5cfd1d3671c85ef46440ffdeb9199d05497d61c1d41fea4d82a7cf88,OK
.git\objects\0e\b51ef15b16ce0df96338e26f5eb862b5898019,C:\SNS_24AutoProject_250723\.git\objects\0e\b51ef15b16ce0df96338e26f5eb862b5898019,cee190d0f5c0a7d5c7cfec1914fcccda765ebaa8e31f01ad4253a3ad5fda5907,OK
.git\objects\0f\5b1b21766958578e8f247ae8a038c62dfc7604,C:\SNS_24AutoProject_250723\.git\objects\0f\5b1b21766958578e8f247ae8a038c62dfc7604,f1e0b6a4896e75f0c0accd518f0d5d8106c4e57c0571809270b0ed3c5d4a6b14,OK
.git\objects\0f\6798a156700799bdcda0d24f5fc3f93d310546,C:\SNS_24AutoProject_250723\.git\objects\0f\6798a156700799bdcda0d24f5fc3f93d310546,7874e5b70e370ba6bf6aa60505398c1c37754ff917443bdf57f58e69ec69b666,OK
.git\objects\0f\6bfa3a022be08e963995b0570f82c19e56a3ad,C:\SNS_24AutoProject_250723\.git\objects\0f\6bfa3a022be08e963995b0570f82c19e56a3ad,b800167d4cf772dc6b8773f55b871182cf8b9dcf1644bc17d6dc2786fdb63587,OK
.git\objects\0f\7771e851b0e4242bcc65a9b838b8a1675541fb,C:\SNS_24AutoProject_250723\.git\objects\0f\7771e851b0e4242bcc65a9b838b8a1675541fb,c9fc46773f0caf4b5b37f4e0f21cfb668942cda8f96a8d40fe93810d4823a1c6,OK
.git\objects\0f\e73912cacab6c8aabef4f4264d1710825888e7,C:\SNS_24AutoProject_250723\.git\objects\0f\e73912cacab6c8aabef4f4264d1710825888e7,e171197339a3366bc2d66ff8d8872fbcf42ddc616be56eabe33af95f549cff8a,OK
.git\objects\0f\f9bde3924a59e9e231681d2769a7adf2e6bb0c,C:\SNS_24AutoProject_250723\.git\objects\0f\f9bde3924a59e9e231681d2769a7adf2e6bb0c,0bfee89493796a91ed0cb8f6b01912d194724510b1330e4c8d3f8d07786d69ae,OK
.git\objects\10\2a97cb50dcb9f21c1311c016eb2b2fcf34b315,C:\SNS_24AutoProject_250723\.git\objects\10\2a97cb50dcb9f21c1311c016eb2b2fcf34b315,e00b16d40e490d258d76c0e9d68a15c6614e18b8830b87ef5da4064a8901e077,OK
.git\objects\10\3c5cb31795edc15d548ef4ca71f1e04e2996b5,C:\SNS_24AutoProject_250723\.git\objects\10\3c5cb31795edc15d548ef4ca71f1e04e2996b5,779bacf9e135e851b09572147dca51c9b7a1c5d4b02bca54f323956987b6677e,OK
.git\objects\10\4ae638f11ebfd28d360fd95b3882e267044cf8,C:\SNS_24AutoProject_250723\.git\objects\10\4ae638f11ebfd28d360fd95b3882e267044cf8,3ffcf3cd421cb80863e91042e27c588ecf4983c60a7d3e837a56a83046a71d55,OK
.git\objects\10\998df3bbe67aa8a02602301d10ec2b2c33006b,C:\SNS_24AutoProject_250723\.git\objects\10\998df3bbe67aa8a02602301d10ec2b2c33006b,586e27efaadfe5b388ad754c870087900a995e83fd2218ea93971261ca8ab78a,OK
.git\objects\10\c01a8dd20a049ec6bef7f55b2ed678b5108fb2,C:\SNS_24AutoProject_250723\.git\objects\10\c01a8dd20a049ec6bef7f55b2ed678b5108fb2,a7bfadfd3d1302f43262408cf3bf2539a4f31b610c4323a95674789bac1227e7,OK
.git\objects\10\e669e384eae415ed3595fb451c7c0b1d478f0f,C:\SNS_24AutoProject_250723\.git\objects\10\e669e384eae415ed3595fb451c7c0b1d478f0f,e782040ef38e96d791dbf95f99e5063fbddfcccebeee04959f7b26d36a8810bd,OK
.git\objects\10\ef95a96d7f9251f9ef574a45d0cc17f5feb980,C:\SNS_24AutoProject_250723\.git\objects\10\ef95a96d7f9251f9ef574a45d0cc17f5feb980,a307120ce82262e2a694e8deedc2e4c18616a8d08615e14ab3921616c927596a,OK
.git\objects\10\fcbc4553989057667a90ce9d587deefc13f5f1,C:\SNS_24AutoProject_250723\.git\objects\10\fcbc4553989057667a90ce9d587deefc13f5f1,1e44a6fbf54008c56779a6a6d38e6d2b030c8be4344e30138cc0ee0abe045c5e,OK
.git\objects\11\6dff4bb9b740377b1d25d721e204ec0b32c65e,C:\SNS_24AutoProject_250723\.git\objects\11\6dff4bb9b740377b1d25d721e204ec0b32c65e,9bbda02f9bb5fe87c92890971db3382dfbc7c351be40a01014faad35ed06dbdd,OK
.git\objects\11\7a4672aec7c00fb1fd248c0244a2d49ae8ce16,C:\SNS_24AutoProject_250723\.git\objects\11\7a4672aec7c00fb1fd248c0244a2d49ae8ce16,3c98038392f8408e1a4bddc5d93249e33308027c7f2cd245c0b01f5d1db7c3cc,OK
.git\objects\11\c5c1790f9d39e9881b20fc6992044c570b6e50,C:\SNS_24AutoProject_250723\.git\objects\11\c5c1790f9d39e9881b20fc6992044c570b6e50,c286b78832e6850981c14d2f7d6841d3ae5d42c1a4856175b3e9f3cf4f711df3,OK
.git\objects\12\3d9d2462210872b0501682e8d5b106c7757bd3,C:\SNS_24AutoProject_250723\.git\objects\12\3d9d2462210872b0501682e8d5b106c7757bd3,fd118230d78cf7bf4013b83da6706632354f4f26501d04c7b488497adef2eb0d,OK
.git\objects\12\4dde8113e2a635014158e715b8d80764e4be30,C:\SNS_24AutoProject_250723\.git\objects\12\4dde8113e2a635014158e715b8d80764e4be30,6d04c0860ff0041c456914e2b63c9a12a5ae03063764627aba53d6ac3fb12b0a,OK
.git\objects\12\6b62a9d1af7225b7ef9bb0c0a4be0e09a37d15,C:\SNS_24AutoProject_250723\.git\objects\12\6b62a9d1af7225b7ef9bb0c0a4be0e09a37d15,7778eaa7b335e572085c8945e6ae0207e8d5d553ac64ea53cfe719a949990cd2,OK
.git\objects\12\787e2c9f471d87a5ea4bdc79d17a224f1821d4,C:\SNS_24AutoProject_250723\.git\objects\12\787e2c9f471d87a5ea4bdc79d17a224f1821d4,6927ffe3cfc323f5e4bee541ba6f3118adfe1de1f105e23afdfc4d717887e138,OK
.git\objects\12\8b4ef1078c82df7b35d58d3deb5c738061dcf8,C:\SNS_24AutoProject_250723\.git\objects\12\8b4ef1078c82df7b35d58d3deb5c738061dcf8,122cb4da969be71004f8b5ef3110e4161afbe94fa24a79863ac6e44b6724c62e,OK
.git\objects\12\ce24cbeae404efe6921081d21289be452ff88d,C:\SNS_24AutoProject_250723\.git\objects\12\ce24cbeae404efe6921081d21289be452ff88d,8c12015d4c7b28c9e92818fc4e970549bf3c26769fe65db2c222b9d6d0e2bede,OK
.git\objects\12\dbe801aeb06823483525727f6f6695dec1bc24,C:\SNS_24AutoProject_250723\.git\objects\12\dbe801aeb06823483525727f6f6695dec1bc24,713e83a1ad567627dd6f95301228ad7d40904e31a04a4ffeb17300fb3688038f,OK
.git\objects\12\e5d8427f6975f616ac06bf9ab20c5b5e17893d,C:\SNS_24AutoProject_250723\.git\objects\12\e5d8427f6975f616ac06bf9ab20c5b5e17893d,37e987bad5dd2963254ac68b02f31f7e38b975d7bec57d6ec653182346664224,OK
.git\objects\13\09fc687d17f327d257090efa6851929ba50cff,C:\SNS_24AutoProject_250723\.git\objects\13\09fc687d17f327d257090efa6851929ba50cff,4d4b44b2444bed2c554caeab3b8bf149657dcba3017ee121ea71228c1afdd5c9,OK
.git\objects\13\10656534d92f8b68c4dde4c0794ae38f2b1809,C:\SNS_24AutoProject_250723\.git\objects\13\10656534d92f8b68c4dde4c0794ae38f2b1809,6627863da7481436ab89b14c8277712e21286e242fd0414366f073589e58682e,OK
.git\objects\13\44bd6c7afe783e8b5cdbfe05a00dac2f1f699b,C:\SNS_24AutoProject_250723\.git\objects\13\44bd6c7afe783e8b5cdbfe05a00dac2f1f699b,39567c7c8a348ce0a4535729cce6dcc1f00246db51f3ad834b274ca12995c482,OK
.git\objects\13\e13487232c60c6dba82de698230d48ad27022a,C:\SNS_24AutoProject_250723\.git\objects\13\e13487232c60c6dba82de698230d48ad27022a,883b352504b988bbb68c7bc40671638d1037226e5c12ef177d3b4146233aabd4,OK
.git\objects\14\1355dee8cea83426a23c6795a334a3c97fe038,C:\SNS_24AutoProject_250723\.git\objects\14\1355dee8cea83426a23c6795a334a3c97fe038,ca96bda8bea92ecd9be381b1803675cf3a673ae438fc22ab9a0721c23800ad66,OK
.git\objects\14\83fae616c28e3f15ed626ae6ae8331beaaae05,C:\SNS_24AutoProject_250723\.git\objects\14\83fae616c28e3f15ed626ae6ae8331beaaae05,580cf72477c1f25968eba77898fc7de941dd580315e4d5717cd5411c3f323550,OK
.git\objects\14\b6b1e14096bed696b63a94e68db25fbb6f5f9a,C:\SNS_24AutoProject_250723\.git\objects\14\b6b1e14096bed696b63a94e68db25fbb6f5f9a,3d12edc7346f4be513de2b21b026eca3e7aade6e40f21a3743df5a3d45403b16,OK
.git\objects\15\27d0e1a762674748735a95b6c3034d162f4240,C:\SNS_24AutoProject_250723\.git\objects\15\27d0e1a762674748735a95b6c3034d162f4240,a920482fd86f27e622fa9b1799bc5424a24823f3c274d86f498062b6d9b24535,OK
.git\objects\15\51e96cbc3de5565356954b61aac3c4388e90db,C:\SNS_24AutoProject_250723\.git\objects\15\51e96cbc3de5565356954b61aac3c4388e90db,f015cda32c67e6ddab2f4b95b2500806618d6cadfd607e295eb4ab407da44622,OK
.git\objects\15\b63a3219d7c109094ca7ceb03f691cb3b1d4b1,C:\SNS_24AutoProject_250723\.git\objects\15\b63a3219d7c109094ca7ceb03f691cb3b1d4b1,69ce83269cea5e02d67fd46010e58ad31d9682a1bed729c4f17d25cadcf68fd9,OK
.git\objects\15\bb0525c9a532af49715242b0b2da6a5e7dbdbc,C:\SNS_24AutoProject_250723\.git\objects\15\bb0525c9a532af49715242b0b2da6a5e7dbdbc,8f35695977f2313c74a150393091c93a73f9cbe89c96d70bdd0d3ca9dafecbf3,OK
.git\objects\15\f9f12931c82f0be8bfe6e32903754c5915485d,C:\SNS_24AutoProject_250723\.git\objects\15\f9f12931c82f0be8bfe6e32903754c5915485d,4a797e41b0c2b1fb41421e17dca1be88700a78a41ed20d5ec63bfa42d81fcd10,OK
.git\objects\16\2dd5c5753079eb1d76efa7fc8a3847c2ad6602,C:\SNS_24AutoProject_250723\.git\objects\16\2dd5c5753079eb1d76efa7fc8a3847c2ad6602,d69335a5c85f3d027c8c84f604ce77e5a310cfab612b55bd6ec3bce3b1bed40f,OK
.git\objects\16\8f72096d96e9f8a6dc4c6073086c19dbc20d0d,C:\SNS_24AutoProject_250723\.git\objects\16\8f72096d96e9f8a6dc4c6073086c19dbc20d0d,2dd1aa48305b3a06f48120616ecbdc2c9804f8b583a4780eb3479b908a28bf23,OK
.git\objects\16\9a93eb5597777b67733cb5806bca7a2d38cc56,C:\SNS_24AutoProject_250723\.git\objects\16\9a93eb5597777b67733cb5806bca7a2d38cc56,bd97323e5c43174cf08a39cf375aba1f69071bd1e51f9542cc64082e5ab1d7e9,OK
.git\objects\16\c5f3cfed75151d50ffc2dc483ac6279816a01f,C:\SNS_24AutoProject_250723\.git\objects\16\c5f3cfed75151d50ffc2dc483ac6279816a01f,fee8b99c780dae1992f2cd09d45e7ad70e27c61001962a508187eca72c070ff9,OK
.git\objects\16\f82815a6939202a63ff753d8386eb2f4c71203,C:\SNS_24AutoProject_250723\.git\objects\16\f82815a6939202a63ff753d8386eb2f4c71203,c32d886e1554e73db20f5864a30776c7b2fcb84686741e323d95a1a7c04fc8f3,OK
.git\objects\17\0137333f9f6dba10ac3ad7f32876aaf518c4fd,C:\SNS_24AutoProject_250723\.git\objects\17\0137333f9f6dba10ac3ad7f32876aaf518c4fd,55aa4d430d8e178b5ad3acefb188f6c4a1df6b11eae9d1295d3bc7b753a98f3e,OK
.git\objects\17\1957f1e61352b6a0a1ddd495a8c5d8f0544fbf,C:\SNS_24AutoProject_250723\.git\objects\17\1957f1e61352b6a0a1ddd495a8c5d8f0544fbf,b9b0ff1555c448daef9ba1b17eedbc3041721866eefcab87cc967caf26e286d2,OK
.git\objects\17\6d808de61484925485ee20853ed5f54ce630a2,C:\SNS_24AutoProject_250723\.git\objects\17\6d808de61484925485ee20853ed5f54ce630a2,93018a9509e9d7d5ea939198b91921edf5c661c0f8b0e4630f7bb4a9f3452263,OK
.git\objects\17\ba5057727dd73bd5f6234cc5b239b71a861945,C:\SNS_24AutoProject_250723\.git\objects\17\ba5057727dd73bd5f6234cc5b239b71a861945,c72e7e97790c9555c4afed54c44e2e1a41ffdc64057e509fcf9d99261a2519b2,OK
.git\objects\17\cb5c0a9086dbd8c0290b47792e380e7ea36239,C:\SNS_24AutoProject_250723\.git\objects\17\cb5c0a9086dbd8c0290b47792e380e7ea36239,b4b1a40641ededa1c9ce9c1e6bbf9c499e36b301901f9d238c98c1184e040508,OK
.git\objects\17\ec58674d965a2c335ebd66463d23eb04b78d83,C:\SNS_24AutoProject_250723\.git\objects\17\ec58674d965a2c335ebd66463d23eb04b78d83,5e6d72453a7ee1c9994402edc9e460cdf7ac3b659e7079758e4afb8e50d708fc,OK
.git\objects\17\fe13bcc1c73ecbc6738499667816f54c164e39,C:\SNS_24AutoProject_250723\.git\objects\17\fe13bcc1c73ecbc6738499667816f54c164e39,2f3792b898bbc833a1ff1dcb57f118c58eb0d04335ca81a02b464db2953cb459,OK
.git\objects\18\1ebf4da96b97346f82f20c1c4d5dabfe52faae,C:\SNS_24AutoProject_250723\.git\objects\18\1ebf4da96b97346f82f20c1c4d5dabfe52faae,0a672df47f44156d725d0eac2fc7b5f61c5a002e37db0bb103f6eafb757fc214,OK
.git\objects\18\3f89a1419bd157b3358f0e4d632c79dce517f7,C:\SNS_24AutoProject_250723\.git\objects\18\3f89a1419bd157b3358f0e4d632c79dce517f7,891f4092b74c50673f8217f6932ad49d9563902bc262016116f44f6a35ca38af,OK
.git\objects\18\4a87c112b99536acbafa1ec7aba52c7a94b549,C:\SNS_24AutoProject_250723\.git\objects\18\4a87c112b99536acbafa1ec7aba52c7a94b549,5ca579287e4f4cecd3051799f1c39f6e7871c714fdd74a77541bbc4cf9cae855,OK
.git\objects\18\4cb6a83b3392d0492c42297531c85e7e38c4f5,C:\SNS_24AutoProject_250723\.git\objects\18\4cb6a83b3392d0492c42297531c85e7e38c4f5,81aac522fe3dacfe3b1ad3e3a6516d679c6761ca69587871fd78bae8562af617,OK
.git\objects\18\87a607422edd499fdf24afe91a04294f1caf6f,C:\SNS_24AutoProject_250723\.git\objects\18\87a607422edd499fdf24afe91a04294f1caf6f,d64818756367901af3bba0eb9201e7f5e81f5c68916d766d900f2bf58a3512ab,OK
.git\objects\18\b67d4f068dc2e9de27466acb25983936a55877,C:\SNS_24AutoProject_250723\.git\objects\18\b67d4f068dc2e9de27466acb25983936a55877,7560512f809e12b58420cf535ef3fa0ab3fb8bba1e98ebd980b6a33a44c35d48,OK
.git\objects\18\dcea0e7922204759a161e0b939273a1688f33f,C:\SNS_24AutoProject_250723\.git\objects\18\dcea0e7922204759a161e0b939273a1688f33f,61fab2d655d6b672fc7bd9a08a7e156c71ab9fffb30e5e620d1e85bedcbf29eb,OK
.git\objects\19\17f34cded1b7ba6b88ae9a2c9ebbce993ae22e,C:\SNS_24AutoProject_250723\.git\objects\19\17f34cded1b7ba6b88ae9a2c9ebbce993ae22e,db2578dc1e0dc591d8f94b31d2c84b93adac0119c9d0ebae0d114664d3ce9005,OK
.git\objects\19\668900dea9249c1714b8838e44ac2070069138,C:\SNS_24AutoProject_250723\.git\objects\19\668900dea9249c1714b8838e44ac2070069138,41e553f230dd172e02f18c7655badb0a02ee16747b5fd04cfd1272e01ba8a5ee,OK
.git\objects\19\6d3788575993eb403588b01ac6b0a3fbba13da,C:\SNS_24AutoProject_250723\.git\objects\19\6d3788575993eb403588b01ac6b0a3fbba13da,e99dbb5271806f748ece935ee1e3e5589aa7c577d90c42eeccba13834a94943a,OK
.git\objects\19\77d46d0ad7b05a4921c40296f87a184946f836,C:\SNS_24AutoProject_250723\.git\objects\19\77d46d0ad7b05a4921c40296f87a184946f836,775319b9686b7c03d3e2ebdcac80e5040c2a4088129a640b371008f628230a70,OK
.git\objects\19\7dd757de979bf116810a678a9c07baeaa7dba1,C:\SNS_24AutoProject_250723\.git\objects\19\7dd757de979bf116810a678a9c07baeaa7dba1,7268d4a477805ced9aafbbfd41725dab5fc9f929e878180865351132f0ad87b6,OK
.git\objects\19\adc32ef07c8864679a9d70578342bfd7823037,C:\SNS_24AutoProject_250723\.git\objects\19\adc32ef07c8864679a9d70578342bfd7823037,cff1dc0445f8cfadfce08a0fff28a0fb153e5dd1658b2061fb07b7cbfb6c9adc,OK
.git\objects\19\de3213a9a0432f9e264f0abad87cb7ec1ecb67,C:\SNS_24AutoProject_250723\.git\objects\19\de3213a9a0432f9e264f0abad87cb7ec1ecb67,de9dd83c3fe1dbf16ff9b6bf5c4a802be17a30b00b2304b1df13d30d089fc7b2,OK
.git\objects\1a\83d5d51d35d55061892d9227ae179de881d4c0,C:\SNS_24AutoProject_250723\.git\objects\1a\83d5d51d35d55061892d9227ae179de881d4c0,d1f5f5ac88b61bf9a64416aeb7e44242b5b870ef1f0c9a256b9b5463b91d565c,OK
.git\objects\1a\8a879723e1dc396b1726d0bf22e54391a043d6,C:\SNS_24AutoProject_250723\.git\objects\1a\8a879723e1dc396b1726d0bf22e54391a043d6,0b4f576700c56eff9bd5c7ac57febbc87bdd64038e2314357162814c24a01008,OK
.git\objects\1a\b3c080e955de202452dac509070fda956bd839,C:\SNS_24AutoProject_250723\.git\objects\1a\b3c080e955de202452dac509070fda956bd839,749b630dd98fa844f618726e20dd38fe53d6d8072fb6f5341807bc8a2013c5d5,OK
.git\objects\1a\b8353464ddb93947f871f07cfd12540373269c,C:\SNS_24AutoProject_250723\.git\objects\1a\b8353464ddb93947f871f07cfd12540373269c,da3bd9bc8af66a552b8babca23b653836a1550340cc0fe7c55f2716ac4ebdfab,OK
.git\objects\1a\c640f8e60608d923027ad571aaa368cd092bc1,C:\SNS_24AutoProject_250723\.git\objects\1a\c640f8e60608d923027ad571aaa368cd092bc1,ff6cdfc6ec3a3ff0a43e25a3c84fb1dbc83fb286bf9e4005141c81c354afdf2b,OK
.git\objects\1a\d2b6b627658e683fe10a73e6e274b6832fb9ed,C:\SNS_24AutoProject_250723\.git\objects\1a\d2b6b627658e683fe10a73e6e274b6832fb9ed,bed0f541e93ae33ba4b906f6cfcedf48201347f86392922ad883eb1658644d00,OK
.git\objects\1b\1edd683912ca893ad2ebf929539553dd77cf43,C:\SNS_24AutoProject_250723\.git\objects\1b\1edd683912ca893ad2ebf929539553dd77cf43,d21c65859c69766bf7aafec4d1a24b5905e676dd3dc7f68863a67184ad1bb6d6,OK
.git\objects\1c\432fecfca1776d042db79d11611dbf0d040cbd,C:\SNS_24AutoProject_250723\.git\objects\1c\432fecfca1776d042db79d11611dbf0d040cbd,1aba9cd2163824d5792ce3fad675d555e666f5b7e6cf7239edb4168335d3eb18,OK
.git\objects\1c\8a9557193c31135e93dc199ad2ede2ede565e0,C:\SNS_24AutoProject_250723\.git\objects\1c\8a9557193c31135e93dc199ad2ede2ede565e0,bfff914d375b3a055365edb8b095724569330d16e05b26637ea05cbaee091e11,OK
.git\objects\1c\b42d49dc63d70081d9cfd4505b59d8ffa3399c,C:\SNS_24AutoProject_250723\.git\objects\1c\b42d49dc63d70081d9cfd4505b59d8ffa3399c,a7762c614fe7a0318c75730997414441e1e1c8f795b8a00455dc9b3379d6c206,OK
.git\objects\1c\bebe28afd90c0a2e02786655e18a157284a412,C:\SNS_24AutoProject_250723\.git\objects\1c\bebe28afd90c0a2e02786655e18a157284a412,f7689f91d656a71f9363c9d67097b60cd2310164ccb4504c94db7dcca2f73c63,OK
.git\objects\1c\d63f76fbb3592c6daf2352bd898708fbc937a5,C:\SNS_24AutoProject_250723\.git\objects\1c\d63f76fbb3592c6daf2352bd898708fbc937a5,6486e6607160e84d0d21e7b74a465dac2b15ec921e139e142bb0afc9c2e6b2ef,OK
.git\objects\1d\1a7bcfcbbf37ff1ad7025f9843d0d2d8cb06d4,C:\SNS_24AutoProject_250723\.git\objects\1d\1a7bcfcbbf37ff1ad7025f9843d0d2d8cb06d4,57e23ee632b50d6ed9c75fc44369c2c9e130dc93d694a6a048e4fbc03651a99f,OK
.git\objects\1d\af0d311deda98f4d96ede95024c288d2f4418c,C:\SNS_24AutoProject_250723\.git\objects\1d\af0d311deda98f4d96ede95024c288d2f4418c,d59b805e59fc727e4b0459502936e112c481df1d0ae1383ddea9290cbfe7f7f8,OK
.git\objects\1d\e506c5a65aca44cd88b39d3dbcb980daa8571c,C:\SNS_24AutoProject_250723\.git\objects\1d\e506c5a65aca44cd88b39d3dbcb980daa8571c,daa212184cc7d55c1cbdd8aa0feb04a3364cc05bf274572c4e24159b34eb37f9,OK
.git\objects\1e\1da1c81fd3e354175c218b8b0a2e33ad60d3b6,C:\SNS_24AutoProject_250723\.git\objects\1e\1da1c81fd3e354175c218b8b0a2e33ad60d3b6,d8a90ddfc7d98818cd36b52a3556e9214bbc87db25768ff2cecaac09ae10c2f7,OK
.git\objects\1e\4028579f85bde901f29f0b897338a8f8ab4ee7,C:\SNS_24AutoProject_250723\.git\objects\1e\4028579f85bde901f29f0b897338a8f8ab4ee7,e867616ff8638ed11b064a56eec72fd9b8b60b1b203fc41408aaa74f275df041,OK
.git\objects\1e\40cc36af14010b68e209f178c4adb9248a0b0d,C:\SNS_24AutoProject_250723\.git\objects\1e\40cc36af14010b68e209f178c4adb9248a0b0d,3e8101541c1fa94b3cb5fa9baed157582645ec88cb292b7dec928f3a47f1487c,OK
.git\objects\1e\4bf3b676184742bf4a40de9475e971edde36ef,C:\SNS_24AutoProject_250723\.git\objects\1e\4bf3b676184742bf4a40de9475e971edde36ef,547b691491d174380736e5b2113f0375cffa5cf1879887ccec2f6047dd1208a4,OK
.git\objects\1e\6a5c6473e3677800b7f0484e166b4653094b92,C:\SNS_24AutoProject_250723\.git\objects\1e\6a5c6473e3677800b7f0484e166b4653094b92,f7069f49f079bcd07b800ce5247976f0d22dc7577ea175e0f42e0da7c8c1a007,OK
.git\objects\1e\94be3d552ea0d6e29824469866c2a51a187be9,C:\SNS_24AutoProject_250723\.git\objects\1e\94be3d552ea0d6e29824469866c2a51a187be9,7c65a257adf5bfa1832e45f9c8229b5b0c01e029c140f936cc64fb42c19acbf1,OK
.git\objects\1e\9a725560581bf9f00b4e4b94d24849d0d00b9c,C:\SNS_24AutoProject_250723\.git\objects\1e\9a725560581bf9f00b4e4b94d24849d0d00b9c,b7a24f0bc0cb89b6016540b5953cf5b9a8c5535dfe05b1a2aaeebd17dbdb8380,OK
.git\objects\1e\bd0664aa29c0abd722661f761031ec0304631c,C:\SNS_24AutoProject_250723\.git\objects\1e\bd0664aa29c0abd722661f761031ec0304631c,44418dba94711306b11b4196094836f136dd94426b0c6ae6bc1d0b1e3c46a7f5,OK
.git\objects\1e\fd841261a977ae218d408f9cc308c3e312a5e8,C:\SNS_24AutoProject_250723\.git\objects\1e\fd841261a977ae218d408f9cc308c3e312a5e8,89cbd36de6832e21d3e176dbfe4e0dadd3669df87b2970738d096b023152a2b9,OK
.git\objects\1f\4bcfba45b15e49677ca161fae107a2c77ad142,C:\SNS_24AutoProject_250723\.git\objects\1f\4bcfba45b15e49677ca161fae107a2c77ad142,532db16634dbc3e1e8cd0d0d4e3a27e1bd445dfe0e62e5f9982b3c2f0ccb88db,OK
.git\objects\1f\67ebd424120b7efaed3dd915f9d4254db8bb95,C:\SNS_24AutoProject_250723\.git\objects\1f\67ebd424120b7efaed3dd915f9d4254db8bb95,b73f621ff831e5cf33c6515d65c10eb4d176d8f29c7d9aea06bfa82ad33b00fb,OK
.git\objects\1f\761844fc44f8228bb748235bfd30be6c389cd1,C:\SNS_24AutoProject_250723\.git\objects\1f\761844fc44f8228bb748235bfd30be6c389cd1,ad2061ab0d60b000f6ea7b4f8f68451087ec14657014a4dde3743ca40e1b5c3d,OK
.git\objects\1f\84bfa6717aeb825f5228b8c2ddeb6740e79519,C:\SNS_24AutoProject_250723\.git\objects\1f\84bfa6717aeb825f5228b8c2ddeb6740e79519,aee78fd8cb7363f6982eb74e1471d54ab45e6eb6cd6eacbe4c1121f3fdb9526d,OK
.git\objects\1f\9057296ba9475574a191cf231dc04ace3f910c,C:\SNS_24AutoProject_250723\.git\objects\1f\9057296ba9475574a191cf231dc04ace3f910c,9f109bc24ca8cdd906c0796f74a36884351f278aec66e320c110ed158e3d02f7,OK
.git\objects\1f\9b99201400164a5c11700bcba3b49f0683d96d,C:\SNS_24AutoProject_250723\.git\objects\1f\9b99201400164a5c11700bcba3b49f0683d96d,f47dc17f275f04c90ec53c23c8646ce24d383339e6779f6507e11dd37ffce4cb,OK
.git\objects\1f\b4989d0cb655e544bf56201c0c8598598f7735,C:\SNS_24AutoProject_250723\.git\objects\1f\b4989d0cb655e544bf56201c0c8598598f7735,8ceff3087b9b91bd986f9f2b5747cd758683676ba593fd3c80d0407063132afb,OK
.git\objects\1f\c5f6a5ac6857318740e1f3f23e4c1d2aad0de4,C:\SNS_24AutoProject_250723\.git\objects\1f\c5f6a5ac6857318740e1f3f23e4c1d2aad0de4,421687f154331e10f7c3e1426be7f0a86711d0d05e71645f2ede9e11575d100a,OK
.git\objects\1f\d6ee709bb782b9470675b4d7230f30589074b1,C:\SNS_24AutoProject_250723\.git\objects\1f\d6ee709bb782b9470675b4d7230f30589074b1,54a57cde5a6408ac3efc0f19688b2eab3dc345be2d499b596b94af76ef821d56,OK
.git\objects\1f\e4450becd9b1ab7106ad7332ea0f85d5a3efec,C:\SNS_24AutoProject_250723\.git\objects\1f\e4450becd9b1ab7106ad7332ea0f85d5a3efec,6462ecb2f66552d954c8bbe4668ec008448c5591612f411a6b6d91e865cc0f75,OK
.git\objects\1f\eac89f2b5ba12bdfe6aea95e7bfddd6247ea02,C:\SNS_24AutoProject_250723\.git\objects\1f\eac89f2b5ba12bdfe6aea95e7bfddd6247ea02,115bc2f0adffab735a88999db417c0b52842e97b863a0d49ae4c1d0211d293b6,OK
.git\objects\1f\ff5bdc92d209e67139c683afe3fb71d93218f0,C:\SNS_24AutoProject_250723\.git\objects\1f\ff5bdc92d209e67139c683afe3fb71d93218f0,c311156a9efb0d5d472c79037191adef435b14cacebdbf72b0da2529ecf0d61f,OK
.git\objects\20\077a5a92f8b438374a92a45be5707727a8da3c,C:\SNS_24AutoProject_250723\.git\objects\20\077a5a92f8b438374a92a45be5707727a8da3c,eff535109dd6248a6e9be560ee2f0f4d4911f4d1400276f56fcfa619018638f3,OK
.git\objects\20\0d16cd89712cdd061acef284b9ef07c70eacbd,C:\SNS_24AutoProject_250723\.git\objects\20\0d16cd89712cdd061acef284b9ef07c70eacbd,1351d15bb0e46074c88fd51614902a52887c7d23e03653476c6b70a0518d7c01,OK
.git\objects\20\2c3f254933b68654439b8dd6be6252d85b38d6,C:\SNS_24AutoProject_250723\.git\objects\20\2c3f254933b68654439b8dd6be6252d85b38d6,fdf51a2908c6d8b429f877a9b6995c9a29775b3440f37dfed0ceba8d9ffd1034,OK
.git\objects\20\510327a638d3e25785d076915c9e51479d0e0e,C:\SNS_24AutoProject_250723\.git\objects\20\510327a638d3e25785d076915c9e51479d0e0e,b98a3ddd77e9eb581a58f4c3366f5292e82a987b19a230a33ddbd1384dd60b19,OK
.git\objects\20\9bc3a3686f8b24149a9a07d2e074bd6cf265aa,C:\SNS_24AutoProject_250723\.git\objects\20\9bc3a3686f8b24149a9a07d2e074bd6cf265aa,a18a659be6b8a76c6c29b7eebd45765e7a945fc00ab1475285bfbe3602413298,OK
.git\objects\20\a68d5cd3698cb16a20c7990e48e8eaa0900582,C:\SNS_24AutoProject_250723\.git\objects\20\a68d5cd3698cb16a20c7990e48e8eaa0900582,2a6ce9e1c99f44686f8a34f071b18929af4b89eda7017cd36ef86d0afe74af21,OK
.git\objects\20\b487e3535424ff6c64f0e4e8d5953c039d5372,C:\SNS_24AutoProject_250723\.git\objects\20\b487e3535424ff6c64f0e4e8d5953c039d5372,6d9ce1e3177bc957ccb9b546dddb6388cd4dcd568d20c51d3dee332389cdf87f,OK
.git\objects\20\c9c84df491e4072ec4c5d2c931a7433d9fd394,C:\SNS_24AutoProject_250723\.git\objects\20\c9c84df491e4072ec4c5d2c931a7433d9fd394,b7bfca572f45b597c133bba4f8e3af914a8249c1f13e54162ec7357165b4ddbf,OK
.git\objects\20\e834b16407152b62a2a54fab8996f2ccdfdb25,C:\SNS_24AutoProject_250723\.git\objects\20\e834b16407152b62a2a54fab8996f2ccdfdb25,ffb8e2444bee91aae5f4a70b06bce55757360660430f5611482e24beae544d43,OK
.git\objects\21\02624d42dff1402c0d6917f057f9029920f2a4,C:\SNS_24AutoProject_250723\.git\objects\21\02624d42dff1402c0d6917f057f9029920f2a4,1afd17450df77da264f0d73aac970dd17b7218ddf262ca836167a531100cc992,OK
.git\objects\21\2d4b2e2afaed06110a1acff4fdb6bd6103b4ff,C:\SNS_24AutoProject_250723\.git\objects\21\2d4b2e2afaed06110a1acff4fdb6bd6103b4ff,d187aa0c6f034d80fe64b7d68827390a72d8240f8dc337e23ebb2f0f34748aca,OK
.git\objects\21\38d69e2bc4788316febcb648c4f29248e05839,C:\SNS_24AutoProject_250723\.git\objects\21\38d69e2bc4788316febcb648c4f29248e05839,d92cc783da4b4b5bf2dbd5f9a3f8214ab4bdc7effede2ab34e53e0b5960355f2,OK
.git\objects\21\3ad9a2c98be18b70c44e3bc8c60c4144b1fb36,C:\SNS_24AutoProject_250723\.git\objects\21\3ad9a2c98be18b70c44e3bc8c60c4144b1fb36,31b77d15caffea45244ca51ac43d8bae3272358c6a9d86182ba218c6e365eb60,OK
.git\objects\21\7e4c7d60a3f65da08ae259e4607ff9f51d31f7,C:\SNS_24AutoProject_250723\.git\objects\21\7e4c7d60a3f65da08ae259e4607ff9f51d31f7,583fffdd3f2dea028e4bb6f5afedb20205e8603458ca32e77e709d7a5a9e4399,OK
.git\objects\21\7f36ad8845881ba7de56dd5c3b76df5ec0e21c,C:\SNS_24AutoProject_250723\.git\objects\21\7f36ad8845881ba7de56dd5c3b76df5ec0e21c,bfb21933aab51b5d8f8fb93ae3122743f286718d90601efb6973c9f9f26b5b8b,OK
.git\objects\21\8082199883c1b117795e8d6f0bbc4778f7470a,C:\SNS_24AutoProject_250723\.git\objects\21\8082199883c1b117795e8d6f0bbc4778f7470a,c9af9235f630964e7b2f222a8d68456659fe4f4a43f79d7e0e54e31ddd1f100d,OK
.git\objects\21\bfc1c4a531feaed1b167ce8d2c5660536ea79d,C:\SNS_24AutoProject_250723\.git\objects\21\bfc1c4a531feaed1b167ce8d2c5660536ea79d,3832645ccdf1052215e502381aa265e8b74cb9629af77e72d7dd4844b521c3e9,OK
.git\objects\21\dc0a712067a87f248fdfd64ccf74342b93adc7,C:\SNS_24AutoProject_250723\.git\objects\21\dc0a712067a87f248fdfd64ccf74342b93adc7,b6e66a3b553679ec138dc0eb3b23798ec9b8590f7bb476f4293de347c6dd3001,OK
.git\objects\22\071ab29b52128d6b2510183cec253a10d47736,C:\SNS_24AutoProject_250723\.git\objects\22\071ab29b52128d6b2510183cec253a10d47736,6bd41766d6c79c9faf2d07ab611680ac2ac928b2fe2dcb49b36b05813e739cf2,OK
.git\objects\22\237765d9477869edda6d5efd422dcf12dbd112,C:\SNS_24AutoProject_250723\.git\objects\22\237765d9477869edda6d5efd422dcf12dbd112,35bf8bb2fd108ed987c29deb56a652c1e7f0ad695ff82a6a01f9bf932bfd6a97,OK
.git\objects\22\36210874249f960803ce3aa11d413cd1ec651b,C:\SNS_24AutoProject_250723\.git\objects\22\36210874249f960803ce3aa11d413cd1ec651b,b5e1a826cd05347cb42166e79f10b07435f0dff24a45277f45aaed9e0e6d6b9a,OK
.git\objects\22\55e794f3ea03ad26d5e3446dd98113535dcc15,C:\SNS_24AutoProject_250723\.git\objects\22\55e794f3ea03ad26d5e3446dd98113535dcc15,44a520b464cb940f4f2320d42a9e5c2d6e95f3179a019a11cdbc25735a9e5cdc,OK
.git\objects\22\87d2ebaf45bbface2591f26a3de725bfe2a40a,C:\SNS_24AutoProject_250723\.git\objects\22\87d2ebaf45bbface2591f26a3de725bfe2a40a,143767d0fa645cdbed41656194d2a28cd7ff4b578a03fc6945ee1c0f1cd94f8d,OK
.git\objects\23\1c19aebe86d1e6d9ebada79f664e35c69d2b21,C:\SNS_24AutoProject_250723\.git\objects\23\1c19aebe86d1e6d9ebada79f664e35c69d2b21,34fb7e65e278e2d33fa5bdedf2f5dd04297b2e182dd36197a3a8a0931c72ca5a,OK
.git\objects\23\6279761ceab1e73925a60027a58a6ef4352a74,C:\SNS_24AutoProject_250723\.git\objects\23\6279761ceab1e73925a60027a58a6ef4352a74,b484ac0a8e6c4db93806c9c1bce8317f8e7664a30777d9e22954436e81965673,OK
.git\objects\23\ba59c16f908f711c2d18ef187b2b3dc8b0e1a6,C:\SNS_24AutoProject_250723\.git\objects\23\ba59c16f908f711c2d18ef187b2b3dc8b0e1a6,997962f2677e335be0a2f7e30c203bfe0b70e84d4e7bfb557c73a8b3cb93870b,OK
.git\objects\24\1cc44d507c50777f7225df197765e522f22313,C:\SNS_24AutoProject_250723\.git\objects\24\1cc44d507c50777f7225df197765e522f22313,1d4c56a740851a048d0338e62f585a5686fd94f3e179c2950218553b133a55d6,OK
.git\objects\24\3567d94d241b7472d24558e6680382c3bdfb14,C:\SNS_24AutoProject_250723\.git\objects\24\3567d94d241b7472d24558e6680382c3bdfb14,3353e1376a13396351cf242709f9e055bdecf3a5f87fd084d2b963c7d968502b,OK
.git\objects\24\5cc20c7ab97dfa4d6ffbf7f194c79d4b2599ca,C:\SNS_24AutoProject_250723\.git\objects\24\5cc20c7ab97dfa4d6ffbf7f194c79d4b2599ca,e6b0c20ae191a23c4c06c87b2a01cd36b344cca9ad428af639ae2a04efcb6a2b,OK
.git\objects\24\a0c4a799151681493850fa4e310a9c28988371,C:\SNS_24AutoProject_250723\.git\objects\24\a0c4a799151681493850fa4e310a9c28988371,ac8146eda6e95184c07cd3d754d899dc95d2ef4fbc2e5269069a6f9e33dc1501,OK
.git\objects\24\c43444b6751343d2915843d03e55753d4d7359,C:\SNS_24AutoProject_250723\.git\objects\24\c43444b6751343d2915843d03e55753d4d7359,24e9174b82355545ce51bebf32b37e1ea30eabf595983fa7edb9290857e6df90,OK
.git\objects\24\ca85158546d3afd12a35265ba1d025358b425d,C:\SNS_24AutoProject_250723\.git\objects\24\ca85158546d3afd12a35265ba1d025358b425d,4e6a0dea46262b0cfc5bedd456ec3b144b88e5382c3af45cfdf11bdd1e50f1d2,OK
.git\objects\24\dd98945e2cb013f7136e91dd191bb8deca27ec,C:\SNS_24AutoProject_250723\.git\objects\24\dd98945e2cb013f7136e91dd191bb8deca27ec,fbe1e5d98433caf3665c1f876aeb8e467230898be515401a27819df94b2b9ee6,OK
.git\objects\24\f0131ffcda770559d8b04b2f750d27b487f7e5,C:\SNS_24AutoProject_250723\.git\objects\24\f0131ffcda770559d8b04b2f750d27b487f7e5,1388400a3572821c2347e49d5ef3b8be856d44f6d116c15e9861e65f3e4352d0,OK
.git\objects\25\24672e70d194749fbd52e986ddc8e2cffe6472,C:\SNS_24AutoProject_250723\.git\objects\25\24672e70d194749fbd52e986ddc8e2cffe6472,b16b704b4d760caeb9876083377ff9d955d0f0e7f1024844a1fb98ce9baf99d5,OK
.git\objects\25\961315a3965b6e7ee2d497b3e853e533c37164,C:\SNS_24AutoProject_250723\.git\objects\25\961315a3965b6e7ee2d497b3e853e533c37164,87f168b47bd5680796ecc9fc4c647e46d5d622201eec9afaafc2ee8604204978,OK
.git\objects\25\980da838b2cd048b9f204689e22a0f9aff6fd8,C:\SNS_24AutoProject_250723\.git\objects\25\980da838b2cd048b9f204689e22a0f9aff6fd8,7b92eb6c7c9058c7322138cb5f9a4d18162af004854946ff59ce5725c0b4feea,OK
.git\objects\25\fb54450466ae5b5c69d8eb6853a072228a3862,C:\SNS_24AutoProject_250723\.git\objects\25\fb54450466ae5b5c69d8eb6853a072228a3862,b31ddc2f6ea4a3c6e0c1d1499a1ebfd2f46a3dbb093ffa9597743bad91ef3b74,OK
.git\objects\26\1692a0a527fe0f4b3fba512066e0a1d9c47abf,C:\SNS_24AutoProject_250723\.git\objects\26\1692a0a527fe0f4b3fba512066e0a1d9c47abf,84f8bc0f560ebc608d193b29713ec6d5a336b90ba4d28b919d569bc49565a4b4,OK
.git\objects\26\26b0550341a0605087f33cac6952d5fbb24e67,C:\SNS_24AutoProject_250723\.git\objects\26\26b0550341a0605087f33cac6952d5fbb24e67,dbda84c23e0c4e2d5b401659c5b61bbada1c0db2e6d2d72469cddb36499551fe,OK
.git\objects\26\440c530314e4703669f9c842313dc4aed914bc,C:\SNS_24AutoProject_250723\.git\objects\26\440c530314e4703669f9c842313dc4aed914bc,9ee93cb2eb2e0bd06c5761c139d3c166d713533859db6303d419090bde664a87,OK
.git\objects\26\45a4acad087929da46b104ef09ce64cf4ca8d5,C:\SNS_24AutoProject_250723\.git\objects\26\45a4acad087929da46b104ef09ce64cf4ca8d5,905b1ac2f003bae730da96d7cd0f02cc9d691993ee64e9c37e90dd905486a3b7,OK
.git\objects\26\4c956374875bd7e054d4ac19582cc11000c16d,C:\SNS_24AutoProject_250723\.git\objects\26\4c956374875bd7e054d4ac19582cc11000c16d,6027765a3b61824bcedabc7566b9699df1c89c25b858688ef2aa5c6b78713d17,OK
.git\objects\26\6d0632748d528b6e730a25624919cb7805de6e,C:\SNS_24AutoProject_250723\.git\objects\26\6d0632748d528b6e730a25624919cb7805de6e,73897724a0d29241bc2c9383126d3a92c23cad32fa35f0e95f103ceba6f0875b,OK
.git\objects\26\e97f6ebfc60c1517244840b77dbaedcbfabaaa,C:\SNS_24AutoProject_250723\.git\objects\26\e97f6ebfc60c1517244840b77dbaedcbfabaaa,743cfb567d388e6a800f59e721dcacd5c6fba1e96820b4f637d85acc8b9b887a,OK
.git\objects\26\f4d34d67b46513491f26c2e661c6e653cc130d,C:\SNS_24AutoProject_250723\.git\objects\26\f4d34d67b46513491f26c2e661c6e653cc130d,e7e6d4f61bbb54df0167ad91beea0497aa5c1e8b1826120e0b1a8d3105eaadfd,OK
.git\objects\27\08baea5af1d5169a1cebd00c4762d6bb937fda,C:\SNS_24AutoProject_250723\.git\objects\27\08baea5af1d5169a1cebd00c4762d6bb937fda,e3012cad9e52277b18b894ee39d74c0be7797f49cdd796136e347bcb56836ba6,OK
.git\objects\27\0b477929db65c2ad09ea1367e33b9c22e6930e,C:\SNS_24AutoProject_250723\.git\objects\27\0b477929db65c2ad09ea1367e33b9c22e6930e,a46effea05dc2d7213777dee75ece9696a7c33e481c0605ad0ba01d8351580ba,OK
.git\objects\27\3e04729addc6ec272b59708ef792faf69cc6df,C:\SNS_24AutoProject_250723\.git\objects\27\3e04729addc6ec272b59708ef792faf69cc6df,546a1730c663c9c22afdeddeaa186bbae3046c5c3b063319b97f0af4e6f6391a,OK
.git\objects\27\4a10b43d8089ed522daf9ded5b6aa3653075c9,C:\SNS_24AutoProject_250723\.git\objects\27\4a10b43d8089ed522daf9ded5b6aa3653075c9,ee55ca1e899f34b696c6264ccb886d83124c8c3d66b81e218213f70174d474bf,OK
.git\objects\27\7d02c0eecccbd5ed9e5e202d2b949c9ec34845,C:\SNS_24AutoProject_250723\.git\objects\27\7d02c0eecccbd5ed9e5e202d2b949c9ec34845,e24386eadb8446b43ddda740d3e2b7a40dbb6c2547eec0f3956358a9cb5404c1,OK
.git\objects\27\80dd367ff8ff465917fcca4d4f42ce292ad314,C:\SNS_24AutoProject_250723\.git\objects\27\80dd367ff8ff465917fcca4d4f42ce292ad314,f2b20f17cbf907a5875d35ba109719f2ba81f3e1063c4fd64d08f97a73f90ee4,OK
.git\objects\27\973bc857b4e618218ca2790acacb81f7c7bb82,C:\SNS_24AutoProject_250723\.git\objects\27\973bc857b4e618218ca2790acacb81f7c7bb82,842bcab24331c815a3a292a288744d576cb4675588fbfd7b0746604fc90ba93a,OK
.git\objects\27\b522a7d5e24eafdf29dd541ebbca69ce4db7b8,C:\SNS_24AutoProject_250723\.git\objects\27\b522a7d5e24eafdf29dd541ebbca69ce4db7b8,f0f7cf5320ecaae8138d3e901573d55de6ddfde261276cc76cd4006af1bfb59e,OK
.git\objects\27\ddedb3ffe5f45ac568160837f9b6788e806837,C:\SNS_24AutoProject_250723\.git\objects\27\ddedb3ffe5f45ac568160837f9b6788e806837,b8651d0896feb43f9d71af0d89e1ec604a56ec1e5a0a77500c9587c73f2b89c7,OK
.git\objects\27\de456f16ab549627b284a39e2265cbdb4ad8e9,C:\SNS_24AutoProject_250723\.git\objects\27\de456f16ab549627b284a39e2265cbdb4ad8e9,7b35052f6e46553971afa7529f77bd0b4fa4b9473b1934566d06b8997e4b1199,OK
.git\objects\27\e3b39a44102aa6b5bc1e376265ad3c55733b35,C:\SNS_24AutoProject_250723\.git\objects\27\e3b39a44102aa6b5bc1e376265ad3c55733b35,030de29c5102e7b19cb03f060589dd7a79763ff3bb53f112f9c5065a3d851ef1,OK
.git\objects\28\1811d23d999a256fbb99d05aecfcd7b92a0e06,C:\SNS_24AutoProject_250723\.git\objects\28\1811d23d999a256fbb99d05aecfcd7b92a0e06,7b237633146605b47aa600266ff2d70badd852c34aa4f30bb20f7a6605927980,OK
.git\objects\28\4ed45f387d7179c29de6b6b9ca93f6d176fa2d,C:\SNS_24AutoProject_250723\.git\objects\28\4ed45f387d7179c29de6b6b9ca93f6d176fa2d,06a8f457d77be8b75c51c8dd31f303980fefa7783e2556b15833cdf0b474e667,OK
.git\objects\28\7f1439266639f9564149d6e162feaba3fbed86,C:\SNS_24AutoProject_250723\.git\objects\28\7f1439266639f9564149d6e162feaba3fbed86,0376059a67ef190b89780990d3b16d02af2044916700fc1b7c4ec234ce3fd75b,OK
.git\objects\28\9cbe73fb11f68c0de2db13bb9a422ba9bd4dba,C:\SNS_24AutoProject_250723\.git\objects\28\9cbe73fb11f68c0de2db13bb9a422ba9bd4dba,205a53ddf71074799959ed7f868be8b1af3ae546e79958caece5b875af4463e6,OK
.git\objects\28\ade35af6173ec7e11518e3d783e59562dca451,C:\SNS_24AutoProject_250723\.git\objects\28\ade35af6173ec7e11518e3d783e59562dca451,4af1637d100c6a7233d02aacd28ff9d171e5a0707ff9712aaf06885667bf81d0,OK
.git\objects\28\b32ab2e0b9053f39a91d9f28b6072e41423954,C:\SNS_24AutoProject_250723\.git\objects\28\b32ab2e0b9053f39a91d9f28b6072e41423954,9e72846646abee13bec556072d3b902f373c2e5aec614824649cf1e57e7f50a9,OK
.git\objects\29\28d8d708538b78e8018d6a5478118d2f253428,C:\SNS_24AutoProject_250723\.git\objects\29\28d8d708538b78e8018d6a5478118d2f253428,35ebe2db7e8ecd46025a369adecb940584fcfddd85ec7a5dfed592810a97ee0a,OK
.git\objects\29\44fddf885ed8d6972ef3fba0dd18ba7fcb11c2,C:\SNS_24AutoProject_250723\.git\objects\29\44fddf885ed8d6972ef3fba0dd18ba7fcb11c2,3b487c5f4364d5dd4c4da03fe24a8ad03832d0210c9b14634280f58857ed4c33,OK
.git\objects\29\75c0e78656563055c77dfff4b06dea36294457,C:\SNS_24AutoProject_250723\.git\objects\29\75c0e78656563055c77dfff4b06dea36294457,fb5ecf70052a3f3f2e6ad5f46069e9340c1e68531df7271fd69dae51ee62fcd4,OK
.git\objects\29\958cf12a9df7cf775e3337b4894e4cf4b82f58,C:\SNS_24AutoProject_250723\.git\objects\29\958cf12a9df7cf775e3337b4894e4cf4b82f58,9f3fb3d368c5ae28d1295425fde44921f8ab47f68fd8501b288518812f66c932,OK
.git\objects\29\af5982ac1c04357634570f15454d6f7fc30e04,C:\SNS_24AutoProject_250723\.git\objects\29\af5982ac1c04357634570f15454d6f7fc30e04,9f467b9ef4a44d2556bbe342877d8a38e8420db4480024a30e5088a4c506b062,OK
.git\objects\2a\8d6c929bc6eb98ce6959c8159b3934e64d07d4,C:\SNS_24AutoProject_250723\.git\objects\2a\8d6c929bc6eb98ce6959c8159b3934e64d07d4,e66f658336a41c5bb5c18689472b133020959eb9c8d9d622282325973b22aeea,OK
.git\objects\2a\9b7fd52d37a1ffe9fc589daa04d88c6c71a6e0,C:\SNS_24AutoProject_250723\.git\objects\2a\9b7fd52d37a1ffe9fc589daa04d88c6c71a6e0,09b9bcc6b86376eef0777ef4a6583c90a8bca1251975d6c6b4ec7c4e1c60c776,OK
.git\objects\2a\a5cc4b84d369b03684c30cdb66b7abf087f467,C:\SNS_24AutoProject_250723\.git\objects\2a\a5cc4b84d369b03684c30cdb66b7abf087f467,5066fc86ebcbeee8f34e7ce3e071d7fb60a76a020e7522c8e211f3280ba38806,OK
.git\objects\2a\c29a5d34df08073f48e416a46186690eaed648,C:\SNS_24AutoProject_250723\.git\objects\2a\c29a5d34df08073f48e416a46186690eaed648,cf31873908e6e3377a4c87a86fe16290bf290d8fb940214456cafb0efdfd4116,OK
.git\objects\2a\d6ea5db204d599266412558f5a1fae076fc41a,C:\SNS_24AutoProject_250723\.git\objects\2a\d6ea5db204d599266412558f5a1fae076fc41a,82e0f771baa675be97caf35bd731f023cb8a3b6a3c36371e15bad7cb21c44d2a,OK
.git\objects\2a\dacb2e500e2f9621b2debc1756d308747b67f6,C:\SNS_24AutoProject_250723\.git\objects\2a\dacb2e500e2f9621b2debc1756d308747b67f6,a3672b9cf60ead26c73e7c6fb983f97da631137f3d78bc5db3a66383274f287b,OK
.git\objects\2a\dbb58417533892189cc5782a05604fdb7e4485,C:\SNS_24AutoProject_250723\.git\objects\2a\dbb58417533892189cc5782a05604fdb7e4485,14b8109d06b4579817feb260873d23d0a820a7d5f6b97e39c9cf80e7d8ce715a,OK
.git\objects\2a\f2eb55c7efbfc180b6be9c92d811eb23be80c0,C:\SNS_24AutoProject_250723\.git\objects\2a\f2eb55c7efbfc180b6be9c92d811eb23be80c0,b9deb10c7e8dab9e7a7910c00d82d336a6e3f9f767a49067c746bf14f06e354e,OK
.git\objects\2a\fbb961b71825f2982471dfbfe5ef9a6b25bb40,C:\SNS_24AutoProject_250723\.git\objects\2a\fbb961b71825f2982471dfbfe5ef9a6b25bb40,a9e5ca645cdc8e1106ddf46d5dd44aea5877ad0e21b252d9557a1392a11f5d82,OK
.git\objects\2b\0a6e3984ecd361995097a1514e346f304605c5,C:\SNS_24AutoProject_250723\.git\objects\2b\0a6e3984ecd361995097a1514e346f304605c5,aa462a769c90681a4b06244061d30080ed6d0cbbb11ca3659912e15d40e400df,OK
.git\objects\2b\247e796e87060314d9e95f83e3d93e21ee65bc,C:\SNS_24AutoProject_250723\.git\objects\2b\247e796e87060314d9e95f83e3d93e21ee65bc,3dcd5f536a84c2d16499cc434a2d4b15f1ca5cd115c3e9a660ee2965db85668d,OK
.git\objects\2b\3f0ee0e30418776d731be81924bcbcd1f5caa0,C:\SNS_24AutoProject_250723\.git\objects\2b\3f0ee0e30418776d731be81924bcbcd1f5caa0,9c864135dd10a533c0da9858a9c67df8182abc5454db79c6e6bf670c71654e8c,OK
.git\objects\2b\74de01c3273b919465e245b97d8118a81be00e,C:\SNS_24AutoProject_250723\.git\objects\2b\74de01c3273b919465e245b97d8118a81be00e,218d5ae96ccc17b1dea62ee91dddc0db24bfa47646d4831c09b9a0c37e0ada7b,OK
.git\objects\2b\954033e21b793ccc338df13c6fc4795fe361e0,C:\SNS_24AutoProject_250723\.git\objects\2b\954033e21b793ccc338df13c6fc4795fe361e0,317355e2136c99ab9b6755050beacea3d889be3b221de64fa5c547d74681a0d4,OK
.git\objects\2b\c554af7bb7251dbf44d9b3d374a6cd3e9c40c0,C:\SNS_24AutoProject_250723\.git\objects\2b\c554af7bb7251dbf44d9b3d374a6cd3e9c40c0,f9fe21bd1a36c216e0b68b26dbe41e60c25b59ae4730077ecf4bd8d6ceccfee5,OK
.git\objects\2b\d1cb3da0f5a11024f1609b09ae68645e6ae75c,C:\SNS_24AutoProject_250723\.git\objects\2b\d1cb3da0f5a11024f1609b09ae68645e6ae75c,f3bda3f36f8d1eca9d70a3f8f2619c284c8338125160a8b43c596e348084d4dc,OK
.git\objects\2c\925a1c0af2818746d4047c410a7c45fd97daf5,C:\SNS_24AutoProject_250723\.git\objects\2c\925a1c0af2818746d4047c410a7c45fd97daf5,4e123d8d0690cac46b2a8d120ae9620dd563b8196d9ec66d0bb5d30f88011c29,OK
.git\objects\2c\9710b1d5f1c61d8754f79c74b0d00b20e9ac1b,C:\SNS_24AutoProject_250723\.git\objects\2c\9710b1d5f1c61d8754f79c74b0d00b20e9ac1b,fcee42395427bad890f410011d6f2592af0dc8e734d1562d85fdfeee2920da56,OK
.git\objects\2c\9b852c4dc9ceeb168d0812b4187c228a422c40,C:\SNS_24AutoProject_250723\.git\objects\2c\9b852c4dc9ceeb168d0812b4187c228a422c40,838d43f47eaa7a41761f5cdfe51dcd6c23f7e6a94d4e88f809d1c4de853e9793,OK
.git\objects\2c\9c58f53e72b061479681be1d445e4a4ba80557,C:\SNS_24AutoProject_250723\.git\objects\2c\9c58f53e72b061479681be1d445e4a4ba80557,2cc8aa7d0ee23b20b7b66f85250454e5da01a2ad6bdcad3d6a9278c027adcaf5,OK
.git\objects\2c\f4588f4858250138ed51e524780b34162294ed,C:\SNS_24AutoProject_250723\.git\objects\2c\f4588f4858250138ed51e524780b34162294ed,361cc90f6c85c9eaedec5aa76a287f583f9498538da3478f72b282b3a5301d79,OK
.git\objects\2d\1da3ae3d6f9c6f92a8ddf01c2ff51ae28e4de2,C:\SNS_24AutoProject_250723\.git\objects\2d\1da3ae3d6f9c6f92a8ddf01c2ff51ae28e4de2,d19fbfc16f869a93f43a687f77e51356fad5a64eb7811b363bbe523b27470ad8,OK
.git\objects\2d\46a35e5edf47261cda3a68530538be587421c2,C:\SNS_24AutoProject_250723\.git\objects\2d\46a35e5edf47261cda3a68530538be587421c2,73f43646a153d0ea6f29b782bec40034f855f095070792e8a5fca1220b6764df,OK
.git\objects\2d\70be3cb112be96ecfdc1586918b442e45f0183,C:\SNS_24AutoProject_250723\.git\objects\2d\70be3cb112be96ecfdc1586918b442e45f0183,c2b589fb77a83104729dc6e2d48bd0655850b68325716abbe840eddf191c618d,OK
.git\objects\2d\76baf885ba686bee79be72d250090282cf7811,C:\SNS_24AutoProject_250723\.git\objects\2d\76baf885ba686bee79be72d250090282cf7811,690aff4d1295b56b6c347e4bba4012a1bad02921023f9f1527a5567953f3acf5,OK
.git\objects\2d\7993a0d71720493175bd05b2b0b7409d67407a,C:\SNS_24AutoProject_250723\.git\objects\2d\7993a0d71720493175bd05b2b0b7409d67407a,380268018f3b9d9d333b6e68ca33b7fa9850cdd1112918cba5f0a3f51a15dd05,OK
.git\objects\2d\d75c74201769c1bd012a77331e604fff689f46,C:\SNS_24AutoProject_250723\.git\objects\2d\d75c74201769c1bd012a77331e604fff689f46,1af3e909798053a3a8ce503d222efeb94ca7b36e37810e20d2a9629d46fd17f6,OK
.git\objects\2e\09611c0e7597b6001b96e0bd95bb98003e863c,C:\SNS_24AutoProject_250723\.git\objects\2e\09611c0e7597b6001b96e0bd95bb98003e863c,4d59ff318dc7f47a92e0cb111d7dd9a0a3a656c45d43cab39c7c951d82875a86,OK
.git\objects\2e\0db4c976e5803025a90ae888b85f813245fa95,C:\SNS_24AutoProject_250723\.git\objects\2e\0db4c976e5803025a90ae888b85f813245fa95,85ec00c263e19ed63fb494cb09c0e2fdbc6c360bf28ee5f4b3278f11be0ab84f,OK
.git\objects\2e\60a19f050c8101b5ee65fb12274cba3e2ec1a9,C:\SNS_24AutoProject_250723\.git\objects\2e\60a19f050c8101b5ee65fb12274cba3e2ec1a9,5eba799611121a46ec41b350342998b934f0ee5987d5ec4d89ef95029598e741,OK
.git\objects\2e\664a3f6132eca6f96618099c9ce3c420945954,C:\SNS_24AutoProject_250723\.git\objects\2e\664a3f6132eca6f96618099c9ce3c420945954,96049d46d3f960bf281662675275ca9d95b6c721c489419017ee244dcbb5dacb,OK
.git\objects\2e\735665e63c010d114f87ae0c353f30aaec6d47,C:\SNS_24AutoProject_250723\.git\objects\2e\735665e63c010d114f87ae0c353f30aaec6d47,82b92cd6b86ed73929c7621d9cf2c7938fe21e7cea5e607637c2a425db1625ee,OK
.git\objects\2e\a2ace7d31274bac321ac005cd7663ad237c50c,C:\SNS_24AutoProject_250723\.git\objects\2e\a2ace7d31274bac321ac005cd7663ad237c50c,266053ed241ae0541d6512e7257aac6ef8f0e93d7c600aa33e1016888a1096f6,OK
.git\objects\2e\cb207237560e4ba7f41cdb7db8ac2cb5f6ce5e,C:\SNS_24AutoProject_250723\.git\objects\2e\cb207237560e4ba7f41cdb7db8ac2cb5f6ce5e,d2f87d986d3a3fc43fe47a833b480bdfe4670e00289fb314ee947b8f68db9271,OK
.git\objects\2e\e9ef7e9859bc95da2450e3b282fd4275cbbb39,C:\SNS_24AutoProject_250723\.git\objects\2e\e9ef7e9859bc95da2450e3b282fd4275cbbb39,c6de61470c358b3ec2c674407a6a62c684da5666d17906446a6d2fb90548aebc,OK
.git\objects\2f\532f61a06f30b487f4e8a07be1a25fc89720f1,C:\SNS_24AutoProject_250723\.git\objects\2f\532f61a06f30b487f4e8a07be1a25fc89720f1,4dc5348e14dec18f44bf174bb1fc1395deb618a2b33cbe5785dd47a56551e221,OK
.git\objects\2f\6b8101d474642410af84260fb2b88c493945b1,C:\SNS_24AutoProject_250723\.git\objects\2f\6b8101d474642410af84260fb2b88c493945b1,b1d0b124a3bc06643234e2d544b8a27a827832340574ebf9bf2883fdace2f070,OK
.git\objects\2f\77d3462b6d1b955a3512edfd175b2c339cb9c6,C:\SNS_24AutoProject_250723\.git\objects\2f\77d3462b6d1b955a3512edfd175b2c339cb9c6,bd9b837c0c7d12d463cc3463e46682497456499e4f3ec90457b25bea33633f63,OK
.git\objects\2f\850536ce79ed5b29efa12aec030a7fec61e15d,C:\SNS_24AutoProject_250723\.git\objects\2f\850536ce79ed5b29efa12aec030a7fec61e15d,6bfa1901f3d88e787952e337c0ed7bf41501c71f35e34c2bab8c429f842bacfc,OK
.git\objects\2f\b19fee3df0eb10cc468e2d7c654d649206f154,C:\SNS_24AutoProject_250723\.git\objects\2f\b19fee3df0eb10cc468e2d7c654d649206f154,70469dd9c9be17a258d5b227744c4cc90e78670f77ffacb9453041466009649b,OK
.git\objects\2f\f4bbc44f312c19c1c4adf8b845e73f572b8c63,C:\SNS_24AutoProject_250723\.git\objects\2f\f4bbc44f312c19c1c4adf8b845e73f572b8c63,3055a7a4bbfb0df8b409521109ca0f7f6f79a72a516c73d59c6ae6053108bc1c,OK
.git\objects\30\02c82022f7e9a4ff1ad545ea617106a13b24e0,C:\SNS_24AutoProject_250723\.git\objects\30\02c82022f7e9a4ff1ad545ea617106a13b24e0,7f7ae8cf57720aa62661df36172cadf03ef2ab768b4fcc8b73780e58f06d08d8,OK
.git\objects\30\82de00c2e0bfe89d4ac5e093d9e5921aa63610,C:\SNS_24AutoProject_250723\.git\objects\30\82de00c2e0bfe89d4ac5e093d9e5921aa63610,b2ee58ed538aeecfdfb734bf2b415a559fbb08de1cdc62cb28adef2b646e9917,OK
.git\objects\30\b398d3e0d160acf0d03960dcda22ce8b27220d,C:\SNS_24AutoProject_250723\.git\objects\30\b398d3e0d160acf0d03960dcda22ce8b27220d,35440ed8dfae4e0ac79f1ef7d9f3c6705bc971448701c19e3067cf6afa948d67,OK
.git\objects\30\b6af45b34b417a2336b335b7750490b27785e6,C:\SNS_24AutoProject_250723\.git\objects\30\b6af45b34b417a2336b335b7750490b27785e6,1e603344e70951e306e041e6c0009b12723308ca7f122f58d90d5819aa9b4958,OK
.git\objects\30\c33699dfc073382a713c44237aa1e4c7795f18,C:\SNS_24AutoProject_250723\.git\objects\30\c33699dfc073382a713c44237aa1e4c7795f18,5a2227d0e9f1173239e43a57e7ca13d475d8305c59e524a0f26eb9c2b484dab0,OK
.git\objects\31\076c6e935ad9b7e6a408f01679d039a5bc2763,C:\SNS_24AutoProject_250723\.git\objects\31\076c6e935ad9b7e6a408f01679d039a5bc2763,87d870fe8a0a87a98e4adda96dc5d0f9f98223d7fb3a139eece963308bc875e1,OK
.git\objects\31\1f086422d1560df28c1f28da275c0901458c9a,C:\SNS_24AutoProject_250723\.git\objects\31\1f086422d1560df28c1f28da275c0901458c9a,aa91feedaaec95625594237b836a12048fcee0d2fb02b09f974c47eb52e5929a,OK
.git\objects\31\450e75a23f84ebd4413d9a8dc1f0813ea9f657,C:\SNS_24AutoProject_250723\.git\objects\31\450e75a23f84ebd4413d9a8dc1f0813ea9f657,851f22f2895b040a05448760bdbde712043ccea37ce645dddac4883a221e73cd,OK
.git\objects\31\4613866de53e1457f6cbf2fb617be7e4955edf,C:\SNS_24AutoProject_250723\.git\objects\31\4613866de53e1457f6cbf2fb617be7e4955edf,cf8e7037f60be3485edc66b645d65154a67d2df619925c31f62acc67129c7e60,OK
.git\objects\31\5b4c45aef1f241d025900544133c085fe4f69d,C:\SNS_24AutoProject_250723\.git\objects\31\5b4c45aef1f241d025900544133c085fe4f69d,9397c07b2cb25ecfa0f9447db50b9d6ccb37d063e4ff418c6429da5e06e56b22,OK
.git\objects\31\809c3657b5aacdc1f469ed5433a52590858ee1,C:\SNS_24AutoProject_250723\.git\objects\31\809c3657b5aacdc1f469ed5433a52590858ee1,dc5fa380930acbe9a03b28916363288c59fe4eb426e72f6968e361a3b20ec61d,OK
.git\objects\31\8c4a8e4003bcff00f9a21e294e7815f170235b,C:\SNS_24AutoProject_250723\.git\objects\31\8c4a8e4003bcff00f9a21e294e7815f170235b,93c11db958b362c6be9ea948010308d545be8e8f84b0188992ad17b09e3140fd,OK
.git\objects\31\f5342bcb78188f56162945956a3b0ea3525eca,C:\SNS_24AutoProject_250723\.git\objects\31\f5342bcb78188f56162945956a3b0ea3525eca,8ffa25768566f395a79b255bf760dddf5535c66db25015c9d5b5e4c93c348ddb,OK
.git\objects\31\f7061371910ad42e4310b7a646ba1a98b6cba4,C:\SNS_24AutoProject_250723\.git\objects\31\f7061371910ad42e4310b7a646ba1a98b6cba4,2503028a3bbebb1cb0a9a06ae1b900f87cacff379abf6e2c7532ee99070eca65,OK
.git\objects\32\21e080a05e780f68197ea0b88740c196f50c1d,C:\SNS_24AutoProject_250723\.git\objects\32\21e080a05e780f68197ea0b88740c196f50c1d,5cbae9cd10a80a2cf38a421a1ab221aff2e52a03f95f2e532909664dbc87a69d,OK
.git\objects\32\32c80e2003489921578f7acbabc73fb9148205,C:\SNS_24AutoProject_250723\.git\objects\32\32c80e2003489921578f7acbabc73fb9148205,d58824807f2f7692a55c63bf3033aa2073b0a8905e2a6d0cc8f93da457b418f3,OK
.git\objects\32\491ecbfe66d769750eac4a4a17cda177ec7293,C:\SNS_24AutoProject_250723\.git\objects\32\491ecbfe66d769750eac4a4a17cda177ec7293,2fb736790d4ebc15302e48a3503fe3531734fcbb719ea741f1649c980529e5f8,OK
.git\objects\32\b2899a306dde401fa2e3952d06f5f4d9952bed,C:\SNS_24AutoProject_250723\.git\objects\32\b2899a306dde401fa2e3952d06f5f4d9952bed,aa0398f275e7eca988a70d8678e7dc8a8ff05983ae49739863274c0112b5c310,OK
.git\objects\33\1494ab49964da1d99743a1f3601a1eae0a34b2,C:\SNS_24AutoProject_250723\.git\objects\33\1494ab49964da1d99743a1f3601a1eae0a34b2,79df4b7aee5a2d801fefb314690231c7b3caf9aaaf6a85f31c181f69857d3f9e,OK
.git\objects\33\1a1b7c4c3af257841900fe076e5393e15db100,C:\SNS_24AutoProject_250723\.git\objects\33\1a1b7c4c3af257841900fe076e5393e15db100,1a041d465034b1d5d4e33548e937ba47d34456b28e0006eab95b54d94e84322e,OK
.git\objects\33\39b6cf86d6e98ba70c9bd6cab3dbf50588acd2,C:\SNS_24AutoProject_250723\.git\objects\33\39b6cf86d6e98ba70c9bd6cab3dbf50588acd2,2b9b78c4db2376a8806947284deaf1e6bdfd5b48020c14e2f8c6b8f9b3dea294,OK
.git\objects\33\3e28fd3f3ce21bac0ee36d1055c4438f9e8b01,C:\SNS_24AutoProject_250723\.git\objects\33\3e28fd3f3ce21bac0ee36d1055c4438f9e8b01,cb2e5315de472dd6f3d89c2febfe0b83fe61f5af4bbdb7515121d1886794bf88,OK
.git\objects\33\571adba3bba4915b252b9eac2b6f7138f953f4,C:\SNS_24AutoProject_250723\.git\objects\33\571adba3bba4915b252b9eac2b6f7138f953f4,f237fa163499f3bc91ebc357e6c705ae69c14d4af71f26a5246dacb2d4103ee3,OK
.git\objects\33\6f03e2b7647f8a90ab20fe1d8be6c340d2612b,C:\SNS_24AutoProject_250723\.git\objects\33\6f03e2b7647f8a90ab20fe1d8be6c340d2612b,73520b68dfb4677c88e3eb616bc61370d8d96c0ca981d4ddff69d51557d2e188,OK
.git\objects\33\95e959dbb3a51ae9d714f9e6dd812cf451ed75,C:\SNS_24AutoProject_250723\.git\objects\33\95e959dbb3a51ae9d714f9e6dd812cf451ed75,e352887f19f4d24ee0eb57d99650d12c065f6865d38259450a65bed55657e66d,OK
.git\objects\33\9e33e12f67af086b671ccf4f2e638ae914799e,C:\SNS_24AutoProject_250723\.git\objects\33\9e33e12f67af086b671ccf4f2e638ae914799e,1eabe6f287da224aef9acec504330a85b4f12ae68a7e847d236b9aaf8d1ea2c8,OK
.git\objects\33\c63acdf88389c3ecc6f069a1c72a96e942105a,C:\SNS_24AutoProject_250723\.git\objects\33\c63acdf88389c3ecc6f069a1c72a96e942105a,6064174bf5415e661d9c0d315cdbe24ee641dea91258e297c8be918ec0533b4d,OK
.git\objects\33\cec21090b95519bdc886dd5728de9f564cf44c,C:\SNS_24AutoProject_250723\.git\objects\33\cec21090b95519bdc886dd5728de9f564cf44c,ccda5f5b129528eb7fc041d239c6abadb405c3abd45ea920a3662e527d5c27d3,OK
.git\objects\33\db58a9e3ad90952a54aa4987b5d798a22bef40,C:\SNS_24AutoProject_250723\.git\objects\33\db58a9e3ad90952a54aa4987b5d798a22bef40,b46cecc0b5832042981a15127203f8f4d7a21640d23ab420446f45db56ce4f8e,OK
.git\objects\33\e317e25b127335de68052f57d33ceed620524e,C:\SNS_24AutoProject_250723\.git\objects\33\e317e25b127335de68052f57d33ceed620524e,89287f869f15a3fbe71cacae5aabcc7fb169194eb2b11532df8ec330e2441c84,OK
.git\objects\34\200fbc4fd7c7e9e64b15aeb65cdeba330491eb,C:\SNS_24AutoProject_250723\.git\objects\34\200fbc4fd7c7e9e64b15aeb65cdeba330491eb,0006f19147a769bfe6ebf2efa844b6401ef6091cc14149d82009cc4a35734198,OK
.git\objects\34\3b63227d2185863cd720bf449de000bbc794d0,C:\SNS_24AutoProject_250723\.git\objects\34\3b63227d2185863cd720bf449de000bbc794d0,8c18ab35d6d5f919dc771f316b826e65a3ab643b9bbd70b75a06270aaa19030b,OK
.git\objects\34\a91773b3cd4ad1cb8d9099109366dc41fb96a2,C:\SNS_24AutoProject_250723\.git\objects\34\a91773b3cd4ad1cb8d9099109366dc41fb96a2,950650fa20b957af1c2b80719d47ba1e75871ab5ce07bfa80b8a1e399acb2610,OK
.git\objects\34\e435f048203d02c70138ec833869acb6d1cff1,C:\SNS_24AutoProject_250723\.git\objects\34\e435f048203d02c70138ec833869acb6d1cff1,4311dacd27e145f4bb184cc284b09b41d31109ccadfd8cf16c60ef341a45d43d,OK
.git\objects\35\3cfd89777d3e4b8dfad5456e865c26cea8893a,C:\SNS_24AutoProject_250723\.git\objects\35\3cfd89777d3e4b8dfad5456e865c26cea8893a,ea885311d1af01bf848b8fea410a9707374bd45d38a3ea726aaf1fe6b02d5aba,OK
.git\objects\35\3fe2aa3564c79809e05e12711f90669e5e2388,C:\SNS_24AutoProject_250723\.git\objects\35\3fe2aa3564c79809e05e12711f90669e5e2388,e2b3ec50beedd05c947ea931cdce6eee905ecbacca4d2d92338317b939357e99,OK
.git\objects\35\4c8f78725fdfbc0daa657a591f986d9416bb34,C:\SNS_24AutoProject_250723\.git\objects\35\4c8f78725fdfbc0daa657a591f986d9416bb34,bd34d29acd2ffb58a04e909db4577988f179dcd8a77171bdd9a6763489e5cd94,OK
.git\objects\35\82bb15cd7322088839b0134987ad10e717b6b5,C:\SNS_24AutoProject_250723\.git\objects\35\82bb15cd7322088839b0134987ad10e717b6b5,b3e82164d4332fd8b2a25cda1391c949fa9a869c2d5249b1a203d0e2a6030806,OK
.git\objects\35\a24133446b9ee1e8f8a7931519d93517130315,C:\SNS_24AutoProject_250723\.git\objects\35\a24133446b9ee1e8f8a7931519d93517130315,0a48dab51f79c312cb62f36faae125a650ad3eb36fc1368fa16bc05c66724296,OK
.git\objects\35\c531c0709fabace97e52cacef74b4cfbbcd820,C:\SNS_24AutoProject_250723\.git\objects\35\c531c0709fabace97e52cacef74b4cfbbcd820,5353ddf15671fe9da71eba80cf71f2847eb87fcec92f055383d263392a7d8875,OK
.git\objects\35\ec76ca47bd345990dc9cc213db9111ef980b3a,C:\SNS_24AutoProject_250723\.git\objects\35\ec76ca47bd345990dc9cc213db9111ef980b3a,cffc7806ac8fb8634e645eb06d3409cd6c6d019809c964b831fabc4c2ef13750,OK
.git\objects\36\535bdf5cfbdedfc70b4d7899de7351b8eb5070,C:\SNS_24AutoProject_250723\.git\objects\36\535bdf5cfbdedfc70b4d7899de7351b8eb5070,2718d939a7cdb1d07c7155c65f3b9052d267f2e2d0b25d4a39f8e4ad2f401014,OK
.git\objects\36\7ea05594016abf984f3d8a62972129d2ee8da8,C:\SNS_24AutoProject_250723\.git\objects\36\7ea05594016abf984f3d8a62972129d2ee8da8,9f16279c41f3e9dd35dfe7a68c36cf53bb5b610380ae15672cb7997879c0c38c,OK
.git\objects\36\c00a4fc67c1812e887bf5da56c28da832feadd,C:\SNS_24AutoProject_250723\.git\objects\36\c00a4fc67c1812e887bf5da56c28da832feadd,c62e8e998235cab9632caa21ecdde4aa5c76b4a5545a202c3703058aa9aaf0ba,OK
.git\objects\37\2dbe4bd62c4f17cf29d4bc66d1967e6f5daf22,C:\SNS_24AutoProject_250723\.git\objects\37\2dbe4bd62c4f17cf29d4bc66d1967e6f5daf22,01a4ca3a5fc7ae240b00f2bf05ebeee5186f760381727690a11ab6babf65882b,OK
.git\objects\37\31e40d8634c4d58ddb3378d828c92948f06d67,C:\SNS_24AutoProject_250723\.git\objects\37\31e40d8634c4d58ddb3378d828c92948f06d67,5f5bb28d0bbf0c4f35d1baf058ebbba59db2ad6d0ac02af3253aca755abe572f,OK
.git\objects\37\4586ea67601c4512b52859ff4e73bb30dbecc0,C:\SNS_24AutoProject_250723\.git\objects\37\4586ea67601c4512b52859ff4e73bb30dbecc0,6abd845bf07f756d3d7a3251c146e226238dc28f04ffec397c6b138f9c484306,OK
.git\objects\37\788a74557f4361f78d611470ffe9318f3c8752,C:\SNS_24AutoProject_250723\.git\objects\37\788a74557f4361f78d611470ffe9318f3c8752,4d119f7d61e6acd0dabaf8f29bdf0ce4bea7de78edb01b7de3f3743c200a75f2,OK
.git\objects\37\a5aaeac751dceb569193a53a663f9a032f86e0,C:\SNS_24AutoProject_250723\.git\objects\37\a5aaeac751dceb569193a53a663f9a032f86e0,b9ee9338c8099824e3d3b9b64b3dc02979e6bfdb136d43bdccf2492638f5c578,OK
.git\objects\37\cb85e4dbfb7ac9c01eecf584a1a721ed251e93,C:\SNS_24AutoProject_250723\.git\objects\37\cb85e4dbfb7ac9c01eecf584a1a721ed251e93,bb2c1af6b1b60f008fd1d7c88d162c042c890e87556a9c92f1e11c8dc75e7212,OK
.git\objects\37\d0f1ee387dbb44488ef9bcfcd26ac8b22f678d,C:\SNS_24AutoProject_250723\.git\objects\37\d0f1ee387dbb44488ef9bcfcd26ac8b22f678d,e2bd7fe53b12bf3a2330c00e6ecef260c77c8d33cfe003d1c59b59e55bdeacbe,OK
.git\objects\37\f276eeee6afb38f303424067c0378f0b106b22,C:\SNS_24AutoProject_250723\.git\objects\37\f276eeee6afb38f303424067c0378f0b106b22,64bdfb11a5b73cd59d78069f684b378edaf39e440d2a995f87944521fa9d0c68,OK
.git\objects\38\6616a59cdb2a21f1f24a6c72526bce0360cd24,C:\SNS_24AutoProject_250723\.git\objects\38\6616a59cdb2a21f1f24a6c72526bce0360cd24,8d3b7c75b4293bd15522933d0345b37a25671bd80ba673729ce0d247d7cab5c6,OK
.git\objects\38\962582596ea42958f3f897fbbffcdd3a58269a,C:\SNS_24AutoProject_250723\.git\objects\38\962582596ea42958f3f897fbbffcdd3a58269a,c501bb61e841f1bc32c2be49a1ef3042e5b431c809635fb8157d0b9f65957265,OK
.git\objects\39\11d37817433a513b1b364fd94001cb75ac5cba,C:\SNS_24AutoProject_250723\.git\objects\39\11d37817433a513b1b364fd94001cb75ac5cba,47ccd0908a64dd3be3b37ae7ef24ba6bc105aa60d040a8689a6c5dd944177594,OK
.git\objects\39\2ff190d0c90ef62b593273cc810e6babc07157,C:\SNS_24AutoProject_250723\.git\objects\39\2ff190d0c90ef62b593273cc810e6babc07157,0b091503a301e84684669c221dcc625885f8962efcf58a900398d682548d40b0,OK
.git\objects\39\658c0bd2d61aacd25f75439e81ea16c3e33db8,C:\SNS_24AutoProject_250723\.git\objects\39\658c0bd2d61aacd25f75439e81ea16c3e33db8,74012d75eac110f83d34bc5b6fe6f9cfc0e0868f190f4e74b49aed81ddf0b0a8,OK
.git\objects\39\bd7893a768630ba0077240c7ab9269853790db,C:\SNS_24AutoProject_250723\.git\objects\39\bd7893a768630ba0077240c7ab9269853790db,76416147fa36e86bdb35b05f69822e7c1aef953530571efdb9508a778982ad33,OK
.git\objects\39\c690a6b8522abc4525f7748a69e59f4da9197b,C:\SNS_24AutoProject_250723\.git\objects\39\c690a6b8522abc4525f7748a69e59f4da9197b,eb27de8897df80d96122c08110f0b3e46e503473f4a7336a93e6137be160788a,OK
.git\objects\39\c74fdbba18596fb5148dd31e39a85cac05fdd1,C:\SNS_24AutoProject_250723\.git\objects\39\c74fdbba18596fb5148dd31e39a85cac05fdd1,1ad87e787859d4857c86e77d4c7326e57313e0c84d9a5fc67203d4674ecab95d,OK
.git\objects\39\e88a76a38975d62fe9f46c5facc763b54c0b88,C:\SNS_24AutoProject_250723\.git\objects\39\e88a76a38975d62fe9f46c5facc763b54c0b88,49c393718c030041245480a2b41ac0f274a5db174d986d85247cc56a955093fc,OK
.git\objects\39\e8fc0575fc5a2cff4db462ff55993451dc902b,C:\SNS_24AutoProject_250723\.git\objects\39\e8fc0575fc5a2cff4db462ff55993451dc902b,a40a679a6b29e91dedcfe224bde816d13d4a99b9443345806184401270c7e56b,OK
.git\objects\39\f39a83317e18a403ece04e18a00e72e85bcae1,C:\SNS_24AutoProject_250723\.git\objects\39\f39a83317e18a403ece04e18a00e72e85bcae1,9f4174020eea8e325f7de6d38edd79846d24eefec42847ad5a6ed1ec0a1c7821,OK
.git\objects\39\ff3add70498a6c06b9bc46e54d73c420fe9c49,C:\SNS_24AutoProject_250723\.git\objects\39\ff3add70498a6c06b9bc46e54d73c420fe9c49,0172aadedd7b39ce003281b02d3de099e941946396e51359cd269f7218eec7d5,OK
.git\objects\3a\335b37165d2b3d6a09a1716cb158e272087c9f,C:\SNS_24AutoProject_250723\.git\objects\3a\335b37165d2b3d6a09a1716cb158e272087c9f,8660b133b56e5b45c93d2c12ca91a8baa56c90c14e4ed9a27d3ab423a9d1fc97,OK
.git\objects\3a\493e3d5a93f08201c41cb25616015963254589,C:\SNS_24AutoProject_250723\.git\objects\3a\493e3d5a93f08201c41cb25616015963254589,91163fdb15d6254d5edeba0427b55d790fafa6998bee6180185a065b69dc3015,OK
.git\objects\3a\88e6f7c51ab7da8b078e6cac52be030418ab8f,C:\SNS_24AutoProject_250723\.git\objects\3a\88e6f7c51ab7da8b078e6cac52be030418ab8f,a3eca455dedce250e7926f5da63b3456034049ba907180809ab2fd6dbf43e7ec,OK
.git\objects\3a\99c4174aaa2366e4988010162a135b47f72a5e,C:\SNS_24AutoProject_250723\.git\objects\3a\99c4174aaa2366e4988010162a135b47f72a5e,9612acacb1d7fe86be5120efb0841449deb1b90bf1ff8167da30813ec641b568,OK
.git\objects\3a\9dc9f3eeda5948e0e3cbce1377dad48d0efcda,C:\SNS_24AutoProject_250723\.git\objects\3a\9dc9f3eeda5948e0e3cbce1377dad48d0efcda,08af4e275506b60f793baaea6ea859036a715b6dbafb0decfd277e1ebe307590,OK
.git\objects\3a\a935d2311ae3bf87982c1b12e65deaa2241a61,C:\SNS_24AutoProject_250723\.git\objects\3a\a935d2311ae3bf87982c1b12e65deaa2241a61,28b88b9255bb779324e9e62bab14c980833f6d1f58131221b7908a75b4b3740f,OK
.git\objects\3a\db8e1bf7c6ec51f1c100538799271d7d7a6e6f,C:\SNS_24AutoProject_250723\.git\objects\3a\db8e1bf7c6ec51f1c100538799271d7d7a6e6f,7a2a5f269c0b19915ff115ed824aaba3b9819a2eea75c9c82feaa48586280110,OK
.git\objects\3a\f86553f3c56742555917a2b4dc046d004d572d,C:\SNS_24AutoProject_250723\.git\objects\3a\f86553f3c56742555917a2b4dc046d004d572d,dc01c61c57b91d5877d019d20d8a57c49772840983ffa0d66bfd166c12be9606,OK
.git\objects\3b\131bb10e100bc2dd619d57367a4e43c86e5316,C:\SNS_24AutoProject_250723\.git\objects\3b\131bb10e100bc2dd619d57367a4e43c86e5316,01fc7a04f539682ec1e338051d6173ef4b2b1108ec8cae3a6afcdd26682118b6,OK
.git\objects\3b\263f130a6cb67cbef580bc2d863e7a3ea95311,C:\SNS_24AutoProject_250723\.git\objects\3b\263f130a6cb67cbef580bc2d863e7a3ea95311,3d7823d49d84b5bda886cb480d2bdae35239ef408258171b3e8d50bcb29daaf9,OK
.git\objects\3b\359ea8f5859056f59649e75e1d6670683cb519,C:\SNS_24AutoProject_250723\.git\objects\3b\359ea8f5859056f59649e75e1d6670683cb519,5c1912fd46d0d14799e0d3c5bab25d85581c11c5570752bd19b4cba060337100,OK
.git\objects\3b\4186d61152629b764efc4222e41647b65f7fbb,C:\SNS_24AutoProject_250723\.git\objects\3b\4186d61152629b764efc4222e41647b65f7fbb,cbda86a76ca98a6009b8ae0bb4a14a809e47f84a8cd870d911fa4f86960cd5da,OK
.git\objects\3b\5d6eb41883a7b32819f387b4c03c93e9d489cf,C:\SNS_24AutoProject_250723\.git\objects\3b\5d6eb41883a7b32819f387b4c03c93e9d489cf,6962a97a7d749a2255fa86d4ed46e926feb537e1152779e1c298a9ff8a686edc,OK
.git\objects\3b\6557f57b7ab5a96054057b6a7275bdea412310,C:\SNS_24AutoProject_250723\.git\objects\3b\6557f57b7ab5a96054057b6a7275bdea412310,990ef5bd346126a057ff539c639d58c4de0bd7e62a3b4614392ab337d191bf68,OK
.git\objects\3b\7692399e8dbddd01bf501d7719205a5bf3a52b,C:\SNS_24AutoProject_250723\.git\objects\3b\7692399e8dbddd01bf501d7719205a5bf3a52b,6a5ccc81e3a77d60ec637658ca6d5896d41e8ddfc2222852e2dfec323dfe9adf,OK
.git\objects\3b\9ecacf6eef72366df1cc847c0d4666efc8a48c,C:\SNS_24AutoProject_250723\.git\objects\3b\9ecacf6eef72366df1cc847c0d4666efc8a48c,98c379c0e9616f2aa7c9a85f7c10b5b4d136cbc5ac018773b6f528d251a861ec,OK
.git\objects\3c\46f19ce1ea07db7767239edfcdb21d0bd303a8,C:\SNS_24AutoProject_250723\.git\objects\3c\46f19ce1ea07db7767239edfcdb21d0bd303a8,b55207b6218baaaf6eb1f31fac350e3e0846db42e16d415c4580558dea1cdbf2,OK
.git\objects\3c\519063f50feb3bf4aa60514a96fb4aa8ae1a0c,C:\SNS_24AutoProject_250723\.git\objects\3c\519063f50feb3bf4aa60514a96fb4aa8ae1a0c,6f0a881caf126587c27b9b94ace0e432044aa25e9ab0caeb76a31fccf1b168ae,OK
.git\objects\3c\9e52422775c73f3d0c76669f7cee5b32eee27e,C:\SNS_24AutoProject_250723\.git\objects\3c\9e52422775c73f3d0c76669f7cee5b32eee27e,b515e749c3d223d2aba3e05e6805b49b951501c5b8a10e75510be1eb62b652af,OK
.git\objects\3c\c39a1e1a37717991b3bc7e7d329efdd3d111f1,C:\SNS_24AutoProject_250723\.git\objects\3c\c39a1e1a37717991b3bc7e7d329efdd3d111f1,807c88608e89fbf77add5cb02704168fb721249705c404c2cf8695aa66332a21,OK
.git\objects\3c\c7d56c1f60b4db8458b0996dfff9f853c020a3,C:\SNS_24AutoProject_250723\.git\objects\3c\c7d56c1f60b4db8458b0996dfff9f853c020a3,830a19202c5c063f342e4c9d9ffe28c8d9f3825292716fb114c57e6e961c429a,OK
.git\objects\3c\f597d83f90403132573d78247e6d02e66d0583,C:\SNS_24AutoProject_250723\.git\objects\3c\f597d83f90403132573d78247e6d02e66d0583,0858d1627eef72f37193f797407ff4198dc38261bd925c5dcb141a33bc69ace1,OK
.git\objects\3d\0b46ae77baa966a03418d61fbd1da9d141366e,C:\SNS_24AutoProject_250723\.git\objects\3d\0b46ae77baa966a03418d61fbd1da9d141366e,a39127f24f91f09492e07b9759d46a2afade50aa8d45162acf6af583134b96d9,OK
.git\objects\3d\1fededc15a5f0f1ca39c4fdac691a5b4aaaad1,C:\SNS_24AutoProject_250723\.git\objects\3d\1fededc15a5f0f1ca39c4fdac691a5b4aaaad1,1690dd051494e60237b32f5d67adb8053e7f111b4b97892ecd3cf2c67b76da96,OK
.git\objects\3d\614920ada7d9345b37fc066039facbeaf446c7,C:\SNS_24AutoProject_250723\.git\objects\3d\614920ada7d9345b37fc066039facbeaf446c7,99a7df95b2d6585464cccfe61e25af6e8e61e0c1bd3664905f2ba3b2e865e17b,OK
.git\objects\3d\6dccc4aceb09ce8154743a7aa18304968f0e26,C:\SNS_24AutoProject_250723\.git\objects\3d\6dccc4aceb09ce8154743a7aa18304968f0e26,9aad779d35dd4ce3c8b74229773522f655d26d9458aefb69e0e29e5c5946c22b,OK
.git\objects\3d\82bab18700d850f929bee377d7b4a45dafbfa9,C:\SNS_24AutoProject_250723\.git\objects\3d\82bab18700d850f929bee377d7b4a45dafbfa9,e65f8ab3674225eb234117e38851ea91053665f02158cd9bcf6d3f64a8ca8824,OK
.git\objects\3d\9f191e3acad56fb4f73ab44a74c50cdf91c12e,C:\SNS_24AutoProject_250723\.git\objects\3d\9f191e3acad56fb4f73ab44a74c50cdf91c12e,9853846485cd72c449550d9cd3a656ad8bf62e95fb3c72ed33f689ab148384ea,OK
.git\objects\3d\eb8353b79f354e62fe3a31d4141370b2384928,C:\SNS_24AutoProject_250723\.git\objects\3d\eb8353b79f354e62fe3a31d4141370b2384928,ee4191471fc627df58cdc6061f323bca69a0b41729bec309eb7656267e38f13d,OK
.git\objects\3e\2d5dd648daba1af646152e7b9b0f9a3ec3d726,C:\SNS_24AutoProject_250723\.git\objects\3e\2d5dd648daba1af646152e7b9b0f9a3ec3d726,22a9dc1db7cb3bf2eea0a7aa6d2077d537c0803f47039fdb6468bb3508133e21,OK
.git\objects\3e\7443c834a01a81cfaec55aac99d0e53f4f5bbb,C:\SNS_24AutoProject_250723\.git\objects\3e\7443c834a01a81cfaec55aac99d0e53f4f5bbb,23943f66ab30b8e24d3a1b6b21fc9ecc380e6906bf3fea37fcae110cb423b8d6,OK
.git\objects\3e\7e6b85ac759f4310fc16a39e4ab2caf43eae9b,C:\SNS_24AutoProject_250723\.git\objects\3e\7e6b85ac759f4310fc16a39e4ab2caf43eae9b,e7ab314eebc0b551f1fd04bf9290c4b72651ae2c5b913f9db842721fc747f2ad,OK
.git\objects\3e\8cb5b2980d64d5a35f1b12e94ae12c685525b4,C:\SNS_24AutoProject_250723\.git\objects\3e\8cb5b2980d64d5a35f1b12e94ae12c685525b4,f7f1ce6a2987f37715eb9e2a9272135b6af411c01c519bd5718827eb6152f898,OK
.git\objects\3e\d2efef03d7dba7a01b41c479173dfa4fa83e13,C:\SNS_24AutoProject_250723\.git\objects\3e\d2efef03d7dba7a01b41c479173dfa4fa83e13,3f2450cc4cd6d1647bf61b1c6ef5df75e6df93726339f89bf94c4391360cf5f1,OK
.git\objects\3f\3093c359ad0e5c5fe4120b0fac06a5cd47d861,C:\SNS_24AutoProject_250723\.git\objects\3f\3093c359ad0e5c5fe4120b0fac06a5cd47d861,8173d9cd07f17d62f7c01bc82e3fa6562bd3eb0a1fac1d65cbd7f2d7269f4aa3,OK
.git\objects\3f\3ebc9c410fe2a33ad26a5d02bb99b9503e1f72,C:\SNS_24AutoProject_250723\.git\objects\3f\3ebc9c410fe2a33ad26a5d02bb99b9503e1f72,6ff12580bbfeabf778ddb03d086b168d619c21021da3af9b6ace809ff2fb3ed5,OK
.git\objects\3f\9f0e93dcb2e1df4a6c98cc479319a7bcca351a,C:\SNS_24AutoProject_250723\.git\objects\3f\9f0e93dcb2e1df4a6c98cc479319a7bcca351a,71ba784c1ecfb9caf19112dc5444820f5d9c9374e48bdc4b3b1dc567038b6345,OK
.git\objects\3f\c539a67ea0d8ec823e821c4314672b20eb660c,C:\SNS_24AutoProject_250723\.git\objects\3f\c539a67ea0d8ec823e821c4314672b20eb660c,7166f7ab2a616c779dbccd5a224a8c63040a2c0d1389692afec84ab7f51811e8,OK
.git\objects\3f\d3bbd54a34517c7bd77b0b84c66d1ebc9694f8,C:\SNS_24AutoProject_250723\.git\objects\3f\d3bbd54a34517c7bd77b0b84c66d1ebc9694f8,3a7d3610a3c0f4e2eb6cbe1225db0ec81e755e98909256edd2ce45588c1ce8f4,OK
.git\objects\3f\f30a32ef19ad415e298ce3adc19ef486e4501a,C:\SNS_24AutoProject_250723\.git\objects\3f\f30a32ef19ad415e298ce3adc19ef486e4501a,914b8847bcb2298804f875fc6442b19e19558899869f08e1fd7fa6966a3d0891,OK
.git\objects\40\051ddf63a32d79e5233b916e3911d6dc3ef759,C:\SNS_24AutoProject_250723\.git\objects\40\051ddf63a32d79e5233b916e3911d6dc3ef759,ba61b5bee9638ba66b201d4e19fbf36d3b4ed086926de979be6ac4fc05501ef3,OK
.git\objects\40\29152f972cb150d26fcb659c573022954f92e4,C:\SNS_24AutoProject_250723\.git\objects\40\29152f972cb150d26fcb659c573022954f92e4,f221df37fc3632d3757a776237aa37a7ef38a41713542076cd77725fb72c69d2,OK
.git\objects\40\2c015ec6b1071499155f7d28739db68be7763f,C:\SNS_24AutoProject_250723\.git\objects\40\2c015ec6b1071499155f7d28739db68be7763f,d9eabe73a604aaba5e9071e67a8baa2bdb271501f6ba9f57ce0b62cfa73cda5a,OK
.git\objects\40\7138caf94e467b52d925f96ad80b506e16d9ec,C:\SNS_24AutoProject_250723\.git\objects\40\7138caf94e467b52d925f96ad80b506e16d9ec,0988f3223104e006caa40353ecd0dd7b837d5792e1700bf0a17939a07f6ec6c3,OK
.git\objects\40\831be11e0ab028ada80cecf5fdc0e2a233ee17,C:\SNS_24AutoProject_250723\.git\objects\40\831be11e0ab028ada80cecf5fdc0e2a233ee17,83af038cdb1f1f2a0f34dce851afe44359b1775ab1076942429ce5d7ed005443,OK
.git\objects\40\bf0d7860742af7af566f8c47f12336186deab7,C:\SNS_24AutoProject_250723\.git\objects\40\bf0d7860742af7af566f8c47f12336186deab7,40d7302c1acb7e37e7758e51b8b51ac6651219b7e15f6f0d8127370a9767dd57,OK
.git\objects\40\cf664bb6b7068a84f1a19a28269813270449dc,C:\SNS_24AutoProject_250723\.git\objects\40\cf664bb6b7068a84f1a19a28269813270449dc,a800db849e37b76c35dc868a2f026e1ba6db8e581eb1d320c4f75a0a91b56acb,OK
.git\objects\40\d7124e5346af056c75e2f7012a51d94e8154b7,C:\SNS_24AutoProject_250723\.git\objects\40\d7124e5346af056c75e2f7012a51d94e8154b7,270eea4479d020a26369bf4bcd58b2da4e6b1a2cfcc5ba002088b77fb3b656db,OK
.git\objects\40\d881f30c33c61c05006024190a663821856068,C:\SNS_24AutoProject_250723\.git\objects\40\d881f30c33c61c05006024190a663821856068,6faeda1d8f8d9f328cfc3b0cb5485d365778228c722e1e334cb807fee4b1c6bc,OK
.git\objects\40\ec89f85376811f345f735e6e6fb410b4450aed,C:\SNS_24AutoProject_250723\.git\objects\40\ec89f85376811f345f735e6e6fb410b4450aed,528f15f953472ff784ed88feb9b98ceaff3282eb48530c4a67364df115630426,OK
.git\objects\40\f226653dcbc2a5fea2a46973236bb0ea80534f,C:\SNS_24AutoProject_250723\.git\objects\40\f226653dcbc2a5fea2a46973236bb0ea80534f,eb1fb6bb05254d7bce13c9602735edc934d32469ec4d4ff3144a1bf94c3d2ca8,OK
.git\objects\40\f4ee8ee1b347a137bbaf6f03c7971771ba3087,C:\SNS_24AutoProject_250723\.git\objects\40\f4ee8ee1b347a137bbaf6f03c7971771ba3087,fe1c70bf1154aa23833c592cdd4e327520f7aeb921171ddaebfbfc94f841bc8c,OK
.git\objects\41\0b869cd1964b6c3002d00493bffbb70d07ae33,C:\SNS_24AutoProject_250723\.git\objects\41\0b869cd1964b6c3002d00493bffbb70d07ae33,dc662eb1cf3fcbe362b51c44f3f8af95160b6a412a06c37c45b66a0d91726244,OK
.git\objects\41\1a839b84d3c629bf7eb623024077efe614ed07,C:\SNS_24AutoProject_250723\.git\objects\41\1a839b84d3c629bf7eb623024077efe614ed07,d65299876a86e1f6d691edfd28da5ee08b22d6a541221304a06790fcb6fc7a8b,OK
.git\objects\41\5112b069f1b17686e330700491f45fac7ebb0c,C:\SNS_24AutoProject_250723\.git\objects\41\5112b069f1b17686e330700491f45fac7ebb0c,e5f6a6a53223badf0d2f2d4456d96fe02ad49d8363a2efb2f8064198a5aace90,OK
.git\objects\41\8228ca57e25b741bff8c0134455c0ec93e7f8e,C:\SNS_24AutoProject_250723\.git\objects\41\8228ca57e25b741bff8c0134455c0ec93e7f8e,5177e6d369cb00ba7c79da87ebe49d8f5fa2e4a5604e4c0ff0bcd704ff0c55a1,OK
.git\objects\41\8eb8feba9003752449cb155c46f06e409ee093,C:\SNS_24AutoProject_250723\.git\objects\41\8eb8feba9003752449cb155c46f06e409ee093,1c68032ec312d526dbb657388cecf1d8d5f3ca7c3bad1217e7868135bba894b7,OK
.git\objects\41\c61e617273377bd87ab427b2cf127f791ccda0,C:\SNS_24AutoProject_250723\.git\objects\41\c61e617273377bd87ab427b2cf127f791ccda0,4f74041f4588da7a25b56cbb6f7252c6f8ee417ed8903ae7e9f40d5ecc84aba2,OK
.git\objects\41\de7a9c3c5f7ee7ca5056341b93d9c606f0e060,C:\SNS_24AutoProject_250723\.git\objects\41\de7a9c3c5f7ee7ca5056341b93d9c606f0e060,35a2abe19f8da1605564d3e69c0e139ff1a5aae2fe045c64bf2212999cbf59b7,OK
.git\objects\41\e835d9f4c780c7c15971ad635da6412af530df,C:\SNS_24AutoProject_250723\.git\objects\41\e835d9f4c780c7c15971ad635da6412af530df,82bb69f9007e29349eabe5f2c6f916ec621d8448c13e2208ab1bc77c1e7ed6a2,OK
.git\objects\42\4eeaf6cc3bc9ebe10bd40a7d089de27fd273db,C:\SNS_24AutoProject_250723\.git\objects\42\4eeaf6cc3bc9ebe10bd40a7d089de27fd273db,58a276161a3f5fb4c5208280b5b8bdeff246add7696676376eec3c001dbfb0cf,OK
.git\objects\42\7fa563033fdd8533ae56337fa20befe9719b42,C:\SNS_24AutoProject_250723\.git\objects\42\7fa563033fdd8533ae56337fa20befe9719b42,c7b09208abd0bda587cc6d93879345e5afd897be82e57c82d7d6d070fe894f70,OK
.git\objects\42\9f85a28e2182e0364d914b929dd7a2d70f8939,C:\SNS_24AutoProject_250723\.git\objects\42\9f85a28e2182e0364d914b929dd7a2d70f8939,e09546ba1b21282c328a085a4079e415975644bb231a408048d48106a296473b,OK
.git\objects\42\c9135d54d6ed27d39c9edc35ec5f86636f2532,C:\SNS_24AutoProject_250723\.git\objects\42\c9135d54d6ed27d39c9edc35ec5f86636f2532,46296311cd1d3a6fea945471ee56e47e208e8001b29f50a6860f9f109018ea01,OK
.git\objects\43\03b903e5e007484c0d8e1eea43a35e9b53f38b,C:\SNS_24AutoProject_250723\.git\objects\43\03b903e5e007484c0d8e1eea43a35e9b53f38b,04cf91a320c663555df05872da18c9e3df37549930009da271b57730e78ef7c4,OK
.git\objects\43\0dd8041f50221c92b297a3ee5e9fe767a8d176,C:\SNS_24AutoProject_250723\.git\objects\43\0dd8041f50221c92b297a3ee5e9fe767a8d176,a4c9b2663eda0d8eda4b35946727d36ac99678942daa9237ef7e9cd372d7e893,OK
.git\objects\43\236498f681cc06f64ca2afa613880331fe6fbb,C:\SNS_24AutoProject_250723\.git\objects\43\236498f681cc06f64ca2afa613880331fe6fbb,68e71f91f6cbb7047177c6c4f13f461eb62c119d271ff76254ae6afe12294691,OK
.git\objects\43\7a47310ec174736b0efbbe9e7e9a8cc26c150c,C:\SNS_24AutoProject_250723\.git\objects\43\7a47310ec174736b0efbbe9e7e9a8cc26c150c,9384558fd61542318b51e1cd2e71bd3890c40d2115ed90405d3c1e5c70ff0b57,OK
.git\objects\43\a1cd1da4d73fe8785e15d40bc509c95f2c0432,C:\SNS_24AutoProject_250723\.git\objects\43\a1cd1da4d73fe8785e15d40bc509c95f2c0432,5dc93818219fd58604eb75eca17552c5edc1e6598f9a48bc75369e285f53b1f7,OK
.git\objects\44\1fe3f2dd133fd081247131d860bac327107499,C:\SNS_24AutoProject_250723\.git\objects\44\1fe3f2dd133fd081247131d860bac327107499,d834ffadfa367b701591e4787a42d890df14d6b9e4cd41267d6dd52863b6c8ad,OK
.git\objects\44\7186c950844446f2c6ef6b43513341187f4a99,C:\SNS_24AutoProject_250723\.git\objects\44\7186c950844446f2c6ef6b43513341187f4a99,f1a4d553a4dd3cb56a24d1b4c9ad08ac953fd1be5bbd6927b89a4dc6c1505139,OK
.git\objects\44\bce16e9ffc66feffa9bd9cbc0ae4172995457e,C:\SNS_24AutoProject_250723\.git\objects\44\bce16e9ffc66feffa9bd9cbc0ae4172995457e,6196889c863a47a29cda9014d78a2b0408db8678333b24b1880750d0ddb6b559,OK
.git\objects\44\ccee20d9cc33cac3f304338c8113e61aa4b3cb,C:\SNS_24AutoProject_250723\.git\objects\44\ccee20d9cc33cac3f304338c8113e61aa4b3cb,78a0ea49fb399b96d5380ed83d159628dc847a08a1995a38a53248b813ebe8b2,OK
.git\objects\44\ee67a0e657d89cdd558617ae5c98aab3d965e3,C:\SNS_24AutoProject_250723\.git\objects\44\ee67a0e657d89cdd558617ae5c98aab3d965e3,8ecbda46d8f3b59381e06505d1c7192a6f8764c0992be479e16ab3dcab750f06,OK
.git\objects\45\118a4f4b73e55879aaa81a8536e7214538f0e8,C:\SNS_24AutoProject_250723\.git\objects\45\118a4f4b73e55879aaa81a8536e7214538f0e8,ac4a3d4797bceed2cb7e7d69edd1dda5f90d934f2248c2d49bbcd4d36d17d0da,OK
.git\objects\45\1f3490096338f40e601628ac70f04112ace51d,C:\SNS_24AutoProject_250723\.git\objects\45\1f3490096338f40e601628ac70f04112ace51d,ea2afd739accdcf47f15b94dd312d2897cbd50013b9c5c8e439fa700a6252c7e,OK
.git\objects\45\32dc17f5908400029efad5ca90284256e8d087,C:\SNS_24AutoProject_250723\.git\objects\45\32dc17f5908400029efad5ca90284256e8d087,59d5888047f120869839aa7f1dd5de81fcd9e5e9863a01764a8964fc95289738,OK
.git\objects\45\3ffb2047554cf3b271ce1ff258b63c185a7809,C:\SNS_24AutoProject_250723\.git\objects\45\3ffb2047554cf3b271ce1ff258b63c185a7809,4aea2c2a01e14a9d6f25f61cd6bfa135f16df54d7d71e3aeb54687d8c125af96,OK
.git\objects\45\6539f6f8c5fcc718f609425d240febdd15920f,C:\SNS_24AutoProject_250723\.git\objects\45\6539f6f8c5fcc718f609425d240febdd15920f,65f6f820991cada6577a1e1e6c10447a03a25c53cf9321dbbb062039e1fb5d1b,OK
.git\objects\45\8747f6738779268f3a7fe64384a9469a19d99c,C:\SNS_24AutoProject_250723\.git\objects\45\8747f6738779268f3a7fe64384a9469a19d99c,722def12ef4df5ca729063d5c52ea0ff59cd08876dda1639127a8fb863df6c17,OK
.git\objects\45\a27b438517846abb2170b104ebe374bea967ba,C:\SNS_24AutoProject_250723\.git\objects\45\a27b438517846abb2170b104ebe374bea967ba,a3fff120cdd52ce6d06440b822d5d645e8acfcfe6a917541b14e66ef4f6833d0,OK
.git\objects\45\ca98b9a202bcd2bd5720ba8ab8f9488d8b2040,C:\SNS_24AutoProject_250723\.git\objects\45\ca98b9a202bcd2bd5720ba8ab8f9488d8b2040,ce71a8a7a5bd1897b75e456b182f4e8984ecb853aad9d34f561b06755b2c6abf,OK
.git\objects\45\e2b8b9f761d9144fbc054a8f461d557a3f7690,C:\SNS_24AutoProject_250723\.git\objects\45\e2b8b9f761d9144fbc054a8f461d557a3f7690,10a37ecda65618e7b8d80c113f6a1e0d60d5c826c3723f98d360cf3fcc0f7e51,OK
.git\objects\45\f7b97f0bd3e292ed0da73e0fd143afbaee889a,C:\SNS_24AutoProject_250723\.git\objects\45\f7b97f0bd3e292ed0da73e0fd143afbaee889a,be37186e2d986470384a598f189c97dc4d494ec2f5b10fb5983c161ff18596bc,OK
.git\objects\46\14e4fc4353a7094ba5173a0bd09158ef49d9a9,C:\SNS_24AutoProject_250723\.git\objects\46\14e4fc4353a7094ba5173a0bd09158ef49d9a9,11cd9846d0bf5f97e34d947be37d4b608ab34a31c25cc39d2adc50f9dad25c3f,OK
.git\objects\46\3c5260efe29d6a9d05a018a3462a862781c3ea,C:\SNS_24AutoProject_250723\.git\objects\46\3c5260efe29d6a9d05a018a3462a862781c3ea,6aa02beca1c29cd96ad570e12cd7db7f4b7e3d756b23f25aa9a8f6c0ff5b6ac2,OK
.git\objects\46\7502ace3dcc7737a047a5883799891814e2895,C:\SNS_24AutoProject_250723\.git\objects\46\7502ace3dcc7737a047a5883799891814e2895,68eb06d4c39c4a69737db11e323a9fdff945c4213be615e298568016752ea6df,OK
.git\objects\46\ecade41ada08fad4c1ae389cc4e9b6e902de24,C:\SNS_24AutoProject_250723\.git\objects\46\ecade41ada08fad4c1ae389cc4e9b6e902de24,2a5cc0941159a82c8926e71ef4921328a3a13a8334e19ee492fba9b7ede32f2f,OK
.git\objects\46\f7a341beb0454325d5ab148b4b9a0fe59402f0,C:\SNS_24AutoProject_250723\.git\objects\46\f7a341beb0454325d5ab148b4b9a0fe59402f0,ab8c5eae73e19d9331957332c0acfd41a2f85bfd35d44789806e129fb8904573,OK
.git\objects\47\14026fe9cf441c50a15ddafaf4002e5111c1bd,C:\SNS_24AutoProject_250723\.git\objects\47\14026fe9cf441c50a15ddafaf4002e5111c1bd,a7096126b4f8323dde9db4dd54d56c8bc4ae8ee6101445b525d3f4d8c3f97414,OK
.git\objects\47\1943242b42906a28ca684d45452918c81ab380,C:\SNS_24AutoProject_250723\.git\objects\47\1943242b42906a28ca684d45452918c81ab380,c8f6321ecc97697f6b6001ffac5b7a6cd923df0c8961af62898993987a6d54f2,OK
.git\objects\47\217a6c975cc7ec53f28884b9f8e2daa993d74e,C:\SNS_24AutoProject_250723\.git\objects\47\217a6c975cc7ec53f28884b9f8e2daa993d74e,dd21d5f49eb402830a1c46eebe78cefdee53afb4a90439f5ba86c0bcbbd37601,OK
.git\objects\47\661d40a4188eb39e8d52e5af8ab23ef7f23766,C:\SNS_24AutoProject_250723\.git\objects\47\661d40a4188eb39e8d52e5af8ab23ef7f23766,dcdd872a4e9c6cae9fda3f44836357429566dfc1025193a711b2d533c8c93db2,OK
.git\objects\47\a767e88b80d010000d6a94421aa705ef1799f1,C:\SNS_24AutoProject_250723\.git\objects\47\a767e88b80d010000d6a94421aa705ef1799f1,09aa38b6ffbe12669896663813294461b1030d0185faf95766389619f534b77f,OK
.git\objects\47\a7d7e37e809f45b0cc8c3dbc07ab8650a364d0,C:\SNS_24AutoProject_250723\.git\objects\47\a7d7e37e809f45b0cc8c3dbc07ab8650a364d0,57c32f33d1a39d1c8558091018c81cee1525d71a95c9d67d3e7998fb62d80b95,OK
.git\objects\47\b6a5c41a53d7d278826d3b55f02523c6c500fc,C:\SNS_24AutoProject_250723\.git\objects\47\b6a5c41a53d7d278826d3b55f02523c6c500fc,e6c390121feccf467e3ee8c4dd29cf60443b17b60afd0ab269c7e4d8558b95f9,OK
.git\objects\47\e4ceeee10c91f9bbbe029f696eafdc516027e6,C:\SNS_24AutoProject_250723\.git\objects\47\e4ceeee10c91f9bbbe029f696eafdc516027e6,93608060150f57f5f8b488cb316735c9ccb4a0ffd281590d1c804dfc3f949a98,OK
.git\objects\47\e655af39474d78383a448693366cbb46c9b2b8,C:\SNS_24AutoProject_250723\.git\objects\47\e655af39474d78383a448693366cbb46c9b2b8,02ffa2c0920442d3d83c9d144a4373476c4a20957dad1c0e518c402fa956bc32,OK
.git\objects\47\fa04e05d7c36e286db0fef949f8273db20723d,C:\SNS_24AutoProject_250723\.git\objects\47\fa04e05d7c36e286db0fef949f8273db20723d,71c9bfab6c5bb5840c5b359a6bdda040a0d2a0834ffff21e85b8448ded15a539,OK
.git\objects\47\fa6ec7ec7acdd05aed1ad77224612e3f047f4e,C:\SNS_24AutoProject_250723\.git\objects\47\fa6ec7ec7acdd05aed1ad77224612e3f047f4e,7d18fe112b246c2c6c7af03302319d86b2a709e81a627dd2c60813f8a98ba2b0,OK
.git\objects\47\feb50c346a1522e7a5b36922ad5f35648aeead,C:\SNS_24AutoProject_250723\.git\objects\47\feb50c346a1522e7a5b36922ad5f35648aeead,31164e60d29cb1a9b24e7a97c536ec53b51b1a53d710b6d6f9378ea231216fa1,OK
.git\objects\48\11075201b71cfd250b5ec3c77bb67403a3473c,C:\SNS_24AutoProject_250723\.git\objects\48\11075201b71cfd250b5ec3c77bb67403a3473c,b7f4f99d9d9abd809f82bb7e1cf1f97c1b7d0d951c92c7334421b514d0391fcc,OK
.git\objects\48\1edd30580f00eccf69de4f1c332fc048210011,C:\SNS_24AutoProject_250723\.git\objects\48\1edd30580f00eccf69de4f1c332fc048210011,8d2e363bf67784665c5bbafb6fda6dcd798d8871ae5d1b231e4d864d7b077172,OK
.git\objects\48\1feda727b40aa5bb17b159c1078c9af6a7ec2b,C:\SNS_24AutoProject_250723\.git\objects\48\1feda727b40aa5bb17b159c1078c9af6a7ec2b,a7df37f42ab8ed177d9dc23bdeec82434c12318230abe23d4ec1f91111a6eed0,OK
.git\objects\48\412a4cbf9241ea83887876b1b8b22c367ff4fd,C:\SNS_24AutoProject_250723\.git\objects\48\412a4cbf9241ea83887876b1b8b22c367ff4fd,47795c6a05e393a4b8b263652a2040ea03705a6fc0b1c50d8ce46a86a8b68f17,OK
.git\objects\48\41b2f62b25e522e7239627427d6ec051d965f8,C:\SNS_24AutoProject_250723\.git\objects\48\41b2f62b25e522e7239627427d6ec051d965f8,488457668c2812c55b3c70674984c13e5a6ece738734b85b9afaad40c36c4e5f,OK
.git\objects\48\cfae3007a0e2736931edceda409f8479ad8fd4,C:\SNS_24AutoProject_250723\.git\objects\48\cfae3007a0e2736931edceda409f8479ad8fd4,2cd2dc55bc24fa414054c7079bdb68c160a7143168cc0922072f7825488bc213,OK
.git\objects\48\e41c12a6b134735d6e521261fd37c300aac48b,C:\SNS_24AutoProject_250723\.git\objects\48\e41c12a6b134735d6e521261fd37c300aac48b,2154c439b3c392fcaec72ee4f84c06749129c7762edebd5eb87f5c47bbb5aebc,OK
.git\objects\48\f395394c7cf77568f16cba0750f6af99c4c571,C:\SNS_24AutoProject_250723\.git\objects\48\f395394c7cf77568f16cba0750f6af99c4c571,71df36c23dea855b1ff1921fe293c59cb2bc65a3e3a8469765c0fe714e3c7467,OK
.git\objects\49\05ea72b1640ca67e35b06395e1c700dffa8d21,C:\SNS_24AutoProject_250723\.git\objects\49\05ea72b1640ca67e35b06395e1c700dffa8d21,ff465ae0aab923881cedfd1738f658bc3be7ca63204bcca8b53ca86b450e185a,OK
.git\objects\49\59f604ba1ab854b8abd46474cdce87b070d162,C:\SNS_24AutoProject_250723\.git\objects\49\59f604ba1ab854b8abd46474cdce87b070d162,4cb26feadab6122f2805363405200553106125a4e17490f389350c3aa5e5eee1,OK
.git\objects\49\950a891055ce08d2c4e6d50a1ccf2fdcdd9761,C:\SNS_24AutoProject_250723\.git\objects\49\950a891055ce08d2c4e6d50a1ccf2fdcdd9761,839001735c7058192f8139827717a558da12d9a4c8929843330c5803db9ef7b4,OK
.git\objects\49\9d7b4d00dacd511f9a27150348782d7c53be19,C:\SNS_24AutoProject_250723\.git\objects\49\9d7b4d00dacd511f9a27150348782d7c53be19,a461ab63cc750f1c2a8d2c2f080ad401976120e22c14601e6e3e9ada4af424dc,OK
.git\objects\49\d0bdd5a45ffb31d2dee878e18838f8e6074b8a,C:\SNS_24AutoProject_250723\.git\objects\49\d0bdd5a45ffb31d2dee878e18838f8e6074b8a,2e54d2feac87ec0c270bb23cca64639400a084477694f2c03b9a7a094158abaa,OK
.git\objects\4a\1b7f408a9f8c6b407d08b6d873276640a7ebbc,C:\SNS_24AutoProject_250723\.git\objects\4a\1b7f408a9f8c6b407d08b6d873276640a7ebbc,df5f5d759e0c3f8fdbc9c435d422043414d9b08c87613062b2127cb443f5f980,OK
.git\objects\4a\3af92df9a956973c84a76bce9f884f773734a6,C:\SNS_24AutoProject_250723\.git\objects\4a\3af92df9a956973c84a76bce9f884f773734a6,947eedae0dbdd6a7a882abb8f570a0eb8b7e7ace4c9b9afe67da8ae41de9ba55,OK
.git\objects\4a\7472d2e10efbb7b6685237bf80f26b976caec1,C:\SNS_24AutoProject_250723\.git\objects\4a\7472d2e10efbb7b6685237bf80f26b976caec1,bce38cbce4ec06aeec2f02be20cda239d6cecded347b9f85f01aa152b3a6f6eb,OK
.git\objects\4a\ab5c6cb54d8615641b5381dbdd74d4b0986f73,C:\SNS_24AutoProject_250723\.git\objects\4a\ab5c6cb54d8615641b5381dbdd74d4b0986f73,ffb95eeb77afe67e2e578d47308b37c6d9a043dd1a1bda1730c34e3bf2e29c7c,OK
.git\objects\4a\c7582ad5ee895bf9b354436142fd7ece1996ee,C:\SNS_24AutoProject_250723\.git\objects\4a\c7582ad5ee895bf9b354436142fd7ece1996ee,0fde1f91cc78d1e2c5bd30c83b4f043154b4de49985b9126cfbdc8e9ba911ee9,OK
.git\objects\4a\ed2f60891b9e9ea2c16373b5959b0a346e7470,C:\SNS_24AutoProject_250723\.git\objects\4a\ed2f60891b9e9ea2c16373b5959b0a346e7470,410a6ce7d4d39e268340e33c989410c4518746691146e75c6e95e13567b5365c,OK
.git\objects\4b\2e0bd7e37b56ee3a883b86dcb046f0236325da,C:\SNS_24AutoProject_250723\.git\objects\4b\2e0bd7e37b56ee3a883b86dcb046f0236325da,fcca002c365f666316343809b594815d00c75d71406328de7efcc502d7055738,OK
.git\objects\4b\e4b39e7f8b9001d81620d634ff91d4cb0ba0d1,C:\SNS_24AutoProject_250723\.git\objects\4b\e4b39e7f8b9001d81620d634ff91d4cb0ba0d1,da022708413ef24487b0d0957eec9185b8b82afdada3aedac2d48422d70adc99,OK
.git\objects\4b\f24de1d9f8ebc410f120aa83d98b7e41d1e6c4,C:\SNS_24AutoProject_250723\.git\objects\4b\f24de1d9f8ebc410f120aa83d98b7e41d1e6c4,8e4c48c26a0cfeac11e0d53f6d9703b1ed30a392e23f2b4cbbb0754da802545d,OK
.git\objects\4c\00d20a8b00ac58cba7069a15b7f3d2f7521556,C:\SNS_24AutoProject_250723\.git\objects\4c\00d20a8b00ac58cba7069a15b7f3d2f7521556,7484df8e8bd76b5cd04743882466cc65415c2e6ee511bfe8585217dcaeed4b1f,OK
.git\objects\4c\27b2decd1159cf47285f0b18b5ed5178641e82,C:\SNS_24AutoProject_250723\.git\objects\4c\27b2decd1159cf47285f0b18b5ed5178641e82,b549eee920cdd4daabee7510f38f115e7152bbd7878e2c71431acc54854bdbfa,OK
.git\objects\4c\90ad2723fd3e9fe9fc88bd99e6a7e7b4676bba,C:\SNS_24AutoProject_250723\.git\objects\4c\90ad2723fd3e9fe9fc88bd99e6a7e7b4676bba,3539981df43c487db16e2ad30b5cbc492860ea46ebb0930e3c26c4ba8104086f,OK
.git\objects\4c\9703549a6b2c4cfc601de2b3f4926745733250,C:\SNS_24AutoProject_250723\.git\objects\4c\9703549a6b2c4cfc601de2b3f4926745733250,c948cecffc41dc299b8af4e0ce38c2f95dc559641d9a429ace977dcca3f4fde4,OK
.git\objects\4c\b0a758f7a8005cf666e0bf1a31039787cbc5a6,C:\SNS_24AutoProject_250723\.git\objects\4c\b0a758f7a8005cf666e0bf1a31039787cbc5a6,ec45eacbc849838ee4e43eaee6516c8aefe115a8d539abe9708a30e645e1db58,OK
.git\objects\4c\b1cbcd6343fc4bc4d69954e412ea508984be2e,C:\SNS_24AutoProject_250723\.git\objects\4c\b1cbcd6343fc4bc4d69954e412ea508984be2e,0d6a5de4fc92062333a43688ab4b4a0ab3a977044f5eb2ac4e3f47fe2b17edb1,OK
.git\objects\4d\4354c3aad789f6c6948260fd20aff7bad05332,C:\SNS_24AutoProject_250723\.git\objects\4d\4354c3aad789f6c6948260fd20aff7bad05332,028f85f793f552ec931716d0138276bd2f5a63c0a1274467028c17d7307302e0,OK
.git\objects\4d\50dc958b84ea7ba6e6c4ebd481fdcac33485ec,C:\SNS_24AutoProject_250723\.git\objects\4d\50dc958b84ea7ba6e6c4ebd481fdcac33485ec,f9cd527ca710c8af34711a596d69f16fca051ced353bee764218c850112eeb4c,OK
.git\objects\4d\74adafa02857a0d1fd67f46ae6b4cfc2e80265,C:\SNS_24AutoProject_250723\.git\objects\4d\74adafa02857a0d1fd67f46ae6b4cfc2e80265,5bd027354f266c453734e85847d145c73858b9efde20da3c7af7d03d0a4677a5,OK
.git\objects\4d\ab6f9005bea50a065c685ec8260b0da2bff921,C:\SNS_24AutoProject_250723\.git\objects\4d\ab6f9005bea50a065c685ec8260b0da2bff921,6b7cdb776186602e059bd7b9b7f9b96f6ee3ce9a31d366019d2a6bc70ef923fe,OK
.git\objects\4d\ab7ef0859c244b916d61b7489d7371881e0ca2,C:\SNS_24AutoProject_250723\.git\objects\4d\ab7ef0859c244b916d61b7489d7371881e0ca2,649a104e7bfb360655182398a16c05534fcad1488bfe16bc12e5b618ad10815a,OK
.git\objects\4d\d20f040175c5afeca429f55e91f0188f78ee60,C:\SNS_24AutoProject_250723\.git\objects\4d\d20f040175c5afeca429f55e91f0188f78ee60,bd00eb4a5aed517df6dc0c76a33ae8db0f6bfd7a6586ef5706f8823becbea777,OK
.git\objects\4e\0b53a082f11f9b9debf5e110b97b1b0473c9a6,C:\SNS_24AutoProject_250723\.git\objects\4e\0b53a082f11f9b9debf5e110b97b1b0473c9a6,5bc522c82af94b53af8cca381f09f8ad2f44b4fedbc14e666dc4e6771cb9903d,OK
.git\objects\4e\0d444c45ab6c6827a5c29760c3d65230cb40b5,C:\SNS_24AutoProject_250723\.git\objects\4e\0d444c45ab6c6827a5c29760c3d65230cb40b5,fece4c431ca392b2a0d25a0aa30545eef462b5ba6db614f6faa4d6dda25dedc5,OK
.git\objects\4e\2aa370b643e62db1955673b9f8922da6721ebe,C:\SNS_24AutoProject_250723\.git\objects\4e\2aa370b643e62db1955673b9f8922da6721ebe,7f5c14d65e027907c2d361f1cbd0502745e4540d3a37f2c1a9d0bb6a174593ae,OK
.git\objects\4e\494b0f7fbd6f9c44ba8c351c4bb93d1bb64098,C:\SNS_24AutoProject_250723\.git\objects\4e\494b0f7fbd6f9c44ba8c351c4bb93d1bb64098,b6ef67a954054f5de4b09d2e214774a42ece58bab022b06e8812e1816738df84,OK
.git\objects\4e\55908a340d1182cee6129ba6dc542a79e9812e,C:\SNS_24AutoProject_250723\.git\objects\4e\55908a340d1182cee6129ba6dc542a79e9812e,0032b2dfb601a86308baab86e4f73217c7877967e829365e956526ea57b4a13f,OK
.git\objects\4e\c3e1ee0f72377a123eb0530739047357bfa6df,C:\SNS_24AutoProject_250723\.git\objects\4e\c3e1ee0f72377a123eb0530739047357bfa6df,03743bde747f8f4dd25c5755c6994f46d3f9c4740809966be3ff7c93db042c62,OK
.git\objects\4e\c6b66d154df83b1e5e116be403824e02aa51b0,C:\SNS_24AutoProject_250723\.git\objects\4e\c6b66d154df83b1e5e116be403824e02aa51b0,74072b1102758a00e13b07348a15d34b255feae3cb341ce6ab44303fab4a715d,OK
.git\objects\4e\e1825abfe65887069dcbd10bcf786d50ba0702,C:\SNS_24AutoProject_250723\.git\objects\4e\e1825abfe65887069dcbd10bcf786d50ba0702,535d9ea3ab1b53605046b98d975b4ae4240c59fd000e9bb416b204b4fabe4268,OK
.git\objects\4e\fa514e4ccec674139144b47cda3889dd035dd7,C:\SNS_24AutoProject_250723\.git\objects\4e\fa514e4ccec674139144b47cda3889dd035dd7,cb8fb32f1f460fefba07cacbc06c89dc9c3d65f6e433e91c5d2bd7905bc5dda5,OK
.git\objects\4f\0d3e1cbb8f1c09e1860c5341a833a3c18af373,C:\SNS_24AutoProject_250723\.git\objects\4f\0d3e1cbb8f1c09e1860c5341a833a3c18af373,65206f8cfb8c4d26db09b4c3e094a52719d694605428ca200955055acf9446f8,OK
.git\objects\4f\1c2a06b5bd6a13cd842231e8d55e01214c24ec,C:\SNS_24AutoProject_250723\.git\objects\4f\1c2a06b5bd6a13cd842231e8d55e01214c24ec,d7fac9bd6af636b191f56aa8ae98c5c015614b119df82b7904227d749eb52abe,OK
.git\objects\4f\2ec35fdc99475d18fed207c5217d88aab196af,C:\SNS_24AutoProject_250723\.git\objects\4f\2ec35fdc99475d18fed207c5217d88aab196af,f56b8065660c93046883b7b862bc8d60169175be4104c12d60887509aa797d2d,OK
.git\objects\4f\38df215988ed3ca0596424bbb02fb0ad257b9b,C:\SNS_24AutoProject_250723\.git\objects\4f\38df215988ed3ca0596424bbb02fb0ad257b9b,48feaf8bec5b2b9984571aca318531734e68eb335f38a0e62d1078af194371a2,OK
.git\objects\4f\aa445c4124515b1933ecaf96d108a5c4e00220,C:\SNS_24AutoProject_250723\.git\objects\4f\aa445c4124515b1933ecaf96d108a5c4e00220,9b9977dc41ef59bdd5dca294bbe8a0b3ebebfc791be5484dbeeaf12d5f115203,OK
.git\objects\4f\cdf3ffdacedaf7d8db4a43c3923465334c54ed,C:\SNS_24AutoProject_250723\.git\objects\4f\cdf3ffdacedaf7d8db4a43c3923465334c54ed,6103cccb1fed217ca42e3067ae7a6cbf695b4406f69a2d1b51e3e68496fecc68,OK
.git\objects\4f\e36fd4c11f998ba3f626c5e23d97bd82d12791,C:\SNS_24AutoProject_250723\.git\objects\4f\e36fd4c11f998ba3f626c5e23d97bd82d12791,1aa5d01577f9a6d9a9fbe8df2c46e97e3f0f4d19eeaf28b8800007c9d566a5ee,OK
.git\objects\50\05761bec31d1a639c9caa26df5a0100bbcd59c,C:\SNS_24AutoProject_250723\.git\objects\50\05761bec31d1a639c9caa26df5a0100bbcd59c,6cc763b04e1a1df326ddc3cc2f59aecc1293945717d30b5c588f60a6d4b3ce6b,OK
.git\objects\50\1634370e7b5432bfaa622299a1a0b26f62c0c1,C:\SNS_24AutoProject_250723\.git\objects\50\1634370e7b5432bfaa622299a1a0b26f62c0c1,73008d5804a07b348c014e387fe05246bcceb0eb1b9e68e12d68e4a26e400da4,OK
.git\objects\50\2bbe3bd8941ef2a8d2b480eec369654491a552,C:\SNS_24AutoProject_250723\.git\objects\50\2bbe3bd8941ef2a8d2b480eec369654491a552,82800e681ebf229f06969727467d2af63ce8a39cb5deb37f797b20a83694a756,OK
.git\objects\50\3a93bf2b90c3a4f67ce1864ecc66d9b7eb0c87,C:\SNS_24AutoProject_250723\.git\objects\50\3a93bf2b90c3a4f67ce1864ecc66d9b7eb0c87,f81c7317e86252fe5e5636b9fc17ff385b2e26fdbf57f0b615bab009028b14b8,OK
.git\objects\50\e56e47495e67732fc8af62dd424b7f384c3aab,C:\SNS_24AutoProject_250723\.git\objects\50\e56e47495e67732fc8af62dd424b7f384c3aab,35873f3fb36ebd30f668514ccfd33faa3940513ba71bec550bccdd064c6bd23a,OK
.git\objects\50\fb82c42e3952967e867cb8d7f77926b6b0713d,C:\SNS_24AutoProject_250723\.git\objects\50\fb82c42e3952967e867cb8d7f77926b6b0713d,6e86d6a1b1756f42b060274993b2d2deb8d8bced5854eeedad25c748b4e76628,OK
.git\objects\51\4fcfb4626735db95ca3777c3e43bb26c025d06,C:\SNS_24AutoProject_250723\.git\objects\51\4fcfb4626735db95ca3777c3e43bb26c025d06,b22d9e95ede648e70e2561d8e0bf148e5e3e9f6c4324433a15c940bfd39df95b,OK
.git\objects\51\a884661a5660ffa5ed0176fa8052f83eb82857,C:\SNS_24AutoProject_250723\.git\objects\51\a884661a5660ffa5ed0176fa8052f83eb82857,7b07ccaeff3f0be0d2b2bec4293a88a2b711cdd0eecfa1747eeffdd7a839ab05,OK
.git\objects\51\c4b577b1c6e7412e9927e301f6056dff9d6c6b,C:\SNS_24AutoProject_250723\.git\objects\51\c4b577b1c6e7412e9927e301f6056dff9d6c6b,0028aa35b32316ca75bd7d42d28f4cc331e8975fdec46bfb3d5345edca1ddc8c,OK
.git\objects\51\e31b74f5844907c19e0fcba72a1662b897402e,C:\SNS_24AutoProject_250723\.git\objects\51\e31b74f5844907c19e0fcba72a1662b897402e,a8dce80675512e60f8581b7ca6b7ff9a2b41eec975a9d7bc9683399408ebca2a,OK
.git\objects\51\f39054062762c39b3df4f689b74060e97036c0,C:\SNS_24AutoProject_250723\.git\objects\51\f39054062762c39b3df4f689b74060e97036c0,cc0510bf0147c07e0ff5cedcd4219c16fbc94c9b3afc5075bb735bb93b8ff6be,OK
.git\objects\51\f73a77e424f8dcde4a5bf0063f2a28c495d7d9,C:\SNS_24AutoProject_250723\.git\objects\51\f73a77e424f8dcde4a5bf0063f2a28c495d7d9,20baa0f586f57e42e960dd89882bd987b7bcd48042a7f98c8573a3c4582988fd,OK
.git\objects\52\334daf8aaa71e0ea8fafba24df2cc5b8ad18e8,C:\SNS_24AutoProject_250723\.git\objects\52\334daf8aaa71e0ea8fafba24df2cc5b8ad18e8,f2d2ba5d956ea486e11738bd1f4757a02a1f34f4fe8abc17e5214287d2b03c59,OK
.git\objects\52\5839eb159738b5bb9f0ae5e072852bcbfca3d4,C:\SNS_24AutoProject_250723\.git\objects\52\5839eb159738b5bb9f0ae5e072852bcbfca3d4,4297f58aaf7b0849a4ca4a9746cf08abcc8139afdec58f5e448e6082a418a302,OK
.git\objects\52\6ba5219c95c943b96c26df7ab70a4dcd80df76,C:\SNS_24AutoProject_250723\.git\objects\52\6ba5219c95c943b96c26df7ab70a4dcd80df76,1668fd808f4c21eb0942bbfe30611f1471dbf7f60471e8d4904f400b9e6e3ee6,OK
.git\objects\52\7524ed295aba41b9a0448ffd7993c489a2cb99,C:\SNS_24AutoProject_250723\.git\objects\52\7524ed295aba41b9a0448ffd7993c489a2cb99,574e0131c569f05eebf2408c64d2aa117b346ff7200b40872c378e204bf6824b,OK
.git\objects\52\e3ec52db2c2d7b77de400faaefb6c4969381c7,C:\SNS_24AutoProject_250723\.git\objects\52\e3ec52db2c2d7b77de400faaefb6c4969381c7,8875bcfd454d7552de10aa0a3c9109fff5396692ad426000dc81e55dafb2c18a,OK
.git\objects\52\efea88065b220e44fd876de3bf3090fe62cc79,C:\SNS_24AutoProject_250723\.git\objects\52\efea88065b220e44fd876de3bf3090fe62cc79,479acf9c90bc0162914984b276511233c8b60718eb2825b3f8f93cbec8734e81,OK
.git\objects\53\515e130bfa2ff688adfb5579312250a1531fc1,C:\SNS_24AutoProject_250723\.git\objects\53\515e130bfa2ff688adfb5579312250a1531fc1,f010d56fbb5051bf678c643c7486cc2118e144184911e75588eb47f269f49e30,OK
.git\objects\53\8d47418d601ec90d553bb94be03410bfc709c9,C:\SNS_24AutoProject_250723\.git\objects\53\8d47418d601ec90d553bb94be03410bfc709c9,7bfb74ee604fde68a409b4cf07a224ca348b031540a54fb478fb7eb5261f6f2d,OK
.git\objects\53\b3330fac2bd64c02d8dc171c722ec491bea41d,C:\SNS_24AutoProject_250723\.git\objects\53\b3330fac2bd64c02d8dc171c722ec491bea41d,533f21c749d69651fbbb070855b83158d2324eb69a0432fa4a8dd5d21b8dccaf,OK
.git\objects\53\f4cd101c18058a1ee4d4b9d1184ada11d74232,C:\SNS_24AutoProject_250723\.git\objects\53\f4cd101c18058a1ee4d4b9d1184ada11d74232,58eaceaa6441425a54619a52cc71e2d3a876f774745ee70897a8fc880f6ff29a,OK
.git\objects\54\22341dfa83215b57146f1f1fe8da1881d83ddf,C:\SNS_24AutoProject_250723\.git\objects\54\22341dfa83215b57146f1f1fe8da1881d83ddf,abab342e2dda2a77a3b2ef385383821a69bcc7ad408681cad3a59cd2ecd00940,OK
.git\objects\54\34de36b9146c07681b05165938719886b70944,C:\SNS_24AutoProject_250723\.git\objects\54\34de36b9146c07681b05165938719886b70944,dd0659750c1ad99babd11603ae422ec62e4286d1ef22c6ec8df90399370dbe2d,OK
.git\objects\54\5b4cabbc70e5d84385b179acb113e446744b9c,C:\SNS_24AutoProject_250723\.git\objects\54\5b4cabbc70e5d84385b179acb113e446744b9c,b8fdfc427736dfc61ef767ca5172a55e2b36b6e56086d885e6ef2da25107d81e,OK
.git\objects\54\7fd5e1bd16152073f7237ad265b5c643e7cbfe,C:\SNS_24AutoProject_250723\.git\objects\54\7fd5e1bd16152073f7237ad265b5c643e7cbfe,d22ad0764d2d4a5327dd5a8c7acb810c8d99279257355aff5d7a05ad556be3a6,OK
.git\objects\54\a6b4f425bb0badf5f093c0eccf3afb5a5d31f6,C:\SNS_24AutoProject_250723\.git\objects\54\a6b4f425bb0badf5f093c0eccf3afb5a5d31f6,a406065b811e2f8c8537712803fc1086c954f58af844f40c34610fcc756ef485,OK
.git\objects\55\5728b1a0187cc0ac63b8fe45c44bd1e0957918,C:\SNS_24AutoProject_250723\.git\objects\55\5728b1a0187cc0ac63b8fe45c44bd1e0957918,eed533851492d5039ebbb8e0baa802ac703a164dd4245d32d7bd95e0fc7ec43f,OK
.git\objects\55\5c6fccf45daef5d5d8f33f1cd471a38b8f71d0,C:\SNS_24AutoProject_250723\.git\objects\55\5c6fccf45daef5d5d8f33f1cd471a38b8f71d0,c9a20edd39bb29fa039db2a585e688e33a9c992272a57b184c1409873774b533,OK
.git\objects\55\665a572355adab4cf618c4718dfcc17cf987e2,C:\SNS_24AutoProject_250723\.git\objects\55\665a572355adab4cf618c4718dfcc17cf987e2,77247a53a8cf8f180c0f5c4641dba182624e5715b0cb1723c3ac68f348ccea11,OK
.git\objects\55\6ba866933d37f3cfcf8042045d64e209bae30f,C:\SNS_24AutoProject_250723\.git\objects\55\6ba866933d37f3cfcf8042045d64e209bae30f,187b1eaa9f673e93c2798250528e17747bc208c902e3cad78b281f81dbfa2a62,OK
.git\objects\55\6d6c01c60a9514f9fa7c74d46db141a5cb9b13,C:\SNS_24AutoProject_250723\.git\objects\55\6d6c01c60a9514f9fa7c74d46db141a5cb9b13,e120d4a5dd54e68da51d70332163cb2f5e62bd236869730ed9c0de1d132f8abf,OK
.git\objects\55\718e32b0747b8b42501c041a10da4dc0dfd2f1,C:\SNS_24AutoProject_250723\.git\objects\55\718e32b0747b8b42501c041a10da4dc0dfd2f1,64c68781754b851c05deed2be12e46044033c9b5217bbccf98eddd2bec5db942,OK
.git\objects\55\b1c6901dd8672ce4c340afa1961e86d67b9060,C:\SNS_24AutoProject_250723\.git\objects\55\b1c6901dd8672ce4c340afa1961e86d67b9060,e15ded74252c40ca0b981fb81f0795913666839c48a2ee5900a29ddcdd1fd49a,OK
.git\objects\55\c8e4e44baaf5068db0eab59dd2e2185871397f,C:\SNS_24AutoProject_250723\.git\objects\55\c8e4e44baaf5068db0eab59dd2e2185871397f,538b718963d9efbeccaf1028f003e726e4f0fc1c12e31e6391462e249abba1c8,OK
.git\objects\55\fe2ac858bc3e5585c823391464ced562464014,C:\SNS_24AutoProject_250723\.git\objects\55\fe2ac858bc3e5585c823391464ced562464014,7433c14fc3e84702c50e8d71a1c39f9dcea64504d7866899145fe11326150324,OK
.git\objects\56\1e946cdbfdd11c14a15a2bae7475e1624e60b0,C:\SNS_24AutoProject_250723\.git\objects\56\1e946cdbfdd11c14a15a2bae7475e1624e60b0,c00a085f2cab4320e8af7e7f8544493551b93dea1b953f12061e6a1dab1c27fc,OK
.git\objects\56\327146c8315717d260d5c28b638e9605fbf4da,C:\SNS_24AutoProject_250723\.git\objects\56\327146c8315717d260d5c28b638e9605fbf4da,f121aea1a48cb62b9a533a06c3da9aebf52e50b0a9a7741208d1fb9b0b8e6e30,OK
.git\objects\56\3ed9056efe34b21e70c3226e0c1e6cfb640c8a,C:\SNS_24AutoProject_250723\.git\objects\56\3ed9056efe34b21e70c3226e0c1e6cfb640c8a,1cb8aef031734087df2b1477ec3d5b8f854ed1a10ad3c1c0fa96342595f18891,OK
.git\objects\56\a94a552451d1938771f42abd8b4782f5217e3e,C:\SNS_24AutoProject_250723\.git\objects\56\a94a552451d1938771f42abd8b4782f5217e3e,43efbd6105e34ed6a185ca9d90fe1223f6ebefd4e840084307588f070248f6a5,OK
.git\objects\56\f3ba33ba9c26d471fdc9ee3273e33967f26b70,C:\SNS_24AutoProject_250723\.git\objects\56\f3ba33ba9c26d471fdc9ee3273e33967f26b70,42c6342be696c674002bbba612b4f7d2e7d740b75eb645e9cd6587e67b925e6c,OK
.git\objects\57\6f16bb2b21a7e0871a7222241ad65e533bb93a,C:\SNS_24AutoProject_250723\.git\objects\57\6f16bb2b21a7e0871a7222241ad65e533bb93a,be492be4565feb26387ec13fb2e36a0c00ef6916b5fc2f6463da9731827f1847,OK
.git\objects\57\75e2cc4aae1e76624f7c70a634fa1277fe9d03,C:\SNS_24AutoProject_250723\.git\objects\57\75e2cc4aae1e76624f7c70a634fa1277fe9d03,e1562f1cd7a99b44f661f1b6dc5c6bf09edbf9b747b3a04ee2144f4b38732c74,OK
.git\objects\57\7e62b4370ea1dd2bc75758015cc858f5c5af22,C:\SNS_24AutoProject_250723\.git\objects\57\7e62b4370ea1dd2bc75758015cc858f5c5af22,38c7197dcdf6d59f9a11b7dc0ce8faa43cab4707c21e8caba7ff2d4299bc3526,OK
.git\objects\57\91a50ce3a6b27dcc0c8bb7275380ff4ccc6559,C:\SNS_24AutoProject_250723\.git\objects\57\91a50ce3a6b27dcc0c8bb7275380ff4ccc6559,0957fe51aefd7c971a2e8ece0a3d75ef03345dd2853264980aab34881bd2a35a,OK
.git\objects\57\d22a7dc1777b50ba8adaa6455a16c0f7729877,C:\SNS_24AutoProject_250723\.git\objects\57\d22a7dc1777b50ba8adaa6455a16c0f7729877,d75ad6fd4349b708d11d1550f7735f2276c00ca1de3a793aaa6bdfadbee21e5b,OK
.git\objects\58\1b83ed576ed1e8be74baee093689603c1fa513,C:\SNS_24AutoProject_250723\.git\objects\58\1b83ed576ed1e8be74baee093689603c1fa513,f06df065ecce8e6cf525969e1bf2669e079daedd4503d9b41436b6a26556655f,OK
.git\objects\58\40f5e1bc167f50ebc9fc98d60b60ee21ecbeec,C:\SNS_24AutoProject_250723\.git\objects\58\40f5e1bc167f50ebc9fc98d60b60ee21ecbeec,cbc358645342c612942ea96d8d9058a984339464a8c9a73c79cda027cb063d03,OK
.git\objects\58\4791e78f781bf33c7bc76b64c5deaeadb8dc75,C:\SNS_24AutoProject_250723\.git\objects\58\4791e78f781bf33c7bc76b64c5deaeadb8dc75,c02130712fea8a9d8537d08c03aa485654282d3d199c7aac15910d80c0234f1f,OK
.git\objects\58\6a7653ef20d04440bfcb6645454ef215a1bba4,C:\SNS_24AutoProject_250723\.git\objects\58\6a7653ef20d04440bfcb6645454ef215a1bba4,857ea03184d37bf272374fc0cf3838d410d2f6b097007deff4fc195cd8ffc737,OK
.git\objects\58\7113cb18cfb69e0137c196ad8e9b8e9b955c6b,C:\SNS_24AutoProject_250723\.git\objects\58\7113cb18cfb69e0137c196ad8e9b8e9b955c6b,1b238767b1f8324ae03ca2650a0b01dc9fb2953e64e9ebd8b09dd4c865ea1f1e,OK
.git\objects\58\7b6c3844b2ce2bbd3bb0053cb1d5663b99fb03,C:\SNS_24AutoProject_250723\.git\objects\58\7b6c3844b2ce2bbd3bb0053cb1d5663b99fb03,c5a05cd4d7254949a08d85407ec866a3d8ec5b04f43431c0d5ad4727133cb3a6,OK
.git\objects\58\8f4102c77ff4eb0944c5c6572b4b9661b3c466,C:\SNS_24AutoProject_250723\.git\objects\58\8f4102c77ff4eb0944c5c6572b4b9661b3c466,c0450344fc4154560fe9259aec93d639a8a4feac2a7fdd920df62024554673da,OK
.git\objects\58\aa9c5f32c34f64e62f05c5c8bf60fda6fdaaa0,C:\SNS_24AutoProject_250723\.git\objects\58\aa9c5f32c34f64e62f05c5c8bf60fda6fdaaa0,ae64bd982589cc29627a588d3cd2219b6d2136f3e95898f2e7ef112b08b2762d,OK
.git\objects\58\c715d1421c0d54c2fdee56c873b481f401e1f4,C:\SNS_24AutoProject_250723\.git\objects\58\c715d1421c0d54c2fdee56c873b481f401e1f4,03c6da049c303e88fbea2ec65496dd458321d95dfc7da007a8207c784bc0eb50,OK
.git\objects\58\ebfa7231402fb03e5c11f6fe66a4f2f0fabfb5,C:\SNS_24AutoProject_250723\.git\objects\58\ebfa7231402fb03e5c11f6fe66a4f2f0fabfb5,d02591cfeb0dbf896e2e34f812ea42c4ae868c6a13598fbdcf094a055f43709f,OK
.git\objects\58\fc09ac3ea98e3f863cba1dcab9ce419b5f598f,C:\SNS_24AutoProject_250723\.git\objects\58\fc09ac3ea98e3f863cba1dcab9ce419b5f598f,826128607db77fa4a7d47e8c9ee02e9337bd0b247a7f7b59113cf2cbbcb13228,OK
.git\objects\59\129004231385e12eaaa0791bc304d4d5445b68,C:\SNS_24AutoProject_250723\.git\objects\59\129004231385e12eaaa0791bc304d4d5445b68,13be583283c8120efebda41dcfbad8ae0935ccf6c0f8989b52574bfeabcf7520,OK
.git\objects\59\19de3bbf4cdb56705f83e3cfa63e3c332925dd,C:\SNS_24AutoProject_250723\.git\objects\59\19de3bbf4cdb56705f83e3cfa63e3c332925dd,089cddbe5a11db90d088b6b82cec0727e8bd44dd4d3d0d6fbec48b9a9e9d2857,OK
.git\objects\59\3120e4aaa688e4b81da1ec05c5084c2db3258e,C:\SNS_24AutoProject_250723\.git\objects\59\3120e4aaa688e4b81da1ec05c5084c2db3258e,45a0272dbd29712fab21fb55d4b2459e4707b82d3d90ab3329254c363fb34965,OK
.git\objects\59\62550392fa78514061582e9371c32b9f1d929b,C:\SNS_24AutoProject_250723\.git\objects\59\62550392fa78514061582e9371c32b9f1d929b,8a2056c53f72fd9f5a0c1cf53dd1f331ccfe7d0b5398c7abbce9697e03d9f65e,OK
.git\objects\59\f3759c409a1fb50e632ef5ef613d3fee7af7ef,C:\SNS_24AutoProject_250723\.git\objects\59\f3759c409a1fb50e632ef5ef613d3fee7af7ef,ffe2efcc7e36dd3cf114872f24ed2a30cdac87d52bcdb0668421a3a6b6977832,OK
.git\objects\5a\02dd533ab2123b82d53a448f8bc2cfc7e6db41,C:\SNS_24AutoProject_250723\.git\objects\5a\02dd533ab2123b82d53a448f8bc2cfc7e6db41,9326d835e4a4351729384a44605062a360eda725d434579db162b8f04601a85d,OK
.git\objects\5a\0b7f1ca032be1adf8ba91f863e727c5ec6a026,C:\SNS_24AutoProject_250723\.git\objects\5a\0b7f1ca032be1adf8ba91f863e727c5ec6a026,970c4400a20683b75c27a212bdada8ae0bf3e807861728d63ebf4ef7762c55af,OK
.git\objects\5a\18ad0c1c77b0b47a66dbb4832383afc78e3077,C:\SNS_24AutoProject_250723\.git\objects\5a\18ad0c1c77b0b47a66dbb4832383afc78e3077,01e46300f61538fc543ee1b94cd27f74d747d5e092ac0075e04381a52b0b9a2b,OK
.git\objects\5a\22fc79c8459a606e8f64b659a29704cbef4242,C:\SNS_24AutoProject_250723\.git\objects\5a\22fc79c8459a606e8f64b659a29704cbef4242,1e60154729fbabb59e4dafb2c421d3b2b403c5b7320293a0ae323083762a235d,OK
.git\objects\5a\25ff2a6afda2cb09b9e147ad20610bc1923444,C:\SNS_24AutoProject_250723\.git\objects\5a\25ff2a6afda2cb09b9e147ad20610bc1923444,0ea306a0bdbb6ccb398eb760bd30d897d21b8244b0f6cfdd711f7ba96a34b4b9,OK
.git\objects\5a\46854dca85cbc056d09996c1553aebd8bb4f9c,C:\SNS_24AutoProject_250723\.git\objects\5a\46854dca85cbc056d09996c1553aebd8bb4f9c,a7d3bb9a042f14aa28f7c4e31e9540b79b61668acb7ff912fbef0875e4565524,OK
.git\objects\5a\54b9f46785c705221679b223c5b90e79b95516,C:\SNS_24AutoProject_250723\.git\objects\5a\54b9f46785c705221679b223c5b90e79b95516,a3a782b7bc01b92887e5fd256f9c0fc999bfe5606a65f6f628e30cb6728e8bec,OK
.git\objects\5a\5da859cab0691248438bd17edf41793676ea98,C:\SNS_24AutoProject_250723\.git\objects\5a\5da859cab0691248438bd17edf41793676ea98,173847256b9e0e0ad256aca2ff49e07df33867da38e729909eac20859a8dd4d7,OK
.git\objects\5a\7d21ce797faa203780e169a2ed7e3603de2492,C:\SNS_24AutoProject_250723\.git\objects\5a\7d21ce797faa203780e169a2ed7e3603de2492,5799e31356b6d84c6d7a918744014640fecff93b70e6dbb1cc6d4712eedc2f24,OK
.git\objects\5a\d74220e83e6c30a0aeefda4a00271b8ebdfcad,C:\SNS_24AutoProject_250723\.git\objects\5a\d74220e83e6c30a0aeefda4a00271b8ebdfcad,14ddc4457a468e31b12137b6649d5d0245bb84d40783c7769e1b9a873dfcbd5b,OK
.git\objects\5a\e67476a5b5e51258f87bf38166b7b3a2ad43ae,C:\SNS_24AutoProject_250723\.git\objects\5a\e67476a5b5e51258f87bf38166b7b3a2ad43ae,57bc1e86bccb1bae208263f394cd28249b43a3b510ec5313efa47efc852ebcf3,OK
.git\objects\5b\0da07f07be7697396578051342e33d91053875,C:\SNS_24AutoProject_250723\.git\objects\5b\0da07f07be7697396578051342e33d91053875,f99338460814dff6faa94aac13cbabb0dfd7453493de158a707922f0501c2c17,OK
.git\objects\5b\53d1ba4c959da788e196d8e910f5cfde7dfbc3,C:\SNS_24AutoProject_250723\.git\objects\5b\53d1ba4c959da788e196d8e910f5cfde7dfbc3,ad5dfb7ccfe51bbdc1537114241774fb007ff0874321d16f7bc75bce3ce0ec25,OK
.git\objects\5b\59d4ab28c31c2c4a44365574d566e981e5c6ca,C:\SNS_24AutoProject_250723\.git\objects\5b\59d4ab28c31c2c4a44365574d566e981e5c6ca,b5795ae3ccb0ad8a7cb2fc1f15710a5a29b588e6da62631c075ad28d3179ae5e,OK
.git\objects\5b\7bf30fefdd860f14f7dbb89bb2551014310591,C:\SNS_24AutoProject_250723\.git\objects\5b\7bf30fefdd860f14f7dbb89bb2551014310591,2b57ac4a200377a3b30af503f09de9c589a8a78c3ee4a3320b12c9bf9aee2a87,OK
.git\objects\5b\9082511a7d9763234f828bb94f59836e7a765d,C:\SNS_24AutoProject_250723\.git\objects\5b\9082511a7d9763234f828bb94f59836e7a765d,58cd741029d659aad2a3162ae523a3a3fb3885ebc89447b5e75cd92539935c3c,OK
.git\objects\5b\914439b25ec29cc4c77d9ef97ea34e50b8fd34,C:\SNS_24AutoProject_250723\.git\objects\5b\914439b25ec29cc4c77d9ef97ea34e50b8fd34,10eb609aef34a166982df1826f57e936e340a8843c3d1ad2b14a79479747b11b,OK
.git\objects\5b\f6c211c19b7cd37107a2e3b317c2a7195c2947,C:\SNS_24AutoProject_250723\.git\objects\5b\f6c211c19b7cd37107a2e3b317c2a7195c2947,1ea4c76d27080f49ab4dcfad41eb78a055e14b195213940fdc956c91ce0bc425,OK
.git\objects\5b\faad494bc78aa753de4ba8203e7ceae47b67de,C:\SNS_24AutoProject_250723\.git\objects\5b\faad494bc78aa753de4ba8203e7ceae47b67de,6122c98b1aaf427ff6b11b3c194a4d24a018cebbdbee2ce42582b9233ff18a3b,OK
.git\objects\5c\6d3ffd286c470b09ef03d30b50e7a51968e524,C:\SNS_24AutoProject_250723\.git\objects\5c\6d3ffd286c470b09ef03d30b50e7a51968e524,82165def398c5d0dd39c83fc7457219f6fa884d72a9096c56ac45daeb541c00f,OK
.git\objects\5c\748a7bcaa14b7edf39da81b51bcc4f5e039e2a,C:\SNS_24AutoProject_250723\.git\objects\5c\748a7bcaa14b7edf39da81b51bcc4f5e039e2a,6dff80d3c417d19c0f9d20c824f5b1c6ca40f00c84b65ff0ac12734fb7b41648,OK
.git\objects\5c\a03bf577366564d877730ffa73eaa69a899530,C:\SNS_24AutoProject_250723\.git\objects\5c\a03bf577366564d877730ffa73eaa69a899530,ce7421d96c9907ada3e535c9381472b639a382f420203cf3d1a2894529c2fbe5,OK
.git\objects\5c\a97fcf36781d935cf4736e2b778d1e76f1d2c8,C:\SNS_24AutoProject_250723\.git\objects\5c\a97fcf36781d935cf4736e2b778d1e76f1d2c8,a7125dd75ed0a600e746435aa6111d89ba955e1fada211809079c351ab8e6d52,OK
.git\objects\5c\e1593701734a099c05631d93c588333bf6ddc4,C:\SNS_24AutoProject_250723\.git\objects\5c\e1593701734a099c05631d93c588333bf6ddc4,480f512046825d0966afaba1b4b7fcc5c6f97f644cad83fe4d3140ddb9ad47d7,OK
.git\objects\5d\13f28ef1b3290365c98c9ce8c2320cf331a0fa,C:\SNS_24AutoProject_250723\.git\objects\5d\13f28ef1b3290365c98c9ce8c2320cf331a0fa,ae272b9a913de3013da062e0bdeedf38fbec95b713cf1df143d4101cd93e1617,OK
.git\objects\5d\426e3ac63d06b991bd3b6b518052b2c27ddf53,C:\SNS_24AutoProject_250723\.git\objects\5d\426e3ac63d06b991bd3b6b518052b2c27ddf53,e790743ce8c95994bcbb02cbf619e8f45e295c0c6da845cce86c81a231620902,OK
.git\objects\5d\a3f3a4ea84c154dac931fdf1afa5c3f087c791,C:\SNS_24AutoProject_250723\.git\objects\5d\a3f3a4ea84c154dac931fdf1afa5c3f087c791,b19d38f32aeb9f2829e51554c38658a2777cb652428d89197c563dfab9a35b71,OK
.git\objects\5d\b0aef488c54b0b2df2aaf071e55ca2414eb4b3,C:\SNS_24AutoProject_250723\.git\objects\5d\b0aef488c54b0b2df2aaf071e55ca2414eb4b3,2cca7b90a8bd11e7fd90cd2d3360aec18c2e9ed7fe9b224c80f0c185066e77d4,OK
.git\objects\5d\e2735ed6b9cbddf4ffbea0a2474793b0867506,C:\SNS_24AutoProject_250723\.git\objects\5d\e2735ed6b9cbddf4ffbea0a2474793b0867506,9c9a7f7b17046b4a1e4b5791ea095cc1e018e9c3bb8b61142783a9c06f876eae,OK
.git\objects\5e\66065968b4654dce4fc375ff3f5aff72a11f23,C:\SNS_24AutoProject_250723\.git\objects\5e\66065968b4654dce4fc375ff3f5aff72a11f23,8108f9a44379f9ae31c494945b4f769a848b8579feab2f1cb4a684f259add7fa,OK
.git\objects\5e\783a879ce4d744f47518082a871723df5d8ab2,C:\SNS_24AutoProject_250723\.git\objects\5e\783a879ce4d744f47518082a871723df5d8ab2,e0cfbcef4f7f495292155b5b7de47866517c4c04d2c3c9894ad3568105177344,OK
.git\objects\5e\9cafecf01c04797090879fdaf334f68e85371b,C:\SNS_24AutoProject_250723\.git\objects\5e\9cafecf01c04797090879fdaf334f68e85371b,29f9ba2d8bbeb06637ac36b75ba1fa3266cc087729e152a186b2afa846d484d8,OK
.git\objects\5e\b04254a23654225605d87bdd86bc8a5bb3e7d7,C:\SNS_24AutoProject_250723\.git\objects\5e\b04254a23654225605d87bdd86bc8a5bb3e7d7,16fb7c429f3e805c1894365590df50e2b36a9c2650a2c5b6e371428383f1ab90,OK
.git\objects\5e\e23fe0e59f044598675db44d53c20590b88934,C:\SNS_24AutoProject_250723\.git\objects\5e\e23fe0e59f044598675db44d53c20590b88934,a54735d2e252eda76df9de4751d3f117503c92835c1eb98fd644053f08b38cd1,OK
.git\objects\5e\e90e70203d72484b8752475c86139671bcb102,C:\SNS_24AutoProject_250723\.git\objects\5e\e90e70203d72484b8752475c86139671bcb102,5f5731331a802dac3b33bbc4baa7d8654d1c8547cf8207ef857249ca7d3c8b8b,OK
.git\objects\5f\08fe70a46570491e98266c72677761392723d7,C:\SNS_24AutoProject_250723\.git\objects\5f\08fe70a46570491e98266c72677761392723d7,c9a44f82e27d9f68e0bbb1efa9dcdeca4d8e8c08e42e8bcf6ef94cf893983291,OK
.git\objects\5f\3706ce64cadf081a6c56abd7ba423575a4abb2,C:\SNS_24AutoProject_250723\.git\objects\5f\3706ce64cadf081a6c56abd7ba423575a4abb2,17d9fcf52e9aa9c77ecbfb8b46ec5c121125fb36f61a88f78d708b3092698a37,OK
.git\objects\60\0e90151911f96e0531ebc4ce7afee17d1dbe64,C:\SNS_24AutoProject_250723\.git\objects\60\0e90151911f96e0531ebc4ce7afee17d1dbe64,8dfa9db62a45c873ae2ff139ab208ff2aae9d870d8293c952c5242f6e8476c8e,OK
.git\objects\60\0ed5a1f09f98d5a259cbe5cdc50fe671226fe5,C:\SNS_24AutoProject_250723\.git\objects\60\0ed5a1f09f98d5a259cbe5cdc50fe671226fe5,8590fc9d40c512c02ef5f6d00dd91f2d07ce4982fd1124c02fca51afb7961c54,OK
.git\objects\60\3693073bb572573a3ef1b6439e58b4ee6787f7,C:\SNS_24AutoProject_250723\.git\objects\60\3693073bb572573a3ef1b6439e58b4ee6787f7,cfbb7d3a7438c1ee415188769d1ad190e9d95fa5ac5a2aa2d33020f3524d1876,OK
.git\objects\60\4121b23730d78533517fe09e2ea72d9d287a28,C:\SNS_24AutoProject_250723\.git\objects\60\4121b23730d78533517fe09e2ea72d9d287a28,a9af8a1146751282b733bb2067abbed892f3c2ed1a35ab32fd63d6ae649a01eb,OK
.git\objects\60\7014cbf5b42737669f699471082ab5642910d1,C:\SNS_24AutoProject_250723\.git\objects\60\7014cbf5b42737669f699471082ab5642910d1,0aa4d0e2992e90d635bc2490bc9a275f3a289ef030bff7cbd86db92b2e9f607b,OK
.git\objects\60\7d0345e55142859b5d43fce66185c2795b57f3,C:\SNS_24AutoProject_250723\.git\objects\60\7d0345e55142859b5d43fce66185c2795b57f3,00e6017838d0e366d5312302a8cc4b11fa6ad8abf586a91b07e3ec59fc9bbda3,OK
.git\objects\60\8ec49b5115301a366bb00121a18a714b58c0d0,C:\SNS_24AutoProject_250723\.git\objects\60\8ec49b5115301a366bb00121a18a714b58c0d0,be1944b63a9fe9872eb2a5820fd85d43b4cee8354ea9f0a7639e8d7885edf432,OK
.git\objects\60\9a45e79d1614bb920b312ecd4449ef3b05a3f2,C:\SNS_24AutoProject_250723\.git\objects\60\9a45e79d1614bb920b312ecd4449ef3b05a3f2,796a483009a0862e28b3709cc2cc9220d876866e3487ff23517c4ac2c0017c97,OK
.git\objects\60\aa2a0d695ba577ff87624d479f1eb25c8f1caf,C:\SNS_24AutoProject_250723\.git\objects\60\aa2a0d695ba577ff87624d479f1eb25c8f1caf,6b55eeb9ce9d1225a21a194ad6ecd885e9837abbf63c288fbcef631c34c3c7a0,OK
.git\objects\60\d3d9c4aac5fa41db3643118a10bc1befabd4e6,C:\SNS_24AutoProject_250723\.git\objects\60\d3d9c4aac5fa41db3643118a10bc1befabd4e6,ba6d8bb95a02a2932dda72e926c9a9d422c36545701b00be6431e4218d1825c4,OK
.git\objects\61\0e7af5fc13d9784de30d272c7c39d7938873a0,C:\SNS_24AutoProject_250723\.git\objects\61\0e7af5fc13d9784de30d272c7c39d7938873a0,ceddbeab86516ea9f32dc3dc367d3316538bf641926be30eb4f830effd43c565,OK
.git\objects\61\6de167b8a1c534c1c526e7bbff82f7d5da94f2,C:\SNS_24AutoProject_250723\.git\objects\61\6de167b8a1c534c1c526e7bbff82f7d5da94f2,bc54478df08f475f12c7dfa2e94deb4e62e665437a30e86080ad606c1e4da2e5,OK
.git\objects\61\bec8eb9fe82c47daa3d8f162d4f3bd0f131376,C:\SNS_24AutoProject_250723\.git\objects\61\bec8eb9fe82c47daa3d8f162d4f3bd0f131376,6a98c7e7dd70b43e1d057058dcdc24427aaafa00994c5dba7565104c17f419da,OK
.git\objects\61\d8811e9f39784aebc90d70571c8837e20bd012,C:\SNS_24AutoProject_250723\.git\objects\61\d8811e9f39784aebc90d70571c8837e20bd012,e27f99973dc229ddb3a28152cb071a9e985f837636d7d10b3349ce64e255c748,OK
.git\objects\62\a037a38850c85dfebc9d8c4942c09c457c36e9,C:\SNS_24AutoProject_250723\.git\objects\62\a037a38850c85dfebc9d8c4942c09c457c36e9,da32229a3209299a46f501811fdc25591dab85fd4e647d84e99c2a6831c3b348,OK
.git\objects\62\bdcac14db3f464ff561e32db2c6b55c0cb1866,C:\SNS_24AutoProject_250723\.git\objects\62\bdcac14db3f464ff561e32db2c6b55c0cb1866,2427a93995e89fb04870cfe54eecd790d8aa2dd0d36e98181447a9725e4977c6,OK
.git\objects\62\d7cdd5e5e30630448b47fa7dd3b713879ee271,C:\SNS_24AutoProject_250723\.git\objects\62\d7cdd5e5e30630448b47fa7dd3b713879ee271,6419569990c089f685d81214165c1c5b7dfe8ce1f984c2bd172f6dc34acfbe79,OK
.git\objects\62\d9c40916bcb8ccd1dc8abed5b9cac4bfaeb1df,C:\SNS_24AutoProject_250723\.git\objects\62\d9c40916bcb8ccd1dc8abed5b9cac4bfaeb1df,1216151c990189bad05b38ac4ee1c84c54e4ef18326295c2982b21b10c706c2a,OK
.git\objects\63\3ab35445b3c86c70269c9aef92f934c9e4a737,C:\SNS_24AutoProject_250723\.git\objects\63\3ab35445b3c86c70269c9aef92f934c9e4a737,3538ec7a7de81aaaf138b9c5ee2568558178aca8be81f5a1e53177012268ce49,OK
.git\objects\63\5b93b6c6c944c6da3965a1e79e949d7eab5ab4,C:\SNS_24AutoProject_250723\.git\objects\63\5b93b6c6c944c6da3965a1e79e949d7eab5ab4,00991ced980281cea142cfe7143185aa478cafb585358480f817f4c09d7f3e84,OK
.git\objects\64\2346effa595f29a35a32943b451e9b578726eb,C:\SNS_24AutoProject_250723\.git\objects\64\2346effa595f29a35a32943b451e9b578726eb,f2573497214036658e92316ced99c87717b1170eb9390f3f6e40808f76d40edb,OK
.git\objects\64\291cca53249461fd109e83e390ee2c7b5ca573,C:\SNS_24AutoProject_250723\.git\objects\64\291cca53249461fd109e83e390ee2c7b5ca573,ca0bb425447a169792da300517a894a19077c4c570952bfde62b3d3d7952d3d2,OK
.git\objects\64\318aa2e03a6c2f882448d667e1d7592a7f7d2d,C:\SNS_24AutoProject_250723\.git\objects\64\318aa2e03a6c2f882448d667e1d7592a7f7d2d,e83a0c1558f8f2a1dfa76e4e1c1429e8c126786e5000b9fbd6d1a3af3ffbfadc,OK
.git\objects\64\3e74044a272bdaaf674b6b77e36d232b658d7f,C:\SNS_24AutoProject_250723\.git\objects\64\3e74044a272bdaaf674b6b77e36d232b658d7f,72d239a25429f23809d4a4057e13ab8dac6e7cbbc1577c1effa0ad5b473aa9fa,OK
.git\objects\64\7a355bde85cf0adddcbf89abc5dcc6b2c68dc5,C:\SNS_24AutoProject_250723\.git\objects\64\7a355bde85cf0adddcbf89abc5dcc6b2c68dc5,ff7d2bd8d78c767f75d5aec89840daeddbb9a65f6f14f8025dbd5aad10fcdff2,OK
.git\objects\64\821ce68a583730335a31ef2fb76f140e38cc59,C:\SNS_24AutoProject_250723\.git\objects\64\821ce68a583730335a31ef2fb76f140e38cc59,167504dc0fc7d55716f593c4ce51d5b4a13aee4639c7b347bab1765f2bf91759,OK
.git\objects\64\b2c43b6d2deb258f860304ba55169efb123f4d,C:\SNS_24AutoProject_250723\.git\objects\64\b2c43b6d2deb258f860304ba55169efb123f4d,73343a1115d8c9eab4ffdd774d3ab7e4e4da4a1d3f2127eb8c00ac2eb42b28f6,OK
.git\objects\65\34dd766cbab11325903ecbd09f985827e9c3b6,C:\SNS_24AutoProject_250723\.git\objects\65\34dd766cbab11325903ecbd09f985827e9c3b6,db11861d9463ab702ea5221f7a403e5a2b593bb3c5279615570beb437e6e258d,OK
.git\objects\65\3b146a60e5e5641a07bfc82f9590dad1ed69f5,C:\SNS_24AutoProject_250723\.git\objects\65\3b146a60e5e5641a07bfc82f9590dad1ed69f5,78649cb5c1243cf27b0f03896e2f604febf9597a4bedaadd6d0f21021d2abca9,OK
.git\objects\65\48fb5d8a2a797b4d64b5ea9db7a9986c9b465c,C:\SNS_24AutoProject_250723\.git\objects\65\48fb5d8a2a797b4d64b5ea9db7a9986c9b465c,754041eb02402179fed05c1f2ab630d73e8fa371ebd1f29641b83cffb431cfd1,OK
.git\objects\65\5d5294d4478655bf1642c3e1e33f49b303e5e8,C:\SNS_24AutoProject_250723\.git\objects\65\5d5294d4478655bf1642c3e1e33f49b303e5e8,a0ac2820c0cd66a3d6d9ff7d2665799a6eeb37448ac044182aed03bd17912c2e,OK
.git\objects\65\75fdce31183d8238b18f2f30ab5b9227c7071c,C:\SNS_24AutoProject_250723\.git\objects\65\75fdce31183d8238b18f2f30ab5b9227c7071c,094b72da61bdfbb8842b4f7bdb96f120881d3d108db03743f727872c37ea8923,OK
.git\objects\65\a5b0c720dad151ffdcba3dbe91c8bd638845c6,C:\SNS_24AutoProject_250723\.git\objects\65\a5b0c720dad151ffdcba3dbe91c8bd638845c6,9f491f46f8f835fe828f6e772b6b81b041e4a6ca8c874234e5577a7c0c5613c3,OK
.git\objects\65\a7caada7535f2d6c4aa92d1899cc8eeb17b5e7,C:\SNS_24AutoProject_250723\.git\objects\65\a7caada7535f2d6c4aa92d1899cc8eeb17b5e7,295cf774a2f53c775eb768da6a05ac9e948d3cbbebf44c3d93c3cf2ef553f064,OK
.git\objects\65\f043f1d1833d26b5fe42a460f84b35d1dcba63,C:\SNS_24AutoProject_250723\.git\objects\65\f043f1d1833d26b5fe42a460f84b35d1dcba63,eba9e24e9ff3eeb11ffa503870a960bc85b33f97af17e6a6a0506d832e47a0a1,OK
.git\objects\66\1efc83294edbe5f615daa87a1f4a5590aae167,C:\SNS_24AutoProject_250723\.git\objects\66\1efc83294edbe5f615daa87a1f4a5590aae167,77d6061b3a9973cf28008a3ae6372298b2f3265e22c3bebfb248ece8dc9c0dd5,OK
.git\objects\66\2d6c47b6976ee6c6684720432000befdc8d896,C:\SNS_24AutoProject_250723\.git\objects\66\2d6c47b6976ee6c6684720432000befdc8d896,7d7bc3e2c8b6b6db1aaf45e41e597f3e87ec677fa35eba4e18555e03c5423c2d,OK
.git\objects\66\490d25dff9bcc8f710b0141f1a02e64aeb32f3,C:\SNS_24AutoProject_250723\.git\objects\66\490d25dff9bcc8f710b0141f1a02e64aeb32f3,3e64822a865aceae76af1da017e7cdd003ac043ad1b0353d876b137a0aeee097,OK
.git\objects\66\66123c8402d17a0a017c207e4814f565d0e40a,C:\SNS_24AutoProject_250723\.git\objects\66\66123c8402d17a0a017c207e4814f565d0e40a,be995103c713708fdfd64e1673652aa5ee7d8e5bfbb1f456298b69ff8c086534,OK
.git\objects\66\7a2191145170e34271bb2200b93a2eec41d2ba,C:\SNS_24AutoProject_250723\.git\objects\66\7a2191145170e34271bb2200b93a2eec41d2ba,a431895bd1ea0c4268c2b9022f9a3bd358edd50cb415858b65f41769a2ec6646,OK
.git\objects\66\9046b8ff00815fb3c41d6b522c3fdf4aee00de,C:\SNS_24AutoProject_250723\.git\objects\66\9046b8ff00815fb3c41d6b522c3fdf4aee00de,c5f8d90b6b875fee476c7719d0878cbc6f87c6e81ab5d2d2f6addd31097b0d43,OK
.git\objects\66\af5a42be440f1fb8fec3b915afb49b356f63a5,C:\SNS_24AutoProject_250723\.git\objects\66\af5a42be440f1fb8fec3b915afb49b356f63a5,6e7b5e80dfdfd8eef63038f8cba20245c710dbcf29500c341b2d72d4e0cdc1f5,OK
.git\objects\67\18a6bde539271d1d54490805a0caa30922698e,C:\SNS_24AutoProject_250723\.git\objects\67\18a6bde539271d1d54490805a0caa30922698e,64eda1df836dc2fa6c7973e495fee63a516ddc459a4b39cbcb075a82960c5d59,OK
.git\objects\67\25a0ffc1f7cfc6cad54361ca91500e087e2b64,C:\SNS_24AutoProject_250723\.git\objects\67\25a0ffc1f7cfc6cad54361ca91500e087e2b64,44d6f1886f94cac4ecb2e9076fcff3df55eff65ef061880adbe869b049fedb54,OK
.git\objects\67\34ab4b0540402df89a30afed06073a49318e94,C:\SNS_24AutoProject_250723\.git\objects\67\34ab4b0540402df89a30afed06073a49318e94,229ea5d63f7e2c6030f44eed262ab0f95cdb46108d99a32069499934f4c090ec,OK
.git\objects\67\3839b1fd59f1f79049575b78030b4a7e468380,C:\SNS_24AutoProject_250723\.git\objects\67\3839b1fd59f1f79049575b78030b4a7e468380,b8a252c60b19d8d01b3d37a78d0dc84b89cc616a46ea11c9fb46ea9579472154,OK
.git\objects\67\556cec7086c1e765a6a521bd05af263b28fff0,C:\SNS_24AutoProject_250723\.git\objects\67\556cec7086c1e765a6a521bd05af263b28fff0,1b2b9f5245238baf0586722b89d01a4376ffc3e2c4f8c10945ba141f00981ba4,OK
.git\objects\67\7bbff6a9d89180cfd2dd3279a1c412610b6540,C:\SNS_24AutoProject_250723\.git\objects\67\7bbff6a9d89180cfd2dd3279a1c412610b6540,f36af9488019d2e67340b13aca3280ae31996b52cc7f47fa8e18dbdcbf73f07e,OK
.git\objects\67\935ff4da8f527e03cd05ed2aa20e601e10f921,C:\SNS_24AutoProject_250723\.git\objects\67\935ff4da8f527e03cd05ed2aa20e601e10f921,ceaaea6157b49f3724f27dbb8cac012e760425b3e5457d36163bda3578eae351,OK
.git\objects\67\c9c090bd5f7eee98fa842c2b70b25f6a93b5b8,C:\SNS_24AutoProject_250723\.git\objects\67\c9c090bd5f7eee98fa842c2b70b25f6a93b5b8,9b962b883dc5b85ca9ec93b38ac4eae139857587925c57eef62d72b07fbb14a6,OK
.git\objects\67\dcec7e64665bec426aa48c0788dae60db1e1b1,C:\SNS_24AutoProject_250723\.git\objects\67\dcec7e64665bec426aa48c0788dae60db1e1b1,60dcabab85d7949857c00493b298b914d2d3669a67f876421413f254046c792d,OK
.git\objects\67\f0bd19b00b9b00ee0e5be79860b095831312b3,C:\SNS_24AutoProject_250723\.git\objects\67\f0bd19b00b9b00ee0e5be79860b095831312b3,ceec6339547b9219f40f7d00740d1311727a115e7bce9b3115cca505ad649b72,OK
.git\objects\68\5971d56f0fe2d14c79bd2786a9abbb0e51c295,C:\SNS_24AutoProject_250723\.git\objects\68\5971d56f0fe2d14c79bd2786a9abbb0e51c295,1be8365343e1d977770f316f5385e8b4ee27b763ef6675ca451e57d7853f0558,OK
.git\objects\68\c6e005a40e2006d9dbe9f3ca400482a46eb4fd,C:\SNS_24AutoProject_250723\.git\objects\68\c6e005a40e2006d9dbe9f3ca400482a46eb4fd,8ac882ab1eb8937fef0911530442ad4c7bf0f19d8a1a9975067f3dd9e3c8f9ad,OK
.git\objects\68\eedc85c2154e2ef327135c57853e5a285a8363,C:\SNS_24AutoProject_250723\.git\objects\68\eedc85c2154e2ef327135c57853e5a285a8363,ff815b21b2976733a81d2659665beb2337dcdc06b8b2c2453b84c4f916492a0c,OK
.git\objects\68\ff77db0d95c7d054ef33c05e05ba71bcbbbdd8,C:\SNS_24AutoProject_250723\.git\objects\68\ff77db0d95c7d054ef33c05e05ba71bcbbbdd8,5616e9943b45454cf2c6be75b9f2e87033df5399222db074e934582d8f6526e7,OK
.git\objects\69\8c76e30e91f568a29daca12993cfacbfdbf83e,C:\SNS_24AutoProject_250723\.git\objects\69\8c76e30e91f568a29daca12993cfacbfdbf83e,ccc9216adf885a6016bb46f5112570983c83e953fc033a3873519d089fa7d126,OK
.git\objects\6a\0f45e1be9e6f32ac9ac39952cd01597b93a2e9,C:\SNS_24AutoProject_250723\.git\objects\6a\0f45e1be9e6f32ac9ac39952cd01597b93a2e9,59bc8dc7b5a52734848716bee2cdda32dd95cd3125d91c0d07141c7518aa217f,OK
.git\objects\6a\391c0025d6fcfef54317290dd0a9e3304dd5b4,C:\SNS_24AutoProject_250723\.git\objects\6a\391c0025d6fcfef54317290dd0a9e3304dd5b4,686d56d84f1130bd3824d815728cd48360e84270b60ce9b574ff7cf57ca7a26f,OK
.git\objects\6a\438a659f363958f828d1bfdab51a50de6e181c,C:\SNS_24AutoProject_250723\.git\objects\6a\438a659f363958f828d1bfdab51a50de6e181c,1e7d8a3de5e475e7cb5350f100a7323defffab47439b657eaf6f6aa7af558b41,OK
.git\objects\6a\85832b7a930edf28cf414e1f7801e6a3d94605,C:\SNS_24AutoProject_250723\.git\objects\6a\85832b7a930edf28cf414e1f7801e6a3d94605,fc42f060f0b20892d4d84464f3e79976c1b007aa29b7392652a2912760feff1e,OK
.git\objects\6a\a8d258be42a90936b71914b76af51781017122,C:\SNS_24AutoProject_250723\.git\objects\6a\a8d258be42a90936b71914b76af51781017122,337fa60ff4c0422af1070040c3e7873ca38d80aa4f4e4959c0184d3d0eb5f8d6,OK
.git\objects\6a\bd77a8af2f6e7e80c466886898e58f5c78f639,C:\SNS_24AutoProject_250723\.git\objects\6a\bd77a8af2f6e7e80c466886898e58f5c78f639,db5735fb326277c737ca9e7be811a96b1ca8e6091c9292698d2403d55e2f1e33,OK
.git\objects\6a\d07ff66c823fd3b19d677fd49c2f4453e756cf,C:\SNS_24AutoProject_250723\.git\objects\6a\d07ff66c823fd3b19d677fd49c2f4453e756cf,bbd110c20454a99b18eec513296cfd01aaef5e30995745da6932642aaf6da101,OK
.git\objects\6a\d5198da1547c62ae1460afeb1248ff7e5d8085,C:\SNS_24AutoProject_250723\.git\objects\6a\d5198da1547c62ae1460afeb1248ff7e5d8085,ebeacd77cd97a13427f0abb4bd0e471189903a1ba0cf17ec6ebd342a83085ecc,OK
.git\objects\6b\7a9edcea4c2fd051e5287b0353e9802b5e7ebf,C:\SNS_24AutoProject_250723\.git\objects\6b\7a9edcea4c2fd051e5287b0353e9802b5e7ebf,1fd3a6eeff06a0eb680773dba9d99f730d1320d2bde5b51700c6eca328c4f8c3,OK
.git\objects\6b\8ecc4b80327a441ed056d549a91c73d0439dd1,C:\SNS_24AutoProject_250723\.git\objects\6b\8ecc4b80327a441ed056d549a91c73d0439dd1,f9cd49e90bd5b5a053d1cc6fa606324a6c17ee113246b6f8075e9acf6c73f02e,OK
.git\objects\6b\b6671d77ca11f1830f6a965d1d2abda58b565b,C:\SNS_24AutoProject_250723\.git\objects\6b\b6671d77ca11f1830f6a965d1d2abda58b565b,3a7a07de77dc3295f7cc316e302b7e63cbc8075f6c087380908a5d3237707b0d,OK
.git\objects\6b\c1d44a591fa822ef6af13ffb37251f2d0acbc9,C:\SNS_24AutoProject_250723\.git\objects\6b\c1d44a591fa822ef6af13ffb37251f2d0acbc9,340ac920ab1c9066b75cc1e90598b0ec7e3f153c3c857c744b47bc50abacf3a0,OK
.git\objects\6b\d161723ccd15214d8107c44819909d96ecc4f0,C:\SNS_24AutoProject_250723\.git\objects\6b\d161723ccd15214d8107c44819909d96ecc4f0,39819ee15185bd35ab5a001e60957cfeb71bad7a9092d6c8284e45f79bdc61c5,OK
.git\objects\6b\fe74b495a8d29008d9fcb16de527b1b740bddc,C:\SNS_24AutoProject_250723\.git\objects\6b\fe74b495a8d29008d9fcb16de527b1b740bddc,8a2d629c4771cc80fc0865a825a4bcd5fbd518f923a16f06fe9ede32b31640b4,OK
.git\objects\6c\200c2717d5787316881301015c0d813231e517,C:\SNS_24AutoProject_250723\.git\objects\6c\200c2717d5787316881301015c0d813231e517,a1133ce47e2dbd4b4e15a843e0b57492e8bd9e12ef808a742c7bfeca7e466870,OK
.git\objects\6c\c599acc94f97f026c3f81a538c3d1766d450d3,C:\SNS_24AutoProject_250723\.git\objects\6c\c599acc94f97f026c3f81a538c3d1766d450d3,3c6f28b0f7b5299dc8ac354e26045ca370a7c04b9767092870872236807d8368,OK
.git\objects\6c\fd8a16e16ec08c7cd83e6c0e1f9e1bbc5dc18a,C:\SNS_24AutoProject_250723\.git\objects\6c\fd8a16e16ec08c7cd83e6c0e1f9e1bbc5dc18a,27a3df469c7873edcf5991d814b15a814b5a44796438a3a4dba1c377f3907f50,OK
.git\objects\6d\30ba53809e1fabe4b00f13c5a6c5095c521173,C:\SNS_24AutoProject_250723\.git\objects\6d\30ba53809e1fabe4b00f13c5a6c5095c521173,521a031676281f16c6be80d2bbdf1f43b76d8ebf270b13ae02ff6489d2283386,OK
.git\objects\6d\40a1149027283ce8eb78d11a92c43b31bc5db2,C:\SNS_24AutoProject_250723\.git\objects\6d\40a1149027283ce8eb78d11a92c43b31bc5db2,6b18577262e47b11e4539b1902ebee097df83de22586f4b76c46443a9c542b84,OK
.git\objects\6d\4e19377e9f70c3782daa223753c640c60ab1eb,C:\SNS_24AutoProject_250723\.git\objects\6d\4e19377e9f70c3782daa223753c640c60ab1eb,c22fd11cae0a981dac2efd683d050f81a21d6651af40575c150342d4ae365a46,OK
.git\objects\6d\572a317c00a7a059b5e736f001ac5fdc6d1d6b,C:\SNS_24AutoProject_250723\.git\objects\6d\572a317c00a7a059b5e736f001ac5fdc6d1d6b,49044509643768ae4f4509742ca73946e97e8eb530a47dbc70a8b99556ceb5f8,OK
.git\objects\6d\688502a1ca80f2e57a6de2790ac3193879d248,C:\SNS_24AutoProject_250723\.git\objects\6d\688502a1ca80f2e57a6de2790ac3193879d248,4943d4c2cc4771e1cb46f5a12d690cc6e56826e0d1325305a867b9e79581ab6f,OK
.git\objects\6d\9144a5f4e50681a4119d035a573ca010ac934c,C:\SNS_24AutoProject_250723\.git\objects\6d\9144a5f4e50681a4119d035a573ca010ac934c,0a3c9c6b39a1d382f7debb7b9c02ff7563fe9363fa244a3872143c7502e404e2,OK
.git\objects\6d\93f6e1d3f76bcb6325f503958d19798b098fa0,C:\SNS_24AutoProject_250723\.git\objects\6d\93f6e1d3f76bcb6325f503958d19798b098fa0,8cb6807292c2bf0521f8972135b5ea7a3618b16fe2c9b440e82fe432403473bd,OK
.git\objects\6d\ffb17891dd4c0e14702b76464c1c7f6629b5aa,C:\SNS_24AutoProject_250723\.git\objects\6d\ffb17891dd4c0e14702b76464c1c7f6629b5aa,bbb44c8657048676b6bb87daefe2da72dd9bba24e8f371a260b11cfe09a091de,OK
.git\objects\6e\50e16505bbc9ad5f859ff63dd16978c7cd3ecb,C:\SNS_24AutoProject_250723\.git\objects\6e\50e16505bbc9ad5f859ff63dd16978c7cd3ecb,12558c4af2f6f5588def0f45cd64cd209c8031ed135c8d0a0981d465e0667a85,OK
.git\objects\6e\772b501be2b3db38eee6ae06ca55cb5be0b36b,C:\SNS_24AutoProject_250723\.git\objects\6e\772b501be2b3db38eee6ae06ca55cb5be0b36b,f9948977eb1b118ea2b5cfa827a7b51740c93d9098b7ffc988f197e8e2f00a5f,OK
.git\objects\6e\fcc8720ab89833a26b6a996b6e0ed82fff8eaf,C:\SNS_24AutoProject_250723\.git\objects\6e\fcc8720ab89833a26b6a996b6e0ed82fff8eaf,d8225ad7e536f9e11a7ae78b14f254d8c2d5862c3a2898cb8c7428c35b3ee3d5,OK
.git\objects\6f\042300360175fbc8be3d385a13470831bb0188,C:\SNS_24AutoProject_250723\.git\objects\6f\042300360175fbc8be3d385a13470831bb0188,41a8da071e52b74cf438949424d1749ea69055f1927cef6044a37fa7ad2e227d,OK
.git\objects\6f\25da4860c4f761abc4de6747117c288c9981d6,C:\SNS_24AutoProject_250723\.git\objects\6f\25da4860c4f761abc4de6747117c288c9981d6,131e0ba1e5ea58b979f2864c9390e08b7459572e76a2cb2f1594b95dd572e517,OK
.git\objects\6f\802f1c2acf9cc73481ae86c9e099fcfc28cf25,C:\SNS_24AutoProject_250723\.git\objects\6f\802f1c2acf9cc73481ae86c9e099fcfc28cf25,78594835b2c01e8c1b0981e724deea20a4fd97e5336ac0baab6eb7a4d0b6ef22,OK
.git\objects\70\72dec22958ad5ac74ba3457a178a4faadaf570,C:\SNS_24AutoProject_250723\.git\objects\70\72dec22958ad5ac74ba3457a178a4faadaf570,04f40dfb2f799b2e593a1b59f804db63f9bb787919cb1c5d78fc21c9c3416656,OK
.git\objects\70\aaa3cb3dbf034995f06fae82c33d20229dd13b,C:\SNS_24AutoProject_250723\.git\objects\70\aaa3cb3dbf034995f06fae82c33d20229dd13b,e235e0f0b962676faffe8cfdaf0b8db52d5cf3ee118d3fec98f8022491248e22,OK
.git\objects\70\b6945544bc557089a795e0aa8ec80f71a122f1,C:\SNS_24AutoProject_250723\.git\objects\70\b6945544bc557089a795e0aa8ec80f71a122f1,aae66eb0e396901f560eb4446b181143ce396e826c3e9ce2f56f5b9a76846afb,OK
.git\objects\70\bb7077797e044f6214a731642cc815bf63868d,C:\SNS_24AutoProject_250723\.git\objects\70\bb7077797e044f6214a731642cc815bf63868d,4284f441e3c59473b20dc974cdf828b3b3357a968278452e301f645d32c39c41,OK
.git\objects\70\c198baf743457c58a8fe4d1f28186d8541a505,C:\SNS_24AutoProject_250723\.git\objects\70\c198baf743457c58a8fe4d1f28186d8541a505,e837a37d2bfced946af0264eafe207bcbac05dbf94c5f5c1e42860aeff3f90bb,OK
.git\objects\70\fc507875651faca51f8f2fe15dee3aa67d7f4b,C:\SNS_24AutoProject_250723\.git\objects\70\fc507875651faca51f8f2fe15dee3aa67d7f4b,a16f7ef3696da7a1e0e01f971ef56334b834b228393abc487b0870aeb4a8883c,OK
.git\objects\70\fe4d4e4f8a4d79f62d375932e26d423917eae9,C:\SNS_24AutoProject_250723\.git\objects\70\fe4d4e4f8a4d79f62d375932e26d423917eae9,2f35bddad05ef9196ed99e100119813e7a49f663fad7388c445d21c49864885a,OK
.git\objects\71\36d9dd587c5408eebaf1ec1e382b0e2bdcbe89,C:\SNS_24AutoProject_250723\.git\objects\71\36d9dd587c5408eebaf1ec1e382b0e2bdcbe89,b497d8444811c51ad602a6c35fee4f6791ba6b036b9252fa5861b12f3124e38d,OK
.git\objects\71\4b0c562889a8a774d9aa27810d8400164d00e6,C:\SNS_24AutoProject_250723\.git\objects\71\4b0c562889a8a774d9aa27810d8400164d00e6,dd8e693916be9a4fec4035cf6796f213ae9e5df2d35682d9c2971e4368bd569a,OK
.git\objects\71\93aa2e1dee346dad7f4087fe3862af5fbb70fa,C:\SNS_24AutoProject_250723\.git\objects\71\93aa2e1dee346dad7f4087fe3862af5fbb70fa,d74d67de059d5a71db83f49f9ef97cf8cbc318310e3c5e3d5796f3b3e5a7bcee,OK
.git\objects\71\cd3116580ef267b22ace3deb4c26b3b28e496a,C:\SNS_24AutoProject_250723\.git\objects\71\cd3116580ef267b22ace3deb4c26b3b28e496a,76961d26cd5fb496571ea45b0f04b1a4a3759404659a07041a4e9a86d09f674e,OK
.git\objects\71\e2f3e4cd9a5aeddb6b870e569acebcaa2aa965,C:\SNS_24AutoProject_250723\.git\objects\71\e2f3e4cd9a5aeddb6b870e569acebcaa2aa965,6b5e17a72269511d8a2b748ac2cd90081c90bbf0bb4f8ee9b736e54088e9f7f1,OK
.git\objects\72\06ae9702c002a7f893bbee3d485eef4c6ca240,C:\SNS_24AutoProject_250723\.git\objects\72\06ae9702c002a7f893bbee3d485eef4c6ca240,315d2dec661864cab59264c8d89ee78cda29e6cea05fb5e4c04b9e85d7001072,OK
.git\objects\72\16d81a5f4a217dbddff86e23616c85e422dce6,C:\SNS_24AutoProject_250723\.git\objects\72\16d81a5f4a217dbddff86e23616c85e422dce6,73c96a3a6bebaca38ae0127605da0e74a37e2bd0edb55599c5fdf91d760a90e7,OK
.git\objects\72\1f59b0cf314d288f78aaecedd84f5fed263d2a,C:\SNS_24AutoProject_250723\.git\objects\72\1f59b0cf314d288f78aaecedd84f5fed263d2a,077b3eb6356db515b867c98a6e8409b66ba451c416a648a8cc8ca3a01cde2ed6,OK
.git\objects\72\334a5dda31d23b59bc95607807d22373f9f2db,C:\SNS_24AutoProject_250723\.git\objects\72\334a5dda31d23b59bc95607807d22373f9f2db,f19fb12455bf92b6b860f655e5efc1fb49e243b8af9ccd24e9034424468ae67a,OK
.git\objects\72\68eb3738e5b3ba906f962533f48016cf3dcabc,C:\SNS_24AutoProject_250723\.git\objects\72\68eb3738e5b3ba906f962533f48016cf3dcabc,c8a3cac52caa150e15b0bf018c8874490afbd02f268d31d424ca9cf2a74cad46,OK
.git\objects\72\7c7c19ccdfeffb551e3cf55cd942e205b364e4,C:\SNS_24AutoProject_250723\.git\objects\72\7c7c19ccdfeffb551e3cf55cd942e205b364e4,77ff55ae61ba82377dde1e0d4cdc11cc20fb680a8fc9453fdfeb90319852573c,OK
.git\objects\72\eabdff7c035bf26ffa5686f2ebb11bea67fefb,C:\SNS_24AutoProject_250723\.git\objects\72\eabdff7c035bf26ffa5686f2ebb11bea67fefb,60e3c5e3a6bb4babc6e0760748494759979d9dccae482615a8cd278ba035b9f3,OK
.git\objects\73\0e178e024a73529fed764615ae91fcaa08e6a7,C:\SNS_24AutoProject_250723\.git\objects\73\0e178e024a73529fed764615ae91fcaa08e6a7,7ecddd480e3e25fe39bb8e4ef0df7755b184557ed73b6012be3713e8ffa94cee,OK
.git\objects\73\38fb89d5a0421792eb44941734b3484041ba28,C:\SNS_24AutoProject_250723\.git\objects\73\38fb89d5a0421792eb44941734b3484041ba28,e7ffb2d6f1e123405c47bc4ddd1cb19c8495ac2aa3679f51bcada1a3e1aef762,OK
.git\objects\73\6c09f7585842a8b856442728d6a186fdc2e87a,C:\SNS_24AutoProject_250723\.git\objects\73\6c09f7585842a8b856442728d6a186fdc2e87a,1931c70e881f76d73cc295820224d09424f815383a1f48b59c77ca72b5bef026,OK
.git\objects\73\70170bec602217bfe1d23024d36df0aa2f6a40,C:\SNS_24AutoProject_250723\.git\objects\73\70170bec602217bfe1d23024d36df0aa2f6a40,556c1b10dc2be53519a3ed05253448753c207b33113bd8e352fe3816e037bda4,OK
.git\objects\73\954b89318170afe6acebf6a671b1b2ddd11cb6,C:\SNS_24AutoProject_250723\.git\objects\73\954b89318170afe6acebf6a671b1b2ddd11cb6,87e489ef14902d8680fbae349aba326150619865e559ead941a38e503b9cf48c,OK
.git\objects\73\aa909420aca57425def5d2f9bf1afdb99f2093,C:\SNS_24AutoProject_250723\.git\objects\73\aa909420aca57425def5d2f9bf1afdb99f2093,2b9f8dfc6f39e5954015daf4e0386369e9a7cee9cf0d2a24ba7c7cdf7fbf1325,OK
.git\objects\73\b1849ba3f8ecfc5465619f3a65a45f87aba506,C:\SNS_24AutoProject_250723\.git\objects\73\b1849ba3f8ecfc5465619f3a65a45f87aba506,5011acbf26c3cdb012d66eda0312b3f90f1b025b29a989a2da06139c25b33aa8,OK
.git\objects\73\b4b336ab55544e6061409261c16cacc39aff61,C:\SNS_24AutoProject_250723\.git\objects\73\b4b336ab55544e6061409261c16cacc39aff61,f330c956de7b99d79179e2d3ec1d928148216c285633c80d6b16fcb35d1ec4bc,OK
.git\objects\74\5534504b6cc479c2a01d011c35c2dfe7dbdfa9,C:\SNS_24AutoProject_250723\.git\objects\74\5534504b6cc479c2a01d011c35c2dfe7dbdfa9,d9f89ce7d9617ba8365d9803c4fe24db80a7d0af9ae34f06ea363d1abd26b53c,OK
.git\objects\74\581e9ea624f3e08d168a8ec0eba599c3095001,C:\SNS_24AutoProject_250723\.git\objects\74\581e9ea624f3e08d168a8ec0eba599c3095001,20b5e5ce96991570a14ff60f8a07c16d592c55c239cf5f9c8db0331443c34762,OK
.git\objects\74\a30879bc6180d588a706451226cb4c95faf79d,C:\SNS_24AutoProject_250723\.git\objects\74\a30879bc6180d588a706451226cb4c95faf79d,4518a8a9940a7b6819d0f634d229302f8b6b90dd4f357028701fb54bbc55038b,OK
.git\objects\75\00580fe931423d8b5d1b129af04ab9205f0c5f,C:\SNS_24AutoProject_250723\.git\objects\75\00580fe931423d8b5d1b129af04ab9205f0c5f,8451ffb4e9226d907ecc0f161238c133be466ef6642857fcc202c7062fe13460,OK
.git\objects\75\1345ce958e6fc2f7baf6c30d6ac1ce9d64c7e4,C:\SNS_24AutoProject_250723\.git\objects\75\1345ce958e6fc2f7baf6c30d6ac1ce9d64c7e4,618d654ffc1ed69c7ca0abfb512551fb2d2fbb54239ee3e516b54ae65502b008,OK
.git\objects\75\1cf4a8939e898f8abe4358a98b2a5f59f65e21,C:\SNS_24AutoProject_250723\.git\objects\75\1cf4a8939e898f8abe4358a98b2a5f59f65e21,f9f70a780ca4afa963acd3e2bc03e0a6ee3a4acafc44af8d72361cfb0e730c95,OK
.git\objects\75\29ce13176900abfae2e37d9199f2e8a086110c,C:\SNS_24AutoProject_250723\.git\objects\75\29ce13176900abfae2e37d9199f2e8a086110c,acb90dd1fb135e8c4243bb85a3505036c6c9ee391e88beebed0c6ab258f3da4a,OK
.git\objects\75\510904a8512619eca7d853d9dc47d671164c9e,C:\SNS_24AutoProject_250723\.git\objects\75\510904a8512619eca7d853d9dc47d671164c9e,031487c148145c9f7dd11eef99a818dfae0eea3681be634b403f5e376e3599e1,OK
.git\objects\75\6099abe6cee44295a5566ad6cd0c352fb82e64,C:\SNS_24AutoProject_250723\.git\objects\75\6099abe6cee44295a5566ad6cd0c352fb82e64,1a7772967f741bc213e9f7e43edff497c5270564a04cb733241703e30770e1a5,OK
.git\objects\75\6935a682ca0968fb63f87071fe18e43a322b3a,C:\SNS_24AutoProject_250723\.git\objects\75\6935a682ca0968fb63f87071fe18e43a322b3a,8f35d2fb2678a856ce049a9fca78018b44c4a93e9742595caa32c152a8bffba3,OK
.git\objects\75\b3d7b3a6b3bf2b7459532fce1142912b897efd,C:\SNS_24AutoProject_250723\.git\objects\75\b3d7b3a6b3bf2b7459532fce1142912b897efd,c4ca3df32cdcd82058523135c3e3893ebce3530b74064bfc0235377fc9bf76ce,OK
.git\objects\75\dfbe630d108b95e9b98bf0fa006733b0ea2d54,C:\SNS_24AutoProject_250723\.git\objects\75\dfbe630d108b95e9b98bf0fa006733b0ea2d54,47d91b5ad2ba495e3cd392f9401b8af8ce13506cd8c1f45b111db2499e7b20cc,OK
.git\objects\76\187e052b5c0ea8ca8e76cb73fd63af4d0e0a01,C:\SNS_24AutoProject_250723\.git\objects\76\187e052b5c0ea8ca8e76cb73fd63af4d0e0a01,2e124e236673f722be8b3e46e10b2e35ca4500e047f6b6678137e9539809bfdc,OK
.git\objects\76\1a01f2f0a9f4dd98e7a8f98992760cb39ba4ab,C:\SNS_24AutoProject_250723\.git\objects\76\1a01f2f0a9f4dd98e7a8f98992760cb39ba4ab,ab151582eafba837934ff232939d6112f80bea6d29a173e50e8329137eeb8d88,OK
.git\objects\76\1cd3627f793e119868f6fd5c2e4f2b14d5e493,C:\SNS_24AutoProject_250723\.git\objects\76\1cd3627f793e119868f6fd5c2e4f2b14d5e493,428a06910bf432e8f9aaf5879bbf32015b4be91b265dd4867e14035a175845ac,OK
.git\objects\76\4089f5426291bb0cb7901d4dde97c62367bbb9,C:\SNS_24AutoProject_250723\.git\objects\76\4089f5426291bb0cb7901d4dde97c62367bbb9,36936e475735116e611bb915db1fc8107c979769f9d18398c2b1327656ed61bc,OK
.git\objects\76\cfcc2240bf766457b54c38836d892bfca610d5,C:\SNS_24AutoProject_250723\.git\objects\76\cfcc2240bf766457b54c38836d892bfca610d5,853cd3e6824671a92f51e114b77f04a3b8e4125ce8aadfa830c6b98228be0d2c,OK
.git\objects\76\d455e2955424aeb7836c08a47c97315408213d,C:\SNS_24AutoProject_250723\.git\objects\76\d455e2955424aeb7836c08a47c97315408213d,1809c147ac11589e100de277a09bd488275344e45519ad17bde810360d619209,OK
.git\objects\76\dcb1fa90652e8a307915e274d7ca4fc53c76b9,C:\SNS_24AutoProject_250723\.git\objects\76\dcb1fa90652e8a307915e274d7ca4fc53c76b9,d7c57fa8c82785445935065631ddf352367a100364c69c6fcf9584a7f1e21234,OK
.git\objects\76\f771427f25b91e6944ffd2fee6031bfd73979a,C:\SNS_24AutoProject_250723\.git\objects\76\f771427f25b91e6944ffd2fee6031bfd73979a,1662f48cf45336ecbfa30591b6d449a77cd0676b75f48bd8c56c2c7a6189f880,OK
.git\objects\77\5df551bec2b2cdaf7c1369af8d87fe0d9a12c3,C:\SNS_24AutoProject_250723\.git\objects\77\5df551bec2b2cdaf7c1369af8d87fe0d9a12c3,7de607b9f3d2c8b1fa78b5b47ad0492b4896cc17e05596ade4086ba82bc7ed39,OK
.git\objects\77\7325fc6c6da8795d89aed5206c60f8bf80b0ab,C:\SNS_24AutoProject_250723\.git\objects\77\7325fc6c6da8795d89aed5206c60f8bf80b0ab,41fa9ed44f2d25e408c9c0d2f165424d3d6841c6d0b3a40c22a9409038253897,OK
.git\objects\77\a486952c6dcabdbf9aa3a67673035f963d9e39,C:\SNS_24AutoProject_250723\.git\objects\77\a486952c6dcabdbf9aa3a67673035f963d9e39,015ff2526cc2223b107a3cbb36162b70955db92ce6b624d9690cfe79bdb8782a,OK
.git\objects\77\c9c2c8346dea2b4f06b47671e3b49917753a16,C:\SNS_24AutoProject_250723\.git\objects\77\c9c2c8346dea2b4f06b47671e3b49917753a16,0aa2cd2e93fbd2a3729896cc351b7b431308aa7a9e0580fc3d678ac3e021a987,OK
.git\objects\77\e775207fb7c83aabfe583efe20b725a2b44137,C:\SNS_24AutoProject_250723\.git\objects\77\e775207fb7c83aabfe583efe20b725a2b44137,42248eb677163f7a18b6930e5f0b9ad32e1538e56ddbdba74d0da816dd9e562a,OK
.git\objects\78\78d2b7444680f54117ccfa16a0717cd4979937,C:\SNS_24AutoProject_250723\.git\objects\78\78d2b7444680f54117ccfa16a0717cd4979937,23b7bd73acb2980603ce253457a3b9a167270283b9962236c31588d901cd0fbc,OK
.git\objects\78\ae6aaa7e719894b75d517a3338cf6629318064,C:\SNS_24AutoProject_250723\.git\objects\78\ae6aaa7e719894b75d517a3338cf6629318064,2a46fc56cf49a332cef3146adac6891902fd8fbbfd16e4494f8e27645e724701,OK
.git\objects\78\b9daa373d2aa2856eafcc92ebc6d899cafde5c,C:\SNS_24AutoProject_250723\.git\objects\78\b9daa373d2aa2856eafcc92ebc6d899cafde5c,a3107a6a7a3244ba24de2c640f4a5e6ad6ca4dbbb8e0abc2c4afbcb8bde5c037,OK
.git\objects\78\c9660323d1257e913bc62f9ade1ad21cef87dd,C:\SNS_24AutoProject_250723\.git\objects\78\c9660323d1257e913bc62f9ade1ad21cef87dd,1802da5ac469ec7928fcc34467f11e4a1df6d5e215f9406e4d1e26f57f1f37d9,OK
.git\objects\78\f28cc402027bd337cf67b937bf8c31a75ee8b3,C:\SNS_24AutoProject_250723\.git\objects\78\f28cc402027bd337cf67b937bf8c31a75ee8b3,6c9ee0263cc303dfb2c479e6e547dd3e16f92f94da7cfeec36e9c86ccd9cc1a7,OK
.git\objects\78\faa00b25874f94d59d072c8838bd83d0941ab8,C:\SNS_24AutoProject_250723\.git\objects\78\faa00b25874f94d59d072c8838bd83d0941ab8,9158972c3c8dc347f241a15b416a523d522158c2f673b95ebdfae7838a5bb3af,OK
.git\objects\79\7deb1bec646fc5f8d4945fd00aab7ecba1c364,C:\SNS_24AutoProject_250723\.git\objects\79\7deb1bec646fc5f8d4945fd00aab7ecba1c364,a3c3d276c41637bc1fffa8b28bfc110e896d8faea9772ab2b664a950f0b5ffac,OK
.git\objects\7a\18b4d2f2fe5e725511ae9defbf9819990ef729,C:\SNS_24AutoProject_250723\.git\objects\7a\18b4d2f2fe5e725511ae9defbf9819990ef729,e047240722c939318563c9283be55f3a70ea01ea3b67885ff4dd7ac5ac13359e,OK
.git\objects\7a\2c142fb559b3d2fbbb6c225ed0a2ea69db3bd3,C:\SNS_24AutoProject_250723\.git\objects\7a\2c142fb559b3d2fbbb6c225ed0a2ea69db3bd3,1d5427cba12682b93157f30295df042df8927b824f8b5aa5d71cbf8233cc2c00,OK
.git\objects\7a\5245d6bbeaa8f46fa61f638723355beec58216,C:\SNS_24AutoProject_250723\.git\objects\7a\5245d6bbeaa8f46fa61f638723355beec58216,c371f6afe0229974b7a247005ab6905f1569b886929e6aadee4b805cdf274382,OK
.git\objects\7a\57568f8d73de0136bba39efa44be93caa55ecf,C:\SNS_24AutoProject_250723\.git\objects\7a\57568f8d73de0136bba39efa44be93caa55ecf,249f7d7bac003492b43f673c50db469a837dba91d045f831f7c902bcd5e0128f,OK
.git\objects\7a\840df244c6b7fe400e3300b3dc58b6e73e9387,C:\SNS_24AutoProject_250723\.git\objects\7a\840df244c6b7fe400e3300b3dc58b6e73e9387,38a122fd35d3e19f91c2b95f302c26f09cd8a308e6e75a297a780ca1933d5da9,OK
.git\objects\7a\a367d13787c4f7ad5c2910bb044670b07eb012,C:\SNS_24AutoProject_250723\.git\objects\7a\a367d13787c4f7ad5c2910bb044670b07eb012,52d5a4d9c7d63f1589282f33602e7d50d05be2d4d0afffc3b4e1d292f899d042,OK
.git\objects\7a\b97ca13b2702defe28afbc141d4bf6c66c0fcd,C:\SNS_24AutoProject_250723\.git\objects\7a\b97ca13b2702defe28afbc141d4bf6c66c0fcd,166cd02f42a575353e5027ec2736ae35d6f7676c7308edde6af334be726e3e91,OK
.git\objects\7a\bd63fa608e0186b9f154d9fcc32472c28f6759,C:\SNS_24AutoProject_250723\.git\objects\7a\bd63fa608e0186b9f154d9fcc32472c28f6759,330fed598361e01b63b987d873e573250d108fbd7fe713025ec046b69eac1fbc,OK
.git\objects\7a\d28d9434a9cb7526ef56b85824fd020049a177,C:\SNS_24AutoProject_250723\.git\objects\7a\d28d9434a9cb7526ef56b85824fd020049a177,77fd5fd2d5c53e15b778ac34d8a177a64d837dcbeee19a6119b2a5b32756e2ee,OK
.git\objects\7a\d7e0b2cf8fa4fc844fe8cc9c58e4f3018cead1,C:\SNS_24AutoProject_250723\.git\objects\7a\d7e0b2cf8fa4fc844fe8cc9c58e4f3018cead1,c2f03210876d1303da9f3fdd3c5045c4a15a9bdf725d5bb212dd77a1a47f0d59,OK
.git\objects\7a\f31dc0e580596f6190f67f6798c313391a394d,C:\SNS_24AutoProject_250723\.git\objects\7a\f31dc0e580596f6190f67f6798c313391a394d,3cba27cc2a3068b561642428987deaf3246b7323aec2057ef36b7e049da71920,OK
.git\objects\7b\0abd6ed161e1e453a3d9aa981c5e20e9225217,C:\SNS_24AutoProject_250723\.git\objects\7b\0abd6ed161e1e453a3d9aa981c5e20e9225217,333c712265d6c8e0ea51313188468d463ade34152c0323a0c782c009553293bb,OK
.git\objects\7b\1fc2950326463fb5bf1cc460e5ca0ac3de3e9a,C:\SNS_24AutoProject_250723\.git\objects\7b\1fc2950326463fb5bf1cc460e5ca0ac3de3e9a,6b23eed2c02804bfe3a56fd7e68d9592a62a137d0e66908e593818d7a2e790ac,OK
.git\objects\7b\7cb523e28b5dc5cc360ab2fcc3f1e1dff97112,C:\SNS_24AutoProject_250723\.git\objects\7b\7cb523e28b5dc5cc360ab2fcc3f1e1dff97112,228f047396f8de359b84e6e376af3c2c3df80a7080165177687fd1b24f87a84f,OK
.git\objects\7b\ac61b2e2a1ee6380fc7ce63453837863f73d49,C:\SNS_24AutoProject_250723\.git\objects\7b\ac61b2e2a1ee6380fc7ce63453837863f73d49,fcd2ec2c1204640d3cf186dee9586502590d1d17138e26691181d9b0c32216ed,OK
.git\objects\7b\b35ae952e2851cd1d65345a6d15f0c2d9348fd,C:\SNS_24AutoProject_250723\.git\objects\7b\b35ae952e2851cd1d65345a6d15f0c2d9348fd,c8ea106298f2e130a83381faad3b9f490c9e3226d7cc540b86acd0e8f36043dd,OK
.git\objects\7b\dd959bbf9e8e3982b9e4324740847f94f06956,C:\SNS_24AutoProject_250723\.git\objects\7b\dd959bbf9e8e3982b9e4324740847f94f06956,5f7643e857cdc90af4a954d4afa04ba6e231c9bb847595f1a20bc453d9710f2d,OK
.git\objects\7b\e2474dd91c8a7da181fcda09d838254b890d75,C:\SNS_24AutoProject_250723\.git\objects\7b\e2474dd91c8a7da181fcda09d838254b890d75,cc0ca08add410f85162aea9432c1bb433e3be406df5ccccef56013cff93a73dc,OK
.git\objects\7b\fc00b77e9dcf629e41367fd2829bfdc5f6c6c9,C:\SNS_24AutoProject_250723\.git\objects\7b\fc00b77e9dcf629e41367fd2829bfdc5f6c6c9,608c39d919138be3b7050e9d439ea582eed548edc8a5ca66925a45dcb2102dbe,OK
.git\objects\7c\2336dd80c3c9cbf71cb53d2b2c1f89a65a8ba5,C:\SNS_24AutoProject_250723\.git\objects\7c\2336dd80c3c9cbf71cb53d2b2c1f89a65a8ba5,00c8d27603f64fb40eeb9d532dd8f3634740219e930f52cac0d3275ee76fb29f,OK
.git\objects\7c\461ccbbb9fddbe0943381a14ddc1aaccb8e218,C:\SNS_24AutoProject_250723\.git\objects\7c\461ccbbb9fddbe0943381a14ddc1aaccb8e218,a37d8673af78dee4ad1f24c19fa0a88284179b967a1b4e9b9d4ca9c4682bc2ba,OK
.git\objects\7c\59754e15fc77d4b7feb2bbcec150bb15af4136,C:\SNS_24AutoProject_250723\.git\objects\7c\59754e15fc77d4b7feb2bbcec150bb15af4136,e60420de30699cc8967bdb08f82d1a689e6397d6665dcd59ecaa93346e3aa290,OK
.git\objects\7c\72fd09c9f497c295df96b5948e242ace07e567,C:\SNS_24AutoProject_250723\.git\objects\7c\72fd09c9f497c295df96b5948e242ace07e567,7f7db9d99c2a3667cab00bea12be4976cd575eb9d011cf7ff668d59b61894f19,OK
.git\objects\7c\a0b46f680b80780981aab0699e64dd04070fe7,C:\SNS_24AutoProject_250723\.git\objects\7c\a0b46f680b80780981aab0699e64dd04070fe7,21e74746238a16be3dc3d52cddc414c0cd7274b49a59ce9f9862515428407672,OK
.git\objects\7c\dc99a9803f4e1ce3c5f7f9e6cd761f178536ae,C:\SNS_24AutoProject_250723\.git\objects\7c\dc99a9803f4e1ce3c5f7f9e6cd761f178536ae,425c0f3d76e3f0f30edf32a29470cd31dea1bf464c689cae0397157001fe2418,OK
.git\objects\7c\eb996b9c8ba71d4e3c0600a4ce3418dca5fe27,C:\SNS_24AutoProject_250723\.git\objects\7c\eb996b9c8ba71d4e3c0600a4ce3418dca5fe27,df3cf7b2882529f5e8b3630e28171aafa0150c7c7d356efccd45eb66ce825d13,OK
.git\objects\7d\01a5f973ed37d81a6e40b19fc23aec331970dc,C:\SNS_24AutoProject_250723\.git\objects\7d\01a5f973ed37d81a6e40b19fc23aec331970dc,b77d07979f883388694103719e7ed26e1e0e7b57488b9069e9567d816b89a321,OK
.git\objects\7d\366c6098c49ecd546e1cc1538919e1414a3aee,C:\SNS_24AutoProject_250723\.git\objects\7d\366c6098c49ecd546e1cc1538919e1414a3aee,344c2272f5df4c7785cd556f018168d17240f74b0eba04d3485bba46cc18f74b,OK
.git\objects\7d\aa48ea6642377a8bb6bd000de73ba3adfd3ed1,C:\SNS_24AutoProject_250723\.git\objects\7d\aa48ea6642377a8bb6bd000de73ba3adfd3ed1,18eabb0937edc235e23285748cb0c753a7e771819a3532d7a9ad6b79e6532e1c,OK
.git\objects\7e\58a203c6bdc9045092f879f8f58aa960084cad,C:\SNS_24AutoProject_250723\.git\objects\7e\58a203c6bdc9045092f879f8f58aa960084cad,a3e2c14c1645956be914ed94d3ca6b6926323626d98b7ab76d10839ff7e2ae4a,OK
.git\objects\7e\5e6f4a5e8560f6781242cf47cfa1fd519d62c1,C:\SNS_24AutoProject_250723\.git\objects\7e\5e6f4a5e8560f6781242cf47cfa1fd519d62c1,da825c4d3b9913cdf8488c438b4a4f6059f2719d429996590d7381fffa47e6d1,OK
.git\objects\7e\7363e797f3f5a33f66efd0349814c562e349e6,C:\SNS_24AutoProject_250723\.git\objects\7e\7363e797f3f5a33f66efd0349814c562e349e6,0c186abbb2a0c134b69c6ccc348906fd927ffcaac5bf5e30a98800baa39924ff,OK
.git\objects\7e\8024c01c5239c625e6b271f8808009f2809833,C:\SNS_24AutoProject_250723\.git\objects\7e\8024c01c5239c625e6b271f8808009f2809833,461a7071806dfc202a5800a1b7dce2538238f2b45638fb409e8dcc2e46d441c8,OK
.git\objects\7e\9e27b51ed1e5fc1d8685ebc32f614cfaac5e11,C:\SNS_24AutoProject_250723\.git\objects\7e\9e27b51ed1e5fc1d8685ebc32f614cfaac5e11,1733e368a59eadd048e668febd6060d504c2a00dca4faebc84a0ff4fe11fde83,OK
.git\objects\7e\9f9c465ce6211c65d617f60472c9b55b5052c5,C:\SNS_24AutoProject_250723\.git\objects\7e\9f9c465ce6211c65d617f60472c9b55b5052c5,befdefa06e23b0237bb9d125a80a5941a6e7da4d8de3a90ffcc844135bc801aa,OK
.git\objects\7e\d6be199a8d5b0a5594bca590149811d67eede8,C:\SNS_24AutoProject_250723\.git\objects\7e\d6be199a8d5b0a5594bca590149811d67eede8,39c1b661468213ef735368906681ca43dedb4a35c1d6b9f8dbbad084e1ae10c5,OK
.git\objects\7e\dbd5fe411468538faf7b3435da45f20327c559,C:\SNS_24AutoProject_250723\.git\objects\7e\dbd5fe411468538faf7b3435da45f20327c559,3ad0f3b7c68f0efa90ce90b5f8cffeed462a7a25cfdb6236b470af9fb038d5fc,OK
.git\objects\7f\1346aec8b7920853489540ee077078084e5dee,C:\SNS_24AutoProject_250723\.git\objects\7f\1346aec8b7920853489540ee077078084e5dee,f1313d102e0929c4d3a478327bd83ca5d40279449315fb96d95e5e5217c8d28b,OK
.git\objects\7f\1f8246c45e5e8d893b35997b8bd06dd7fbb2a8,C:\SNS_24AutoProject_250723\.git\objects\7f\1f8246c45e5e8d893b35997b8bd06dd7fbb2a8,5274da90e27b2bbd9e8e2e0421152b900f2c13d12c78192fe95313cadda64709,OK
.git\objects\7f\6d958f8630cba512d8e58ca8edfbd516291522,C:\SNS_24AutoProject_250723\.git\objects\7f\6d958f8630cba512d8e58ca8edfbd516291522,39315900c75a511ee9b6890063bb33dd72e76a5775cade8871dd7df961eda128,OK
.git\objects\7f\9a4294c12ab20328abdc875a10231089841295,C:\SNS_24AutoProject_250723\.git\objects\7f\9a4294c12ab20328abdc875a10231089841295,a234c40a6d7cbd05885cb13bf061ca88f4513929869418fb197beff6c9669278,OK
.git\objects\7f\c69196dead8653011caf6f3878a68dfc25316b,C:\SNS_24AutoProject_250723\.git\objects\7f\c69196dead8653011caf6f3878a68dfc25316b,371d8d0ced950491256b0b939a685d5ce39ccef3c46b9756e78cf7fccf91fe4d,OK
.git\objects\7f\f9949ffa93e44835ab133998b89e440094f909,C:\SNS_24AutoProject_250723\.git\objects\7f\f9949ffa93e44835ab133998b89e440094f909,98f0fed5ef60d7b35624bf181b60c7a1c1761ed5a96fb9308db0c82b24e2abcf,OK
.git\objects\7f\fc7d3880a8f619c2bf88ac5fb04de81c0f6420,C:\SNS_24AutoProject_250723\.git\objects\7f\fc7d3880a8f619c2bf88ac5fb04de81c0f6420,4d1c99129490b223d8724838418c66d59af60ddbceb6a5cdec94f5e226fe872e,OK
.git\objects\80\14982b2276cef99f019fcd4d671af4e97624a8,C:\SNS_24AutoProject_250723\.git\objects\80\14982b2276cef99f019fcd4d671af4e97624a8,6933b178b6fbd0c03512b8b4af5666c0f907d02fc38b10be24e697bd004885ca,OK
.git\objects\80\50b5b1a7580ac5429ea4af62780b74c90ff5af,C:\SNS_24AutoProject_250723\.git\objects\80\50b5b1a7580ac5429ea4af62780b74c90ff5af,268298121f042a2648f5212848e2dac396e2405ae5d3fd1996e9a7972c98102f,OK
.git\objects\80\76c97afa621b5b8a9f72fa9bfa92cc1dd2f6d9,C:\SNS_24AutoProject_250723\.git\objects\80\76c97afa621b5b8a9f72fa9bfa92cc1dd2f6d9,2fa7df358f5aa57a98901ea2ed506819b162f5b30fa7b490841ca4200437d763,OK
.git\objects\80\c41863036e18ebc132d3101e3829b83ab77683,C:\SNS_24AutoProject_250723\.git\objects\80\c41863036e18ebc132d3101e3829b83ab77683,2dcb16f2ef1f69921efd21534b13b016b46a1b1277def6d533a69dbc8baafa7a,OK
.git\objects\80\cac4c5f30c98f0ab6e2b0ca50d56354324a50e,C:\SNS_24AutoProject_250723\.git\objects\80\cac4c5f30c98f0ab6e2b0ca50d56354324a50e,1f391e80e005055374b4d781998b221c12ccbe72b78e8b134527e7694177196a,OK
.git\objects\81\2577c67e39e1b2544f87e06a1e1be5d849094e,C:\SNS_24AutoProject_250723\.git\objects\81\2577c67e39e1b2544f87e06a1e1be5d849094e,40994b86c7016dbf861a40599f8a61db7f2109a5bbd2ad91e0f7eaf71c191c2e,OK
.git\objects\81\3c38dbd995a339024b95981519b2fb24b401ed,C:\SNS_24AutoProject_250723\.git\objects\81\3c38dbd995a339024b95981519b2fb24b401ed,4faf06208c935daa2e9163784822b09efd18fee79679e7a8862a12149adaec88,OK
.git\objects\81\3e47e9a62a38d60c9cc3fc799f5d4187b37d47,C:\SNS_24AutoProject_250723\.git\objects\81\3e47e9a62a38d60c9cc3fc799f5d4187b37d47,494ee83226209e14e8735cc6ba0c2586d2822bdbfc5994cab39c6adeaaea7891,OK
.git\objects\81\54a74692ac9276e1817b9c5a7a5e4b5ad4481f,C:\SNS_24AutoProject_250723\.git\objects\81\54a74692ac9276e1817b9c5a7a5e4b5ad4481f,cef8de19406b3ef45f4c9014f02ee8a20c65451d766ff205420db038890894fe,OK
.git\objects\81\66ac2c05dfb604421611fc193c3f0313119175,C:\SNS_24AutoProject_250723\.git\objects\81\66ac2c05dfb604421611fc193c3f0313119175,ac73adf4fc50729d31e310bb7ba25ee7d06bd67392c70f98c133a9e11a798c17,OK
.git\objects\81\a4fcc2b3ad69815fd00f90e9d682ef05e3065a,C:\SNS_24AutoProject_250723\.git\objects\81\a4fcc2b3ad69815fd00f90e9d682ef05e3065a,8fb45e4a2a932a7bd28dbc831525abb7d5ce243374f0d3430c740f7f0a0c9487,OK
.git\objects\82\db384a0701d3a649bc799a7156fc8186c39483,C:\SNS_24AutoProject_250723\.git\objects\82\db384a0701d3a649bc799a7156fc8186c39483,e21bcb6f7961a12e097aaefe33a8f01c169d71d5a70b06bb672dee3b2ede269a,OK
.git\objects\82\ea5aaf0c6ae2b3ec582013b6d16e6d6f29eb0a,C:\SNS_24AutoProject_250723\.git\objects\82\ea5aaf0c6ae2b3ec582013b6d16e6d6f29eb0a,7138bd2775df84d7a8424f22b39e80a91435d1bd902bf59f6c7f8930fc943610,OK
.git\objects\83\3b33203cd365f390d0f4c87aac1c2bc1f31e34,C:\SNS_24AutoProject_250723\.git\objects\83\3b33203cd365f390d0f4c87aac1c2bc1f31e34,69bdd1a4f9e01d039373e598a468576bc49332a63658c909eec4934b439d6c25,OK
.git\objects\83\4c5bfda81d1c20b316547175777608fa0ac4a3,C:\SNS_24AutoProject_250723\.git\objects\83\4c5bfda81d1c20b316547175777608fa0ac4a3,b53b12ace64401c04e7800d01d65022c77d9643db251c7997f01daafa1a26738,OK
.git\objects\84\19b699825c0da137d64a8abf51d4ad30d94439,C:\SNS_24AutoProject_250723\.git\objects\84\19b699825c0da137d64a8abf51d4ad30d94439,f1643c5d63f07e9a4fd7b8231475a4d6dd3e0d8c798941d517f79ed90b03c911,OK
.git\objects\84\7d82408ba99a771be4c806ceab31bf6f88699e,C:\SNS_24AutoProject_250723\.git\objects\84\7d82408ba99a771be4c806ceab31bf6f88699e,65dd2ad057e4d18895777e989118f8a982574b2d8c32a468d9a385c7e5a1114d,OK
.git\objects\84\acaf41520d2d302f75e300e2b47c5527218df4,C:\SNS_24AutoProject_250723\.git\objects\84\acaf41520d2d302f75e300e2b47c5527218df4,2824d0ccb1e02e35fbe5b93cbe637387ddbdf184579aea1d99da83f87cab504c,OK
.git\objects\84\c4b0047b88b8c246c9eeaf877fd3cfe72e16e4,C:\SNS_24AutoProject_250723\.git\objects\84\c4b0047b88b8c246c9eeaf877fd3cfe72e16e4,d920f6c6d90f54caa3578e44c17b73a1af03e98d03a9dd10b916330093253fc1,OK
.git\objects\84\cf2b6b39ee9403746263637497a6b642ffecb7,C:\SNS_24AutoProject_250723\.git\objects\84\cf2b6b39ee9403746263637497a6b642ffecb7,1f0cb30b979173eb89dd54efcfd07f13640ed3beb1b008aecd0217a09ac9c62e,OK
.git\objects\85\079bcd271653fef0c0d838493cc7cb2fefe7cd,C:\SNS_24AutoProject_250723\.git\objects\85\079bcd271653fef0c0d838493cc7cb2fefe7cd,5f90f15c4ad874480e8ee6c3458e8855cad15ed416fe515a9ef645316efffaef,OK
.git\objects\85\2c90940dd8abb431db2272b7af59f827278db7,C:\SNS_24AutoProject_250723\.git\objects\85\2c90940dd8abb431db2272b7af59f827278db7,4b3ef0c31badad10f22622a4db40d2a74aea50b028045bf30805c58f7ae761d1,OK
.git\objects\85\4002e99ab6f4ddd28a855ca827262481337176,C:\SNS_24AutoProject_250723\.git\objects\85\4002e99ab6f4ddd28a855ca827262481337176,150eb87c7bac9222e3c36d160ab480c96dc6c77f0537e05eddc8d4ba7bee46e2,OK
.git\objects\85\59300ea0846eb7437cd007f8ff99729a131a5d,C:\SNS_24AutoProject_250723\.git\objects\85\59300ea0846eb7437cd007f8ff99729a131a5d,9891edc490fdf8d21e258287c30990c099bdb315158647c7727d3e76cfc4ec01,OK
.git\objects\85\5abbd6e3ee338c3d46bee7b592f3d645d2c273,C:\SNS_24AutoProject_250723\.git\objects\85\5abbd6e3ee338c3d46bee7b592f3d645d2c273,87faa112de88ea9935ddec0997e9e56e771f3cf74e1ce867db79a2a78ab0b075,OK
.git\objects\85\6cec25414ab3d8607d92bfc91969dbe9d4a1b7,C:\SNS_24AutoProject_250723\.git\objects\85\6cec25414ab3d8607d92bfc91969dbe9d4a1b7,262ce965760b0ba603495255519a10d809455b3687b44ce3326b63962f5b88cf,OK
.git\objects\85\899a72ac898cd56b565ca7cf82f875c01b2e85,C:\SNS_24AutoProject_250723\.git\objects\85\899a72ac898cd56b565ca7cf82f875c01b2e85,586d46ac350aaeb0ce838b4649a459f28be5d57d66d166c584af7159174c4f97,OK
.git\objects\85\b403c88eba145937103a704f3827e4e8b0874c,C:\SNS_24AutoProject_250723\.git\objects\85\b403c88eba145937103a704f3827e4e8b0874c,a5d33a8901fb870e41af7d4c1dbad6a453cfff3b50965ed2ca0c23c02442036b,OK
.git\objects\86\01392d26bb5e300f1286931099862f4b2e9d90,C:\SNS_24AutoProject_250723\.git\objects\86\01392d26bb5e300f1286931099862f4b2e9d90,5e783bde3f77f6d7ec187a8d047f8b20ca991e5a19c7cdc59e072f8c24c0374f,OK
.git\objects\86\4efeae392e04433aa5be30c4b767b112cfcc0a,C:\SNS_24AutoProject_250723\.git\objects\86\4efeae392e04433aa5be30c4b767b112cfcc0a,16a668a29d355a5cfb65bcbb6138c28261de38fb442eb99a26a3031402765366,OK
.git\objects\86\b3cf802c613e4a15dbcfbefa81e2556c7d8312,C:\SNS_24AutoProject_250723\.git\objects\86\b3cf802c613e4a15dbcfbefa81e2556c7d8312,70661d8ae6df2f22dfa24302f663b6239cc9cf7d29b0660de674b503d6bf80d1,OK
.git\objects\86\e1664896c098b93869fcefb84d9b8e8d6f3a1b,C:\SNS_24AutoProject_250723\.git\objects\86\e1664896c098b93869fcefb84d9b8e8d6f3a1b,692fe0e1d5d3a142fc5d0d265bc3ee40c797d2b023d0297b31e36de0a97c5c17,OK
.git\objects\87\4286c1b6c199d3dff909c21352adce034ea28f,C:\SNS_24AutoProject_250723\.git\objects\87\4286c1b6c199d3dff909c21352adce034ea28f,5ddd969e47ee557ec6a90907790b9bc55caee6f5802f248a02300ee4b40cc460,OK
.git\objects\87\5f1451f0b99b936a59edf31d10155431f32655,C:\SNS_24AutoProject_250723\.git\objects\87\5f1451f0b99b936a59edf31d10155431f32655,18c37ccd2cac92a563f025575e81abda0203b5e07a9a0b44add6f1a4dc10a207,OK
.git\objects\87\6c811163ce015a5e3f8814fd1515000fc53c0e,C:\SNS_24AutoProject_250723\.git\objects\87\6c811163ce015a5e3f8814fd1515000fc53c0e,52ab2716f8039be7a603c76c0c68b9f1f4c2329c223ce0ed0287008ee114dfbb,OK
.git\objects\87\95c06b686dd2c411930e12d0215a6717289a3a,C:\SNS_24AutoProject_250723\.git\objects\87\95c06b686dd2c411930e12d0215a6717289a3a,148ddbe69c75c4ce139e9c16c50739f0dfc300fa1806efac0412663b7f799090,OK
.git\objects\87\cb324b3fb2088a2d1f4658b7519b31c1c926d5,C:\SNS_24AutoProject_250723\.git\objects\87\cb324b3fb2088a2d1f4658b7519b31c1c926d5,6e19f8f1120b3eb4564ad4f0d90b315bb087d1a7fe1ae661f96417393613792a,OK
.git\objects\87\dbff84c10dac14d995275b63f4216c69c11e69,C:\SNS_24AutoProject_250723\.git\objects\87\dbff84c10dac14d995275b63f4216c69c11e69,b952ba114261b432e8363a0a4557f0d1f1049f360a490f41e0a06f1d6c9040a0,OK
.git\objects\88\436bd8f3050e0de265427a27067aecee502e39,C:\SNS_24AutoProject_250723\.git\objects\88\436bd8f3050e0de265427a27067aecee502e39,b95a403e6c1be965aa6a46849f2c210a54d2df3f4c54cc8904951c56076737a9,OK
.git\objects\88\4e138e01120e11207410065f0885414aed7c32,C:\SNS_24AutoProject_250723\.git\objects\88\4e138e01120e11207410065f0885414aed7c32,64d470d4300b8bdb8f716c4d2f0c934fb945b9f88cdb8494965f499f509dcb5d,OK
.git\objects\88\7c21251cecc77f5538a8f48967a4795beddd46,C:\SNS_24AutoProject_250723\.git\objects\88\7c21251cecc77f5538a8f48967a4795beddd46,fda473dbfdd44b439015e537bebf1477143b0119a984a0ecec945622b74018c9,OK
.git\objects\88\ca597c8ce57ec3f1e4862097a562f686ec2f32,C:\SNS_24AutoProject_250723\.git\objects\88\ca597c8ce57ec3f1e4862097a562f686ec2f32,e7a4aaedf7f9c6c46f10793c10c30ade2056a481f4447cba77c7aa56de8a6a5b,OK
.git\objects\88\dc8fbc86d6ad87696ed8c81ad5ab80223c26e6,C:\SNS_24AutoProject_250723\.git\objects\88\dc8fbc86d6ad87696ed8c81ad5ab80223c26e6,1962dbf017c88c94b2d0789c7fbac70eecb40aba8071104be1409248d92fa840,OK
.git\objects\89\6d4efe804ea60f349d81769a4342014e11541b,C:\SNS_24AutoProject_250723\.git\objects\89\6d4efe804ea60f349d81769a4342014e11541b,453b4123207b5068c82f7edda1f1a838ed452ca816163dd8f5bcbec108615f6c,OK
.git\objects\89\a6bf7a5148a2f279b7ff25679ee1d94fedcc27,C:\SNS_24AutoProject_250723\.git\objects\89\a6bf7a5148a2f279b7ff25679ee1d94fedcc27,f6ac3a541cd76c0d7c52544f53bd02c7e9ff4a4d97c7e52ed3300c7f214a9516,OK
.git\objects\89\a8b57185f3e326f8891e71ab2b47f48cd908e9,C:\SNS_24AutoProject_250723\.git\objects\89\a8b57185f3e326f8891e71ab2b47f48cd908e9,108e2ad8b1a1f39e288fe5adf7970e5347a3edc351038ff210fd207cc2356de2,OK
.git\objects\89\bc68d6d8933c3b2b3a44dda1a12f3b45f4d274,C:\SNS_24AutoProject_250723\.git\objects\89\bc68d6d8933c3b2b3a44dda1a12f3b45f4d274,665a6937bfaca07280c32c032d839bcbe876fcc5438bc1bccb656f81ab58a75c,OK
.git\objects\89\d223146883370ae577166638d86e25602ef72c,C:\SNS_24AutoProject_250723\.git\objects\89\d223146883370ae577166638d86e25602ef72c,6b46231fd56f7d9d0ae8d527e8485eec53f7276056724604ccc8eda470becc4c,OK
.git\objects\89\dc69664f8a24b9ca856db80f0386de5872487e,C:\SNS_24AutoProject_250723\.git\objects\89\dc69664f8a24b9ca856db80f0386de5872487e,306e1bd9fbd59a0c502b27eb2d5bd6e69b8c8fc6e2ce2b0bd159a195b1faf036,OK
.git\objects\89\e875beaef780b2ceae08ee4703cd813f33d6a4,C:\SNS_24AutoProject_250723\.git\objects\89\e875beaef780b2ceae08ee4703cd813f33d6a4,ffc7fa8ab96e4d10c0c32c2e1ea3ed7433f6265ce05fc86103c3ba0bed179dcb,OK
.git\objects\8a\487ae56125c620a5887c8359faa74e8db864cb,C:\SNS_24AutoProject_250723\.git\objects\8a\487ae56125c620a5887c8359faa74e8db864cb,5b2c184ed468134fcd71995c982157e9e3289137d0b92336f11f149aca6c1d00,OK
.git\objects\8a\7677ceea634642532b9c18b427023fc8a24704,C:\SNS_24AutoProject_250723\.git\objects\8a\7677ceea634642532b9c18b427023fc8a24704,0cd62b4a7fa8fc87642fd4ee21ed9a80d38bc3320fcd8e81874d6c7c69e2638d,OK
.git\objects\8a\93767bfef2cecbeee15db413a0a7c277e761a1,C:\SNS_24AutoProject_250723\.git\objects\8a\93767bfef2cecbeee15db413a0a7c277e761a1,2272fd107c1e485d7ffd12db333eca847cee687a50b30fed844986838962fdbd,OK
.git\objects\8a\f850df3359f2fa531d81eec034a271b4bed6ef,C:\SNS_24AutoProject_250723\.git\objects\8a\f850df3359f2fa531d81eec034a271b4bed6ef,beeb32db167541664d2538fbf07e2cefeab8f65bd00fe4d6315cc0bd4411fada,OK
.git\objects\8b\06ce1710a6053422453a5fe5fe4ca6e23ad01a,C:\SNS_24AutoProject_250723\.git\objects\8b\06ce1710a6053422453a5fe5fe4ca6e23ad01a,0dc9fd013e61fc24a822397a331ef5586820a1022de6dc2725e5c979d2d56cc5,OK
.git\objects\8b\1a2816ab136098d10a3d294993ea56b6c432dc,C:\SNS_24AutoProject_250723\.git\objects\8b\1a2816ab136098d10a3d294993ea56b6c432dc,1020990f95e94fbbbc0be8c8a5937d223792036c14a985cb95eee96bad48eded,OK
.git\objects\8b\555a8004c42237f6c0b4f5d78e728280961d43,C:\SNS_24AutoProject_250723\.git\objects\8b\555a8004c42237f6c0b4f5d78e728280961d43,cc65bfa2f68bd0ecc5158de389e7f4711bf288db81e472127ec7a91e75309854,OK
.git\objects\8b\9abca344daf199b554888fc4fff562a7a18e4a,C:\SNS_24AutoProject_250723\.git\objects\8b\9abca344daf199b554888fc4fff562a7a18e4a,c15659948e4a18179f67da811ab9931e5cd78498a5f2849ca619d3181cefce47,OK
.git\objects\8b\a1724c0342528c0b6e323803c519b2c194dd5b,C:\SNS_24AutoProject_250723\.git\objects\8b\a1724c0342528c0b6e323803c519b2c194dd5b,c71b5115d2901fe32eac2f5d548cec7f00b0d6a2c21476b3b63157353fd9a2a4,OK
.git\objects\8b\a5aa2390b7aca0c9ea0b0fbc26ffe9aa894e10,C:\SNS_24AutoProject_250723\.git\objects\8b\a5aa2390b7aca0c9ea0b0fbc26ffe9aa894e10,9beb0a327c86b0c67d01e40a5dc356ceb7c2e36c57031669ef27f6f75a6c2c5f,OK
.git\objects\8c\1c0fa53be290b434e04506a1535f3d4d73cdf2,C:\SNS_24AutoProject_250723\.git\objects\8c\1c0fa53be290b434e04506a1535f3d4d73cdf2,aedad99fbf4f5c022aaa4f89b40ea14847698155dc35388a603f2e9b5a89b8ea,OK
.git\objects\8c\3066b2e68f1883e46f696491daad967ba606bf,C:\SNS_24AutoProject_250723\.git\objects\8c\3066b2e68f1883e46f696491daad967ba606bf,76a3a1c208533bab50f6c7bfebe7fedd768a7c03d22c46d56fe2701542535027,OK
.git\objects\8c\5661e93a205bf4fb22404d4fc50f902cc31369,C:\SNS_24AutoProject_250723\.git\objects\8c\5661e93a205bf4fb22404d4fc50f902cc31369,1a6a22b824e5932d3709e80f6b3e0980b3a133de3a1d9a52be9784230d6e6515,OK
.git\objects\8c\7e2e2f0b4c58bef90f038aa2c2da5efb68f116,C:\SNS_24AutoProject_250723\.git\objects\8c\7e2e2f0b4c58bef90f038aa2c2da5efb68f116,26ade30305562e43246c3e022f5ad022f6b35e34c525854fc01ce8978d11b99b,OK
.git\objects\8c\8062471dce91a5be827d6908795ee7391a4afc,C:\SNS_24AutoProject_250723\.git\objects\8c\8062471dce91a5be827d6908795ee7391a4afc,392b342fa03b3a201dcff66c43f6237b953ad3bec2fc63e64723c4580aae7a7c,OK
.git\objects\8c\8eec2f469a405b3f44be57d2ed6c2eb79f3115,C:\SNS_24AutoProject_250723\.git\objects\8c\8eec2f469a405b3f44be57d2ed6c2eb79f3115,fcff46eb6bcb952f3b7bb732c04e64498a6e7c5ab79e9c5167ada6bb1417f35e,OK
.git\objects\8c\a7b3c75808a2875cc552acbd3a81ec44ae22d2,C:\SNS_24AutoProject_250723\.git\objects\8c\a7b3c75808a2875cc552acbd3a81ec44ae22d2,2bd20c2a23ee45bfc9eeeceec5d6743aea81e9c3532e9039b10e76aaf3c13a6c,OK
.git\objects\8c\f3e9d32df6666fb8a4b704108f704ea4c91f79,C:\SNS_24AutoProject_250723\.git\objects\8c\f3e9d32df6666fb8a4b704108f704ea4c91f79,26f9e39d4e931d6130facb1286956809c7b685cf70760ceb1cde18c524fec00d,OK
.git\objects\8d\70a66ca01bdffcf2d1fb9929aecff6cecd67b3,C:\SNS_24AutoProject_250723\.git\objects\8d\70a66ca01bdffcf2d1fb9929aecff6cecd67b3,b41aaafb1d0225519b4a7066f1ae3d2847d010e4ac1cd5a5a3447526c732ac89,OK
.git\objects\8d\72aeed1783083546d397330cb2315578fc3c48,C:\SNS_24AutoProject_250723\.git\objects\8d\72aeed1783083546d397330cb2315578fc3c48,4d00be0a1db74ba09301ced66e641be230b33543f833cbf2fdd1a3e980bbf73f,OK
.git\objects\8d\75787761091382534e7da488e5f55a178eb0c4,C:\SNS_24AutoProject_250723\.git\objects\8d\75787761091382534e7da488e5f55a178eb0c4,ee853783652748e8928f85630958dbbb9084999f3aac684affd61836336c79a5,OK
.git\objects\8d\879e3fb772ef04afe28bf6670a5d233acfe710,C:\SNS_24AutoProject_250723\.git\objects\8d\879e3fb772ef04afe28bf6670a5d233acfe710,dee46a61aad5b43aa5967b582d13fefdd265563f78fa32376aa7c51fd240a875,OK
.git\objects\8d\97a0a49fa48e4edfe67de631e50ad81f5c8b6d,C:\SNS_24AutoProject_250723\.git\objects\8d\97a0a49fa48e4edfe67de631e50ad81f5c8b6d,573487ea8415967b118bd6490320035232e904a1591989104664f50e824fe021,OK
.git\objects\8d\b477d01736445cafce8af7a7085d226d81f546,C:\SNS_24AutoProject_250723\.git\objects\8d\b477d01736445cafce8af7a7085d226d81f546,b466251f1eb417c461fce7c7fb2024f77f8b79b692a0675196b8dd8371e3eefb,OK
.git\objects\8d\d80a91a378aa4dccddd9ff04757a086c9ceb78,C:\SNS_24AutoProject_250723\.git\objects\8d\d80a91a378aa4dccddd9ff04757a086c9ceb78,3a89df2a1893b54918f6c1053f05a6c96e2e262154e4fefa0cb75d3cffa2a479,OK
.git\objects\8d\f43dcf1c9f63d3ea9f056f062ea97e5c7c0b57,C:\SNS_24AutoProject_250723\.git\objects\8d\f43dcf1c9f63d3ea9f056f062ea97e5c7c0b57,225d0f250d6defea9465cdf3ed12368b1fcd15f9e88d0696653bf5f04d3a3f76,OK
.git\objects\8e\363a2b7923abbda3e1b9fb938fbf2e0e4b1574,C:\SNS_24AutoProject_250723\.git\objects\8e\363a2b7923abbda3e1b9fb938fbf2e0e4b1574,7b6fba98695efe3fa968f6e174d51a2e970512e9c5b5755a6f63ac27becf561f,OK
.git\objects\8e\9ef255eeb11515b84126d9ee5c0c6b3c72f2a0,C:\SNS_24AutoProject_250723\.git\objects\8e\9ef255eeb11515b84126d9ee5c0c6b3c72f2a0,31015a40d12e6d72353dd08c053ef98a41af75f747905b29183f91c7cc6f71ef,OK
.git\objects\8e\e8cb92e72d9c507ad0ee06dc6a38406ab06f34,C:\SNS_24AutoProject_250723\.git\objects\8e\e8cb92e72d9c507ad0ee06dc6a38406ab06f34,2177c572f62c37a2202e189f4be0d9c1b76599b13d5ce8d4586fb9fcfc7733ac,OK
.git\objects\8f\1731a7c9bb1f1230135f0ce6047e7efd02c914,C:\SNS_24AutoProject_250723\.git\objects\8f\1731a7c9bb1f1230135f0ce6047e7efd02c914,072bf1630ab420afa08ec2a007ce5a7800a3490571ff7a0c785298c5771103db,OK
.git\objects\8f\41e31d7be2f6bdecedfe668370977caca220df,C:\SNS_24AutoProject_250723\.git\objects\8f\41e31d7be2f6bdecedfe668370977caca220df,42e9586b2d9e5591c81918f7adc37119ef01dc99c94f4704e2f035611ff332d9,OK
.git\objects\8f\73a0b4172d164554f810a9a26bb89751b311e0,C:\SNS_24AutoProject_250723\.git\objects\8f\73a0b4172d164554f810a9a26bb89751b311e0,cfd24beaa68bf243ff3fec5d30458e37d7245b38fb1637f261075d52a07b6c4d,OK
.git\objects\8f\868dcf73674428fb0909cc4ef274503ffe5e8c,C:\SNS_24AutoProject_250723\.git\objects\8f\868dcf73674428fb0909cc4ef274503ffe5e8c,98f3b1354dd9296c0c0025498ceedf3625a09f5dd6d6fc6327415f20c4b62053,OK
.git\objects\8f\a67569764c661cb022652fcefd6526f668ac4c,C:\SNS_24AutoProject_250723\.git\objects\8f\a67569764c661cb022652fcefd6526f668ac4c,59bd5d3e7e688444e505166e96a7235bafcb7d6086b77b5ece3c897349a317bd,OK
.git\objects\90\1b8c2c5b990d8b89554b147b370c9eae17f265,C:\SNS_24AutoProject_250723\.git\objects\90\1b8c2c5b990d8b89554b147b370c9eae17f265,7d13db376c6291bb55175e6daeb9c1349ac1b38385a116aea0d923e204bccc54,OK
.git\objects\90\2a88dfd9caa254568db171b0044bf256aadad5,C:\SNS_24AutoProject_250723\.git\objects\90\2a88dfd9caa254568db171b0044bf256aadad5,2a7fa88e8bcd4517a8129caacd595e5877541ee27076d1ddc3a7b1b7836fc9b2,OK
.git\objects\90\3522af35afd2c6518d57e7178520c0846beb84,C:\SNS_24AutoProject_250723\.git\objects\90\3522af35afd2c6518d57e7178520c0846beb84,859276756d9586a4358b66d8e399f44c2fa913eaf64985da5469af80626915d4,OK
.git\objects\90\d4fedac5c618a519a84028d11093235aa70d8b,C:\SNS_24AutoProject_250723\.git\objects\90\d4fedac5c618a519a84028d11093235aa70d8b,4d925983c79715992695578d62a005218cbf38902c17e3197415a195b80604dc,OK
.git\objects\91\15b731aae26fd33d66a00e11c405c88678c172,C:\SNS_24AutoProject_250723\.git\objects\91\15b731aae26fd33d66a00e11c405c88678c172,309ef221a1457aa9c3b5c3e12ab3edff371b249f4524de4f807d8637cc8f2e00,OK
.git\objects\91\348d73d9654165134a00b37f2cc85a975b5af5,C:\SNS_24AutoProject_250723\.git\objects\91\348d73d9654165134a00b37f2cc85a975b5af5,b04bd43018f459536e9250e00e6a40bc1cccf936d0d1ee335f108e20b3794cd7,OK
.git\objects\91\558be0c2bf903b2364215ba26d5227d6126508,C:\SNS_24AutoProject_250723\.git\objects\91\558be0c2bf903b2364215ba26d5227d6126508,962c0e376edcbf56346f8913d12f0e4d49dbedc8a4dcb70b9b75e49b2b1233e0,OK
.git\objects\91\916466990b07e642ccf1d63702500a9137646f,C:\SNS_24AutoProject_250723\.git\objects\91\916466990b07e642ccf1d63702500a9137646f,b29d210e050037b381f0151b6b2d4a554aae2132a4426539e36ce1d5e1eb6355,OK
.git\objects\91\9723dc2ca581b4f95154d4192d8f732cc55a45,C:\SNS_24AutoProject_250723\.git\objects\91\9723dc2ca581b4f95154d4192d8f732cc55a45,11245cf325bc24c3a816c29cc652ef3bf3d05cee97055ade750328c6692a0297,OK
.git\objects\91\e81262dc37862f0250fa1ce3941f5b92834ea0,C:\SNS_24AutoProject_250723\.git\objects\91\e81262dc37862f0250fa1ce3941f5b92834ea0,023b462b408c948b8ae965821f61f0da1c3940e4a5bc7b8350f6acd9ae48ed67,OK
.git\objects\91\f6f8bc2e234bafd484146986bdb289082c3588,C:\SNS_24AutoProject_250723\.git\objects\91\f6f8bc2e234bafd484146986bdb289082c3588,e9d39463032b3c5192f52c998b6287436f20857e57337fe4a50a2ea9e1f72f0d,OK
.git\objects\92\5c5bcf334739dd5331a34e5fdd7cc44f3b8a75,C:\SNS_24AutoProject_250723\.git\objects\92\5c5bcf334739dd5331a34e5fdd7cc44f3b8a75,58010dd6e1e915b8fd99fcceaffc71efe4c5b686d1af0cad4fa67faf1fa109cb,OK
.git\objects\92\65fb7c2071ec0e66c657ad2ae42d5dd525fe97,C:\SNS_24AutoProject_250723\.git\objects\92\65fb7c2071ec0e66c657ad2ae42d5dd525fe97,5647db8959614e4a8d775fb99106aa9fe7332b4ef3806c37016550d1fe28b2c3,OK
.git\objects\92\75b5b96bd9a479cca0f748b23611f201416c5f,C:\SNS_24AutoProject_250723\.git\objects\92\75b5b96bd9a479cca0f748b23611f201416c5f,21369c0e49aff0d2ab4573f0d1122175635119c9209bdbd4cb4911f976755559,OK
.git\objects\92\8650d8334df337f8bf8431a547718faa4dc1a1,C:\SNS_24AutoProject_250723\.git\objects\92\8650d8334df337f8bf8431a547718faa4dc1a1,51917320fcd7318c74898604ea4a249425d04e8626b7f2239d1db1b326dcc363,OK
.git\objects\92\bdc879dde3eca56ab8cc832aa37c71c83ef291,C:\SNS_24AutoProject_250723\.git\objects\92\bdc879dde3eca56ab8cc832aa37c71c83ef291,6640847b8684f6caa36755c8c72078fbe6f1fb458ac56533d3bde81d469ba9b4,OK
.git\objects\92\d23953204d81f9e763907262104656e56b1a50,C:\SNS_24AutoProject_250723\.git\objects\92\d23953204d81f9e763907262104656e56b1a50,39dc65cd3c16dc979d8240a42e85c3f7cf5395f140879a20aa14ed4abd699936,OK
.git\objects\93\0aed82288d026135b28417181f7a834d111cab,C:\SNS_24AutoProject_250723\.git\objects\93\0aed82288d026135b28417181f7a834d111cab,edda749e1a4e7f0040caca190c792aeecc13d8eb6e26e091046edd9f689e7c59,OK
.git\objects\93\6ae91407700752f979f1c999fad03a469a49bd,C:\SNS_24AutoProject_250723\.git\objects\93\6ae91407700752f979f1c999fad03a469a49bd,657f8d7125c850e478722d1aa2f57857dd1e92e67354c902bed19211b7d41bae,OK
.git\objects\93\890c3bf2476444470bb08a76ef87bf27396e80,C:\SNS_24AutoProject_250723\.git\objects\93\890c3bf2476444470bb08a76ef87bf27396e80,a9bd91d1cd461d4c594dee530b356c406f34915e8b00d3cfbd1972839cd39427,OK
.git\objects\93\94d38180512a9e0278cf5bb36ac70587d209e4,C:\SNS_24AutoProject_250723\.git\objects\93\94d38180512a9e0278cf5bb36ac70587d209e4,c58447a72f3a9a752eef0e142152a67b1a0bd6a2c01a34ea778a28b55c3956c5,OK
.git\objects\94\456aba2bcfaf1166eeb81199dff4515c8b9474,C:\SNS_24AutoProject_250723\.git\objects\94\456aba2bcfaf1166eeb81199dff4515c8b9474,ab4aeb25cfaeab79a8417b9250396bbaae48613c0dfd7a800680aa65960e652a,OK
.git\objects\94\6b059f1c5740b06d124641d66276cfc32ebccc,C:\SNS_24AutoProject_250723\.git\objects\94\6b059f1c5740b06d124641d66276cfc32ebccc,dfbef6f2d70dbb557e0edd29dd088d8c165a5387bb179073f8b96bbb64c13c12,OK
.git\objects\94\a2af416a06a3c315b71ffb44e559a0e564066d,C:\SNS_24AutoProject_250723\.git\objects\94\a2af416a06a3c315b71ffb44e559a0e564066d,805274c168f8f1c5a68daa32147de3f7444529c9ca33ec5cf5f14b57c8551b18,OK
.git\objects\94\be103c82c4089b93e36824a629c7a392ec4c0f,C:\SNS_24AutoProject_250723\.git\objects\94\be103c82c4089b93e36824a629c7a392ec4c0f,83331227650e55fe327f9b2314a79129a66466a7d3077689b19e9fa36031843f,OK
.git\objects\94\d35085224b491bad4ada0b1f78b8a5be7106c1,C:\SNS_24AutoProject_250723\.git\objects\94\d35085224b491bad4ada0b1f78b8a5be7106c1,d38cc9ad2dc465f21201a2f2fd8e298388c17d69e1f4f16ffaacd726d442c1d8,OK
.git\objects\94\d47090595ed8a26fb894f0d36e9f3e9b4f12b7,C:\SNS_24AutoProject_250723\.git\objects\94\d47090595ed8a26fb894f0d36e9f3e9b4f12b7,79dc0c00440b345aa94f712cd7eeefa417280eb33f00400483b63f555e385ce6,OK
.git\objects\95\0401664e101d17ce5461ecb21c7d3bdf824f42,C:\SNS_24AutoProject_250723\.git\objects\95\0401664e101d17ce5461ecb21c7d3bdf824f42,d3512b2dd35c334977afb481b45f81c93d3c8d806252cf1d8a8bf80e343298e4,OK
.git\objects\95\2681ed46cb60e59baf76a2c43b49d5f67255d1,C:\SNS_24AutoProject_250723\.git\objects\95\2681ed46cb60e59baf76a2c43b49d5f67255d1,801cfc189510c365630ed6ea5d006988fdff3fd39871cb87fd1210a807d98ad1,OK
.git\objects\95\3a43422241b57e6311761312084fe6c70df4eb,C:\SNS_24AutoProject_250723\.git\objects\95\3a43422241b57e6311761312084fe6c70df4eb,4b502c3101b0bf39c0df50d253ca5759c26b7151cd764042a02eeb5e8a1a247b,OK
.git\objects\95\49adcb657569ea304592a4070ceecb4550a4db,C:\SNS_24AutoProject_250723\.git\objects\95\49adcb657569ea304592a4070ceecb4550a4db,dd7c3bb2b92f7f632635b6c24e383d6dc9bf4909c7f6c21ef8c615a06990ed06,OK
.git\objects\95\5a8b06fe9d131e196c362f8de62c29c478ec2c,C:\SNS_24AutoProject_250723\.git\objects\95\5a8b06fe9d131e196c362f8de62c29c478ec2c,5cbc58997c31f7d93a33ddae904c895a0bbd17a3b09cabb3115d5d1312009124,OK
.git\objects\95\5c4c356e19c91c2ca0baddab668e6f5a39eaff,C:\SNS_24AutoProject_250723\.git\objects\95\5c4c356e19c91c2ca0baddab668e6f5a39eaff,cae245139e4384ae2ea793a44155ccab48313bc9f0d4560f7e01f4edd9d0c77c,OK
.git\objects\95\9cc8cd26f8a7b10a70e0f93bf3b3c9bbc680d2,C:\SNS_24AutoProject_250723\.git\objects\95\9cc8cd26f8a7b10a70e0f93bf3b3c9bbc680d2,d974c13a4eda02600da67f0db894434c40f72c258372743941eec091a745a05f,OK
.git\objects\95\a9de9657f5b8b15aacb6e05c085c7e11bb8f55,C:\SNS_24AutoProject_250723\.git\objects\95\a9de9657f5b8b15aacb6e05c085c7e11bb8f55,922ee9f51bd392d509d42703146b159e525db4620516efed4200bca9a8bf0c3d,OK
.git\objects\95\caf8d3bd6b2d28841f6bd0e3c4aa9d9763db0b,C:\SNS_24AutoProject_250723\.git\objects\95\caf8d3bd6b2d28841f6bd0e3c4aa9d9763db0b,23fbd2534af26e998363ceb9f487260d39be093964b86fc89809a42ba964755c,OK
.git\objects\95\dd32a25539c68b02b370473e64184565b932e4,C:\SNS_24AutoProject_250723\.git\objects\95\dd32a25539c68b02b370473e64184565b932e4,ebf6382025c903fe279590313065b03fb050c32c2fb0fe69f6ddcb686c4ddd34,OK
.git\objects\95\ed5046f80abecda52caa2cc02ec04215a4e792,C:\SNS_24AutoProject_250723\.git\objects\95\ed5046f80abecda52caa2cc02ec04215a4e792,cbd8d37e95abdb7f1820ea305ccb71fe13284ea8687f14d3ce515484d81f8975,OK
.git\objects\96\199e73e73aafacd89e48cb2855a96d7a134e1d,C:\SNS_24AutoProject_250723\.git\objects\96\199e73e73aafacd89e48cb2855a96d7a134e1d,e92e1be4cd14de5e09232ab7ff91d35964a51931a7233b73277e6d7eee3e81de,OK
.git\objects\96\85971ee4ed724d1fcc0d4cc96304ea0b3fd0df,C:\SNS_24AutoProject_250723\.git\objects\96\85971ee4ed724d1fcc0d4cc96304ea0b3fd0df,bfd4a9d02c0534cc704a0e6cc4a9abbfad71b77c16a828dcfb3204c8717bdea0,OK
.git\objects\97\13622257c528c9dbffb4154386aeb95a43d113,C:\SNS_24AutoProject_250723\.git\objects\97\13622257c528c9dbffb4154386aeb95a43d113,b4f534e0baed2f3420b7369e64e8830193dd67b9e00737ee84e06192d737dc6c,OK
.git\objects\97\3b44458082cdab893065d4e2c14841068dc3f9,C:\SNS_24AutoProject_250723\.git\objects\97\3b44458082cdab893065d4e2c14841068dc3f9,6c2dfa722bdf4934083664f4252bb7954b3577bd129bbc8c0b07ffbe91dc71ff,OK
.git\objects\97\7bf6faf3a63c4ed8e6e85d35d5aa5f4f6fcee0,C:\SNS_24AutoProject_250723\.git\objects\97\7bf6faf3a63c4ed8e6e85d35d5aa5f4f6fcee0,5f7c38c1b9eba8785a089d33f6a42ccac621da5bbb96c6cf0e30119c41e6b703,OK
.git\objects\97\a9ce9ad4eefc190bcde282f4aa04b05589f8c6,C:\SNS_24AutoProject_250723\.git\objects\97\a9ce9ad4eefc190bcde282f4aa04b05589f8c6,71cd0e43cca8148400b2f6a3d49d06b32d66aca4f179f600eb6792de11282f74,OK
.git\objects\97\b4876351c6e1c7be616a55a8c1ee51ef070e58,C:\SNS_24AutoProject_250723\.git\objects\97\b4876351c6e1c7be616a55a8c1ee51ef070e58,ccc62473a76f167ae881237f58ff9b09e3488358ec82f59c7e38ab5e29482b6c,OK
.git\objects\97\d93590e401fc878b72281d938170623f01da97,C:\SNS_24AutoProject_250723\.git\objects\97\d93590e401fc878b72281d938170623f01da97,8a46344fc844dc27377943cd64de91efbc0b7774978c6a463bdbbf021ea685e8,OK
.git\objects\97\dca572d166bb1d614657d950ab5931a1033b42,C:\SNS_24AutoProject_250723\.git\objects\97\dca572d166bb1d614657d950ab5931a1033b42,79050023018e2188827e99828cfb3680da3ffe3d3304dbee85bea65cae260abc,OK
.git\objects\97\f06092e54050baf3c2fc4372429cbd110429e8,C:\SNS_24AutoProject_250723\.git\objects\97\f06092e54050baf3c2fc4372429cbd110429e8,130835243cb3bf891b3978fbf1629c32f81bb04320b0d05a1046f49e464aa3d3,OK
.git\objects\97\ffec682d5449114807558a6577faa75683c0f6,C:\SNS_24AutoProject_250723\.git\objects\97\ffec682d5449114807558a6577faa75683c0f6,bea8e5badf1f4faee603a6b21373fd513ae94eff2125ddfca3c913bb28ac9fef,OK
.git\objects\98\011068d306d35fb105eddf77b57a304a0548a2,C:\SNS_24AutoProject_250723\.git\objects\98\011068d306d35fb105eddf77b57a304a0548a2,900c8010eff439527f0ff612467193c0fd0da2140ef430c626acf8fbebaca77e,OK
.git\objects\98\314c23ea06f24aceb71d73e7917c123e46f07f,C:\SNS_24AutoProject_250723\.git\objects\98\314c23ea06f24aceb71d73e7917c123e46f07f,230a7795073a9f2c8a739236a6ac864de5822f6698a67510695bedee8c18dddc,OK
.git\objects\98\5e75b7a7b98f1ebd645116f2cb7354a3f648fd,C:\SNS_24AutoProject_250723\.git\objects\98\5e75b7a7b98f1ebd645116f2cb7354a3f648fd,9885dc161c459497f2d74f00588312ed80e64a3fca2e19500ef38cc33c93e853,OK
.git\objects\98\a057ed93359473031fd6496870ee3de168bb7e,C:\SNS_24AutoProject_250723\.git\objects\98\a057ed93359473031fd6496870ee3de168bb7e,a9f8c17054e848573a3923c56297bb9b4f6aa4b76138219e233547db419d78da,OK
.git\objects\98\b1019edc7ea41d913f6d2402db98225c8bf060,C:\SNS_24AutoProject_250723\.git\objects\98\b1019edc7ea41d913f6d2402db98225c8bf060,473d09e4dada357ceed6afddee0b42c8a7394b2d97db2b92391d156e6d1e833f,OK
.git\objects\98\bf51cd6c54e2aadb84ef297a300873094717ea,C:\SNS_24AutoProject_250723\.git\objects\98\bf51cd6c54e2aadb84ef297a300873094717ea,c03523fbfc95d79bf905290c3b62d642cb3fc9c187b0316dce373c820a884c1a,OK
.git\objects\98\c66faf627ce33505f87cf59b280e6f292817cc,C:\SNS_24AutoProject_250723\.git\objects\98\c66faf627ce33505f87cf59b280e6f292817cc,022d065320431181ff61c8244c4cf3b8b966a2c5a763424601142fac9b84b37a,OK
.git\objects\98\d00c6c31b784f49533af524667110fb9f181ab,C:\SNS_24AutoProject_250723\.git\objects\98\d00c6c31b784f49533af524667110fb9f181ab,97e609325b589f5abc1c98949d3558bdf5f7606b038d17dba43ddb0c44f3c7a7,OK
.git\objects\98\fd82ff1eab83f11a36c95b496ca7b65209b2c5,C:\SNS_24AutoProject_250723\.git\objects\98\fd82ff1eab83f11a36c95b496ca7b65209b2c5,bd3d5fc3e8e3224bb0c3bbdc17016a6bc952f07c519eb14843ed1e0bbeb69c95,OK
.git\objects\99\453ae44c1f548636cfb6057fe9c257c4f50689,C:\SNS_24AutoProject_250723\.git\objects\99\453ae44c1f548636cfb6057fe9c257c4f50689,3452a1435624a5ae2e51952b710484e503af670b4fccc275a26e043b6e60c171,OK
.git\objects\99\64b9a33452f4b636f43703b7cdec4891cbda5f,C:\SNS_24AutoProject_250723\.git\objects\99\64b9a33452f4b636f43703b7cdec4891cbda5f,ff5b3fd3a886c1eef41ffe409ce41cd71cf3ad5b7d6176a36bf5ca86a7a4f47c,OK
.git\objects\99\776f515fd53a86a6886311d91ff33b401396c3,C:\SNS_24AutoProject_250723\.git\objects\99\776f515fd53a86a6886311d91ff33b401396c3,2532e3f992c0134c90026f9d335ba4e1dba6283894e192616390a8512cc1e332,OK
.git\objects\99\80b632444a8d6f41ecd4928ff2a8407b209fa7,C:\SNS_24AutoProject_250723\.git\objects\99\80b632444a8d6f41ecd4928ff2a8407b209fa7,d61791e131e495dcc9a71ba5259672184f80de528a805c2db40be71d0bd6b2e8,OK
.git\objects\99\80d4a231a5397b31d045f6b7e672734a6a2623,C:\SNS_24AutoProject_250723\.git\objects\99\80d4a231a5397b31d045f6b7e672734a6a2623,f4f63913e6bf583eb92b84609f2f2d019804878190d0234cac8158a512a7ad18,OK
.git\objects\99\fe77776d275b21431dc66eddc69ea38736d722,C:\SNS_24AutoProject_250723\.git\objects\99\fe77776d275b21431dc66eddc69ea38736d722,c7c7d488d8c12aac7bb71143e2f4e98ff4f28ffeeecd6c4fe69cc61095e87b93,OK
.git\objects\9a\1ce2fa4e09b88acf111018ca1a2a36586c5e7d,C:\SNS_24AutoProject_250723\.git\objects\9a\1ce2fa4e09b88acf111018ca1a2a36586c5e7d,540c7948e876bc8dc9940fc56f43b248bf92c7aba683a074d3c49814a2f383e0,OK
.git\objects\9a\4384007b92ae7d20059c2c8b0d65c8085818d5,C:\SNS_24AutoProject_250723\.git\objects\9a\4384007b92ae7d20059c2c8b0d65c8085818d5,f975c71c888bd7c6beffa0362e858bdfa4470ab64aab146cdcaede99778e310e,OK
.git\objects\9a\7aabda4af06b3c5c15ba3947d35ef1697d3e3f,C:\SNS_24AutoProject_250723\.git\objects\9a\7aabda4af06b3c5c15ba3947d35ef1697d3e3f,d441bc0b87b502f691c86161d8f998c42f84d09a2110928f46bf90d976104a8b,OK
.git\objects\9a\befb4de39be0644180a9801c1f0e99fc7e8546,C:\SNS_24AutoProject_250723\.git\objects\9a\befb4de39be0644180a9801c1f0e99fc7e8546,b8b5989272c78cf552868b343ecdb37c96dcdfcb7f8d106b0d414e768b86b04b,OK
.git\objects\9a\cac4b7cdb92c2649351cd13793a09bfb7bb77e,C:\SNS_24AutoProject_250723\.git\objects\9a\cac4b7cdb92c2649351cd13793a09bfb7bb77e,af0d478c4bf9d5509041163f76fb1dfb5334c1d99da6295084ec631d6b4f9f60,OK
.git\objects\9b\07a80b85687b9e52f0c1cc713bad3621919edd,C:\SNS_24AutoProject_250723\.git\objects\9b\07a80b85687b9e52f0c1cc713bad3621919edd,e56020b47268e4f0e9413b35dd9dfe3c92fd3ed26e3cc3859c653eef47702f39,OK
.git\objects\9b\51ad56460c6a25c610b1b5298ba676c31c8c44,C:\SNS_24AutoProject_250723\.git\objects\9b\51ad56460c6a25c610b1b5298ba676c31c8c44,59d90c8aae7d2250fd494e21a537ca928d6c12df882a0509e510e7841654706f,OK
.git\objects\9b\7036723053b8e8e3888b0497528fe714b5b735,C:\SNS_24AutoProject_250723\.git\objects\9b\7036723053b8e8e3888b0497528fe714b5b735,7da5e4d8da134f94e4efd8e71ae44c05a89693087a651a254abcf87bc6c187d2,OK
.git\objects\9b\90d893326b41266b47e23b2faa75e33b346078,C:\SNS_24AutoProject_250723\.git\objects\9b\90d893326b41266b47e23b2faa75e33b346078,5746dc77f6706a5e651359d5fa8ef998758a8731a1b43228173c91c3e07e7d79,OK
.git\objects\9b\bb2fd3b361ea8aa4c126d14df5fa370343a63f,C:\SNS_24AutoProject_250723\.git\objects\9b\bb2fd3b361ea8aa4c126d14df5fa370343a63f,aaeacc3c2ab439a6a5e85d9116e54da0d6aaf5f630c0f818a079c26983235aca,OK
.git\objects\9b\f411ef5ad5f81f3863223ea75117404d5d1421,C:\SNS_24AutoProject_250723\.git\objects\9b\f411ef5ad5f81f3863223ea75117404d5d1421,27d70be0fa7a4d41ee0d98b091faa18c0c491b6960bb187efdc57647b70792e4,OK
.git\objects\9c\0bfdb13bf5a6f63c70a9d13928e52aa70d2c74,C:\SNS_24AutoProject_250723\.git\objects\9c\0bfdb13bf5a6f63c70a9d13928e52aa70d2c74,7e02958df53e10557ffa30e13bba21bf3f312382070550f846918eb8b4e68f8f,OK
.git\objects\9c\2d35c0e1013148a940a92f223be37225df0bec,C:\SNS_24AutoProject_250723\.git\objects\9c\2d35c0e1013148a940a92f223be37225df0bec,c16a221f85ad00462f0b2492c4792713dd442e0946ae7d5eb2afcfbdd2187bb9,OK
.git\objects\9c\45ed991a230919d129c63c660aa8d1ad74d0ea,C:\SNS_24AutoProject_250723\.git\objects\9c\45ed991a230919d129c63c660aa8d1ad74d0ea,3fc72dbbfe60ef48773d1344680f258309ba188f2f233a80e817ebcad8cf0ed8,OK
.git\objects\9c\759ba19c6484b8ac1635c36be07c594d68b90a,C:\SNS_24AutoProject_250723\.git\objects\9c\759ba19c6484b8ac1635c36be07c594d68b90a,55bf859f5482c17736a3812dd760188ddd145bd75a55e54abf79ec67b698e334,OK
.git\objects\9c\8fd317e0537afd4066001f6700cd6490fbe5a8,C:\SNS_24AutoProject_250723\.git\objects\9c\8fd317e0537afd4066001f6700cd6490fbe5a8,8a420d6c22ab6c5f99d76772ac8b5bd96e3a2fdbe1001447ed8062c60e0be8cc,OK
.git\objects\9c\f3ef6de1034b0309a98b92536d46dee7bde02b,C:\SNS_24AutoProject_250723\.git\objects\9c\f3ef6de1034b0309a98b92536d46dee7bde02b,20a245090424df27688f7c06440b75df4a28095b5a13c060a635950e2d85e50c,OK
.git\objects\9d\51a38c0ea719c5042837d47e0f427057b845f0,C:\SNS_24AutoProject_250723\.git\objects\9d\51a38c0ea719c5042837d47e0f427057b845f0,1fc53d8ad60979c6c4c3061e14ec7bfaf64be94103dc87cb23b804e3ac82cfb6,OK
.git\objects\9d\6dd551d135ed24b477e90e57802e284c847442,C:\SNS_24AutoProject_250723\.git\objects\9d\6dd551d135ed24b477e90e57802e284c847442,d241b500b85d5344eb61e60d3f9d7ed1f43d7234ae1659942d30087800e3a139,OK
.git\objects\9d\cfc19c56e62b12b730f4335b34479695f273f5,C:\SNS_24AutoProject_250723\.git\objects\9d\cfc19c56e62b12b730f4335b34479695f273f5,a1363528bb044a4a2abb6927d5c0c7ded05c852823a9a7be82c2fb5cdf37c9af,OK
.git\objects\9d\e943dd8f562af17af93a6224c16a7202fdc557,C:\SNS_24AutoProject_250723\.git\objects\9d\e943dd8f562af17af93a6224c16a7202fdc557,f3b0722442d2586e1688892376e80ecf5a2693c9c8bdcfc8d70f8c1f621a92ca,OK
.git\objects\9d\eac949005268d26e409a543af8f2015739e403,C:\SNS_24AutoProject_250723\.git\objects\9d\eac949005268d26e409a543af8f2015739e403,d545ba80649138d55a36f9e0f641a3d07dee9f145a5a84abc4b2dc615a0c976a,OK
.git\objects\9d\f8d0f2ec9fc8f1974d83cdd8155c79340007ed,C:\SNS_24AutoProject_250723\.git\objects\9d\f8d0f2ec9fc8f1974d83cdd8155c79340007ed,afbaab378b312b94cb56718db38fab1445ceb45d6bacb8673166758bb8ad459f,OK
.git\objects\9e\5921e1f6b3ebe4677f7058c9e095b7beb5d74e,C:\SNS_24AutoProject_250723\.git\objects\9e\5921e1f6b3ebe4677f7058c9e095b7beb5d74e,8cb18656e46071ee68e6afa5aac7536c5ccb0c09270eaaf3beb2af8950898b86,OK
.git\objects\9e\68706bf8533b3526f825102ab8ee5f7819829c,C:\SNS_24AutoProject_250723\.git\objects\9e\68706bf8533b3526f825102ab8ee5f7819829c,359e3901d0f7402035e34723cc0221ed88cc2fda84b63cd7668b26c1b09ed1be,OK
.git\objects\9e\78a6356842354531468cf9b23906cf489d9e1c,C:\SNS_24AutoProject_250723\.git\objects\9e\78a6356842354531468cf9b23906cf489d9e1c,7688729475d61943e81d7504b9bbb5ce6abe7dd015370ee273e347576010bd32,OK
.git\objects\9e\7cc687d76b00d8f112245d5c5d2f20a2a61814,C:\SNS_24AutoProject_250723\.git\objects\9e\7cc687d76b00d8f112245d5c5d2f20a2a61814,e43f5e43509feaea70524f3fcdecfc97a12631ecee52204d83d981c0327b82ba,OK
.git\objects\9e\c792bfe47ae9561c2ad89c4a2dfa69dab347aa,C:\SNS_24AutoProject_250723\.git\objects\9e\c792bfe47ae9561c2ad89c4a2dfa69dab347aa,00e96c12ae1fcbf06e2c488eda2f603c3704ec340e8748d3cefeb4dc2c0de27a,OK
.git\objects\9e\ffa88a2c99f444de50bea85049d5bba0fa5ba9,C:\SNS_24AutoProject_250723\.git\objects\9e\ffa88a2c99f444de50bea85049d5bba0fa5ba9,d8fc2478e3af4ef4db7b877688d12948a9eecfbd59e239355234c0fe0d45c6de,OK
.git\objects\9f\3a0678d766881389e129c93def7fffd74f14f1,C:\SNS_24AutoProject_250723\.git\objects\9f\3a0678d766881389e129c93def7fffd74f14f1,5abaad7f74897ddb6d2590428b590e5868c58239e2b1d15c617194e1a3eceb5c,OK
.git\objects\9f\61c7f14bb8c1f6099b9eb75dce28ece6a7ae96,C:\SNS_24AutoProject_250723\.git\objects\9f\61c7f14bb8c1f6099b9eb75dce28ece6a7ae96,d0aaf8e4b01c9dc6a06d3b42729da475ef4bde38e5355f7d761cb7c8b70e3e79,OK
.git\objects\9f\628f1054facc48fd7fefc393ba1e7c9dbae99e,C:\SNS_24AutoProject_250723\.git\objects\9f\628f1054facc48fd7fefc393ba1e7c9dbae99e,0b8b95d78eba6f0502e8c9d6945cc4cbaaf398d201758fe425b7b2c42d100270,OK
.git\objects\9f\cfa25fa2c25b4907ab8a0696cba02054b4e644,C:\SNS_24AutoProject_250723\.git\objects\9f\cfa25fa2c25b4907ab8a0696cba02054b4e644,ef6eabbdcdd54e9eb3a6f0e58cd374049548cd4a97a4afa9b84c17d21dac8f2d,OK
.git\objects\9f\d152dacc68c4c715a53f191048c2c458bd34d4,C:\SNS_24AutoProject_250723\.git\objects\9f\d152dacc68c4c715a53f191048c2c458bd34d4,f5a833a8663a8187e0097846350ba7db1731c47dceef399eb1a3749a092d21a2,OK
.git\objects\9f\d66f003fd45d3aa732b484aed0f9fa7b330ff5,C:\SNS_24AutoProject_250723\.git\objects\9f\d66f003fd45d3aa732b484aed0f9fa7b330ff5,7c14b9c52e3dbd97a2e68688ee7781760a91e025e431dd3da6b4c59aa264036a,OK
.git\objects\9f\dfdf3856d9a4ddc02bd877aded749f847f03e6,C:\SNS_24AutoProject_250723\.git\objects\9f\dfdf3856d9a4ddc02bd877aded749f847f03e6,d86b13ade4e682b0239e3b4901a37b1232116d3913e5d9d5379246fe72803824,OK
.git\objects\9f\e0a28061937bdfa8a908e3886389688fc74aa9,C:\SNS_24AutoProject_250723\.git\objects\9f\e0a28061937bdfa8a908e3886389688fc74aa9,4a810f587d23a57092256f47b44de476ca45a24f867fa9c08df9ae9ccc876e2b,OK
.git\objects\a0\40204d3ffde4112a308c8923445c7ebeacea31,C:\SNS_24AutoProject_250723\.git\objects\a0\40204d3ffde4112a308c8923445c7ebeacea31,f02a82f925bc0e6f235da8bc68d48462202375d56da880d7207cef9714915e16,OK
.git\objects\a0\7e76901930a6c3013f81d87b0a494a35e231fc,C:\SNS_24AutoProject_250723\.git\objects\a0\7e76901930a6c3013f81d87b0a494a35e231fc,e633986317cdd1067072e1216f7eeb2fadc9c394680d2b92eaf367917f9de955,OK
.git\objects\a0\f3c49c37818fac805f6d5ef5cf6b8c4a032f27,C:\SNS_24AutoProject_250723\.git\objects\a0\f3c49c37818fac805f6d5ef5cf6b8c4a032f27,3e5e6ac2343f5f59d2928afca53a6a28eddb0bdb87154458220b0b8c5ef00755,OK
.git\objects\a1\6329098079fdd3b505d92e60f52923fc1510b4,C:\SNS_24AutoProject_250723\.git\objects\a1\6329098079fdd3b505d92e60f52923fc1510b4,5783f8cfff9184d12fe2afc0f26cf117dfd6e0203b381c9c8a199278b59a7e7d,OK
.git\objects\a1\84cd590449741767789f3313860f229957270c,C:\SNS_24AutoProject_250723\.git\objects\a1\84cd590449741767789f3313860f229957270c,18f01c8262b4127a6fcb7de5d27cf6c9707241ba2aa019939becca1bd3ad3059,OK
.git\objects\a1\93a56c1133e8844083c8cadfc3e62a685e47b5,C:\SNS_24AutoProject_250723\.git\objects\a1\93a56c1133e8844083c8cadfc3e62a685e47b5,8a68197ae106c65192c66e86287db41da3cb8d8a83bad1f3e2ce7a17f62910ef,OK
.git\objects\a1\ad76c0d55d1dcfdf0a168ee5d34729bcbdd697,C:\SNS_24AutoProject_250723\.git\objects\a1\ad76c0d55d1dcfdf0a168ee5d34729bcbdd697,7b53bfcd87bf48318c727dbf8797d6b379a7b5218005837017a9351688657d03,OK
.git\objects\a1\dcea14de9cfb95311ebe94e8a1096c27800941,C:\SNS_24AutoProject_250723\.git\objects\a1\dcea14de9cfb95311ebe94e8a1096c27800941,736d8bc49452e36d2e4b108646e8106de193046b0bac8541bd10e3ec7aaa0f72,OK
.git\objects\a2\38949b587086a35b38dfa5b506bd37306538eb,C:\SNS_24AutoProject_250723\.git\objects\a2\38949b587086a35b38dfa5b506bd37306538eb,349eea7fea2eb2c57018b1f497f28d1f4d88c95d3bf221637f4af0981fa772f6,OK
.git\objects\a2\3b73d36ae49bdd07c1808f7fa50466b6124f5f,C:\SNS_24AutoProject_250723\.git\objects\a2\3b73d36ae49bdd07c1808f7fa50466b6124f5f,2d6e1a20e770568f677168dc24f7bdfc1656db63ee453e5415db4b20ad0bfb26,OK
.git\objects\a2\9be9bc47071de897aeaa47ba63f978e52d47f8,C:\SNS_24AutoProject_250723\.git\objects\a2\9be9bc47071de897aeaa47ba63f978e52d47f8,8fed90eadb6f89d4367e350f33ed1b0306c6cab5bcda60330b715e8d286472e6,OK
.git\objects\a2\b59a9d1088690cb2f9ad9011bfa59e6cb5c658,C:\SNS_24AutoProject_250723\.git\objects\a2\b59a9d1088690cb2f9ad9011bfa59e6cb5c658,962bc480a3640f692741eee7a347d6541e1ccc7d1f424b8711ce694382f428a2,OK
.git\objects\a2\b84f72bab703a9324c78688e56528fa98d636d,C:\SNS_24AutoProject_250723\.git\objects\a2\b84f72bab703a9324c78688e56528fa98d636d,28492fd53c27f0561e5c5f85cf0a41bb69c8433ca2c44a442a70c9b0bea9683a,OK
.git\objects\a2\c9a7e422aba33432d4e9f22101638994570e3c,C:\SNS_24AutoProject_250723\.git\objects\a2\c9a7e422aba33432d4e9f22101638994570e3c,8ad4cf24d3b183148c0b48ab6ad81abda020c802a422263732d93261061e9106,OK
.git\objects\a3\03d911a4b77471b48fa845c0ded098329a5318,C:\SNS_24AutoProject_250723\.git\objects\a3\03d911a4b77471b48fa845c0ded098329a5318,ba918b009ceb79fda17f438c9575f59fd4c1cd160c83ce4218c8eb0a217e3dae,OK
.git\objects\a3\8f11ffdf2a9e538695ea8cae20b1d2c04164af,C:\SNS_24AutoProject_250723\.git\objects\a3\8f11ffdf2a9e538695ea8cae20b1d2c04164af,090dc60e64f0bbdf1f980bca942cf0ae503f200df4d06f9cbfa4f22fadaab073,OK
.git\objects\a3\b47daa49d1df0c130ddb4eed85bc4463a46518,C:\SNS_24AutoProject_250723\.git\objects\a3\b47daa49d1df0c130ddb4eed85bc4463a46518,52cc622e3220ecd778aaf48cd660dcd77c8f42a6bb303c61f4908c28d2ca59ab,OK
.git\objects\a3\d13b6266f22f773429fe59945c022fa8fe31a3,C:\SNS_24AutoProject_250723\.git\objects\a3\d13b6266f22f773429fe59945c022fa8fe31a3,4b96cdcb7b0a0436aa1d126b4700388c0d75f46ef4081d3bd8a0ae270a2f62d7,OK
.git\objects\a3\d792a1fad983fc0b8403870c2e2d801dabf314,C:\SNS_24AutoProject_250723\.git\objects\a3\d792a1fad983fc0b8403870c2e2d801dabf314,811967ac45a614a1b9e05890128793d4fea7eb68f6692c5248a517e2e0bc4456,OK
.git\objects\a3\f299079aebb8524bf77e7f92e0a7e6d0a7b6fb,C:\SNS_24AutoProject_250723\.git\objects\a3\f299079aebb8524bf77e7f92e0a7e6d0a7b6fb,3e7b3a650d17a81bf933e9a2318a4ece7344bdbbe555613eb1c2551e9c5b08b4,OK
.git\objects\a3\fbb99345927162f4684e5b83a8f00d8efeccd2,C:\SNS_24AutoProject_250723\.git\objects\a3\fbb99345927162f4684e5b83a8f00d8efeccd2,f46b530ce89ca47951f7292a684ca80b1fbe892c6abb3b3812059e64931040ce,OK
.git\objects\a4\044a2fec7823b2cbac837140ca211bbbf6e872,C:\SNS_24AutoProject_250723\.git\objects\a4\044a2fec7823b2cbac837140ca211bbbf6e872,92df798bf6db27c01be685c040cd142424c01a6b605fc79f3ec4e17fcdac56db,OK
.git\objects\a4\1624f5df9698d78049008a2bd8a77395c0480a,C:\SNS_24AutoProject_250723\.git\objects\a4\1624f5df9698d78049008a2bd8a77395c0480a,d2fb92e07672fd8dc7378081b25aab2355630cc0c3192806b0a203fb91a1c39e,OK
.git\objects\a4\363c00e18d95ce9424cee5b90a321582f42117,C:\SNS_24AutoProject_250723\.git\objects\a4\363c00e18d95ce9424cee5b90a321582f42117,cb080e6811cc75681f5ab32145ec3abaee2d37afa346eacc4f6d6947e52a1ef1,OK
.git\objects\a4\a629a8e70deddb7c744c0b21ecd36eb761570e,C:\SNS_24AutoProject_250723\.git\objects\a4\a629a8e70deddb7c744c0b21ecd36eb761570e,b7c197e493b09104cf5dead0aef49960152ae4b40560b171118ec54845aab315,OK
.git\objects\a4\d15fb369ccd83a73a999aeeea44209997838b9,C:\SNS_24AutoProject_250723\.git\objects\a4\d15fb369ccd83a73a999aeeea44209997838b9,eacbd424675f3cf55ee1c7b507bbed7a1d2eed3022851e50a79a8453b6e387a1,OK
.git\objects\a4\efa9f675b60d2efd4cfeec24be029eebfe9773,C:\SNS_24AutoProject_250723\.git\objects\a4\efa9f675b60d2efd4cfeec24be029eebfe9773,d59f383c9d200d8eea6f0d68ba2a6c928c1ed4030364ce3cb187756882b8fc19,OK
.git\objects\a5\3e601212ba82eab991f7a12f31a48c8e07a191,C:\SNS_24AutoProject_250723\.git\objects\a5\3e601212ba82eab991f7a12f31a48c8e07a191,08a17409b8230a66d62e18b5ba2fbca41fd8db523d41f614e26f80d17ca12f34,OK
.git\objects\a5\554816e2928c2bd5d02e032bbeb1e1cb101009,C:\SNS_24AutoProject_250723\.git\objects\a5\554816e2928c2bd5d02e032bbeb1e1cb101009,3083c02dbd619936f690e7ecba4f8f0dc7ae5efc51b92f9fea87cbecdaa3340a,OK
.git\objects\a5\755e067d0cdc678dd48476f4043c2fe079d728,C:\SNS_24AutoProject_250723\.git\objects\a5\755e067d0cdc678dd48476f4043c2fe079d728,d5ee24f618cd41a6bcd7de75716018edf18a93135356f48203f2337dedd45ff7,OK
.git\objects\a5\de5fbbca50351c450ec4e74fbd64adc70771f0,C:\SNS_24AutoProject_250723\.git\objects\a5\de5fbbca50351c450ec4e74fbd64adc70771f0,9192cd14bd2e624dc3cbb438ec65f41be1db08cb07fe52aed79d027f8c56387c,OK
.git\objects\a5\e065119775801e1f0f03a8c31f5134a426d9e9,C:\SNS_24AutoProject_250723\.git\objects\a5\e065119775801e1f0f03a8c31f5134a426d9e9,a741a28acfdcca1c31798f0a61a784e95b4a8224d67a7bff5df59fe042d3bdf5,OK
.git\objects\a5\e1b79600d21019a3b93f3e2d796129d9b1d655,C:\SNS_24AutoProject_250723\.git\objects\a5\e1b79600d21019a3b93f3e2d796129d9b1d655,1cdca5e8d92d8ef77157c3fc4d46507ea03e736c22d36a2e41ece9f060caa331,OK
.git\objects\a6\34de990492446e9779c285763c83b1c5f1a18c,C:\SNS_24AutoProject_250723\.git\objects\a6\34de990492446e9779c285763c83b1c5f1a18c,299cf935cc86cc3fcc6df52b46413dbf05889d801bec5d450756c39a3044eb40,OK
.git\objects\a6\4fc9e7b2599e8f60d228ef3cf1743b5296cd4f,C:\SNS_24AutoProject_250723\.git\objects\a6\4fc9e7b2599e8f60d228ef3cf1743b5296cd4f,acf1ccb8e683c9609574fc96a577ec1b019b85989b0851fede427eacd9a02376,OK
.git\objects\a6\62a57137b69e8ba445e899566222cdd422a764,C:\SNS_24AutoProject_250723\.git\objects\a6\62a57137b69e8ba445e899566222cdd422a764,9c70522486364cd8f9c74182ad292a6f0597fa66dc5376a2433af2020ba75f98,OK
.git\objects\a6\68c686bd18ccbbb7850e4fe4ec76e050fef2f6,C:\SNS_24AutoProject_250723\.git\objects\a6\68c686bd18ccbbb7850e4fe4ec76e050fef2f6,583757e8fc0a8ed65722ebad04af0a8cdd6ff62ac754747653719cb8d469feff,OK
.git\objects\a6\7826083c21601675c4dbdfed7bfe6eddbd6230,C:\SNS_24AutoProject_250723\.git\objects\a6\7826083c21601675c4dbdfed7bfe6eddbd6230,1fb3606cdf2075ecf1732afbf4f2c294df34c0ae10204216b7f2a11aafbd5585,OK
.git\objects\a6\845ec2836141b6f93827abe67b27607fd8da12,C:\SNS_24AutoProject_250723\.git\objects\a6\845ec2836141b6f93827abe67b27607fd8da12,c1c65ea56f78188b1eb67ce09ca0a077d2972de6672f80362c5287c0e2bacd3a,OK
.git\objects\a6\9cd0fd5a4ca33f6a215787df0b5dfdaaaaa0ef,C:\SNS_24AutoProject_250723\.git\objects\a6\9cd0fd5a4ca33f6a215787df0b5dfdaaaaa0ef,561d898679a6a93d261eac7b561ec73121e54a6b2979dc448ba38464efebd17c,OK
.git\objects\a6\a6694f3317a25e7bc4c66502e9f396fa106509,C:\SNS_24AutoProject_250723\.git\objects\a6\a6694f3317a25e7bc4c66502e9f396fa106509,b25729b189f49bfeb9d09f4f5f015621b652a360b6af0b9696a23e36d7f0bfce,OK
.git\objects\a6\d69fb483168f70fb80fee04008fe9a9429253b,C:\SNS_24AutoProject_250723\.git\objects\a6\d69fb483168f70fb80fee04008fe9a9429253b,13538e43ed7c0bf0af2b17d3a35cd26b0a3b031a38f702eeba8e94fc2b2e3228,OK
.git\objects\a6\e494a78cef4baaa30d06cea4186391788eb30b,C:\SNS_24AutoProject_250723\.git\objects\a6\e494a78cef4baaa30d06cea4186391788eb30b,e0f03a2db6e25b72a45a8eb8825d91e42681ff4dacf8398f54c48e8b5f60c634,OK
.git\objects\a6\e9819702399e74089b8a5d3c5afe30b9c4fa4c,C:\SNS_24AutoProject_250723\.git\objects\a6\e9819702399e74089b8a5d3c5afe30b9c4fa4c,bfa3e94498263b844945c510b1f81ade73810eebee5da043962247d007c05f12,OK
.git\objects\a6\ef91de141cba92c654b1820a9bba9b4e4b07d5,C:\SNS_24AutoProject_250723\.git\objects\a6\ef91de141cba92c654b1820a9bba9b4e4b07d5,93b5d0384ade2fec801ab0aa4f346442f9ea2476f0a24f46d4ea6b9ee81f1910,OK
.git\objects\a7\132ae26e3d3e96be741fe6375d68a431bd6702,C:\SNS_24AutoProject_250723\.git\objects\a7\132ae26e3d3e96be741fe6375d68a431bd6702,4f82e629dda06cc11f86ac77d86291671645224d4afccbbe3395105b66032577,OK
.git\objects\a7\16650b3abd912c0365bff32ba293f219d77824,C:\SNS_24AutoProject_250723\.git\objects\a7\16650b3abd912c0365bff32ba293f219d77824,bd30689cb92a6c96f7f41545c6f863fbfc04d31390469d021a043385fcd70672,OK
.git\objects\a7\1aebc69727c9acd9c1a63a0cc0903fdf38be9f,C:\SNS_24AutoProject_250723\.git\objects\a7\1aebc69727c9acd9c1a63a0cc0903fdf38be9f,39b9df43d12c6b82ce2c12b02f54859a76ad11893bd36de7d88f7141e5a2267c,OK
.git\objects\a7\70c80bfdf80eae2bb5cbc06f1e0c9a7d918741,C:\SNS_24AutoProject_250723\.git\objects\a7\70c80bfdf80eae2bb5cbc06f1e0c9a7d918741,b47beffe523707b1e15542fdb8238d4f424e41a59e5c431b9cb21a7ed8d0906d,OK
.git\objects\a8\38bebf5e7bac3e1257eeb0a61c1b83feb1324c,C:\SNS_24AutoProject_250723\.git\objects\a8\38bebf5e7bac3e1257eeb0a61c1b83feb1324c,58b4823012864807f871181cf135e6faf78d786af67aefa96d2db06c3aa270d0,OK
.git\objects\a8\4b6e99671f7305d1c459956e16a4dd772fc60e,C:\SNS_24AutoProject_250723\.git\objects\a8\4b6e99671f7305d1c459956e16a4dd772fc60e,76bb20de60157c83b4ecc009a0faae734df11397b35a86399c3d87ba72d12390,OK
.git\objects\a8\63913358adb7a9118fcc48a6a5dcfba5f9914b,C:\SNS_24AutoProject_250723\.git\objects\a8\63913358adb7a9118fcc48a6a5dcfba5f9914b,c2fda338080dba7cbf789d615133e615b342ad98bd4ceeaca36ebe419c9c3621,OK
.git\objects\a8\922b182e80d9bcb955e8b8ae2bd9a017d72977,C:\SNS_24AutoProject_250723\.git\objects\a8\922b182e80d9bcb955e8b8ae2bd9a017d72977,5a38464f8c29c8828936dc1e2655c3dee16b5fb51b27a4c27ce69e3fe4d28a6f,OK
.git\objects\a8\b00420cc6a68312ac7638609c745267b7cd472,C:\SNS_24AutoProject_250723\.git\objects\a8\b00420cc6a68312ac7638609c745267b7cd472,f6d733f3d56ce813392d8812171b7f002de1a52b6332b108f76c49d1cb3e73e2,OK
.git\objects\a8\b9ab1992257d721ad627b14f535c3d4b020888,C:\SNS_24AutoProject_250723\.git\objects\a8\b9ab1992257d721ad627b14f535c3d4b020888,8194302562ef75b7eca0ca4079f77ba4a939aa49833f0e32903c36243a584da8,OK
.git\objects\a8\d49122ff62eea556400aeb93a556f78ae53ec0,C:\SNS_24AutoProject_250723\.git\objects\a8\d49122ff62eea556400aeb93a556f78ae53ec0,869690cb853471b56353d9b0504725d7c5f41645a0aeea274028717767f45a8c,OK
.git\objects\a8\fc86132b965c6c169c4c9e4c5f88dfa793b68b,C:\SNS_24AutoProject_250723\.git\objects\a8\fc86132b965c6c169c4c9e4c5f88dfa793b68b,7b2711b611461c564a04ed6aaf43649b9dd14b87db4723a653e12c317bb00fef,OK
.git\objects\a9\22f979a6dafd707b9a219707a44c3874530280,C:\SNS_24AutoProject_250723\.git\objects\a9\22f979a6dafd707b9a219707a44c3874530280,23eeec08a09dc26f83ffc14447fc2a3276eb96a8d8637cfa5331991ed0cf24e6,OK
.git\objects\a9\3e93395f4b252474e7121b60bd215541b50d3c,C:\SNS_24AutoProject_250723\.git\objects\a9\3e93395f4b252474e7121b60bd215541b50d3c,81d2e4dea47c141738d19c337f744534080cea3eb5cf34e17c18495efe6947af,OK
.git\objects\a9\45ec0ca1f8b4e530544cc25b44919ca0b56458,C:\SNS_24AutoProject_250723\.git\objects\a9\45ec0ca1f8b4e530544cc25b44919ca0b56458,ae895308e937c49896fe1de583842fde88e4188033dcb7fc5050a7365729cd30,OK
.git\objects\a9\68845e29b8b2b47d4a73f74ae04ef681d7d485,C:\SNS_24AutoProject_250723\.git\objects\a9\68845e29b8b2b47d4a73f74ae04ef681d7d485,ff660f1d6b0c9df4955dd0257b19448bedcfe09e2b419c7918b6c915a4657dcc,OK
.git\objects\a9\796a242abc1e8498e1612927be5a7d8fc77d2e,C:\SNS_24AutoProject_250723\.git\objects\a9\796a242abc1e8498e1612927be5a7d8fc77d2e,ccec23a7b780f88920e5bfb292819252384cf3860e5457195e80e05359d8af9a,OK
.git\objects\a9\7bba894ff693da21884b7550a83f3c8bed367e,C:\SNS_24AutoProject_250723\.git\objects\a9\7bba894ff693da21884b7550a83f3c8bed367e,317369c3af4e970937c50930cee43b080c5a48e6d754b07d216cd2ee72ae9923,OK
.git\objects\a9\84d8a5475efec752184dc53d4979c20b1688c6,C:\SNS_24AutoProject_250723\.git\objects\a9\84d8a5475efec752184dc53d4979c20b1688c6,4d86ae1f9ff872476909152dbc170bd8b60260c1acb3ce79c5aadbe8aa63d21b,OK
.git\objects\a9\f6cd93c849c8b1677bc54f8bb836c91b40d63d,C:\SNS_24AutoProject_250723\.git\objects\a9\f6cd93c849c8b1677bc54f8bb836c91b40d63d,818a881ad59f5be2b94359e9fced6f79f7b2df49d27e887bc3918c416a699378,OK
.git\objects\aa\1a920264c21136f802fc9d15eebf61cb43b5ee,C:\SNS_24AutoProject_250723\.git\objects\aa\1a920264c21136f802fc9d15eebf61cb43b5ee,032132a62d45ac885e470763fcae322c4f5494e7c24be32ac39c74c389d55c30,OK
.git\objects\aa\7032c83286978df0f7c0555fa400e519d59f56,C:\SNS_24AutoProject_250723\.git\objects\aa\7032c83286978df0f7c0555fa400e519d59f56,336820b7d12aedcd753e4f52d5463e01232262ea7e42c52a5231c6a9fb75ccad,OK
.git\objects\aa\827e159d3e84872350b7264d1d1ec0ebd70702,C:\SNS_24AutoProject_250723\.git\objects\aa\827e159d3e84872350b7264d1d1ec0ebd70702,561459c18c5fea76597653dec82d6d0a64b3f9bda4fce3043ca30a095eb001ea,OK
.git\objects\aa\d1d991c49c2e0fa28be3da4de447af33c8df1c,C:\SNS_24AutoProject_250723\.git\objects\aa\d1d991c49c2e0fa28be3da4de447af33c8df1c,702165f47b5fee4f807707167ff24a0bdfac840bca9e59f308432f2caf193b74,OK
.git\objects\ab\23dbdde3417d7fb229695efe85505debbf8ac8,C:\SNS_24AutoProject_250723\.git\objects\ab\23dbdde3417d7fb229695efe85505debbf8ac8,74107eddd5b5085696c210b239e8cda8dd536d8f34a72bafd2ec3f9791c07efe,OK
.git\objects\ab\37e845566aa95659b7b85be0051d0c67a7e53a,C:\SNS_24AutoProject_250723\.git\objects\ab\37e845566aa95659b7b85be0051d0c67a7e53a,f5178625482a5bb05a4942e5b2e636b7d02b16c6a28405ba2a6ed98b1ce4ad07,OK
.git\objects\ab\3f8e4d525d4b8a5eeabc60e569f59adae81432,C:\SNS_24AutoProject_250723\.git\objects\ab\3f8e4d525d4b8a5eeabc60e569f59adae81432,2ef0a0f7072e4880cd238355f7f7cf1a58445c613dbbb650636f865020101510,OK
.git\objects\ab\55c512c40754de17dbb69ac526a8c3e1a82c28,C:\SNS_24AutoProject_250723\.git\objects\ab\55c512c40754de17dbb69ac526a8c3e1a82c28,f5c293a3308638d8cbe5430860f87267fad1164a78027dea11e5e0d840bc2688,OK
.git\objects\ab\5d4a816257e0f501fce1c087e74a3d1f66dc13,C:\SNS_24AutoProject_250723\.git\objects\ab\5d4a816257e0f501fce1c087e74a3d1f66dc13,711bbbeac569f65e6e288b59d2dd849a0faaae1b4449e6b186c7481c01234fa6,OK
.git\objects\ab\6eeb5cb9fd9b014736b407787160bd7c24c67f,C:\SNS_24AutoProject_250723\.git\objects\ab\6eeb5cb9fd9b014736b407787160bd7c24c67f,f91d7ceb5fec956f9e1f11aaf1106499626076df8b504c7c841a68bdbebe34a9,OK
.git\objects\ab\86a8124b091f06d192934bf8f494f17aa2e2cf,C:\SNS_24AutoProject_250723\.git\objects\ab\86a8124b091f06d192934bf8f494f17aa2e2cf,0cfd5e881ca9818116ec14b17748960f9c8cc1f1c7a9506fdf343275fb95bcee,OK
.git\objects\ab\8d521cd915cfab6d9a8eec4980510cf8ae0086,C:\SNS_24AutoProject_250723\.git\objects\ab\8d521cd915cfab6d9a8eec4980510cf8ae0086,5596ddca8893c4ef010ebfdfe62e482b02449e1196705c3c2506e050a9c60536,OK
.git\objects\ab\b2b974a47eb3e5c8b4f5d4370baf4898b239ab,C:\SNS_24AutoProject_250723\.git\objects\ab\b2b974a47eb3e5c8b4f5d4370baf4898b239ab,29d2fb4f73d6fc172d05a343f1bcba03ed9967b1f7652049216a012c589fa208,OK
.git\objects\ab\dfaa0af9b43676818026c15002df1dc6a16d76,C:\SNS_24AutoProject_250723\.git\objects\ab\dfaa0af9b43676818026c15002df1dc6a16d76,0dd8ec9126f6c82c9829d361f752122637fd40b0541e87bbde0be99e35fef73e,OK
.git\objects\ab\ecd137b1fc3220637b22ffea0e7256a58e9377,C:\SNS_24AutoProject_250723\.git\objects\ab\ecd137b1fc3220637b22ffea0e7256a58e9377,7b4174f7e0addd3d9e220b2761ce5b2661aca87bf8f29e438467a2ca84fb2a03,OK
.git\objects\ab\f3072ae16d17656168e17c500ba7616f78c18a,C:\SNS_24AutoProject_250723\.git\objects\ab\f3072ae16d17656168e17c500ba7616f78c18a,f58aab017d4766c30093d4c4f0c17f500a5e1969b7bb6a302d1ffca8b86b4c82,OK
.git\objects\ac\17c7e0bdb1ab10dc93b5f5faa237365307f54a,C:\SNS_24AutoProject_250723\.git\objects\ac\17c7e0bdb1ab10dc93b5f5faa237365307f54a,1ffa0ed686d404cd0c465e5c9a4b88cdedd0b65ccfb8bf8aae137be476ef1e53,OK
.git\objects\ac\2d316f3f9329a8fa920e2dfaadf6ac344b7e8f,C:\SNS_24AutoProject_250723\.git\objects\ac\2d316f3f9329a8fa920e2dfaadf6ac344b7e8f,1fc0bec0db3819863cebbd3e3fdd5da1ff7bf36f5b9b658261af631fed9e6b60,OK
.git\objects\ac\40299f6b27043e8f2454ac594b0ec184c1a237,C:\SNS_24AutoProject_250723\.git\objects\ac\40299f6b27043e8f2454ac594b0ec184c1a237,d41f52d4ac6b6d0e5b9ea49fd8011fbea932ee2c89fd811ac205541d27169522,OK
.git\objects\ac\c930a4166e638d89365a6bbafaa68bc109f72e,C:\SNS_24AutoProject_250723\.git\objects\ac\c930a4166e638d89365a6bbafaa68bc109f72e,7ed1cd63de4a7e06898c27c0dc696619544c82c113e4462e1753b99c77878ded,OK
.git\objects\ac\d08adca11a51c5032d564d013d6e2632d65a49,C:\SNS_24AutoProject_250723\.git\objects\ac\d08adca11a51c5032d564d013d6e2632d65a49,7c02c425945db19c076f2c9266b600588d6347a96641a7274b33935c895d40ba,OK
.git\objects\ac\f8091ac85151a6c887e2b5049ee40754b7b0d3,C:\SNS_24AutoProject_250723\.git\objects\ac\f8091ac85151a6c887e2b5049ee40754b7b0d3,5fbb837048582319b18fb8f9675be3a191a9a87d79b6cdb42712189dab4cadfa,OK
.git\objects\ad\28bebabbe3de6ad98701e7df10e57895730205,C:\SNS_24AutoProject_250723\.git\objects\ad\28bebabbe3de6ad98701e7df10e57895730205,8946343ad118d709afbfc05d397c1198dbfb075ba7a4b841da9474e1883ca158,OK
.git\objects\ad\2f31d4d0aa56b09507bcdfa1a0e3538d0b9275,C:\SNS_24AutoProject_250723\.git\objects\ad\2f31d4d0aa56b09507bcdfa1a0e3538d0b9275,8c514cee6bf2e0def5820403fbbd83695c9dc337ee2fc2ec8823813ba72459dc,OK
.git\objects\ad\324bd5b2c3989b46a4e845c47c0895b52efacd,C:\SNS_24AutoProject_250723\.git\objects\ad\324bd5b2c3989b46a4e845c47c0895b52efacd,8024220d0b8cebbe35a2a775a65e5381dc919a25a280a72e1f342c552e5d6766,OK
.git\objects\ad\6cf59281a1046d9dcd045fda521585e3e33e06,C:\SNS_24AutoProject_250723\.git\objects\ad\6cf59281a1046d9dcd045fda521585e3e33e06,b422a9bb0ec2e7104f47b959607325bcfb172dbe288acf13a818c5d60f1c80d3,OK
.git\objects\ad\70cf3e08498845aaafc38e4eccca7461c8d337,C:\SNS_24AutoProject_250723\.git\objects\ad\70cf3e08498845aaafc38e4eccca7461c8d337,3ef22ddd805bd49d3baa4e2768b4bfa5b1c2d30221d31ab73227fe79f5473ec4,OK
.git\objects\ad\756a6114da3c6acb6adead33e25258dfc67b1d,C:\SNS_24AutoProject_250723\.git\objects\ad\756a6114da3c6acb6adead33e25258dfc67b1d,625196b46e78669ecc76d1b5478a5dae706682a9ca74ae61b5875900bada6906,OK
.git\objects\ad\77ccb14d1faf1bf9cbc289bbb6bbfbff4484df,C:\SNS_24AutoProject_250723\.git\objects\ad\77ccb14d1faf1bf9cbc289bbb6bbfbff4484df,e42d3b3758611c25e5f62c9825a64a15110f2e9e0421e6ca389c4d056fb1482a,OK
.git\objects\ad\7cb8376f93c3ddd3defbe52967afa295d9c7b2,C:\SNS_24AutoProject_250723\.git\objects\ad\7cb8376f93c3ddd3defbe52967afa295d9c7b2,c296118be858e2b276d2d984042cde0527d46c9681562b6bea6ac64767da8abd,OK
.git\objects\ad\bcab8bfcbbeb8a16b069b8a0b1e73a0a302310,C:\SNS_24AutoProject_250723\.git\objects\ad\bcab8bfcbbeb8a16b069b8a0b1e73a0a302310,a7fcec182683e60e07020e9f6163b2af80175a2303a4c9bd2e83a5fd28be24a0,OK
.git\objects\ad\ca3dbdeb6d13172a36ada8b19da559a0186d94,C:\SNS_24AutoProject_250723\.git\objects\ad\ca3dbdeb6d13172a36ada8b19da559a0186d94,ea271ff30d5958185399bca1cf598e16a3926d0763f6c097824b4d074a7aaeb3,OK
.git\objects\ae\0ce4e7c3d273b537fa3653784e73be68ebb441,C:\SNS_24AutoProject_250723\.git\objects\ae\0ce4e7c3d273b537fa3653784e73be68ebb441,8fad70ccb5e8fe32c8c13d9b32b45180778097f59cbab93db0ab12e4feeef1fa,OK
.git\objects\ae\1f3ae0e7d5024f3bb6a6f0fdc05b8ec81b1093,C:\SNS_24AutoProject_250723\.git\objects\ae\1f3ae0e7d5024f3bb6a6f0fdc05b8ec81b1093,b7e9a8316b040b5127b6a468915e64f536bcb2d6db989f89e2aeb09dd525f755,OK
.git\objects\ae\4cb8e1f2dde9be3417da14b33f1f30f19ce052,C:\SNS_24AutoProject_250723\.git\objects\ae\4cb8e1f2dde9be3417da14b33f1f30f19ce052,733e9d5debe3af019fd9db506a6cdb17517cfff295e7de79fad636b3b3955ce0,OK
.git\objects\ae\65a5f9b94d196b29b68ddec7862e098d829b59,C:\SNS_24AutoProject_250723\.git\objects\ae\65a5f9b94d196b29b68ddec7862e098d829b59,8f45eb17917fa942172b9cc601ed441f074cc6091e73f16eb2bc3b82aafdb13c,OK
.git\objects\ae\894a4db9d3083b857e1b7791ddcad08e8e9e99,C:\SNS_24AutoProject_250723\.git\objects\ae\894a4db9d3083b857e1b7791ddcad08e8e9e99,5d51335d573f2901a7ea49b87836dacee0abd6c816082e5c3ab19af9d32565b7,OK
.git\objects\ae\8fbe90c42300d2266399b15fc4ac225a0862d0,C:\SNS_24AutoProject_250723\.git\objects\ae\8fbe90c42300d2266399b15fc4ac225a0862d0,e353677d99d6dccb7576680d6043865bf48ab63ddaf5193712433ae861100ba2,OK
.git\objects\ae\952460a56b759462d6c89d408649c11295b295,C:\SNS_24AutoProject_250723\.git\objects\ae\952460a56b759462d6c89d408649c11295b295,814c489c911d0d0c6b18a60626faf3531a7e5c9ebf626afd7278010a10b354c9,OK
.git\objects\ae\b423858c32312803c9fd979f4c076567a13b87,C:\SNS_24AutoProject_250723\.git\objects\ae\b423858c32312803c9fd979f4c076567a13b87,4ffe78ae4699bd6b6ff85c0ace74a24af2b028ee28f619e0a23c153151e1610f,OK
.git\objects\ae\edd8936a49f16a728549614da2c5c3e775fe5e,C:\SNS_24AutoProject_250723\.git\objects\ae\edd8936a49f16a728549614da2c5c3e775fe5e,bfeecec849ca6f8ccfdbace04415f0fb6284813f5a9221429c4b881ce4c8b0e4,OK
.git\objects\ae\f199e1e038a58a24a0e5b8998a1a3347712a48,C:\SNS_24AutoProject_250723\.git\objects\ae\f199e1e038a58a24a0e5b8998a1a3347712a48,05f15aea3554d789c1469c6458ceecfa568c668aa10aa038fbeb86269c1a07cf,OK
.git\objects\af\4276e51db5ab329ca76c36bf4fa1e150b7faaa,C:\SNS_24AutoProject_250723\.git\objects\af\4276e51db5ab329ca76c36bf4fa1e150b7faaa,8f80533b40abdf54d9c821535dc86c26fb4eb4b8bf63a9afbf12f731a5248ad8,OK
.git\objects\af\46ac8e6a480d90f3d144612c6fec99f3cd0349,C:\SNS_24AutoProject_250723\.git\objects\af\46ac8e6a480d90f3d144612c6fec99f3cd0349,75500e724266b85772055d706c6ff319b4cd5879085338fc836f907c3252fb44,OK
.git\objects\af\55ca3ef893111940f911be5c4088215234d9a3,C:\SNS_24AutoProject_250723\.git\objects\af\55ca3ef893111940f911be5c4088215234d9a3,f81279ff6e59a9613065c148c4573ca5127ef19eda9f46cb48a1b3d73cc49654,OK
.git\objects\af\644eb49032609d7a1b090b1fb72e64e32538a3,C:\SNS_24AutoProject_250723\.git\objects\af\644eb49032609d7a1b090b1fb72e64e32538a3,1fd66be439c042a6aece5f31445e295aa35a24ee4ebcf40330cb11f8768bf510,OK
.git\objects\af\8726ec2849f8547eea7b8ea322f36d1fe9245d,C:\SNS_24AutoProject_250723\.git\objects\af\8726ec2849f8547eea7b8ea322f36d1fe9245d,a41e4bef96d7ffbb7d6c43a33cc3e7cda37ed4e69d64426fe18d17e3f2148646,OK
.git\objects\af\b093da00685297cb11347c4840acf3a8e2e2bf,C:\SNS_24AutoProject_250723\.git\objects\af\b093da00685297cb11347c4840acf3a8e2e2bf,b407a23e92db0c4f23e44f813382a10440b1bab52ddd615c3fb362f8be2db3f9,OK
.git\objects\af\b5de11225c4d5be47ca89d1bece11da6459deb,C:\SNS_24AutoProject_250723\.git\objects\af\b5de11225c4d5be47ca89d1bece11da6459deb,b59511a54e5ffd416f6af247f07ca8aada961fd13fb58505726626fe66e096a7,OK
.git\objects\af\b6a4a8fb17b0d4670b8ea1b38f5cc6100244e4,C:\SNS_24AutoProject_250723\.git\objects\af\b6a4a8fb17b0d4670b8ea1b38f5cc6100244e4,6b66002801d11c82142d3407399b3d5ab126fe252daaca22a7fda8244762284b,OK
.git\objects\af\d956c878856e0e239887963b32ddb8327ccf38,C:\SNS_24AutoProject_250723\.git\objects\af\d956c878856e0e239887963b32ddb8327ccf38,4f8c9a794ac5adc07243721a00d5eec56e9924f563b4c2aff32434298ee41a31,OK
.git\objects\b0\1d7084b0cb5681798174d19b5ce7e90ef955bd,C:\SNS_24AutoProject_250723\.git\objects\b0\1d7084b0cb5681798174d19b5ce7e90ef955bd,f8ff079f7bdf1c022ded8e46c9e0cf79de29bb6e6231df9036b1c5caa53f7a45,OK
.git\objects\b0\1f0436a129a887cc67ef2b261439f91366d109,C:\SNS_24AutoProject_250723\.git\objects\b0\1f0436a129a887cc67ef2b261439f91366d109,9b2162f352fba385122843f045e772b975f34395d0f731d0dee151e0c4539bf7,OK
.git\objects\b0\240609155744d4e9aa1361eea9811b00f67d2d,C:\SNS_24AutoProject_250723\.git\objects\b0\240609155744d4e9aa1361eea9811b00f67d2d,de1fb3416c7157035722ac6d998505fb477ab1a194542f6dc6b28e43ab4c08a8,OK
.git\objects\b0\5674061832780315923a85625e4fdd082b538c,C:\SNS_24AutoProject_250723\.git\objects\b0\5674061832780315923a85625e4fdd082b538c,7e17d8e6244aca10f22275a92d854850cab79f49faa23774c14142239bdd5d11,OK
.git\objects\b0\b42d417173f8ec6d54f98afd896080d239d51f,C:\SNS_24AutoProject_250723\.git\objects\b0\b42d417173f8ec6d54f98afd896080d239d51f,08092036028b787533c050bfcc8b1bf5ce885e3f2a9edb3b53007f4d0c357a60,OK
.git\objects\b0\b8649b1e07cb279fc32a7c2cae9e2d7c56c417,C:\SNS_24AutoProject_250723\.git\objects\b0\b8649b1e07cb279fc32a7c2cae9e2d7c56c417,a692cabf40066296bcc893797db2da5ce45b437735bfc68e268e44bec26a73d1,OK
.git\objects\b0\dcf2fc728224982d497aeff3cc32461dc9c24d,C:\SNS_24AutoProject_250723\.git\objects\b0\dcf2fc728224982d497aeff3cc32461dc9c24d,7bb2a77df5a36b170adce35047762e7ea774fcc7f5cf72e11f8b67d488fedc70,OK
.git\objects\b0\ff36a882eb999e1f237d793b7eb6a06a61420c,C:\SNS_24AutoProject_250723\.git\objects\b0\ff36a882eb999e1f237d793b7eb6a06a61420c,debbbf55e528b899111aa57e5ee3ffd82e1b00b34a4bd144ce497138d6b23ab4,OK
.git\objects\b1\09b3a93bfc9c373fb16e558d0798a82400f87b,C:\SNS_24AutoProject_250723\.git\objects\b1\09b3a93bfc9c373fb16e558d0798a82400f87b,1894863ca730ba051a2f3476b6e9dc7a88b2d7512c87b5eca31fc471468378ab,OK
.git\objects\b1\155a628227fd376b08498477459209e25bc7be,C:\SNS_24AutoProject_250723\.git\objects\b1\155a628227fd376b08498477459209e25bc7be,64df4ee7fa9a19e11b953a3d628efa9cb2bea211f7ce0742de7b05f8615af86b,OK
.git\objects\b1\61a9d4d70704bc46447aee6a8a3b692b2e1db8,C:\SNS_24AutoProject_250723\.git\objects\b1\61a9d4d70704bc46447aee6a8a3b692b2e1db8,e07335b44dbee0d05ed9cc87ac023e986ada892a4b4139068f4fb2211a8842c4,OK
.git\objects\b1\b97990a278748ad712f1771c524ff9160b1c7d,C:\SNS_24AutoProject_250723\.git\objects\b1\b97990a278748ad712f1771c524ff9160b1c7d,821d611a8cf90c50613cf2df3320f129e77d8cd4a8ae0bd498d34028c52f3e68,OK
.git\objects\b1\be494054a992c23d2977b20f078c34e7bce2e3,C:\SNS_24AutoProject_250723\.git\objects\b1\be494054a992c23d2977b20f078c34e7bce2e3,3c973f1a621e29eef821e232255cd8264fc16696b935fcbad1fcc66b18cafadc,OK
.git\objects\b1\c425daced454f53d7d18fea807bf8d081cf97e,C:\SNS_24AutoProject_250723\.git\objects\b1\c425daced454f53d7d18fea807bf8d081cf97e,b68dfd54566830f299fcd80ebdde05cb337370ac2083adafa274c82cb06be357,OK
.git\objects\b1\c4b0734483033722c28c8b2884ac9dddd2ab45,C:\SNS_24AutoProject_250723\.git\objects\b1\c4b0734483033722c28c8b2884ac9dddd2ab45,4b6210bde6bb04492df0717452e3bd57ebe1b7827cfb25340dfe3faf01bf5100,OK
.git\objects\b1\d8c566afa9480b6e42e92df84d7650f08b9cec,C:\SNS_24AutoProject_250723\.git\objects\b1\d8c566afa9480b6e42e92df84d7650f08b9cec,775f63071628e9342cd94d3417c2f04d7c4d921545e228cf9b6ed576b11d6c55,OK
.git\objects\b2\1ee30ae415b82cb53b09ebacfbb971b5f5257e,C:\SNS_24AutoProject_250723\.git\objects\b2\1ee30ae415b82cb53b09ebacfbb971b5f5257e,eed39710d7e5b38f44abb8e7ad1c5917cd65170403562851bc516f26f98cbe89,OK
.git\objects\b2\231a9636b0863be24555734d66df6da3464ac4,C:\SNS_24AutoProject_250723\.git\objects\b2\231a9636b0863be24555734d66df6da3464ac4,3203f5f05ed1fbbf55e00750e3449cbb9aa6371f930e6fd7eb578cb8222d53fa,OK
.git\objects\b2\2cf365e3d0a6bad52864a2c54bc8e2c60ce348,C:\SNS_24AutoProject_250723\.git\objects\b2\2cf365e3d0a6bad52864a2c54bc8e2c60ce348,d92b2b69477ddae2b0276c21a10bfafe95e3414319def3238ace52baf35b5e43,OK
.git\objects\b2\3c3b1adedd9b9b9f24930ac4940501a4a3dc91,C:\SNS_24AutoProject_250723\.git\objects\b2\3c3b1adedd9b9b9f24930ac4940501a4a3dc91,73953df57bcd1c2e77956380768adc7e4da590baef65594e73e622d775b88a23,OK
.git\objects\b2\80e20f5fdfc892f15e9d0373d4f3d2c2466d98,C:\SNS_24AutoProject_250723\.git\objects\b2\80e20f5fdfc892f15e9d0373d4f3d2c2466d98,d98c12a535831e9279546a56a0575ce6866792431c6120ae906c542ef9f8cf46,OK
.git\objects\b2\e0db29d5894073b81a891e0a65cbe6624f0d5e,C:\SNS_24AutoProject_250723\.git\objects\b2\e0db29d5894073b81a891e0a65cbe6624f0d5e,7b206c4598e35e1daf6f32a71c527bdd759fc5e7336ed9ca15cf14438573b075,OK
.git\objects\b3\65cb50854f381f1a399b7aea2adab846490366,C:\SNS_24AutoProject_250723\.git\objects\b3\65cb50854f381f1a399b7aea2adab846490366,445b8117e7cea529ac009eff778c123cbbf5ed0a4acb386a7e22f94ae6bea7cf,OK
.git\objects\b3\73c8fac94dde13f50d7932fa3ee7caf10501bc,C:\SNS_24AutoProject_250723\.git\objects\b3\73c8fac94dde13f50d7932fa3ee7caf10501bc,ea531206b31a9006c4d18ecab88f98d7fc8f43e5318c47b9e1972aad2b9fcf7e,OK
.git\objects\b3\7c9fbb68213e8ff7817093bc4c1f495d84b79d,C:\SNS_24AutoProject_250723\.git\objects\b3\7c9fbb68213e8ff7817093bc4c1f495d84b79d,b3824286603497ef7ee3d4dc1441e8029daeccfccc509ad257beac569d70aae5,OK
.git\objects\b3\7dd95134811f9abd88100ecab29e4d210df2ee,C:\SNS_24AutoProject_250723\.git\objects\b3\7dd95134811f9abd88100ecab29e4d210df2ee,be101d2d4c046ac1361bfa842ed3aa613333c902c3edf451c23ea54994cf4526,OK
.git\objects\b3\ac791aef4e73d6d644c40c614f37f15d462cdd,C:\SNS_24AutoProject_250723\.git\objects\b3\ac791aef4e73d6d644c40c614f37f15d462cdd,be8c41ee745607d28ccde341fc2c85684fdf1859d621a332a72a08fa297eb7fa,OK
.git\objects\b3\c72ab6169d1553b29ceb4a2c861a8a9eb94f97,C:\SNS_24AutoProject_250723\.git\objects\b3\c72ab6169d1553b29ceb4a2c861a8a9eb94f97,2a67f5b629a57e6bf5519a50fbfb0d26660155aa4759339d818926b00ce0bafa,OK
.git\objects\b4\1ec4f81ab104943e84105246f0e5d0157e6e2e,C:\SNS_24AutoProject_250723\.git\objects\b4\1ec4f81ab104943e84105246f0e5d0157e6e2e,2cad4d230e8fb225d745ff660744c549dc496008bf20ff6c0fa8e8ea806ef1ab,OK
.git\objects\b4\3610c8b36b52fc23111109fc1140cdf8a92d9c,C:\SNS_24AutoProject_250723\.git\objects\b4\3610c8b36b52fc23111109fc1140cdf8a92d9c,eae519819abdc71f35707daa34efd8588b8a97911051d817a8ca2cc07b52e372,OK
.git\objects\b4\75c52c6c9233431af8ce533664230f918c5a60,C:\SNS_24AutoProject_250723\.git\objects\b4\75c52c6c9233431af8ce533664230f918c5a60,7d0869a2b27e671494d6b1f481a944325887f6f1c34e8cc9c6bfc1fb4aced55d,OK
.git\objects\b4\7cf21972b421074c90d909cd55223b13127c3c,C:\SNS_24AutoProject_250723\.git\objects\b4\7cf21972b421074c90d909cd55223b13127c3c,c33c9636ecc337a02940ffd84f745931cb70e5924d34967faeb0af358885c0de,OK
.git\objects\b4\c6037a2d2a8f89539c3df05c32b6f52b1b1e92,C:\SNS_24AutoProject_250723\.git\objects\b4\c6037a2d2a8f89539c3df05c32b6f52b1b1e92,b515b432a294ad11327e5ffbec0b8fa5f3f1b0df8c2fe15e9b81ca32d24492c1,OK
.git\objects\b4\f8f9cbb57450549933f83ac90dd56a2ca75344,C:\SNS_24AutoProject_250723\.git\objects\b4\f8f9cbb57450549933f83ac90dd56a2ca75344,a98ecf3514fac160e2a3a79aca878e2a205552d007c8c7af07345a048bd744a7,OK
.git\objects\b5\976ad984ff3eb5a54128ba7a417308e9aa5f25,C:\SNS_24AutoProject_250723\.git\objects\b5\976ad984ff3eb5a54128ba7a417308e9aa5f25,3b262f84706245e0f4ac864c8ec2d4a9624aae2bfc80286e93f298930e7ba6ca,OK
.git\objects\b5\9afaea94084ff905a85348024ff00eecc7bb1f,C:\SNS_24AutoProject_250723\.git\objects\b5\9afaea94084ff905a85348024ff00eecc7bb1f,c292eaec2df53d84a19d9a57ec7f4de9438d6330fe35c0986fa39d8e5f80dde4,OK
.git\objects\b5\acca3cf51e7f7b3176965748688ff41720246f,C:\SNS_24AutoProject_250723\.git\objects\b5\acca3cf51e7f7b3176965748688ff41720246f,0b32c841e6262cb23bb873b6eaa0002a9a5f548776ffa09b1aa1e615ac490ab4,OK
.git\objects\b5\d8c04e757a63e244238108712eed5f9bd7ce87,C:\SNS_24AutoProject_250723\.git\objects\b5\d8c04e757a63e244238108712eed5f9bd7ce87,254a3547fb616f3b71cc8c1a66a1b4ad9908fb647f244d5c7ee408e4e1004cd1,OK
.git\objects\b6\063a05d44fe6bb78c8b476684d44b4ef971bc8,C:\SNS_24AutoProject_250723\.git\objects\b6\063a05d44fe6bb78c8b476684d44b4ef971bc8,b9a18b6e4524ac6e62dfd8401e5069fb298ce5764cf7eca4dac59e140575712a,OK
.git\objects\b6\16572974f4781beb8f80ff52cc4e9b6287f063,C:\SNS_24AutoProject_250723\.git\objects\b6\16572974f4781beb8f80ff52cc4e9b6287f063,41a4b7af21b4ff87d67be90ec0ad5d27155a266c69996a8617bd3c8eabbf8f07,OK
.git\objects\b6\449ac2b8a23db36f1f9d257abc09f66a793b04,C:\SNS_24AutoProject_250723\.git\objects\b6\449ac2b8a23db36f1f9d257abc09f66a793b04,b1d52e73e85aa30c97efa769e69a6231d4ab8fe78b8867b5afc7d74e0b8eacd4,OK
.git\objects\b6\7a534891fe87780f7c6e28d64b72215be643f1,C:\SNS_24AutoProject_250723\.git\objects\b6\7a534891fe87780f7c6e28d64b72215be643f1,f46be446b7542478911563680b927d4c63c0db80491bc31bfa20a3fe678ae127,OK
.git\objects\b6\9ac4510784f23ee794cd6d11e62315a7318e5e,C:\SNS_24AutoProject_250723\.git\objects\b6\9ac4510784f23ee794cd6d11e62315a7318e5e,092f14199ec1f5bdc65a41453a3c2a92cfa1bf98aac6718bacdb0929781c15a6,OK
.git\objects\b6\9c73796b0d5fdf4e91fb18815937f6e5e581dc,C:\SNS_24AutoProject_250723\.git\objects\b6\9c73796b0d5fdf4e91fb18815937f6e5e581dc,7fab8dad9cd26eced777a263af897d7f56ce680d6d02344ccc62a08e04cdae52,OK
.git\objects\b6\ece2749dadbf978e228b67d4c2857bb5a28183,C:\SNS_24AutoProject_250723\.git\objects\b6\ece2749dadbf978e228b67d4c2857bb5a28183,2d0555e17181c89c7d00064ddc83f99e6fb55ee1c8fdb99552f12776d2b34377,OK
.git\objects\b7\006b554fb88ac9c44e7898920bba856c5fdd43,C:\SNS_24AutoProject_250723\.git\objects\b7\006b554fb88ac9c44e7898920bba856c5fdd43,92c4392b4de249f67920a3347f982ba02a07b156f93af76fd068079a55468d36,OK
.git\objects\b7\05c38027e2673641887048ee38acf73a4ae642,C:\SNS_24AutoProject_250723\.git\objects\b7\05c38027e2673641887048ee38acf73a4ae642,ea162ed6c390bfeedcd924ea4c1bfb60e3df4041e94e5c7ec6905fd672683d37,OK
.git\objects\b7\0f32550795ab8aac037a679f2dff73ae156a3f,C:\SNS_24AutoProject_250723\.git\objects\b7\0f32550795ab8aac037a679f2dff73ae156a3f,d81defa252dc3e7106525924918c5b8b61ed2a4972ec5533c3e28a95a23df4be,OK
.git\objects\b7\6c873d9256e1d73c2ea672140b813f15657bc7,C:\SNS_24AutoProject_250723\.git\objects\b7\6c873d9256e1d73c2ea672140b813f15657bc7,55e585d7f8a01841b4c1e3856ffe932aff32cadcd73e03a7b68ad5f31a5040ab,OK
.git\objects\b7\72f53d4d6ae2e6ae398ab3e8eda94fa00574b3,C:\SNS_24AutoProject_250723\.git\objects\b7\72f53d4d6ae2e6ae398ab3e8eda94fa00574b3,71e640c4fada270ace4b016e785adde1bb9f3120a07bbe3e71ff2a30df274a7b,OK
.git\objects\b7\b4b5f0c090c0fef16760cb6a85f36b9d2fcfec,C:\SNS_24AutoProject_250723\.git\objects\b7\b4b5f0c090c0fef16760cb6a85f36b9d2fcfec,785acc75d97edf7443f14abbfe71d512af30ad75aa445ebb4b06a68a4b1472f3,OK
.git\objects\b7\f703a8ccf1471d2755e8599a41ce67d514a6d9,C:\SNS_24AutoProject_250723\.git\objects\b7\f703a8ccf1471d2755e8599a41ce67d514a6d9,1d2e9968b97d0f8c9eb79ec47e4358f3545eeb85ab6ca10824cafc7b2299486f,OK
.git\objects\b8\27e560270742e9c4e24716095bc43945260b6b,C:\SNS_24AutoProject_250723\.git\objects\b8\27e560270742e9c4e24716095bc43945260b6b,1b79ed68e2de925b7096060f74499fca6942297022abd85ba5f0263db534bd24,OK
.git\objects\b8\8304e21c8386517c344a84c003c8728fb5cf32,C:\SNS_24AutoProject_250723\.git\objects\b8\8304e21c8386517c344a84c003c8728fb5cf32,47550a32d4bebca0bed80b4b75231535facedd267f39e018b2cb7bd725f98c8e,OK
.git\objects\b8\98cd1be253648a8087f312ba38640600b2784a,C:\SNS_24AutoProject_250723\.git\objects\b8\98cd1be253648a8087f312ba38640600b2784a,70c59b7960ebb6f56502d3cb5f96feb48898566f4e24477c9e4aec41faa78f14,OK
.git\objects\b8\af97f2f2850e0860a6f3bee6da8c67e200486a,C:\SNS_24AutoProject_250723\.git\objects\b8\af97f2f2850e0860a6f3bee6da8c67e200486a,7aee5ccc602b10164759532b62dd2653ad725bf1d5b31302705ead91c780a3e4,OK
.git\objects\b8\b3b9c84627a20c16665a4683b52426e369c485,C:\SNS_24AutoProject_250723\.git\objects\b8\b3b9c84627a20c16665a4683b52426e369c485,9388dfee6a9f33d501ee01cec3449fe2fe984c4eea0ba73803a629feb1667154,OK
.git\objects\b8\bb7e34e3bfc4008758c8231455d20ebb46c71c,C:\SNS_24AutoProject_250723\.git\objects\b8\bb7e34e3bfc4008758c8231455d20ebb46c71c,d4308a406511019d99ee2f5a3faa7ef4a0a177fc62fd6e6351e771160b380da5,OK
.git\objects\b9\0ab4b9ebdd183c98ee8ae0c7f0a65ac676e3b7,C:\SNS_24AutoProject_250723\.git\objects\b9\0ab4b9ebdd183c98ee8ae0c7f0a65ac676e3b7,8dee0b1a01c5bedf7d9a4a6bc0ccfa1cc4ee6e8bfc5ba74705dedbd7b0cf2e16,OK
.git\objects\b9\69e8db0f5c223580c8c36f14d266285dd659c0,C:\SNS_24AutoProject_250723\.git\objects\b9\69e8db0f5c223580c8c36f14d266285dd659c0,1e490f55eb8922838b73be3737eae7769ab379d261df3f1538b9fd113662a6b9,OK
.git\objects\b9\703e9848ab55c5f89341c93b396ff77258009b,C:\SNS_24AutoProject_250723\.git\objects\b9\703e9848ab55c5f89341c93b396ff77258009b,76d5410af24fdbbca75838e3ec2cca0986826233fc0c1859c448c6b2ec310322,OK
.git\objects\b9\7e943b1a8507b4bc93c705d3cfba60088cd872,C:\SNS_24AutoProject_250723\.git\objects\b9\7e943b1a8507b4bc93c705d3cfba60088cd872,dce177b552cb4491784e34f92c6cc92646dc74da076be42b612234d75a4cabdc,OK
.git\objects\b9\91b7ac20632f883d23bfbfb39e7f55cf5dd118,C:\SNS_24AutoProject_250723\.git\objects\b9\91b7ac20632f883d23bfbfb39e7f55cf5dd118,5be05d14a793e413b8cd8064c2fd84fe8162cde9564866e0b69059e6adfe41cf,OK
.git\objects\ba\3cc0acfeb72ac0ccb8185a8354bdb3cfe97f9a,C:\SNS_24AutoProject_250723\.git\objects\ba\3cc0acfeb72ac0ccb8185a8354bdb3cfe97f9a,dae05a30a9211bda22952edff32a8ab4a434f395faf688ea93ee4ce7a450654d,OK
.git\objects\ba\3d9d8a11eafd4db508f489912c7534954d0d53,C:\SNS_24AutoProject_250723\.git\objects\ba\3d9d8a11eafd4db508f489912c7534954d0d53,e5d3c2e70151ce352642b43854493113fac1f1e23008edd75fe4bf0782378f44,OK
.git\objects\ba\50b442be73830b2d6e1b381a45b29b3d26c81d,C:\SNS_24AutoProject_250723\.git\objects\ba\50b442be73830b2d6e1b381a45b29b3d26c81d,133656876d7a1019f11cb93d6fb5009642b23920e682547cfd88fa8f87395c7f,OK
.git\objects\ba\65c0e8d31cb1d59935878af29baac722f45936,C:\SNS_24AutoProject_250723\.git\objects\ba\65c0e8d31cb1d59935878af29baac722f45936,4c7b68cdba584831d01215909bf07431e2d488df1307489956b76c31703117a2,OK
.git\objects\ba\aae7c668fb61f950489f4486c1880ae7cd44e1,C:\SNS_24AutoProject_250723\.git\objects\ba\aae7c668fb61f950489f4486c1880ae7cd44e1,1078833b2c461099017a2861d2a897ab7f5111b8d623870bac35943e6e305024,OK
.git\objects\ba\aed9cabb8cd2e55a13c7560445ebbb99bebc61,C:\SNS_24AutoProject_250723\.git\objects\ba\aed9cabb8cd2e55a13c7560445ebbb99bebc61,0c01984f96ad4af5ee3e5a3cc4c06c53db819eccad102f3b83b479b466644e3b,OK
.git\objects\ba\f83a8478584e1d98561442002e0c6edb23b8eb,C:\SNS_24AutoProject_250723\.git\objects\ba\f83a8478584e1d98561442002e0c6edb23b8eb,22e2cd7041dec0d37a6d85d2cbb442088ee525121e76380d5f9d7638a2eba2b5,OK
.git\objects\bb\34ef7fbd127773d69faa69acb5017c3c17815c,C:\SNS_24AutoProject_250723\.git\objects\bb\34ef7fbd127773d69faa69acb5017c3c17815c,81cd51003ca5c5d290027f32a24bbce5921b494f0d56f9a27668c2234c3edabf,OK
.git\objects\bb\5ab9b4ed18702af87924a7006fafb6e3be33cb,C:\SNS_24AutoProject_250723\.git\objects\bb\5ab9b4ed18702af87924a7006fafb6e3be33cb,fddc612c1fd1f1503b54a698a2d4537b8a1ed38697936f9a766416096e3ee872,OK
.git\objects\bb\60cbced30763c08b6cf73554c8d6651ff387d0,C:\SNS_24AutoProject_250723\.git\objects\bb\60cbced30763c08b6cf73554c8d6651ff387d0,fcfa2436f220b3ba1c4b672cc286b66078607ded811e116655ded7f5fa469261,OK
.git\objects\bb\e04e86610a302d0a4deb36dd56f17673f2d3dc,C:\SNS_24AutoProject_250723\.git\objects\bb\e04e86610a302d0a4deb36dd56f17673f2d3dc,137c8b6a025e17e6435ad54d5d28db5c5749e1d3284b32ae6718616029f62a3e,OK
.git\objects\bc\a3264499a00657388485d298b11a572542bf79,C:\SNS_24AutoProject_250723\.git\objects\bc\a3264499a00657388485d298b11a572542bf79,2cad1a3ddea54b79a8d79caac99081d0fd45487b4529190357e936f03985f7c2,OK
.git\objects\bc\c179f1fcb981f1c6f19f7fd42e6fa3692296f2,C:\SNS_24AutoProject_250723\.git\objects\bc\c179f1fcb981f1c6f19f7fd42e6fa3692296f2,90646b54da427fdf1fc3288ea00d14cbb2bbe36a702e053f30d062987232775c,OK
.git\objects\bc\c4d1b177cba8c057e902f9553c04d26e58cd82,C:\SNS_24AutoProject_250723\.git\objects\bc\c4d1b177cba8c057e902f9553c04d26e58cd82,f3248fcca939e4ba81dc8d35e0ecf2b8bf58a149dcf80c311475c373ce82db94,OK
.git\objects\bc\dfadea0dda8ae37be2bb76faa29119b502441f,C:\SNS_24AutoProject_250723\.git\objects\bc\dfadea0dda8ae37be2bb76faa29119b502441f,e72184f58939214d6af9aec37842a1144be7fe36864a554b88038f3063cd0e7e,OK
.git\objects\bc\ea16a87fa7933fef77cc027e69e3391922151b,C:\SNS_24AutoProject_250723\.git\objects\bc\ea16a87fa7933fef77cc027e69e3391922151b,dd37c01f053a86c699e0571774b35415a4088c58aadab2e73a660c8142354a22,OK
.git\objects\bd\784d058f1107cfe8c3703f54601b04fd06ae72,C:\SNS_24AutoProject_250723\.git\objects\bd\784d058f1107cfe8c3703f54601b04fd06ae72,cd6e860771b638c9658e73526cc24fa051eaf5ca04801b44b54d1d7272cfe1d2,OK
.git\objects\bd\7c7b40692d4afb0cb2ab6a8f48b0065cc9c127,C:\SNS_24AutoProject_250723\.git\objects\bd\7c7b40692d4afb0cb2ab6a8f48b0065cc9c127,de84549fa4f3e436974dd4a00b963ed5e2b4730d7d7bce1f5941a045707c2531,OK
.git\objects\bd\e46cf7e4b7909714b93cee39a5d953387d756c,C:\SNS_24AutoProject_250723\.git\objects\bd\e46cf7e4b7909714b93cee39a5d953387d756c,2bafa57e38565185870402580a9a9e1641605ce671f270900ed5eea3fae38da7,OK
.git\objects\bd\eceed2b1ef9c9699658f82fa2beff08fdbac92,C:\SNS_24AutoProject_250723\.git\objects\bd\eceed2b1ef9c9699658f82fa2beff08fdbac92,aa38fdf092a2b07fb634f154e49da05b31f2ea6fb5cbbb564f2866cab46392cc,OK
.git\objects\be\0c2ccf28f330ac4542063a17c75a94fef45482,C:\SNS_24AutoProject_250723\.git\objects\be\0c2ccf28f330ac4542063a17c75a94fef45482,49b64256c0c9b1d15196b63d8fbcdd9929acb534e53f5ad4a6d20aa636ed6f53,OK
.git\objects\be\53cded488dd373072ab798fd7c25a5041e20ad,C:\SNS_24AutoProject_250723\.git\objects\be\53cded488dd373072ab798fd7c25a5041e20ad,9b5efd778a5d6d139c023b96f597643bc5dd514936f449111fa30eb4910808cc,OK
.git\objects\be\78a6fd6853c7613cceb6993466bb98dcc10728,C:\SNS_24AutoProject_250723\.git\objects\be\78a6fd6853c7613cceb6993466bb98dcc10728,f85249a750da9b3ed72d56e4cf8c75a215b1461214f5c1f3918ce2f2a1cf145a,OK
.git\objects\be\80c358db1e2bed6077fedde4a2559c79d36866,C:\SNS_24AutoProject_250723\.git\objects\be\80c358db1e2bed6077fedde4a2559c79d36866,7c780914281d463699e63e94a9418d13ab178fe8b137eb2d874226d31b866646,OK
.git\objects\be\a6dcbc934769bccef717482965fde0b53d00f7,C:\SNS_24AutoProject_250723\.git\objects\be\a6dcbc934769bccef717482965fde0b53d00f7,4b5b72abe6680cf656cb7c47bef848c84e5364cb2225d1ce3c7167aaa709ea7b,OK
.git\objects\be\a943271d06d0afa362c317b54f986cc072803a,C:\SNS_24AutoProject_250723\.git\objects\be\a943271d06d0afa362c317b54f986cc072803a,b19975bc9d04e217f0073a6ada96bd0fd49c7cb507ff2160ed1d5fd7ec17d100,OK
.git\objects\be\b77b449654decdfec1f6bfc16fafc8bc8ceeaa,C:\SNS_24AutoProject_250723\.git\objects\be\b77b449654decdfec1f6bfc16fafc8bc8ceeaa,a1f66ee50430cfb1034bc059dd1d5b104d69ee28599795b943877321e4bd00ea,OK
.git\objects\be\e1a95152cbc37db7117d996d370ff9d3f11f79,C:\SNS_24AutoProject_250723\.git\objects\be\e1a95152cbc37db7117d996d370ff9d3f11f79,e272213e0118a4636b4f52dd146ff9cda44373f14e5922820fcecaadf24eff19,OK
.git\objects\bf\021d2476f61ce5ef2b0d931b9c93a8106825ec,C:\SNS_24AutoProject_250723\.git\objects\bf\021d2476f61ce5ef2b0d931b9c93a8106825ec,8e4659c4b7040872e9454b5b052370ee7c54c28ac06246772b3cdf863ab7b8d6,OK
.git\objects\bf\17ba2cb1c196998ca4dc4092ce276309e7c89a,C:\SNS_24AutoProject_250723\.git\objects\bf\17ba2cb1c196998ca4dc4092ce276309e7c89a,412bf4561e59f283c779b62d5182d7d8f7ea7d7620e5a55ed1433446104fab2e,OK
.git\objects\bf\74cfdf3354fdca251041fc19262008a9a9822d,C:\SNS_24AutoProject_250723\.git\objects\bf\74cfdf3354fdca251041fc19262008a9a9822d,d0f6d09fa2f6a518829b0a23cc669664f5a05546d4af4a959462070249a0c88e,OK
.git\objects\bf\7a0349c89860116ed7d2ac8b336ebe472ceea5,C:\SNS_24AutoProject_250723\.git\objects\bf\7a0349c89860116ed7d2ac8b336ebe472ceea5,4ad1f9124b06319d1c85c6a439bf0b7622da8cb260eace1b7a777c80ab9bbbbf,OK
.git\objects\bf\8e42e595dc097c05a879b665e24f451aef93d6,C:\SNS_24AutoProject_250723\.git\objects\bf\8e42e595dc097c05a879b665e24f451aef93d6,2eec4c93ed2b13fde02fa34fc166384815f380898e949e80f04810361d47cd98,OK
.git\objects\bf\c026e3330ce54a37d1c505ecc1d4b9284c9071,C:\SNS_24AutoProject_250723\.git\objects\bf\c026e3330ce54a37d1c505ecc1d4b9284c9071,303ad7086b903343b30b9b036103dd60e892736256dd9a512136f2e2b692571a,OK
.git\objects\bf\ee366f7879da2b096c485a03556fe828944833,C:\SNS_24AutoProject_250723\.git\objects\bf\ee366f7879da2b096c485a03556fe828944833,357bcc333c9470bf186a165d23a0c59c473332a1e8ee15037274b6b6119e9d91,OK
.git\objects\c0\0f9db8f918482fa4124cc55c21f81368719d9a,C:\SNS_24AutoProject_250723\.git\objects\c0\0f9db8f918482fa4124cc55c21f81368719d9a,4c3c61ea80fcbdc119c131b72ea33bfa1802056844a9b8b30cbf8c406c9149d6,OK
.git\objects\c0\1b4dec0e72a0339ddeee1f9c679456ddfe3996,C:\SNS_24AutoProject_250723\.git\objects\c0\1b4dec0e72a0339ddeee1f9c679456ddfe3996,dd58ca03273dd7ef861c5e36a54f4dbddc3ab7e9614f5c72b933ff6b92cea83e,OK
.git\objects\c0\4788cfbfea84bf8246a33f964911603cc9c947,C:\SNS_24AutoProject_250723\.git\objects\c0\4788cfbfea84bf8246a33f964911603cc9c947,2bbb3b099cd188903fd02d26fe5acbae41db155bbc595b0f78c239be7bef080b,OK
.git\objects\c0\58fb9d24dfdd14897232ccfd8f68a19b564b95,C:\SNS_24AutoProject_250723\.git\objects\c0\58fb9d24dfdd14897232ccfd8f68a19b564b95,34785b9c5317809ede43c65873781353ceff8dd1bb05da6ce0901651d967d4bf,OK
.git\objects\c0\8a3d2dac6b5ade8042b6ff26c3b31c3c60967c,C:\SNS_24AutoProject_250723\.git\objects\c0\8a3d2dac6b5ade8042b6ff26c3b31c3c60967c,c4c12762b828196c4cfe1815b65a521f1d29afd9e0c3e554046cb655dd136b7f,OK
.git\objects\c0\b745f1cc44d03a00f8bdf127c154392e3baf27,C:\SNS_24AutoProject_250723\.git\objects\c0\b745f1cc44d03a00f8bdf127c154392e3baf27,dc959791f7d76c8fdbce4cc7184f21f8a2df2563dfd3609d75de02f8530c97db,OK
.git\objects\c0\c4b4f0d0573a079dea6b007ef6b29e6e4fc2a0,C:\SNS_24AutoProject_250723\.git\objects\c0\c4b4f0d0573a079dea6b007ef6b29e6e4fc2a0,46eb10a1343aab5d1743ab9fbac3c859536254d46817fa106c36bf42d51d9f71,OK
.git\objects\c0\e607234a07cd2650aabc1fd022bd5d4f99b175,C:\SNS_24AutoProject_250723\.git\objects\c0\e607234a07cd2650aabc1fd022bd5d4f99b175,304bba65e778c58523c2727afa26ac315cd8517c2fa11cf22faa2203df796fa3,OK
.git\objects\c1\3bb6be45a3be6cc747d056c571623528dc1e34,C:\SNS_24AutoProject_250723\.git\objects\c1\3bb6be45a3be6cc747d056c571623528dc1e34,35d70ebc2c1b6c992ab1419e436c8c26f0a0a1d0e10eb7cabfaaade7dd6fc6d9,OK
.git\objects\c1\4a0fb144ade08b2ba414aac23b43383ab6770d,C:\SNS_24AutoProject_250723\.git\objects\c1\4a0fb144ade08b2ba414aac23b43383ab6770d,4e75f5ad89775f691d22d31b9d0b54b9a22f1686de842ead7666c3c2dc74c76a,OK
.git\objects\c1\968c58f5f22c85ab25ba556688514f481f4d67,C:\SNS_24AutoProject_250723\.git\objects\c1\968c58f5f22c85ab25ba556688514f481f4d67,bfc76aada8221124a9d65ea1ae18172aff3f6435da15b1db490c03a5f339159e,OK
.git\objects\c1\a152704fa18c79f928b8fa6644f362579383f1,C:\SNS_24AutoProject_250723\.git\objects\c1\a152704fa18c79f928b8fa6644f362579383f1,b68882b82f4599de2d8a04e8727210ba4e2a5cb473e95b45619cb6cd8f156590,OK
.git\objects\c1\ff59da6714786b02bfbd6a1ab41ee80fcf3adb,C:\SNS_24AutoProject_250723\.git\objects\c1\ff59da6714786b02bfbd6a1ab41ee80fcf3adb,0ecce80061712c7051799c1a840081c802f953180eb9d54e3e74135d0863a0a6,OK
.git\objects\c2\bf74faf09d9df0df07f23e7d8b8550fe79ba5f,C:\SNS_24AutoProject_250723\.git\objects\c2\bf74faf09d9df0df07f23e7d8b8550fe79ba5f,cb59f62503cd393a223a6b537119a0dc01845d67a4ae70bb6f2535d10ee41124,OK
.git\objects\c3\06d353e8fe12011c2cd770b78f2dced6b53fc6,C:\SNS_24AutoProject_250723\.git\objects\c3\06d353e8fe12011c2cd770b78f2dced6b53fc6,1309a00a1e2f7312b956588b33f57ff764171bf32723dbe4efdfb28dc72b2b7e,OK
.git\objects\c3\934f23deb93a3ac6c3df8d90d4371ef8b4f186,C:\SNS_24AutoProject_250723\.git\objects\c3\934f23deb93a3ac6c3df8d90d4371ef8b4f186,d60bb13bcd40f5eb26296e7c3b480cca49ed8665326bdaea92eb6b18a601f6b0,OK
.git\objects\c3\98a0cb2455e5d0d69eb711f96ac79a1f6f555e,C:\SNS_24AutoProject_250723\.git\objects\c3\98a0cb2455e5d0d69eb711f96ac79a1f6f555e,b84296411b8d3519ac0a3224a9b61977c9b5710aa1ca133152bc0e99034ce7ff,OK
.git\objects\c3\b7721d99a7a5e21ea106d210bbde5db00b5645,C:\SNS_24AutoProject_250723\.git\objects\c3\b7721d99a7a5e21ea106d210bbde5db00b5645,23f28c612a7a184ab265346ff8c08e8be72deb60db60a6597a446c71e2c2fdda,OK
.git\objects\c3\c45d52cf35fe5b98fcf1445bf4492691c306fd,C:\SNS_24AutoProject_250723\.git\objects\c3\c45d52cf35fe5b98fcf1445bf4492691c306fd,ba08a1eeb5af3a47ee6fa5a2ed208c9451b9bf1f6068a93a1ea05e61bfb2e7b6,OK
.git\objects\c4\1467e7a3315a7bb5eb141d114c55ab8be321c3,C:\SNS_24AutoProject_250723\.git\objects\c4\1467e7a3315a7bb5eb141d114c55ab8be321c3,f5b537dc286f1226a9edab67e8a9bbecda63038145ba8910e96d135e532188be,OK
.git\objects\c4\191460f9e5e67b74a0cb8882b90e6751b065e6,C:\SNS_24AutoProject_250723\.git\objects\c4\191460f9e5e67b74a0cb8882b90e6751b065e6,0c0843a065e69c1be317b1c58dc743909dc6fe932d25e0578209aa30a26ef647,OK
.git\objects\c4\34c6b0b81670407cf107c6606c5c8af07c87e4,C:\SNS_24AutoProject_250723\.git\objects\c4\34c6b0b81670407cf107c6606c5c8af07c87e4,b70e898370fd420936b4c2ae3a04218f078840a406c48cc97e8cc5b62f948af3,OK
.git\objects\c4\425802fd286719797555dabab9e7938cae6ee9,C:\SNS_24AutoProject_250723\.git\objects\c4\425802fd286719797555dabab9e7938cae6ee9,be2d11f85103c0c3754807f5129a435b84c960548d69a0f9b8c6198dd6c70532,OK
.git\objects\c4\94fcc4d269fb03b9251c5dc1adbee2fb3d021c,C:\SNS_24AutoProject_250723\.git\objects\c4\94fcc4d269fb03b9251c5dc1adbee2fb3d021c,8db689b25ee465cb8c58c04329484203d5a92e131b9bba2b186cddb18ec8b19e,OK
.git\objects\c4\b809bd09c56aa23c0c868825bc1526552408e9,C:\SNS_24AutoProject_250723\.git\objects\c4\b809bd09c56aa23c0c868825bc1526552408e9,f944f4fbbe40fdfea9eba80673ad0882784aa653a38d984f45d3099d165aef81,OK
.git\objects\c4\b9b4e8801cd9447d3bbb6ebff71e26df669c3c,C:\SNS_24AutoProject_250723\.git\objects\c4\b9b4e8801cd9447d3bbb6ebff71e26df669c3c,fef03e4c7a139eef4bdd8908a4229bff55a71f63b68657596df23097068d88e1,OK
.git\objects\c4\bf04a4f7ac992e16eeb4b0fc2ce9a7412033a9,C:\SNS_24AutoProject_250723\.git\objects\c4\bf04a4f7ac992e16eeb4b0fc2ce9a7412033a9,04f55c2c8700739f1f1b45582722bbdcf887ea315b26d9676c4758072792d7c2,OK
.git\objects\c4\c700b6a16d39c04782671ddd50ddc4cd0a1156,C:\SNS_24AutoProject_250723\.git\objects\c4\c700b6a16d39c04782671ddd50ddc4cd0a1156,19bc305f19c932d0d048bb8acb9e1480297c0f0bf3da36a35164f351f10395b5,OK
.git\objects\c4\d3e9097ce45b1318ff3f711fa8e1acad86de2d,C:\SNS_24AutoProject_250723\.git\objects\c4\d3e9097ce45b1318ff3f711fa8e1acad86de2d,b314444eb250ae25728fc5af96badbed10079f176b30346bee2834ea54882bec,OK
.git\objects\c4\f76f6adc244c2afe51fc2d491873ee28a2834b,C:\SNS_24AutoProject_250723\.git\objects\c4\f76f6adc244c2afe51fc2d491873ee28a2834b,6fdbf0e2e5823505ae7d46c7e28703c7ad872e5d1f721130cfc5842d332bb67e,OK
.git\objects\c5\0ae12b3a4b131f344446a4a96ad8a2528b7ada,C:\SNS_24AutoProject_250723\.git\objects\c5\0ae12b3a4b131f344446a4a96ad8a2528b7ada,c3dbb75628ce1ce89461b2fa4f3a5bad4c2c27a683907c1c562f58ddf52fec27,OK
.git\objects\c5\2a02f270889012873df88577ed084738c640fc,C:\SNS_24AutoProject_250723\.git\objects\c5\2a02f270889012873df88577ed084738c640fc,592d758d128ddef8bb72175fcee033ee222cf2d058fb63b07302723dcd0d9d62,OK
.git\objects\c5\35acdabda1b6ed96420e589d4f6868d23d8933,C:\SNS_24AutoProject_250723\.git\objects\c5\35acdabda1b6ed96420e589d4f6868d23d8933,1184c7fa54c0cc58652358910cdd97fb3a5f8804ab6feb8eb9ca52db042cf7d2,OK
.git\objects\c5\3ef795f9266f5233d8c86e696bd8e1f3699557,C:\SNS_24AutoProject_250723\.git\objects\c5\3ef795f9266f5233d8c86e696bd8e1f3699557,3a31196d4da950602e0f691b246b4144f8afecd2d02a851fb784c83a048a0e8a,OK
.git\objects\c5\40715099b6c5b6573fb93466858f8350305dc8,C:\SNS_24AutoProject_250723\.git\objects\c5\40715099b6c5b6573fb93466858f8350305dc8,a185754134caf415fe084de81400be8aae9ccec49b1efffa0aa1cb5a24d27473,OK
.git\objects\c5\5010dc3d9bc1c13f104a4c25da256b0b417d79,C:\SNS_24AutoProject_250723\.git\objects\c5\5010dc3d9bc1c13f104a4c25da256b0b417d79,3b28170a953e7dbca2a3368b034aa747c234db0422ed4a1e2785691926c60f20,OK
.git\objects\c5\93ce3f57ce7a58186ff45062600debffb00f30,C:\SNS_24AutoProject_250723\.git\objects\c5\93ce3f57ce7a58186ff45062600debffb00f30,99f119ab63d0895a77aed9837a86a552610c266ebd2fdcb8ef4cae2ff4fb89b2,OK
.git\objects\c5\ec08d6d04ed43ad374861aff592c24bde937d3,C:\SNS_24AutoProject_250723\.git\objects\c5\ec08d6d04ed43ad374861aff592c24bde937d3,7a85299ed713107d615adb9497910374fc38a459a5b8426f8f93af40e5ef7978,OK
.git\objects\c6\09d693703e7c4abb67f5f27c979ce87233b045,C:\SNS_24AutoProject_250723\.git\objects\c6\09d693703e7c4abb67f5f27c979ce87233b045,262d3078f1f6fda6f98951fc029b449396f332a7ba0a947a442a0a118f729ac9,OK
.git\objects\c6\3474664a289aa3c3c0d8b2ce06d484679754c0,C:\SNS_24AutoProject_250723\.git\objects\c6\3474664a289aa3c3c0d8b2ce06d484679754c0,0de03626bc49fd66cc79687ee986c458e71fc84840686ff302a666d6f7317994,OK
.git\objects\c6\449f582a7804ecf66858a7fceda207c5d979be,C:\SNS_24AutoProject_250723\.git\objects\c6\449f582a7804ecf66858a7fceda207c5d979be,4a8f155921d044fb0b9bd0075b39694d03b66aff066854beb2002fd54635e519,OK
.git\objects\c6\981a06b1d9c26f447518efe265a6454726eae7,C:\SNS_24AutoProject_250723\.git\objects\c6\981a06b1d9c26f447518efe265a6454726eae7,de925f056e4a26d202ad3db334336ada6b2672699607ac198333770762a8fabd,OK
.git\objects\c6\a9ab19d54be21f269f7627fb3ca6484ab0087e,C:\SNS_24AutoProject_250723\.git\objects\c6\a9ab19d54be21f269f7627fb3ca6484ab0087e,7b365cd8c91e5af34565fb7842025d569129c31cb90c88a7a29b42e487fd5772,OK
.git\objects\c6\aeadd8ff99e5beaa2eda606ca9555547acc254,C:\SNS_24AutoProject_250723\.git\objects\c6\aeadd8ff99e5beaa2eda606ca9555547acc254,903764c7e3134048d65befd1ff6c788042a93d2a6b7e036bdd2c33c919a433b0,OK
.git\objects\c6\d07ebd603fa02bdea31da8731c6742039bcfae,C:\SNS_24AutoProject_250723\.git\objects\c6\d07ebd603fa02bdea31da8731c6742039bcfae,b8251ba9cd47415af9f67604aa2daf2c4d95b5d87ecf98aacb35301a1188eda5,OK
.git\objects\c7\010f2f02f037c82ea33bc4c4d5de7b583cdc63,C:\SNS_24AutoProject_250723\.git\objects\c7\010f2f02f037c82ea33bc4c4d5de7b583cdc63,1ee741780d8ec322926437c12837152ec0c1c04f29284ed6110fadea502b9c44,OK
.git\objects\c7\113f00c22ef63ad1af74434f868dfad685cf6e,C:\SNS_24AutoProject_250723\.git\objects\c7\113f00c22ef63ad1af74434f868dfad685cf6e,36a74d030000ac074c496cd629b6e2b4ec2259f1f9a48fe1b88a2530d8ae4ce3,OK
.git\objects\c7\1f276694124d5b6e26d52269f494cef5e449f0,C:\SNS_24AutoProject_250723\.git\objects\c7\1f276694124d5b6e26d52269f494cef5e449f0,46b2ec6bb948ef60b31b709fa89d74166c3b390d8a3bf8d016f5291b6d10978f,OK
.git\objects\c7\22a4df9b80711eee6a47031d30b9010b6376c1,C:\SNS_24AutoProject_250723\.git\objects\c7\22a4df9b80711eee6a47031d30b9010b6376c1,caaf32225a8e85568bc8ee640a8bc45f2cee88715091970ed200e445e4c57316,OK
.git\objects\c7\29def42fc0822e6b24f7bf503c67cc7e6965f0,C:\SNS_24AutoProject_250723\.git\objects\c7\29def42fc0822e6b24f7bf503c67cc7e6965f0,d6bc4a3ae60dd2346ce9dcd112018a01094d364c05330588882d5377708aa45a,OK
.git\objects\c7\304616ca1aaa75e8d485fdb5994e94f192ed14,C:\SNS_24AutoProject_250723\.git\objects\c7\304616ca1aaa75e8d485fdb5994e94f192ed14,dc0f45b73137386ab15eb1aec27db0fdd8958c0456fae6bcf2190e4a0498ef91,OK
.git\objects\c7\4128bb25c53b551a513e7151df08731b1452a9,C:\SNS_24AutoProject_250723\.git\objects\c7\4128bb25c53b551a513e7151df08731b1452a9,a4f4e53a74a9bea7fd345895105e5aafd9c8f32165aa3c11083b4f5871306523,OK
.git\objects\c7\49290af2f6b5fe22770c34eb1e8fc87cd85aff,C:\SNS_24AutoProject_250723\.git\objects\c7\49290af2f6b5fe22770c34eb1e8fc87cd85aff,dac73686eb5f1e2d3f218693217ced1c16d7521132bbde272f642c9531825ea3,OK
.git\objects\c7\511f1e34dfb6adf6dd5fda12be774dea21837b,C:\SNS_24AutoProject_250723\.git\objects\c7\511f1e34dfb6adf6dd5fda12be774dea21837b,ece0942f8a3f229a6773f526361b145c2a90c6f1359c4252c23c7cf95b535704,OK
.git\objects\c7\852febc3ac0eeee1c68e7df034913752ace2a8,C:\SNS_24AutoProject_250723\.git\objects\c7\852febc3ac0eeee1c68e7df034913752ace2a8,4c1fee7b05efbf1526cbe58ba3ea5e809dd7c96a18315fbf6a3b764513e040b4,OK
.git\objects\c7\86ffa86eb4f67270396c4032037f7cf7507026,C:\SNS_24AutoProject_250723\.git\objects\c7\86ffa86eb4f67270396c4032037f7cf7507026,545c56678eb85946cf37ae6752bc21a3acac769f77ae90e7f9424a0ee57fa2c1,OK
.git\objects\c7\abd865b2fceb5eb0ca2ababd34e55159d8e2b8,C:\SNS_24AutoProject_250723\.git\objects\c7\abd865b2fceb5eb0ca2ababd34e55159d8e2b8,e043dff6643d696aa91b0ec01d1068840b850858a1e2475cceda604ff688da75,OK
.git\objects\c7\b80a64948c97a8739bf1985c3fce77b95e790f,C:\SNS_24AutoProject_250723\.git\objects\c7\b80a64948c97a8739bf1985c3fce77b95e790f,f2f526082f2315fec0856ae8b27be598e8462ac6e253c490f07ec52c72994a52,OK
.git\objects\c7\cd060159bd22fc5e6f10ac5a2089afb2c19c6a,C:\SNS_24AutoProject_250723\.git\objects\c7\cd060159bd22fc5e6f10ac5a2089afb2c19c6a,a8292e2e222228ba26a46e4dafb16c2cbb085d8376b0b11088f9cf7849687256,OK
.git\objects\c7\d7275228328b7e1bba919460445a1718c254db,C:\SNS_24AutoProject_250723\.git\objects\c7\d7275228328b7e1bba919460445a1718c254db,e1b9c90d499bbbe01fbda9af036b4653a94c3882e2bb6492721d8e38b6dbbeed,OK
.git\objects\c7\d84d69d117ef762431bbb57540b230e1b5f03a,C:\SNS_24AutoProject_250723\.git\objects\c7\d84d69d117ef762431bbb57540b230e1b5f03a,981b9765c91e48468084c5997dc293afe4f756d63b6610fe6a4c779f0fef4161,OK
.git\objects\c7\d8ee1eb8162b8fcd23233340d16328345217ff,C:\SNS_24AutoProject_250723\.git\objects\c7\d8ee1eb8162b8fcd23233340d16328345217ff,40c0d226145d24b1d51679a5c108de7929ceed485bb5619af94a5d30ccda3cab,OK
.git\objects\c7\e567a5eaf706d0ae53bc846391b78a15f22b7a,C:\SNS_24AutoProject_250723\.git\objects\c7\e567a5eaf706d0ae53bc846391b78a15f22b7a,d9cc71f4d01d4c8a5085a1289ba756e6bd8764c8eb56a2cb581fbbac4668b6e9,OK
.git\objects\c8\824ab5434985650f33e12eace1981f8b116207,C:\SNS_24AutoProject_250723\.git\objects\c8\824ab5434985650f33e12eace1981f8b116207,629dfb6ae375904933d318dd94edde4b691c533259bde213ca45fa9b73141af2,OK
.git\objects\c8\ae487f33e8d0fd8faa9c60b3c9d6c77e281258,C:\SNS_24AutoProject_250723\.git\objects\c8\ae487f33e8d0fd8faa9c60b3c9d6c77e281258,d69f71a764bb90b76aa4f785a69357b0a2a285f6451e70c84faccb77da361478,OK
.git\objects\c8\cbebbb355a7d9c41b49048648dac9c26d3ea52,C:\SNS_24AutoProject_250723\.git\objects\c8\cbebbb355a7d9c41b49048648dac9c26d3ea52,e81bac2477abcf9f55d1143e2ad37c00321d31fd1b0947b17651771efae65877,OK
.git\objects\c8\e1e9f1cc37027dcd000feaa1afaea9d8ff353b,C:\SNS_24AutoProject_250723\.git\objects\c8\e1e9f1cc37027dcd000feaa1afaea9d8ff353b,8beabc67010ea75fc12301577afd1d56a1ff1a4dd6be92e34c4af989b188b584,OK
.git\objects\c9\8d0e91a9110c49f2ba1324dbde28c1fa041197,C:\SNS_24AutoProject_250723\.git\objects\c9\8d0e91a9110c49f2ba1324dbde28c1fa041197,4f0ded23a3cf09a946e9cd605b197bd4131f525fe5a046a5e7c68a2603139e05,OK
.git\objects\c9\ab8ce754d20f54963936f49e36f2d20b19603f,C:\SNS_24AutoProject_250723\.git\objects\c9\ab8ce754d20f54963936f49e36f2d20b19603f,ce1a18506bc927847d121fd9b5460697f4acebdd0008a1c5b0fe1e5802356c6c,OK
.git\objects\c9\c193f5aeca42b42589dd1e0f11c074aabfc8a4,C:\SNS_24AutoProject_250723\.git\objects\c9\c193f5aeca42b42589dd1e0f11c074aabfc8a4,e495fa19bc705e36dffdd9934f0fea093907f9147abaf2d98b2c5bc93e8c70f5,OK
.git\objects\ca\a89434782f811c0fbb63a626a45c3e525f7313,C:\SNS_24AutoProject_250723\.git\objects\ca\a89434782f811c0fbb63a626a45c3e525f7313,fe05c0ec9b5fc6341b93eeca3a708d8c07ce4c9bac3e6c0bc2559c5ec68e0698,OK
.git\objects\ca\c65063d0dbf48e37c547fba3b67f34110d5a90,C:\SNS_24AutoProject_250723\.git\objects\ca\c65063d0dbf48e37c547fba3b67f34110d5a90,5f54a6877e570d78ccb9c65afd25d0c116817b5f32b099e011e96da3dc0625e4,OK
.git\objects\ca\c82a91b3ab1cdc6485a94d2d2764ee788581be,C:\SNS_24AutoProject_250723\.git\objects\ca\c82a91b3ab1cdc6485a94d2d2764ee788581be,2944bf468d44c764e650c54a4010457f11e643b19fbf3f1f8662ac3bc2242300,OK
.git\objects\ca\db260741b36b4a16ed288f8167af49baef2c62,C:\SNS_24AutoProject_250723\.git\objects\ca\db260741b36b4a16ed288f8167af49baef2c62,809dff6bef5283bcf5cab7c5b7119936ac46ee8dd286d040086e4e3f66d40a39,OK
.git\objects\ca\e5157c48b1e1e55fc580eb94bdda19398d088c,C:\SNS_24AutoProject_250723\.git\objects\ca\e5157c48b1e1e55fc580eb94bdda19398d088c,236b4cea5dcee2a44f2914994ecf16e0d61e61814eb477d040faa3e1e6379a41,OK
.git\objects\cb\2b371b18422ccfce6d43239e57bc8c3bbdac5f,C:\SNS_24AutoProject_250723\.git\objects\cb\2b371b18422ccfce6d43239e57bc8c3bbdac5f,a3a1b765d950dc85b3a9d8c950987736379d96f3acf9b473e037e64660191d02,OK
.git\objects\cb\2fed05a19b8ea70e2576baf9597a68a6967284,C:\SNS_24AutoProject_250723\.git\objects\cb\2fed05a19b8ea70e2576baf9597a68a6967284,aafb8bdda8b9e8c4d74ff1291da48ac3eb33f109473c08e3c393b5a19c32bbe2,OK
.git\objects\cb\56709a77dedb471150f4907771bf38f1879ba4,C:\SNS_24AutoProject_250723\.git\objects\cb\56709a77dedb471150f4907771bf38f1879ba4,3cd806f3133f1b692790c0ded8f18ccef33132d8c45947c3534d43edced55399,OK
.git\objects\cb\7ad5c55f3d3a72dfb5102efcedf181bf59f749,C:\SNS_24AutoProject_250723\.git\objects\cb\7ad5c55f3d3a72dfb5102efcedf181bf59f749,f4fc78ed1774314ead349e57440dde49688c699c1aad42d6a2d368e7c934d360,OK
.git\objects\cc\430927724f25efec3993d78621fcbf3a3035bd,C:\SNS_24AutoProject_250723\.git\objects\cc\430927724f25efec3993d78621fcbf3a3035bd,4df4353e9ec31ef9ff233bd11fc263e9da0a3cb306dd1872a80b446334991a6b,OK
.git\objects\cc\4cabae99f1abc7900436981b0a3ee47d9d705d,C:\SNS_24AutoProject_250723\.git\objects\cc\4cabae99f1abc7900436981b0a3ee47d9d705d,e46ed5db5a558737169191c0d93b98e83767526b50b80e7a3e1cb8430e6c8eb7,OK
.git\objects\cc\4d6dd5fb7e9198d9061671feac8175218ebfce,C:\SNS_24AutoProject_250723\.git\objects\cc\4d6dd5fb7e9198d9061671feac8175218ebfce,e91a5b3c9bb9e4ae5d674d1cc201353e4de855651c4a22a8f0597598629ecb2a,OK
.git\objects\cc\527e2633b511fa97d42998a68e8700407515d0,C:\SNS_24AutoProject_250723\.git\objects\cc\527e2633b511fa97d42998a68e8700407515d0,70d7e3b1e020d50c7e5e91e1c23d14ab4523ae3a4f634da27009a9ef809da2e1,OK
.git\objects\cc\5e6e7fb66123cae3c6c38806c15931ced4ce32,C:\SNS_24AutoProject_250723\.git\objects\cc\5e6e7fb66123cae3c6c38806c15931ced4ce32,37d855c1ed35a5c6505262a0464d62c6da842726d5225bed5b8e455a3e137a09,OK
.git\objects\cc\632cf5587620d0c41a289de80bc1e5c5dc914b,C:\SNS_24AutoProject_250723\.git\objects\cc\632cf5587620d0c41a289de80bc1e5c5dc914b,de5fb7c9f08291975c85539edec2ba2534132dd2682af37d5ea2b2cbd364b0e5,OK
.git\objects\cc\82e69898f161842b5001f10a84d3ac127c5c6f,C:\SNS_24AutoProject_250723\.git\objects\cc\82e69898f161842b5001f10a84d3ac127c5c6f,4ef7a727b2c3ff4970291ba2c7271acfd85c7af67debecd93fa48910f26da4d0,OK
.git\objects\cc\9918ba9a4fd633c4ed64342fa4a658ee0dd3cc,C:\SNS_24AutoProject_250723\.git\objects\cc\9918ba9a4fd633c4ed64342fa4a658ee0dd3cc,04f68bc9cebb3e7ae5e0c1707799e9ead9a0ce0c7ee08403326726386847e311,OK
.git\objects\cc\99beabe4ffc5107c4719d1201d6583b9ead03a,C:\SNS_24AutoProject_250723\.git\objects\cc\99beabe4ffc5107c4719d1201d6583b9ead03a,09cfea493675c73c965a2309996d4b3122d4424e4f9e8573fb5c20babdae854f,OK
.git\objects\cd\1010329de627e2fe89e51d593e28e9892f69c2,C:\SNS_24AutoProject_250723\.git\objects\cd\1010329de627e2fe89e51d593e28e9892f69c2,270d485b8f4ed21f88395d87368a51d65e4f55f9d16a08604ef3cb7a6b95556c,OK
.git\objects\cd\3832205ebc96fb98d570ab86ebf95db07f1090,C:\SNS_24AutoProject_250723\.git\objects\cd\3832205ebc96fb98d570ab86ebf95db07f1090,a8acc36c9db1a36c155932f856febc2bfdc77dd992a8c3f07184aa91c794ee5d,OK
.git\objects\cd\3e5fbb241b0fd74c741758c52f39adfe616d80,C:\SNS_24AutoProject_250723\.git\objects\cd\3e5fbb241b0fd74c741758c52f39adfe616d80,34562afb2a5725f1ce9a0df9b4da484d07b0f9eb05a873ab6333956582970a53,OK
.git\objects\cd\54a39e432fdee4b017bb4fd268eecd68b8bd79,C:\SNS_24AutoProject_250723\.git\objects\cd\54a39e432fdee4b017bb4fd268eecd68b8bd79,7af3b03f4004c75a5823e3863986b4bff8a7a9ea7933915d2963f74d30558691,OK
.git\objects\cd\78a6f8be1dd55ac5afd25bbae39bd5706e42d1,C:\SNS_24AutoProject_250723\.git\objects\cd\78a6f8be1dd55ac5afd25bbae39bd5706e42d1,891dda48f0e95651548176b4bec0d0a29add5864576741771346354c054d0706,OK
.git\objects\cd\7b24536fa3bf240663b20c356686c46ae9e840,C:\SNS_24AutoProject_250723\.git\objects\cd\7b24536fa3bf240663b20c356686c46ae9e840,dfee52e4c9240a3810aae0ead9e1ad305b2b6a4ee4bb10726fcdf7ea402f46be,OK
.git\objects\cd\883cb5de99a542eb6f3d7f7e94ca03a6f4bc57,C:\SNS_24AutoProject_250723\.git\objects\cd\883cb5de99a542eb6f3d7f7e94ca03a6f4bc57,aad965508c154882ce64d599ef8daf84becce77119e8960b1202f9ae0fb24ba2,OK
.git\objects\cd\8f37fbe00d110b362b16936310ca33ed8f3426,C:\SNS_24AutoProject_250723\.git\objects\cd\8f37fbe00d110b362b16936310ca33ed8f3426,659eed57ede1ae6f8a0813e2ca9777540b2c571922ed8144c1f1eccfd2b9e607,OK
.git\objects\cd\b46f3eb6c94e6b7aab00e0d64faab169211958,C:\SNS_24AutoProject_250723\.git\objects\cd\b46f3eb6c94e6b7aab00e0d64faab169211958,75490e8f763ac89c576e76bc2a460fb1389ed2912166f93ce28a10b6ab35f555,OK
.git\objects\cd\bea392a52ed0df57e30e8c6c56e1322c469303,C:\SNS_24AutoProject_250723\.git\objects\cd\bea392a52ed0df57e30e8c6c56e1322c469303,c0876ab68f6605a1215d08d94d8f5e68ae9458ecd8774f31e081336b936517fb,OK
.git\objects\cd\cab55615fd9738261d1f7524cabc15c0348d79,C:\SNS_24AutoProject_250723\.git\objects\cd\cab55615fd9738261d1f7524cabc15c0348d79,ea9423ce3c571e97400a414589cce3628594660fa1c96687d4b0e71fefbd59fc,OK
.git\objects\cd\da168cb97b1d45a4f1b7791a74523b74c88e6d,C:\SNS_24AutoProject_250723\.git\objects\cd\da168cb97b1d45a4f1b7791a74523b74c88e6d,ec694b9535002ba43ee3d12e543c7850c8cc65bb239bf4f8b4c744ea15fdd9d4,OK
.git\objects\cd\eec1656e0b4926caf0af53fd023867a774b84f,C:\SNS_24AutoProject_250723\.git\objects\cd\eec1656e0b4926caf0af53fd023867a774b84f,13fc27b3f9f0760b671387088af6b8188f18fd531c344ef2028a000c21ca5afc,OK
.git\objects\cd\eec90973be28ee4075eadd22b8b574db2d7a5f,C:\SNS_24AutoProject_250723\.git\objects\cd\eec90973be28ee4075eadd22b8b574db2d7a5f,c4b6b8191772e1f217842b7c5b5837153c334d245c6f0f3b2860f930f706d776,OK
.git\objects\cd\f2775170cabceb149879b9fcfe02dce29afd77,C:\SNS_24AutoProject_250723\.git\objects\cd\f2775170cabceb149879b9fcfe02dce29afd77,4a248507242e2921e0a613d8ce56386fb99a31dc3029c382b412d12f5d4de716,OK
.git\objects\ce\086515d13d042660bf8d23894bf379b9005868,C:\SNS_24AutoProject_250723\.git\objects\ce\086515d13d042660bf8d23894bf379b9005868,08fffeeddf59a10e1d2da95b7d6fcdd6e5f7da1b55d4bba0cb8ca93e6a9b018f,OK
.git\objects\ce\691e88322ff2e0ed9ccb40261a74b69ea85d65,C:\SNS_24AutoProject_250723\.git\objects\ce\691e88322ff2e0ed9ccb40261a74b69ea85d65,b01bdafbe730b62bff51c199ac822a170aced38f0328772c97432347841a4797,OK
.git\objects\ce\8c4e6046ce8a778a290a111f8921e5bf39b1a7,C:\SNS_24AutoProject_250723\.git\objects\ce\8c4e6046ce8a778a290a111f8921e5bf39b1a7,b9b6f4dd6f66b0d95adc9c643f3eea409fa5b35a08be8bd938ab580fc0f3c6ef,OK
.git\objects\ce\8f433ece44f0b96b18d3b5780730e7f9cad9f5,C:\SNS_24AutoProject_250723\.git\objects\ce\8f433ece44f0b96b18d3b5780730e7f9cad9f5,731a599ce86cbf538a7714bda1396fe1218c3061890a8b02c7e183eb072a0932,OK
.git\objects\ce\f7011763160742d611a93da11ea69af07fb875,C:\SNS_24AutoProject_250723\.git\objects\ce\f7011763160742d611a93da11ea69af07fb875,1e915b340559ece9e22b928c163558023b7122792fff0a99e7393ae26309a650,OK
.git\objects\ce\fc9126c691060225ff2eee1241b1e5e9825fcd,C:\SNS_24AutoProject_250723\.git\objects\ce\fc9126c691060225ff2eee1241b1e5e9825fcd,9bf3b0d4d276ba61760ee523afac4542841ba1d2166d720863e9884d8f31fa54,OK
.git\objects\cf\0383d6a6378069b9db4c74bf8d374492fde56e,C:\SNS_24AutoProject_250723\.git\objects\cf\0383d6a6378069b9db4c74bf8d374492fde56e,7e0c123f40a29405eb84998ac1b5d90de6d8739b6e91c10a68737c749094b3fb,OK
.git\objects\cf\0f8f4584bc85fa4bc52792adffc0721fee85ec,C:\SNS_24AutoProject_250723\.git\objects\cf\0f8f4584bc85fa4bc52792adffc0721fee85ec,9818c978b789fb446b43dffa306efe6c96e79b8232ec8dfda22b9a07be293daf,OK
.git\objects\cf\22e6c2efbb943af7fe60110b217c4cd3a83ad6,C:\SNS_24AutoProject_250723\.git\objects\cf\22e6c2efbb943af7fe60110b217c4cd3a83ad6,d4ac3dd22efa85362563e11edd9592b0c923434982786c5951dbf4b1d481e4ba,OK
.git\objects\cf\42138789bdf121ccdd9833d4953d012295d1bc,C:\SNS_24AutoProject_250723\.git\objects\cf\42138789bdf121ccdd9833d4953d012295d1bc,c4761acfed71ad325112741d91cd473ba7459ea11a802919ff5b96d08d3a07b5,OK
.git\objects\cf\7518b35f013896fa821fe80a5892fdbc022100,C:\SNS_24AutoProject_250723\.git\objects\cf\7518b35f013896fa821fe80a5892fdbc022100,446d49d2d64f29e99694b878510f6fa769de51cf9c0f56594333990d4bb42ec6,OK
.git\objects\cf\8d1c3986518e31cf6e441a8d25e308506f6bfc,C:\SNS_24AutoProject_250723\.git\objects\cf\8d1c3986518e31cf6e441a8d25e308506f6bfc,f204725b5b8e94c929ce3cfd32f751efb0280fddd898938b664676c039681116,OK
.git\objects\cf\8e99a786e491904732c6e60833762fc938eec4,C:\SNS_24AutoProject_250723\.git\objects\cf\8e99a786e491904732c6e60833762fc938eec4,813d4f3bbcd194929f9353ff68f0876636fac08ed17a26cd2df74ded0d1cd4f9,OK
.git\objects\cf\baa8b3ab279ad226a60f8bcd51a2643cb12045,C:\SNS_24AutoProject_250723\.git\objects\cf\baa8b3ab279ad226a60f8bcd51a2643cb12045,4aadcd5fb076b7b76abc68f6d6c4db0e05d4ad85c3162b8e6d6ce8b0f31098ae,OK
.git\objects\cf\c3628aa53e41f22d81877df31d40020519bebf,C:\SNS_24AutoProject_250723\.git\objects\cf\c3628aa53e41f22d81877df31d40020519bebf,730d4a7efd4774b8273fbadcde095df3bfea48a95ea040366f045fa1d6925fdf,OK
.git\objects\cf\f5b9097faec0c831a99098f3275c591e2be10a,C:\SNS_24AutoProject_250723\.git\objects\cf\f5b9097faec0c831a99098f3275c591e2be10a,f8334e82a467a26b605e5214667f04fd9abeeb6586514ff132057371968daa3c,OK
.git\objects\d0\5726aba9fd67bf230290b3e2d74b75e46ee214,C:\SNS_24AutoProject_250723\.git\objects\d0\5726aba9fd67bf230290b3e2d74b75e46ee214,cac7e5d8069e08b72affd21726d0eab60104ba41f68f302be531f424e7ce3e93,OK
.git\objects\d0\722fb91e8cf9eba3a66cf8d884bb43298b4659,C:\SNS_24AutoProject_250723\.git\objects\d0\722fb91e8cf9eba3a66cf8d884bb43298b4659,7e81f9e4f9aec68c9a931866416332feb8e65a78f39d389006ca16403fcb58cb,OK
.git\objects\d0\ea2f25e9b4acaf3167a09a1c647943425e51b1,C:\SNS_24AutoProject_250723\.git\objects\d0\ea2f25e9b4acaf3167a09a1c647943425e51b1,3255b683c72385b7c56a5e17f16595c059dd428c41b7e75a4b185a023b88c24b,OK
.git\objects\d0\fab438fa0bb2347d5f45259d849305be24b8b3,C:\SNS_24AutoProject_250723\.git\objects\d0\fab438fa0bb2347d5f45259d849305be24b8b3,07a55f6cca371fcc128c9ebbaf4445aaaf587bdf909446155529c9c18101dbaa,OK
.git\objects\d1\0e45aa8abb26b51bbde1f7c44f0f437c9634ee,C:\SNS_24AutoProject_250723\.git\objects\d1\0e45aa8abb26b51bbde1f7c44f0f437c9634ee,90eb21b2c7304068485f8c92d718a0daf179434d0ee296a2bac72662032503e9,OK
.git\objects\d1\1df12b7ceb08c6370a52eb0ba98f1d472ea8fb,C:\SNS_24AutoProject_250723\.git\objects\d1\1df12b7ceb08c6370a52eb0ba98f1d472ea8fb,f0871860c7bc2fe269e0068f9302814167618a3dd831dc2f18fea9c03b6b9f02,OK
.git\objects\d1\3832ca9c5e0446207fc9b2a3897f4fc21d478b,C:\SNS_24AutoProject_250723\.git\objects\d1\3832ca9c5e0446207fc9b2a3897f4fc21d478b,3908b7bf36a111e46c40c0dcd1e0c526e216275146b57ba4ae1c46b615c91dbf,OK
.git\objects\d1\3d0fe81df48c4e725e6090c699498a9518e4a6,C:\SNS_24AutoProject_250723\.git\objects\d1\3d0fe81df48c4e725e6090c699498a9518e4a6,7bde0eab0b53147bfeb6e6d05e4275cbedaa0164ed38fbf029db73136c317d73,OK
.git\objects\d1\513b85cfe972b998fdb55e7aac646fb5c0272b,C:\SNS_24AutoProject_250723\.git\objects\d1\513b85cfe972b998fdb55e7aac646fb5c0272b,0575492f425734186e5d452a08256241acb5f8a8e9b1b7a34b9d9c0429ebbb98,OK
.git\objects\d1\62c8450aee4133fca8c8ee277d589a0f89dae9,C:\SNS_24AutoProject_250723\.git\objects\d1\62c8450aee4133fca8c8ee277d589a0f89dae9,08296d9fc58ccba883113d37f6088027c707e277ab7b82a5d4c0c453c7625859,OK
.git\objects\d1\8fb56036e08ae801efb66b4388ea7265a6bf34,C:\SNS_24AutoProject_250723\.git\objects\d1\8fb56036e08ae801efb66b4388ea7265a6bf34,4c571e0c31ba7f5ba02587642724395f8babde9442c35a84269f9eeab89acb6c,OK
.git\objects\d1\a73191e459be85a6fc13b1ba190967f3deabb2,C:\SNS_24AutoProject_250723\.git\objects\d1\a73191e459be85a6fc13b1ba190967f3deabb2,f30d3a4e3928d291da52aa74f6b48fb30e367951f9a2633699c8d53e419d341d,OK
.git\objects\d1\cbcd8244278eadd4e1420fd3cdc27d0f9f88fc,C:\SNS_24AutoProject_250723\.git\objects\d1\cbcd8244278eadd4e1420fd3cdc27d0f9f88fc,1d8f7618ac6459edfa38cbe1bfb2cfc3ad246d169bbc3acf91bdfb46e882e632,OK
.git\objects\d2\1e7eeed5408affb3277bde903d6f5f2090ea61,C:\SNS_24AutoProject_250723\.git\objects\d2\1e7eeed5408affb3277bde903d6f5f2090ea61,2e56bc746be32ae3beec5e4977af97e97877acfd55e6734bbd31c4ffe5b70858,OK
.git\objects\d2\436eb9184eea3a244b83e463b921187d94cd2d,C:\SNS_24AutoProject_250723\.git\objects\d2\436eb9184eea3a244b83e463b921187d94cd2d,4eee015ed636d73d7c2020fcbe553a984d1b08e51c73df8f19d3ad20ea35ec92,OK
.git\objects\d2\485dc1099498b01d01da2778602ad910556266,C:\SNS_24AutoProject_250723\.git\objects\d2\485dc1099498b01d01da2778602ad910556266,cab451c1742ec3e9c943903fdcb8989c7849c1dde8bd9674b99c24c597d24b50,OK
.git\objects\d2\f145325d5ce1b8a75179ab6cab34a52b2e091f,C:\SNS_24AutoProject_250723\.git\objects\d2\f145325d5ce1b8a75179ab6cab34a52b2e091f,ac5927f8d9457dfb9d92c482b071b830e0fc59abd27a98f3b2d26c0fa627b7f8,OK
.git\objects\d3\84f32efa5b631d5c0635cc2e2562ef53a040e7,C:\SNS_24AutoProject_250723\.git\objects\d3\84f32efa5b631d5c0635cc2e2562ef53a040e7,d4900dd3d3dd779161d79d267b25b3f5fbdb167007fd4f09822352b74c9a0d51,OK
.git\objects\d3\8f4684b1f053fdff72af0052dc6e93305bdfe4,C:\SNS_24AutoProject_250723\.git\objects\d3\8f4684b1f053fdff72af0052dc6e93305bdfe4,163780ef698c0b2d738420bd674ce0494f470305d3ae5df35efb00fbbb7532ba,OK
.git\objects\d3\9016b89d3c945030ce95f721ebb592c8105064,C:\SNS_24AutoProject_250723\.git\objects\d3\9016b89d3c945030ce95f721ebb592c8105064,4b6c8a1bf7d4d154b9bb0630a63933a3588d840ba00e0376f5ea4a612749e711,OK
.git\objects\d3\9e333790c251ac382f49a30bb0faafc16342bd,C:\SNS_24AutoProject_250723\.git\objects\d3\9e333790c251ac382f49a30bb0faafc16342bd,9e951088195d6fc2f898bedf00cb193b0df7a5d11f905a266e1a79e38b24d335,OK
.git\objects\d3\db4b85c0a882f2a752cfff58a0f4482a19ffef,C:\SNS_24AutoProject_250723\.git\objects\d3\db4b85c0a882f2a752cfff58a0f4482a19ffef,c12a3283267fe163e20958cd9fb5cf9a06c546c4ffe6e0979e4149462795666d,OK
.git\objects\d3\f81784faef8f8c6266e0f609bae3f458a88cb9,C:\SNS_24AutoProject_250723\.git\objects\d3\f81784faef8f8c6266e0f609bae3f458a88cb9,a822ed6b2dd128d5a65873c44313e2380430bdedbadfbcc12cec7ea1386361f7,OK
.git\objects\d4\12e9add6079a42896e3df5e936a87250cc165a,C:\SNS_24AutoProject_250723\.git\objects\d4\12e9add6079a42896e3df5e936a87250cc165a,c65d15c6ac8aaa753a500fe7abcd9e40d130756c678340c69cbca2978479f150,OK
.git\objects\d4\a808d35fc9185280eb73bbeb6396546d2d7845,C:\SNS_24AutoProject_250723\.git\objects\d4\a808d35fc9185280eb73bbeb6396546d2d7845,d19e6698e9a1a714a3bd3ddc5204b0949ea97544f3a487941217202108868654,OK
.git\objects\d4\c46e3091fe37b7db8d8b67d383302cd667987e,C:\SNS_24AutoProject_250723\.git\objects\d4\c46e3091fe37b7db8d8b67d383302cd667987e,68d1c5d22b5ce9f2b22dfd2e5bdca588d450583262160d0fbbab72cbba6921e6,OK
.git\objects\d4\c6e8155ae9a800d3b0e3b320e6e552ce85f177,C:\SNS_24AutoProject_250723\.git\objects\d4\c6e8155ae9a800d3b0e3b320e6e552ce85f177,32824c5a4f4308334feb42e42e24d472f0586b091b459f5232841bee5bc6b65e,OK
.git\objects\d4\d19ccf1e91121589a7cabff444bc916f67f9ce,C:\SNS_24AutoProject_250723\.git\objects\d4\d19ccf1e91121589a7cabff444bc916f67f9ce,5bdd7782240252c536acfff069aac7ff75f725ea20152e018df2d10381b0e15a,OK
.git\objects\d4\d47b24647bcabc981440f0859e94228428798d,C:\SNS_24AutoProject_250723\.git\objects\d4\d47b24647bcabc981440f0859e94228428798d,f17cecac1ee976f46a309ac9284a277651e6103fc5774f5e24f6c6b999394e4a,OK
.git\objects\d5\20f3b15748dac6455ef41c1c6b7693a483ab0c,C:\SNS_24AutoProject_250723\.git\objects\d5\20f3b15748dac6455ef41c1c6b7693a483ab0c,96f0775bb46f5173ff758c1cb721543209706f74fd19e97c376cf472f4e53b57,OK
.git\objects\d5\52a17baba89321d85999d4db93a11645882c06,C:\SNS_24AutoProject_250723\.git\objects\d5\52a17baba89321d85999d4db93a11645882c06,031d4bb5aefdab04294019e880a99059b16142d89ec64fbff027a5e6c80e4997,OK
.git\objects\d5\678e10b66cb486417eeacaef4885b067dad013,C:\SNS_24AutoProject_250723\.git\objects\d5\678e10b66cb486417eeacaef4885b067dad013,5b8c5462fd82a17db897adb0b6fe07b6eab1f0bbab5153f1b26b900d2d66999b,OK
.git\objects\d5\b69d5d542958c4f7bb4c2d4ed34c4f824c4b97,C:\SNS_24AutoProject_250723\.git\objects\d5\b69d5d542958c4f7bb4c2d4ed34c4f824c4b97,90bdae65fadbb362640c70b48dd9e4ca00124187e7f2f9561eba08c8455f9e84,OK
.git\objects\d5\c023b5d6edda46f49eb3ed5dbbd3f4b4b3f67e,C:\SNS_24AutoProject_250723\.git\objects\d5\c023b5d6edda46f49eb3ed5dbbd3f4b4b3f67e,4edd14e2c588bf1d0cf2820ad04ca6268f66251bf457f6d11f40b316e07e0216,OK
.git\objects\d5\d7b7f81bcf99163053ed06ff5be84399ccebe1,C:\SNS_24AutoProject_250723\.git\objects\d5\d7b7f81bcf99163053ed06ff5be84399ccebe1,0f19e8e056db05e5f511ea2af884dcef55096fabba85eddcb3dbb58d6e599c6e,OK
.git\objects\d6\01dc7f7f548cba3c5aeac48235ebda19f20392,C:\SNS_24AutoProject_250723\.git\objects\d6\01dc7f7f548cba3c5aeac48235ebda19f20392,cb8057b38d572495af053c23f26fa5be60ae2d0ccbcb25c5b654e96f312a9945,OK
.git\objects\d6\36494ef8782a957d9ca368b81e0c42c0307159,C:\SNS_24AutoProject_250723\.git\objects\d6\36494ef8782a957d9ca368b81e0c42c0307159,4a0220c721b83b449a0c5278927accfade2e272eaa8c7e43407e1ae55c7d45b9,OK
.git\objects\d6\4c1fee30b2f79d6c8fee8c1b95ba2e43c721a8,C:\SNS_24AutoProject_250723\.git\objects\d6\4c1fee30b2f79d6c8fee8c1b95ba2e43c721a8,4e1829f4513c6c1b63b17ea5e10b343d2a971218ee168bafcbed61b1cbe5ae59,OK
.git\objects\d6\55a4d713425bfc8a021b3789ce0d36aea56e34,C:\SNS_24AutoProject_250723\.git\objects\d6\55a4d713425bfc8a021b3789ce0d36aea56e34,4179d6129b08fc1093021ee62f64ee9dad226513b2813d1b8862649a29ab4c12,OK
.git\objects\d6\68233b37f268a745e995177195b06ffab1e69b,C:\SNS_24AutoProject_250723\.git\objects\d6\68233b37f268a745e995177195b06ffab1e69b,fc123cabbe2c266528d8dd3a1bce7c590a825e1d3d22c7f3589bb42b1e8bb94b,OK
.git\objects\d6\8f0ac63e2b81d602da15279f013ce73aec81a8,C:\SNS_24AutoProject_250723\.git\objects\d6\8f0ac63e2b81d602da15279f013ce73aec81a8,cf2c0ce9ebc23902fdb57415d80db8d35b5cdb7fba6e9c81274e7b1597bf03db,OK
.git\objects\d6\cf82e61c6d661420dc92d6c575cc8b390f8440,C:\SNS_24AutoProject_250723\.git\objects\d6\cf82e61c6d661420dc92d6c575cc8b390f8440,a4f28ef49010aca64aaaca4bc2973d1f3b628765c129d67a56fb6fb5296a1489,OK
.git\objects\d7\0a898e31afe00aad2340faaeb8e5709bf21f8f,C:\SNS_24AutoProject_250723\.git\objects\d7\0a898e31afe00aad2340faaeb8e5709bf21f8f,b4fb15ace78f4ae44b960e39385a32608a0a2d5dffe96d7536d5e5c96c339040,OK
.git\objects\d7\45f66b3208d654c1d6e4bcb914a6d9e3e287f3,C:\SNS_24AutoProject_250723\.git\objects\d7\45f66b3208d654c1d6e4bcb914a6d9e3e287f3,0bb2fb28909bfd53ebb5b53c8bf133677f7a34c71f21899c8469b3de3658d2fa,OK
.git\objects\d7\57e1df59af605cfe0eed43d9cff2d2a20955c5,C:\SNS_24AutoProject_250723\.git\objects\d7\57e1df59af605cfe0eed43d9cff2d2a20955c5,9e6b7a6fdb9680014942d037485e9f44e06d66c67374413f276ffc8c28224091,OK
.git\objects\d7\66039346788972072dffab8f8fde7686030482,C:\SNS_24AutoProject_250723\.git\objects\d7\66039346788972072dffab8f8fde7686030482,aaedef4b58fe27b7db76566db350b79018e6c1d8a78a93074c3f36839a9a58f1,OK
.git\objects\d7\fbb63cf38c2a36c0a0f040424a3eebb8f454c5,C:\SNS_24AutoProject_250723\.git\objects\d7\fbb63cf38c2a36c0a0f040424a3eebb8f454c5,f637b5d8d031aadd34c437d27e1566a01323b86eb9aca3bc041bd9b61eaf3a54,OK
.git\objects\d8\1f3e6f54a4f72fd2cbc341f0efaa973aa3195a,C:\SNS_24AutoProject_250723\.git\objects\d8\1f3e6f54a4f72fd2cbc341f0efaa973aa3195a,9fecdf35bea3d07344ee32ef63e5bdf1c426d939781e38054af0e914ef69c86d,OK
.git\objects\d8\3f701b853df43f36e84bdfb37c3a2c924d9e20,C:\SNS_24AutoProject_250723\.git\objects\d8\3f701b853df43f36e84bdfb37c3a2c924d9e20,702cca5699e7f14adaecd0a07848b82f93fd0d40d744eaa0217c95c98d3ee300,OK
.git\objects\d8\7c0682b3583d0a934335fc936bf6891ed3eac9,C:\SNS_24AutoProject_250723\.git\objects\d8\7c0682b3583d0a934335fc936bf6891ed3eac9,16f8213e87292a4b1d8bc00bc0cfcfd7afadaa72c48a3163d23ba7fb7d192a9c,OK
.git\objects\d8\f4d8a36082793bcf6f94956ef4f3d045e7a5ff,C:\SNS_24AutoProject_250723\.git\objects\d8\f4d8a36082793bcf6f94956ef4f3d045e7a5ff,99c7a104d60f5baab42847ee59738a8eb62f35eddbe268d9fe5d8ad85e33ed11,OK
.git\objects\d9\2aa27cd76dc7e275e903d588f2d467be0027f0,C:\SNS_24AutoProject_250723\.git\objects\d9\2aa27cd76dc7e275e903d588f2d467be0027f0,7a7830092070f7db5984f4e7f5e47d238c1c384fb018adf654c4086797b5e5e2,OK
.git\objects\d9\33e6ca367621807f6976703d2f62388b297eed,C:\SNS_24AutoProject_250723\.git\objects\d9\33e6ca367621807f6976703d2f62388b297eed,fa8701118de342fe7da131997ed7d68140a05acea7e7c66edb2a2fcf4da8ed4a,OK
.git\objects\d9\395009fe0a6690dca2ef4c44df959e98743a8a,C:\SNS_24AutoProject_250723\.git\objects\d9\395009fe0a6690dca2ef4c44df959e98743a8a,8604347f63dff77396a12bd610b4f7cbe777f1f7337d748dfed11446e08e5576,OK
.git\objects\d9\69982309e5ca7d32979a7dad814ca307d2cd8d,C:\SNS_24AutoProject_250723\.git\objects\d9\69982309e5ca7d32979a7dad814ca307d2cd8d,7ff1dcb4e59f941b14f2d5420883dba1dc3b21cd1b4d8df4f05dc410442d11fc,OK
.git\objects\d9\8145edbc7327a7ce238227bccdd3eefc9ad435,C:\SNS_24AutoProject_250723\.git\objects\d9\8145edbc7327a7ce238227bccdd3eefc9ad435,eae084ae0c79d12f14047325827c5ddc35d09f042b7948db12f232708c6405d8,OK
.git\objects\d9\899c07ba0594306cb588f125d317aec6acd98e,C:\SNS_24AutoProject_250723\.git\objects\d9\899c07ba0594306cb588f125d317aec6acd98e,81c48810a73e7042594e26bd2a1f72c727b3d7286f0b092a4ef6802390915921,OK
.git\objects\d9\c4b84e5aabae78dc2ad33d07928ae3e7f34fbb,C:\SNS_24AutoProject_250723\.git\objects\d9\c4b84e5aabae78dc2ad33d07928ae3e7f34fbb,a6bff4c84c0a1e85793b87b50dab48b880a7d8414bfaf52a7d206a4fd51c52c0,OK
.git\objects\d9\c7d3dea4196dfd1b5fb6e49a572a241375ca5c,C:\SNS_24AutoProject_250723\.git\objects\d9\c7d3dea4196dfd1b5fb6e49a572a241375ca5c,715c9c7bd98a66cef2463f9e4f068d92f094808f5fccb1922af3dc934a6470e6,OK
.git\objects\d9\f0d384cf6d6c7b0095317beb010daa7c256b2d,C:\SNS_24AutoProject_250723\.git\objects\d9\f0d384cf6d6c7b0095317beb010daa7c256b2d,7e993b46d5fe873230891fbaf2595b928c5bf9a1725b6975bd06fd0b9357eb02,OK
.git\objects\da\068e2744635866bcbab74523f39fcc819de45d,C:\SNS_24AutoProject_250723\.git\objects\da\068e2744635866bcbab74523f39fcc819de45d,d4dd208bbce2ce7612e457be5f581cef20020a0fa145290009e1296e0923891d,OK
.git\objects\da\209f9f0a07625ec83d4ec84917216347f5687f,C:\SNS_24AutoProject_250723\.git\objects\da\209f9f0a07625ec83d4ec84917216347f5687f,dcd9fcd62de775d7515f6a268fea8db6051cf960d933b0bb0a976311ae5c7547,OK
.git\objects\da\6723b6f17770629872326b7336cf6f6f74fbfa,C:\SNS_24AutoProject_250723\.git\objects\da\6723b6f17770629872326b7336cf6f6f74fbfa,a5236d13f6dd73bbf6d0541d216080d191f0fb0ec05049e0f6fa396b690f7701,OK
.git\objects\da\6a2701db8f76c159b60b5b74d402e5d8f7ba4e,C:\SNS_24AutoProject_250723\.git\objects\da\6a2701db8f76c159b60b5b74d402e5d8f7ba4e,9f20cdcd547f5a1de66fe0e541bbb6b9ad2c943fd381a638b4739d09bbb2063e,OK
.git\objects\da\d138422a7629507dc5888b9d46ec659dea0581,C:\SNS_24AutoProject_250723\.git\objects\da\d138422a7629507dc5888b9d46ec659dea0581,026be5a30bc29ef451b46b8658f4a178d144c4dd28cb3d1342ee461a3911e521,OK
.git\objects\da\d323e0e5ec00cc2c846fe78d31b74ffc204307,C:\SNS_24AutoProject_250723\.git\objects\da\d323e0e5ec00cc2c846fe78d31b74ffc204307,11416b6c10a692eb6be1f089c40e7df7053082cfcb8956266eaae45575e57a70,OK
.git\objects\da\dee82d8519d7437bf4a8365941402144d56126,C:\SNS_24AutoProject_250723\.git\objects\da\dee82d8519d7437bf4a8365941402144d56126,43041a9a01ef6c61de1929a85f4cb471e489c0936a2265b754c48ac7721dd864,OK
.git\objects\da\e8620daa21d3df1f55482879089cd7524cad99,C:\SNS_24AutoProject_250723\.git\objects\da\e8620daa21d3df1f55482879089cd7524cad99,cefe5807c7847899754f979c7159a24385e324099bfa0c01c19a92dfac610189,OK
.git\objects\da\ec041e43bdf3644ee5765341086414eb5ca4e4,C:\SNS_24AutoProject_250723\.git\objects\da\ec041e43bdf3644ee5765341086414eb5ca4e4,767664fcad7793fe1fbc575718f53d3b4f226c35b211122f920d127b465c0e46,OK
.git\objects\da\fda1f0c635e7ca71817e62e5ed8664c039a4eb,C:\SNS_24AutoProject_250723\.git\objects\da\fda1f0c635e7ca71817e62e5ed8664c039a4eb,0ceedc8d9a94e98e1b0a1ebebfc2f226057b58f648a12ef5afd26d16f41d9e72,OK
.git\objects\db\51b5ac8374491e1934b385cfbb2df6ba40c566,C:\SNS_24AutoProject_250723\.git\objects\db\51b5ac8374491e1934b385cfbb2df6ba40c566,cda4e32c7daddea5ec30570496718847fcf0aa11ec4ab5387953b13a0f94de4a,OK
.git\objects\db\9993b80e242d94e9c0c6228d0cef4cdf9e5184,C:\SNS_24AutoProject_250723\.git\objects\db\9993b80e242d94e9c0c6228d0cef4cdf9e5184,50e7ab0c51c206f9f0e4cb15441f8d305b9f326c9997bff9be676fb51fd76e32,OK
.git\objects\db\9e3396557652707c0c2232e119e13a2dd172fb,C:\SNS_24AutoProject_250723\.git\objects\db\9e3396557652707c0c2232e119e13a2dd172fb,be7df569d22e9d7c4d8336a2716cc67109b0985251be18e83f74bfe37102de60,OK
.git\objects\db\c0310ed3254cf1b5d43fd5bc40a03c81bbb1c4,C:\SNS_24AutoProject_250723\.git\objects\db\c0310ed3254cf1b5d43fd5bc40a03c81bbb1c4,443d94b5df41246776e9fbee7dfd905147654e0cf2a1f0df561a331d202b161a,OK
.git\objects\db\ff4d5399f4778f545d99f3a8c892c7280149ce,C:\SNS_24AutoProject_250723\.git\objects\db\ff4d5399f4778f545d99f3a8c892c7280149ce,53df1f2590dfd3f83c43b7010c095dff9735dac9beb68b65ea7db94992b91120,OK
.git\objects\dc\06733070776bf57962fb56a2e2d965d5a12038,C:\SNS_24AutoProject_250723\.git\objects\dc\06733070776bf57962fb56a2e2d965d5a12038,eab735308d81fc0869adc7ad2065dd322d643f74fa80e521bcc38c3ae067d7b0,OK
.git\objects\dc\63aab152b7ad8b9d2e22e32369c88f0cf95563,C:\SNS_24AutoProject_250723\.git\objects\dc\63aab152b7ad8b9d2e22e32369c88f0cf95563,0340582faef1bc6a9bb243f68ab96082c0e80b0d5b70f3a776cedd4502abe564,OK
.git\objects\dc\8fbe13384998b8257166620fd11a2c6e8a0de6,C:\SNS_24AutoProject_250723\.git\objects\dc\8fbe13384998b8257166620fd11a2c6e8a0de6,31c66f140fda31519ac2fa7c8d8820372e886bb1d6b3f3cdc78b4bb09fd4a60e,OK
.git\objects\dc\9a36cd184e9391c36518a67124549c9706d315,C:\SNS_24AutoProject_250723\.git\objects\dc\9a36cd184e9391c36518a67124549c9706d315,c3e4fd3fbd1a792703a3fd8929a7b1dad0b5e2c9a1d8d56cbbdbfe928d152e47,OK
.git\objects\dc\b9c6f9b03cad6aae9ba6424efbe9365bd6959e,C:\SNS_24AutoProject_250723\.git\objects\dc\b9c6f9b03cad6aae9ba6424efbe9365bd6959e,93245232d0e0a85500422f6ad009f1b447c59bd335de60e9a5ef208ff024c6c0,OK
.git\objects\dd\2c235bf9c4cc3c2ec4c2725a7cd5deac128fea,C:\SNS_24AutoProject_250723\.git\objects\dd\2c235bf9c4cc3c2ec4c2725a7cd5deac128fea,091a84da4113135ebd20c8074a353c193cb9b8aa9e0ebfc01c18a771e26d98e0,OK
.git\objects\dd\391bebd9f134f784af843479d297b93acb4eda,C:\SNS_24AutoProject_250723\.git\objects\dd\391bebd9f134f784af843479d297b93acb4eda,0ba3f8a0369b967d46ebf64b9e8278d052e704384e2112b8526d466b8220b3e6,OK
.git\objects\dd\3f77af708cd4f23b2a2d8e23a0f7fa1edafab0,C:\SNS_24AutoProject_250723\.git\objects\dd\3f77af708cd4f23b2a2d8e23a0f7fa1edafab0,a5c38fd5b0da4a8d0f8924ec0d4ef81a23aa53c4dfe69627ff7cce27d236ab5f,OK
.git\objects\dd\538c65db6ed0a0e47feb7b6001640516958e19,C:\SNS_24AutoProject_250723\.git\objects\dd\538c65db6ed0a0e47feb7b6001640516958e19,bb0608fee2cda03fafa6a857429a6dce1c10aa990003b6f8617951522acf70ce,OK
.git\objects\dd\5781e8ae26ed66aa2650c580c561fae50df4b5,C:\SNS_24AutoProject_250723\.git\objects\dd\5781e8ae26ed66aa2650c580c561fae50df4b5,efb201cc605512fd11939d23184918b4f18fe1d19b7dbd3b3a58d13b1293e958,OK
.git\objects\dd\79503f901ec8100479269fb3cd7662707d6377,C:\SNS_24AutoProject_250723\.git\objects\dd\79503f901ec8100479269fb3cd7662707d6377,3279b17485b7f64089ba2332641c0c551edf88e88f1d235d446b618143a19d8f,OK
.git\objects\dd\9115b27066064dd2cb6dce994766f24a082d00,C:\SNS_24AutoProject_250723\.git\objects\dd\9115b27066064dd2cb6dce994766f24a082d00,50f3ae086121a971512d7a84c7823775d041a0081d4b891112a6df61db04e9a4,OK
.git\objects\dd\92351c692deba79bdd172f3f0483b999acae9e,C:\SNS_24AutoProject_250723\.git\objects\dd\92351c692deba79bdd172f3f0483b999acae9e,c80cb85ab2f04bf23e2265875afeecb51042e4f747b41cbb2779cc41b9adc9a7,OK
.git\objects\dd\b3f4e99a1030f33b56fad986c8d9c16e59eb32,C:\SNS_24AutoProject_250723\.git\objects\dd\b3f4e99a1030f33b56fad986c8d9c16e59eb32,9bc50f711d173ca316c97ba9ef1e4f73a832eb28d71cae0af004aaf9e0c5fa1d,OK
.git\objects\de\185d4d9710d69987807446593dc3f9675e7c16,C:\SNS_24AutoProject_250723\.git\objects\de\185d4d9710d69987807446593dc3f9675e7c16,319e163327160abc904b99874fab661004003a361389475638d22633495784dd,OK
.git\objects\de\f53e248bda30ed5495172664d930f10d1bc34c,C:\SNS_24AutoProject_250723\.git\objects\de\f53e248bda30ed5495172664d930f10d1bc34c,4b8f46741a116229b385baa105b4668e90e16cec5dd49e9798d123e2c74e0956,OK
.git\objects\de\fa92b65ea1872a8f858625371ba4bbb1505825,C:\SNS_24AutoProject_250723\.git\objects\de\fa92b65ea1872a8f858625371ba4bbb1505825,ac4977ba4f78799e75fedd3c2d03a65d0e2b3e23ea63301e4dc078eb12684308,OK
.git\objects\df\0ae97489a9fe1ae6226510cb5b8dc26216a088,C:\SNS_24AutoProject_250723\.git\objects\df\0ae97489a9fe1ae6226510cb5b8dc26216a088,3c9fce25815a5e755207236fd4b5071f638e1ac536a505b75a2c15f50631e063,OK
.git\objects\df\581001afa896e10980f7089e585696fc53c513,C:\SNS_24AutoProject_250723\.git\objects\df\581001afa896e10980f7089e585696fc53c513,51ad1a93c6ae8052266e8f39794e1c942b6fd6d680e42704a08d6c6542725c9a,OK
.git\objects\df\7ded10b548d495338dc368d727cf77ff70740a,C:\SNS_24AutoProject_250723\.git\objects\df\7ded10b548d495338dc368d727cf77ff70740a,a7b8d5d4877534022abb1a83ea1552f67f968cd2a5b3deefc1dd2092699eb5d3,OK
.git\objects\df\a7d0a71c085dfa3dfb2819f47493cb8501d198,C:\SNS_24AutoProject_250723\.git\objects\df\a7d0a71c085dfa3dfb2819f47493cb8501d198,22846f505339cfde3f9f38caafadfb26e040a77676815dfa50e187b791ae56c7,OK
.git\objects\df\e711e5081ffc9c0962e0f230baf76f13675b6e,C:\SNS_24AutoProject_250723\.git\objects\df\e711e5081ffc9c0962e0f230baf76f13675b6e,fb4e68ae8c12111de9d50d66d7e85afdb3a50947728b54b12e578f991766fdd3,OK
.git\objects\e0\0398602c634e6f1e9c0bc0e12b064f343ffe0c,C:\SNS_24AutoProject_250723\.git\objects\e0\0398602c634e6f1e9c0bc0e12b064f343ffe0c,dae13ed0709c51e86aee65f0c38ddd0ffac7899b8181d13f71d5a43711d77b78,OK
.git\objects\e0\242bff6e5df45de8b235abb4a8405fbb8ba6a6,C:\SNS_24AutoProject_250723\.git\objects\e0\242bff6e5df45de8b235abb4a8405fbb8ba6a6,68ed84696a3607d860bec4c8f2ecbc82ad2cf257362bfa0ef174de7ffe77d8a2,OK
.git\objects\e0\4b4086c78f838540ab4e70f2f50cae9ee14522,C:\SNS_24AutoProject_250723\.git\objects\e0\4b4086c78f838540ab4e70f2f50cae9ee14522,037f7e42815362997db133d27040ef7498ac23d65b7a3278dae913c04ed4b694,OK
.git\objects\e0\4ec9d19110561c95469bb9db6963c2286ea1af,C:\SNS_24AutoProject_250723\.git\objects\e0\4ec9d19110561c95469bb9db6963c2286ea1af,5b5f13916331ffa99259ff43bbae12d9c3c084874e870980dc941de5584473bb,OK
.git\objects\e0\95842be890f7308c6d713775b2153cb074840c,C:\SNS_24AutoProject_250723\.git\objects\e0\95842be890f7308c6d713775b2153cb074840c,9c46151f8551d7b918289d31a6d7e5b39f9042bc4b1d77de5eb9256c20f28716,OK
.git\objects\e0\ab860e7df0c07b1b27862d3a5a8a0e5e882d0e,C:\SNS_24AutoProject_250723\.git\objects\e0\ab860e7df0c07b1b27862d3a5a8a0e5e882d0e,fb906bf88050058b76fc6959864b1b8635e575f04f1c49362e5d88f195570d91,OK
.git\objects\e0\c6832bb36bde2468038a1e8fa25f89835a4e5f,C:\SNS_24AutoProject_250723\.git\objects\e0\c6832bb36bde2468038a1e8fa25f89835a4e5f,be23e9d347dd2dd288f62006b675eb25cd3f792b68bac0de3efa615237bb95d7,OK
.git\objects\e0\d67d46feaf228bd47a2d673902fc071b44ec03,C:\SNS_24AutoProject_250723\.git\objects\e0\d67d46feaf228bd47a2d673902fc071b44ec03,e13d6c6b43db734827f402942f6a9e960b5249c3e00f939a7eee33d675146d13,OK
.git\objects\e1\04faa46545ee873295cde34e1d46bccad8647c,C:\SNS_24AutoProject_250723\.git\objects\e1\04faa46545ee873295cde34e1d46bccad8647c,e6cc482676feed531afd187dbb66021928221a444fedc007b01db18a13dc399b,OK
.git\objects\e1\625945d47936e8a941756e21d8d2cd6f6e2517,C:\SNS_24AutoProject_250723\.git\objects\e1\625945d47936e8a941756e21d8d2cd6f6e2517,1655e2f8cd5dc9eb9a0da0a07b6da39e513b40f9370f9d8f643837005656c45a,OK
.git\objects\e1\ff2a52d88d2404f174d3b363fe9be6ba5bb665,C:\SNS_24AutoProject_250723\.git\objects\e1\ff2a52d88d2404f174d3b363fe9be6ba5bb665,0d7179964bc6ee61c5b66f2d87deef757bd72d34c7e722fe56edbafd093136ff,OK
.git\objects\e2\0dd2272f1414b84d381c6342ed458bb3e79d73,C:\SNS_24AutoProject_250723\.git\objects\e2\0dd2272f1414b84d381c6342ed458bb3e79d73,823a881f9bb98437775f131c4e7b32602a2b14f9675a94d8764a32ef32bb10a0,OK
.git\objects\e2\49f51792856be3b7261a20817553719a32e865,C:\SNS_24AutoProject_250723\.git\objects\e2\49f51792856be3b7261a20817553719a32e865,daa4fd0b58c7dc0fe9e6408b0f7120126209ce7763a8c0cfd39760e67ce746db,OK
.git\objects\e2\5d761949e683ed6f32bbff2b13b337ca410acb,C:\SNS_24AutoProject_250723\.git\objects\e2\5d761949e683ed6f32bbff2b13b337ca410acb,c020240b853be879190597e0a88e9eb46174284c44f06ff8282af7b070a33b82,OK
.git\objects\e2\714921a8f3c05189d20a9151931fb6eadf493b,C:\SNS_24AutoProject_250723\.git\objects\e2\714921a8f3c05189d20a9151931fb6eadf493b,bfa931ef3e3031b551334984a1cb3402a2d4eff0ad1e843f2b6a4f8004de5661,OK
.git\objects\e2\85e0c61d7fe8c63f7fdbb3b6875f7ba8eae9d1,C:\SNS_24AutoProject_250723\.git\objects\e2\85e0c61d7fe8c63f7fdbb3b6875f7ba8eae9d1,838e4cb6588b0a6314a543d0f57bb28c97292d3f4ae6c0e34d1ee4f3283de17b,OK
.git\objects\e2\a52a25f4691372902de16e4b1f7927dd91081c,C:\SNS_24AutoProject_250723\.git\objects\e2\a52a25f4691372902de16e4b1f7927dd91081c,91e629c31b461b19dbde66ae123a5518c4c988f0f6d757b410ad99e7835fc8c3,OK
.git\objects\e2\ec94f9e8ddd87f7b50955d7ebcb9edad3ebee5,C:\SNS_24AutoProject_250723\.git\objects\e2\ec94f9e8ddd87f7b50955d7ebcb9edad3ebee5,5961ad0536606cf51c1c97335ccbf59b14be56513b10da2a5f6483882f773bea,OK
.git\objects\e2\f22304aad56062cfb66d23f3a8c296689286ed,C:\SNS_24AutoProject_250723\.git\objects\e2\f22304aad56062cfb66d23f3a8c296689286ed,72cfab4f1101ecbf7d3f8da191a550ea388ddb63dd916bd1f36b4f91bbd0c3b0,OK
.git\objects\e3\35a61cabb9c1b7b14dc0bb99bf3f818d5b5841,C:\SNS_24AutoProject_250723\.git\objects\e3\35a61cabb9c1b7b14dc0bb99bf3f818d5b5841,e3e1643e9eba4b0ce85cb19738789f0b16a088d838cba80c79463b2496901013,OK
.git\objects\e3\3cf67171da78aa9e6eb02e50f9b9603da4c3f4,C:\SNS_24AutoProject_250723\.git\objects\e3\3cf67171da78aa9e6eb02e50f9b9603da4c3f4,03383f8e1927116a30efa127febc9e611874b1a799aa8d0adedd4c4e6cfb936b,OK
.git\objects\e3\7b977694dd131664e491d113456cedf29510d9,C:\SNS_24AutoProject_250723\.git\objects\e3\7b977694dd131664e491d113456cedf29510d9,10b61052292f59d9c4bc6744cf6cfc595ce85c27043f7e0c7586cff3bd4ad098,OK
.git\objects\e3\97c75265056c3f8ba9b0885e57c67800477856,C:\SNS_24AutoProject_250723\.git\objects\e3\97c75265056c3f8ba9b0885e57c67800477856,e6e1677bdfae116ac4aed63420e2854ab44fde7060fd718a6213b85dac14f017,OK
.git\objects\e3\9e65aedea7dc95a1130ea94518bb778d1238cd,C:\SNS_24AutoProject_250723\.git\objects\e3\9e65aedea7dc95a1130ea94518bb778d1238cd,558685d057ab9fdcd695474aee9577066e3e711759f5d21c0b27d8807d4a2bf7,OK
.git\objects\e4\4dab3a29dd2b2a0de2a530abb71ed170212b73,C:\SNS_24AutoProject_250723\.git\objects\e4\4dab3a29dd2b2a0de2a530abb71ed170212b73,543d2fda4f493b2b01bd77821ef7ade83fd9de72c2ae0732b815c0f9ca809bc0,OK
.git\objects\e4\50ebdb89e35d1c75776ef1812f75b8cbb57c4b,C:\SNS_24AutoProject_250723\.git\objects\e4\50ebdb89e35d1c75776ef1812f75b8cbb57c4b,a17becc303dd03bc95ae25ebf876814816f2edaea3927a7a5ecac07191f9c699,OK
.git\objects\e4\734471826b37420772ae2485801bae83e60eb9,C:\SNS_24AutoProject_250723\.git\objects\e4\734471826b37420772ae2485801bae83e60eb9,0f91c0713185e7146856f0eb90b119d8684ad5551e7ae69156d57a506a2c1bc1,OK
.git\objects\e4\7a499c514ce64a53a64bbeffac6c156f23421e,C:\SNS_24AutoProject_250723\.git\objects\e4\7a499c514ce64a53a64bbeffac6c156f23421e,3c0fb4dc7bf48c66f1f392d59a9a5eef38c9954d7760c31b3f26fcfd4a13ca1e,OK
.git\objects\e4\9d54f880a2bb409310e0eb2097958192df8fcc,C:\SNS_24AutoProject_250723\.git\objects\e4\9d54f880a2bb409310e0eb2097958192df8fcc,6595d9209f1593c29cd50453d66afdccd1d6bb6e682e8663088ded714e987016,OK
.git\objects\e4\a6315a83b9c4ab9ae7885a50676f5592d7fc6d,C:\SNS_24AutoProject_250723\.git\objects\e4\a6315a83b9c4ab9ae7885a50676f5592d7fc6d,4e79b82b91ed1e94dffe2c11c60b85fe89930820ca428acd6ba9ebd347acaa7d,OK
.git\objects\e4\caa30b7f0baee4d97ff51919f5bfd5ea855635,C:\SNS_24AutoProject_250723\.git\objects\e4\caa30b7f0baee4d97ff51919f5bfd5ea855635,f2ce0ad1c70d8cbeb29c5f40dfe9dcb78918a766bcebabf2af3378b6e2ca1b25,OK
.git\objects\e5\441f2d4d5bce2093a6db0e9319760cf14dd979,C:\SNS_24AutoProject_250723\.git\objects\e5\441f2d4d5bce2093a6db0e9319760cf14dd979,1d46ef4ddb906ef3f594bd4f872dc01dd7251086de538fbcfb543673de6a7895,OK
.git\objects\e5\81cc7f6fbd7e30a3016da13aae291ed2509da8,C:\SNS_24AutoProject_250723\.git\objects\e5\81cc7f6fbd7e30a3016da13aae291ed2509da8,f7679f27f8a6cebf1f861b2516fe0760e5ac40b76817bafb3ba484b95432e81c,OK
.git\objects\e5\92a68e53f6215de9e1d1ac61ce062a333283c0,C:\SNS_24AutoProject_250723\.git\objects\e5\92a68e53f6215de9e1d1ac61ce062a333283c0,103a3420162fa87185c5eb220847aca07b018f4203f8a9d94a50ce049f01270a,OK
.git\objects\e5\9b4c42f928302bfbf047b5564f6287536c7769,C:\SNS_24AutoProject_250723\.git\objects\e5\9b4c42f928302bfbf047b5564f6287536c7769,3ece07568f43775594f61275dbfd6b7b16735bb7c5a8b4d78a4edd4f547aa97d,OK
.git\objects\e5\ba25f0e631f71b6e81ca164afcd05b4bad144a,C:\SNS_24AutoProject_250723\.git\objects\e5\ba25f0e631f71b6e81ca164afcd05b4bad144a,43e07ed7d356dc801631e1de9900d9f174fa19c579ea88a7aee5d41fb78ab831,OK
.git\objects\e5\ec5c66620c35584de2b1f2c5103c48db1b8a97,C:\SNS_24AutoProject_250723\.git\objects\e5\ec5c66620c35584de2b1f2c5103c48db1b8a97,45250c615327bc1e83584ddd71fab448a5681c93193b2c726da702a71f9cd40d,OK
.git\objects\e5\eecbf10d859f11a73e8478366e2723c6f808ab,C:\SNS_24AutoProject_250723\.git\objects\e5\eecbf10d859f11a73e8478366e2723c6f808ab,4b321e55a72e53019f6528a34f27a7f69b57bff19d9f91d00e9662a27f860272,OK
.git\objects\e6\1a1b12c3cb4be65a1ab838fa55d06155403cdf,C:\SNS_24AutoProject_250723\.git\objects\e6\1a1b12c3cb4be65a1ab838fa55d06155403cdf,567f87adeeaed5ebc488a16f4f7e41cfa4f3bfd5a2e5af87ac296d9575422209,OK
.git\objects\e6\5a41ffcdaaf724f7297bef36fe35897d4f7e25,C:\SNS_24AutoProject_250723\.git\objects\e6\5a41ffcdaaf724f7297bef36fe35897d4f7e25,a4fec8e6ff303a555acb6fd3b158d310ac324f945ec5d5fd329e4b1ed48f44de,OK
.git\objects\e6\7aa818bb860bc5afe67b9eba29c28de93a7f1b,C:\SNS_24AutoProject_250723\.git\objects\e6\7aa818bb860bc5afe67b9eba29c28de93a7f1b,85722f18706e9b70a44ca357886c746bb0bfb28fd2cf028a6e6f939201f1d785,OK
.git\objects\e6\7c4709a68a11f8f2b9f18e718099ace7b3163f,C:\SNS_24AutoProject_250723\.git\objects\e6\7c4709a68a11f8f2b9f18e718099ace7b3163f,c99dbc46f6abcf0476e635c1858e7db2211881648f399c1f407536cafae4b9e8,OK
.git\objects\e6\9577bbb10685f7f6bf738faffa80a0b0276bad,C:\SNS_24AutoProject_250723\.git\objects\e6\9577bbb10685f7f6bf738faffa80a0b0276bad,aa4944ca640214d8054009babe7626cfb1e9eafe51296023ec79880b84b80696,OK
.git\objects\e6\9de29bb2d1d6434b8b29ae775ad8c2e48c5391,C:\SNS_24AutoProject_250723\.git\objects\e6\9de29bb2d1d6434b8b29ae775ad8c2e48c5391,164c5fa8067facf1a43f09ce3d0e35ebf53a7f5723ecbf15a8667cfc53c26f6c,OK
.git\objects\e6\f5dfa6a8d82523e8cb12f17cf73560bc09a383,C:\SNS_24AutoProject_250723\.git\objects\e6\f5dfa6a8d82523e8cb12f17cf73560bc09a383,25bc08225fef4bfd34a9d7ba61f96e3bce6c113af8d1b1babab1114f494d1c88,OK
.git\objects\e7\2a02c4d522cb0775176d86be135db17fed12cc,C:\SNS_24AutoProject_250723\.git\objects\e7\2a02c4d522cb0775176d86be135db17fed12cc,c2e09bc01951d3915373f2b3d68bc09a9879a2e87aecebdf7909264ef5fa30f1,OK
.git\objects\e7\4a4d3f6b3a799b0fd12272c3aae0f084fb2783,C:\SNS_24AutoProject_250723\.git\objects\e7\4a4d3f6b3a799b0fd12272c3aae0f084fb2783,9efaa7b412992953830d1945a03bddf8fe618f14a23d1b8abc52ece1d853b493,OK
.git\objects\e7\4ce049c793c96e855ebb15779887a48622bf26,C:\SNS_24AutoProject_250723\.git\objects\e7\4ce049c793c96e855ebb15779887a48622bf26,96a9ad80c7a818587b06409f16c7d323a8f03889269e45dc1e4c53fcbe6c4446,OK
.git\objects\e7\4e31a2b2129437a1eae718143a883a039b4d4b,C:\SNS_24AutoProject_250723\.git\objects\e7\4e31a2b2129437a1eae718143a883a039b4d4b,6171360e543b600979e610a45e9d8076411c070b780e90d95a93876983444eab,OK
.git\objects\e7\bbfbb8c332fee14ae1b4aa07cc4d128e6a3ca7,C:\SNS_24AutoProject_250723\.git\objects\e7\bbfbb8c332fee14ae1b4aa07cc4d128e6a3ca7,bbdf406fdf648de92cd2d7a7f82ef6548ec0c8d174d450be659695f2d2ee0d71,OK
.git\objects\e7\c9bc202bce7c2d0e80a522a61e3ba1857a4b3e,C:\SNS_24AutoProject_250723\.git\objects\e7\c9bc202bce7c2d0e80a522a61e3ba1857a4b3e,86ae288d85c9392dd87654d04fae00ff59ccdc5b8bdc6e6f228e99abb3741609,OK
.git\objects\e7\dfc82947e30af0637575869fba5eef4c683b7d,C:\SNS_24AutoProject_250723\.git\objects\e7\dfc82947e30af0637575869fba5eef4c683b7d,ac8ba86d89aada4879b109005006a9537a76b535e19d1b63e0f5b27244b27744,OK
.git\objects\e7\ea9c545a56ae0b0fabd02e47748004a6d87c3b,C:\SNS_24AutoProject_250723\.git\objects\e7\ea9c545a56ae0b0fabd02e47748004a6d87c3b,5f84076971702b8e29cbee476afcb66a93ed914dc0b84a26afd2590d83fbc359,OK
.git\objects\e7\f299d891df3d19053ede1a63734013c2f1a78f,C:\SNS_24AutoProject_250723\.git\objects\e7\f299d891df3d19053ede1a63734013c2f1a78f,45ed5b1a89627277f535605081aa54e3ca2485f4af1831670e5f6cfb90cc1706,OK
.git\objects\e7\fa4bd00d43430eb1da23bd577688d8733bb6e8,C:\SNS_24AutoProject_250723\.git\objects\e7\fa4bd00d43430eb1da23bd577688d8733bb6e8,d2d687e64f9a3fd8241d1b20aa0ba2d7c1165bb0187cc26613283c2d6cdfd2f5,OK
.git\objects\e8\98594276143fa4cfd5d3815c4598b9e58dba07,C:\SNS_24AutoProject_250723\.git\objects\e8\98594276143fa4cfd5d3815c4598b9e58dba07,60a38c9cc53602ac066749a5c3cd49e4403755b0cf618724612e7f411d2aed8b,OK
.git\objects\e8\a9e082b313a6223d58dbc931f40f2e3d24182b,C:\SNS_24AutoProject_250723\.git\objects\e8\a9e082b313a6223d58dbc931f40f2e3d24182b,29feeb2f13f6922c2aef77a9eecbf1e2161a3799fb125e2cdc1a9df6a6b1c156,OK
.git\objects\e8\ae5e4beaa287c8bcb31c77d8f3f2e4565bba60,C:\SNS_24AutoProject_250723\.git\objects\e8\ae5e4beaa287c8bcb31c77d8f3f2e4565bba60,f1a538f1ed77739921234b3745a5437a3eeb44a440a48de16b90842f336a6eac,OK
.git\objects\e8\c8444da0ca9440257e778421f7cd775b628f8e,C:\SNS_24AutoProject_250723\.git\objects\e8\c8444da0ca9440257e778421f7cd775b628f8e,a4f54766d48f3b3f06a2545f290ef11dc154c197e3d5384be812098019d45c11,OK
.git\objects\e8\e2821116a18b29d03a183902bf801ac820d522,C:\SNS_24AutoProject_250723\.git\objects\e8\e2821116a18b29d03a183902bf801ac820d522,215c208c878dbf7cd8b46d68eaf2bfbf5a9bc92e733f8b9acb6bbf80a8f6e551,OK
.git\objects\e9\0574881db5485cbead413f62be2237a6791f05,C:\SNS_24AutoProject_250723\.git\objects\e9\0574881db5485cbead413f62be2237a6791f05,aa6b80eda01c1ba8a2ec55d22ee7926202243eaa4957645310b78eb652e2c1fb,OK
.git\objects\e9\1cd2b3693ae3c548d639fddb39a989cf4c2a39,C:\SNS_24AutoProject_250723\.git\objects\e9\1cd2b3693ae3c548d639fddb39a989cf4c2a39,660b8d8f4645e4c1bace929bba3a85ae7efd8cadaf5be7764d59aea9766c1879,OK
.git\objects\e9\1f01a8c0b27a9aaf1773ad70852de413f22892,C:\SNS_24AutoProject_250723\.git\objects\e9\1f01a8c0b27a9aaf1773ad70852de413f22892,7b2606a59148e329dade546576c60d0f699349fa0b5efc7f2d2deeb940086e82,OK
.git\objects\e9\59a46593ee1a50dd9e51fa7c25624c65be06cf,C:\SNS_24AutoProject_250723\.git\objects\e9\59a46593ee1a50dd9e51fa7c25624c65be06cf,e22ff6f6b4aea2699b7a84c65aae4dd439c64305a3a130ecea307bc95acef146,OK
.git\objects\e9\b9702f259fac92709cd03edcc4b5d6b7233912,C:\SNS_24AutoProject_250723\.git\objects\e9\b9702f259fac92709cd03edcc4b5d6b7233912,4b26182dc7c90ff7a5aa00382122c6dd2a556f9878d0bb41dbb3ed2039332422,OK
.git\objects\ea\0bb7026f40b5f76c7282bd61f0525f9140c7eb,C:\SNS_24AutoProject_250723\.git\objects\ea\0bb7026f40b5f76c7282bd61f0525f9140c7eb,dff8299fb649b438affcb40035fe7eb67281396954ad6ab9c4e7052a2121cc31,OK
.git\objects\ea\1bc74510e54c2cb5e48545e2036db844d6b180,C:\SNS_24AutoProject_250723\.git\objects\ea\1bc74510e54c2cb5e48545e2036db844d6b180,7ec0b3481745712d4dff835014595085efdf587c26333c074cccc574fea4035b,OK
.git\objects\ea\48ffeb88b8969d38dd4a94ad675eb01e613143,C:\SNS_24AutoProject_250723\.git\objects\ea\48ffeb88b8969d38dd4a94ad675eb01e613143,5260d1c5b82cdbf577ed47f1694c26006ae6de4dcb2bd42150defdceed29ea76,OK
.git\objects\ea\6de600b4070fcc38eb716ffff10c2f62dfbe98,C:\SNS_24AutoProject_250723\.git\objects\ea\6de600b4070fcc38eb716ffff10c2f62dfbe98,da2f3bfd75c6df5a18431d9bba026e569690dab0a5527db0641ae62f509cf261,OK
.git\objects\ea\82f715b5d990e5d9773c1daa19666a34a42bae,C:\SNS_24AutoProject_250723\.git\objects\ea\82f715b5d990e5d9773c1daa19666a34a42bae,d573abe48499824ef515ccd4020de0556b734adf947b282cee9ca402a5f8f07b,OK
.git\objects\ea\87241f7f928063caab41ab5f98c82d9547eb4d,C:\SNS_24AutoProject_250723\.git\objects\ea\87241f7f928063caab41ab5f98c82d9547eb4d,b3e4a46e79ea109bfabe08aeb689a4c97b9069fcdf7236ec1a5a4cd11204a2ad,OK
.git\objects\ea\a14fb49d186ad6d493c8a9763b7e0afbcb34bc,C:\SNS_24AutoProject_250723\.git\objects\ea\a14fb49d186ad6d493c8a9763b7e0afbcb34bc,7c04d602076bee175dd3927831d709a24bbc1f359629f73649eca2f82cdc11c0,OK
.git\objects\ea\edd05a8b3c2647b316cb94a1cdea31ea15c432,C:\SNS_24AutoProject_250723\.git\objects\ea\edd05a8b3c2647b316cb94a1cdea31ea15c432,e3110213f81c6628cd9d8ffe7b7746e935dd2c39ee059e7cde6aee4efa855d98,OK
.git\objects\ea\f8a4d41851d662f3a010bbdda13a673d5f7478,C:\SNS_24AutoProject_250723\.git\objects\ea\f8a4d41851d662f3a010bbdda13a673d5f7478,62000a4730639dda3f3941ad0d7264d1feb192519592c94fb0e3ed8096f441a2,OK
.git\objects\eb\16a2bee35b2d21a6f9e4ea551ec2b8df281075,C:\SNS_24AutoProject_250723\.git\objects\eb\16a2bee35b2d21a6f9e4ea551ec2b8df281075,11cb606f454a4adbd528079c2c362c232a4b9cff259224e6f1fce627a68a74d4,OK
.git\objects\eb\20e9a2cdcedd3bafaa9809b2fb8ee2791e0a4d,C:\SNS_24AutoProject_250723\.git\objects\eb\20e9a2cdcedd3bafaa9809b2fb8ee2791e0a4d,55e1b4cbd581d0446ea2a45f83ec14d6e5090228fa45ad30f4aa5ca17e326d20,OK
.git\objects\eb\3067c06a6a9b3c6200741281d837fb49f88490,C:\SNS_24AutoProject_250723\.git\objects\eb\3067c06a6a9b3c6200741281d837fb49f88490,cbc3843628244e90d12bca8be7043c2723fad219a394f8c2f775e6347fa70e7b,OK
.git\objects\eb\5cf294dae8eeaa19f67158ae42feb1e35f851c,C:\SNS_24AutoProject_250723\.git\objects\eb\5cf294dae8eeaa19f67158ae42feb1e35f851c,84b482689f6b4e939c0834ec1680c62d9ff42b2903f1e9522c0da2a9a816fe70,OK
.git\objects\eb\8d4e4a719d338e503009ee02687c95f6d5b600,C:\SNS_24AutoProject_250723\.git\objects\eb\8d4e4a719d338e503009ee02687c95f6d5b600,5395534425341e5d206ddc8dc7f251337ac20b61a0e8c8f00424d3417554d7a0,OK
.git\objects\eb\c1b49a000da7aebf9426c63fab9eff83816d05,C:\SNS_24AutoProject_250723\.git\objects\eb\c1b49a000da7aebf9426c63fab9eff83816d05,affe7bed0e30c163bed94e8a913708c5e0eb2ec0d9d76294f79257abf708608a,OK
.git\objects\eb\fb70ccbe06e61747249178833106d7c5c059ce,C:\SNS_24AutoProject_250723\.git\objects\eb\fb70ccbe06e61747249178833106d7c5c059ce,a2af2245d8572939af9c4d022f11cee887f37a015fb85ece12f4600dc32ab4d3,OK
.git\objects\ec\3464400768952a84affac970a5e1e80199bf34,C:\SNS_24AutoProject_250723\.git\objects\ec\3464400768952a84affac970a5e1e80199bf34,55af5684adf0a9d0192bfc433175b30aa06717d8e8405918dd114c27173ea79b,OK
.git\objects\ec\44c06e07ea867ee7feee021b7bd8f117fb0e12,C:\SNS_24AutoProject_250723\.git\objects\ec\44c06e07ea867ee7feee021b7bd8f117fb0e12,a0753bde495fda0be2a989a5705f7e4e189474c267687151c398166689b834d1,OK
.git\objects\ec\4bd5747a8c9c528dfd22c8e3171851784ade59,C:\SNS_24AutoProject_250723\.git\objects\ec\4bd5747a8c9c528dfd22c8e3171851784ade59,6807ab7f6c041630beecc40dff21ebd33b5d93f249fbeace06aef88a991cebd2,OK
.git\objects\ec\4e2eedec9c5462eb47f19d1cc5fb31846712b8,C:\SNS_24AutoProject_250723\.git\objects\ec\4e2eedec9c5462eb47f19d1cc5fb31846712b8,536c12ce48e2bb53e8c8784cf0d69ba53760e879eaacda3c4d1b8b6d895cba4e,OK
.git\objects\ec\5956df98f2586e2e15f3f6f7d467d36b7fb555,C:\SNS_24AutoProject_250723\.git\objects\ec\5956df98f2586e2e15f3f6f7d467d36b7fb555,d057906becfd78a57747006e0b89d1cf961294a8558424581b640de13e71049c,OK
.git\objects\ec\701bdfdef1223cf2228c1dd1631583bda17e0b,C:\SNS_24AutoProject_250723\.git\objects\ec\701bdfdef1223cf2228c1dd1631583bda17e0b,6d15c80e9daf9390c6c8f4bf482d0e1b6653dbf5b20851ed1a2e8b2e2dd69f93,OK
.git\objects\ec\a19d135fca4feaee523c72b48c2cbad69cf609,C:\SNS_24AutoProject_250723\.git\objects\ec\a19d135fca4feaee523c72b48c2cbad69cf609,3ad30b1ad4b9d0134391800f2a95ae8a8e3fd1e63c9c5f19dbf4708df950dd5a,OK
.git\objects\ec\b9e3f3160014e9c117caf143456268fc5f91a3,C:\SNS_24AutoProject_250723\.git\objects\ec\b9e3f3160014e9c117caf143456268fc5f91a3,f0e62f3d0a6e9026c7b24b4af8c50aa81f8ae58b87db2cb09fd4b09f00170b2b,OK
.git\objects\ec\c973a545b1f210f8712719224fe664e686b9da,C:\SNS_24AutoProject_250723\.git\objects\ec\c973a545b1f210f8712719224fe664e686b9da,5d7f191211c809873101c99031d7c6f145be19c988925bedb9dacecab1627af6,OK
.git\objects\ec\dce19859444a09251406cbd3ca7a109f76143f,C:\SNS_24AutoProject_250723\.git\objects\ec\dce19859444a09251406cbd3ca7a109f76143f,d52db19f09d70a8f60a7337ea162ca536ade48d43b5478de2690f07f7ae5df18,OK
.git\objects\ec\e46b96b44e816f6cc0fa0492c37d7ed18ec1fe,C:\SNS_24AutoProject_250723\.git\objects\ec\e46b96b44e816f6cc0fa0492c37d7ed18ec1fe,f01a8b599cfe11cf277371b4842517f96d3304c9283b685bdf743af53b107195,OK
.git\objects\ec\fc0f88c5c815171e0760113d78c8065a6e69f3,C:\SNS_24AutoProject_250723\.git\objects\ec\fc0f88c5c815171e0760113d78c8065a6e69f3,8b8e1c6394a73bc62a2a355238944bc5967c154b04b9d004daa29332ac36a977,OK
.git\objects\ec\fe03ae9564289e0dd3d2be356e4b32d52eb27d,C:\SNS_24AutoProject_250723\.git\objects\ec\fe03ae9564289e0dd3d2be356e4b32d52eb27d,14fa1941e1b0a5950d2742e6853f123871c69fa9e4e775ad19a56c3be1d853b8,OK
.git\objects\ed\529f52f99122dae77e7034234c2ccc1f1dc7d7,C:\SNS_24AutoProject_250723\.git\objects\ed\529f52f99122dae77e7034234c2ccc1f1dc7d7,0134775b22327f6e12b38dc95bd0b50246257be0deba3bd871890fbd7d167cfc,OK
.git\objects\ed\71824211b5e048312ca4c9d6165c408bd47fdf,C:\SNS_24AutoProject_250723\.git\objects\ed\71824211b5e048312ca4c9d6165c408bd47fdf,8e9d7a06676f5e96522765f038efdea21821f08fdabfe7e9bdfdc12133248e59,OK
.git\objects\ed\77c864b6cedb7eca62b2b1cbc7eec4373ec80a,C:\SNS_24AutoProject_250723\.git\objects\ed\77c864b6cedb7eca62b2b1cbc7eec4373ec80a,8a50aadf28e241c5cc1ecb39514de0f9bc7cd5ff781e79a8cb8fcd4eea66e3b6,OK
.git\objects\ee\246ef56f18de61105af0c14d201fd090f74905,C:\SNS_24AutoProject_250723\.git\objects\ee\246ef56f18de61105af0c14d201fd090f74905,b3c6f4f63233051986704605b824153445d9ba8be0c6b43e37e8dc3f8243adbb,OK
.git\objects\ee\3ae1b3ccd6b236d09b0bae893d2659cdb51b1e,C:\SNS_24AutoProject_250723\.git\objects\ee\3ae1b3ccd6b236d09b0bae893d2659cdb51b1e,1f62ee679144a3d78d7ff9d52e87b9007834b92b14e1041dc160ebefd1e02e78,OK
.git\objects\ee\903f4b1fc292bc9cbec7b501a266030ef3510e,C:\SNS_24AutoProject_250723\.git\objects\ee\903f4b1fc292bc9cbec7b501a266030ef3510e,f267436978e294895b86ae2e01461073ff80aa420193ef7eb02d427ad718b2d9,OK
.git\objects\ee\aa84bca9c4beebee5d65cda4df44a3f1cff188,C:\SNS_24AutoProject_250723\.git\objects\ee\aa84bca9c4beebee5d65cda4df44a3f1cff188,f490d6c04a5fddbe806518d3655daa392a2a598f0e964db02b8dba765428fabe,OK
.git\objects\ee\bc371e8cbbd206dec53254e5bdd33e15fcface,C:\SNS_24AutoProject_250723\.git\objects\ee\bc371e8cbbd206dec53254e5bdd33e15fcface,d19fd4f69434263bcc377ecaf1ccfc3e2bc580467c72c97c2c23739f4b333172,OK
.git\objects\ee\db97712a0bfc993b07b66edc308b658ab22d2f,C:\SNS_24AutoProject_250723\.git\objects\ee\db97712a0bfc993b07b66edc308b658ab22d2f,a8b317326c18affb2dfe29b2757f447f4e5a04efcdde32e5704d9edd34c56340,OK
.git\objects\ee\f37b42e8a0e7179f8113bea01f4a71d668e8ef,C:\SNS_24AutoProject_250723\.git\objects\ee\f37b42e8a0e7179f8113bea01f4a71d668e8ef,705ce78e1b5bcf5d2f15460919a980dafb84a2eaed027d01dcb91b8b265f00dd,OK
.git\objects\ef\16e0e3f99c58ce3914836d4c58ba9c1f450b57,C:\SNS_24AutoProject_250723\.git\objects\ef\16e0e3f99c58ce3914836d4c58ba9c1f450b57,982389198bbc84fb5a75944d878a67c14c9cc511d42a8a7578af429997e1ce62,OK
.git\objects\ef\4e55f09353aedaef0ac995962d5bbf794f4fab,C:\SNS_24AutoProject_250723\.git\objects\ef\4e55f09353aedaef0ac995962d5bbf794f4fab,0206a426c879ba67721d7d329c4c58c14d1c26454d8db9928aba989d70907364,OK
.git\objects\ef\a73951df1237ac0e8f65c92d9f707355754e51,C:\SNS_24AutoProject_250723\.git\objects\ef\a73951df1237ac0e8f65c92d9f707355754e51,1bfdd4c32efbb6497d5d81c2656833c4aa03a552d023ee1d4e5f098324645aa8,OK
.git\objects\ef\f7f7aadfbd2ef289eab04af5e20827f81de464,C:\SNS_24AutoProject_250723\.git\objects\ef\f7f7aadfbd2ef289eab04af5e20827f81de464,5ee7fb1193d0805a6d3de3cfef90363c8f2a9cb4eaa8cc8928f8f72db168a4a0,OK
.git\objects\f0\0c303d0ed23579268c2a67da8af186fd2abe05,C:\SNS_24AutoProject_250723\.git\objects\f0\0c303d0ed23579268c2a67da8af186fd2abe05,c61bcd1657491ec51b424b61ce0680151178577b51c24e223a8d6944a9168a14,OK
.git\objects\f0\6bafe5b52a4ab930c2aad0c45d95d0b6d8104b,C:\SNS_24AutoProject_250723\.git\objects\f0\6bafe5b52a4ab930c2aad0c45d95d0b6d8104b,0ae165ab95df141d40d88055250158320ad36f66474f6a0722753a281a8b9852,OK
.git\objects\f0\7a48072555e982ac93377638c5688e151e48c8,C:\SNS_24AutoProject_250723\.git\objects\f0\7a48072555e982ac93377638c5688e151e48c8,e57a1996fa31694c130c8598987652af425e7de4336bf1d45124ccedfdf5ddf5,OK
.git\objects\f0\c5f4bf2dea543f2350b00321116bdc9d6d6975,C:\SNS_24AutoProject_250723\.git\objects\f0\c5f4bf2dea543f2350b00321116bdc9d6d6975,0b79bb6bb0b3de416486964ef0cff1ae90aeda75c4020b61a18f4c8ce3c39392,OK
.git\objects\f0\f3784dbd744491d6bacecae5604aa045bee150,C:\SNS_24AutoProject_250723\.git\objects\f0\f3784dbd744491d6bacecae5604aa045bee150,a2c3e908999f22cf262e94c14da3add0cfc127e69033f945df85d8d248355671,OK
.git\objects\f0\f4f3ea905ad43c082c074ef2bbbdcf1d47c0e0,C:\SNS_24AutoProject_250723\.git\objects\f0\f4f3ea905ad43c082c074ef2bbbdcf1d47c0e0,214a6f70828a4874dd5f981258cdc7c5ccfe920e2241f75ecbf4b848cde47f6b,OK
.git\objects\f1\35a7bd834c22ef0e1f787ef10ee5ef0219ab04,C:\SNS_24AutoProject_250723\.git\objects\f1\35a7bd834c22ef0e1f787ef10ee5ef0219ab04,5734b72f413130bc3980f9a355a95d830e176572fd281d39c0fce1b40fe7fdad,OK
.git\objects\f1\7dec580d802d074b1ee6e60d91b43a16ae1b6b,C:\SNS_24AutoProject_250723\.git\objects\f1\7dec580d802d074b1ee6e60d91b43a16ae1b6b,73a03269ceb1f3cc736910b5dbed351b9a29188964b9a5d0905f56a52b6be24f,OK
.git\objects\f1\9bd1ed28b33bebc799226d0b2d8af1bb1bfc28,C:\SNS_24AutoProject_250723\.git\objects\f1\9bd1ed28b33bebc799226d0b2d8af1bb1bfc28,fcb3c41e8adf80a4efb30b27f3d177fdb2f60ea19f18e412baf92d8ca606ed81,OK
.git\objects\f1\add5e1c7c222d0866733d126a2d69d28dd2daa,C:\SNS_24AutoProject_250723\.git\objects\f1\add5e1c7c222d0866733d126a2d69d28dd2daa,fb0ccbabb3cd33fdbab9020406dc9f5657fb9786a8c649c5de1d8414b7fc38dd,OK
.git\objects\f1\b82b4f9a546fd067cf043ba5d35da6fbe41fbe,C:\SNS_24AutoProject_250723\.git\objects\f1\b82b4f9a546fd067cf043ba5d35da6fbe41fbe,c15f0284a286178a1e3da032af458e439c7580e50e96767bec245693f40ffe58,OK
.git\objects\f1\c2b522d4e45a7403ba50af9ad07a148a36279a,C:\SNS_24AutoProject_250723\.git\objects\f1\c2b522d4e45a7403ba50af9ad07a148a36279a,90b9a36f18a975b19e1da2675b9436e91f6ac082cf21dd1dfb238f244c736c4c,OK
.git\objects\f1\c9838f5a1d675482f2d6e6efabe1ffe019024a,C:\SNS_24AutoProject_250723\.git\objects\f1\c9838f5a1d675482f2d6e6efabe1ffe019024a,3a43bfa71487d0383eec7113e4460174ac5c04d31a49951f0b28a479d11416fd,OK
.git\objects\f1\d029874b9e6d5660b4bf611e8d9a2ce0d126fe,C:\SNS_24AutoProject_250723\.git\objects\f1\d029874b9e6d5660b4bf611e8d9a2ce0d126fe,e3d9e01dfaa5026038714eb491e2ddb1f93ccb2f0825538d3c6914c97f09f00e,OK
.git\objects\f1\f1fa1e46a37331db3d5b605415fe31b383af57,C:\SNS_24AutoProject_250723\.git\objects\f1\f1fa1e46a37331db3d5b605415fe31b383af57,981f30697ca3f766856264ea8c2213a0f130e0adc9215386c96d2b7f0c52d7df,OK
.git\objects\f2\12fe2e7393385c0a56ad158e8aaa67b2a87d33,C:\SNS_24AutoProject_250723\.git\objects\f2\12fe2e7393385c0a56ad158e8aaa67b2a87d33,71b9b12ac5499f44fc7a1861967b73497e5f4bca0334a803cbfcd330886d99e4,OK
.git\objects\f2\4ef2e5912ef8e35e49a61539206cde6597123b,C:\SNS_24AutoProject_250723\.git\objects\f2\4ef2e5912ef8e35e49a61539206cde6597123b,4ccb9020c10ee34117b20d4aca751090c9bd154bda50e56f8fe593681fcf99cf,OK
.git\objects\f2\692e798284084dca32b2543164202278679b93,C:\SNS_24AutoProject_250723\.git\objects\f2\692e798284084dca32b2543164202278679b93,48a0ff1a1e7c1b3a5fc82cf3e5df4c540c33e460e1bdee197b0c7cabf75913a8,OK
.git\objects\f2\f98daf4c55e48932b426e561bbfd73404b98f4,C:\SNS_24AutoProject_250723\.git\objects\f2\f98daf4c55e48932b426e561bbfd73404b98f4,7a952f282edeed9bd44dea8dd6fd8b8ad1c47b9a7fcd3a42b22a6aa8e62c860e,OK
.git\objects\f2\ffd8ff0c8dd3812832fa3e3f475c2bba6b0c94,C:\SNS_24AutoProject_250723\.git\objects\f2\ffd8ff0c8dd3812832fa3e3f475c2bba6b0c94,fb7f28e659c51a7efb3266bb22563aaa293b2bcb97c3abd0ab0992028c75e5d7,OK
.git\objects\f3\11505da062502d42fd486ba6406c7c76d8790b,C:\SNS_24AutoProject_250723\.git\objects\f3\11505da062502d42fd486ba6406c7c76d8790b,f6f63a7467da489ea33621dd225001d2d2c13572b060a6aaf9559e76d98dcdd8,OK
.git\objects\f3\192156ff043a529461aa9004a8de9dda326f7d,C:\SNS_24AutoProject_250723\.git\objects\f3\192156ff043a529461aa9004a8de9dda326f7d,481284ade001eb0c1da05e800c8860d15c5ec89087e36d53f51dfaf993f7460c,OK
.git\objects\f3\ad588bc6a466ee88721a1e3460793f066132a3,C:\SNS_24AutoProject_250723\.git\objects\f3\ad588bc6a466ee88721a1e3460793f066132a3,385b476616a06f5c9deb8ef74ec27cc743f9eb58f2f3c37356c52716a67a9225,OK
.git\objects\f3\e185c3ab516065c52557aaceaaeacae1f8b221,C:\SNS_24AutoProject_250723\.git\objects\f3\e185c3ab516065c52557aaceaaeacae1f8b221,5dd260639606698f5faff6bb5b80fa219bd54771de5dbe9e5b402b06041f5f97,OK
.git\objects\f3\f384e40fd164594ad70a8c06f2625fe7654741,C:\SNS_24AutoProject_250723\.git\objects\f3\f384e40fd164594ad70a8c06f2625fe7654741,c92195732eca092115fb80d84e68b5ebde27ed07bedd22fc3c793ee836a9fdbf,OK
.git\objects\f3\fc8b73e7d2db64e9b24cbe4124c1584ec63b24,C:\SNS_24AutoProject_250723\.git\objects\f3\fc8b73e7d2db64e9b24cbe4124c1584ec63b24,5979596c4cd52cb4f54416880a0175abb2e9e4f4172e84465348eb71a9be72f4,OK
.git\objects\f4\1b894097a31f689f707436d098f178612dc4cd,C:\SNS_24AutoProject_250723\.git\objects\f4\1b894097a31f689f707436d098f178612dc4cd,184c2eeab920f6dc11c127aaca15e89902ff1cd3ea570bfeb3165ed0f491a8c4,OK
.git\objects\f4\2809414c741257e9e9fe32a837d1b282872fc7,C:\SNS_24AutoProject_250723\.git\objects\f4\2809414c741257e9e9fe32a837d1b282872fc7,9b29ea16a3229c5b1f132510c4be1b8e788374300e5cfd096ecf9a2670864258,OK
.git\objects\f4\5162b7b3d93f13493db5418a8e2c18bdfc3084,C:\SNS_24AutoProject_250723\.git\objects\f4\5162b7b3d93f13493db5418a8e2c18bdfc3084,ec2820f97f2b308aaa9939377d841e2ebade616396edf2c8504e34bc0827f145,OK
.git\objects\f4\7fd30398810eb70ba5cf0dcbfcd3bcd12c1f91,C:\SNS_24AutoProject_250723\.git\objects\f4\7fd30398810eb70ba5cf0dcbfcd3bcd12c1f91,7d24bd79f5a626a32efda4a74385a70721f8cba89f8ff58232659cf4a86980db,OK
.git\objects\f4\9c7b80fee38ea0ea0905ed40c66edd060cb062,C:\SNS_24AutoProject_250723\.git\objects\f4\9c7b80fee38ea0ea0905ed40c66edd060cb062,a313b521d956f70aa5a1728d11d697e4bd3176956a5bf12d14c1f50bc203a68b,OK
.git\objects\f4\b13f01007bbcc646fa660772722ac55d3a651a,C:\SNS_24AutoProject_250723\.git\objects\f4\b13f01007bbcc646fa660772722ac55d3a651a,5a644edda9bc1eed21fddf37cd14d384e66d4fe71f24fb243603d52bd62a56b4,OK
.git\objects\f4\b5f9d76a60cf55e7662f79d81886f2663270ac,C:\SNS_24AutoProject_250723\.git\objects\f4\b5f9d76a60cf55e7662f79d81886f2663270ac,74a20e69b30b4dea542f133c33b26f2e09f4efc6a1f9039a07a38197f3ba5b59,OK
.git\objects\f4\cfe320b5f148720f14b4df6125667e4038cf5c,C:\SNS_24AutoProject_250723\.git\objects\f4\cfe320b5f148720f14b4df6125667e4038cf5c,0a5d6ff3e607d26539de863a2fee3a6cb7b628d1a64b66037c0be3960be52041,OK
.git\objects\f4\d1bddf5cff91569058d8a3e7dad6d66dd2cc74,C:\SNS_24AutoProject_250723\.git\objects\f4\d1bddf5cff91569058d8a3e7dad6d66dd2cc74,1f160b96df7d449694415a07afccbc775b1663b3c3dd224b936e907c4227d815,OK
.git\objects\f4\d5d60b32dea093a904fe10b51f94ddec9cdb7c,C:\SNS_24AutoProject_250723\.git\objects\f4\d5d60b32dea093a904fe10b51f94ddec9cdb7c,99416a6fb1e90a976799b50c9aef8cf70296ddaf3207d29986be2e5578bafc51,OK
.git\objects\f4\eb199e6c74bcac5a66ada937eedbb60b405b33,C:\SNS_24AutoProject_250723\.git\objects\f4\eb199e6c74bcac5a66ada937eedbb60b405b33,f4a66a4b6f4c7019682b00f71a73f6224b9a88acd4723ad2d1fc5f4479e38754,OK
.git\objects\f4\eb8039b50c21c0977a38ee5f47c8f89307d482,C:\SNS_24AutoProject_250723\.git\objects\f4\eb8039b50c21c0977a38ee5f47c8f89307d482,083f5f09068fbdf5d102cf3b79dece5a572d68a7c59f2cb8b4fad98373e481ed,OK
.git\objects\f4\f8de84a34c111160422288e6954ecb3983dc04,C:\SNS_24AutoProject_250723\.git\objects\f4\f8de84a34c111160422288e6954ecb3983dc04,c42dfa070230abe2cf7964857dc499d5c0b0b799243966388bda30e86c9b68e3,OK
.git\objects\f5\01681cb4283b02e0ca6f4805084518280a8e7a,C:\SNS_24AutoProject_250723\.git\objects\f5\01681cb4283b02e0ca6f4805084518280a8e7a,c7559836f0e14d446df934d680e5c154f2cae40f638c629ff99b65fe66239dd2,OK
.git\objects\f5\072fb31f45e9eb6a30f95dfd4ac59dfef474aa,C:\SNS_24AutoProject_250723\.git\objects\f5\072fb31f45e9eb6a30f95dfd4ac59dfef474aa,3bfc5e5cfbc25c3aa7cbc366c5f282f8c7300ab585e9d3f3c20270a4c3dbbd0b,OK
.git\objects\f5\46c03f96b24859521aab5b9997bfc5dd124ead,C:\SNS_24AutoProject_250723\.git\objects\f5\46c03f96b24859521aab5b9997bfc5dd124ead,8c5e246dabc94469aa3a7fd2cbd16f974a12c3ab304ea34d986286360e9e0993,OK
.git\objects\f5\6bb4bd049bc59a112d199c37c1e59fbbedb043,C:\SNS_24AutoProject_250723\.git\objects\f5\6bb4bd049bc59a112d199c37c1e59fbbedb043,0809f7f8e614c364977121f2244578387a99b86a6a0673373154d1cf8e7dcff9,OK
.git\objects\f5\7799d0c3c30ef351271f7de291e3245b29af96,C:\SNS_24AutoProject_250723\.git\objects\f5\7799d0c3c30ef351271f7de291e3245b29af96,212b00b3ce9485552a8ed961c2422ec9d89be3979ddc1d0f8a3316dfec5e89b1,OK
.git\objects\f5\7d319a6f11bce33b9de5af180801778fda47a0,C:\SNS_24AutoProject_250723\.git\objects\f5\7d319a6f11bce33b9de5af180801778fda47a0,d305a1b0a9bdac1254549e9c1761828d5475c59c38cfc16fa1a44afeadb27f5e,OK
.git\objects\f5\a9e5c14be4bd38a04e6a089f5b63dd8567e751,C:\SNS_24AutoProject_250723\.git\objects\f5\a9e5c14be4bd38a04e6a089f5b63dd8567e751,1d30f8af631463e591b57ad07c25fe6ddc78e5180a966a850653505931bea527,OK
.git\objects\f5\b5e5dff995ecdbfad897d8bacacac466a32c51,C:\SNS_24AutoProject_250723\.git\objects\f5\b5e5dff995ecdbfad897d8bacacac466a32c51,3b90143994f50b3cd1fe5429a3c903a0c7d17a8d2da5577335c9d522b23685e8,OK
.git\objects\f5\cb217364971a5b76eceda0a176f8c5b8c307f5,C:\SNS_24AutoProject_250723\.git\objects\f5\cb217364971a5b76eceda0a176f8c5b8c307f5,ef5802481bc0b4bd88b15e2c7b6f00c8f23b985e5facb9d7f5124316806275fb,OK
.git\objects\f5\cff863d2c08cc41a8d7237983b8c0dbc4f3349,C:\SNS_24AutoProject_250723\.git\objects\f5\cff863d2c08cc41a8d7237983b8c0dbc4f3349,3e499d7ad69940b5299f8c04120068315d68637cceca75b8dab8ef6231882529,OK
.git\objects\f5\db633fcd56fa76c1435fbb9b8a93ef7a5edd5c,C:\SNS_24AutoProject_250723\.git\objects\f5\db633fcd56fa76c1435fbb9b8a93ef7a5edd5c,545413a95ffeb5f32db1604c68ab0b9b3a7beaf7075dd0bbe99796d12828295a,OK
.git\objects\f5\dedca59e2b220f7395c73f60ff26e610373e8b,C:\SNS_24AutoProject_250723\.git\objects\f5\dedca59e2b220f7395c73f60ff26e610373e8b,3042e635e7bb6110606d2fb81932e2b26ab186f2dde9fab91063b684e8ffe568,OK
.git\objects\f6\0b20f587d4988073803da1ba0b0a2e747c4e7e,C:\SNS_24AutoProject_250723\.git\objects\f6\0b20f587d4988073803da1ba0b0a2e747c4e7e,9867af9148872f51727faf46639010e44b974a7174459c3769a7f8ad1fb71b9c,OK
.git\objects\f6\423df08a4a393bebe2fa124b27e57621c95ec8,C:\SNS_24AutoProject_250723\.git\objects\f6\423df08a4a393bebe2fa124b27e57621c95ec8,3a0e9f7929391eb5f846356275d714b5486ee82202840875bd49295514af4af1,OK
.git\objects\f6\89b830c73648ce7fe61aff9be79e4bb78397be,C:\SNS_24AutoProject_250723\.git\objects\f6\89b830c73648ce7fe61aff9be79e4bb78397be,f4f63bfae838ace8dfe43563be82e4c80cd8b7a1dde379307243f4ba5b6b0bf5,OK
.git\objects\f6\9e1ca3ed6a0fbcda30f9061b6f57aed5a97c5d,C:\SNS_24AutoProject_250723\.git\objects\f6\9e1ca3ed6a0fbcda30f9061b6f57aed5a97c5d,8d0315d0e189b3f2b97285eacfc0d51f8b06a6d036a48864b61c7e77946307a0,OK
.git\objects\f6\a8f74e915505e3ab4702614b959cf569b7ceed,C:\SNS_24AutoProject_250723\.git\objects\f6\a8f74e915505e3ab4702614b959cf569b7ceed,296c95a69d638e57ddf442b7b895181ab30e123270ba8a8f800e15840350bbc8,OK
.git\objects\f6\c574d34446fd0efaec9eeba149dca769f6c9e3,C:\SNS_24AutoProject_250723\.git\objects\f6\c574d34446fd0efaec9eeba149dca769f6c9e3,0272cc75b0b8a1dd0731e3da4e17ef0930998029251200d1bc92b7de19c5bab8,OK
.git\objects\f6\f9dcd15be739817098dedd2ecd0f3d777203f9,C:\SNS_24AutoProject_250723\.git\objects\f6\f9dcd15be739817098dedd2ecd0f3d777203f9,27a832e085ee0702fb605820c217614843d291f6d39464783647a20275125e14,OK
.git\objects\f7\38dc6a997173464bf87cc2fd657ed644cc94ff,C:\SNS_24AutoProject_250723\.git\objects\f7\38dc6a997173464bf87cc2fd657ed644cc94ff,109f7ca25a7fc109b67cf304e9979dd178c05399644071838dbbb99e3b2f46c6,OK
.git\objects\f7\6972f8849a7d6ed8c3e2649b02f44de891094f,C:\SNS_24AutoProject_250723\.git\objects\f7\6972f8849a7d6ed8c3e2649b02f44de891094f,a37961e25ce0c87a7b5e1e24cec0ee07ea27183fbb38fe794030d1992f465a92,OK
.git\objects\f7\80ea990ff22675b5cc4e4dbe2c8690ae4e41b4,C:\SNS_24AutoProject_250723\.git\objects\f7\80ea990ff22675b5cc4e4dbe2c8690ae4e41b4,681cf25efa9604832506b29e4cf9cf3c91e5600d0619f683002802e920b9f623,OK
.git\objects\f7\8be6ed5f2b36a3f259f88bb300317e71c4d123,C:\SNS_24AutoProject_250723\.git\objects\f7\8be6ed5f2b36a3f259f88bb300317e71c4d123,b422aad095336b9dfaec46fa47de13648ae8d1f154591f6a4367162862c5aaf3,OK
.git\objects\f7\f10ab7665e94ca44fd8cd98a362cd4b304eff1,C:\SNS_24AutoProject_250723\.git\objects\f7\f10ab7665e94ca44fd8cd98a362cd4b304eff1,e54c3a2a336ef53889954e9ca1b20e8e695f36e36c943fd361e542d0f2390fc1,OK
.git\objects\f8\14885ba08f9d63776f67704775c951c89dd9c2,C:\SNS_24AutoProject_250723\.git\objects\f8\14885ba08f9d63776f67704775c951c89dd9c2,ff25340af68b00000e73805063853765cc17712a9b5728823129c336598506c3,OK
.git\objects\f8\1e44f8303cbe2f37348f7059daad2cf65f0ce8,C:\SNS_24AutoProject_250723\.git\objects\f8\1e44f8303cbe2f37348f7059daad2cf65f0ce8,1835d8bd57da4fc7dcd68b9f7127d2583b47ca4eab6e0a631625d33b121b2c1f,OK
.git\objects\f8\2207f974e72efa7d7897b66fa4f1b303fb290f,C:\SNS_24AutoProject_250723\.git\objects\f8\2207f974e72efa7d7897b66fa4f1b303fb290f,da241d92bf31483be38ac42152c19ddf17f6f92d85cf342d7b7a16b4295942f7,OK
.git\objects\f8\2f8e70957f32e00823446c96ae0bbb08f342a5,C:\SNS_24AutoProject_250723\.git\objects\f8\2f8e70957f32e00823446c96ae0bbb08f342a5,c4fb1665c39cc096f504662bb810960fea9cee60b3e4e2afb35daa4f3f0fdf6d,OK
.git\objects\f8\672515a8f5be278dce5bd5d001d001c277c327,C:\SNS_24AutoProject_250723\.git\objects\f8\672515a8f5be278dce5bd5d001d001c277c327,f6511396f6edbbffc0fa95860dabf0a7ae02a7311c507764892cea4ace170842,OK
.git\objects\f8\95cda1facd363d4069113d3cd955f70bcf783d,C:\SNS_24AutoProject_250723\.git\objects\f8\95cda1facd363d4069113d3cd955f70bcf783d,8b2f6519179bfffd78c221512cd27b64e9ce108832a48a2f37491d8ff1495ee8,OK
.git\objects\f8\b0f36b49aa69e7be4dccd947a1a2afcc448575,C:\SNS_24AutoProject_250723\.git\objects\f8\b0f36b49aa69e7be4dccd947a1a2afcc448575,cb4a8f343f74a31b7275ce9f9f1d7935f32ac01c474d4dbe76dce936125185cc,OK
.git\objects\f8\bc6bd507b95486a868129b379a8acc201276a9,C:\SNS_24AutoProject_250723\.git\objects\f8\bc6bd507b95486a868129b379a8acc201276a9,25be7619370f848d5fa9a3577163771dd3eb7084432c4c9d6a1745c5241dd02b,OK
.git\objects\f8\d787c5ed44448343e7dcb3319a1ca85f7f4958,C:\SNS_24AutoProject_250723\.git\objects\f8\d787c5ed44448343e7dcb3319a1ca85f7f4958,2ad511035761c578f84440a86c8dd7539c41da6bade8d5825c901cbc1f2c20e3,OK
.git\objects\f8\ddbdf215d34b022af11c3d1930dd6ea4dca87e,C:\SNS_24AutoProject_250723\.git\objects\f8\ddbdf215d34b022af11c3d1930dd6ea4dca87e,59fb73d9337aba0208387497a189a10518a14ff452012fa091bad099f6237c5f,OK
.git\objects\f8\e3b71e855b87f228ee3a2e5d36be1a2489c7d1,C:\SNS_24AutoProject_250723\.git\objects\f8\e3b71e855b87f228ee3a2e5d36be1a2489c7d1,f903e805c71de4061a6de09b9e77af51b773d1691ae589ec96eb0bb11e259141,OK
.git\objects\f9\1717fb944a951aedcf00200f3ff6697bbfd2a4,C:\SNS_24AutoProject_250723\.git\objects\f9\1717fb944a951aedcf00200f3ff6697bbfd2a4,022999f149bb5d0aa1aed50462ef378e98946b2c5a28d13f8eff4020fbcfec25,OK
.git\objects\f9\2958a67d55a04e9bb66c4cf5aeefdf7aa2650d,C:\SNS_24AutoProject_250723\.git\objects\f9\2958a67d55a04e9bb66c4cf5aeefdf7aa2650d,3daff3a40a220790c6dc99e3e870f58db5ffc930d23f92c5d639eaa7a28b6e3f,OK
.git\objects\f9\4ca860ce04d907c0fd1125361b962509d86011,C:\SNS_24AutoProject_250723\.git\objects\f9\4ca860ce04d907c0fd1125361b962509d86011,3b413dbaf0fbba0bd86310eec6be5edb3538b1138c6170edac15c9b885eddaea,OK
.git\objects\f9\54511a2ffa29092ce207f3b610cdcd076b669c,C:\SNS_24AutoProject_250723\.git\objects\f9\54511a2ffa29092ce207f3b610cdcd076b669c,035be365c89bbf36db336e91181de3aeed12147b60d9ab52600a49e667918f8e,OK
.git\objects\f9\c546534833ab301a8d526d810f2d8cc2636ba0,C:\SNS_24AutoProject_250723\.git\objects\f9\c546534833ab301a8d526d810f2d8cc2636ba0,153ca88bcc65cd1785cb1814a79607608b72f6103370e6b7ab292a74edfa3760,OK
.git\objects\f9\db036a165bd4628dd953d282e5f97c990f412b,C:\SNS_24AutoProject_250723\.git\objects\f9\db036a165bd4628dd953d282e5f97c990f412b,ee84c89f784dff8c0ea7d7532c0d20ac307ad3a27465e551c03440884c66a4b4,OK
.git\objects\f9\ef68b4875214ebab9a99ad8ad2587df761504c,C:\SNS_24AutoProject_250723\.git\objects\f9\ef68b4875214ebab9a99ad8ad2587df761504c,1110646ee46ad5f48d7993ab7027138783a77f5ad766f8fb575ef78abac29a04,OK
.git\objects\f9\f7b134dd5c35e4718c6fa3697024cb95442c53,C:\SNS_24AutoProject_250723\.git\objects\f9\f7b134dd5c35e4718c6fa3697024cb95442c53,ae401523bb64c5092f19d23a2afb39dc721c3aef838e9b5ec0c8fa73a57d9ee1,OK
.git\objects\fa\37d8d3451bde37cf8038229388d67c76d22783,C:\SNS_24AutoProject_250723\.git\objects\fa\37d8d3451bde37cf8038229388d67c76d22783,86b203cd659149f624b7277291d83d95e6d7b03cddacdead439bc9235516ee44,OK
.git\objects\fa\470473252588d4bb29a3d490f2b24e16f481df,C:\SNS_24AutoProject_250723\.git\objects\fa\470473252588d4bb29a3d490f2b24e16f481df,5d8a547a52bc6b5c196f19dc2c3a8de95da4a2744045add152b953a4aa5685f7,OK
.git\objects\fa\799db39e7625dd74bd9caa5c29b4819a7cbd3f,C:\SNS_24AutoProject_250723\.git\objects\fa\799db39e7625dd74bd9caa5c29b4819a7cbd3f,7ef51896554424f7094f762676c59bb7e49af1a0825c8b6063f1ccebb8616f60,OK
.git\objects\fa\7b3b73acefdbfa3e1b65d30a15b72be8f93d30,C:\SNS_24AutoProject_250723\.git\objects\fa\7b3b73acefdbfa3e1b65d30a15b72be8f93d30,f84ed79bf5e8324ff74f5e68556d07e8d5d31deb637f15c0a04eb53ee5953319,OK
.git\objects\fa\9d682b34296064807ce16b749cf061d92642f6,C:\SNS_24AutoProject_250723\.git\objects\fa\9d682b34296064807ce16b749cf061d92642f6,dad4d54991d64c270c60c71c527cc50dde954a672869ff3553418c5d269b016a,OK
.git\objects\fb\266ede2279b6aff913538d9d5aae3935e53aeb,C:\SNS_24AutoProject_250723\.git\objects\fb\266ede2279b6aff913538d9d5aae3935e53aeb,b846c431f0be99955303a5eb9011429d78ba513e78ce0b94d93607672f027ea1,OK
.git\objects\fb\28f84181c1b2fa20ceda36b6c3ac4f2b3ccaab,C:\SNS_24AutoProject_250723\.git\objects\fb\28f84181c1b2fa20ceda36b6c3ac4f2b3ccaab,45f668230221f0381e5fb62d930268f360204302bf30445a80a97b128bf4065c,OK
.git\objects\fb\4e9594d5b3337da834fb26128bbb381195260b,C:\SNS_24AutoProject_250723\.git\objects\fb\4e9594d5b3337da834fb26128bbb381195260b,ec50afd0945f79192e8548a9af2c237a6a208d248c7e837fffc753828525021b,OK
.git\objects\fb\d2a941fda996f4abc1f0e09cdf99c271f5a1e2,C:\SNS_24AutoProject_250723\.git\objects\fb\d2a941fda996f4abc1f0e09cdf99c271f5a1e2,c41252fc4f775870d780327e560b1e14d525966d32067ac54c6be78ec11f2624,OK
.git\objects\fb\d9db12b9739a557d0137c0f31196d7763972e5,C:\SNS_24AutoProject_250723\.git\objects\fb\d9db12b9739a557d0137c0f31196d7763972e5,1666b3a1feeba08d3da45d897a7267bce8f07f0da3d8ae7ca3256ecbe5b457e0,OK
.git\objects\fc\b295f12b8b7f139376ce2ab3e1dbda08924666,C:\SNS_24AutoProject_250723\.git\objects\fc\b295f12b8b7f139376ce2ab3e1dbda08924666,f70e8f90d78f1d91494624df2a05ea67cb079940aad251d10d039b8b9126861d,OK
.git\objects\fc\b90ca6229e1316c38df7ab8598ab5364b5fd7e,C:\SNS_24AutoProject_250723\.git\objects\fc\b90ca6229e1316c38df7ab8598ab5364b5fd7e,4daff88c125bcfed244be01cfb35e3806bb057e94e5e5175d5d5c08b2521bc5e,OK
.git\objects\fc\ef6d9acb247deb539fcc4b30149802572ea642,C:\SNS_24AutoProject_250723\.git\objects\fc\ef6d9acb247deb539fcc4b30149802572ea642,d678fd218f8ad27587a34e2d4140f810bebeeeffc8343d84a43b71c970d9de7d,OK
.git\objects\fc\f40d319412a305b8b800a2436a6bf4a3082ac5,C:\SNS_24AutoProject_250723\.git\objects\fc\f40d319412a305b8b800a2436a6bf4a3082ac5,870533ae07a486f6abbe397da138ccbb60b597c18f0ff95383d9a83201176831,OK
.git\objects\fc\f677fb99da618d4673b8b5a1105362055edffe,C:\SNS_24AutoProject_250723\.git\objects\fc\f677fb99da618d4673b8b5a1105362055edffe,60237b03c81fb8f0207f8a4a981c8408cd35a7333b176d077ddb73baba51a3e0,OK
.git\objects\fc\f9eb90374452bbd931c1be29249310acca1b3f,C:\SNS_24AutoProject_250723\.git\objects\fc\f9eb90374452bbd931c1be29249310acca1b3f,eb57fe232a7bbfdc702175cfdaf8deb0fc6e95aa94caadbb2748159e51fdf584,OK
.git\objects\fd\0fad015c04b434ff6a7386cfb25941852bab2f,C:\SNS_24AutoProject_250723\.git\objects\fd\0fad015c04b434ff6a7386cfb25941852bab2f,4182106db132ebc5fb8d7a0dbc68fc167cdc8eb1c3c831d9734346bde23a2bbd,OK
.git\objects\fd\7e216d53152aff142d08b6d87df752aa0c4d48,C:\SNS_24AutoProject_250723\.git\objects\fd\7e216d53152aff142d08b6d87df752aa0c4d48,48ac6ac965c4ee6f86b34c0d4bff6ee2ef55ca671bddc40471fc5739c2cfeee4,OK
.git\objects\fd\8242b787023397fa7ab0a4b2c595453164be94,C:\SNS_24AutoProject_250723\.git\objects\fd\8242b787023397fa7ab0a4b2c595453164be94,b916d809ae8f520fb686b626dff4b58dbe43731cb6ee945fe1794ff695ada68b,OK
.git\objects\fd\b345de9339fb26f3247fad7edbbbec173724ff,C:\SNS_24AutoProject_250723\.git\objects\fd\b345de9339fb26f3247fad7edbbbec173724ff,205c91514e88a6ee51593d04f9bc638f6ad31c04d187158d51d43b888772d71f,OK
.git\objects\fd\cc1b17ce2118543266526c129d3a0a718eae63,C:\SNS_24AutoProject_250723\.git\objects\fd\cc1b17ce2118543266526c129d3a0a718eae63,ab9dd8c249153c018ceccb14aead8e06f16134d6062a93a62d226c46fad99454,OK
.git\objects\fd\d895685ce8811977be7cb65309f36c9bdf52a9,C:\SNS_24AutoProject_250723\.git\objects\fd\d895685ce8811977be7cb65309f36c9bdf52a9,143b66c9f470107ddc298d05d7dce24eca8b86c97375cfd9c36440d24d14ede3,OK
.git\objects\fd\faaf82d5ae735250bb4f94decb8bd4d2330f7e,C:\SNS_24AutoProject_250723\.git\objects\fd\faaf82d5ae735250bb4f94decb8bd4d2330f7e,0c67f48015926a69aa0c5a51931a876e47ad49eee86f468b6bb889e738c86caa,OK
.git\objects\fe\8d3c099543894268dfb7b47d5524c806a65af5,C:\SNS_24AutoProject_250723\.git\objects\fe\8d3c099543894268dfb7b47d5524c806a65af5,9b73ca909bf7292ebd2903077d9605f0e5548fec34fab8d4e4a8241a9e3b2ef2,OK
.git\objects\fe\fc7feb03978856b5b9d4ad043e88cde3cdacbc,C:\SNS_24AutoProject_250723\.git\objects\fe\fc7feb03978856b5b9d4ad043e88cde3cdacbc,d2583f8ff2a215ed6e85865a25b5c9b572a5a0687f401cb571880dfcbb83c9d8,OK
.git\objects\ff\0304bb8a034030a9a2ecfcf06b4deb2cf254a8,C:\SNS_24AutoProject_250723\.git\objects\ff\0304bb8a034030a9a2ecfcf06b4deb2cf254a8,123851a7e14bea491d22045a3587c2823cb92ff91286d184515892467d3604e2,OK
.git\objects\ff\048061f70abda097606b6247e32234d4eacf29,C:\SNS_24AutoProject_250723\.git\objects\ff\048061f70abda097606b6247e32234d4eacf29,4d3f1b70f8de8ed9cbc9a791bc1cf9e2516b691403f592fb8b805219e4f2b64a,OK
.git\objects\ff\06a58be7b9ff80cee9b8eb45d5e9a28cf67d1b,C:\SNS_24AutoProject_250723\.git\objects\ff\06a58be7b9ff80cee9b8eb45d5e9a28cf67d1b,84e8710b8df0306585fd268687ce7ec938a861140ef204c5ed5e4570647ae380,OK
.git\objects\ff\3c05ee5319a981413c36cc1b6750407f3a7253,C:\SNS_24AutoProject_250723\.git\objects\ff\3c05ee5319a981413c36cc1b6750407f3a7253,d680cce85cef64e516ea13d0571051dfa6f7cbfda5533ec848556409499ed4f8,OK
.git\objects\ff\68dd56dc603a6cd7321ba812d136185373c7ab,C:\SNS_24AutoProject_250723\.git\objects\ff\68dd56dc603a6cd7321ba812d136185373c7ab,e4bada008b6c19187696c31bd1369534699b2e46cd83df8a6a292068911a808b,OK
.git\objects\ff\9313a88219d1f35ea4d3df681a63c28f453765,C:\SNS_24AutoProject_250723\.git\objects\ff\9313a88219d1f35ea4d3df681a63c28f453765,e8ea8f3fbbab233d1e6b5d8281161d61294076d3bd80f86849e5c66736be4c68,OK
.git\refs\heads\main,C:\SNS_24AutoProject_250723\.git\refs\heads\main,a9eaef9bdfd0c72b94fd0b5e23fd63a9a8a5771b678de1ba05bf9290f7d3fd99,OK
.git\refs\remotes\origin\main,C:\SNS_24AutoProject_250723\.git\refs\remotes\origin\main,8d88439065a1a01d7d2142a2df03bbd3a8f3c2c5019ef3d796172fbabe16a589,OK
.pytest_cache\.gitignore,C:\SNS_24AutoProject_250723\.pytest_cache\.gitignore,e7c6bb30148cf667606dcd63e7ca77acaa3cfb0c8303bf09e6419e1e1669dc6d,OK
.pytest_cache\CACHEDIR.TAG,C:\SNS_24AutoProject_250723\.pytest_cache\CACHEDIR.TAG,37dc88ef9a0abeddbe81053a6dd8fdfb13afb613045ea1eb4a5c815a74a3bde4,OK
.pytest_cache\README.md,C:\SNS_24AutoProject_250723\.pytest_cache\README.md,420e808d79a6c25d3cda0af33bc4782314a14949866682c68ce8149e89b66b70,OK
.pytest_cache\v\cache\lastfailed,C:\SNS_24AutoProject_250723\.pytest_cache\v\cache\lastfailed,44136fa355b3678a1146ad16f7e8649e94fb4fc21fe77e8310c060f61caaff8a,OK
.pytest_cache\v\cache\nodeids,C:\SNS_24AutoProject_250723\.pytest_cache\v\cache\nodeids,61dd5cd6b8365e669cddfb67091ab0a9cb7ebb75b923687b12b2e379c80fc150,OK
backup\SNS_24AutoProject_FINAL_20250516_1002\modules_unused\https_debugger.py,C:\SNS_24AutoProject_250723\backup\SNS_24AutoProject_FINAL_20250516_1002\modules_unused\https_debugger.py,aabeead7e83f42004e7c098d03b1058d56d819e68e2d0f4e80f61a935f307967,OK
backup\SNS_24AutoProject_FINAL_20250516_1002\modules_unused\webhook_sender.py,C:\SNS_24AutoProject_250723\backup\SNS_24AutoProject_FINAL_20250516_1002\modules_unused\webhook_sender.py,343ab40f3ecf60415d0e891973703871948b091c2b7bc773505a3445c393ab8a,OK
configs\recovery_config.py,C:\SNS_24AutoProject_250723\configs\recovery_config.py,af172ea90703771f3a563f34201349f0df7ff55ec9752777e04d28075a99204f,OK
configs\settings.py,C:\SNS_24AutoProject_250723\configs\settings.py,5072fc6d7c200951d88c25ea0305dcb504c09926ddd2e67e4607bdaadfce14f6,OK
core\big5freq.cpython-312.py,C:\SNS_24AutoProject_250723\core\big5freq.cpython-312.py,1df8c718faefbce0cf108c2675ccb88757c4fa3af17868f872d2845fa571e33a,OK
core\big5prober.cpython-312.py,C:\SNS_24AutoProject_250723\core\big5prober.cpython-312.py,97345517a857fba8ebb347e68b317b8ef63d82c7c7dcdeeb252c8d31b5b30697,OK
core\chardetect.cpython-312.py,C:\SNS_24AutoProject_250723\core\chardetect.cpython-312.py,b38b864486e3db0f2b6af32b167626ba9d94d38370f9d301679de7f2cb0345e7,OK
core\chardistribution.cpython-312.py,C:\SNS_24AutoProject_250723\core\chardistribution.cpython-312.py,979f70c106e5060cfc04ebd68209b6e0c49452a5b9417fd7ac45f79294da6c9e,OK
core\charsetgroupprober.cpython-312.py,C:\SNS_24AutoProject_250723\core\charsetgroupprober.cpython-312.py,3949731524b6906abb7eaa790c10a9f0810b198a2e519aedfcf29c7973ae970c,OK
core\charsetprober.cpython-312.py,C:\SNS_24AutoProject_250723\core\charsetprober.cpython-312.py,9e85ac5c6d5bfb95934b0e196e8bcfa07b5b5b233b2252d9cb53262d2b584591,OK
core\codingstatemachine.cpython-312.py,C:\SNS_24AutoProject_250723\core\codingstatemachine.cpython-312.py,ac64abb473e3417b7a88a8ceb225a2d24a7b35e269c6d82815ccf57d0673a253,OK
core\codingstatemachinedict.cpython-312.py,C:\SNS_24AutoProject_250723\core\codingstatemachinedict.cpython-312.py,c9b30cac39c7f41f72b424f3e63f93dedd1c6125a96fee57e94d9f54151dc213,OK
core\cp949prober.cpython-312.py,C:\SNS_24AutoProject_250723\core\cp949prober.cpython-312.py,28aaab135666afb79ef9c78142ae2cdbd0de54b05771ebaaa77bc6bdc8201f06,OK
core\css.cpython-312.py,C:\SNS_24AutoProject_250723\core\css.cpython-312.py,ce6eb614c900c3a8e4ddf3b13a62785fe46d70fdacff9577aa8b905c5d3d0714,OK
core\dammit.cpython-312.py,C:\SNS_24AutoProject_250723\core\dammit.cpython-312.py,4c550a2d3d0488bf9d5f78f169efc8cbdbf9e62cedb15383b6e6c7a9a1722819,OK
core\db.py,C:\SNS_24AutoProject_250723\core\db.py,cffb3440614267240bef5e9dcbfe59a07fae2a68e82da713d0d42e4547dd0eb8,OK
core\diagnose.cpython-312.py,C:\SNS_24AutoProject_250723\core\diagnose.cpython-312.py,0720ae6ebbbadab7fd2c859e9f70276ab823c1b81a6d05e6d0c325b8fc0bdeae,OK
core\element.cpython-312.py,C:\SNS_24AutoProject_250723\core\element.cpython-312.py,677002cf85fdbdaa076503150ca4a698d4d59bf46d70ded1f3d160aa469d7524,OK
core\enums.cpython-312.py,C:\SNS_24AutoProject_250723\core\enums.cpython-312.py,275a7a770c232a2fb320fd5036d852c2691509f3d91011a3cc76c42da4bb22ce,OK
core\escprober.cpython-312.py,C:\SNS_24AutoProject_250723\core\escprober.cpython-312.py,d662242facb71dad3c75a90e58d41dba8ce39e5a7cc8a72e30ea0a57e8778b4b,OK
core\escsm.cpython-312.py,C:\SNS_24AutoProject_250723\core\escsm.cpython-312.py,618bdc8934adc6edbd887cdab9a60d9c1521ad4862d1bd55563982b381e6d9c9,OK
core\eucjpprober.cpython-312.py,C:\SNS_24AutoProject_250723\core\eucjpprober.cpython-312.py,f573112016021b0b9871352139001ec88fd46ca02c9922970b2554f604867bea,OK
core\euckrfreq.cpython-312.py,C:\SNS_24AutoProject_250723\core\euckrfreq.cpython-312.py,d9878ebb9d6994d8422d43eb68765ea5c269f31a9a16b6f0050753c9bc952346,OK
core\euckrprober.cpython-312.py,C:\SNS_24AutoProject_250723\core\euckrprober.cpython-312.py,cc9c143a4f400ac8730013153245eaf87ed9042cda42ee8a0bd74c9bef783db9,OK
core\euctwfreq.cpython-312.py,C:\SNS_24AutoProject_250723\core\euctwfreq.cpython-312.py,8435371f5aa923db2de3187ed0377ac5eadd0ad5c63eea0c00e34f3e8777da58,OK
core\euctwprober.cpython-312.py,C:\SNS_24AutoProject_250723\core\euctwprober.cpython-312.py,b80f8ea0272cf866de396eac94b68b1d5aa90ba50e6c589456f0ba06f863ca69,OK
core\exceptions.cpython-312.py,C:\SNS_24AutoProject_250723\core\exceptions.cpython-312.py,ddeed75066939b7b3d281d681d9ed6afd2d1e1b0a356656d48aad79547461716,OK
core\filter.cpython-312.py,C:\SNS_24AutoProject_250723\core\filter.cpython-312.py,13e3ea4e29aa9980a89701eb1a8d981101c0b06fe6721daf39211c6eb53ae354,OK
core\formatter.cpython-312.py,C:\SNS_24AutoProject_250723\core\formatter.cpython-312.py,a9d77082821cbd09a6bd2ffe2e8028107fd110552a67268d2b25c958af8443c3,OK
core\gb2312freq.cpython-312.py,C:\SNS_24AutoProject_250723\core\gb2312freq.cpython-312.py,0badc4b7b0830bedad136c42dd4003125bb922e144b08b78e03d9b6ed2cfc2c7,OK
core\gb2312prober.cpython-312.py,C:\SNS_24AutoProject_250723\core\gb2312prober.cpython-312.py,6536f7d1b91002de7625d1e12c3ca169cee029f593b2366dee46eec1e6f8f643,OK
core\hebrewprober.cpython-312.py,C:\SNS_24AutoProject_250723\core\hebrewprober.cpython-312.py,6e4d743ef6780a82afdbdb343c4ff99dc7d253dd1c121dbb5cac15efeccf1b89,OK
core\jisfreq.cpython-312.py,C:\SNS_24AutoProject_250723\core\jisfreq.cpython-312.py,7f61345d723bb986c022b7222648127345493a083a9371f3e3aac593d93e5988,OK
core\johabfreq.cpython-312.py,C:\SNS_24AutoProject_250723\core\johabfreq.cpython-312.py,9beff761570a37646d545098a33cd04bc7b33862615a8dda679aa037001b676d,OK
core\johabprober.cpython-312.py,C:\SNS_24AutoProject_250723\core\johabprober.cpython-312.py,f22fecf1c78d3753f8a2193daf2891539229328a0e3e6407e9412018aac014d6,OK
core\jpcntx.cpython-312.py,C:\SNS_24AutoProject_250723\core\jpcntx.cpython-312.py,799b5ffdd9f5f014b01a3e2b840ad1b4ea3a245c35b8fb4fb5eb5e19e0eadf34,OK
core\langbulgarianmodel.cpython-312.py,C:\SNS_24AutoProject_250723\core\langbulgarianmodel.cpython-312.py,30899f3becc6ea94d7a7359e273867ade85da791dea1e0e665fca0a966ecd8be,OK
core\langgreekmodel.cpython-312.py,C:\SNS_24AutoProject_250723\core\langgreekmodel.cpython-312.py,9add1a0c4215825db6c2da309a186a678e8e9eb279fb98500ac9403561e01b77,OK
core\langhebrewmodel.cpython-312.py,C:\SNS_24AutoProject_250723\core\langhebrewmodel.cpython-312.py,91f2dbda365ea8a05046561416f72182df3b6de0688974e51f2e564c856fd2b0,OK
core\langhungarianmodel.cpython-312.py,C:\SNS_24AutoProject_250723\core\langhungarianmodel.cpython-312.py,82a8e9a54b901a27586b9e2683ce2a6c93c83cefc55fc749bf139b0b1761b229,OK
core\langrussianmodel.cpython-312.py,C:\SNS_24AutoProject_250723\core\langrussianmodel.cpython-312.py,4a5b2deafa88b9afd194251b83bb2ae9ecb6b9a8a49609fcd845dacdc2a3a02c,OK
core\langthaimodel.cpython-312.py,C:\SNS_24AutoProject_250723\core\langthaimodel.cpython-312.py,c65582837e3365d4057b4e16faa8ab7b6b4c6360bb453bec413da88fdf961b26,OK
core\langturkishmodel.cpython-312.py,C:\SNS_24AutoProject_250723\core\langturkishmodel.cpython-312.py,1f9964f392cf4ed96ebd0b0fc3bc47f87ec0adad1dcf3f5a9bd52b3d81095e0f,OK
core\languages.cpython-312.py,C:\SNS_24AutoProject_250723\core\languages.cpython-312.py,c80e462f8bb0c63bf52a4ecf4dd75f3b1c8ef02ab61ce2edf60d565d91ae9734,OK
core\latin1prober.cpython-312.py,C:\SNS_24AutoProject_250723\core\latin1prober.cpython-312.py,14f8976b7475d6952bcfd377ea5ace06f30d9faa5e914f105a282bc562e660d3,OK
core\macromanprober.cpython-312.py,C:\SNS_24AutoProject_250723\core\macromanprober.cpython-312.py,922deca87da94f839a827999dce50538e41af124dae2bf412d6ae69992c11145,OK
core\main_features.py,C:\SNS_24AutoProject_250723\core\main_features.py,e3b0c44298fc1c149afbf4c8996fb92427ae41e4649b934ca495991b7852b855,OK
core\mbcharsetprober.cpython-312.py,C:\SNS_24AutoProject_250723\core\mbcharsetprober.cpython-312.py,542c11f5f21c89c7781a8e8b20329d03b8a6ea0a69efe19996518343665f46b7,OK
core\mbcsgroupprober.cpython-312.py,C:\SNS_24AutoProject_250723\core\mbcsgroupprober.cpython-312.py,d008eb24da96842e7cb76a4022f0e5a5fdc3d75a19e85e2fc441600f875bc36f,OK
core\mbcssm.cpython-312.py,C:\SNS_24AutoProject_250723\core\mbcssm.cpython-312.py,a078841eca76358992decfc33d793e9467463f2c51c8dc33bf48fd527c10216b,OK
core\resultdict.cpython-312.py,C:\SNS_24AutoProject_250723\core\resultdict.cpython-312.py,e80b5d06ba94d5604b95545fc15718e576cd316b8c227145863ed119ef5091f2,OK
core\run_engine.py,C:\SNS_24AutoProject_250723\core\run_engine.py,ba2509d7f5c6b0bdbc5aff64804d433239d2105aacf16c7540c1759678b47593,OK
core\sbcharsetprober.cpython-312.py,C:\SNS_24AutoProject_250723\core\sbcharsetprober.cpython-312.py,11cc51fbe076f049b5f2b40ead29582e7d5fefaaa077e3760a952210a9437c9a,OK
core\sbcsgroupprober.cpython-312.py,C:\SNS_24AutoProject_250723\core\sbcsgroupprober.cpython-312.py,7a0d7e5fcbc3540940363eb9cae1689248d6c356c054da34847409c1fa0acd83,OK
core\sjisprober.cpython-312.py,C:\SNS_24AutoProject_250723\core\sjisprober.cpython-312.py,13f7eb6ef9b1bb4dcf277bc32ceeb909e4751e8a7b79d1a6d877b58f6c5443b5,OK
core\task_router.py,C:\SNS_24AutoProject_250723\core\task_router.py,8f4d4c9d035e44c397a1d5d33a249e0a826f11e56e1f57ec91b0a6c34dc18c30,OK
core\universaldetector.cpython-312.py,C:\SNS_24AutoProject_250723\core\universaldetector.cpython-312.py,2630c06216bc4300b3cf510bfbd6b6c7d31e50dbd35c14a0f30b010f487f25aa,OK
core\utf1632prober.cpython-312.py,C:\SNS_24AutoProject_250723\core\utf1632prober.cpython-312.py,ee9fcbdf4a12e4a3d781958eb8a117d5a2d18c038c625db5402f060a0a8edf84,OK
core\utf8prober.cpython-312.py,C:\SNS_24AutoProject_250723\core\utf8prober.cpython-312.py,a6a8b0e5553858946a64a1832e73942722be5d5ee86c57469d24e9992713c3bc,OK
core\version.cpython-312.py,C:\SNS_24AutoProject_250723\core\version.cpython-312.py,dd228be7eb729d454b664bcd8e8bc4e33c7652f099e25531682c61344b0439d4,OK
core\_deprecation.cpython-312.py,C:\SNS_24AutoProject_250723\core\_deprecation.cpython-312.py,68ca5c7152539675abbd049139511ec6d8b07113afca8e8dd782b10c6ac8131c,OK
core\_html5lib.cpython-312.py,C:\SNS_24AutoProject_250723\core\_html5lib.cpython-312.py,f1a586ce08f7535050c909be01c0ddfe5c2abfa41fd16d5889a8fd6d0e55fb1c,OK
core\_htmlparser.cpython-312.py,C:\SNS_24AutoProject_250723\core\_htmlparser.cpython-312.py,2fa0199b8ba9cef9441311918fdd440e358320af345ec51c58a9d34c70509c61,OK
core\_lxml.cpython-312.py,C:\SNS_24AutoProject_250723\core\_lxml.cpython-312.py,5e81ecd7bf22eae888aaeec1fa1f1d78986fb7980a170169a8494c63efebd1d5,OK
core\_typing.cpython-312.py,C:\SNS_24AutoProject_250723\core\_typing.cpython-312.py,e6dee55ad13e25d0fbdd5ddc77e9c047d8c23526e7d6efd360ebb325610e163a,OK
core\_warnings.cpython-312.py,C:\SNS_24AutoProject_250723\core\_warnings.cpython-312.py,4566dd7833d6df07d03b0245f492e61c32ef6ee889f6c6c02580b89a232b900b,OK
core\__init__.cpython-312.py,C:\SNS_24AutoProject_250723\core\__init__.cpython-312.py,951d8eaa8596ff144f5c25e9b602d1bbfa41f0ba9e201602874f470673c163bb,OK
core\.pytest_cache\.gitignore,C:\SNS_24AutoProject_250723\core\.pytest_cache\.gitignore,e7c6bb30148cf667606dcd63e7ca77acaa3cfb0c8303bf09e6419e1e1669dc6d,OK
core\.pytest_cache\CACHEDIR.TAG,C:\SNS_24AutoProject_250723\core\.pytest_cache\CACHEDIR.TAG,37dc88ef9a0abeddbe81053a6dd8fdfb13afb613045ea1eb4a5c815a74a3bde4,OK
core\.pytest_cache\README.md,C:\SNS_24AutoProject_250723\core\.pytest_cache\README.md,420e808d79a6c25d3cda0af33bc4782314a14949866682c68ce8149e89b66b70,OK
core\.pytest_cache\v\cache\nodeids,C:\SNS_24AutoProject_250723\core\.pytest_cache\v\cache\nodeids,4f53cda18c2baa0c0354bb5f9a3ecbe5ed12ab4d8e11ba873c2f11161202b945,OK
data\exported_data\export_all_logtables.py,C:\SNS_24AutoProject_250723\data\exported_data\export_all_logtables.py,8f058850538653ffaad3f0b2036d1c13387a85914d687953a87473681d344077,OK
data\exported_data\export_all_logtables_1.py,C:\SNS_24AutoProject_250723\data\exported_data\export_all_logtables_1.py,8e4411e94761da3daade3c3bf00297fc3e347a1e1bcbaa2f7737d562f562fb2f,OK
data\exported_data\export_all_logtables_to_excel.py,C:\SNS_24AutoProject_250723\data\exported_data\export_all_logtables_to_excel.py,2d5d81cd468908803104b0a1366fae753b38052956a8448cdbcc6d84c2798b04,OK
data\exported_data\export_all_logtables_to_excel_6.py,C:\SNS_24AutoProject_250723\data\exported_data\export_all_logtables_to_excel_6.py,9018af66d3a96253fcaa678f07cf03b772bc0783ce6a8bedcca994aac8c1b7b8,OK
data\exported_data\export_all_tables_with_datetime.py,C:\SNS_24AutoProject_250723\data\exported_data\export_all_tables_with_datetime.py,00b140ffaa388f43b6cb210e25c21d9efd456fa0a0cbc4ad38731ed3dbf95dcb,OK
data\exported_data\export_all_tables_with_datetime_6.py,C:\SNS_24AutoProject_250723\data\exported_data\export_all_tables_with_datetime_6.py,73154d3bd052bba17c961a05d2b12ab897ca1b1789eb045a968dc504ac6afa15,OK
data\exported_data\export_all_table_row_counts.py,C:\SNS_24AutoProject_250723\data\exported_data\export_all_table_row_counts.py,32b466630caac8424e7998bb60c48d43fab132737f66004a0499f5dc9012e3e0,OK
data\exported_data\export_all_table_row_counts_6.py,C:\SNS_24AutoProject_250723\data\exported_data\export_all_table_row_counts_6.py,14a6e0730635f26504c8a3bd0f99cc8c5e82a590a6815032ef90eb348dcc107d,OK
data\exported_data\export_command_log.py,C:\SNS_24AutoProject_250723\data\exported_data\export_command_log.py,612fdcc9dcf08aa14a51f6ea0d733a782bb065fca0984ae06b0f52003db410f4,OK
data\exported_data\export_command_log_6.py,C:\SNS_24AutoProject_250723\data\exported_data\export_command_log_6.py,c5bffbe385208aa5384bded239a4b2be777630b37f694d5a843858d49c2c5f16,OK
data\exported_data\export_db_schema_to_csv.py,C:\SNS_24AutoProject_250723\data\exported_data\export_db_schema_to_csv.py,6a79d381c8c7c4b9f66bc7df35ed70432b05043f8e9eda9e6a783e2b2044491a,OK
data\exported_data\export_db_snapshot_excel.py,C:\SNS_24AutoProject_250723\data\exported_data\export_db_snapshot_excel.py,111a5ec738c75fcffcc3018980d850324b56db8f88c99d887e22ddc861028718,OK
data\exported_data\export_disk_log.py,C:\SNS_24AutoProject_250723\data\exported_data\export_disk_log.py,7387be353779d1cf2ef1b8c8b698705e0b1a9d0503584e8aa25794fe84f3bfa3,OK
data\exported_data\export_disk_log_6.py,C:\SNS_24AutoProject_250723\data\exported_data\export_disk_log_6.py,26e51f63e786cb4f417315b18391de84b60832c047876861469b713058de9e67,OK
data\exported_data\export_env_log.py,C:\SNS_24AutoProject_250723\data\exported_data\export_env_log.py,d05bfd5f8b4339e8070ecc05b3cde2f23b88cbdbce8166ed7192ea1f61e76520,OK
data\exported_data\export_env_log_6.py,C:\SNS_24AutoProject_250723\data\exported_data\export_env_log_6.py,4a2b71d388da093a58102a5526fab115ebe5e175303ed8dc0f04a5bb937c1d25,OK
data\exported_data\export_feedback_log.py,C:\SNS_24AutoProject_250723\data\exported_data\export_feedback_log.py,9e9f05a49644e09072edd41c5d97cdae101d9f0a7ddbf2bb60bb0ce3d922400b,OK
data\exported_data\export_feedback_log_1.py,C:\SNS_24AutoProject_250723\data\exported_data\export_feedback_log_1.py,c23833d369f214a777f7e421e5b3858601438a8f2d1fb41a1f30d0af29716890,OK
data\exported_data\export_git_commits_to_csv.py,C:\SNS_24AutoProject_250723\data\exported_data\export_git_commits_to_csv.py,812fe14723dd2cec4e36df94f3e55a6a36a4e08ce05175ef8d496bd0e7e3ad2b,OK
data\exported_data\export_hook_logs_to_csv.py,C:\SNS_24AutoProject_250723\data\exported_data\export_hook_logs_to_csv.py,8e7344957e8891f35c0fc8858be4725b591f50672188ad8048a498b4810133c3,OK
data\exported_data\export_hook_logs_to_csv_6.py,C:\SNS_24AutoProject_250723\data\exported_data\export_hook_logs_to_csv_6.py,cb754f08443b597ef7a3cb0c58a5eb4da11b7d353e2f5115feb95ab246bd8dc1,OK
data\exported_data\export_logtrace.py,C:\SNS_24AutoProject_250723\data\exported_data\export_logtrace.py,1c50bd0f265f030cc3d189773c68128a38e079eb3ae821b97f60b5c1a6adc993,OK
data\exported_data\export_logtrace_5.py,C:\SNS_24AutoProject_250723\data\exported_data\export_logtrace_5.py,cc9c65c79b476eb8b884c02d4c8559191b9eda9946dc5ff6f82bcb4d1089a236,OK
data\exported_data\export_logtrace_6.py,C:\SNS_24AutoProject_250723\data\exported_data\export_logtrace_6.py,d78c2d9be7112d6d6f54e038a2042f0e250659e7abd8f83e3e63f25dc45ec654,OK
data\exported_data\export_logtrace_table.py,C:\SNS_24AutoProject_250723\data\exported_data\export_logtrace_table.py,fdc18519d089bce382bae565a6bb8d139f0eb30b0e8063ebc087811ae5b7e23e,OK
data\exported_data\export_logtrace_table_1.py,C:\SNS_24AutoProject_250723\data\exported_data\export_logtrace_table_1.py,1096ea79a7639017747ac09e3110276a38ba29a2751b5740313d2c3b83913761,OK
data\exported_data\export_logtrace_to_csv.py,C:\SNS_24AutoProject_250723\data\exported_data\export_logtrace_to_csv.py,35e97b4ae16ff13526ab9422ac90c06c9e81d6f140a99d47225a1385ef41bf51,OK
data\exported_data\export_logtrace_to_csv_6.py,C:\SNS_24AutoProject_250723\data\exported_data\export_logtrace_to_csv_6.py,17ac1a434e471fe28ecade1411a7bfb94dbee62a1f425f262b7ece0b1b5388fc,OK
data\exported_data\export_logtrace_to_excel.py,C:\SNS_24AutoProject_250723\data\exported_data\export_logtrace_to_excel.py,f82b615bc930168962e568fadbde5a17fa6e0c168e13c0733bc2506ba7a16ff3,OK
data\exported_data\export_logtrace_to_excel_6.py,C:\SNS_24AutoProject_250723\data\exported_data\export_logtrace_to_excel_6.py,1808beb345b91857ad07def8f722c6682a0b529f0a1a9ea89706dd6ec4960373,OK
data\exported_data\export_logtrace_to_excel_with_datetime.py,C:\SNS_24AutoProject_250723\data\exported_data\export_logtrace_to_excel_with_datetime.py,b01b6c2ffba4e6bea21622070cc13f3f100380a302a785f921f95804e9563efe,OK
data\exported_data\export_logtrace_to_excel_with_datetime_6.py,C:\SNS_24AutoProject_250723\data\exported_data\export_logtrace_to_excel_with_datetime_6.py,7d514a25cdf26c2ea582d344ea601b4f85e8efbca044006212c235976033ae1e,OK
data\exported_data\export_logtrace_with_datetime.py,C:\SNS_24AutoProject_250723\data\exported_data\export_logtrace_with_datetime.py,cafa1e085d4a7d10996bdf2f06ce68784ee9f3beece9ef56d55319e0dcdc509b,OK
data\exported_data\export_logtrace_with_datetime_6.py,C:\SNS_24AutoProject_250723\data\exported_data\export_logtrace_with_datetime_6.py,6fb6e11046744fafdf1fc9700b3117f6bc59366ca34356e3c089ad246eda5820,OK
data\exported_data\export_logtrace_with_os_path.py,C:\SNS_24AutoProject_250723\data\exported_data\export_logtrace_with_os_path.py,0cd8dda02437973fa43976f2f2df2027adb012a7660fcfe18173811150908187,OK
data\exported_data\export_logtrace_with_os_path_6.py,C:\SNS_24AutoProject_250723\data\exported_data\export_logtrace_with_os_path_6.py,c0c3882178e01135d45b66f37f49445b20b131da1882c32e251b1b6181dbd02a,OK
data\exported_data\export_log_summary.py,C:\SNS_24AutoProject_250723\data\exported_data\export_log_summary.py,d2ae7c1a558b127a5d98d48db3fee8af3b8e0c5326653f3875236f7992881e13,OK
data\exported_data\export_log_summary_2.py,C:\SNS_24AutoProject_250723\data\exported_data\export_log_summary_2.py,cc5435de6159a0b056987e39b4ef1fc173b61e4cc43af6b4a259a3528e36507e,OK
data\exported_data\export_log_summary_csv_with_datetime.py,C:\SNS_24AutoProject_250723\data\exported_data\export_log_summary_csv_with_datetime.py,d118eca4dc0d51e36d8bfd0a5ff7ca045d82571f760e9eec360d2230b4930b45,OK
data\exported_data\export_log_summary_csv_with_datetime_6.py,C:\SNS_24AutoProject_250723\data\exported_data\export_log_summary_csv_with_datetime_6.py,580b4807d356dd0b246465301eca610ecbabf6a89c1c300cac8aea9b706a4d72,OK
data\exported_data\export_network_log.py,C:\SNS_24AutoProject_250723\data\exported_data\export_network_log.py,8f1299f3ca4d86d842e9ae0396aea6a62b9cc7bbc60985ac34afcec41b91b53d,OK
data\exported_data\export_network_log_6.py,C:\SNS_24AutoProject_250723\data\exported_data\export_network_log_6.py,1b0e8033579d7fbe9f40a6b107de41503dfd8b5d626808551469e104055aa2ff,OK
data\exported_data\export_session_log.py,C:\SNS_24AutoProject_250723\data\exported_data\export_session_log.py,0a82c4db4435368515af0a3ba33d9d7da30ddd8c9dffdfa721f9aacdd49dc892,OK
data\exported_data\export_session_log_6.py,C:\SNS_24AutoProject_250723\data\exported_data\export_session_log_6.py,cc1195e8b318f5795af2670552458155fc748c18d783d2c258b33d2cb431c36d,OK
data\exported_data\export_session_qasummary.py,C:\SNS_24AutoProject_250723\data\exported_data\export_session_qasummary.py,d5e437883c62931a9aebbf18f8747ff278602c187a2b79d7aa3c246252468800,OK
data\exported_data\export_session_results_to_csv.py,C:\SNS_24AutoProject_250723\data\exported_data\export_session_results_to_csv.py,15f11a360ab8a0f6bf5f9b315afc67bdbb730fc34026a1ddd7f606bf1254bfa9,OK
data\exported_data\export_session_results_to_csv_6.py,C:\SNS_24AutoProject_250723\data\exported_data\export_session_results_to_csv_6.py,32af249a4397e0a6e2bbcaa684f423ed88cb3886f7356c07937b6b430113d9a7,OK
data\exported_data\export_session_results_to_csv_with_datetime.py,C:\SNS_24AutoProject_250723\data\exported_data\export_session_results_to_csv_with_datetime.py,942e9185d3f8cc703ae544fd312ad67b0d43f30c35071c22fb253620d2be3c48,OK
data\exported_data\export_session_results_to_csv_with_datetime_6.py,C:\SNS_24AutoProject_250723\data\exported_data\export_session_results_to_csv_with_datetime_6.py,5d1728fb39afbe409a8082006779e3913dcb84ab3ec44d130f38d80e790be995,OK
data\exported_data\export_session_results_with_datetime.py,C:\SNS_24AutoProject_250723\data\exported_data\export_session_results_with_datetime.py,1152daf6d50f9c51b0dca6809a205250e86e6ca6eab4fd2f9ad0bd793e685524,OK
data\exported_data\export_session_results_with_datetime_6.py,C:\SNS_24AutoProject_250723\data\exported_data\export_session_results_with_datetime_6.py,02af61bbde936a76adc66d6edf6ba62093d74a97f3ed04654058469a2024c988,OK
data\exported_data\export_session_results_with_datetime_excel.py,C:\SNS_24AutoProject_250723\data\exported_data\export_session_results_with_datetime_excel.py,e80d17275e14fc0da79e8f818f3e463c683bbb61d8a9c77950a84f1673074770,OK
data\exported_data\export_session_results_with_datetime_excel_6.py,C:\SNS_24AutoProject_250723\data\exported_data\export_session_results_with_datetime_excel_6.py,69abde843d0a85ea4aaca6afca641fe543611ec0fc56d7e76194092069617ffc,OK
data\exported_data\export_trace_log_backup.py,C:\SNS_24AutoProject_250723\data\exported_data\export_trace_log_backup.py,06c8b284ffdae9f104183d81d2177e3bf92d7aaa9950ccf1e7680fde3bf3716e,OK
data\exported_data\export_trace_log_backup_6.py,C:\SNS_24AutoProject_250723\data\exported_data\export_trace_log_backup_6.py,06be262d3add035ecfacad90eb765edb18563a7c40e39b1c8cd8dd8f292f8f04,OK
db\account_log.db,C:\SNS_24AutoProject_250723\db\account_log.db,e3eb3a944b6819924bacfb123fe4a174531c91699509a6f6646e4d365ca378d3,OK
db\account_run_log_utf8.csv,C:\SNS_24AutoProject_250723\db\account_run_log_utf8.csv,d6e3f53fe46284e4464249ed638d31cd93911b98df580d2cfcd1d6a15b85e249,OK
db\init_check_create_logtable.py,C:\SNS_24AutoProject_250723\db\init_check_create_logtable.py,050f44aedeb55a7c6e9df2d7e83be6f43d21bf1e543988920265fd34ac2b1fdf,OK
db\init_user_table.py,C:\SNS_24AutoProject_250723\db\init_user_table.py,4e7f5a9919d9979daf2c96062d24652805552bfcb4e364cd277f1cfecbfcff53,OK
db\init_user_table_2.py,C:\SNS_24AutoProject_250723\db\init_user_table_2.py,501907cbf92f86c637b5eccf686cc9fc21334e25dfbca20caa0a82d727677d76,OK
db\init_user_table_with_role.py,C:\SNS_24AutoProject_250723\db\init_user_table_with_role.py,c9368c0b28e86973a0681f82ef0704088995e21011592abc17e2062d7f58fd19,OK
db\init_user_table_with_role_2.py,C:\SNS_24AutoProject_250723\db\init_user_table_with_role_2.py,41255f249e538005d81f66ed2e87400d364f0948e339a5225e588b4aa4f57aeb,OK
db\insert_command_log.py,C:\SNS_24AutoProject_250723\db\insert_command_log.py,abf6582d773596717e46220b19969adb744c6e87a40b8f76c1d1a31ad334366d,OK
db\insert_command_log_6.py,C:\SNS_24AutoProject_250723\db\insert_command_log_6.py,7efaa7cd67b41b41165750839407535b951b1c14afd3d1e57238491eb128ea0f,OK
db\insert_disk_log.py,C:\SNS_24AutoProject_250723\db\insert_disk_log.py,5dc490a0584fb1082e22fe045d2ca2aed63a32a92c41f790ce044864f7e56ce8,OK
db\insert_disk_log_6.py,C:\SNS_24AutoProject_250723\db\insert_disk_log_6.py,f2e026d54864e8794547c3fdae447c525ffbe6a82cef9bc6773352bf61687b36,OK
db\insert_env_log.py,C:\SNS_24AutoProject_250723\db\insert_env_log.py,5c91e480b9ccfe66cfd948fe762d1291bc0aa84292b2030b9ca94f6e23782838,OK
db\insert_env_log_6.py,C:\SNS_24AutoProject_250723\db\insert_env_log_6.py,1ef36c133d7682bd4f6f3c287021404c33a62033b86c94c82fbab849365dec57,OK
db\insert_function_log.py,C:\SNS_24AutoProject_250723\db\insert_function_log.py,0cb8fc89a143d5177466f7ba46ec94db5e8967a20719d816c2d54347ea8d8e02,OK
db\insert_git_log.py,C:\SNS_24AutoProject_250723\db\insert_git_log.py,f03dccd2e38e36479c46ed9ff6e6191897aa17b5eddaf3676183c4f96150d31d,OK
db\insert_git_log_to_db.py,C:\SNS_24AutoProject_250723\db\insert_git_log_to_db.py,dc709abfbb3d387a0d0f350a810c088094321e1842f631d7ab75089c820fe57f,OK
db\insert_git_log_to_db_6.py,C:\SNS_24AutoProject_250723\db\insert_git_log_to_db_6.py,bb75f1ed2ba0fcc65143bf7e40dd46adeb09f9fd7878523583b7405a6efa36d3,OK
db\insert_network_log.py,C:\SNS_24AutoProject_250723\db\insert_network_log.py,e4d2ea09c705c39a94045213b6dc281c7b0dafd7c3bfa7f477efb169a20ebfd4,OK
db\insert_network_log_6.py,C:\SNS_24AutoProject_250723\db\insert_network_log_6.py,850d550d99648d18040b08c4776aca5ca9c9c595782e0798461ce3432d2ab318,OK
db\insert_session_result.py,C:\SNS_24AutoProject_250723\db\insert_session_result.py,51221283303fe19e9c1dfda71981ac6c1fc8a850059f9977766adc6306a1b5fc,OK
db\insert_session_result_6.py,C:\SNS_24AutoProject_250723\db\insert_session_result_6.py,05fac45f6ce762bdf7cb37498ea6cb1348ffad13890d96addb4b48e80c2c35d0,OK
db\insert_viewer_user.py,C:\SNS_24AutoProject_250723\db\insert_viewer_user.py,86619e6626c83eb1603ee7695e854e0fecc473740271dfdabec3b785b4c59a21,OK
db\insert_viewer_user_2.py,C:\SNS_24AutoProject_250723\db\insert_viewer_user_2.py,24c32b18bf1376d9cbb611c53a3c2f5daec1d9152175f2892709aab76ca6e7eb,OK
db\session_log_utf8.csv,C:\SNS_24AutoProject_250723\db\session_log_utf8.csv,e3b0c44298fc1c149afbf4c8996fb92427ae41e4649b934ca495991b7852b855,OK
db\trace_log.db,C:\SNS_24AutoProject_250723\db\trace_log.db,59dfe7c0339d8c16f8f8f53a4e7cd005e04e2bb5504055d2a88a69b35a1561a7,OK
decorators\log_trace.py,C:\SNS_24AutoProject_250723\decorators\log_trace.py,0d5f401794835632b3c76b924f84fb5fcae08a7ef005532f4d88cfb891acd395,OK
launcher\main.py,C:\SNS_24AutoProject_250723\launcher\main.py,c202579d4088d14d482b995d1629d0093ac65232eb88518b37956499080d41dc,OK
launcher\session.db,C:\SNS_24AutoProject_250723\launcher\session.db,a33e907ad6bc93ba94f185e21ba2cbcda382d5f918b344603e1b9e78e9ac7f8f,OK
locator\hash_file_locator.py,C:\SNS_24AutoProject_250723\locator\hash_file_locator.py,1c5fe3862c8624753f03cf4d02fbf3f27cb9a31815fb02709445bf4cb7ce7193,OK
logs\session.db,C:\SNS_24AutoProject_250723\logs\session.db,16f0f3458eae052302ca08d8eb12517eb8525c073a52dee20208fc50326c4ff7,OK
modules\account_runner.py,C:\SNS_24AutoProject_250723\modules\account_runner.py,eb068926796cb7af64352d5cb655384c42b07ed21e818999f468758305ed4f38,OK
modules\api.py,C:\SNS_24AutoProject_250723\modules\api.py,7ee0daf6039afafc35bb7189745af42960b41aba20035895133c562291656c47,OK
modules\ast_graph_builder.py,C:\SNS_24AutoProject_250723\modules\ast_graph_builder.py,4d71514b2291d8828580d1cb44de4a2e98392814c2d451cf18c096f6f0f8dd9a,OK
modules\auto_generate_tests.py,C:\SNS_24AutoProject_250723\modules\auto_generate_tests.py,674cb6f51eff3275b930d91fa6323af7d03652259e853fd269d9a90bdf97cf20,OK
modules\cfg_loader.py,C:\SNS_24AutoProject_250723\modules\cfg_loader.py,fab09a1f5f763ca06c121cdb36c2b529237a96294777a5c35fa0704118ac30df,OK
modules\cfg_local.py,C:\SNS_24AutoProject_250723\modules\cfg_local.py,7788aa79e363bb178934846c4ccb3576946f178105106d81939dec7a5f8abc7b,OK
modules\log_trace.py,C:\SNS_24AutoProject_250723\modules\log_trace.py,e185cc5d1523abafb8516011da3ff3810f48c36275ef35a898365a309425e36e,OK
modules\pickle_serializer.py,C:\SNS_24AutoProject_250723\modules\pickle_serializer.py,69f997aaba091d2124597bccb5aaccf87a6a7592d6ca61b58b57909f2fabb581,OK
modules\pprint_util_custom.py,C:\SNS_24AutoProject_250723\modules\pprint_util_custom.py,f1b1e99e32aa0daf286d038a22030a3f43a5b43270c6b52a69084f4d1561cbb8,OK
modules\reset_db.py,C:\SNS_24AutoProject_250723\modules\reset_db.py,6ac5bad2575b4e182d847b216babc68f53f331e6668d5580671aa465091ce7fb,OK
modules\six_util_custom.py,C:\SNS_24AutoProject_250723\modules\six_util_custom.py,560a6cc2a30086d408fae760b3142dbf3006cd7988bc0be12f1c263f284315e6,OK
modules\ssl_handler.py,C:\SNS_24AutoProject_250723\modules\ssl_handler.py,5cea418aaf9171ba83c3c9b9a084a6156aa62847160c9d769364e31bcb06eb60,OK
modules\task_queue_mgr.py,C:\SNS_24AutoProject_250723\modules\task_queue_mgr.py,405e7a9abce7dbb2052782c56cacb2fa17521bd7d630f75a8058bde445dd32db,OK
modules\common\array_utils.py,C:\SNS_24AutoProject_250723\modules\common\array_utils.py,e3b0c44298fc1c149afbf4c8996fb92427ae41e4649b934ca495991b7852b855,OK
modules\common\asyncio_custom.py,C:\SNS_24AutoProject_250723\modules\common\asyncio_custom.py,e3dbdf255faaee63f8f962a609d0ead3aa20252d0cd9b965e0fea22a1962b784,OK
modules\common\audits_1.py,C:\SNS_24AutoProject_250723\modules\common\audits_1.py,2c543a534e1f9f58a89097c8bf6989223d748d867efae554f848c0575de198ce,OK
modules\common\backup_full_db.py,C:\SNS_24AutoProject_250723\modules\common\backup_full_db.py,ef2bff10cb6ce738f0638976cd50bb57b5028cfaa29742d975da218eafe5268f,OK
modules\common\backup_trace_log_db.py,C:\SNS_24AutoProject_250723\modules\common\backup_trace_log_db.py,b6cb374620dbd87a04cbd1c1738c8e3038a99360d82e20f6cd47d0fe28e252e0,OK
modules\common\bluetooth_emulation_1.py,C:\SNS_24AutoProject_250723\modules\common\bluetooth_emulation_1.py,d622e87adc8c0063e70abb1bf9586410d69a36d55a56e79fad466360e23950d2,OK
modules\common\browser_2.py,C:\SNS_24AutoProject_250723\modules\common\browser_2.py,2bd2c92ee8fc55af5c12de25137e2c8ce990fc1a193d7b0706b43862fb90a495,OK
modules\common\browser_3.py,C:\SNS_24AutoProject_250723\modules\common\browser_3.py,2d2ef619677203bbff4513868a15df7dec9c4fe2a6f4c97df16082a8f40fa2fe,OK
modules\common\browsing_context_1.py,C:\SNS_24AutoProject_250723\modules\common\browsing_context_1.py,82ef591849f7a5d3998541f8c8c6a29282ca9f79f438fbcb1062fa9e3eab9437,OK
modules\common\commondialog_1.py,C:\SNS_24AutoProject_250723\modules\common\commondialog_1.py,5412790e82b36dfd3a14401f258505fe1d4957541ac6c8ad1179f4f1ca05b9a4,OK
modules\common\commontypes_1.py,C:\SNS_24AutoProject_250723\modules\common\commontypes_1.py,cacd317467f94e65ff370cd9fba2333b33e0c59f5309c0ca6f2360784dbd2421,OK
modules\common\common_18.py,C:\SNS_24AutoProject_250723\modules\common\common_18.py,f3a7b48cc4aeac3d1fe8633652d66f60464d957ffda6283047b142d331ab6dba,OK
modules\common\common_19.py,C:\SNS_24AutoProject_250723\modules\common\common_19.py,faa32cd19da13d073cbd22f1e93bf93be989aecca4fa6e3ad4b7610870f4dde4,OK
modules\common\common_20.py,C:\SNS_24AutoProject_250723\modules\common\common_20.py,b86c48f3b0e2f6192fbf86b2a441287c99912507700650e169db6228e14622ef,OK
modules\common\common_28.py,C:\SNS_24AutoProject_250723\modules\common\common_28.py,20cd117a592bc82ea4f48d43572de6e579040f8fa1b48a106532665423c985a3,OK
modules\common\common_29.py,C:\SNS_24AutoProject_250723\modules\common\common_29.py,68044f08dd1ebd9bed60a003bb62eb60e417c3f61221b2feb6371cf1a86797e2,OK
modules\common\common_3.py,C:\SNS_24AutoProject_250723\modules\common\common_3.py,d658b7c747e2e59c486dc3103318c9970fb65d1f1a0134fe23f1a1283ec9b7e2,OK
modules\common\common_30.py,C:\SNS_24AutoProject_250723\modules\common\common_30.py,37e53b1efdd840c62f6d94527ac525f74dcdce6284f4ec4f05e58613b92ac539,OK
modules\common\common_31.py,C:\SNS_24AutoProject_250723\modules\common\common_31.py,5c35b26d2b042bca0b1faf53abd57b26b02d50540b2b29c74fb2d386492986d2,OK
modules\common\common_32.py,C:\SNS_24AutoProject_250723\modules\common\common_32.py,86d115b8daab7005045e0fa6f6bb7b63db79e91ce291fa8c3346a37a76d722e2,OK
modules\common\common_33.py,C:\SNS_24AutoProject_250723\modules\common\common_33.py,08fb678517eb7b9664310d102310651e9a082369d9e90abee43cff354712d71e,OK
modules\common\common_34.py,C:\SNS_24AutoProject_250723\modules\common\common_34.py,dd9620602d2da1db4c7e30b093903a87918f1998cbb2f549208a934870f6e294,OK
modules\common\common_35.py,C:\SNS_24AutoProject_250723\modules\common\common_35.py,331af511b5e03632200b05e649aa5ed13fc40e671e4fd78054183d81c3289482,OK
modules\common\common_4.py,C:\SNS_24AutoProject_250723\modules\common\common_4.py,08adbc4df6adc104d71eba76b2d039f36f82843dd6f3816f72551cceba1783b0,OK
modules\common\common_5.py,C:\SNS_24AutoProject_250723\modules\common\common_5.py,a8014074ece965fa799aa8070209bb58ea18d02cadc8796331fd4346e930ba0a,OK
modules\common\common_6.py,C:\SNS_24AutoProject_250723\modules\common\common_6.py,d8139c87a5fd2b5b6f6cb083eb03cf743c7347051ecca8f1cd8da4e2eb79291c,OK
modules\common\common_7.py,C:\SNS_24AutoProject_250723\modules\common\common_7.py,fb2b8c5757d8ee767b64bac90273b9f8fa7b42a5126b58c212d28959a6c190e1,OK
modules\common\common_8.py,C:\SNS_24AutoProject_250723\modules\common\common_8.py,695ee9e06c1b5942ef4c3b7b142818e76620b00469807fa7507f7d5538a82b41,OK
modules\common\common_9.py,C:\SNS_24AutoProject_250723\modules\common\common_9.py,daf805153a2a260ff0cb5fd68816c2d4758e8878c24b06d7139a2cf59038d395,OK
modules\common\common_rules_2.py,C:\SNS_24AutoProject_250723\modules\common\common_rules_2.py,4432eddb2fcb1339342b54ca294fa4722317c5fc491693ecab8389a88fc95e1e,OK
modules\common\common_rules_3.py,C:\SNS_24AutoProject_250723\modules\common\common_rules_3.py,30557ca653f148f5c121a155d23e2ea65dffc2db5879092dea7f7b21edf96430,OK
modules\common\create_trace_db.py,C:\SNS_24AutoProject_250723\modules\common\create_trace_db.py,264ea7cc54a51f407a505e06082ddb447fd4fecd60c36eebe1824adc5f6dea92,OK
modules\common\css_1.py,C:\SNS_24AutoProject_250723\modules\common\css_1.py,649f9310205156e2611aca069b7ac778b6907051234a5347b427c0408f24dcc3,OK
modules\common\db.py,C:\SNS_24AutoProject_250723\modules\common\db.py,56cdf927f8ef0b7898a8cad7c955d2f02e1a4a7e7a19b36e7675f36b8edf1c6e,OK
modules\common\emulation_1.py,C:\SNS_24AutoProject_250723\modules\common\emulation_1.py,a3f54466c60a5a74f23cdd4de2c106df0fc8f38c3950e7d559544f160eef2cdb,OK
modules\common\env_log.db,C:\SNS_24AutoProject_250723\modules\common\env_log.db,14e0dc50d51e04f985eeaa90e92c4c8bd2254ef1f00200d6579b701d32048e33,OK
modules\common\env_log_backup_20250503_141815.db,C:\SNS_24AutoProject_250723\modules\common\env_log_backup_20250503_141815.db,14e0dc50d51e04f985eeaa90e92c4c8bd2254ef1f00200d6579b701d32048e33,OK
modules\common\export_env_log.py,C:\SNS_24AutoProject_250723\modules\common\export_env_log.py,7dfcd4b3b935ceeb2b7e47937d3b0a474ac7af439287fbafa4dad839ab593d5c,OK
modules\common\export_env_log_1.py,C:\SNS_24AutoProject_250723\modules\common\export_env_log_1.py,72c3b3903af345af3c95333fec740e21d596978ca5c0fb908bca412023b19b69,OK
modules\common\extensions_1.py,C:\SNS_24AutoProject_250723\modules\common\extensions_1.py,8c73e3b8c08a606de06277b3ea8eb9882d803c358d9345adfa20e1ed9b2c0bdc,OK
modules\common\feature_base.py,C:\SNS_24AutoProject_250723\modules\common\feature_base.py,04c77139a81dda583dc9186a8401eb2ebf85bdef7c4749a98751b829cd44b83d,OK
modules\common\frame_protocol.py,C:\SNS_24AutoProject_250723\modules\common\frame_protocol.py,67d58faa23a022a3f1dfdaa8acfd280c41d43dc991257fc8752f679d2226e1f6,OK
modules\common\handshake.py,C:\SNS_24AutoProject_250723\modules\common\handshake.py,e9450ddac7d9d67a277c32a87e74dff9533a37d9f64cec7f9a3764c125abd30b,OK
modules\common\hook_status_logger.py,C:\SNS_24AutoProject_250723\modules\common\hook_status_logger.py,ce9ea250f4afe199beb5bf368d5499716b778ae498bc0c881add18cee30916dc,OK
modules\common\import_csv_to_db.py,C:\SNS_24AutoProject_250723\modules\common\import_csv_to_db.py,2d441cbeee1c8718776d91bdd48bd4e7b0cf72f840ad7ca34e8849eeee1d26d2,OK
modules\common\insert_env_log.py,C:\SNS_24AutoProject_250723\modules\common\insert_env_log.py,a1df089948898d9bbd1dd0b04b0873a71e49e4ed5283370a03d8c87e57c96001,OK
modules\common\insert_env_log_1.py,C:\SNS_24AutoProject_250723\modules\common\insert_env_log_1.py,400cf139a7670d3ec7a9f007e31d7861f290f3962cdd98ba98257c55c92a9932,OK
modules\common\insert_env_log_2.py,C:\SNS_24AutoProject_250723\modules\common\insert_env_log_2.py,400cf139a7670d3ec7a9f007e31d7861f290f3962cdd98ba98257c55c92a9932,OK
modules\common\insert_env_log_3.py,C:\SNS_24AutoProject_250723\modules\common\insert_env_log_3.py,400cf139a7670d3ec7a9f007e31d7861f290f3962cdd98ba98257c55c92a9932,OK
modules\common\insert_env_log_4.py,C:\SNS_24AutoProject_250723\modules\common\insert_env_log_4.py,400cf139a7670d3ec7a9f007e31d7861f290f3962cdd98ba98257c55c92a9932,OK
modules\common\insert_env_log_5.py,C:\SNS_24AutoProject_250723\modules\common\insert_env_log_5.py,400cf139a7670d3ec7a9f007e31d7861f290f3962cdd98ba98257c55c92a9932,OK
modules\common\insert_env_log_6.py,C:\SNS_24AutoProject_250723\modules\common\insert_env_log_6.py,400cf139a7670d3ec7a9f007e31d7861f290f3962cdd98ba98257c55c92a9932,OK
modules\common\KMAC128_3dd47cdb.py,C:\SNS_24AutoProject_250723\modules\common\KMAC128_3dd47cdb.py,462e9b63166786df3f408fe0a066354bde03792881b54883c0eb9cf0af37dbb0,OK
modules\common\logger.py,C:\SNS_24AutoProject_250723\modules\common\logger.py,5592b3105b3d774084b6403a37888b94929c6826f348806ccf6b1793636856b2,OK
modules\common\log_1.py,C:\SNS_24AutoProject_250723\modules\common\log_1.py,a3e30c23a0cc0e5a1630457187046763088b3319d05a7366b1192ef626f55719,OK
modules\common\my_configparser.py,C:\SNS_24AutoProject_250723\modules\common\my_configparser.py,2275cc200a7389415de1bbbc866a467b573a92975f1a7a3c1a0f681d8fd71de2,OK
modules\common\network_2.py,C:\SNS_24AutoProject_250723\modules\common\network_2.py,c9fba79ec59280840f9441f432948b05fd70b826c5ef322f8587ad31c52cb9a1,OK
modules\common\network_3.py,C:\SNS_24AutoProject_250723\modules\common\network_3.py,6cf6bfa91d7a52c1b2c1b08c308d01e4443ef1b3d6a76cd11f78a67fbc1f93af,OK
modules\common\net_socket_engine.py,C:\SNS_24AutoProject_250723\modules\common\net_socket_engine.py,4d48675c0e3f26ebe8eb383d6fab67e5b2d0586b447b8ccac4796b1a96535c93,OK
modules\common\optimize_trace_log_db.py,C:\SNS_24AutoProject_250723\modules\common\optimize_trace_log_db.py,ef30ada58601eba41e06190a1da80c95cd11d148765044ad6fb1077b09539fbc,OK
modules\common\page_1.py,C:\SNS_24AutoProject_250723\modules\common\page_1.py,34b5e2419d0639fc3406885f9fada21de18c2025296f88a6842640d341bed3a2,OK
modules\common\polyutils.py,C:\SNS_24AutoProject_250723\modules\common\polyutils.py,17c5f134898469b77949416ff29b48667d5f13d273ac612ba901911ff1ef32e7,OK
modules\common\preload_1.py,C:\SNS_24AutoProject_250723\modules\common\preload_1.py,7a98cce8ee242c0f60b033d4bf909bbffe1d77d4ab35525a09fcfab6eaf10c38,OK
modules\common\proj_concurrent.py,C:\SNS_24AutoProject_250723\modules\common\proj_concurrent.py,e4bdf3d42a117465b02921466832e15183eb470f77dabdd7331780831163f911,OK
modules\common\proxy_accf0cdb.py,C:\SNS_24AutoProject_250723\modules\common\proxy_accf0cdb.py,66acae0925ba57f14f4584f5e80b6323ed681c1c93d699bfa08e71b44f6d7b45,OK
modules\common\random_custom.py,C:\SNS_24AutoProject_250723\modules\common\random_custom.py,0082f4c8d1f2d50a3c4f03f018f639c81b8956989b505cf583fc03434ea165fe,OK
modules\common\rand_util_core.py,C:\SNS_24AutoProject_250723\modules\common\rand_util_core.py,1088002c11a0c09ccd42042161f53800d39003f3659c3b80d78506eeb3239fd6,OK
modules\common\safe_ssl.py,C:\SNS_24AutoProject_250723\modules\common\safe_ssl.py,3430e3ad5111a9635eaf81e2143a961e987e7ec2d493e730cee027ff15b87153,OK
modules\common\sample_test.py,C:\SNS_24AutoProject_250723\modules\common\sample_test.py,e3b0c44298fc1c149afbf4c8996fb92427ae41e4649b934ca495991b7852b855,OK
modules\common\script_1.py,C:\SNS_24AutoProject_250723\modules\common\script_1.py,ddf44fcc34e79e908a355b0a9048c9aa717f8bd3a9e0a895ec29f00316d62001,OK
modules\common\session_1.py,C:\SNS_24AutoProject_250723\modules\common\session_1.py,7337ce271e2a81b9ae406f035c4b26e602c5c77fc97c97aa7d5621224921528e,OK
modules\common\std.py,C:\SNS_24AutoProject_250723\modules\common\std.py,b656410505a0906292acc2134ecab5994361160aad4167c6c663b83a822623d6,OK
modules\common\storage_1.py,C:\SNS_24AutoProject_250723\modules\common\storage_1.py,7dd50a646b8f86655ebf681004ad9d9ea51a6743aac2c94d55d819637ce504d3,OK
modules\common\st_common_2.py,C:\SNS_24AutoProject_250723\modules\common\st_common_2.py,c91ea872c6722938afa423cb3f45c184db2d411737aeef8ef34f6f0f0c2847b8,OK
modules\common\st_common_3.py,C:\SNS_24AutoProject_250723\modules\common\st_common_3.py,d97d2e44d8ff984798c4f1ee64e8063ce84e5df3ff17a8fcaed1d78fbc5fde6f,OK
modules\common\tags_344cfcdb.py,C:\SNS_24AutoProject_250723\modules\common\tags_344cfcdb.py,ef832bc1bc483148e51f62aaf7efb7beaa4a376ffc904758e2eb3656fbc5f1ef,OK
modules\common\time_helper.py,C:\SNS_24AutoProject_250723\modules\common\time_helper.py,664d8efc535fd9996d17f778de9b3ecee17f8e4f91424d9a08da22ba17626fb3,OK
modules\common\unicode_utils.py,C:\SNS_24AutoProject_250723\modules\common\unicode_utils.py,623037874a0902bd99d64fc215d2e6a8c86c27aa5f5feaf1f3146dd9375e4b38,OK
modules\common\utils.py,C:\SNS_24AutoProject_250723\modules\common\utils.py,f6e16f7841322c2577fd204d64099d069f2b090c196ca1f5efc010e5104d62fe,OK
modules\common\_core.py,C:\SNS_24AutoProject_250723\modules\common\_core.py,67d50404a149a6a5a57ea14c0df0b89aa9979c99fb15a0263d304b287e4fbd3d,OK
modules\common\_distutils.py,C:\SNS_24AutoProject_250723\modules\common\_distutils.py,6a28ce1c2d74a9d6bede1e719a37f5f68d6cd0132b6483f17b66ecb1660044ec,OK
modules\common\_io_common_1.py,C:\SNS_24AutoProject_250723\modules\common\_io_common_1.py,e50227a14b298f5af497259b0f69f5516f0eb033c8df12b4852cf7be26983d37,OK
modules\common\_mapping_04f7dcdb.py,C:\SNS_24AutoProject_250723\modules\common\_mapping_04f7dcdb.py,de2163d344d1521fc4d55a6f6b07cadaf1da6c0d5e7044df6e08bcca943f80e0,OK
modules\common\_mode_cfb_61b4dddb.py,C:\SNS_24AutoProject_250723\modules\common\_mode_cfb_61b4dddb.py,3e470ec7126bb71f8e3cee3f08510581281e022a83f85cdf710ea1c6a8fb26cb,OK
modules\common\_monitor.py,C:\SNS_24AutoProject_250723\modules\common\_monitor.py,af909780e219e09be39a6ba18e04f22790d647c5c409c878562925a766f0e4ff,OK
modules\common\_shimmed_dist_utils.py,C:\SNS_24AutoProject_250723\modules\common\_shimmed_dist_utils.py,2e03bf9aa07e23c323d8bf0ee674f17c83bb74f45a025f2b12b309fa832ef494,OK
modules\common\_utils.py,C:\SNS_24AutoProject_250723\modules\common\_utils.py,df9445dc222004c6c5b95d518f85dce6d2e6f401c5ab2adf25e19054ab0af0a0,OK
modules\common\__init___a3f0ecdb.py,C:\SNS_24AutoProject_250723\modules\common\__init___a3f0ecdb.py,ac3659fdb5efae59293ebeddf7cc52eff4602c73497051d466ccb7549acda422,OK
modules\common\__local_datetime.py,C:\SNS_24AutoProject_250723\modules\common\__local_datetime.py,6e21e652ad514bff5f81c16d60d048b5095c12dded1f49a3fc12e75688c7d538,OK
modules\common\instabot_env\bin\activate.csh,C:\SNS_24AutoProject_250723\modules\common\instabot_env\bin\activate.csh,75b79ef415828603e74379f10b017ddd012622da152db05984ac90792771fba3,OK
modules\common\instabot_env\bin\dotenv,C:\SNS_24AutoProject_250723\modules\common\instabot_env\bin\dotenv,6a63fd4678371f9e86b9002807f2b19a65ca2ca8aa57e47ecbcf7cc15730487d,OK
modules\common\instabot_env\bin\f2py,C:\SNS_24AutoProject_250723\modules\common\instabot_env\bin\f2py,7a10f33ef8e5d6c06214f29817562b966551b20df3be52967396b1dc015067bc,OK
modules\common\instabot_env\bin\futurize,C:\SNS_24AutoProject_250723\modules\common\instabot_env\bin\futurize,3f8b77ed43f0103892ddc1bd73885b1edb3f4134fbb8a257a39bde8900bffded,OK
modules\common\instabot_env\bin\imageio_download_bin,C:\SNS_24AutoProject_250723\modules\common\instabot_env\bin\imageio_download_bin,4e8a5e8db7b291174c2f37a72989b43dcd8c00a8cc8b4891222e3a991e6d693f,OK
modules\common\instabot_env\bin\imageio_remove_bin,C:\SNS_24AutoProject_250723\modules\common\instabot_env\bin\imageio_remove_bin,9d75230fc6d8ec747557b5b82913c09b06f366914b99416298dfc97cf70b0332,OK
modules\common\instabot_env\bin\normalizer,C:\SNS_24AutoProject_250723\modules\common\instabot_env\bin\normalizer,bc93708c38e816f7a54e4468b3b1aa2678a28253827048aa0c58740bb4b3e31a,OK
modules\common\instabot_env\bin\numpy-config,C:\SNS_24AutoProject_250723\modules\common\instabot_env\bin\numpy-config,868282a577c7b7be0227e07d0df9b812b3bed7da9bb2831714a59295ac3277c2,OK
modules\common\instabot_env\bin\pasteurize,C:\SNS_24AutoProject_250723\modules\common\instabot_env\bin\pasteurize,92fc24968d1cb6046db46644cb3632b77774f3be407e25d13c989cd0082fb403,OK
modules\common\instabot_env\bin\pip,C:\SNS_24AutoProject_250723\modules\common\instabot_env\bin\pip,1736aa19c0e80d154e01b5bc27ec0578a549af4de012a7651c4efd349152b5bf,OK
modules\common\instabot_env\bin\pip3,C:\SNS_24AutoProject_250723\modules\common\instabot_env\bin\pip3,1736aa19c0e80d154e01b5bc27ec0578a549af4de012a7651c4efd349152b5bf,OK
modules\common\instabot_env\bin\pip3.12,C:\SNS_24AutoProject_250723\modules\common\instabot_env\bin\pip3.12,1736aa19c0e80d154e01b5bc27ec0578a549af4de012a7651c4efd349152b5bf,OK
modules\common\instabot_env\bin\pyrsa-decrypt,C:\SNS_24AutoProject_250723\modules\common\instabot_env\bin\pyrsa-decrypt,867295129e6275fd001d6f5040b795581c2e074acde91ec1a3181600011e6a3c,OK
modules\common\instabot_env\bin\pyrsa-encrypt,C:\SNS_24AutoProject_250723\modules\common\instabot_env\bin\pyrsa-encrypt,f7f6fa9d8523af739b08674e96a68a803d222a6cbe6599aa787c72c262f720b6,OK
modules\common\instabot_env\bin\pyrsa-keygen,C:\SNS_24AutoProject_250723\modules\common\instabot_env\bin\pyrsa-keygen,9975a040dbc1d425c84038497314f526a76abef9af491b15ccc47a40e3754bf8,OK
modules\common\instabot_env\bin\pyrsa-priv2pub,C:\SNS_24AutoProject_250723\modules\common\instabot_env\bin\pyrsa-priv2pub,4658498bffedba084117555bae6c5a89108e46d0dbf2e8c330c5e2b6c3393420,OK
modules\common\instabot_env\bin\pyrsa-sign,C:\SNS_24AutoProject_250723\modules\common\instabot_env\bin\pyrsa-sign,8a0cde3fa9ecd7f1b0714f75151caf9a484ab0c92e947144a8ff252cb83afaf3,OK
modules\common\instabot_env\bin\pyrsa-verify,C:\SNS_24AutoProject_250723\modules\common\instabot_env\bin\pyrsa-verify,bef1f59964f8e22553000f54d8a30b64eb2ef984b9772070c94a9b38f7dceb8a,OK
modules\common\instabot_env\bin\python,C:\SNS_24AutoProject_250723\modules\common\instabot_env\bin\python,6bcd758cce71c048f2a5f69cf36a6af6f3038211807f2d5509bad71abaa5dbfe,OK
modules\common\instabot_env\bin\python3,C:\SNS_24AutoProject_250723\modules\common\instabot_env\bin\python3,6bcd758cce71c048f2a5f69cf36a6af6f3038211807f2d5509bad71abaa5dbfe,OK
modules\common\instabot_env\bin\python3.12,C:\SNS_24AutoProject_250723\modules\common\instabot_env\bin\python3.12,6bcd758cce71c048f2a5f69cf36a6af6f3038211807f2d5509bad71abaa5dbfe,OK
modules\common\instabot_env\lib\python3.12\site-packages\charset_normalizer\md.cpython-312-x86_64-linux-gnu.so,C:\SNS_24AutoProject_250723\modules\common\instabot_env\lib\python3.12\site-packages\charset_normalizer\md.cpython-312-x86_64-linux-gnu.so,5bae7841353741923a7962747da9d2700af4fceeac2f423ad5fc9149d0bedfd6,OK
modules\common\instabot_env\lib\python3.12\site-packages\charset_normalizer\md__mypyc.cpython-312-x86_64-linux-gnu.so,C:\SNS_24AutoProject_250723\modules\common\instabot_env\lib\python3.12\site-packages\charset_normalizer\md__mypyc.cpython-312-x86_64-linux-gnu.so,d3620176e1e1ac07c826d79358c949ba540ada028c18feb8772f1b56e6c4c373,OK
modules\common\instabot_env\lib\python3.12\site-packages\Cryptodome\Cipher\AES.pyi,C:\SNS_24AutoProject_250723\modules\common\instabot_env\lib\python3.12\site-packages\Cryptodome\Cipher\AES.pyi,b4f67ed1353fa7397a47a46f13efdec1b72e4f67293fdec1134a18a5e30bfe80,OK
modules\common\instabot_env\lib\python3.12\site-packages\Cryptodome\Cipher\ARC2.pyi,C:\SNS_24AutoProject_250723\modules\common\instabot_env\lib\python3.12\site-packages\Cryptodome\Cipher\ARC2.pyi,3756e2f4cd4126793bfb66d14b7a71e4d3fd95bccdd36cee1c9752810da5f6b0,OK
modules\common\instabot_env\lib\python3.12\site-packages\Cryptodome\Cipher\ARC4.pyi,C:\SNS_24AutoProject_250723\modules\common\instabot_env\lib\python3.12\site-packages\Cryptodome\Cipher\ARC4.pyi,b5b18e83fdc0bf354a2cd94444876f2ef7c6d68e54b1ad88e9417c6cb93f04f8,OK
modules\common\instabot_env\lib\python3.12\site-packages\Cryptodome\Cipher\Blowfish.pyi,C:\SNS_24AutoProject_250723\modules\common\instabot_env\lib\python3.12\site-packages\Cryptodome\Cipher\Blowfish.pyi,a1cf2f18024fdf5dc3373ae3d8a13430b6afe001131d841e477a5199548ca857,OK
modules\common\instabot_env\lib\python3.12\site-packages\Cryptodome\Cipher\CAST.pyi,C:\SNS_24AutoProject_250723\modules\common\instabot_env\lib\python3.12\site-packages\Cryptodome\Cipher\CAST.pyi,c9579908d3eba910e8253e6180fb01498c007d23b503bb60e6d5058e53dfbe1c,OK
modules\common\instabot_env\lib\python3.12\site-packages\Cryptodome\Cipher\ChaCha20.pyi,C:\SNS_24AutoProject_250723\modules\common\instabot_env\lib\python3.12\site-packages\Cryptodome\Cipher\ChaCha20.pyi,380605137911a31bdc3450fed359fab9aeac26095f70f5d9d9341cec4b078be4,OK
modules\common\instabot_env\lib\python3.12\site-packages\Cryptodome\Cipher\ChaCha20_Poly1305.pyi,C:\SNS_24AutoProject_250723\modules\common\instabot_env\lib\python3.12\site-packages\Cryptodome\Cipher\ChaCha20_Poly1305.pyi,29598c8c4490ee6b2a6ee42e63ea6bfc7232e64a2a5b33dc51595569e1af2065,OK
modules\common\instabot_env\lib\python3.12\site-packages\Cryptodome\Cipher\DES.pyi,C:\SNS_24AutoProject_250723\modules\common\instabot_env\lib\python3.12\site-packages\Cryptodome\Cipher\DES.pyi,9ffc4fde3b04dd0250a382f89fc27bad228f5624701e732fa4afe1f332b218f8,OK
modules\common\instabot_env\lib\python3.12\site-packages\Cryptodome\Cipher\DES3.pyi,C:\SNS_24AutoProject_250723\modules\common\instabot_env\lib\python3.12\site-packages\Cryptodome\Cipher\DES3.pyi,046b86413bbbdae7147f3a349b7a2807a8eb1c012d1960960622f9d7eb2d9320,OK
modules\common\instabot_env\lib\python3.12\site-packages\Cryptodome\Cipher\PKCS1_OAEP.pyi,C:\SNS_24AutoProject_250723\modules\common\instabot_env\lib\python3.12\site-packages\Cryptodome\Cipher\PKCS1_OAEP.pyi,7074b21a6ee0a20a6cdee67b44f3f5bb131aa97b4849e4b7ef67e78143cbe45a,OK
modules\common\instabot_env\lib\python3.12\site-packages\Cryptodome\Cipher\Salsa20.pyi,C:\SNS_24AutoProject_250723\modules\common\instabot_env\lib\python3.12\site-packages\Cryptodome\Cipher\Salsa20.pyi,3a381b41977f90ad8a37a2245853109be6be1381651b5c9bbde90c446df0d2c6,OK
modules\common\instabot_env\lib\python3.12\site-packages\Cryptodome\Cipher\_ARC4.abi3.so,C:\SNS_24AutoProject_250723\modules\common\instabot_env\lib\python3.12\site-packages\Cryptodome\Cipher\_ARC4.abi3.so,2adb90541769f14a6f05824794ea1287ff228645e363046d4ba4e47df4a99455,OK
modules\common\instabot_env\lib\python3.12\site-packages\Cryptodome\Cipher\_chacha20.abi3.so,C:\SNS_24AutoProject_250723\modules\common\instabot_env\lib\python3.12\site-packages\Cryptodome\Cipher\_chacha20.abi3.so,cb6d8f7369a9e0277728a4a587f31883bb2051c4f297abc84ecd1d82e15772bb,OK
modules\common\instabot_env\lib\python3.12\site-packages\Cryptodome\Cipher\_EKSBlowfish.pyi,C:\SNS_24AutoProject_250723\modules\common\instabot_env\lib\python3.12\site-packages\Cryptodome\Cipher\_EKSBlowfish.pyi,4d8d1035e725ae9a0b8113ee727f59c688764f0a54636810735127f8419a7bf0,OK
modules\common\instabot_env\lib\python3.12\site-packages\Cryptodome\Cipher\_mode_cbc.pyi,C:\SNS_24AutoProject_250723\modules\common\instabot_env\lib\python3.12\site-packages\Cryptodome\Cipher\_mode_cbc.pyi,c2273476b94d7dc35d21a3cd0e1b78a832b629eaaaba67e7c557a572c3f3572b,OK
modules\common\instabot_env\lib\python3.12\site-packages\Cryptodome\Cipher\_mode_ccm.pyi,C:\SNS_24AutoProject_250723\modules\common\instabot_env\lib\python3.12\site-packages\Cryptodome\Cipher\_mode_ccm.pyi,10d716e8efbeb957009f0bc9987765a641ff48376c8c4c9175e22511a4eb32fa,OK
modules\common\instabot_env\lib\python3.12\site-packages\Cryptodome\Cipher\_mode_cfb.pyi,C:\SNS_24AutoProject_250723\modules\common\instabot_env\lib\python3.12\site-packages\Cryptodome\Cipher\_mode_cfb.pyi,0f2ebc5e7921f8428204d6a41e6ab5260c47ac2c1831a586ce3e01f339b3a0a7,OK
modules\common\instabot_env\lib\python3.12\site-packages\Cryptodome\Cipher\_mode_ctr.pyi,C:\SNS_24AutoProject_250723\modules\common\instabot_env\lib\python3.12\site-packages\Cryptodome\Cipher\_mode_ctr.pyi,764bd18a661bdd85e3aa3783c76faaca9bcd87bbee2486fac6fa08eeccb9383f,OK
modules\common\instabot_env\lib\python3.12\site-packages\Cryptodome\Cipher\_mode_eax.pyi,C:\SNS_24AutoProject_250723\modules\common\instabot_env\lib\python3.12\site-packages\Cryptodome\Cipher\_mode_eax.pyi,513c092cb7fc2e5c6f54b1645072946e1ee2c87dac8ebd973aa336a73ca8407f,OK
modules\common\instabot_env\lib\python3.12\site-packages\Cryptodome\Cipher\_mode_ecb.pyi,C:\SNS_24AutoProject_250723\modules\common\instabot_env\lib\python3.12\site-packages\Cryptodome\Cipher\_mode_ecb.pyi,53ef93b2f84a8430db3c0496240cbc62152954eee9452504a5b36dff616fd977,OK
modules\common\instabot_env\lib\python3.12\site-packages\Cryptodome\Cipher\_mode_gcm.pyi,C:\SNS_24AutoProject_250723\modules\common\instabot_env\lib\python3.12\site-packages\Cryptodome\Cipher\_mode_gcm.pyi,8f2787b4015bab1025ceb22a746456ca176b996817d495e6bbb59c9a5aed51dd,OK
modules\common\instabot_env\lib\python3.12\site-packages\Cryptodome\Cipher\_mode_ocb.pyi,C:\SNS_24AutoProject_250723\modules\common\instabot_env\lib\python3.12\site-packages\Cryptodome\Cipher\_mode_ocb.pyi,d3f4c002915036fadb9837f9a747b0c5e33d297a88e422c213e65917840dfd76,OK
modules\common\instabot_env\lib\python3.12\site-packages\Cryptodome\Cipher\_mode_ofb.pyi,C:\SNS_24AutoProject_250723\modules\common\instabot_env\lib\python3.12\site-packages\Cryptodome\Cipher\_mode_ofb.pyi,a43f73af171e8482523f604e792bcdc35a63d0703719513e2408dc03d9e0d25f,OK
modules\common\instabot_env\lib\python3.12\site-packages\Cryptodome\Cipher\_mode_openpgp.pyi,C:\SNS_24AutoProject_250723\modules\common\instabot_env\lib\python3.12\site-packages\Cryptodome\Cipher\_mode_openpgp.pyi,c4a77c99153fbb51e27e5ff3f33bce6cfb394c51f3be840e45237b2bff8639a7,OK
modules\common\instabot_env\lib\python3.12\site-packages\Cryptodome\Cipher\_mode_siv.pyi,C:\SNS_24AutoProject_250723\modules\common\instabot_env\lib\python3.12\site-packages\Cryptodome\Cipher\_mode_siv.pyi,3efc8c7689164ea2362947d66202fb4951adb20305478c738c7f20d019612587,OK
modules\common\instabot_env\lib\python3.12\site-packages\Cryptodome\Cipher\_pkcs1_decode.abi3.so,C:\SNS_24AutoProject_250723\modules\common\instabot_env\lib\python3.12\site-packages\Cryptodome\Cipher\_pkcs1_decode.abi3.so,69dacc75daeb63332649180ef0512787f2730f2788f717d4b132c97c835fadea,OK
modules\common\instabot_env\lib\python3.12\site-packages\Cryptodome\Cipher\_raw_aes.abi3.so,C:\SNS_24AutoProject_250723\modules\common\instabot_env\lib\python3.12\site-packages\Cryptodome\Cipher\_raw_aes.abi3.so,f4265907fce6174d7e043039af0f244d650861a8b1c50d135b738602dde37578,OK
modules\common\instabot_env\lib\python3.12\site-packages\Cryptodome\Cipher\_raw_aesni.abi3.so,C:\SNS_24AutoProject_250723\modules\common\instabot_env\lib\python3.12\site-packages\Cryptodome\Cipher\_raw_aesni.abi3.so,1fd3c232c2ea188c6d6cc78a3527376ac6691ffe04c95ac420e6c5aa5bbc6b54,OK
modules\common\instabot_env\lib\python3.12\site-packages\Cryptodome\Cipher\_raw_arc2.abi3.so,C:\SNS_24AutoProject_250723\modules\common\instabot_env\lib\python3.12\site-packages\Cryptodome\Cipher\_raw_arc2.abi3.so,9691029d4146c35f3d914c9cb79b788989ebaafd447a73176a555d3bfd6373d5,OK
modules\common\instabot_env\lib\python3.12\site-packages\Cryptodome\Cipher\_raw_blowfish.abi3.so,C:\SNS_24AutoProject_250723\modules\common\instabot_env\lib\python3.12\site-packages\Cryptodome\Cipher\_raw_blowfish.abi3.so,174cb4378cfb9cf286b7d189ed0113490879e96a01d2f892e5eead4e7c2d3d5c,OK
modules\common\instabot_env\lib\python3.12\site-packages\Cryptodome\Cipher\_raw_cast.abi3.so,C:\SNS_24AutoProject_250723\modules\common\instabot_env\lib\python3.12\site-packages\Cryptodome\Cipher\_raw_cast.abi3.so,91cfb82c3ff953b5d2749278b830eea64f58a8aa528c680353af12297ad56500,OK
modules\common\instabot_env\lib\python3.12\site-packages\Cryptodome\Cipher\_raw_cbc.abi3.so,C:\SNS_24AutoProject_250723\modules\common\instabot_env\lib\python3.12\site-packages\Cryptodome\Cipher\_raw_cbc.abi3.so,d23d8ecbf2a5e657dd7077e435c5cd9df5bf722c1e650f958cb6990345842374,OK
modules\common\instabot_env\lib\python3.12\site-packages\Cryptodome\Cipher\_raw_cfb.abi3.so,C:\SNS_24AutoProject_250723\modules\common\instabot_env\lib\python3.12\site-packages\Cryptodome\Cipher\_raw_cfb.abi3.so,3ecfbf0b55be47fc32b755f9c1797d2fa9877f01977af500c05efb4e430c4ab6,OK
modules\common\instabot_env\lib\python3.12\site-packages\Cryptodome\Cipher\_raw_ctr.abi3.so,C:\SNS_24AutoProject_250723\modules\common\instabot_env\lib\python3.12\site-packages\Cryptodome\Cipher\_raw_ctr.abi3.so,dbc8b7fa5ec053f0ef8d5ed5c5af85a5f492cf4236aca594c9f979fb8d965283,OK
modules\common\instabot_env\lib\python3.12\site-packages\Cryptodome\Cipher\_raw_des.abi3.so,C:\SNS_24AutoProject_250723\modules\common\instabot_env\lib\python3.12\site-packages\Cryptodome\Cipher\_raw_des.abi3.so,3fc55b04e0d3be6df43d2c7b0296113a0381d7c5f0df0c883b5c9be23c2f8ae2,OK
modules\common\instabot_env\lib\python3.12\site-packages\Cryptodome\Cipher\_raw_des3.abi3.so,C:\SNS_24AutoProject_250723\modules\common\instabot_env\lib\python3.12\site-packages\Cryptodome\Cipher\_raw_des3.abi3.so,4091cc675b754684ccafb55ef5d2865ae1b9e3750e1bae92a37cdfbcb8c04a4b,OK
modules\common\instabot_env\lib\python3.12\site-packages\Cryptodome\Cipher\_raw_ecb.abi3.so,C:\SNS_24AutoProject_250723\modules\common\instabot_env\lib\python3.12\site-packages\Cryptodome\Cipher\_raw_ecb.abi3.so,7d8dde22e0e9fb9ea2d467e81a9a7421f1f688359b9d6685c4c57f5dfe1100e2,OK
modules\common\instabot_env\lib\python3.12\site-packages\Cryptodome\Cipher\_raw_eksblowfish.abi3.so,C:\SNS_24AutoProject_250723\modules\common\instabot_env\lib\python3.12\site-packages\Cryptodome\Cipher\_raw_eksblowfish.abi3.so,164b6cb73f02f711bea36623d3629426bb0eda0f843f80b7a16c85f45b29f276,OK
modules\common\instabot_env\lib\python3.12\site-packages\Cryptodome\Cipher\_raw_ocb.abi3.so,C:\SNS_24AutoProject_250723\modules\common\instabot_env\lib\python3.12\site-packages\Cryptodome\Cipher\_raw_ocb.abi3.so,ac4b744938151389a70182391bb4f17ed28a626002fba31e78f101435e393e2d,OK
modules\common\instabot_env\lib\python3.12\site-packages\Cryptodome\Cipher\_raw_ofb.abi3.so,C:\SNS_24AutoProject_250723\modules\common\instabot_env\lib\python3.12\site-packages\Cryptodome\Cipher\_raw_ofb.abi3.so,c4c711d7ac3c2c4d19a6ba0b3e7132ecab313873e5761df7af1a1115486890b6,OK
modules\common\instabot_env\lib\python3.12\site-packages\Cryptodome\Cipher\_Salsa20.abi3.so,C:\SNS_24AutoProject_250723\modules\common\instabot_env\lib\python3.12\site-packages\Cryptodome\Cipher\_Salsa20.abi3.so,ff9a06e126354cd518769ef2fa7541f82962a895c9306e52695da85281eba718,OK
modules\common\instabot_env\lib\python3.12\site-packages\Cryptodome\Hash\BLAKE2b.pyi,C:\SNS_24AutoProject_250723\modules\common\instabot_env\lib\python3.12\site-packages\Cryptodome\Hash\BLAKE2b.pyi,404c2f693ac7e10e22df810dff8bab1d23a96a6e0cd18a504c819c20879efd44,OK
modules\common\instabot_env\lib\python3.12\site-packages\Cryptodome\Hash\BLAKE2s.pyi,C:\SNS_24AutoProject_250723\modules\common\instabot_env\lib\python3.12\site-packages\Cryptodome\Hash\BLAKE2s.pyi,b8261a2cd4084390503de97e8ea363df3e6bcc33133504661a60ed4dd9dc6eac,OK
modules\common\instabot_env\lib\python3.12\site-packages\Cryptodome\Hash\CMAC.pyi,C:\SNS_24AutoProject_250723\modules\common\instabot_env\lib\python3.12\site-packages\Cryptodome\Hash\CMAC.pyi,6adb1008c3b287f058c95bdf58f01c629fc0dd1a8a5dce8b2f604e3122bf9997,OK
modules\common\instabot_env\lib\python3.12\site-packages\Cryptodome\Hash\cSHAKE128.pyi,C:\SNS_24AutoProject_250723\modules\common\instabot_env\lib\python3.12\site-packages\Cryptodome\Hash\cSHAKE128.pyi,b2be2882bbd2dbd8551bc044e1a802009c3b5284f311bb419d08a86b32b8e1ba,OK
modules\common\instabot_env\lib\python3.12\site-packages\Cryptodome\Hash\cSHAKE256.pyi,C:\SNS_24AutoProject_250723\modules\common\instabot_env\lib\python3.12\site-packages\Cryptodome\Hash\cSHAKE256.pyi,7e53ffcc226c10b9e8b7abb13da97ca46821ef8d056c4ef161263ed8f2d47b5c,OK
modules\common\instabot_env\lib\python3.12\site-packages\Cryptodome\Hash\HMAC.pyi,C:\SNS_24AutoProject_250723\modules\common\instabot_env\lib\python3.12\site-packages\Cryptodome\Hash\HMAC.pyi,e63d18367821c62d04efbcb1390d92d592d48a1c75982ec95f06eb5cfe042173,OK
modules\common\instabot_env\lib\python3.12\site-packages\Cryptodome\Hash\KangarooTwelve.pyi,C:\SNS_24AutoProject_250723\modules\common\instabot_env\lib\python3.12\site-packages\Cryptodome\Hash\KangarooTwelve.pyi,e7d69d007ada6d0537ac67c97425c17efa299c54fc110b986783047a5d06e702,OK
modules\common\instabot_env\lib\python3.12\site-packages\Cryptodome\Hash\keccak.pyi,C:\SNS_24AutoProject_250723\modules\common\instabot_env\lib\python3.12\site-packages\Cryptodome\Hash\keccak.pyi,a4d6c227f559b352a7d689ff278a8fa55f6e7dc94366eaa5adb3800cdc27ae0f,OK
modules\common\instabot_env\lib\python3.12\site-packages\Cryptodome\Hash\KMAC128.pyi,C:\SNS_24AutoProject_250723\modules\common\instabot_env\lib\python3.12\site-packages\Cryptodome\Hash\KMAC128.pyi,72899798131c8b88d4eb53b230461d59f4e8daa6cec68281e41ed204ad66f4f5,OK
modules\common\instabot_env\lib\python3.12\site-packages\Cryptodome\Hash\KMAC256.pyi,C:\SNS_24AutoProject_250723\modules\common\instabot_env\lib\python3.12\site-packages\Cryptodome\Hash\KMAC256.pyi,a5e98167b0cf4944e08a99543244585d1bbb74e8c5d376ab5dfba95d62382183,OK
modules\common\instabot_env\lib\python3.12\site-packages\Cryptodome\Hash\MD2.pyi,C:\SNS_24AutoProject_250723\modules\common\instabot_env\lib\python3.12\site-packages\Cryptodome\Hash\MD2.pyi,17d64a6348c5fe1cb8b42494b39471de762708e1a2f338750d0737b4e84a7d4f,OK
modules\common\instabot_env\lib\python3.12\site-packages\Cryptodome\Hash\MD4.pyi,C:\SNS_24AutoProject_250723\modules\common\instabot_env\lib\python3.12\site-packages\Cryptodome\Hash\MD4.pyi,7f99798c0b345a12e690a7686dbf9964209f696b03b56b280202054a726b3769,OK
modules\common\instabot_env\lib\python3.12\site-packages\Cryptodome\Hash\MD5.pyi,C:\SNS_24AutoProject_250723\modules\common\instabot_env\lib\python3.12\site-packages\Cryptodome\Hash\MD5.pyi,e6a24d17362013427508ea6135c88623c635e3e721584f444c6e8a0fef34aac7,OK
modules\common\instabot_env\lib\python3.12\site-packages\Cryptodome\Hash\Poly1305.pyi,C:\SNS_24AutoProject_250723\modules\common\instabot_env\lib\python3.12\site-packages\Cryptodome\Hash\Poly1305.pyi,ccc70c3b5d4ec8ac8626949d2d677c3e3fee0636ca9654b49f0ec73c3c15ce29,OK
modules\common\instabot_env\lib\python3.12\site-packages\Cryptodome\Hash\RIPEMD.pyi,C:\SNS_24AutoProject_250723\modules\common\instabot_env\lib\python3.12\site-packages\Cryptodome\Hash\RIPEMD.pyi,839c1bf63f0bbf59c2b396da97dc665ed913503094771cb4aceaa05a5c61ed87,OK
modules\common\instabot_env\lib\python3.12\site-packages\Cryptodome\Hash\RIPEMD160.pyi,C:\SNS_24AutoProject_250723\modules\common\instabot_env\lib\python3.12\site-packages\Cryptodome\Hash\RIPEMD160.pyi,f4bf5f0701adc29cf076c9c96d2684600cc6128e7067ca34c01c430acf62c5a0,OK
modules\common\instabot_env\lib\python3.12\site-packages\Cryptodome\Hash\SHA.pyi,C:\SNS_24AutoProject_250723\modules\common\instabot_env\lib\python3.12\site-packages\Cryptodome\Hash\SHA.pyi,4491e9e2fb95ff5f52b60138ab196721f0e5b60163c7e2fdaba1f4b6387e464d,OK
modules\common\instabot_env\lib\python3.12\site-packages\Cryptodome\Hash\SHA1.pyi,C:\SNS_24AutoProject_250723\modules\common\instabot_env\lib\python3.12\site-packages\Cryptodome\Hash\SHA1.pyi,2a6d2d6e10eb940eac6f27f950fd412412cdbd97c205e87b63f1a0bc4733b02d,OK
modules\common\instabot_env\lib\python3.12\site-packages\Cryptodome\Hash\SHA224.pyi,C:\SNS_24AutoProject_250723\modules\common\instabot_env\lib\python3.12\site-packages\Cryptodome\Hash\SHA224.pyi,428b93e0716c06f2ff461207744e1f544b3427c656885140cdbf4cdd87a96759,OK
modules\common\instabot_env\lib\python3.12\site-packages\Cryptodome\Hash\SHA256.pyi,C:\SNS_24AutoProject_250723\modules\common\instabot_env\lib\python3.12\site-packages\Cryptodome\Hash\SHA256.pyi,485a54d212b8772b0f5587dcacf55c0c51c47171d3e2587171bc7d265099b4fa,OK
modules\common\instabot_env\lib\python3.12\site-packages\Cryptodome\Hash\SHA384.pyi,C:\SNS_24AutoProject_250723\modules\common\instabot_env\lib\python3.12\site-packages\Cryptodome\Hash\SHA384.pyi,fb89698e9de0763a305e3503df04e85127befaf5c6c75fbc5b103b58cf5170cb,OK
modules\common\instabot_env\lib\python3.12\site-packages\Cryptodome\Hash\SHA3_224.pyi,C:\SNS_24AutoProject_250723\modules\common\instabot_env\lib\python3.12\site-packages\Cryptodome\Hash\SHA3_224.pyi,60dbcdf86c55a4f2baffe79ed3f9feef080086aec9cc168169e1a235d56841d9,OK
modules\common\instabot_env\lib\python3.12\site-packages\Cryptodome\Hash\SHA3_256.pyi,C:\SNS_24AutoProject_250723\modules\common\instabot_env\lib\python3.12\site-packages\Cryptodome\Hash\SHA3_256.pyi,2653ce895b4454d25eac6591b810ee9d7053d7d597ffa39ba54b8c697ed0744b,OK
modules\common\instabot_env\lib\python3.12\site-packages\Cryptodome\Hash\SHA3_384.pyi,C:\SNS_24AutoProject_250723\modules\common\instabot_env\lib\python3.12\site-packages\Cryptodome\Hash\SHA3_384.pyi,737c1bd1ce918e570c70adb6995e11656b0399403636ccda8212c05c8acdf13f,OK
modules\common\instabot_env\lib\python3.12\site-packages\Cryptodome\Hash\SHA3_512.pyi,C:\SNS_24AutoProject_250723\modules\common\instabot_env\lib\python3.12\site-packages\Cryptodome\Hash\SHA3_512.pyi,6d9d16a334c3fe643fe6dff3e12582a429fad5884255a985e74d63b107548e9b,OK
modules\common\instabot_env\lib\python3.12\site-packages\Cryptodome\Hash\SHA512.pyi,C:\SNS_24AutoProject_250723\modules\common\instabot_env\lib\python3.12\site-packages\Cryptodome\Hash\SHA512.pyi,a8a1c979a987923cdf154558b2b35d35167517da2e924c2097a3be2528e165dc,OK
modules\common\instabot_env\lib\python3.12\site-packages\Cryptodome\Hash\SHAKE128.pyi,C:\SNS_24AutoProject_250723\modules\common\instabot_env\lib\python3.12\site-packages\Cryptodome\Hash\SHAKE128.pyi,c821f3eb1ea7a580d1cc12080a7396097a969573c3ebbefec7df42575c90a661,OK
modules\common\instabot_env\lib\python3.12\site-packages\Cryptodome\Hash\SHAKE256.pyi,C:\SNS_24AutoProject_250723\modules\common\instabot_env\lib\python3.12\site-packages\Cryptodome\Hash\SHAKE256.pyi,f3b769f4d866982a312b42cfcadd42b4be52457815d22c5d040c558ea6a18314,OK
modules\common\instabot_env\lib\python3.12\site-packages\Cryptodome\Hash\TupleHash128.pyi,C:\SNS_24AutoProject_250723\modules\common\instabot_env\lib\python3.12\site-packages\Cryptodome\Hash\TupleHash128.pyi,6323b2b79e6bc8078ee750c882b04bf34e6728e8bae349cfb8ed7f04a11f7bca,OK
modules\common\instabot_env\lib\python3.12\site-packages\Cryptodome\Hash\TupleHash256.pyi,C:\SNS_24AutoProject_250723\modules\common\instabot_env\lib\python3.12\site-packages\Cryptodome\Hash\TupleHash256.pyi,bd753d291167c8a3f585daeca8dad981d8de0be22b09cee245a0d697343ed778,OK
modules\common\instabot_env\lib\python3.12\site-packages\Cryptodome\Hash\TurboSHAKE128.pyi,C:\SNS_24AutoProject_250723\modules\common\instabot_env\lib\python3.12\site-packages\Cryptodome\Hash\TurboSHAKE128.pyi,c6e1d625a1746c843f0f061b74bbe220282dabbcba0029bb64484d4170d73ade,OK
modules\common\instabot_env\lib\python3.12\site-packages\Cryptodome\Hash\TurboSHAKE256.pyi,C:\SNS_24AutoProject_250723\modules\common\instabot_env\lib\python3.12\site-packages\Cryptodome\Hash\TurboSHAKE256.pyi,bb00d513daa6c3861832b08a3243923d32502f2d4586eb069b9f62fa28bc1ee2,OK
modules\common\instabot_env\lib\python3.12\site-packages\Cryptodome\Hash\_BLAKE2b.abi3.so,C:\SNS_24AutoProject_250723\modules\common\instabot_env\lib\python3.12\site-packages\Cryptodome\Hash\_BLAKE2b.abi3.so,5f40883e38d1e8597d68cb9201eb9842ebacf47930555bc93e9adc2fbd35a5b0,OK
modules\common\instabot_env\lib\python3.12\site-packages\Cryptodome\Hash\_BLAKE2s.abi3.so,C:\SNS_24AutoProject_250723\modules\common\instabot_env\lib\python3.12\site-packages\Cryptodome\Hash\_BLAKE2s.abi3.so,48e3dfd8293f72cc5ad942ee55c4908b3254a568bf0f1674279fc31a9b52ed68,OK
modules\common\instabot_env\lib\python3.12\site-packages\Cryptodome\Hash\_ghash_clmul.abi3.so,C:\SNS_24AutoProject_250723\modules\common\instabot_env\lib\python3.12\site-packages\Cryptodome\Hash\_ghash_clmul.abi3.so,5d985565f647a02c277c6ffe58e82778f55278f854e286f87d4b7d1920ae9701,OK
modules\common\instabot_env\lib\python3.12\site-packages\Cryptodome\Hash\_ghash_portable.abi3.so,C:\SNS_24AutoProject_250723\modules\common\instabot_env\lib\python3.12\site-packages\Cryptodome\Hash\_ghash_portable.abi3.so,bed27029d44068160d45c5867b2bbad2475a40c3875b66960acb801b67aa7c22,OK
modules\common\instabot_env\lib\python3.12\site-packages\Cryptodome\Hash\_keccak.abi3.so,C:\SNS_24AutoProject_250723\modules\common\instabot_env\lib\python3.12\site-packages\Cryptodome\Hash\_keccak.abi3.so,78e30b92f3c32ab063ccf462b3d1079fc8291a692242b502c33ff878287e522e,OK
modules\common\instabot_env\lib\python3.12\site-packages\Cryptodome\Hash\_MD2.abi3.so,C:\SNS_24AutoProject_250723\modules\common\instabot_env\lib\python3.12\site-packages\Cryptodome\Hash\_MD2.abi3.so,c7070cc973957f3489ae76f147b5925fc42aefdb243bd2972b66f821d0f3b75f,OK
modules\common\instabot_env\lib\python3.12\site-packages\Cryptodome\Hash\_MD4.abi3.so,C:\SNS_24AutoProject_250723\modules\common\instabot_env\lib\python3.12\site-packages\Cryptodome\Hash\_MD4.abi3.so,d9d6f81f240f396377e4a2d56a75a3e63bbcb5d27d0f451317cbbef3e4d6384e,OK
modules\common\instabot_env\lib\python3.12\site-packages\Cryptodome\Hash\_MD5.abi3.so,C:\SNS_24AutoProject_250723\modules\common\instabot_env\lib\python3.12\site-packages\Cryptodome\Hash\_MD5.abi3.so,978dfd0759da57bc5016840bd39dd57ddc132613d4b311a1cda543762ba2f3db,OK
modules\common\instabot_env\lib\python3.12\site-packages\Cryptodome\Hash\_poly1305.abi3.so,C:\SNS_24AutoProject_250723\modules\common\instabot_env\lib\python3.12\site-packages\Cryptodome\Hash\_poly1305.abi3.so,c28f9ad6bf36ad3222ae7e86131d0b369305dc374668a5570b90bdfc1ebda572,OK
modules\common\instabot_env\lib\python3.12\site-packages\Cryptodome\Hash\_RIPEMD160.abi3.so,C:\SNS_24AutoProject_250723\modules\common\instabot_env\lib\python3.12\site-packages\Cryptodome\Hash\_RIPEMD160.abi3.so,713c0925d73197071b1066a8faa1cabdbda9d79f0a2056608dc59d5c71b2709b,OK
modules\common\instabot_env\lib\python3.12\site-packages\Cryptodome\Hash\_SHA1.abi3.so,C:\SNS_24AutoProject_250723\modules\common\instabot_env\lib\python3.12\site-packages\Cryptodome\Hash\_SHA1.abi3.so,9c2bfda92a78790e3c7e34c72ebbda5b7e8e8a2888b83d9aedb7c09aa1a38bef,OK
modules\common\instabot_env\lib\python3.12\site-packages\Cryptodome\Hash\_SHA224.abi3.so,C:\SNS_24AutoProject_250723\modules\common\instabot_env\lib\python3.12\site-packages\Cryptodome\Hash\_SHA224.abi3.so,542b0dc5b2f17a8358ecd0a49aa1b4e46601041280686347552273658ecb1307,OK
modules\common\instabot_env\lib\python3.12\site-packages\Cryptodome\Hash\_SHA256.abi3.so,C:\SNS_24AutoProject_250723\modules\common\instabot_env\lib\python3.12\site-packages\Cryptodome\Hash\_SHA256.abi3.so,b516067224d7d1f84b29388c545705753c557bd4916457ddf4c60452296b0951,OK
modules\common\instabot_env\lib\python3.12\site-packages\Cryptodome\Hash\_SHA384.abi3.so,C:\SNS_24AutoProject_250723\modules\common\instabot_env\lib\python3.12\site-packages\Cryptodome\Hash\_SHA384.abi3.so,fa694e6a1b638a9de3f10c59ffc06f20eda47a832fbdc6980e50f006674827f7,OK
modules\common\instabot_env\lib\python3.12\site-packages\Cryptodome\Hash\_SHA512.abi3.so,C:\SNS_24AutoProject_250723\modules\common\instabot_env\lib\python3.12\site-packages\Cryptodome\Hash\_SHA512.abi3.so,1279fda58eba3013152a5470abe872bc948587fc2251e905ceabd0e424e51ad8,OK
modules\common\instabot_env\lib\python3.12\site-packages\Cryptodome\IO\PEM.pyi,C:\SNS_24AutoProject_250723\modules\common\instabot_env\lib\python3.12\site-packages\Cryptodome\IO\PEM.pyi,0fc2db22d60400350343022ca31ffaadecd568a9e687c0abc7595f6df7de0872,OK
modules\common\instabot_env\lib\python3.12\site-packages\Cryptodome\IO\PKCS8.pyi,C:\SNS_24AutoProject_250723\modules\common\instabot_env\lib\python3.12\site-packages\Cryptodome\IO\PKCS8.pyi,38a85f3a1136d77c42859c4f9c36f29fba0d298490c025d51748651989533f31,OK
modules\common\instabot_env\lib\python3.12\site-packages\Cryptodome\IO\_PBES.pyi,C:\SNS_24AutoProject_250723\modules\common\instabot_env\lib\python3.12\site-packages\Cryptodome\IO\_PBES.pyi,4cd1776b3bf4dc10692246a13576e7762116eb859aeb59c1fe769c2a85791342,OK
modules\common\instabot_env\lib\python3.12\site-packages\Cryptodome\Math\Numbers.pyi,C:\SNS_24AutoProject_250723\modules\common\instabot_env\lib\python3.12\site-packages\Cryptodome\Math\Numbers.pyi,9ad6f83082bc0290a089ef34c519d3a6d8528fb1c2f0b6f8d609dc3f54c7e7c7,OK
modules\common\instabot_env\lib\python3.12\site-packages\Cryptodome\Math\Primality.pyi,C:\SNS_24AutoProject_250723\modules\common\instabot_env\lib\python3.12\site-packages\Cryptodome\Math\Primality.pyi,0a168e3330deea7f9490c7e0e80aca1dbcdac9505f1c88f1556d6fe2c6572fd1,OK
modules\common\instabot_env\lib\python3.12\site-packages\Cryptodome\Math\_IntegerBase.pyi,C:\SNS_24AutoProject_250723\modules\common\instabot_env\lib\python3.12\site-packages\Cryptodome\Math\_IntegerBase.pyi,4aa469c47e658845c8b172d9646e4e699d01b87c66666b300943d91d47a37ec3,OK
modules\common\instabot_env\lib\python3.12\site-packages\Cryptodome\Math\_IntegerCustom.pyi,C:\SNS_24AutoProject_250723\modules\common\instabot_env\lib\python3.12\site-packages\Cryptodome\Math\_IntegerCustom.pyi,b3d5198a0044814bc74b820e76df235e1b19df73bd8f5f69ee589ea1bd51f846,OK
modules\common\instabot_env\lib\python3.12\site-packages\Cryptodome\Math\_IntegerGMP.pyi,C:\SNS_24AutoProject_250723\modules\common\instabot_env\lib\python3.12\site-packages\Cryptodome\Math\_IntegerGMP.pyi,05dff377755f7b9d645978c7fe35dde473102cdffe7ae9da57c2a5dbe1dfea5b,OK
modules\common\instabot_env\lib\python3.12\site-packages\Cryptodome\Math\_IntegerNative.pyi,C:\SNS_24AutoProject_250723\modules\common\instabot_env\lib\python3.12\site-packages\Cryptodome\Math\_IntegerNative.pyi,68d4c76a5a0ebb603215bb658cec6e7cca07061a3cb864b8a19d3adb527ebd23,OK
modules\common\instabot_env\lib\python3.12\site-packages\Cryptodome\Math\_modexp.abi3.so,C:\SNS_24AutoProject_250723\modules\common\instabot_env\lib\python3.12\site-packages\Cryptodome\Math\_modexp.abi3.so,93b056fe341952f08d2160cd7232bf5c5293fdf611cfc0a0f8958a9badc4d6a9,OK
modules\common\instabot_env\lib\python3.12\site-packages\Cryptodome\Protocol\DH.pyi,C:\SNS_24AutoProject_250723\modules\common\instabot_env\lib\python3.12\site-packages\Cryptodome\Protocol\DH.pyi,214ebebe22b33630a624ca775551dc3aaf7bef917e26499d454ce079d9722822,OK
modules\common\instabot_env\lib\python3.12\site-packages\Cryptodome\Protocol\KDF.pyi,C:\SNS_24AutoProject_250723\modules\common\instabot_env\lib\python3.12\site-packages\Cryptodome\Protocol\KDF.pyi,54f960bd6cebf9a7107eb08e11b4550d1f497e4f5924c4d39edcb9a74544835f,OK
modules\common\instabot_env\lib\python3.12\site-packages\Cryptodome\Protocol\SecretSharing.pyi,C:\SNS_24AutoProject_250723\modules\common\instabot_env\lib\python3.12\site-packages\Cryptodome\Protocol\SecretSharing.pyi,f965afe2b752361498830fc56da279d9e03650b65219bd76b66c5e820e2c5f14,OK
modules\common\instabot_env\lib\python3.12\site-packages\Cryptodome\Protocol\_scrypt.abi3.so,C:\SNS_24AutoProject_250723\modules\common\instabot_env\lib\python3.12\site-packages\Cryptodome\Protocol\_scrypt.abi3.so,ea7f6da9fdfe0a78554cd3e6d4c6f9e28df8ec3819318a4b5d53831ea3079117,OK
modules\common\instabot_env\lib\python3.12\site-packages\Cryptodome\PublicKey\DSA.pyi,C:\SNS_24AutoProject_250723\modules\common\instabot_env\lib\python3.12\site-packages\Cryptodome\PublicKey\DSA.pyi,026a5684bef8af27a63d33675ee3f01c75ae8ee20253b952656ad75e4806174d,OK
modules\common\instabot_env\lib\python3.12\site-packages\Cryptodome\PublicKey\ECC.pyi,C:\SNS_24AutoProject_250723\modules\common\instabot_env\lib\python3.12\site-packages\Cryptodome\PublicKey\ECC.pyi,497d970eb19dd67b52743ebda249bdbe94ce92be716417f5d97a1852f438ded1,OK
modules\common\instabot_env\lib\python3.12\site-packages\Cryptodome\PublicKey\ElGamal.pyi,C:\SNS_24AutoProject_250723\modules\common\instabot_env\lib\python3.12\site-packages\Cryptodome\PublicKey\ElGamal.pyi,57607ac977ea053907217419451beb1a89c698622306949bf79894ba7b75a451,OK
modules\common\instabot_env\lib\python3.12\site-packages\Cryptodome\PublicKey\RSA.pyi,C:\SNS_24AutoProject_250723\modules\common\instabot_env\lib\python3.12\site-packages\Cryptodome\PublicKey\RSA.pyi,bc31f3c467451ec16d0047b0165b739f45a22310f88a66d2501da0906a426ed0,OK
modules\common\instabot_env\lib\python3.12\site-packages\Cryptodome\PublicKey\_curve25519.abi3.so,C:\SNS_24AutoProject_250723\modules\common\instabot_env\lib\python3.12\site-packages\Cryptodome\PublicKey\_curve25519.abi3.so,568bf98f6ec778ed8ad19c961eebdb8e94a0b9fcd548f08c42b025b58294ccca,OK
modules\common\instabot_env\lib\python3.12\site-packages\Cryptodome\PublicKey\_curve448.abi3.so,C:\SNS_24AutoProject_250723\modules\common\instabot_env\lib\python3.12\site-packages\Cryptodome\PublicKey\_curve448.abi3.so,7263eb36abcf5313cc430ea5c3947e43cc6c09f3fbe4f839f7897602efe13d11,OK
modules\common\instabot_env\lib\python3.12\site-packages\Cryptodome\PublicKey\_ec_ws.abi3.so,C:\SNS_24AutoProject_250723\modules\common\instabot_env\lib\python3.12\site-packages\Cryptodome\PublicKey\_ec_ws.abi3.so,3daa7b8cff1e40bc9547730bed28c73bee4e7fc99318d5a4f423cffbf12c32b2,OK
modules\common\instabot_env\lib\python3.12\site-packages\Cryptodome\PublicKey\_ed25519.abi3.so,C:\SNS_24AutoProject_250723\modules\common\instabot_env\lib\python3.12\site-packages\Cryptodome\PublicKey\_ed25519.abi3.so,d26208c322f2e722a7d1c86658053dd19145008b4e6f5ca3a5abdbd74d528222,OK
modules\common\instabot_env\lib\python3.12\site-packages\Cryptodome\PublicKey\_ed448.abi3.so,C:\SNS_24AutoProject_250723\modules\common\instabot_env\lib\python3.12\site-packages\Cryptodome\PublicKey\_ed448.abi3.so,387053cc71f6b8f95634fca411a8949b459885debeda6edd35f5aaa8e3623cb2,OK
modules\common\instabot_env\lib\python3.12\site-packages\Cryptodome\PublicKey\_openssh.pyi,C:\SNS_24AutoProject_250723\modules\common\instabot_env\lib\python3.12\site-packages\Cryptodome\PublicKey\_openssh.pyi,e80ef7ecf0b9e39b23d5a628f56594698ddaab5c47d61720e82b51458a816975,OK
modules\common\instabot_env\lib\python3.12\site-packages\Cryptodome\PublicKey\_point.pyi,C:\SNS_24AutoProject_250723\modules\common\instabot_env\lib\python3.12\site-packages\Cryptodome\PublicKey\_point.pyi,554634c0cac2dcf376a46de11a728f9de90252c5b2f5f5d1e1fb3d99192a8587,OK
modules\common\instabot_env\lib\python3.12\site-packages\Cryptodome\Signature\DSS.pyi,C:\SNS_24AutoProject_250723\modules\common\instabot_env\lib\python3.12\site-packages\Cryptodome\Signature\DSS.pyi,cee65a89cd513e3443b217ea7ef41dc99f170bc72245a76009d9322f6c5d006d,OK
modules\common\instabot_env\lib\python3.12\site-packages\Cryptodome\Signature\eddsa.pyi,C:\SNS_24AutoProject_250723\modules\common\instabot_env\lib\python3.12\site-packages\Cryptodome\Signature\eddsa.pyi,26b5bfa23276c191ca242350e67b0eb0fc3c8eb9d072ab52f1d1d4ece31f72a9,OK
modules\common\instabot_env\lib\python3.12\site-packages\Cryptodome\Signature\pkcs1_15.pyi,C:\SNS_24AutoProject_250723\modules\common\instabot_env\lib\python3.12\site-packages\Cryptodome\Signature\pkcs1_15.pyi,7063a3d8670742b714b9d1faf672093a8b4ced5597f33e3be466ab492cc335df,OK
modules\common\instabot_env\lib\python3.12\site-packages\Cryptodome\Signature\PKCS1_PSS.pyi,C:\SNS_24AutoProject_250723\modules\common\instabot_env\lib\python3.12\site-packages\Cryptodome\Signature\PKCS1_PSS.pyi,b5c455e9c9acb25e44c8dc6437137816029caa165c60b6383ffe93c473a662b2,OK
modules\common\instabot_env\lib\python3.12\site-packages\Cryptodome\Signature\PKCS1_v1_5.pyi,C:\SNS_24AutoProject_250723\modules\common\instabot_env\lib\python3.12\site-packages\Cryptodome\Signature\PKCS1_v1_5.pyi,a9f6ddc1c0051d65a7ca1c24726a00ada5297395abe42e85a227c61b1f99bbaf,OK
modules\common\instabot_env\lib\python3.12\site-packages\Cryptodome\Signature\pss.pyi,C:\SNS_24AutoProject_250723\modules\common\instabot_env\lib\python3.12\site-packages\Cryptodome\Signature\pss.pyi,a3c9749022b64aa17b773095f36445d7f08f7fc49178332d70961577d7913d60,OK
modules\common\instabot_env\lib\python3.12\site-packages\Cryptodome\Util\asn1.pyi,C:\SNS_24AutoProject_250723\modules\common\instabot_env\lib\python3.12\site-packages\Cryptodome\Util\asn1.pyi,9c77255c686811e24ef5c437a1ebb259c8b011b6ab26da8f545811f4c62817a5,OK
modules\common\instabot_env\lib\python3.12\site-packages\Cryptodome\Util\Counter.pyi,C:\SNS_24AutoProject_250723\modules\common\instabot_env\lib\python3.12\site-packages\Cryptodome\Util\Counter.pyi,e61495f51cd88e41ef8f6d96ae104b78fc378ef4191d590a8d7dd77e2a9fc1b0,OK
modules\common\instabot_env\lib\python3.12\site-packages\Cryptodome\Util\number.pyi,C:\SNS_24AutoProject_250723\modules\common\instabot_env\lib\python3.12\site-packages\Cryptodome\Util\number.pyi,c0bbad43264bab5cf54756733d73282c7be904156181586dcd6f50d86a2f8253,OK
modules\common\instabot_env\lib\python3.12\site-packages\Cryptodome\Util\Padding.pyi,C:\SNS_24AutoProject_250723\modules\common\instabot_env\lib\python3.12\site-packages\Cryptodome\Util\Padding.pyi,93749291f992b08cf8a064f6e19446023815bd1b97f476602ef50a0fe17bebec,OK
modules\common\instabot_env\lib\python3.12\site-packages\Cryptodome\Util\py3compat.pyi,C:\SNS_24AutoProject_250723\modules\common\instabot_env\lib\python3.12\site-packages\Cryptodome\Util\py3compat.pyi,50235a2391d53e135eb07e7810e5e0e727cccbd8e1b7b22dd048b79b08dcea82,OK
modules\common\instabot_env\lib\python3.12\site-packages\Cryptodome\Util\RFC1751.pyi,C:\SNS_24AutoProject_250723\modules\common\instabot_env\lib\python3.12\site-packages\Cryptodome\Util\RFC1751.pyi,078d8bbec13a1bbf3aacd12cae1b5afc100d6b382ba5bd16a1204fa8aca3b798,OK
modules\common\instabot_env\lib\python3.12\site-packages\Cryptodome\Util\strxor.pyi,C:\SNS_24AutoProject_250723\modules\common\instabot_env\lib\python3.12\site-packages\Cryptodome\Util\strxor.pyi,5f86c667f499d953d6b797a8d1d10801c9a47f7f6e93802103a4a51ca930ac84,OK
modules\common\instabot_env\lib\python3.12\site-packages\Cryptodome\Util\_cpuid_c.abi3.so,C:\SNS_24AutoProject_250723\modules\common\instabot_env\lib\python3.12\site-packages\Cryptodome\Util\_cpuid_c.abi3.so,2c161368e944064302b78048613ef26dbc4229861d2328bcd29c501c72cb1b3c,OK
modules\common\instabot_env\lib\python3.12\site-packages\Cryptodome\Util\_cpu_features.pyi,C:\SNS_24AutoProject_250723\modules\common\instabot_env\lib\python3.12\site-packages\Cryptodome\Util\_cpu_features.pyi,df029767467c965736bb1003bdb873ddd1d5e982f246b0ee8ceb1a6d795f7c24,OK
modules\common\instabot_env\lib\python3.12\site-packages\Cryptodome\Util\_file_system.pyi,C:\SNS_24AutoProject_250723\modules\common\instabot_env\lib\python3.12\site-packages\Cryptodome\Util\_file_system.pyi,1b3aea4f25b153416a2907ef4bd011dace068caea0c9037bb023ff220f5de1d4,OK
modules\common\instabot_env\lib\python3.12\site-packages\Cryptodome\Util\_raw_api.pyi,C:\SNS_24AutoProject_250723\modules\common\instabot_env\lib\python3.12\site-packages\Cryptodome\Util\_raw_api.pyi,1bbda7e85e4ecb05c8749150bb07e0500e26d530a95911666f41cef0eabd8eeb,OK
modules\common\instabot_env\lib\python3.12\site-packages\Cryptodome\Util\_strxor.abi3.so,C:\SNS_24AutoProject_250723\modules\common\instabot_env\lib\python3.12\site-packages\Cryptodome\Util\_strxor.abi3.so,81b046cf71a9fdfad4935d9af67f85dcb16dc911c9364b3caa0a44e453f795f9,OK
modules\common\instabot_env\lib\python3.12\site-packages\future\backports\test\badcert.pem,C:\SNS_24AutoProject_250723\modules\common\instabot_env\lib\python3.12\site-packages\future\backports\test\badcert.pem,262a107916641c7f211ac5898c0177535cd0bdc5aa872cc6e883842694d8f521,OK
modules\common\instabot_env\lib\python3.12\site-packages\future\backports\test\badkey.pem,C:\SNS_24AutoProject_250723\modules\common\instabot_env\lib\python3.12\site-packages\future\backports\test\badkey.pem,81a04af69c7f806ec39ab2cac5f0fa7fa8beb6802601105355fb3e606151405d,OK
modules\common\instabot_env\lib\python3.12\site-packages\future\backports\test\dh512.pem,C:\SNS_24AutoProject_250723\modules\common\instabot_env\lib\python3.12\site-packages\future\backports\test\dh512.pem,7544ec8ed2db2be7de9aba2b52b4c617caaf2e3853893fe7e14a3957abbffc6b,OK
modules\common\instabot_env\lib\python3.12\site-packages\future\backports\test\https_svn_python_org_root.pem,C:\SNS_24AutoProject_250723\modules\common\instabot_env\lib\python3.12\site-packages\future\backports\test\https_svn_python_org_root.pem,c0e0773a79dceb622ef6410577c19c1e177fb2eb9c623a49340de3c9f1de2560,OK
modules\common\instabot_env\lib\python3.12\site-packages\future\backports\test\keycert.passwd.pem,C:\SNS_24AutoProject_250723\modules\common\instabot_env\lib\python3.12\site-packages\future\backports\test\keycert.passwd.pem,6417e754ba5b06d00e7ffda009d890fb2ac11e646c37349ff150b75294192238,OK
modules\common\instabot_env\lib\python3.12\site-packages\future\backports\test\keycert.pem,C:\SNS_24AutoProject_250723\modules\common\instabot_env\lib\python3.12\site-packages\future\backports\test\keycert.pem,c4f5e2e6274f71055bae183106a1764cd1a6eac499d9a2d5544b7a0d6ce994bf,OK
modules\common\instabot_env\lib\python3.12\site-packages\future\backports\test\keycert2.pem,C:\SNS_24AutoProject_250723\modules\common\instabot_env\lib\python3.12\site-packages\future\backports\test\keycert2.pem,0c1e3a144018bfc056c1027ee51cc2ebde85c4f37b08e37e42c8be478a682607,OK
modules\common\instabot_env\lib\python3.12\site-packages\future\backports\test\nokia.pem,C:\SNS_24AutoProject_250723\modules\common\instabot_env\lib\python3.12\site-packages\future\backports\test\nokia.pem,b34d31d2e3c349a6b90c727f0b0ce5561837395749e3b7f8ce0a9075dd1201f4,OK
modules\common\instabot_env\lib\python3.12\site-packages\future\backports\test\nullbytecert.pem,C:\SNS_24AutoProject_250723\modules\common\instabot_env\lib\python3.12\site-packages\future\backports\test\nullbytecert.pem,3454585a198ffea4f78c67d58d1ebe89a0be1107612058e25ed4cb37964f2a71,OK
modules\common\instabot_env\lib\python3.12\site-packages\future\backports\test\nullcert.pem,C:\SNS_24AutoProject_250723\modules\common\instabot_env\lib\python3.12\site-packages\future\backports\test\nullcert.pem,e3b0c44298fc1c149afbf4c8996fb92427ae41e4649b934ca495991b7852b855,OK
modules\common\instabot_env\lib\python3.12\site-packages\future\backports\test\sha256.pem,C:\SNS_24AutoProject_250723\modules\common\instabot_env\lib\python3.12\site-packages\future\backports\test\sha256.pem,df007e190a8473b8eaf8f63060041a3dbb53befafbb2d93f0d5999c4581e85f0,OK
modules\common\instabot_env\lib\python3.12\site-packages\future\backports\test\ssl_cert.pem,C:\SNS_24AutoProject_250723\modules\common\instabot_env\lib\python3.12\site-packages\future\backports\test\ssl_cert.pem,33ad3b8c935e21e1c6f419537ff8da4243c92389cec5224f9fece6100696e373,OK
modules\common\instabot_env\lib\python3.12\site-packages\future\backports\test\ssl_key.passwd.pem,C:\SNS_24AutoProject_250723\modules\common\instabot_env\lib\python3.12\site-packages\future\backports\test\ssl_key.passwd.pem,23f587e2c070f55b3d67e06f9ae5d8d1ac3cb71f1abefeab9b950be12fe93f4d,OK
modules\common\instabot_env\lib\python3.12\site-packages\future\backports\test\ssl_key.pem,C:\SNS_24AutoProject_250723\modules\common\instabot_env\lib\python3.12\site-packages\future\backports\test\ssl_key.pem,54a194f91dd461a6695535e5edc856978bc46040dea1bebd49fbd14d0f1aabfe,OK
modules\common\instabot_env\lib\python3.12\site-packages\imageio\v2.pyi,C:\SNS_24AutoProject_250723\modules\common\instabot_env\lib\python3.12\site-packages\imageio\v2.pyi,44e6b36f0bb5ad224b05a12d5e6506da84fd04cafb665cb25b6eadc20156c791,OK
modules\common\instabot_env\lib\python3.12\site-packages\imageio\v3.pyi,C:\SNS_24AutoProject_250723\modules\common\instabot_env\lib\python3.12\site-packages\imageio\v3.pyi,02d2cfd085aa4beb17d6a0f21cf76308222c286c17539cf8d57397cd48f6a464,OK
modules\common\instabot_env\lib\python3.12\site-packages\imageio\config\extensions.pyi,C:\SNS_24AutoProject_250723\modules\common\instabot_env\lib\python3.12\site-packages\imageio\config\extensions.pyi,b0bac0fb0b74f643c704324fefdb46b44397ed74dc1048d1cc0ef43bc042b03d,OK
modules\common\instabot_env\lib\python3.12\site-packages\imageio\config\plugins.pyi,C:\SNS_24AutoProject_250723\modules\common\instabot_env\lib\python3.12\site-packages\imageio\config\plugins.pyi,a731fca5a72a539ba576cbd839e7bf9e17761e4937991f15401b637959e49076,OK
modules\common\instabot_env\lib\python3.12\site-packages\imageio\core\imopen.pyi,C:\SNS_24AutoProject_250723\modules\common\instabot_env\lib\python3.12\site-packages\imageio\core\imopen.pyi,f232c8dad2944ea15eefd99c730f797d10086a724f1e2ea0426cc1d829444a59,OK
modules\common\instabot_env\lib\python3.12\site-packages\imageio\core\legacy_plugin_wrapper.pyi,C:\SNS_24AutoProject_250723\modules\common\instabot_env\lib\python3.12\site-packages\imageio\core\legacy_plugin_wrapper.pyi,10d99db61fc0be9db24f3bb22271964f6417800bfbd91ac545de901fbd4b56a5,OK
modules\common\instabot_env\lib\python3.12\site-packages\imageio\core\request.pyi,C:\SNS_24AutoProject_250723\modules\common\instabot_env\lib\python3.12\site-packages\imageio\core\request.pyi,8afa805ecdd47f186e5d07e0f2ab00b44572982b29a4fc1a773b45cd25e9200a,OK
modules\common\instabot_env\lib\python3.12\site-packages\imageio-2.37.0.dist-info\LICENSE,C:\SNS_24AutoProject_250723\modules\common\instabot_env\lib\python3.12\site-packages\imageio-2.37.0.dist-info\LICENSE,0eb40e67a258004c258d7b57ac06803cf39323667e9159104fb3d6e22b91cb4f,OK
modules\common\instabot_env\lib\python3.12\site-packages\imageio_ffmpeg\binaries\ffmpeg-linux-x86_64-v7.0.2,C:\SNS_24AutoProject_250723\modules\common\instabot_env\lib\python3.12\site-packages\imageio_ffmpeg\binaries\ffmpeg-linux-x86_64-v7.0.2,e7e7fb30477f717e6f55f9180a70386c62677ef8a4d4d1a5d948f4098aa3eb99,OK
modules\common\instabot_env\lib\python3.12\site-packages\moviepy-2.1.2.dist-info\LICENCE.txt,C:\SNS_24AutoProject_250723\modules\common\instabot_env\lib\python3.12\site-packages\moviepy-2.1.2.dist-info\LICENCE.txt,2f5ce7f11b45756ceeeee55a7eeb9f9253f95eda361a48ee6e7518f3ae180783,OK
modules\common\instabot_env\lib\python3.12\site-packages\numpy\dtypes.pyi,C:\SNS_24AutoProject_250723\modules\common\instabot_env\lib\python3.12\site-packages\numpy\dtypes.pyi,7c6d1b5c944e55c688addb892e6f09e471b7974071404f4c68192ea528275cd6,OK
modules\common\instabot_env\lib\python3.12\site-packages\numpy\matlib.pyi,C:\SNS_24AutoProject_250723\modules\common\instabot_env\lib\python3.12\site-packages\numpy\matlib.pyi,260616e1894b332a224ac251cdde4d39229167b311f2edd92f7c3138514a1e19,OK
modules\common\instabot_env\lib\python3.12\site-packages\numpy\version.pyi,C:\SNS_24AutoProject_250723\modules\common\instabot_env\lib\python3.12\site-packages\numpy\version.pyi,0f1616864031dd641bc9d32c8219e92d37a7c764e042991cedf59c613475cb53,OK
modules\common\instabot_env\lib\python3.12\site-packages\numpy\_array_api_info.pyi,C:\SNS_24AutoProject_250723\modules\common\instabot_env\lib\python3.12\site-packages\numpy\_array_api_info.pyi,08280bed63e230dd47047fe52e38a6eac6bc2374c61bf19460775904433b2c25,OK
modules\common\instabot_env\lib\python3.12\site-packages\numpy\_configtool.pyi,C:\SNS_24AutoProject_250723\modules\common\instabot_env\lib\python3.12\site-packages\numpy\_configtool.pyi,7787f6d901b0a5bd59b4393ed529fbd9fb6fa388a7702e44d890229268f37c92,OK
modules\common\instabot_env\lib\python3.12\site-packages\numpy\_distributor_init.pyi,C:\SNS_24AutoProject_250723\modules\common\instabot_env\lib\python3.12\site-packages\numpy\_distributor_init.pyi,e88bcccc09abd3e67aa2a4e465c81782b909ad05d5323062876019bcb74380e1,OK
modules\common\instabot_env\lib\python3.12\site-packages\numpy\_expired_attrs_2_0.pyi,C:\SNS_24AutoProject_250723\modules\common\instabot_env\lib\python3.12\site-packages\numpy\_expired_attrs_2_0.pyi,7438d3fea4634aaf66dff0dc7ce26545a4f316d1da70155176462003459e7a1a,OK
modules\common\instabot_env\lib\python3.12\site-packages\numpy\_globals.pyi,C:\SNS_24AutoProject_250723\modules\common\instabot_env\lib\python3.12\site-packages\numpy\_globals.pyi,22b1c72179a26d7ce02b45549440902f0e08124bde5d21e8fd95a74e47e72dee,OK
modules\common\instabot_env\lib\python3.12\site-packages\numpy\_pytesttester.pyi,C:\SNS_24AutoProject_250723\modules\common\instabot_env\lib\python3.12\site-packages\numpy\_pytesttester.pyi,7d1903371979a1bb295bdf6e8d05773435eb44e5f10e22d51728fc01ec3fcf29,OK
modules\common\instabot_env\lib\python3.12\site-packages\numpy\__config__.pyi,C:\SNS_24AutoProject_250723\modules\common\instabot_env\lib\python3.12\site-packages\numpy\__config__.pyi,f7ed75433ce6100f3d4eff018b0655a87b230117d95b498708dcfb6e7ea43fb0,OK
modules\common\instabot_env\lib\python3.12\site-packages\numpy\__init__.cython-30.pxd,C:\SNS_24AutoProject_250723\modules\common\instabot_env\lib\python3.12\site-packages\numpy\__init__.cython-30.pxd,7167e44f734c6775f45779236c4792eaa648851fde04d55874effc329f9e6c69,OK
modules\common\instabot_env\lib\python3.12\site-packages\numpy\f2py\setup.cfg,C:\SNS_24AutoProject_250723\modules\common\instabot_env\lib\python3.12\site-packages\numpy\f2py\setup.cfg,f70592b0d819e9a369cd818140e9da8e69f2441da3ca7456b5b102306cd0a3f5,OK
modules\common\instabot_env\lib\python3.12\site-packages\numpy\f2py\src\fortranobject.c,C:\SNS_24AutoProject_250723\modules\common\instabot_env\lib\python3.12\site-packages\numpy\f2py\src\fortranobject.c,098ac5e38fc2a146d9cb740785ee6c00f56daac6824f8c7da02b54783ec85727,OK
modules\common\instabot_env\lib\python3.12\site-packages\numpy\f2py\src\fortranobject.h,C:\SNS_24AutoProject_250723\modules\common\instabot_env\lib\python3.12\site-packages\numpy\f2py\src\fortranobject.h,edc7d137fb53a0043535ad77550d8acdbdae8cc1d40201ac6d27277cb54e1eab,OK
modules\common\instabot_env\lib\python3.12\site-packages\numpy\f2py\_backends\meson.build.template,C:\SNS_24AutoProject_250723\modules\common\instabot_env\lib\python3.12\site-packages\numpy\f2py\_backends\meson.build.template,8507936a9018d31b678b92e2f90684b56c7d0c7f560ca6a1da5704b9265f2cba,OK
modules\common\instabot_env\lib\python3.12\site-packages\numpy\fft\helper.pyi,C:\SNS_24AutoProject_250723\modules\common\instabot_env\lib\python3.12\site-packages\numpy\fft\helper.pyi,0a86f31066db9cd98bdcc69bf39daef4653a09d78f4cb539089bf23812d3bd55,OK
modules\common\instabot_env\lib\python3.12\site-packages\numpy\fft\_helper.pyi,C:\SNS_24AutoProject_250723\modules\common\instabot_env\lib\python3.12\site-packages\numpy\fft\_helper.pyi,e1743d74d3579e58baa768b5dbd507f61242bdccace8206b2ca9889abc7b27e2,OK
modules\common\instabot_env\lib\python3.12\site-packages\numpy\fft\_pocketfft.pyi,C:\SNS_24AutoProject_250723\modules\common\instabot_env\lib\python3.12\site-packages\numpy\fft\_pocketfft.pyi,941ede6d6ca7eb0a4aa6284fe25ea1c1a25e8195b44131123cb4d37d878e88f6,OK
modules\common\instabot_env\lib\python3.12\site-packages\numpy\fft\_pocketfft_umath.cpython-312-x86_64-linux-gnu.so,C:\SNS_24AutoProject_250723\modules\common\instabot_env\lib\python3.12\site-packages\numpy\fft\_pocketfft_umath.cpython-312-x86_64-linux-gnu.so,18caba329ca56282504877dd05d2d3f695ac92deb044c406db1cc50f75091894,OK
modules\common\instabot_env\lib\python3.12\site-packages\numpy\lib\format.pyi,C:\SNS_24AutoProject_250723\modules\common\instabot_env\lib\python3.12\site-packages\numpy\lib\format.pyi,fda1c5e16dd99d49d647e7efa0db075d3281dc940b5fa5be862cc2792d1192c7,OK
modules\common\instabot_env\lib\python3.12\site-packages\numpy\lib\introspect.pyi,C:\SNS_24AutoProject_250723\modules\common\instabot_env\lib\python3.12\site-packages\numpy\lib\introspect.pyi,9f715435859ef79c15e5ef49afef24eb209120297818353df2486c34cfbd5104,OK
modules\common\instabot_env\lib\python3.12\site-packages\numpy\lib\mixins.pyi,C:\SNS_24AutoProject_250723\modules\common\instabot_env\lib\python3.12\site-packages\numpy\lib\mixins.pyi,abf97131ef8fa4d96fa4427efa72e4ca2d2a543d10b8d1eb885dd71dfc722689,OK
modules\common\instabot_env\lib\python3.12\site-packages\numpy\lib\recfunctions.pyi,C:\SNS_24AutoProject_250723\modules\common\instabot_env\lib\python3.12\site-packages\numpy\lib\recfunctions.pyi,5d624d1d80d0e47f59d3485646a3b8aa739208c8e0e9c866796727ef2874b2e0,OK
modules\common\instabot_env\lib\python3.12\site-packages\numpy\lib\scimath.pyi,C:\SNS_24AutoProject_250723\modules\common\instabot_env\lib\python3.12\site-packages\numpy\lib\scimath.pyi,50d0f883dd8ae7eebf234616aaeeea6c34c753fb1e3e96b4239f0c4cc1f4ca10,OK
modules\common\instabot_env\lib\python3.12\site-packages\numpy\lib\user_array.pyi,C:\SNS_24AutoProject_250723\modules\common\instabot_env\lib\python3.12\site-packages\numpy\lib\user_array.pyi,f02f9a4de904600d1b554ec5dedbab6b0d70d23f057c5bc3a7dc4a6bd3df7bde,OK
modules\common\instabot_env\lib\python3.12\site-packages\numpy\lib\_arraypad_impl.pyi,C:\SNS_24AutoProject_250723\modules\common\instabot_env\lib\python3.12\site-packages\numpy\lib\_arraypad_impl.pyi,cb2b2badc5a37a880d7e1bf31828d29ecaa2f1f5fd28f0052847e8d144f1ec3d,OK
modules\common\instabot_env\lib\python3.12\site-packages\numpy\lib\_arraysetops_impl.pyi,C:\SNS_24AutoProject_250723\modules\common\instabot_env\lib\python3.12\site-packages\numpy\lib\_arraysetops_impl.pyi,e84fe31dc36674a2b9865e34c7aa7fac5c3eaf045ed6eaa91d1c514fdd3ad32f,OK
modules\common\instabot_env\lib\python3.12\site-packages\numpy\lib\_arrayterator_impl.pyi,C:\SNS_24AutoProject_250723\modules\common\instabot_env\lib\python3.12\site-packages\numpy\lib\_arrayterator_impl.pyi,a9305b7e7e1781a6ab31ca7a9b83f84b7a855d50413e2312c8c5ef59d95efc41,OK
modules\common\instabot_env\lib\python3.12\site-packages\numpy\lib\_array_utils_impl.pyi,C:\SNS_24AutoProject_250723\modules\common\instabot_env\lib\python3.12\site-packages\numpy\lib\_array_utils_impl.pyi,a27e76d97a207849fa9c7f6332d946c4f9fee10452afb66fcf544031a81e99ed,OK
modules\common\instabot_env\lib\python3.12\site-packages\numpy\lib\_datasource.pyi,C:\SNS_24AutoProject_250723\modules\common\instabot_env\lib\python3.12\site-packages\numpy\lib\_datasource.pyi,4e2a7401d24f08c8b9173832305c7933ccecabb163a9040fed1efb57576aba64,OK
modules\common\instabot_env\lib\python3.12\site-packages\numpy\lib\_function_base_impl.pyi,C:\SNS_24AutoProject_250723\modules\common\instabot_env\lib\python3.12\site-packages\numpy\lib\_function_base_impl.pyi,0b1e5d888bb6f94055cc304c779861cd50bef4751027a2d47a97f769d7bce609,OK
modules\common\instabot_env\lib\python3.12\site-packages\numpy\lib\_histograms_impl.pyi,C:\SNS_24AutoProject_250723\modules\common\instabot_env\lib\python3.12\site-packages\numpy\lib\_histograms_impl.pyi,82f874bb251070da678e59e454e18941f2a86f3353fb119e0549a6e24ef62c71,OK
modules\common\instabot_env\lib\python3.12\site-packages\numpy\lib\_index_tricks_impl.pyi,C:\SNS_24AutoProject_250723\modules\common\instabot_env\lib\python3.12\site-packages\numpy\lib\_index_tricks_impl.pyi,d14874776262b75523bc3be4b2fb7cdd865ee5bf5f33d0f2f655ea41c6d92c11,OK
modules\common\instabot_env\lib\python3.12\site-packages\numpy\lib\_iotools.pyi,C:\SNS_24AutoProject_250723\modules\common\instabot_env\lib\python3.12\site-packages\numpy\lib\_iotools.pyi,1b378ce771e988f1564957a3dd65f9f9195c863f8ac6363fad5d50934d5414d4,OK
modules\common\instabot_env\lib\python3.12\site-packages\numpy\lib\_nanfunctions_impl.pyi,C:\SNS_24AutoProject_250723\modules\common\instabot_env\lib\python3.12\site-packages\numpy\lib\_nanfunctions_impl.pyi,750b70d6e3b682cf4373d473643cbcadd1c833fa1fca89461a1ae11721b8c290,OK
modules\common\instabot_env\lib\python3.12\site-packages\numpy\lib\_npyio_impl.pyi,C:\SNS_24AutoProject_250723\modules\common\instabot_env\lib\python3.12\site-packages\numpy\lib\_npyio_impl.pyi,9dd2dbb15221da6c90b2cf91dc7f08a67598f71581a80cce8b392671e828f2d6,OK
modules\common\instabot_env\lib\python3.12\site-packages\numpy\lib\_polynomial_impl.pyi,C:\SNS_24AutoProject_250723\modules\common\instabot_env\lib\python3.12\site-packages\numpy\lib\_polynomial_impl.pyi,52aeb5430f280b1521b4cac2882fbd82891ecb9b0cc8271cd12478e6dca94a5a,OK
modules\common\instabot_env\lib\python3.12\site-packages\numpy\lib\_scimath_impl.pyi,C:\SNS_24AutoProject_250723\modules\common\instabot_env\lib\python3.12\site-packages\numpy\lib\_scimath_impl.pyi,c6faea4b2c5ab1a492b5cee97a0cebc6e06b55afbcca046ada4f97d2d210792d,OK
modules\common\instabot_env\lib\python3.12\site-packages\numpy\lib\_shape_base_impl.pyi,C:\SNS_24AutoProject_250723\modules\common\instabot_env\lib\python3.12\site-packages\numpy\lib\_shape_base_impl.pyi,1a5fb26ab3500d8fafb63d09c2e38fdeef0f740769233e0dd395dafb38635b9e,OK
modules\common\instabot_env\lib\python3.12\site-packages\numpy\lib\_stride_tricks_impl.pyi,C:\SNS_24AutoProject_250723\modules\common\instabot_env\lib\python3.12\site-packages\numpy\lib\_stride_tricks_impl.pyi,d95b6e9413e969b1dc8debfedad43b81b9647014422d628da2181530d5408e17,OK
modules\common\instabot_env\lib\python3.12\site-packages\numpy\lib\_twodim_base_impl.pyi,C:\SNS_24AutoProject_250723\modules\common\instabot_env\lib\python3.12\site-packages\numpy\lib\_twodim_base_impl.pyi,992f9329be0383e2e2173dbf7cb008c1ada2781cf46917ba9bf503f35198f3b9,OK
modules\common\instabot_env\lib\python3.12\site-packages\numpy\lib\_type_check_impl.pyi,C:\SNS_24AutoProject_250723\modules\common\instabot_env\lib\python3.12\site-packages\numpy\lib\_type_check_impl.pyi,ce6d95e5265bc84fcd5a2a4ebcdab3a9dd7f29fcb0ba9ba86161ba1072ca90be,OK
modules\common\instabot_env\lib\python3.12\site-packages\numpy\lib\_ufunclike_impl.pyi,C:\SNS_24AutoProject_250723\modules\common\instabot_env\lib\python3.12\site-packages\numpy\lib\_ufunclike_impl.pyi,c1b16a36ff18a87186f6e7ecf9dcf5737249110f3b85aeae6b50aa615ab1434f,OK
modules\common\instabot_env\lib\python3.12\site-packages\numpy\lib\_user_array_impl.pyi,C:\SNS_24AutoProject_250723\modules\common\instabot_env\lib\python3.12\site-packages\numpy\lib\_user_array_impl.pyi,c66e7c30113380c6163aecac6742a67e2d76a6ecfee3be92e2dff2eb70c75e2f,OK
modules\common\instabot_env\lib\python3.12\site-packages\numpy\lib\_utils_impl.pyi,C:\SNS_24AutoProject_250723\modules\common\instabot_env\lib\python3.12\site-packages\numpy\lib\_utils_impl.pyi,b0c76e62762b5dfce87973fa76f06d4308c2f6e72440d12808f88a74ab4b4546,OK
modules\common\instabot_env\lib\python3.12\site-packages\numpy\lib\_version.pyi,C:\SNS_24AutoProject_250723\modules\common\instabot_env\lib\python3.12\site-packages\numpy\lib\_version.pyi,bf2b18e5597f9e1e2c8ba1a431712807aa540e5fa32798342e94836b8d05d76e,OK
modules\common\instabot_env\lib\python3.12\site-packages\numpy\linalg\lapack_lite.cpython-312-x86_64-linux-gnu.so,C:\SNS_24AutoProject_250723\modules\common\instabot_env\lib\python3.12\site-packages\numpy\linalg\lapack_lite.cpython-312-x86_64-linux-gnu.so,30a9cfd9bf69d2c344a531470231ce9dd018cf9eee86e216831097c20f5e1200,OK
modules\common\instabot_env\lib\python3.12\site-packages\numpy\linalg\lapack_lite.pyi,C:\SNS_24AutoProject_250723\modules\common\instabot_env\lib\python3.12\site-packages\numpy\linalg\lapack_lite.pyi,f476eb2a6e977378dd5f08cd7089b6ea6be6eccfec4fc6ae839a7e7ba972c367,OK
modules\common\instabot_env\lib\python3.12\site-packages\numpy\linalg\_linalg.pyi,C:\SNS_24AutoProject_250723\modules\common\instabot_env\lib\python3.12\site-packages\numpy\linalg\_linalg.pyi,8cd24a36ed5a602860650eae16ef9db402834f2bab3a166764d28b885de4e360,OK
modules\common\instabot_env\lib\python3.12\site-packages\numpy\linalg\_umath_linalg.cpython-312-x86_64-linux-gnu.so,C:\SNS_24AutoProject_250723\modules\common\instabot_env\lib\python3.12\site-packages\numpy\linalg\_umath_linalg.cpython-312-x86_64-linux-gnu.so,fdfa5b7a07b57ec36ea8f700aa0f16e47165cd2d91223dec364a0142b4863a16,OK
modules\common\instabot_env\lib\python3.12\site-packages\numpy\linalg\_umath_linalg.pyi,C:\SNS_24AutoProject_250723\modules\common\instabot_env\lib\python3.12\site-packages\numpy\linalg\_umath_linalg.pyi,080055cfffb026c28f8b110cdb7098cc4aea051556f54700951b28e2b094e543,OK
modules\common\instabot_env\lib\python3.12\site-packages\numpy\ma\API_CHANGES.txt,C:\SNS_24AutoProject_250723\modules\common\instabot_env\lib\python3.12\site-packages\numpy\ma\API_CHANGES.txt,17fe235bc5f971805bce9730b5eca69289d39afce028a636906ac717502d9eb2,OK
modules\common\instabot_env\lib\python3.12\site-packages\numpy\ma\core.pyi,C:\SNS_24AutoProject_250723\modules\common\instabot_env\lib\python3.12\site-packages\numpy\ma\core.pyi,ed45ecba54c1cbf6e3fecc39dd00ef96b8f25ffb3a24dd52d57cbcf3249290ab,OK
modules\common\instabot_env\lib\python3.12\site-packages\numpy\ma\extras.pyi,C:\SNS_24AutoProject_250723\modules\common\instabot_env\lib\python3.12\site-packages\numpy\ma\extras.pyi,9d84cf25fc992fd7bc0e3dbd5e30d9ee6f04e571624cfae4ad1eb4473d77dba8,OK
modules\common\instabot_env\lib\python3.12\site-packages\numpy\ma\mrecords.pyi,C:\SNS_24AutoProject_250723\modules\common\instabot_env\lib\python3.12\site-packages\numpy\ma\mrecords.pyi,fa3c251ed679a73268aa1a7e995a2240b94c1847e169906b5afbd2ae2ad4923f,OK
modules\common\instabot_env\lib\python3.12\site-packages\numpy\ma\README.rst,C:\SNS_24AutoProject_250723\modules\common\instabot_env\lib\python3.12\site-packages\numpy\ma\README.rst,92b7f672f54aff33507f5777c95630834b831f34e2478bc76ebf75cf0680ca82,OK
modules\common\instabot_env\lib\python3.12\site-packages\numpy\matrixlib\defmatrix.pyi,C:\SNS_24AutoProject_250723\modules\common\instabot_env\lib\python3.12\site-packages\numpy\matrixlib\defmatrix.pyi,238dca8ced019ae46319c0caa7b646c745685331e505c963d3f945d698ea86cf,OK
modules\common\instabot_env\lib\python3.12\site-packages\numpy\polynomial\chebyshev.pyi,C:\SNS_24AutoProject_250723\modules\common\instabot_env\lib\python3.12\site-packages\numpy\polynomial\chebyshev.pyi,abc48a99ccd84ea81e2dc835e750c5839a88a129671540263736a89c6a652966,OK
modules\common\instabot_env\lib\python3.12\site-packages\numpy\polynomial\hermite.pyi,C:\SNS_24AutoProject_250723\modules\common\instabot_env\lib\python3.12\site-packages\numpy\polynomial\hermite.pyi,fd81751c430bcab03689707e58139b6bba2e5d41e833922def3bdb0f265ac055,OK
modules\common\instabot_env\lib\python3.12\site-packages\numpy\polynomial\hermite_e.pyi,C:\SNS_24AutoProject_250723\modules\common\instabot_env\lib\python3.12\site-packages\numpy\polynomial\hermite_e.pyi,bd71c69ce63d4024868ac4c4b492038197fa17818a16f83d054862858cab68d3,OK
modules\common\instabot_env\lib\python3.12\site-packages\numpy\polynomial\laguerre.pyi,C:\SNS_24AutoProject_250723\modules\common\instabot_env\lib\python3.12\site-packages\numpy\polynomial\laguerre.pyi,7e68c8759c662e984d4cd22e2a7ba3d9722f365312f83c2f4989ef6c94ebfe39,OK
modules\common\instabot_env\lib\python3.12\site-packages\numpy\polynomial\legendre.pyi,C:\SNS_24AutoProject_250723\modules\common\instabot_env\lib\python3.12\site-packages\numpy\polynomial\legendre.pyi,49a43d3d91b9d0a17883489077a07ec58381cf5bd30c6b48e300a10083651596,OK
modules\common\instabot_env\lib\python3.12\site-packages\numpy\polynomial\polynomial.pyi,C:\SNS_24AutoProject_250723\modules\common\instabot_env\lib\python3.12\site-packages\numpy\polynomial\polynomial.pyi,638c9e61f8bcefdb39fd79b74aa7519a14216e024905145b6a38428f58ab4d2c,OK
modules\common\instabot_env\lib\python3.12\site-packages\numpy\polynomial\_polybase.pyi,C:\SNS_24AutoProject_250723\modules\common\instabot_env\lib\python3.12\site-packages\numpy\polynomial\_polybase.pyi,dc73d7d3297ab014db6f6562e1ebb1e028d6a55915cd30b77f937472b2fd649b,OK
modules\common\instabot_env\lib\python3.12\site-packages\numpy\polynomial\_polytypes.pyi,C:\SNS_24AutoProject_250723\modules\common\instabot_env\lib\python3.12\site-packages\numpy\polynomial\_polytypes.pyi,52f0257716a4f3f212e4cc7ff3314a88be1ed8510fec6cdecc54488dd5614698,OK
modules\common\instabot_env\lib\python3.12\site-packages\numpy\random\bit_generator.cpython-312-x86_64-linux-gnu.so,C:\SNS_24AutoProject_250723\modules\common\instabot_env\lib\python3.12\site-packages\numpy\random\bit_generator.cpython-312-x86_64-linux-gnu.so,0ea9d0ba908638e3b573f078e2ae0ae711683dd35c626974484ed9d00ccaf9e3,OK
modules\common\instabot_env\lib\python3.12\site-packages\numpy\random\bit_generator.pxd,C:\SNS_24AutoProject_250723\modules\common\instabot_env\lib\python3.12\site-packages\numpy\random\bit_generator.pxd,940ae92174a04f056724c61ce175f4346c5e817ab787f42c5032baa9e64a6cd7,OK
modules\common\instabot_env\lib\python3.12\site-packages\numpy\random\bit_generator.pyi,C:\SNS_24AutoProject_250723\modules\common\instabot_env\lib\python3.12\site-packages\numpy\random\bit_generator.pyi,0d4465a03f0cd2187e46a4b0b6e9703cb8984dcf61ec450276ed8f258997c0ab,OK
modules\common\instabot_env\lib\python3.12\site-packages\numpy\random\c_distributions.pxd,C:\SNS_24AutoProject_250723\modules\common\instabot_env\lib\python3.12\site-packages\numpy\random\c_distributions.pxd,ae2aee5039c8691fd0bdb873bc22aaedb725c4c589e1b859c71280645025b8a9,OK
modules\common\instabot_env\lib\python3.12\site-packages\numpy\random\LICENSE.md,C:\SNS_24AutoProject_250723\modules\common\instabot_env\lib\python3.12\site-packages\numpy\random\LICENSE.md,1900269b4c2f0ff0c7ad01ecf13f5ded5610968a0cf1fb6bc3a83bccc2b4c38d,OK
modules\common\instabot_env\lib\python3.12\site-packages\numpy\random\mtrand.cpython-312-x86_64-linux-gnu.so,C:\SNS_24AutoProject_250723\modules\common\instabot_env\lib\python3.12\site-packages\numpy\random\mtrand.cpython-312-x86_64-linux-gnu.so,d209bc9621a6e7d1325a10c1d139cdffa5bb2f04a6c942dd2f62b7ba3627717e,OK
modules\common\instabot_env\lib\python3.12\site-packages\numpy\random\mtrand.pyi,C:\SNS_24AutoProject_250723\modules\common\instabot_env\lib\python3.12\site-packages\numpy\random\mtrand.pyi,872aa220db94982b9f24f405ca54f87258cf838922ecf6acbb5716c73f60fe2a,OK
modules\common\instabot_env\lib\python3.12\site-packages\numpy\random\_bounded_integers.cpython-312-x86_64-linux-gnu.so,C:\SNS_24AutoProject_250723\modules\common\instabot_env\lib\python3.12\site-packages\numpy\random\_bounded_integers.cpython-312-x86_64-linux-gnu.so,e0c0f2b8b979e368439bf203db632a340d45f1997c77ecf30a33f53d1b657346,OK
modules\common\instabot_env\lib\python3.12\site-packages\numpy\random\_bounded_integers.pxd,C:\SNS_24AutoProject_250723\modules\common\instabot_env\lib\python3.12\site-packages\numpy\random\_bounded_integers.pxd,487fc5c090e28051089e176589268d1f61f66486685f4db162135003cd60dbe8,OK
modules\common\instabot_env\lib\python3.12\site-packages\numpy\random\_generator.cpython-312-x86_64-linux-gnu.so,C:\SNS_24AutoProject_250723\modules\common\instabot_env\lib\python3.12\site-packages\numpy\random\_generator.cpython-312-x86_64-linux-gnu.so,a28c6decbbabaa0f69435ec8b1ba2688f867e8354d7ba499cf64a559f47234df,OK
modules\common\instabot_env\lib\python3.12\site-packages\numpy\random\_generator.pyi,C:\SNS_24AutoProject_250723\modules\common\instabot_env\lib\python3.12\site-packages\numpy\random\_generator.pyi,ccb6f00b82fe42e01b90df84e7b8d6a7299c95caad967f741aa4b53153276572,OK
modules\common\instabot_env\lib\python3.12\site-packages\numpy\random\_mt19937.cpython-312-x86_64-linux-gnu.so,C:\SNS_24AutoProject_250723\modules\common\instabot_env\lib\python3.12\site-packages\numpy\random\_mt19937.cpython-312-x86_64-linux-gnu.so,51339c6ab238209793ef1e62a0e32a2631a17a9e746bf9055021ae5a3c740f08,OK
modules\common\instabot_env\lib\python3.12\site-packages\numpy\random\_mt19937.pyi,C:\SNS_24AutoProject_250723\modules\common\instabot_env\lib\python3.12\site-packages\numpy\random\_mt19937.pyi,9d7f4e3e22dc1855e7e5c204f64d53a6f9950745018bdae54ecbc65b918ff99d,OK
modules\common\instabot_env\lib\python3.12\site-packages\numpy\random\_pcg64.cpython-312-x86_64-linux-gnu.so,C:\SNS_24AutoProject_250723\modules\common\instabot_env\lib\python3.12\site-packages\numpy\random\_pcg64.cpython-312-x86_64-linux-gnu.so,1a877f6516d19fc38adbf40cd360a63b431cd37ba29b3f1a9285fa0f7d425936,OK
modules\common\instabot_env\lib\python3.12\site-packages\numpy\random\_pcg64.pyi,C:\SNS_24AutoProject_250723\modules\common\instabot_env\lib\python3.12\site-packages\numpy\random\_pcg64.pyi,8258e654b8d596000c586cd06baa73973356e47f2406f803b1e41f210723cb79,OK
modules\common\instabot_env\lib\python3.12\site-packages\numpy\random\_philox.cpython-312-x86_64-linux-gnu.so,C:\SNS_24AutoProject_250723\modules\common\instabot_env\lib\python3.12\site-packages\numpy\random\_philox.cpython-312-x86_64-linux-gnu.so,315ad4561374f3525f904907fffe4a85126553b73486cb7290d2e702ccac0836,OK
modules\common\instabot_env\lib\python3.12\site-packages\numpy\random\_philox.pyi,C:\SNS_24AutoProject_250723\modules\common\instabot_env\lib\python3.12\site-packages\numpy\random\_philox.pyi,c5ff04517ed66bbfad6125342e7b54c4c0d5acd55c9a380009bb9badbd0ee6c2,OK
modules\common\instabot_env\lib\python3.12\site-packages\numpy\random\_pickle.pyi,C:\SNS_24AutoProject_250723\modules\common\instabot_env\lib\python3.12\site-packages\numpy\random\_pickle.pyi,41d77d324aee55479db8035393078ef1d2cd6de61e82d38b5609c5ea3d254501,OK
modules\common\instabot_env\lib\python3.12\site-packages\numpy\random\_sfc64.cpython-312-x86_64-linux-gnu.so,C:\SNS_24AutoProject_250723\modules\common\instabot_env\lib\python3.12\site-packages\numpy\random\_sfc64.cpython-312-x86_64-linux-gnu.so,48f1a4ac1242aab2ce0d2dbe2374a8f036c68e7f7caf233e9d3a098c7ed18737,OK
modules\common\instabot_env\lib\python3.12\site-packages\numpy\random\_sfc64.pyi,C:\SNS_24AutoProject_250723\modules\common\instabot_env\lib\python3.12\site-packages\numpy\random\_sfc64.pyi,81d0c70c5b07fa8f8e07acca249aa3f2f358bd19b418c5c70298a46a916fbf9d,OK
modules\common\instabot_env\lib\python3.12\site-packages\numpy\random\__init__.pxd,C:\SNS_24AutoProject_250723\modules\common\instabot_env\lib\python3.12\site-packages\numpy\random\__init__.pxd,f496e75f9e34689352a2d846b3eededb7a33862946e94f2d20d394129d3c33f9,OK
modules\common\instabot_env\lib\python3.12\site-packages\numpy\random\lib\libnpyrandom.a,C:\SNS_24AutoProject_250723\modules\common\instabot_env\lib\python3.12\site-packages\numpy\random\lib\libnpyrandom.a,fb578d485ad41a4093aabe3b7e06690405c4f106b492940060e94624972d556c,OK
modules\common\instabot_env\lib\python3.12\site-packages\numpy\random\_examples\cython\extending.pyx,C:\SNS_24AutoProject_250723\modules\common\instabot_env\lib\python3.12\site-packages\numpy\random\_examples\cython\extending.pyx,78f9c70cd7cc41c4d4cc0aa016212aad316bf41a0399baa08f1ceb0cbbd5f1f1,OK
modules\common\instabot_env\lib\python3.12\site-packages\numpy\random\_examples\cython\extending_distributions.pyx,C:\SNS_24AutoProject_250723\modules\common\instabot_env\lib\python3.12\site-packages\numpy\random\_examples\cython\extending_distributions.pyx,6a1d28cb7de8eed5dd71ef821777c87a1fe60debbb5e89fb410f8bdaff4cb08f,OK
modules\common\instabot_env\lib\python3.12\site-packages\numpy\random\_examples\cython\meson.build,C:\SNS_24AutoProject_250723\modules\common\instabot_env\lib\python3.12\site-packages\numpy\random\_examples\cython\meson.build,1b16594ff2eede766c81caa8ffbb1347f21d3096870357f1ca3c2b41372874fb,OK
modules\common\instabot_env\lib\python3.12\site-packages\numpy\testing\print_coercion_tables.pyi,C:\SNS_24AutoProject_250723\modules\common\instabot_env\lib\python3.12\site-packages\numpy\testing\print_coercion_tables.pyi,13626977b972066a791e8aa23ba1e02e88e49f1b2c2ac3249281bee74e299fee,OK
modules\common\instabot_env\lib\python3.12\site-packages\numpy\testing\_private\extbuild.pyi,C:\SNS_24AutoProject_250723\modules\common\instabot_env\lib\python3.12\site-packages\numpy\testing\_private\extbuild.pyi,68d1fa527021878667cbcd56e391ab01c49c075d9bebff38cbc33455db699b62,OK
modules\common\instabot_env\lib\python3.12\site-packages\numpy\_core\defchararray.pyi,C:\SNS_24AutoProject_250723\modules\common\instabot_env\lib\python3.12\site-packages\numpy\_core\defchararray.pyi,479e393efe56e926c79a91efe306f1ac2f4ab57df311181702ce47563afe5060,OK
modules\common\instabot_env\lib\python3.12\site-packages\numpy\_core\function_base.pyi,C:\SNS_24AutoProject_250723\modules\common\instabot_env\lib\python3.12\site-packages\numpy\_core\function_base.pyi,5873569d88af20cef4aaac73e30d92bbd41961c872024abeb199de1c62a863d1,OK
modules\common\instabot_env\lib\python3.12\site-packages\numpy\_core\overrides.pyi,C:\SNS_24AutoProject_250723\modules\common\instabot_env\lib\python3.12\site-packages\numpy\_core\overrides.pyi,ba959edd8b3c54dd1b9cb0757ea0f074c547206bfc6f28dcf3b7b5d292c4ceb4,OK
modules\common\instabot_env\lib\python3.12\site-packages\numpy\_core\printoptions.pyi,C:\SNS_24AutoProject_250723\modules\common\instabot_env\lib\python3.12\site-packages\numpy\_core\printoptions.pyi,78d8a58829c3b9907195ae97f64c19fbb6220a7f94b4c6d3f94fea4e7c3c97dc,OK
modules\common\instabot_env\lib\python3.12\site-packages\numpy\_core\records.pyi,C:\SNS_24AutoProject_250723\modules\common\instabot_env\lib\python3.12\site-packages\numpy\_core\records.pyi,1e05764a94647e7e71eb0f7c14dcf59d3d3971aa7bedbf35de8da87d4f84e0f2,OK
modules\common\instabot_env\lib\python3.12\site-packages\numpy\_core\shape_base.pyi,C:\SNS_24AutoProject_250723\modules\common\instabot_env\lib\python3.12\site-packages\numpy\_core\shape_base.pyi,2e412d10458c03b437b81c1095e9f02eed27325159f87b293be41a4459b94d95,OK
modules\common\instabot_env\lib\python3.12\site-packages\numpy\_core\umath.pyi,C:\SNS_24AutoProject_250723\modules\common\instabot_env\lib\python3.12\site-packages\numpy\_core\umath.pyi,148aa6950c1022e788aecfbf41e855de0b8d127244d8bc55b3734f0a3dfc55da,OK
modules\common\instabot_env\lib\python3.12\site-packages\numpy\_core\_add_newdocs.pyi,C:\SNS_24AutoProject_250723\modules\common\instabot_env\lib\python3.12\site-packages\numpy\_core\_add_newdocs.pyi,afffddffe18791f8f3b99d2aca30f3b6c2a075cd5e23278df9c06861580c06ea,OK
modules\common\instabot_env\lib\python3.12\site-packages\numpy\_core\_add_newdocs_scalars.pyi,C:\SNS_24AutoProject_250723\modules\common\instabot_env\lib\python3.12\site-packages\numpy\_core\_add_newdocs_scalars.pyi,a119032db4bf63ea834dcb4ff2216cd38fcd825ff36e8a31ce8ea6352d84e0ff,OK
modules\common\instabot_env\lib\python3.12\site-packages\numpy\_core\_asarray.pyi,C:\SNS_24AutoProject_250723\modules\common\instabot_env\lib\python3.12\site-packages\numpy\_core\_asarray.pyi,2483b436f513dd726a3b619d0c99cc0c33f18e6dbe2edba69155f731a0cd0a77,OK
modules\common\instabot_env\lib\python3.12\site-packages\numpy\_core\_dtype.pyi,C:\SNS_24AutoProject_250723\modules\common\instabot_env\lib\python3.12\site-packages\numpy\_core\_dtype.pyi,bf212c5b6786508569d628fd0f7821521797968477967e3b44040018cdb4a32e,OK
modules\common\instabot_env\lib\python3.12\site-packages\numpy\_core\_dtype_ctypes.pyi,C:\SNS_24AutoProject_250723\modules\common\instabot_env\lib\python3.12\site-packages\numpy\_core\_dtype_ctypes.pyi,c67c44aa04c9d6c640356e27a5fa92f51fda57fd8fe547cbadb52dbe6bc636b0,OK
modules\common\instabot_env\lib\python3.12\site-packages\numpy\_core\_exceptions.pyi,C:\SNS_24AutoProject_250723\modules\common\instabot_env\lib\python3.12\site-packages\numpy\_core\_exceptions.pyi,79d5dcfb1e92039986b6d3ffa61c92ef91c19b12bc75dad206db9c42e2f1a36e,OK
modules\common\instabot_env\lib\python3.12\site-packages\numpy\_core\_internal.pyi,C:\SNS_24AutoProject_250723\modules\common\instabot_env\lib\python3.12\site-packages\numpy\_core\_internal.pyi,f536c8b9f4719acf4748846b157f676b3d4fd9c834d75ff82dec52df5372eb83,OK
modules\common\instabot_env\lib\python3.12\site-packages\numpy\_core\_machar.pyi,C:\SNS_24AutoProject_250723\modules\common\instabot_env\lib\python3.12\site-packages\numpy\_core\_machar.pyi,79d5dcfb1e92039986b6d3ffa61c92ef91c19b12bc75dad206db9c42e2f1a36e,OK
modules\common\instabot_env\lib\python3.12\site-packages\numpy\_core\_methods.pyi,C:\SNS_24AutoProject_250723\modules\common\instabot_env\lib\python3.12\site-packages\numpy\_core\_methods.pyi,f962646f8dca621a6ae7d529531b234c8077d160080291e39a50735c532b73c6,OK
modules\common\instabot_env\lib\python3.12\site-packages\numpy\_core\_multiarray_umath.cpython-312-x86_64-linux-gnu.so,C:\SNS_24AutoProject_250723\modules\common\instabot_env\lib\python3.12\site-packages\numpy\_core\_multiarray_umath.cpython-312-x86_64-linux-gnu.so,c620e86db11c0d89bb710aa93760c47d13486fc0ec585a0729019bb8f02f2e35,OK
modules\common\instabot_env\lib\python3.12\site-packages\numpy\_core\_simd.cpython-312-x86_64-linux-gnu.so,C:\SNS_24AutoProject_250723\modules\common\instabot_env\lib\python3.12\site-packages\numpy\_core\_simd.cpython-312-x86_64-linux-gnu.so,9888bb2a927432dd090f426b043652dd687692db6c3a6af3486d3cefd50ee2ef,OK
modules\common\instabot_env\lib\python3.12\site-packages\numpy\_core\_simd.pyi,C:\SNS_24AutoProject_250723\modules\common\instabot_env\lib\python3.12\site-packages\numpy\_core\_simd.pyi,db3dac14f817af7291cc796d6eddf51d5ae19173345705c5a759548f16913003,OK
modules\common\instabot_env\lib\python3.12\site-packages\numpy\_core\_string_helpers.pyi,C:\SNS_24AutoProject_250723\modules\common\instabot_env\lib\python3.12\site-packages\numpy\_core\_string_helpers.pyi,c4b94b2891eeb44633c8a9d31b693b725716bd5513bc3df5f528e72a60d7b9a7,OK
modules\common\instabot_env\lib\python3.12\site-packages\numpy\_core\_type_aliases.pyi,C:\SNS_24AutoProject_250723\modules\common\instabot_env\lib\python3.12\site-packages\numpy\_core\_type_aliases.pyi,f67373abf071cb98a482745a14c11c6d385456b6f81d8250bc7e7c8170d60861,OK
modules\common\instabot_env\lib\python3.12\site-packages\numpy\_core\_ufunc_config.pyi,C:\SNS_24AutoProject_250723\modules\common\instabot_env\lib\python3.12\site-packages\numpy\_core\_ufunc_config.pyi,a62418d557980f9aca25438e31846f2e134f30074b122938633831fa2a01d7d0,OK
modules\common\instabot_env\lib\python3.12\site-packages\numpy\_core\include\numpy\arrayobject.h,C:\SNS_24AutoProject_250723\modules\common\instabot_env\lib\python3.12\site-packages\numpy\_core\include\numpy\arrayobject.h,994e6fa5c43de4f1f58f76e9f0a62124e14707e1b1c118d252c47b9f19534919,OK
modules\common\instabot_env\lib\python3.12\site-packages\numpy\_core\include\numpy\arrayscalars.h,C:\SNS_24AutoProject_250723\modules\common\instabot_env\lib\python3.12\site-packages\numpy\_core\include\numpy\arrayscalars.h,2e5cab6486bfe6d775d417ea7cc0afd6161b886ebfff3c711afd4c463f2e215a,OK
modules\common\instabot_env\lib\python3.12\site-packages\numpy\_core\include\numpy\dtype_api.h,C:\SNS_24AutoProject_250723\modules\common\instabot_env\lib\python3.12\site-packages\numpy\_core\include\numpy\dtype_api.h,1a7dfb47339b99c4ec2fa614618f5a1b6d82b7c17eaf865a0b9dcd3c5a9a22ca,OK
modules\common\instabot_env\lib\python3.12\site-packages\numpy\_core\include\numpy\halffloat.h,C:\SNS_24AutoProject_250723\modules\common\instabot_env\lib\python3.12\site-packages\numpy\_core\include\numpy\halffloat.h,4d165f5e08a96be745a695f6b8d824ae3acf962fb505f26d69d5a301e99b278b,OK
modules\common\instabot_env\lib\python3.12\site-packages\numpy\_core\include\numpy\ndarrayobject.h,C:\SNS_24AutoProject_250723\modules\common\instabot_env\lib\python3.12\site-packages\numpy\_core\include\numpy\ndarrayobject.h,327ca45a6721c92d3995eaff67284522bff48fa73421c9dd122dd7de7d195839,OK
modules\common\instabot_env\lib\python3.12\site-packages\numpy\_core\include\numpy\ndarraytypes.h,C:\SNS_24AutoProject_250723\modules\common\instabot_env\lib\python3.12\site-packages\numpy\_core\include\numpy\ndarraytypes.h,aa79c2eb417ea1e1b390ceb9bd5f1570cb1384b60a7035a484b40139f2778d99,OK
modules\common\instabot_env\lib\python3.12\site-packages\numpy\_core\include\numpy\npy_1_7_deprecated_api.h,C:\SNS_24AutoProject_250723\modules\common\instabot_env\lib\python3.12\site-packages\numpy\_core\include\numpy\npy_1_7_deprecated_api.h,f7490670d6813e04f914902b07f30f816db8fcca65e5171f511dd8d2b441e41c,OK
modules\common\instabot_env\lib\python3.12\site-packages\numpy\_core\include\numpy\npy_2_compat.h,C:\SNS_24AutoProject_250723\modules\common\instabot_env\lib\python3.12\site-packages\numpy\_core\include\numpy\npy_2_compat.h,c1d8c1efff80b56de8a7aed76e3dc4547e9aa5217b7111ba877739841cfe60cb,OK
modules\common\instabot_env\lib\python3.12\site-packages\numpy\_core\include\numpy\npy_2_complexcompat.h,C:\SNS_24AutoProject_250723\modules\common\instabot_env\lib\python3.12\site-packages\numpy\_core\include\numpy\npy_2_complexcompat.h,784f5d57f22ade311f1862451ffa508c99ef0ba790d765a0381edc64c9870721,OK
modules\common\instabot_env\lib\python3.12\site-packages\numpy\_core\include\numpy\npy_3kcompat.h,C:\SNS_24AutoProject_250723\modules\common\instabot_env\lib\python3.12\site-packages\numpy\_core\include\numpy\npy_3kcompat.h,82b37a5b59fb6de9e3dc5da94803a997fb3abe7d58e7441f00ff836a5783edc0,OK
modules\common\instabot_env\lib\python3.12\site-packages\numpy\_core\include\numpy\npy_cpu.h,C:\SNS_24AutoProject_250723\modules\common\instabot_env\lib\python3.12\site-packages\numpy\_core\include\numpy\npy_cpu.h,0142790aa960bad791dfe4742233ede6bca55adbef71c096b6dd06a6365b7b15,OK
modules\common\instabot_env\lib\python3.12\site-packages\numpy\_core\include\numpy\npy_endian.h,C:\SNS_24AutoProject_250723\modules\common\instabot_env\lib\python3.12\site-packages\numpy\_core\include\numpy\npy_endian.h,bef2bb6653add2f82a4d5ac8caf896ce8c50cfbd12f81bdf952e19fe4e97e571,OK
modules\common\instabot_env\lib\python3.12\site-packages\numpy\_core\include\numpy\npy_math.h,C:\SNS_24AutoProject_250723\modules\common\instabot_env\lib\python3.12\site-packages\numpy\_core\include\numpy\npy_math.h,628241ba25d15e7ab4ff5b59f841af4dc54fdc359457f41973725126cf8ac7e9,OK
modules\common\instabot_env\lib\python3.12\site-packages\numpy\_core\include\numpy\npy_no_deprecated_api.h,C:\SNS_24AutoProject_250723\modules\common\instabot_env\lib\python3.12\site-packages\numpy\_core\include\numpy\npy_no_deprecated_api.h,d3266b25c40427a3021c9227424e533fdfea678b7b11f06ea0b389df822525de,OK
modules\common\instabot_env\lib\python3.12\site-packages\numpy\_core\include\numpy\npy_os.h,C:\SNS_24AutoProject_250723\modules\common\instabot_env\lib\python3.12\site-packages\numpy\_core\include\numpy\npy_os.h,86542c83fefe464bd2decf0e33c297cbdf71c7225b0a6f96d4061571d9ced5cc,OK
modules\common\instabot_env\lib\python3.12\site-packages\numpy\_core\include\numpy\numpyconfig.h,C:\SNS_24AutoProject_250723\modules\common\instabot_env\lib\python3.12\site-packages\numpy\_core\include\numpy\numpyconfig.h,3af465adee1e6fd2815adea0004e5c4382be3f6b91988294d6b00ac561728260,OK
modules\common\instabot_env\lib\python3.12\site-packages\numpy\_core\include\numpy\ufuncobject.h,C:\SNS_24AutoProject_250723\modules\common\instabot_env\lib\python3.12\site-packages\numpy\_core\include\numpy\ufuncobject.h,af65cce97c882ca5cbaa0987155bbc8d7aaf3a9fd9bfcb4b7d2f0e9a7e636e78,OK
modules\common\instabot_env\lib\python3.12\site-packages\numpy\_core\include\numpy\utils.h,C:\SNS_24AutoProject_250723\modules\common\instabot_env\lib\python3.12\site-packages\numpy\_core\include\numpy\utils.h,c0c3689921f70df8f4abbf0fae32d5b45b4df853e8ed4278a3489f0943bee84b,OK
modules\common\instabot_env\lib\python3.12\site-packages\numpy\_core\include\numpy\_neighborhood_iterator_imp.h,C:\SNS_24AutoProject_250723\modules\common\instabot_env\lib\python3.12\site-packages\numpy\_core\include\numpy\_neighborhood_iterator_imp.h,b3e1f0fe5e564702ad62fb22220845d1b83e980fc28169f314539854527eab89,OK
modules\common\instabot_env\lib\python3.12\site-packages\numpy\_core\include\numpy\_numpyconfig.h,C:\SNS_24AutoProject_250723\modules\common\instabot_env\lib\python3.12\site-packages\numpy\_core\include\numpy\_numpyconfig.h,6ebaaa0c8e20c1f1841473085a2d28340d27fea9c1054585549b607dc769480d,OK
modules\common\instabot_env\lib\python3.12\site-packages\numpy\_core\include\numpy\_public_dtype_api_table.h,C:\SNS_24AutoProject_250723\modules\common\instabot_env\lib\python3.12\site-packages\numpy\_core\include\numpy\_public_dtype_api_table.h,9fafca6fdf12cafb11fd7eecb62340e95b86a7f7395b57b87cc55c25d3b4c22b,OK
modules\common\instabot_env\lib\python3.12\site-packages\numpy\_core\include\numpy\__multiarray_api.c,C:\SNS_24AutoProject_250723\modules\common\instabot_env\lib\python3.12\site-packages\numpy\_core\include\numpy\__multiarray_api.c,bbb1f13c8c7bc5dc403d313482b8acb5438ed3ed4bfbf7e5d0878aa91e2fa312,OK
modules\common\instabot_env\lib\python3.12\site-packages\numpy\_core\include\numpy\__multiarray_api.h,C:\SNS_24AutoProject_250723\modules\common\instabot_env\lib\python3.12\site-packages\numpy\_core\include\numpy\__multiarray_api.h,6a47405dd350bc7c4f14f6dd7a86e1a06cf22d492855dc332838f375bb64e734,OK
modules\common\instabot_env\lib\python3.12\site-packages\numpy\_core\include\numpy\__ufunc_api.c,C:\SNS_24AutoProject_250723\modules\common\instabot_env\lib\python3.12\site-packages\numpy\_core\include\numpy\__ufunc_api.c,160ed6947e0ec3a8c44ca440ad52ff405d75001298cf55693af7b9ebf537134c,OK
modules\common\instabot_env\lib\python3.12\site-packages\numpy\_core\include\numpy\__ufunc_api.h,C:\SNS_24AutoProject_250723\modules\common\instabot_env\lib\python3.12\site-packages\numpy\_core\include\numpy\__ufunc_api.h,b5ac99b8309ebaa9b782016f5b126ea00473e686f3e9269ab3d2fb25c28efde4,OK
modules\common\instabot_env\lib\python3.12\site-packages\numpy\_core\include\numpy\random\bitgen.h,C:\SNS_24AutoProject_250723\modules\common\instabot_env\lib\python3.12\site-packages\numpy\_core\include\numpy\random\bitgen.h,e3d03028e479e76afe36486e48e175bac6ff51188c49132f0f6d89179a4a2278,OK
modules\common\instabot_env\lib\python3.12\site-packages\numpy\_core\include\numpy\random\distributions.h,C:\SNS_24AutoProject_250723\modules\common\instabot_env\lib\python3.12\site-packages\numpy\_core\include\numpy\random\distributions.h,5b9b4ec844ddd26d56d0675a6797493fc7ca941b6c4e91b6dd5d99966ae5aa98,OK
modules\common\instabot_env\lib\python3.12\site-packages\numpy\_core\include\numpy\random\libdivide.h,C:\SNS_24AutoProject_250723\modules\common\instabot_env\lib\python3.12\site-packages\numpy\_core\include\numpy\random\libdivide.h,7b0f4c3613d07752ec0998968859a3f4867bc8e9c0dc728e5df7c3791f57d63c,OK
modules\common\instabot_env\lib\python3.12\site-packages\numpy\_core\lib\libnpymath.a,C:\SNS_24AutoProject_250723\modules\common\instabot_env\lib\python3.12\site-packages\numpy\_core\lib\libnpymath.a,460de00974f1a67cb61e1fa36452a1e8a0d8aaece3709925ba61272c78505d0d,OK
modules\common\instabot_env\lib\python3.12\site-packages\numpy\_core\lib\npy-pkg-config\mlib.ini,C:\SNS_24AutoProject_250723\modules\common\instabot_env\lib\python3.12\site-packages\numpy\_core\lib\npy-pkg-config\mlib.ini,fcbb16575792b4dab085d8983dadb9dfc18be3a7677d5c13e0cac8d736eca05c,OK
modules\common\instabot_env\lib\python3.12\site-packages\numpy\_core\lib\npy-pkg-config\npymath.ini,C:\SNS_24AutoProject_250723\modules\common\instabot_env\lib\python3.12\site-packages\numpy\_core\lib\npy-pkg-config\npymath.ini,d223336ab05f92467f1173bde7f933f921d945c34813021e3a313f7ac5419114,OK
modules\common\instabot_env\lib\python3.12\site-packages\numpy\_core\lib\pkgconfig\numpy.pc,C:\SNS_24AutoProject_250723\modules\common\instabot_env\lib\python3.12\site-packages\numpy\_core\lib\pkgconfig\numpy.pc,f02f2d8b97d9cb08a78b6db147362f20a4b4e50839d2a852c629862cc17b3902,OK
modules\common\instabot_env\lib\python3.12\site-packages\numpy\_pyinstaller\hook-numpy.pyi,C:\SNS_24AutoProject_250723\modules\common\instabot_env\lib\python3.12\site-packages\numpy\_pyinstaller\hook-numpy.pyi,eb997ce83b5705e700fd219cb6d6e883e99e03228e85c175a8493e36dd1e4a59,OK
modules\common\instabot_env\lib\python3.12\site-packages\numpy\_typing\_callable.pyi,C:\SNS_24AutoProject_250723\modules\common\instabot_env\lib\python3.12\site-packages\numpy\_typing\_callable.pyi,9781f74d01c327193b545f455c594967dda5d34c2455abaf3c58e0122ec2c7b6,OK
modules\common\instabot_env\lib\python3.12\site-packages\numpy\_typing\_ufunc.pyi,C:\SNS_24AutoProject_250723\modules\common\instabot_env\lib\python3.12\site-packages\numpy\_typing\_ufunc.pyi,d598a96a180b06cfd1e3be85f4d986c95fba188a17bd7711fb189076fd639ea7,OK
modules\common\instabot_env\lib\python3.12\site-packages\numpy\_utils\_convertions.pyi,C:\SNS_24AutoProject_250723\modules\common\instabot_env\lib\python3.12\site-packages\numpy\_utils\_convertions.pyi,e25fb45263c2c9503bd1427c580776038e47aca152ce00b4b050c14a729c6224,OK
modules\common\instabot_env\lib\python3.12\site-packages\numpy\_utils\_inspect.pyi,C:\SNS_24AutoProject_250723\modules\common\instabot_env\lib\python3.12\site-packages\numpy\_utils\_inspect.pyi,1386214f42827a0ec766ef40398b79ca6c35f666f76ee1663f7b684bc685c504,OK
modules\common\instabot_env\lib\python3.12\site-packages\numpy\_utils\_pep440.pyi,C:\SNS_24AutoProject_250723\modules\common\instabot_env\lib\python3.12\site-packages\numpy\_utils\_pep440.pyi,2ad34bd3e7dda490e62715b5bf9045b3102b997229c7de23977e298bcbe7a111,OK
modules\common\instabot_env\lib\python3.12\site-packages\numpy.libs\libgfortran-040039e1-0352e75f.so.5.0.0,C:\SNS_24AutoProject_250723\modules\common\instabot_env\lib\python3.12\site-packages\numpy.libs\libgfortran-040039e1-0352e75f.so.5.0.0,c6090048eccc763522c12ef016f81da6b627cb3a044f55cf0479a839c41c0980,OK
modules\common\instabot_env\lib\python3.12\site-packages\numpy.libs\libquadmath-96973f99-934c22de.so.0.0.0,C:\SNS_24AutoProject_250723\modules\common\instabot_env\lib\python3.12\site-packages\numpy.libs\libquadmath-96973f99-934c22de.so.0.0.0,6ed5137f412781ad7863439fb543613f620b43c32b63292a0029246162f5bbc6,OK
modules\common\instabot_env\lib\python3.12\site-packages\numpy.libs\libscipy_openblas64_-6bb31eeb.so,C:\SNS_24AutoProject_250723\modules\common\instabot_env\lib\python3.12\site-packages\numpy.libs\libscipy_openblas64_-6bb31eeb.so,e131eb06546123210af109320a1fd4e2a2f808504cd1eb52f221ae4418348084,OK
modules\common\instabot_env\lib\python3.12\site-packages\PIL\_imaging.cpython-312-x86_64-linux-gnu.so,C:\SNS_24AutoProject_250723\modules\common\instabot_env\lib\python3.12\site-packages\PIL\_imaging.cpython-312-x86_64-linux-gnu.so,de695c8f54e2612f577ce44f4d43bde43748ce7578354f73677bab8de38d2b25,OK
modules\common\instabot_env\lib\python3.12\site-packages\PIL\_imagingcms.cpython-312-x86_64-linux-gnu.so,C:\SNS_24AutoProject_250723\modules\common\instabot_env\lib\python3.12\site-packages\PIL\_imagingcms.cpython-312-x86_64-linux-gnu.so,d180efb7859f1c9b9864db2c1506fd8e26efa679ad795c2613b19b2de617aa03,OK
modules\common\instabot_env\lib\python3.12\site-packages\PIL\_imagingft.cpython-312-x86_64-linux-gnu.so,C:\SNS_24AutoProject_250723\modules\common\instabot_env\lib\python3.12\site-packages\PIL\_imagingft.cpython-312-x86_64-linux-gnu.so,d9e2f6bfdc0ada1c9c2472945154bf8691e1c9f91c35495d778b9d0ed905181e,OK
modules\common\instabot_env\lib\python3.12\site-packages\PIL\_imagingmath.cpython-312-x86_64-linux-gnu.so,C:\SNS_24AutoProject_250723\modules\common\instabot_env\lib\python3.12\site-packages\PIL\_imagingmath.cpython-312-x86_64-linux-gnu.so,892d3c30964bfc80216c954ba33530d2c5d434147d82ec3da0023ea6e1c81d5e,OK
modules\common\instabot_env\lib\python3.12\site-packages\PIL\_imagingmorph.cpython-312-x86_64-linux-gnu.so,C:\SNS_24AutoProject_250723\modules\common\instabot_env\lib\python3.12\site-packages\PIL\_imagingmorph.cpython-312-x86_64-linux-gnu.so,89d894e75d6409ec0658f5e0951e6939a06ed1beff034377f5de1633143e31ab,OK
modules\common\instabot_env\lib\python3.12\site-packages\PIL\_imagingtk.cpython-312-x86_64-linux-gnu.so,C:\SNS_24AutoProject_250723\modules\common\instabot_env\lib\python3.12\site-packages\PIL\_imagingtk.cpython-312-x86_64-linux-gnu.so,11fcf93545a13b178d2f0e44c6dbd520d5a99271fa6d2f76d93b1251faeb3096,OK
modules\common\instabot_env\lib\python3.12\site-packages\PIL\_webp.cpython-312-x86_64-linux-gnu.so,C:\SNS_24AutoProject_250723\modules\common\instabot_env\lib\python3.12\site-packages\PIL\_webp.cpython-312-x86_64-linux-gnu.so,6cbe3883663668865ae03fe6897dec33659ccda881272e0a9e311ee5ccbd7efe,OK
modules\common\instabot_env\lib\python3.12\site-packages\pillow.libs\libbrotlicommon-3ecfe81c.so.1,C:\SNS_24AutoProject_250723\modules\common\instabot_env\lib\python3.12\site-packages\pillow.libs\libbrotlicommon-3ecfe81c.so.1,024bc7605502cffd45b3f7c3f37fe043694cc3b4b4cb7f39af3b9a72793e4c2e,OK
modules\common\instabot_env\lib\python3.12\site-packages\pillow.libs\libbrotlidec-ba690955.so.1,C:\SNS_24AutoProject_250723\modules\common\instabot_env\lib\python3.12\site-packages\pillow.libs\libbrotlidec-ba690955.so.1,a8722600d15e3704c8559a8249b818f6e306043e2124c007be55d8dcb3d3d97c,OK
modules\common\instabot_env\lib\python3.12\site-packages\pillow.libs\libfreetype-be14bf51.so.6.20.1,C:\SNS_24AutoProject_250723\modules\common\instabot_env\lib\python3.12\site-packages\pillow.libs\libfreetype-be14bf51.so.6.20.1,2a2178a93a108ae14521328258296ab896a77f5f520ea2a5cb66d75838cc2f5f,OK
modules\common\instabot_env\lib\python3.12\site-packages\pillow.libs\libharfbuzz-89381d8f.so.0.60850.0,C:\SNS_24AutoProject_250723\modules\common\instabot_env\lib\python3.12\site-packages\pillow.libs\libharfbuzz-89381d8f.so.0.60850.0,33c3a6654ada86a0b38b5c2bcd8f16d05df9f2aa1575b2a8a7f9e3cf211ce200,OK
modules\common\instabot_env\lib\python3.12\site-packages\pillow.libs\libjpeg-77ae51ab.so.62.4.0,C:\SNS_24AutoProject_250723\modules\common\instabot_env\lib\python3.12\site-packages\pillow.libs\libjpeg-77ae51ab.so.62.4.0,62b943777f60e38f6dfca369c9698af2a6726061edde023d624cae1e01d188dd,OK
modules\common\instabot_env\lib\python3.12\site-packages\pillow.libs\liblcms2-e69eef39.so.2.0.16,C:\SNS_24AutoProject_250723\modules\common\instabot_env\lib\python3.12\site-packages\pillow.libs\liblcms2-e69eef39.so.2.0.16,5104c248c14998b31be32b27540edd17ad695d84249c5f198f8f23d703b709ae,OK
modules\common\instabot_env\lib\python3.12\site-packages\pillow.libs\liblzma-13fa198c.so.5.4.5,C:\SNS_24AutoProject_250723\modules\common\instabot_env\lib\python3.12\site-packages\pillow.libs\liblzma-13fa198c.so.5.4.5,bf8841206ecdeda0b0f2b510361b3412c7f7aac91974ce5402972a75614c934d,OK
modules\common\instabot_env\lib\python3.12\site-packages\pillow.libs\libopenjp2-05423b53.so,C:\SNS_24AutoProject_250723\modules\common\instabot_env\lib\python3.12\site-packages\pillow.libs\libopenjp2-05423b53.so,2eba2aebb999a4de2cf541d27184273e9e76f5599ca6858915ea63bfb5bc3d8c,OK
modules\common\instabot_env\lib\python3.12\site-packages\pillow.libs\libpng16-58efbb84.so.16.43.0,C:\SNS_24AutoProject_250723\modules\common\instabot_env\lib\python3.12\site-packages\pillow.libs\libpng16-58efbb84.so.16.43.0,93aa0a98fe694890f46392a8d571e016e794cbd8706d99e7bcd55dd46c20222c,OK
modules\common\instabot_env\lib\python3.12\site-packages\pillow.libs\libsharpyuv-898c0cb5.so.0.1.0,C:\SNS_24AutoProject_250723\modules\common\instabot_env\lib\python3.12\site-packages\pillow.libs\libsharpyuv-898c0cb5.so.0.1.0,6cb84e415687c46688c68315b768c338854f083a1ed710330f2abd72d63aeef2,OK
modules\common\instabot_env\lib\python3.12\site-packages\pillow.libs\libtiff-0a86184d.so.6.0.2,C:\SNS_24AutoProject_250723\modules\common\instabot_env\lib\python3.12\site-packages\pillow.libs\libtiff-0a86184d.so.6.0.2,13323459cd56d1b6e6248d2eaf6b906671595107ddb5495033208aeb5bdacd21,OK
modules\common\instabot_env\lib\python3.12\site-packages\pillow.libs\libwebp-2fd3cdca.so.7.1.9,C:\SNS_24AutoProject_250723\modules\common\instabot_env\lib\python3.12\site-packages\pillow.libs\libwebp-2fd3cdca.so.7.1.9,4181f98f98df6c076e8b6790e2840a9a9a085664432804ac2e82fbbb946f0767,OK
modules\common\instabot_env\lib\python3.12\site-packages\pillow.libs\libwebpdemux-f2642bcc.so.2.0.15,C:\SNS_24AutoProject_250723\modules\common\instabot_env\lib\python3.12\site-packages\pillow.libs\libwebpdemux-f2642bcc.so.2.0.15,f37b7e5d40ce430a22ef195092d7f2b6d8678ca43f6e517e6fbe7ee9c0f50148,OK
modules\common\instabot_env\lib\python3.12\site-packages\pillow.libs\libwebpmux-d524b4d5.so.3.1.0,C:\SNS_24AutoProject_250723\modules\common\instabot_env\lib\python3.12\site-packages\pillow.libs\libwebpmux-d524b4d5.so.3.1.0,0271f471b019ab9ca403db84d9d046b7468f30de0177e99d766b6aefa9b9634a,OK
modules\common\instabot_env\lib\python3.12\site-packages\pillow.libs\libXau-154567c4.so.6.0.0,C:\SNS_24AutoProject_250723\modules\common\instabot_env\lib\python3.12\site-packages\pillow.libs\libXau-154567c4.so.6.0.0,05484d24bf78cb8ed03169f1cb067204d829cb7af21de8820400d29d115e4320,OK
modules\common\instabot_env\lib\python3.12\site-packages\pillow.libs\libxcb-b8a56d01.so.1.1.0,C:\SNS_24AutoProject_250723\modules\common\instabot_env\lib\python3.12\site-packages\pillow.libs\libxcb-b8a56d01.so.1.1.0,633eef394415421c697c6b986ba99ade7f7c0364d5c8a90e3de01a44d8247f1b,OK
modules\common\instabot_env\lib\python3.12\site-packages\pyasn1-0.6.1.dist-info\LICENSE.rst,C:\SNS_24AutoProject_250723\modules\common\instabot_env\lib\python3.12\site-packages\pyasn1-0.6.1.dist-info\LICENSE.rst,07538c4a209865151151b3269321cb1fc327dca522d0fc848e620d876e67ecab,OK
modules\common\instabot_env\lib\python3.12\site-packages\pyasn1-0.6.1.dist-info\zip-safe,C:\SNS_24AutoProject_250723\modules\common\instabot_env\lib\python3.12\site-packages\pyasn1-0.6.1.dist-info\zip-safe,e3b0c44298fc1c149afbf4c8996fb92427ae41e4649b934ca495991b7852b855,OK
modules\common\instabot_env\lib\python3.12\site-packages\pytest-8.3.5.dist-info\AUTHORS,C:\SNS_24AutoProject_250723\modules\common\instabot_env\lib\python3.12\site-packages\pytest-8.3.5.dist-info\AUTHORS,65c588442c153fccda70a58d738325006f84cc32ba156da036c3e3884bf1e503,OK
modules\common\instabot_env\lib\python3.12\site-packages\pytz\zoneinfo\CET,C:\SNS_24AutoProject_250723\modules\common\instabot_env\lib\python3.12\site-packages\pytz\zoneinfo\CET,812f55aeb6e8cde9ddf4786e15eb4256b21e82cf5f5d28da1bad17d94570cac0,OK
modules\common\instabot_env\lib\python3.12\site-packages\pytz\zoneinfo\CST6CDT,C:\SNS_24AutoProject_250723\modules\common\instabot_env\lib\python3.12\site-packages\pytz\zoneinfo\CST6CDT,feba326ebe88eac20017a718748c46c68469a1e7f5e7716dcb8f1d43a6e6f686,OK
modules\common\instabot_env\lib\python3.12\site-packages\pytz\zoneinfo\Cuba,C:\SNS_24AutoProject_250723\modules\common\instabot_env\lib\python3.12\site-packages\pytz\zoneinfo\Cuba,1d441e02e281b04908e522d98eaca75c808e51539a8e42b3287e6bf8ebf939d7,OK
modules\common\instabot_env\lib\python3.12\site-packages\pytz\zoneinfo\EET,C:\SNS_24AutoProject_250723\modules\common\instabot_env\lib\python3.12\site-packages\pytz\zoneinfo\EET,5c363e14151d751c901cdf06c502d9e1ac23b8e956973954763bfb39d5c53730,OK
modules\common\instabot_env\lib\python3.12\site-packages\pytz\zoneinfo\Egypt,C:\SNS_24AutoProject_250723\modules\common\instabot_env\lib\python3.12\site-packages\pytz\zoneinfo\Egypt,2dfb7e1822d085a4899bd56a526b041681c84b55617daee91499fd1990a989fb,OK
modules\common\instabot_env\lib\python3.12\site-packages\pytz\zoneinfo\Eire,C:\SNS_24AutoProject_250723\modules\common\instabot_env\lib\python3.12\site-packages\pytz\zoneinfo\Eire,40e8d2a1c3b572284da39f6f4245b1bc814f452c44f5aa73d0a011571d5ccc43,OK
modules\common\instabot_env\lib\python3.12\site-packages\pytz\zoneinfo\EST,C:\SNS_24AutoProject_250723\modules\common\instabot_env\lib\python3.12\site-packages\pytz\zoneinfo\EST,91ac80fe976931c490d058c8ce8b5d71ffa6d4961f6ca13ea9c153f0b0bccea0,OK
modules\common\instabot_env\lib\python3.12\site-packages\pytz\zoneinfo\EST5EDT,C:\SNS_24AutoProject_250723\modules\common\instabot_env\lib\python3.12\site-packages\pytz\zoneinfo\EST5EDT,e9ed07d7bee0c76a9d442d091ef1f01668fee7c4f26014c0a868b19fe6c18a95,OK
modules\common\instabot_env\lib\python3.12\site-packages\pytz\zoneinfo\Factory,C:\SNS_24AutoProject_250723\modules\common\instabot_env\lib\python3.12\site-packages\pytz\zoneinfo\Factory,6851652b1f771d7a09a05e124ae4e50fc719b4903e9dee682b301ae9e5f65789,OK
modules\common\instabot_env\lib\python3.12\site-packages\pytz\zoneinfo\GB,C:\SNS_24AutoProject_250723\modules\common\instabot_env\lib\python3.12\site-packages\pytz\zoneinfo\GB,c85495070dca42687df6a1c3ee780a27cbcb82f1844750ea6f642833a44d29b4,OK
modules\common\instabot_env\lib\python3.12\site-packages\pytz\zoneinfo\GB-Eire,C:\SNS_24AutoProject_250723\modules\common\instabot_env\lib\python3.12\site-packages\pytz\zoneinfo\GB-Eire,c85495070dca42687df6a1c3ee780a27cbcb82f1844750ea6f642833a44d29b4,OK
modules\common\instabot_env\lib\python3.12\site-packages\pytz\zoneinfo\GMT,C:\SNS_24AutoProject_250723\modules\common\instabot_env\lib\python3.12\site-packages\pytz\zoneinfo\GMT,6d9f378883c079f86c0387a5547a92c449869d806e07de10084ab04f0249018d,OK
modules\common\instabot_env\lib\python3.12\site-packages\pytz\zoneinfo\GMT+0,C:\SNS_24AutoProject_250723\modules\common\instabot_env\lib\python3.12\site-packages\pytz\zoneinfo\GMT+0,6d9f378883c079f86c0387a5547a92c449869d806e07de10084ab04f0249018d,OK
modules\common\instabot_env\lib\python3.12\site-packages\pytz\zoneinfo\GMT-0,C:\SNS_24AutoProject_250723\modules\common\instabot_env\lib\python3.12\site-packages\pytz\zoneinfo\GMT-0,6d9f378883c079f86c0387a5547a92c449869d806e07de10084ab04f0249018d,OK
modules\common\instabot_env\lib\python3.12\site-packages\pytz\zoneinfo\GMT0,C:\SNS_24AutoProject_250723\modules\common\instabot_env\lib\python3.12\site-packages\pytz\zoneinfo\GMT0,6d9f378883c079f86c0387a5547a92c449869d806e07de10084ab04f0249018d,OK
modules\common\instabot_env\lib\python3.12\site-packages\pytz\zoneinfo\Greenwich,C:\SNS_24AutoProject_250723\modules\common\instabot_env\lib\python3.12\site-packages\pytz\zoneinfo\Greenwich,6d9f378883c079f86c0387a5547a92c449869d806e07de10084ab04f0249018d,OK
modules\common\instabot_env\lib\python3.12\site-packages\pytz\zoneinfo\Hongkong,C:\SNS_24AutoProject_250723\modules\common\instabot_env\lib\python3.12\site-packages\pytz\zoneinfo\Hongkong,6a5fcee243e5ab92698242d88c4699ceb7208a22ee97d342d11e41ebd2555a17,OK
modules\common\instabot_env\lib\python3.12\site-packages\pytz\zoneinfo\HST,C:\SNS_24AutoProject_250723\modules\common\instabot_env\lib\python3.12\site-packages\pytz\zoneinfo\HST,7f03d1bf5264e7ab023a2ef9b997ddfc8cb6936692407c770762b9c549523f33,OK
modules\common\instabot_env\lib\python3.12\site-packages\pytz\zoneinfo\Iceland,C:\SNS_24AutoProject_250723\modules\common\instabot_env\lib\python3.12\site-packages\pytz\zoneinfo\Iceland,d2efac4e5f23d88c95d72c1db42807170f52f43dd98a205af5a92a91b9f2d997,OK
modules\common\instabot_env\lib\python3.12\site-packages\pytz\zoneinfo\Iran,C:\SNS_24AutoProject_250723\modules\common\instabot_env\lib\python3.12\site-packages\pytz\zoneinfo\Iran,2dbd87f410815edcfcd7d14be84de0040ef0d913a22203e0c7e7f4f17a6a915a,OK
modules\common\instabot_env\lib\python3.12\site-packages\pytz\zoneinfo\iso3166.tab,C:\SNS_24AutoProject_250723\modules\common\instabot_env\lib\python3.12\site-packages\pytz\zoneinfo\iso3166.tab,a01a5d158f31d46ad8e6f8cc2a06c641810682a9397d460320f68d5421b65e71,OK
modules\common\instabot_env\lib\python3.12\site-packages\pytz\zoneinfo\Israel,C:\SNS_24AutoProject_250723\modules\common\instabot_env\lib\python3.12\site-packages\pytz\zoneinfo\Israel,254b964265b94e16b4a498f0eb543968dec25f4cf80fba29b3d38e4a775ae837,OK
modules\common\instabot_env\lib\python3.12\site-packages\pytz\zoneinfo\Jamaica,C:\SNS_24AutoProject_250723\modules\common\instabot_env\lib\python3.12\site-packages\pytz\zoneinfo\Jamaica,c256a089e50f45fe7e6de89efa1ed0b0e35b3738c6b26f2f32cf2e7f6f29c36f,OK
modules\common\instabot_env\lib\python3.12\site-packages\pytz\zoneinfo\Japan,C:\SNS_24AutoProject_250723\modules\common\instabot_env\lib\python3.12\site-packages\pytz\zoneinfo\Japan,a02b9e66044dc5c35c5f76467627fdcba4aee1cc958606b85c777095cad82ceb,OK
modules\common\instabot_env\lib\python3.12\site-packages\pytz\zoneinfo\leapseconds,C:\SNS_24AutoProject_250723\modules\common\instabot_env\lib\python3.12\site-packages\pytz\zoneinfo\leapseconds,816033c11b84465a03e800c5e55ead515dba53fa159b9c61da7602ea357060e8,OK
modules\common\instabot_env\lib\python3.12\site-packages\pytz\zoneinfo\Libya,C:\SNS_24AutoProject_250723\modules\common\instabot_env\lib\python3.12\site-packages\pytz\zoneinfo\Libya,5b5769b460fbd13ee9a46a28d1f733150783888a749ee96d2cd3d5eba3300767,OK
modules\common\instabot_env\lib\python3.12\site-packages\pytz\zoneinfo\MET,C:\SNS_24AutoProject_250723\modules\common\instabot_env\lib\python3.12\site-packages\pytz\zoneinfo\MET,812f55aeb6e8cde9ddf4786e15eb4256b21e82cf5f5d28da1bad17d94570cac0,OK
modules\common\instabot_env\lib\python3.12\site-packages\pytz\zoneinfo\MST,C:\SNS_24AutoProject_250723\modules\common\instabot_env\lib\python3.12\site-packages\pytz\zoneinfo\MST,8a5973d2c62e2cbf2520f2b44e4a2ee9d2f455c93f0f45bfdeb4533af1584664,OK
modules\common\instabot_env\lib\python3.12\site-packages\pytz\zoneinfo\MST7MDT,C:\SNS_24AutoProject_250723\modules\common\instabot_env\lib\python3.12\site-packages\pytz\zoneinfo\MST7MDT,32e819c00a43b3c348f539d700d425504f20b8d068c16418d26fa9b693e775c9,OK
modules\common\instabot_env\lib\python3.12\site-packages\pytz\zoneinfo\Navajo,C:\SNS_24AutoProject_250723\modules\common\instabot_env\lib\python3.12\site-packages\pytz\zoneinfo\Navajo,32e819c00a43b3c348f539d700d425504f20b8d068c16418d26fa9b693e775c9,OK
modules\common\instabot_env\lib\python3.12\site-packages\pytz\zoneinfo\NZ,C:\SNS_24AutoProject_250723\modules\common\instabot_env\lib\python3.12\site-packages\pytz\zoneinfo\NZ,8000e3a323e8fd0212414e9426b020707a771c368ca0e151747f9ddb7b814b27,OK
modules\common\instabot_env\lib\python3.12\site-packages\pytz\zoneinfo\NZ-CHAT,C:\SNS_24AutoProject_250723\modules\common\instabot_env\lib\python3.12\site-packages\pytz\zoneinfo\NZ-CHAT,c617b155ce657c9fea02fd9ddc7ac823a95f452c4a6580408d8db3a58902184f,OK
modules\common\instabot_env\lib\python3.12\site-packages\pytz\zoneinfo\Poland,C:\SNS_24AutoProject_250723\modules\common\instabot_env\lib\python3.12\site-packages\pytz\zoneinfo\Poland,4e22c33db79517472480b54491a49e0da299f3072d7490ce97f1c4fd6779acab,OK
modules\common\instabot_env\lib\python3.12\site-packages\pytz\zoneinfo\Portugal,C:\SNS_24AutoProject_250723\modules\common\instabot_env\lib\python3.12\site-packages\pytz\zoneinfo\Portugal,92b07cb24689226bf934308d1f1bd33c306aa4da610c52cd5bce25077960502c,OK
modules\common\instabot_env\lib\python3.12\site-packages\pytz\zoneinfo\PRC,C:\SNS_24AutoProject_250723\modules\common\instabot_env\lib\python3.12\site-packages\pytz\zoneinfo\PRC,64ffc2e43a94435a043c040d1d3af7e92d031adc78e7737af1861baa4eeef3e6,OK
modules\common\instabot_env\lib\python3.12\site-packages\pytz\zoneinfo\PST8PDT,C:\SNS_24AutoProject_250723\modules\common\instabot_env\lib\python3.12\site-packages\pytz\zoneinfo\PST8PDT,68977bb9ad6d186fefc6c7abd36010a66e30008dcb2d376087a41c49861e7268,OK
modules\common\instabot_env\lib\python3.12\site-packages\pytz\zoneinfo\ROC,C:\SNS_24AutoProject_250723\modules\common\instabot_env\lib\python3.12\site-packages\pytz\zoneinfo\ROC,0cc990c0ea4faa5db9b9edcd7fcbc028a4f87a6d3a0f567dac76cb222b718b19,OK
modules\common\instabot_env\lib\python3.12\site-packages\pytz\zoneinfo\ROK,C:\SNS_24AutoProject_250723\modules\common\instabot_env\lib\python3.12\site-packages\pytz\zoneinfo\ROK,2c8f4bb15dd77090b497e2a841ff3323ecbbae4f9dbb9edead2f8dd8fb5d8bb4,OK
modules\common\instabot_env\lib\python3.12\site-packages\pytz\zoneinfo\Singapore,C:\SNS_24AutoProject_250723\modules\common\instabot_env\lib\python3.12\site-packages\pytz\zoneinfo\Singapore,5e67952267aa709f212739bb4e302d8b59d6240c5ac0eaaaee32330e71d7da12,OK
modules\common\instabot_env\lib\python3.12\site-packages\pytz\zoneinfo\Turkey,C:\SNS_24AutoProject_250723\modules\common\instabot_env\lib\python3.12\site-packages\pytz\zoneinfo\Turkey,264e308e7743b5afee2d673c5b57567636dabc925bb0be513939996e856718a5,OK
modules\common\instabot_env\lib\python3.12\site-packages\pytz\zoneinfo\tzdata.zi,C:\SNS_24AutoProject_250723\modules\common\instabot_env\lib\python3.12\site-packages\pytz\zoneinfo\tzdata.zi,f84781853ede59934ddd12152d51677f41249f689f7f980f408c528690d8d250,OK
modules\common\instabot_env\lib\python3.12\site-packages\pytz\zoneinfo\UCT,C:\SNS_24AutoProject_250723\modules\common\instabot_env\lib\python3.12\site-packages\pytz\zoneinfo\UCT,8b85846791ab2c8a5463c83a5be3c043e2570d7448434d41398969ed47e3e6f2,OK
modules\common\instabot_env\lib\python3.12\site-packages\pytz\zoneinfo\Universal,C:\SNS_24AutoProject_250723\modules\common\instabot_env\lib\python3.12\site-packages\pytz\zoneinfo\Universal,8b85846791ab2c8a5463c83a5be3c043e2570d7448434d41398969ed47e3e6f2,OK
modules\common\instabot_env\lib\python3.12\site-packages\pytz\zoneinfo\UTC,C:\SNS_24AutoProject_250723\modules\common\instabot_env\lib\python3.12\site-packages\pytz\zoneinfo\UTC,8b85846791ab2c8a5463c83a5be3c043e2570d7448434d41398969ed47e3e6f2,OK
modules\common\instabot_env\lib\python3.12\site-packages\pytz\zoneinfo\W-SU,C:\SNS_24AutoProject_250723\modules\common\instabot_env\lib\python3.12\site-packages\pytz\zoneinfo\W-SU,2a69287d1723e93f0f876f0f242866f09569d77b91bde7fa4d9d06b8fcd4883c,OK
modules\common\instabot_env\lib\python3.12\site-packages\pytz\zoneinfo\WET,C:\SNS_24AutoProject_250723\modules\common\instabot_env\lib\python3.12\site-packages\pytz\zoneinfo\WET,92b07cb24689226bf934308d1f1bd33c306aa4da610c52cd5bce25077960502c,OK
modules\common\instabot_env\lib\python3.12\site-packages\pytz\zoneinfo\zone.tab,C:\SNS_24AutoProject_250723\modules\common\instabot_env\lib\python3.12\site-packages\pytz\zoneinfo\zone.tab,586b4207e6c76722de82adcda6bf49d761f668517f45a673f64da83b333eecc4,OK
modules\common\instabot_env\lib\python3.12\site-packages\pytz\zoneinfo\zone1970.tab,C:\SNS_24AutoProject_250723\modules\common\instabot_env\lib\python3.12\site-packages\pytz\zoneinfo\zone1970.tab,57194e43b001b8f832987b21b82953d997aeeaebeb53a8520140bc12d7d8cfcc,OK
modules\common\instabot_env\lib\python3.12\site-packages\pytz\zoneinfo\zonenow.tab,C:\SNS_24AutoProject_250723\modules\common\instabot_env\lib\python3.12\site-packages\pytz\zoneinfo\zonenow.tab,246743bcce0dd15184606543d8081cbb1204c5b6ff8237b758cb67c10900ce2f,OK
modules\common\instabot_env\lib\python3.12\site-packages\pytz\zoneinfo\Zulu,C:\SNS_24AutoProject_250723\modules\common\instabot_env\lib\python3.12\site-packages\pytz\zoneinfo\Zulu,8b85846791ab2c8a5463c83a5be3c043e2570d7448434d41398969ed47e3e6f2,OK
modules\common\instabot_env\lib\python3.12\site-packages\pytz\zoneinfo\Africa\Abidjan,C:\SNS_24AutoProject_250723\modules\common\instabot_env\lib\python3.12\site-packages\pytz\zoneinfo\Africa\Abidjan,d2efac4e5f23d88c95d72c1db42807170f52f43dd98a205af5a92a91b9f2d997,OK
modules\common\instabot_env\lib\python3.12\site-packages\pytz\zoneinfo\Africa\Accra,C:\SNS_24AutoProject_250723\modules\common\instabot_env\lib\python3.12\site-packages\pytz\zoneinfo\Africa\Accra,d2efac4e5f23d88c95d72c1db42807170f52f43dd98a205af5a92a91b9f2d997,OK
modules\common\instabot_env\lib\python3.12\site-packages\pytz\zoneinfo\Africa\Addis_Ababa,C:\SNS_24AutoProject_250723\modules\common\instabot_env\lib\python3.12\site-packages\pytz\zoneinfo\Africa\Addis_Ababa,c89b2e253a8926a6cecf7eff34e4bfcdb7fe24daff22d84718c30deec0ea4968,OK
modules\common\instabot_env\lib\python3.12\site-packages\pytz\zoneinfo\Africa\Algiers,C:\SNS_24AutoProject_250723\modules\common\instabot_env\lib\python3.12\site-packages\pytz\zoneinfo\Africa\Algiers,bda1698cd542c0e6e76dfbbcdab390cdd26f37a9d5826a57a50d5aab37f3b2a6,OK
modules\common\instabot_env\lib\python3.12\site-packages\pytz\zoneinfo\Africa\Asmara,C:\SNS_24AutoProject_250723\modules\common\instabot_env\lib\python3.12\site-packages\pytz\zoneinfo\Africa\Asmara,c89b2e253a8926a6cecf7eff34e4bfcdb7fe24daff22d84718c30deec0ea4968,OK
modules\common\instabot_env\lib\python3.12\site-packages\pytz\zoneinfo\Africa\Asmera,C:\SNS_24AutoProject_250723\modules\common\instabot_env\lib\python3.12\site-packages\pytz\zoneinfo\Africa\Asmera,c89b2e253a8926a6cecf7eff34e4bfcdb7fe24daff22d84718c30deec0ea4968,OK
modules\common\instabot_env\lib\python3.12\site-packages\pytz\zoneinfo\Africa\Bamako,C:\SNS_24AutoProject_250723\modules\common\instabot_env\lib\python3.12\site-packages\pytz\zoneinfo\Africa\Bamako,d2efac4e5f23d88c95d72c1db42807170f52f43dd98a205af5a92a91b9f2d997,OK
modules\common\instabot_env\lib\python3.12\site-packages\pytz\zoneinfo\Africa\Bangui,C:\SNS_24AutoProject_250723\modules\common\instabot_env\lib\python3.12\site-packages\pytz\zoneinfo\Africa\Bangui,cffeb0282ccbd7fba0e493ff8677a1e5a6dd5197885042e437f95a773f844846,OK
modules\common\instabot_env\lib\python3.12\site-packages\pytz\zoneinfo\Africa\Banjul,C:\SNS_24AutoProject_250723\modules\common\instabot_env\lib\python3.12\site-packages\pytz\zoneinfo\Africa\Banjul,d2efac4e5f23d88c95d72c1db42807170f52f43dd98a205af5a92a91b9f2d997,OK
modules\common\instabot_env\lib\python3.12\site-packages\pytz\zoneinfo\Africa\Bissau,C:\SNS_24AutoProject_250723\modules\common\instabot_env\lib\python3.12\site-packages\pytz\zoneinfo\Africa\Bissau,223bb10cfe846620c716f97f6c74ba34deec751c4b297965a28042f36f69a1a9,OK
modules\common\instabot_env\lib\python3.12\site-packages\pytz\zoneinfo\Africa\Blantyre,C:\SNS_24AutoProject_250723\modules\common\instabot_env\lib\python3.12\site-packages\pytz\zoneinfo\Africa\Blantyre,444ed3a710414bc6bf43eb27e591da49d3be3db153449a6a0c9473f7e39fdbcb,OK
modules\common\instabot_env\lib\python3.12\site-packages\pytz\zoneinfo\Africa\Brazzaville,C:\SNS_24AutoProject_250723\modules\common\instabot_env\lib\python3.12\site-packages\pytz\zoneinfo\Africa\Brazzaville,cffeb0282ccbd7fba0e493ff8677a1e5a6dd5197885042e437f95a773f844846,OK
modules\common\instabot_env\lib\python3.12\site-packages\pytz\zoneinfo\Africa\Bujumbura,C:\SNS_24AutoProject_250723\modules\common\instabot_env\lib\python3.12\site-packages\pytz\zoneinfo\Africa\Bujumbura,444ed3a710414bc6bf43eb27e591da49d3be3db153449a6a0c9473f7e39fdbcb,OK
modules\common\instabot_env\lib\python3.12\site-packages\pytz\zoneinfo\Africa\Cairo,C:\SNS_24AutoProject_250723\modules\common\instabot_env\lib\python3.12\site-packages\pytz\zoneinfo\Africa\Cairo,2dfb7e1822d085a4899bd56a526b041681c84b55617daee91499fd1990a989fb,OK
modules\common\instabot_env\lib\python3.12\site-packages\pytz\zoneinfo\Africa\Casablanca,C:\SNS_24AutoProject_250723\modules\common\instabot_env\lib\python3.12\site-packages\pytz\zoneinfo\Africa\Casablanca,e11a956f0fc5dd9b9ca29202da2bc027c583c23e7044e0c007aeed0697577200,OK
modules\common\instabot_env\lib\python3.12\site-packages\pytz\zoneinfo\Africa\Ceuta,C:\SNS_24AutoProject_250723\modules\common\instabot_env\lib\python3.12\site-packages\pytz\zoneinfo\Africa\Ceuta,0b0fb6fe714319b37c5aa22c56971abb2668a165fc8f72a6c763e70b47c7badf,OK
modules\common\instabot_env\lib\python3.12\site-packages\pytz\zoneinfo\Africa\Conakry,C:\SNS_24AutoProject_250723\modules\common\instabot_env\lib\python3.12\site-packages\pytz\zoneinfo\Africa\Conakry,d2efac4e5f23d88c95d72c1db42807170f52f43dd98a205af5a92a91b9f2d997,OK
modules\common\instabot_env\lib\python3.12\site-packages\pytz\zoneinfo\Africa\Dakar,C:\SNS_24AutoProject_250723\modules\common\instabot_env\lib\python3.12\site-packages\pytz\zoneinfo\Africa\Dakar,d2efac4e5f23d88c95d72c1db42807170f52f43dd98a205af5a92a91b9f2d997,OK
modules\common\instabot_env\lib\python3.12\site-packages\pytz\zoneinfo\Africa\Dar_es_Salaam,C:\SNS_24AutoProject_250723\modules\common\instabot_env\lib\python3.12\site-packages\pytz\zoneinfo\Africa\Dar_es_Salaam,c89b2e253a8926a6cecf7eff34e4bfcdb7fe24daff22d84718c30deec0ea4968,OK
modules\common\instabot_env\lib\python3.12\site-packages\pytz\zoneinfo\Africa\Djibouti,C:\SNS_24AutoProject_250723\modules\common\instabot_env\lib\python3.12\site-packages\pytz\zoneinfo\Africa\Djibouti,c89b2e253a8926a6cecf7eff34e4bfcdb7fe24daff22d84718c30deec0ea4968,OK
modules\common\instabot_env\lib\python3.12\site-packages\pytz\zoneinfo\Africa\Douala,C:\SNS_24AutoProject_250723\modules\common\instabot_env\lib\python3.12\site-packages\pytz\zoneinfo\Africa\Douala,cffeb0282ccbd7fba0e493ff8677a1e5a6dd5197885042e437f95a773f844846,OK
modules\common\instabot_env\lib\python3.12\site-packages\pytz\zoneinfo\Africa\El_Aaiun,C:\SNS_24AutoProject_250723\modules\common\instabot_env\lib\python3.12\site-packages\pytz\zoneinfo\Africa\El_Aaiun,516082a902c9c5df2ab13630f36933f56d6cbb05b94d1827670df5b03583cf6d,OK
modules\common\instabot_env\lib\python3.12\site-packages\pytz\zoneinfo\Africa\Freetown,C:\SNS_24AutoProject_250723\modules\common\instabot_env\lib\python3.12\site-packages\pytz\zoneinfo\Africa\Freetown,d2efac4e5f23d88c95d72c1db42807170f52f43dd98a205af5a92a91b9f2d997,OK
modules\common\instabot_env\lib\python3.12\site-packages\pytz\zoneinfo\Africa\Gaborone,C:\SNS_24AutoProject_250723\modules\common\instabot_env\lib\python3.12\site-packages\pytz\zoneinfo\Africa\Gaborone,444ed3a710414bc6bf43eb27e591da49d3be3db153449a6a0c9473f7e39fdbcb,OK
modules\common\instabot_env\lib\python3.12\site-packages\pytz\zoneinfo\Africa\Harare,C:\SNS_24AutoProject_250723\modules\common\instabot_env\lib\python3.12\site-packages\pytz\zoneinfo\Africa\Harare,444ed3a710414bc6bf43eb27e591da49d3be3db153449a6a0c9473f7e39fdbcb,OK
modules\common\instabot_env\lib\python3.12\site-packages\pytz\zoneinfo\Africa\Johannesburg,C:\SNS_24AutoProject_250723\modules\common\instabot_env\lib\python3.12\site-packages\pytz\zoneinfo\Africa\Johannesburg,6c1bcc752668e77585a308ae8543bd0bccd8e813865626e809bf94f3fe3d977e,OK
modules\common\instabot_env\lib\python3.12\site-packages\pytz\zoneinfo\Africa\Juba,C:\SNS_24AutoProject_250723\modules\common\instabot_env\lib\python3.12\site-packages\pytz\zoneinfo\Africa\Juba,5159c8a843c9c072d3302fabe6a6501cdbfda29a1856c29dabeb5aff95d4c3f4,OK
modules\common\instabot_env\lib\python3.12\site-packages\pytz\zoneinfo\Africa\Kampala,C:\SNS_24AutoProject_250723\modules\common\instabot_env\lib\python3.12\site-packages\pytz\zoneinfo\Africa\Kampala,c89b2e253a8926a6cecf7eff34e4bfcdb7fe24daff22d84718c30deec0ea4968,OK
modules\common\instabot_env\lib\python3.12\site-packages\pytz\zoneinfo\Africa\Khartoum,C:\SNS_24AutoProject_250723\modules\common\instabot_env\lib\python3.12\site-packages\pytz\zoneinfo\Africa\Khartoum,318583a09dc070222d65d029a1e3a0b565830f1aaec13a27e6fe533863fbd3ea,OK
modules\common\instabot_env\lib\python3.12\site-packages\pytz\zoneinfo\Africa\Kigali,C:\SNS_24AutoProject_250723\modules\common\instabot_env\lib\python3.12\site-packages\pytz\zoneinfo\Africa\Kigali,444ed3a710414bc6bf43eb27e591da49d3be3db153449a6a0c9473f7e39fdbcb,OK
modules\common\instabot_env\lib\python3.12\site-packages\pytz\zoneinfo\Africa\Kinshasa,C:\SNS_24AutoProject_250723\modules\common\instabot_env\lib\python3.12\site-packages\pytz\zoneinfo\Africa\Kinshasa,cffeb0282ccbd7fba0e493ff8677a1e5a6dd5197885042e437f95a773f844846,OK
modules\common\instabot_env\lib\python3.12\site-packages\pytz\zoneinfo\Africa\Lagos,C:\SNS_24AutoProject_250723\modules\common\instabot_env\lib\python3.12\site-packages\pytz\zoneinfo\Africa\Lagos,cffeb0282ccbd7fba0e493ff8677a1e5a6dd5197885042e437f95a773f844846,OK
modules\common\instabot_env\lib\python3.12\site-packages\pytz\zoneinfo\Africa\Libreville,C:\SNS_24AutoProject_250723\modules\common\instabot_env\lib\python3.12\site-packages\pytz\zoneinfo\Africa\Libreville,cffeb0282ccbd7fba0e493ff8677a1e5a6dd5197885042e437f95a773f844846,OK
modules\common\instabot_env\lib\python3.12\site-packages\pytz\zoneinfo\Africa\Lome,C:\SNS_24AutoProject_250723\modules\common\instabot_env\lib\python3.12\site-packages\pytz\zoneinfo\Africa\Lome,d2efac4e5f23d88c95d72c1db42807170f52f43dd98a205af5a92a91b9f2d997,OK
modules\common\instabot_env\lib\python3.12\site-packages\pytz\zoneinfo\Africa\Luanda,C:\SNS_24AutoProject_250723\modules\common\instabot_env\lib\python3.12\site-packages\pytz\zoneinfo\Africa\Luanda,cffeb0282ccbd7fba0e493ff8677a1e5a6dd5197885042e437f95a773f844846,OK
modules\common\instabot_env\lib\python3.12\site-packages\pytz\zoneinfo\Africa\Lubumbashi,C:\SNS_24AutoProject_250723\modules\common\instabot_env\lib\python3.12\site-packages\pytz\zoneinfo\Africa\Lubumbashi,444ed3a710414bc6bf43eb27e591da49d3be3db153449a6a0c9473f7e39fdbcb,OK
modules\common\instabot_env\lib\python3.12\site-packages\pytz\zoneinfo\Africa\Lusaka,C:\SNS_24AutoProject_250723\modules\common\instabot_env\lib\python3.12\site-packages\pytz\zoneinfo\Africa\Lusaka,444ed3a710414bc6bf43eb27e591da49d3be3db153449a6a0c9473f7e39fdbcb,OK
modules\common\instabot_env\lib\python3.12\site-packages\pytz\zoneinfo\Africa\Malabo,C:\SNS_24AutoProject_250723\modules\common\instabot_env\lib\python3.12\site-packages\pytz\zoneinfo\Africa\Malabo,cffeb0282ccbd7fba0e493ff8677a1e5a6dd5197885042e437f95a773f844846,OK
modules\common\instabot_env\lib\python3.12\site-packages\pytz\zoneinfo\Africa\Maputo,C:\SNS_24AutoProject_250723\modules\common\instabot_env\lib\python3.12\site-packages\pytz\zoneinfo\Africa\Maputo,444ed3a710414bc6bf43eb27e591da49d3be3db153449a6a0c9473f7e39fdbcb,OK
modules\common\instabot_env\lib\python3.12\site-packages\pytz\zoneinfo\Africa\Maseru,C:\SNS_24AutoProject_250723\modules\common\instabot_env\lib\python3.12\site-packages\pytz\zoneinfo\Africa\Maseru,6c1bcc752668e77585a308ae8543bd0bccd8e813865626e809bf94f3fe3d977e,OK
modules\common\instabot_env\lib\python3.12\site-packages\pytz\zoneinfo\Africa\Mbabane,C:\SNS_24AutoProject_250723\modules\common\instabot_env\lib\python3.12\site-packages\pytz\zoneinfo\Africa\Mbabane,6c1bcc752668e77585a308ae8543bd0bccd8e813865626e809bf94f3fe3d977e,OK
modules\common\instabot_env\lib\python3.12\site-packages\pytz\zoneinfo\Africa\Mogadishu,C:\SNS_24AutoProject_250723\modules\common\instabot_env\lib\python3.12\site-packages\pytz\zoneinfo\Africa\Mogadishu,c89b2e253a8926a6cecf7eff34e4bfcdb7fe24daff22d84718c30deec0ea4968,OK
modules\common\instabot_env\lib\python3.12\site-packages\pytz\zoneinfo\Africa\Monrovia,C:\SNS_24AutoProject_250723\modules\common\instabot_env\lib\python3.12\site-packages\pytz\zoneinfo\Africa\Monrovia,f95b095b9714e0a76f7e061a415bf895cbb399a28854531de369cee915ce05d5,OK
modules\common\instabot_env\lib\python3.12\site-packages\pytz\zoneinfo\Africa\Nairobi,C:\SNS_24AutoProject_250723\modules\common\instabot_env\lib\python3.12\site-packages\pytz\zoneinfo\Africa\Nairobi,c89b2e253a8926a6cecf7eff34e4bfcdb7fe24daff22d84718c30deec0ea4968,OK
modules\common\instabot_env\lib\python3.12\site-packages\pytz\zoneinfo\Africa\Ndjamena,C:\SNS_24AutoProject_250723\modules\common\instabot_env\lib\python3.12\site-packages\pytz\zoneinfo\Africa\Ndjamena,f13dc0d199bd1a3d01be6eab77cf2ddc60172a229d1947c7948a98964608d0a3,OK
modules\common\instabot_env\lib\python3.12\site-packages\pytz\zoneinfo\Africa\Niamey,C:\SNS_24AutoProject_250723\modules\common\instabot_env\lib\python3.12\site-packages\pytz\zoneinfo\Africa\Niamey,cffeb0282ccbd7fba0e493ff8677a1e5a6dd5197885042e437f95a773f844846,OK
modules\common\instabot_env\lib\python3.12\site-packages\pytz\zoneinfo\Africa\Nouakchott,C:\SNS_24AutoProject_250723\modules\common\instabot_env\lib\python3.12\site-packages\pytz\zoneinfo\Africa\Nouakchott,d2efac4e5f23d88c95d72c1db42807170f52f43dd98a205af5a92a91b9f2d997,OK
modules\common\instabot_env\lib\python3.12\site-packages\pytz\zoneinfo\Africa\Ouagadougou,C:\SNS_24AutoProject_250723\modules\common\instabot_env\lib\python3.12\site-packages\pytz\zoneinfo\Africa\Ouagadougou,d2efac4e5f23d88c95d72c1db42807170f52f43dd98a205af5a92a91b9f2d997,OK
modules\common\instabot_env\lib\python3.12\site-packages\pytz\zoneinfo\Africa\Porto-Novo,C:\SNS_24AutoProject_250723\modules\common\instabot_env\lib\python3.12\site-packages\pytz\zoneinfo\Africa\Porto-Novo,cffeb0282ccbd7fba0e493ff8677a1e5a6dd5197885042e437f95a773f844846,OK
modules\common\instabot_env\lib\python3.12\site-packages\pytz\zoneinfo\Africa\Sao_Tome,C:\SNS_24AutoProject_250723\modules\common\instabot_env\lib\python3.12\site-packages\pytz\zoneinfo\Africa\Sao_Tome,31d8f1a50dbaf2ecc9ed9c7566ba0552d454c2ab09e85ff263701857d157c352,OK
modules\common\instabot_env\lib\python3.12\site-packages\pytz\zoneinfo\Africa\Timbuktu,C:\SNS_24AutoProject_250723\modules\common\instabot_env\lib\python3.12\site-packages\pytz\zoneinfo\Africa\Timbuktu,d2efac4e5f23d88c95d72c1db42807170f52f43dd98a205af5a92a91b9f2d997,OK
modules\common\instabot_env\lib\python3.12\site-packages\pytz\zoneinfo\Africa\Tripoli,C:\SNS_24AutoProject_250723\modules\common\instabot_env\lib\python3.12\site-packages\pytz\zoneinfo\Africa\Tripoli,5b5769b460fbd13ee9a46a28d1f733150783888a749ee96d2cd3d5eba3300767,OK
modules\common\instabot_env\lib\python3.12\site-packages\pytz\zoneinfo\Africa\Tunis,C:\SNS_24AutoProject_250723\modules\common\instabot_env\lib\python3.12\site-packages\pytz\zoneinfo\Africa\Tunis,38554c10ce1e613d84cf46deba1114093488a5c165756c6c576b84a1364850d2,OK
modules\common\instabot_env\lib\python3.12\site-packages\pytz\zoneinfo\Africa\Windhoek,C:\SNS_24AutoProject_250723\modules\common\instabot_env\lib\python3.12\site-packages\pytz\zoneinfo\Africa\Windhoek,c6e86fb9dacc1f86a59d59a8b924d023c60bf05fc76e0b05d8443b0192b3b87b,OK
modules\common\instabot_env\lib\python3.12\site-packages\pytz\zoneinfo\America\Adak,C:\SNS_24AutoProject_250723\modules\common\instabot_env\lib\python3.12\site-packages\pytz\zoneinfo\America\Adak,201d4387025000a6e13c9f631cb7fccd6e4369dec7224052f9d86feb81353a53,OK
modules\common\instabot_env\lib\python3.12\site-packages\pytz\zoneinfo\America\Anchorage,C:\SNS_24AutoProject_250723\modules\common\instabot_env\lib\python3.12\site-packages\pytz\zoneinfo\America\Anchorage,a190353523d2d8159dca66299c21c53bc0656154be965e4a2e0d84cfd09b113b,OK
modules\common\instabot_env\lib\python3.12\site-packages\pytz\zoneinfo\America\Anguilla,C:\SNS_24AutoProject_250723\modules\common\instabot_env\lib\python3.12\site-packages\pytz\zoneinfo\America\Anguilla,8491e557ff801a8306516b8ca5946ff5f2e6821af31477eb47d7d191cc5a6497,OK
modules\common\instabot_env\lib\python3.12\site-packages\pytz\zoneinfo\America\Antigua,C:\SNS_24AutoProject_250723\modules\common\instabot_env\lib\python3.12\site-packages\pytz\zoneinfo\America\Antigua,8491e557ff801a8306516b8ca5946ff5f2e6821af31477eb47d7d191cc5a6497,OK
modules\common\instabot_env\lib\python3.12\site-packages\pytz\zoneinfo\America\Araguaina,C:\SNS_24AutoProject_250723\modules\common\instabot_env\lib\python3.12\site-packages\pytz\zoneinfo\America\Araguaina,1babfdc18159f040785907c8b2a45b6e288a7766f6ee3ed9b797458c16f3c76a,OK
modules\common\instabot_env\lib\python3.12\site-packages\pytz\zoneinfo\America\Aruba,C:\SNS_24AutoProject_250723\modules\common\instabot_env\lib\python3.12\site-packages\pytz\zoneinfo\America\Aruba,8491e557ff801a8306516b8ca5946ff5f2e6821af31477eb47d7d191cc5a6497,OK
modules\common\instabot_env\lib\python3.12\site-packages\pytz\zoneinfo\America\Asuncion,C:\SNS_24AutoProject_250723\modules\common\instabot_env\lib\python3.12\site-packages\pytz\zoneinfo\America\Asuncion,f727c68843615cd81ddbfd311d5b05fa12de264192a91b3ecc3f4ef78e4a2567,OK
modules\common\instabot_env\lib\python3.12\site-packages\pytz\zoneinfo\America\Atikokan,C:\SNS_24AutoProject_250723\modules\common\instabot_env\lib\python3.12\site-packages\pytz\zoneinfo\America\Atikokan,91ac80fe976931c490d058c8ce8b5d71ffa6d4961f6ca13ea9c153f0b0bccea0,OK
modules\common\instabot_env\lib\python3.12\site-packages\pytz\zoneinfo\America\Atka,C:\SNS_24AutoProject_250723\modules\common\instabot_env\lib\python3.12\site-packages\pytz\zoneinfo\America\Atka,201d4387025000a6e13c9f631cb7fccd6e4369dec7224052f9d86feb81353a53,OK
modules\common\instabot_env\lib\python3.12\site-packages\pytz\zoneinfo\America\Bahia,C:\SNS_24AutoProject_250723\modules\common\instabot_env\lib\python3.12\site-packages\pytz\zoneinfo\America\Bahia,aa2edd03a1687c384bc553267762fc6cadc779a42773d5fe8e28a3c327e1b378,OK
modules\common\instabot_env\lib\python3.12\site-packages\pytz\zoneinfo\America\Bahia_Banderas,C:\SNS_24AutoProject_250723\modules\common\instabot_env\lib\python3.12\site-packages\pytz\zoneinfo\America\Bahia_Banderas,32fad7189e4bcda1ce7a0b89ab1b33c63c4c85569f1956e4fa88d711ceff6042,OK
modules\common\instabot_env\lib\python3.12\site-packages\pytz\zoneinfo\America\Barbados,C:\SNS_24AutoProject_250723\modules\common\instabot_env\lib\python3.12\site-packages\pytz\zoneinfo\America\Barbados,8a66be42bae16b3bb841fbeed99d3e7ba13e193898927b8906ee9cdb2546f4b1,OK
modules\common\instabot_env\lib\python3.12\site-packages\pytz\zoneinfo\America\Belem,C:\SNS_24AutoProject_250723\modules\common\instabot_env\lib\python3.12\site-packages\pytz\zoneinfo\America\Belem,69931482d1437473484a9ab241161b992d88043f81012dc26899e1bbaa272c26,OK
modules\common\instabot_env\lib\python3.12\site-packages\pytz\zoneinfo\America\Belize,C:\SNS_24AutoProject_250723\modules\common\instabot_env\lib\python3.12\site-packages\pytz\zoneinfo\America\Belize,a647cb63629f3dc85b7896b5a56717996030a7866546fc562d57b35e7adb930b,OK
modules\common\instabot_env\lib\python3.12\site-packages\pytz\zoneinfo\America\Blanc-Sablon,C:\SNS_24AutoProject_250723\modules\common\instabot_env\lib\python3.12\site-packages\pytz\zoneinfo\America\Blanc-Sablon,8491e557ff801a8306516b8ca5946ff5f2e6821af31477eb47d7d191cc5a6497,OK
modules\common\instabot_env\lib\python3.12\site-packages\pytz\zoneinfo\America\Boa_Vista,C:\SNS_24AutoProject_250723\modules\common\instabot_env\lib\python3.12\site-packages\pytz\zoneinfo\America\Boa_Vista,74cb5a1b5d641a526b8092601961036590269cefc77d3dcbe17f2923bd8b2c56,OK
modules\common\instabot_env\lib\python3.12\site-packages\pytz\zoneinfo\America\Bogota,C:\SNS_24AutoProject_250723\modules\common\instabot_env\lib\python3.12\site-packages\pytz\zoneinfo\America\Bogota,6757ab9d9646431ba513c28558761670cdd25758e7dbf404735434389cc745a9,OK
modules\common\instabot_env\lib\python3.12\site-packages\pytz\zoneinfo\America\Boise,C:\SNS_24AutoProject_250723\modules\common\instabot_env\lib\python3.12\site-packages\pytz\zoneinfo\America\Boise,ec742c34f262521790805cf99152ef4e77f9c615c061a78036a0ec9312b3d95b,OK
modules\common\instabot_env\lib\python3.12\site-packages\pytz\zoneinfo\America\Buenos_Aires,C:\SNS_24AutoProject_250723\modules\common\instabot_env\lib\python3.12\site-packages\pytz\zoneinfo\America\Buenos_Aires,26653c941c26cb6f6047a3a67b2b6f15d311c7a39b24a9d834798bc8c9975f63,OK
modules\common\instabot_env\lib\python3.12\site-packages\pytz\zoneinfo\America\Cambridge_Bay,C:\SNS_24AutoProject_250723\modules\common\instabot_env\lib\python3.12\site-packages\pytz\zoneinfo\America\Cambridge_Bay,ff8c51957dd6755a4472aa13ea6c83ecd7930979e7f4e624fe21f4d3a6f050ba,OK
modules\common\instabot_env\lib\python3.12\site-packages\pytz\zoneinfo\America\Campo_Grande,C:\SNS_24AutoProject_250723\modules\common\instabot_env\lib\python3.12\site-packages\pytz\zoneinfo\America\Campo_Grande,8083625e0e62d9ee9187635ba366c5aa13c024be05e1c02a1a705a9e45d30d7c,OK
modules\common\instabot_env\lib\python3.12\site-packages\pytz\zoneinfo\America\Cancun,C:\SNS_24AutoProject_250723\modules\common\instabot_env\lib\python3.12\site-packages\pytz\zoneinfo\America\Cancun,11d574370d968cced59e3147a2ae63b126cbbae13b78fd4e13be2eb44c96246e,OK
modules\common\instabot_env\lib\python3.12\site-packages\pytz\zoneinfo\America\Caracas,C:\SNS_24AutoProject_250723\modules\common\instabot_env\lib\python3.12\site-packages\pytz\zoneinfo\America\Caracas,99434c15d0f364b6affde3c0d68701766a950627ab91e12ccd3205a4d0a6e49d,OK
modules\common\instabot_env\lib\python3.12\site-packages\pytz\zoneinfo\America\Catamarca,C:\SNS_24AutoProject_250723\modules\common\instabot_env\lib\python3.12\site-packages\pytz\zoneinfo\America\Catamarca,b8c0895d719898d1121d5be3e5160167431cace744d788709b5ee5db9320456d,OK
modules\common\instabot_env\lib\python3.12\site-packages\pytz\zoneinfo\America\Cayenne,C:\SNS_24AutoProject_250723\modules\common\instabot_env\lib\python3.12\site-packages\pytz\zoneinfo\America\Cayenne,e24ec8bf5c285f86ada9e3caadcbcc403d9593d4e699aeeb5bf016fd1eb6a427,OK
modules\common\instabot_env\lib\python3.12\site-packages\pytz\zoneinfo\America\Cayman,C:\SNS_24AutoProject_250723\modules\common\instabot_env\lib\python3.12\site-packages\pytz\zoneinfo\America\Cayman,91ac80fe976931c490d058c8ce8b5d71ffa6d4961f6ca13ea9c153f0b0bccea0,OK
modules\common\instabot_env\lib\python3.12\site-packages\pytz\zoneinfo\America\Chicago,C:\SNS_24AutoProject_250723\modules\common\instabot_env\lib\python3.12\site-packages\pytz\zoneinfo\America\Chicago,feba326ebe88eac20017a718748c46c68469a1e7f5e7716dcb8f1d43a6e6f686,OK
modules\common\instabot_env\lib\python3.12\site-packages\pytz\zoneinfo\America\Chihuahua,C:\SNS_24AutoProject_250723\modules\common\instabot_env\lib\python3.12\site-packages\pytz\zoneinfo\America\Chihuahua,dcd8336de760f00cc0ab1b1b4121b48d5471f8bc58970d62de4c7e63397ed887,OK
modules\common\instabot_env\lib\python3.12\site-packages\pytz\zoneinfo\America\Ciudad_Juarez,C:\SNS_24AutoProject_250723\modules\common\instabot_env\lib\python3.12\site-packages\pytz\zoneinfo\America\Ciudad_Juarez,8abe1bdbb0e216b84bd07e1f650f769c46be041a0f7cb588cf7a61537ef77601,OK
modules\common\instabot_env\lib\python3.12\site-packages\pytz\zoneinfo\America\Coral_Harbour,C:\SNS_24AutoProject_250723\modules\common\instabot_env\lib\python3.12\site-packages\pytz\zoneinfo\America\Coral_Harbour,91ac80fe976931c490d058c8ce8b5d71ffa6d4961f6ca13ea9c153f0b0bccea0,OK
modules\common\instabot_env\lib\python3.12\site-packages\pytz\zoneinfo\America\Cordoba,C:\SNS_24AutoProject_250723\modules\common\instabot_env\lib\python3.12\site-packages\pytz\zoneinfo\America\Cordoba,ba788d8a184c1e7af85cae16a7088f527ac04f460f9afcea07a7f48512ed5ef6,OK
modules\common\instabot_env\lib\python3.12\site-packages\pytz\zoneinfo\America\Costa_Rica,C:\SNS_24AutoProject_250723\modules\common\instabot_env\lib\python3.12\site-packages\pytz\zoneinfo\America\Costa_Rica,ef8ad86ba96b80893296cf4f907a3c482625f683aa8ae1b94bb31676725e94fe,OK
modules\common\instabot_env\lib\python3.12\site-packages\pytz\zoneinfo\America\Coyhaique,C:\SNS_24AutoProject_250723\modules\common\instabot_env\lib\python3.12\site-packages\pytz\zoneinfo\America\Coyhaique,6de65753a2f0e63c765a9ddd3519058a87d71a66b674ce83b2abc94fd0921dd7,OK
modules\common\instabot_env\lib\python3.12\site-packages\pytz\zoneinfo\America\Creston,C:\SNS_24AutoProject_250723\modules\common\instabot_env\lib\python3.12\site-packages\pytz\zoneinfo\America\Creston,8a5973d2c62e2cbf2520f2b44e4a2ee9d2f455c93f0f45bfdeb4533af1584664,OK
modules\common\instabot_env\lib\python3.12\site-packages\pytz\zoneinfo\America\Cuiaba,C:\SNS_24AutoProject_250723\modules\common\instabot_env\lib\python3.12\site-packages\pytz\zoneinfo\America\Cuiaba,19126a92145736c3947208d975d43144825d4586b0f6933f60b59bba7f3c7648,OK
modules\common\instabot_env\lib\python3.12\site-packages\pytz\zoneinfo\America\Curacao,C:\SNS_24AutoProject_250723\modules\common\instabot_env\lib\python3.12\site-packages\pytz\zoneinfo\America\Curacao,8491e557ff801a8306516b8ca5946ff5f2e6821af31477eb47d7d191cc5a6497,OK
modules\common\instabot_env\lib\python3.12\site-packages\pytz\zoneinfo\America\Danmarkshavn,C:\SNS_24AutoProject_250723\modules\common\instabot_env\lib\python3.12\site-packages\pytz\zoneinfo\America\Danmarkshavn,6116407d40a856d68bd4bf8c60c60c1f5c3239a5509df528fe0167bcc5d2bb3c,OK
modules\common\instabot_env\lib\python3.12\site-packages\pytz\zoneinfo\America\Dawson,C:\SNS_24AutoProject_250723\modules\common\instabot_env\lib\python3.12\site-packages\pytz\zoneinfo\America\Dawson,ac01e1cae32eca37ff7b20364811bbe8c4417ff7e3ff18b9140ba2595420261c,OK
modules\common\instabot_env\lib\python3.12\site-packages\pytz\zoneinfo\America\Dawson_Creek,C:\SNS_24AutoProject_250723\modules\common\instabot_env\lib\python3.12\site-packages\pytz\zoneinfo\America\Dawson_Creek,6895c2c8fe23de0804e3018237e2eb4bd8690ffe73587cd04de4802935843d43,OK
modules\common\instabot_env\lib\python3.12\site-packages\pytz\zoneinfo\America\Denver,C:\SNS_24AutoProject_250723\modules\common\instabot_env\lib\python3.12\site-packages\pytz\zoneinfo\America\Denver,32e819c00a43b3c348f539d700d425504f20b8d068c16418d26fa9b693e775c9,OK
modules\common\instabot_env\lib\python3.12\site-packages\pytz\zoneinfo\America\Detroit,C:\SNS_24AutoProject_250723\modules\common\instabot_env\lib\python3.12\site-packages\pytz\zoneinfo\America\Detroit,85e733f32a98d828f907ad46de02d9740559bd180af65d0ff7473f80dfae0f98,OK
modules\common\instabot_env\lib\python3.12\site-packages\pytz\zoneinfo\America\Dominica,C:\SNS_24AutoProject_250723\modules\common\instabot_env\lib\python3.12\site-packages\pytz\zoneinfo\America\Dominica,8491e557ff801a8306516b8ca5946ff5f2e6821af31477eb47d7d191cc5a6497,OK
modules\common\instabot_env\lib\python3.12\site-packages\pytz\zoneinfo\America\Edmonton,C:\SNS_24AutoProject_250723\modules\common\instabot_env\lib\python3.12\site-packages\pytz\zoneinfo\America\Edmonton,f939087dcdd096f6827f4a7c08e678dd8d47441025fa7011522f8975778ad6f1,OK
modules\common\instabot_env\lib\python3.12\site-packages\pytz\zoneinfo\America\Eirunepe,C:\SNS_24AutoProject_250723\modules\common\instabot_env\lib\python3.12\site-packages\pytz\zoneinfo\America\Eirunepe,8f9784c648c56aab42f83f172b4ac6ce817dc8481b4a54db3ea546f562a111af,OK
modules\common\instabot_env\lib\python3.12\site-packages\pytz\zoneinfo\America\El_Salvador,C:\SNS_24AutoProject_250723\modules\common\instabot_env\lib\python3.12\site-packages\pytz\zoneinfo\America\El_Salvador,82f18df0b923fac1a6dbfaecf0e52300c7f5a0cb4aa765deb3a51f593d16aa05,OK
modules\common\instabot_env\lib\python3.12\site-packages\pytz\zoneinfo\America\Ensenada,C:\SNS_24AutoProject_250723\modules\common\instabot_env\lib\python3.12\site-packages\pytz\zoneinfo\America\Ensenada,4a5b95ef1cd99b6e0b80c5d2515b75703d40944ef2fdb744eb91e10c87572dcb,OK
modules\common\instabot_env\lib\python3.12\site-packages\pytz\zoneinfo\America\Fortaleza,C:\SNS_24AutoProject_250723\modules\common\instabot_env\lib\python3.12\site-packages\pytz\zoneinfo\America\Fortaleza,ae3892074ab5701b8c0ce33da2b5bfbb07b950e2c1c1395f8c5a2dc0e61ed665,OK
modules\common\instabot_env\lib\python3.12\site-packages\pytz\zoneinfo\America\Fort_Nelson,C:\SNS_24AutoProject_250723\modules\common\instabot_env\lib\python3.12\site-packages\pytz\zoneinfo\America\Fort_Nelson,7ab7ce0ebdc3ad2a73eb990074eed3b367466d9c6f75d10fea0c78057df2d89d,OK
modules\common\instabot_env\lib\python3.12\site-packages\pytz\zoneinfo\America\Fort_Wayne,C:\SNS_24AutoProject_250723\modules\common\instabot_env\lib\python3.12\site-packages\pytz\zoneinfo\America\Fort_Wayne,90d2b2f4a8fd202b226187c209b020833300edec5ff86a463ccc685e8707532c,OK
modules\common\instabot_env\lib\python3.12\site-packages\pytz\zoneinfo\America\Glace_Bay,C:\SNS_24AutoProject_250723\modules\common\instabot_env\lib\python3.12\site-packages\pytz\zoneinfo\America\Glace_Bay,1bc0c62c609aa47fda60217f3a168be50a277fb14e02000fc1e94ee61b425817,OK
modules\common\instabot_env\lib\python3.12\site-packages\pytz\zoneinfo\America\Godthab,C:\SNS_24AutoProject_250723\modules\common\instabot_env\lib\python3.12\site-packages\pytz\zoneinfo\America\Godthab,2865eb30df98918a550a02dda5c7f030543bec4b11006b235021b7c8052f55fc,OK
modules\common\instabot_env\lib\python3.12\site-packages\pytz\zoneinfo\America\Goose_Bay,C:\SNS_24AutoProject_250723\modules\common\instabot_env\lib\python3.12\site-packages\pytz\zoneinfo\America\Goose_Bay,26068bb9e8214af5f683bdb914e7c882982fb2ac591b29163a1019586a506516,OK
modules\common\instabot_env\lib\python3.12\site-packages\pytz\zoneinfo\America\Grand_Turk,C:\SNS_24AutoProject_250723\modules\common\instabot_env\lib\python3.12\site-packages\pytz\zoneinfo\America\Grand_Turk,e1838510f2bad017a5dbf7c2b18eaf499c5470c24a8e22adc8e7ff4349211305,OK
modules\common\instabot_env\lib\python3.12\site-packages\pytz\zoneinfo\America\Grenada,C:\SNS_24AutoProject_250723\modules\common\instabot_env\lib\python3.12\site-packages\pytz\zoneinfo\America\Grenada,8491e557ff801a8306516b8ca5946ff5f2e6821af31477eb47d7d191cc5a6497,OK
modules\common\instabot_env\lib\python3.12\site-packages\pytz\zoneinfo\America\Guadeloupe,C:\SNS_24AutoProject_250723\modules\common\instabot_env\lib\python3.12\site-packages\pytz\zoneinfo\America\Guadeloupe,8491e557ff801a8306516b8ca5946ff5f2e6821af31477eb47d7d191cc5a6497,OK
modules\common\instabot_env\lib\python3.12\site-packages\pytz\zoneinfo\America\Guatemala,C:\SNS_24AutoProject_250723\modules\common\instabot_env\lib\python3.12\site-packages\pytz\zoneinfo\America\Guatemala,76e81480277a418e76c87907b943f88d15b3a39c78dfd2108a06980af105e3a4,OK
modules\common\instabot_env\lib\python3.12\site-packages\pytz\zoneinfo\America\Guayaquil,C:\SNS_24AutoProject_250723\modules\common\instabot_env\lib\python3.12\site-packages\pytz\zoneinfo\America\Guayaquil,8f652e228fb846048e95335fbbbee6859f76c1a35378a152be6a157a6268a13d,OK
modules\common\instabot_env\lib\python3.12\site-packages\pytz\zoneinfo\America\Guyana,C:\SNS_24AutoProject_250723\modules\common\instabot_env\lib\python3.12\site-packages\pytz\zoneinfo\America\Guyana,4746cebc24430bc49121ec6686c76e3dd1db6d13f02361af883f68b44c6252b9,OK
modules\common\instabot_env\lib\python3.12\site-packages\pytz\zoneinfo\America\Halifax,C:\SNS_24AutoProject_250723\modules\common\instabot_env\lib\python3.12\site-packages\pytz\zoneinfo\America\Halifax,4d9a667393f05a82df4df42843f6f7535ec113689529278d911d07a3c99b4e7f,OK
modules\common\instabot_env\lib\python3.12\site-packages\pytz\zoneinfo\America\Havana,C:\SNS_24AutoProject_250723\modules\common\instabot_env\lib\python3.12\site-packages\pytz\zoneinfo\America\Havana,1d441e02e281b04908e522d98eaca75c808e51539a8e42b3287e6bf8ebf939d7,OK
modules\common\instabot_env\lib\python3.12\site-packages\pytz\zoneinfo\America\Hermosillo,C:\SNS_24AutoProject_250723\modules\common\instabot_env\lib\python3.12\site-packages\pytz\zoneinfo\America\Hermosillo,8b160a7acb4b992ee05a86e4f4aaba16d2d9a35caa6d601cb6b1542a5bb372dc,OK
modules\common\instabot_env\lib\python3.12\site-packages\pytz\zoneinfo\America\Indianapolis,C:\SNS_24AutoProject_250723\modules\common\instabot_env\lib\python3.12\site-packages\pytz\zoneinfo\America\Indianapolis,90d2b2f4a8fd202b226187c209b020833300edec5ff86a463ccc685e8707532c,OK
modules\common\instabot_env\lib\python3.12\site-packages\pytz\zoneinfo\America\Inuvik,C:\SNS_24AutoProject_250723\modules\common\instabot_env\lib\python3.12\site-packages\pytz\zoneinfo\America\Inuvik,e89fa66a90e7ae4f40d4bb6cc28137e2da92cbfb9f79d70404dc62c64ac48c8a,OK
modules\common\instabot_env\lib\python3.12\site-packages\pytz\zoneinfo\America\Iqaluit,C:\SNS_24AutoProject_250723\modules\common\instabot_env\lib\python3.12\site-packages\pytz\zoneinfo\America\Iqaluit,7de3a7c40374374afe335aa592b03824cc9ac28734b6a69ed2288108f0c0b389,OK
modules\common\instabot_env\lib\python3.12\site-packages\pytz\zoneinfo\America\Jujuy,C:\SNS_24AutoProject_250723\modules\common\instabot_env\lib\python3.12\site-packages\pytz\zoneinfo\America\Jujuy,3c69807a1ca90b18f45c27a70925aaca50c83db28b2b40e5af024aff6e03e7dd,OK
modules\common\instabot_env\lib\python3.12\site-packages\pytz\zoneinfo\America\Juneau,C:\SNS_24AutoProject_250723\modules\common\instabot_env\lib\python3.12\site-packages\pytz\zoneinfo\America\Juneau,93b8716f46864677e713e0c18b72e472303344fc807f4fc7c34bd515f8c679bd,OK
modules\common\instabot_env\lib\python3.12\site-packages\pytz\zoneinfo\America\Knox_IN,C:\SNS_24AutoProject_250723\modules\common\instabot_env\lib\python3.12\site-packages\pytz\zoneinfo\America\Knox_IN,0acbd9e412b0daa55abf7c7f17c094f6d68974393b8d7e3509fb2a9acea35d5f,OK
modules\common\instabot_env\lib\python3.12\site-packages\pytz\zoneinfo\America\Kralendijk,C:\SNS_24AutoProject_250723\modules\common\instabot_env\lib\python3.12\site-packages\pytz\zoneinfo\America\Kralendijk,8491e557ff801a8306516b8ca5946ff5f2e6821af31477eb47d7d191cc5a6497,OK
modules\common\instabot_env\lib\python3.12\site-packages\pytz\zoneinfo\America\La_Paz,C:\SNS_24AutoProject_250723\modules\common\instabot_env\lib\python3.12\site-packages\pytz\zoneinfo\America\La_Paz,86a7c3f0b407ba97598638b67bddfff69390013f91ee6bb3ce33f49f27db1576,OK
modules\common\instabot_env\lib\python3.12\site-packages\pytz\zoneinfo\America\Lima,C:\SNS_24AutoProject_250723\modules\common\instabot_env\lib\python3.12\site-packages\pytz\zoneinfo\America\Lima,1c78139c3527099ce26ef2f432b1bcab23aebe3998630ddedd1e556e7c4c66cf,OK
modules\common\instabot_env\lib\python3.12\site-packages\pytz\zoneinfo\America\Los_Angeles,C:\SNS_24AutoProject_250723\modules\common\instabot_env\lib\python3.12\site-packages\pytz\zoneinfo\America\Los_Angeles,68977bb9ad6d186fefc6c7abd36010a66e30008dcb2d376087a41c49861e7268,OK
modules\common\instabot_env\lib\python3.12\site-packages\pytz\zoneinfo\America\Louisville,C:\SNS_24AutoProject_250723\modules\common\instabot_env\lib\python3.12\site-packages\pytz\zoneinfo\America\Louisville,b4fd3bdb157f9ffbc8423c71709efb0067868fac8bd4a3e99f77f089db3d8355,OK
modules\common\instabot_env\lib\python3.12\site-packages\pytz\zoneinfo\America\Lower_Princes,C:\SNS_24AutoProject_250723\modules\common\instabot_env\lib\python3.12\site-packages\pytz\zoneinfo\America\Lower_Princes,8491e557ff801a8306516b8ca5946ff5f2e6821af31477eb47d7d191cc5a6497,OK
modules\common\instabot_env\lib\python3.12\site-packages\pytz\zoneinfo\America\Maceio,C:\SNS_24AutoProject_250723\modules\common\instabot_env\lib\python3.12\site-packages\pytz\zoneinfo\America\Maceio,dd1e439527b7da44039a8495216a5cca4da8eeaa21afeae58b0a834861483324,OK
modules\common\instabot_env\lib\python3.12\site-packages\pytz\zoneinfo\America\Managua,C:\SNS_24AutoProject_250723\modules\common\instabot_env\lib\python3.12\site-packages\pytz\zoneinfo\America\Managua,c41cc5d350079f61367c3f10772f831c57b7e94aa878da4a3df0a176e04a59d9,OK
modules\common\instabot_env\lib\python3.12\site-packages\pytz\zoneinfo\America\Manaus,C:\SNS_24AutoProject_250723\modules\common\instabot_env\lib\python3.12\site-packages\pytz\zoneinfo\America\Manaus,17a44b38e78e8bd972999890990f6947cb45a4f67a120b8d74f7ce73a0615c31,OK
modules\common\instabot_env\lib\python3.12\site-packages\pytz\zoneinfo\America\Marigot,C:\SNS_24AutoProject_250723\modules\common\instabot_env\lib\python3.12\site-packages\pytz\zoneinfo\America\Marigot,8491e557ff801a8306516b8ca5946ff5f2e6821af31477eb47d7d191cc5a6497,OK
modules\common\instabot_env\lib\python3.12\site-packages\pytz\zoneinfo\America\Martinique,C:\SNS_24AutoProject_250723\modules\common\instabot_env\lib\python3.12\site-packages\pytz\zoneinfo\America\Martinique,7ccb3cd24394d9816f0b47fdcb67a37bdec9780b536016a65eb9e54ee9cd2f34,OK
modules\common\instabot_env\lib\python3.12\site-packages\pytz\zoneinfo\America\Matamoros,C:\SNS_24AutoProject_250723\modules\common\instabot_env\lib\python3.12\site-packages\pytz\zoneinfo\America\Matamoros,7eaf8fa9d999ad0f7c52c1661c0f62be3059bf91840514ceb8b4390aee5a8d6f,OK
modules\common\instabot_env\lib\python3.12\site-packages\pytz\zoneinfo\America\Mazatlan,C:\SNS_24AutoProject_250723\modules\common\instabot_env\lib\python3.12\site-packages\pytz\zoneinfo\America\Mazatlan,0561f636a54f0353ecc842cf37fd8117c2a596bb26424aa0d5eba3b10be79f1f,OK
modules\common\instabot_env\lib\python3.12\site-packages\pytz\zoneinfo\America\Mendoza,C:\SNS_24AutoProject_250723\modules\common\instabot_env\lib\python3.12\site-packages\pytz\zoneinfo\America\Mendoza,c5c395b6f47255814053dd32d90630a72421a4c2f2029efe171be4bb89209747,OK
modules\common\instabot_env\lib\python3.12\site-packages\pytz\zoneinfo\America\Menominee,C:\SNS_24AutoProject_250723\modules\common\instabot_env\lib\python3.12\site-packages\pytz\zoneinfo\America\Menominee,02bbfd58b6df84d72946c5231c353be7b044770969d3c1addf4022c46de0674e,OK
modules\common\instabot_env\lib\python3.12\site-packages\pytz\zoneinfo\America\Merida,C:\SNS_24AutoProject_250723\modules\common\instabot_env\lib\python3.12\site-packages\pytz\zoneinfo\America\Merida,4953441c26b38e899fb67b8f5416b2148f84f884345a696e1df4e91cfd21dddd,OK
modules\common\instabot_env\lib\python3.12\site-packages\pytz\zoneinfo\America\Metlakatla,C:\SNS_24AutoProject_250723\modules\common\instabot_env\lib\python3.12\site-packages\pytz\zoneinfo\America\Metlakatla,b709a27864d563657e53c9c5c6abf1edab18bfc1958de59d2edace23b500a552,OK
modules\common\instabot_env\lib\python3.12\site-packages\pytz\zoneinfo\America\Mexico_City,C:\SNS_24AutoProject_250723\modules\common\instabot_env\lib\python3.12\site-packages\pytz\zoneinfo\America\Mexico_City,528836f85316cf6a35da347ab0af6f7a625a98b7a8e8e105310477b34c53c647,OK
modules\common\instabot_env\lib\python3.12\site-packages\pytz\zoneinfo\America\Miquelon,C:\SNS_24AutoProject_250723\modules\common\instabot_env\lib\python3.12\site-packages\pytz\zoneinfo\America\Miquelon,979b7104961ef474d166520b71b48bfc734362b8d46f4a2e79c372ed012483d7,OK
modules\common\instabot_env\lib\python3.12\site-packages\pytz\zoneinfo\America\Moncton,C:\SNS_24AutoProject_250723\modules\common\instabot_env\lib\python3.12\site-packages\pytz\zoneinfo\America\Moncton,5a6bfe6e4f5a28a7165b33a9735505bbaec739fc1a224d969a1dcb82a19cb72b,OK
modules\common\instabot_env\lib\python3.12\site-packages\pytz\zoneinfo\America\Monterrey,C:\SNS_24AutoProject_250723\modules\common\instabot_env\lib\python3.12\site-packages\pytz\zoneinfo\America\Monterrey,622c5311226e6dfe990545f2ea0df6840336811e065d73ea394e2dbf42f7906d,OK
modules\common\instabot_env\lib\python3.12\site-packages\pytz\zoneinfo\America\Montevideo,C:\SNS_24AutoProject_250723\modules\common\instabot_env\lib\python3.12\site-packages\pytz\zoneinfo\America\Montevideo,7501011389a364fb724632972ba67e6cc1c9745aa9c21233c431f8c74e2b2989,OK
modules\common\instabot_env\lib\python3.12\site-packages\pytz\zoneinfo\America\Montreal,C:\SNS_24AutoProject_250723\modules\common\instabot_env\lib\python3.12\site-packages\pytz\zoneinfo\America\Montreal,a587a1a1607439f7bac283e1815f2bdbafb9649a453d18e06c2e44e6996d888f,OK
modules\common\instabot_env\lib\python3.12\site-packages\pytz\zoneinfo\America\Montserrat,C:\SNS_24AutoProject_250723\modules\common\instabot_env\lib\python3.12\site-packages\pytz\zoneinfo\America\Montserrat,8491e557ff801a8306516b8ca5946ff5f2e6821af31477eb47d7d191cc5a6497,OK
modules\common\instabot_env\lib\python3.12\site-packages\pytz\zoneinfo\America\Nassau,C:\SNS_24AutoProject_250723\modules\common\instabot_env\lib\python3.12\site-packages\pytz\zoneinfo\America\Nassau,a587a1a1607439f7bac283e1815f2bdbafb9649a453d18e06c2e44e6996d888f,OK
modules\common\instabot_env\lib\python3.12\site-packages\pytz\zoneinfo\America\New_York,C:\SNS_24AutoProject_250723\modules\common\instabot_env\lib\python3.12\site-packages\pytz\zoneinfo\America\New_York,e9ed07d7bee0c76a9d442d091ef1f01668fee7c4f26014c0a868b19fe6c18a95,OK
modules\common\instabot_env\lib\python3.12\site-packages\pytz\zoneinfo\America\Nipigon,C:\SNS_24AutoProject_250723\modules\common\instabot_env\lib\python3.12\site-packages\pytz\zoneinfo\America\Nipigon,a587a1a1607439f7bac283e1815f2bdbafb9649a453d18e06c2e44e6996d888f,OK
modules\common\instabot_env\lib\python3.12\site-packages\pytz\zoneinfo\America\Nome,C:\SNS_24AutoProject_250723\modules\common\instabot_env\lib\python3.12\site-packages\pytz\zoneinfo\America\Nome,da2cccdfe3fe3ea27dcdae8c761cc57ccbcf14dabb1a29baf6d02f1303de636b,OK
modules\common\instabot_env\lib\python3.12\site-packages\pytz\zoneinfo\America\Noronha,C:\SNS_24AutoProject_250723\modules\common\instabot_env\lib\python3.12\site-packages\pytz\zoneinfo\America\Noronha,7de7910228d0a8aca5660a9ef389ca86c14bc9c4f9cc8066ee62c8bddc86c38c,OK
modules\common\instabot_env\lib\python3.12\site-packages\pytz\zoneinfo\America\Nuuk,C:\SNS_24AutoProject_250723\modules\common\instabot_env\lib\python3.12\site-packages\pytz\zoneinfo\America\Nuuk,2865eb30df98918a550a02dda5c7f030543bec4b11006b235021b7c8052f55fc,OK
modules\common\instabot_env\lib\python3.12\site-packages\pytz\zoneinfo\America\Ojinaga,C:\SNS_24AutoProject_250723\modules\common\instabot_env\lib\python3.12\site-packages\pytz\zoneinfo\America\Ojinaga,6f7f10ffb55d902673695c1bece5ee75d8a1240cd428f4d3a97726a419b59ed1,OK
modules\common\instabot_env\lib\python3.12\site-packages\pytz\zoneinfo\America\Panama,C:\SNS_24AutoProject_250723\modules\common\instabot_env\lib\python3.12\site-packages\pytz\zoneinfo\America\Panama,91ac80fe976931c490d058c8ce8b5d71ffa6d4961f6ca13ea9c153f0b0bccea0,OK
modules\common\instabot_env\lib\python3.12\site-packages\pytz\zoneinfo\America\Pangnirtung,C:\SNS_24AutoProject_250723\modules\common\instabot_env\lib\python3.12\site-packages\pytz\zoneinfo\America\Pangnirtung,7de3a7c40374374afe335aa592b03824cc9ac28734b6a69ed2288108f0c0b389,OK
modules\common\instabot_env\lib\python3.12\site-packages\pytz\zoneinfo\America\Paramaribo,C:\SNS_24AutoProject_250723\modules\common\instabot_env\lib\python3.12\site-packages\pytz\zoneinfo\America\Paramaribo,67b519bcd96077ea845078c43d85c890b35382331c0b393d11f51412653277b3,OK
modules\common\instabot_env\lib\python3.12\site-packages\pytz\zoneinfo\America\Phoenix,C:\SNS_24AutoProject_250723\modules\common\instabot_env\lib\python3.12\site-packages\pytz\zoneinfo\America\Phoenix,8a5973d2c62e2cbf2520f2b44e4a2ee9d2f455c93f0f45bfdeb4533af1584664,OK
modules\common\instabot_env\lib\python3.12\site-packages\pytz\zoneinfo\America\Port-au-Prince,C:\SNS_24AutoProject_250723\modules\common\instabot_env\lib\python3.12\site-packages\pytz\zoneinfo\America\Port-au-Prince,d3d64025de083a23297dda54b85d54e3847f851b7a06fa409055ce9d83bdc8e3,OK
modules\common\instabot_env\lib\python3.12\site-packages\pytz\zoneinfo\America\Porto_Acre,C:\SNS_24AutoProject_250723\modules\common\instabot_env\lib\python3.12\site-packages\pytz\zoneinfo\America\Porto_Acre,d20a49525e3a8506e9d0fe978f54b4340ac859e02bcaeb835e3b2576f0791871,OK
modules\common\instabot_env\lib\python3.12\site-packages\pytz\zoneinfo\America\Porto_Velho,C:\SNS_24AutoProject_250723\modules\common\instabot_env\lib\python3.12\site-packages\pytz\zoneinfo\America\Porto_Velho,b92315da16568fe572061141c02f79d3071385f3778eae8a9727044a64132ce0,OK
modules\common\instabot_env\lib\python3.12\site-packages\pytz\zoneinfo\America\Port_of_Spain,C:\SNS_24AutoProject_250723\modules\common\instabot_env\lib\python3.12\site-packages\pytz\zoneinfo\America\Port_of_Spain,8491e557ff801a8306516b8ca5946ff5f2e6821af31477eb47d7d191cc5a6497,OK
modules\common\instabot_env\lib\python3.12\site-packages\pytz\zoneinfo\America\Puerto_Rico,C:\SNS_24AutoProject_250723\modules\common\instabot_env\lib\python3.12\site-packages\pytz\zoneinfo\America\Puerto_Rico,8491e557ff801a8306516b8ca5946ff5f2e6821af31477eb47d7d191cc5a6497,OK
modules\common\instabot_env\lib\python3.12\site-packages\pytz\zoneinfo\America\Punta_Arenas,C:\SNS_24AutoProject_250723\modules\common\instabot_env\lib\python3.12\site-packages\pytz\zoneinfo\America\Punta_Arenas,b51e6e21fd77e7501616aaea36d9979e14169ca444989699a8a0736964553134,OK
modules\common\instabot_env\lib\python3.12\site-packages\pytz\zoneinfo\America\Rainy_River,C:\SNS_24AutoProject_250723\modules\common\instabot_env\lib\python3.12\site-packages\pytz\zoneinfo\America\Rainy_River,ecffbf610ae77857289fb40a4933a79221a3129a450e7dd9e3c309d6aabc541c,OK
modules\common\instabot_env\lib\python3.12\site-packages\pytz\zoneinfo\America\Rankin_Inlet,C:\SNS_24AutoProject_250723\modules\common\instabot_env\lib\python3.12\site-packages\pytz\zoneinfo\America\Rankin_Inlet,9d782a8cbdced815747a6f9793ca9545165bfd7d324261c4eaf9924af23d2b37,OK
modules\common\instabot_env\lib\python3.12\site-packages\pytz\zoneinfo\America\Recife,C:\SNS_24AutoProject_250723\modules\common\instabot_env\lib\python3.12\site-packages\pytz\zoneinfo\America\Recife,6c9fc7134f89162a38fa8c29674a4b3bc5376a2d1f886bbc4072f40dec4b88b7,OK
modules\common\instabot_env\lib\python3.12\site-packages\pytz\zoneinfo\America\Regina,C:\SNS_24AutoProject_250723\modules\common\instabot_env\lib\python3.12\site-packages\pytz\zoneinfo\America\Regina,ca3a93d3ca476c80987bcdc7f099ad68306f085a91bfb4dfcdedd8f31b97ba4c,OK
modules\common\instabot_env\lib\python3.12\site-packages\pytz\zoneinfo\America\Resolute,C:\SNS_24AutoProject_250723\modules\common\instabot_env\lib\python3.12\site-packages\pytz\zoneinfo\America\Resolute,0a7314d9d048fbadefb7cf89d10d51a29c7ef1bf694422e386faf270c21e7468,OK
modules\common\instabot_env\lib\python3.12\site-packages\pytz\zoneinfo\America\Rio_Branco,C:\SNS_24AutoProject_250723\modules\common\instabot_env\lib\python3.12\site-packages\pytz\zoneinfo\America\Rio_Branco,d20a49525e3a8506e9d0fe978f54b4340ac859e02bcaeb835e3b2576f0791871,OK
modules\common\instabot_env\lib\python3.12\site-packages\pytz\zoneinfo\America\Rosario,C:\SNS_24AutoProject_250723\modules\common\instabot_env\lib\python3.12\site-packages\pytz\zoneinfo\America\Rosario,ba788d8a184c1e7af85cae16a7088f527ac04f460f9afcea07a7f48512ed5ef6,OK
modules\common\instabot_env\lib\python3.12\site-packages\pytz\zoneinfo\America\Santarem,C:\SNS_24AutoProject_250723\modules\common\instabot_env\lib\python3.12\site-packages\pytz\zoneinfo\America\Santarem,56664ff52e693ee705c72a80395f74f049965d066f8028162e6949253525d0b1,OK
modules\common\instabot_env\lib\python3.12\site-packages\pytz\zoneinfo\America\Santa_Isabel,C:\SNS_24AutoProject_250723\modules\common\instabot_env\lib\python3.12\site-packages\pytz\zoneinfo\America\Santa_Isabel,4a5b95ef1cd99b6e0b80c5d2515b75703d40944ef2fdb744eb91e10c87572dcb,OK
modules\common\instabot_env\lib\python3.12\site-packages\pytz\zoneinfo\America\Santiago,C:\SNS_24AutoProject_250723\modules\common\instabot_env\lib\python3.12\site-packages\pytz\zoneinfo\America\Santiago,d020f0d77742314b28aae32ea68260ba99330143610cae84d2557151103ba2c0,OK
modules\common\instabot_env\lib\python3.12\site-packages\pytz\zoneinfo\America\Santo_Domingo,C:\SNS_24AutoProject_250723\modules\common\instabot_env\lib\python3.12\site-packages\pytz\zoneinfo\America\Santo_Domingo,0cab5a123f1f43ddb26c84d3594e019b5eb44bda732665156e36964677a7c54e,OK
modules\common\instabot_env\lib\python3.12\site-packages\pytz\zoneinfo\America\Sao_Paulo,C:\SNS_24AutoProject_250723\modules\common\instabot_env\lib\python3.12\site-packages\pytz\zoneinfo\America\Sao_Paulo,04c06744ee3fe078ef3b8b779e38eb30666bf993e67a092fcaf2fc28f63a64ce,OK
modules\common\instabot_env\lib\python3.12\site-packages\pytz\zoneinfo\America\Scoresbysund,C:\SNS_24AutoProject_250723\modules\common\instabot_env\lib\python3.12\site-packages\pytz\zoneinfo\America\Scoresbysund,2beaa488c08216039ef1c70f300040fa50e373dbdbeb0a65b8138255f88174b2,OK
modules\common\instabot_env\lib\python3.12\site-packages\pytz\zoneinfo\America\Shiprock,C:\SNS_24AutoProject_250723\modules\common\instabot_env\lib\python3.12\site-packages\pytz\zoneinfo\America\Shiprock,32e819c00a43b3c348f539d700d425504f20b8d068c16418d26fa9b693e775c9,OK
modules\common\instabot_env\lib\python3.12\site-packages\pytz\zoneinfo\America\Sitka,C:\SNS_24AutoProject_250723\modules\common\instabot_env\lib\python3.12\site-packages\pytz\zoneinfo\America\Sitka,6a24bb164dfb859a7367d56478941e17e06a4cb442d503930a03002704fc5310,OK
modules\common\instabot_env\lib\python3.12\site-packages\pytz\zoneinfo\America\St_Barthelemy,C:\SNS_24AutoProject_250723\modules\common\instabot_env\lib\python3.12\site-packages\pytz\zoneinfo\America\St_Barthelemy,8491e557ff801a8306516b8ca5946ff5f2e6821af31477eb47d7d191cc5a6497,OK
modules\common\instabot_env\lib\python3.12\site-packages\pytz\zoneinfo\America\St_Johns,C:\SNS_24AutoProject_250723\modules\common\instabot_env\lib\python3.12\site-packages\pytz\zoneinfo\America\St_Johns,af5fb5eee2afdbb799dc9b15930fc32d941ba3ac2f8eeb95bbb0b6a43b263a02,OK
modules\common\instabot_env\lib\python3.12\site-packages\pytz\zoneinfo\America\St_Kitts,C:\SNS_24AutoProject_250723\modules\common\instabot_env\lib\python3.12\site-packages\pytz\zoneinfo\America\St_Kitts,8491e557ff801a8306516b8ca5946ff5f2e6821af31477eb47d7d191cc5a6497,OK
modules\common\instabot_env\lib\python3.12\site-packages\pytz\zoneinfo\America\St_Lucia,C:\SNS_24AutoProject_250723\modules\common\instabot_env\lib\python3.12\site-packages\pytz\zoneinfo\America\St_Lucia,8491e557ff801a8306516b8ca5946ff5f2e6821af31477eb47d7d191cc5a6497,OK
modules\common\instabot_env\lib\python3.12\site-packages\pytz\zoneinfo\America\St_Thomas,C:\SNS_24AutoProject_250723\modules\common\instabot_env\lib\python3.12\site-packages\pytz\zoneinfo\America\St_Thomas,8491e557ff801a8306516b8ca5946ff5f2e6821af31477eb47d7d191cc5a6497,OK
modules\common\instabot_env\lib\python3.12\site-packages\pytz\zoneinfo\America\St_Vincent,C:\SNS_24AutoProject_250723\modules\common\instabot_env\lib\python3.12\site-packages\pytz\zoneinfo\America\St_Vincent,8491e557ff801a8306516b8ca5946ff5f2e6821af31477eb47d7d191cc5a6497,OK
modules\common\instabot_env\lib\python3.12\site-packages\pytz\zoneinfo\America\Swift_Current,C:\SNS_24AutoProject_250723\modules\common\instabot_env\lib\python3.12\site-packages\pytz\zoneinfo\America\Swift_Current,45128e17bbd90bc56f6310fc3cfe09d7f8543dac8a04fecbbbcd1abd191f3c36,OK
modules\common\instabot_env\lib\python3.12\site-packages\pytz\zoneinfo\America\Tegucigalpa,C:\SNS_24AutoProject_250723\modules\common\instabot_env\lib\python3.12\site-packages\pytz\zoneinfo\America\Tegucigalpa,1333b3ee7b5396b78cabaf4967609c01bf0fb3df15f5b50c378f34b693c8cb0e,OK
modules\common\instabot_env\lib\python3.12\site-packages\pytz\zoneinfo\America\Thule,C:\SNS_24AutoProject_250723\modules\common\instabot_env\lib\python3.12\site-packages\pytz\zoneinfo\America\Thule,f31b8f45a654f1180ee440aa1581d89a71e2a1cf35b0139a8a5915bbc634da2f,OK
modules\common\instabot_env\lib\python3.12\site-packages\pytz\zoneinfo\America\Thunder_Bay,C:\SNS_24AutoProject_250723\modules\common\instabot_env\lib\python3.12\site-packages\pytz\zoneinfo\America\Thunder_Bay,a587a1a1607439f7bac283e1815f2bdbafb9649a453d18e06c2e44e6996d888f,OK
modules\common\instabot_env\lib\python3.12\site-packages\pytz\zoneinfo\America\Tijuana,C:\SNS_24AutoProject_250723\modules\common\instabot_env\lib\python3.12\site-packages\pytz\zoneinfo\America\Tijuana,4a5b95ef1cd99b6e0b80c5d2515b75703d40944ef2fdb744eb91e10c87572dcb,OK
modules\common\instabot_env\lib\python3.12\site-packages\pytz\zoneinfo\America\Toronto,C:\SNS_24AutoProject_250723\modules\common\instabot_env\lib\python3.12\site-packages\pytz\zoneinfo\America\Toronto,a587a1a1607439f7bac283e1815f2bdbafb9649a453d18e06c2e44e6996d888f,OK
modules\common\instabot_env\lib\python3.12\site-packages\pytz\zoneinfo\America\Tortola,C:\SNS_24AutoProject_250723\modules\common\instabot_env\lib\python3.12\site-packages\pytz\zoneinfo\America\Tortola,8491e557ff801a8306516b8ca5946ff5f2e6821af31477eb47d7d191cc5a6497,OK
modules\common\instabot_env\lib\python3.12\site-packages\pytz\zoneinfo\America\Vancouver,C:\SNS_24AutoProject_250723\modules\common\instabot_env\lib\python3.12\site-packages\pytz\zoneinfo\America\Vancouver,b249ca1f48d23d66a6f831df337e6a5ecf0d6a6edde5316591423d4a0c6bcb28,OK
modules\common\instabot_env\lib\python3.12\site-packages\pytz\zoneinfo\America\Virgin,C:\SNS_24AutoProject_250723\modules\common\instabot_env\lib\python3.12\site-packages\pytz\zoneinfo\America\Virgin,8491e557ff801a8306516b8ca5946ff5f2e6821af31477eb47d7d191cc5a6497,OK
modules\common\instabot_env\lib\python3.12\site-packages\pytz\zoneinfo\America\Whitehorse,C:\SNS_24AutoProject_250723\modules\common\instabot_env\lib\python3.12\site-packages\pytz\zoneinfo\America\Whitehorse,4eb47a3c29d81be9920a504ca21aa53fcaa76215cc52cc9d23e2feaae5c5c723,OK
modules\common\instabot_env\lib\python3.12\site-packages\pytz\zoneinfo\America\Winnipeg,C:\SNS_24AutoProject_250723\modules\common\instabot_env\lib\python3.12\site-packages\pytz\zoneinfo\America\Winnipeg,ecffbf610ae77857289fb40a4933a79221a3129a450e7dd9e3c309d6aabc541c,OK
modules\common\instabot_env\lib\python3.12\site-packages\pytz\zoneinfo\America\Yakutat,C:\SNS_24AutoProject_250723\modules\common\instabot_env\lib\python3.12\site-packages\pytz\zoneinfo\America\Yakutat,b45c2729bbf0872ca7e0b353027e727bf2560ddc6309eacd0edee83b05303b63,OK
modules\common\instabot_env\lib\python3.12\site-packages\pytz\zoneinfo\America\Yellowknife,C:\SNS_24AutoProject_250723\modules\common\instabot_env\lib\python3.12\site-packages\pytz\zoneinfo\America\Yellowknife,f939087dcdd096f6827f4a7c08e678dd8d47441025fa7011522f8975778ad6f1,OK
modules\common\instabot_env\lib\python3.12\site-packages\pytz\zoneinfo\America\Argentina\ComodRivadavia,C:\SNS_24AutoProject_250723\modules\common\instabot_env\lib\python3.12\site-packages\pytz\zoneinfo\America\Argentina\ComodRivadavia,b8c0895d719898d1121d5be3e5160167431cace744d788709b5ee5db9320456d,OK
modules\common\instabot_env\lib\python3.12\site-packages\pytz\zoneinfo\America\Argentina\La_Rioja,C:\SNS_24AutoProject_250723\modules\common\instabot_env\lib\python3.12\site-packages\pytz\zoneinfo\America\Argentina\La_Rioja,526e97a155e1b2beb669dd665ae79b7ba358d191dab81751f6d3060e0a823878,OK
modules\common\instabot_env\lib\python3.12\site-packages\pytz\zoneinfo\America\Argentina\Rio_Gallegos,C:\SNS_24AutoProject_250723\modules\common\instabot_env\lib\python3.12\site-packages\pytz\zoneinfo\America\Argentina\Rio_Gallegos,17d64a478a3c80b1d7ed006e22331aa4621d9b3271a6ac1ba2e3e067932a0e96,OK
modules\common\instabot_env\lib\python3.12\site-packages\pytz\zoneinfo\America\Argentina\Salta,C:\SNS_24AutoProject_250723\modules\common\instabot_env\lib\python3.12\site-packages\pytz\zoneinfo\America\Argentina\Salta,875298ac33486a9bc3918862d4f681f160f5a9639ee2f8618032560c2195e237,OK
modules\common\instabot_env\lib\python3.12\site-packages\pytz\zoneinfo\America\Argentina\San_Juan,C:\SNS_24AutoProject_250723\modules\common\instabot_env\lib\python3.12\site-packages\pytz\zoneinfo\America\Argentina\San_Juan,008d8696d03cd263cdce11f163272e13021b3b500d5f222a05064ca63a8aa9d4,OK
modules\common\instabot_env\lib\python3.12\site-packages\pytz\zoneinfo\America\Argentina\San_Luis,C:\SNS_24AutoProject_250723\modules\common\instabot_env\lib\python3.12\site-packages\pytz\zoneinfo\America\Argentina\San_Luis,d88b4645c2d52b6c31f0cc89b076c8041780914e01f8c379c7567137267b5091,OK
modules\common\instabot_env\lib\python3.12\site-packages\pytz\zoneinfo\America\Argentina\Tucuman,C:\SNS_24AutoProject_250723\modules\common\instabot_env\lib\python3.12\site-packages\pytz\zoneinfo\America\Argentina\Tucuman,b703be16ab4d255f173b3593bc543ec6711c582a035076378295481b43336dff,OK
modules\common\instabot_env\lib\python3.12\site-packages\pytz\zoneinfo\America\Argentina\Ushuaia,C:\SNS_24AutoProject_250723\modules\common\instabot_env\lib\python3.12\site-packages\pytz\zoneinfo\America\Argentina\Ushuaia,03a21ba55958f4820fa1228c15147d0cc44e7705d44837361ec012b9e3929eaa,OK
modules\common\instabot_env\lib\python3.12\site-packages\pytz\zoneinfo\America\Indiana\Knox,C:\SNS_24AutoProject_250723\modules\common\instabot_env\lib\python3.12\site-packages\pytz\zoneinfo\America\Indiana\Knox,0acbd9e412b0daa55abf7c7f17c094f6d68974393b8d7e3509fb2a9acea35d5f,OK
modules\common\instabot_env\lib\python3.12\site-packages\pytz\zoneinfo\America\Indiana\Marengo,C:\SNS_24AutoProject_250723\modules\common\instabot_env\lib\python3.12\site-packages\pytz\zoneinfo\America\Indiana\Marengo,7f7b50fa580c49403b9ef9fae295e12ad24bee65b319a8e809e81ae4c10949b2,OK
modules\common\instabot_env\lib\python3.12\site-packages\pytz\zoneinfo\America\Indiana\Petersburg,C:\SNS_24AutoProject_250723\modules\common\instabot_env\lib\python3.12\site-packages\pytz\zoneinfo\America\Indiana\Petersburg,03cf0e1ee334460de230b1e32a05eafddda36427554b2b5442cfbd5b429c1724,OK
modules\common\instabot_env\lib\python3.12\site-packages\pytz\zoneinfo\America\Indiana\Tell_City,C:\SNS_24AutoProject_250723\modules\common\instabot_env\lib\python3.12\site-packages\pytz\zoneinfo\America\Indiana\Tell_City,e1d5aa02bf58d815df2f8a40424fbcd5cde01a5d9c35d1d7383effc09861867f,OK
modules\common\instabot_env\lib\python3.12\site-packages\pytz\zoneinfo\America\Indiana\Vevay,C:\SNS_24AutoProject_250723\modules\common\instabot_env\lib\python3.12\site-packages\pytz\zoneinfo\America\Indiana\Vevay,1fb551d86fbfb03fc2e519b83f78358910b515608f8389b43060f73f53cbcec9,OK
modules\common\instabot_env\lib\python3.12\site-packages\pytz\zoneinfo\America\Indiana\Vincennes,C:\SNS_24AutoProject_250723\modules\common\instabot_env\lib\python3.12\site-packages\pytz\zoneinfo\America\Indiana\Vincennes,eb6980c53ec03c509aa3281f96713374ea5ef9fb96d7239b23a9ba11451c4bb0,OK
modules\common\instabot_env\lib\python3.12\site-packages\pytz\zoneinfo\America\Indiana\Winamac,C:\SNS_24AutoProject_250723\modules\common\instabot_env\lib\python3.12\site-packages\pytz\zoneinfo\America\Indiana\Winamac,69918cda347c087f411d252aed7ca08b078377a768ad72cf5e0db8e97b1b47ab,OK
modules\common\instabot_env\lib\python3.12\site-packages\pytz\zoneinfo\America\Kentucky\Monticello,C:\SNS_24AutoProject_250723\modules\common\instabot_env\lib\python3.12\site-packages\pytz\zoneinfo\America\Kentucky\Monticello,2ed7720a8f3906b5d0b3aae51fad589bef0aa961c7e8fc003a30f44318487733,OK
modules\common\instabot_env\lib\python3.12\site-packages\pytz\zoneinfo\America\North_Dakota\Beulah,C:\SNS_24AutoProject_250723\modules\common\instabot_env\lib\python3.12\site-packages\pytz\zoneinfo\America\North_Dakota\Beulah,aad81ba8dbbc3370241c5da7fbfa12a6cd69613e12c607256e490f29b5da047b,OK
modules\common\instabot_env\lib\python3.12\site-packages\pytz\zoneinfo\America\North_Dakota\Center,C:\SNS_24AutoProject_250723\modules\common\instabot_env\lib\python3.12\site-packages\pytz\zoneinfo\America\North_Dakota\Center,f5959b2bd60a92ab942f2054152dcbaff89dc5bb7b57bcb85b810ed0a9f6d2cc,OK
modules\common\instabot_env\lib\python3.12\site-packages\pytz\zoneinfo\America\North_Dakota\New_Salem,C:\SNS_24AutoProject_250723\modules\common\instabot_env\lib\python3.12\site-packages\pytz\zoneinfo\America\North_Dakota\New_Salem,0c7fdbb107ee5272b6a1b75bd3a2a08ac3b85cbaa1b75d815ddae052c659bde8,OK
modules\common\instabot_env\lib\python3.12\site-packages\pytz\zoneinfo\Antarctica\Casey,C:\SNS_24AutoProject_250723\modules\common\instabot_env\lib\python3.12\site-packages\pytz\zoneinfo\Antarctica\Casey,55e68b3b14df0f28df197ab9525f7924420c5cd587496fb4377c8ea12ed52be7,OK
modules\common\instabot_env\lib\python3.12\site-packages\pytz\zoneinfo\Antarctica\Davis,C:\SNS_24AutoProject_250723\modules\common\instabot_env\lib\python3.12\site-packages\pytz\zoneinfo\Antarctica\Davis,5c1d76744ab443edd793304d4cd0bb1b57f31fe5b1c5cb48b99a88df3a7cca92,OK
modules\common\instabot_env\lib\python3.12\site-packages\pytz\zoneinfo\Antarctica\DumontDUrville,C:\SNS_24AutoProject_250723\modules\common\instabot_env\lib\python3.12\site-packages\pytz\zoneinfo\Antarctica\DumontDUrville,9c1dfa1c15994dd8774e53f40cb14dcf529143468721f1dba7b2c2e14ae9f5f0,OK
modules\common\instabot_env\lib\python3.12\site-packages\pytz\zoneinfo\Antarctica\Macquarie,C:\SNS_24AutoProject_250723\modules\common\instabot_env\lib\python3.12\site-packages\pytz\zoneinfo\Antarctica\Macquarie,89eed195a53c4474e8ad5563f8c5fc4ad28cab1fe85dfe141f63d4aa9cdcc1ed,OK
modules\common\instabot_env\lib\python3.12\site-packages\pytz\zoneinfo\Antarctica\Mawson,C:\SNS_24AutoProject_250723\modules\common\instabot_env\lib\python3.12\site-packages\pytz\zoneinfo\Antarctica\Mawson,1232056ea45daf664905a2355efa16469b679d6d4b16b961c9dc430ee2108d22,OK
modules\common\instabot_env\lib\python3.12\site-packages\pytz\zoneinfo\Antarctica\McMurdo,C:\SNS_24AutoProject_250723\modules\common\instabot_env\lib\python3.12\site-packages\pytz\zoneinfo\Antarctica\McMurdo,8000e3a323e8fd0212414e9426b020707a771c368ca0e151747f9ddb7b814b27,OK
modules\common\instabot_env\lib\python3.12\site-packages\pytz\zoneinfo\Antarctica\Palmer,C:\SNS_24AutoProject_250723\modules\common\instabot_env\lib\python3.12\site-packages\pytz\zoneinfo\Antarctica\Palmer,1d3658d0cf2d77ba14c794443e04421eea8a8395777e32448b895804d2f812d8,OK
modules\common\instabot_env\lib\python3.12\site-packages\pytz\zoneinfo\Antarctica\Rothera,C:\SNS_24AutoProject_250723\modules\common\instabot_env\lib\python3.12\site-packages\pytz\zoneinfo\Antarctica\Rothera,ffd358f9ff2f928cd062b8db5073f96237080a0d3e2eec80f4f9c878ad76dd15,OK
modules\common\instabot_env\lib\python3.12\site-packages\pytz\zoneinfo\Antarctica\South_Pole,C:\SNS_24AutoProject_250723\modules\common\instabot_env\lib\python3.12\site-packages\pytz\zoneinfo\Antarctica\South_Pole,8000e3a323e8fd0212414e9426b020707a771c368ca0e151747f9ddb7b814b27,OK
modules\common\instabot_env\lib\python3.12\site-packages\pytz\zoneinfo\Antarctica\Syowa,C:\SNS_24AutoProject_250723\modules\common\instabot_env\lib\python3.12\site-packages\pytz\zoneinfo\Antarctica\Syowa,a02287eee69f37c475a3e8a35c6a13e54d49671c2fa0bcc9bbfd82ab28b68543,OK
modules\common\instabot_env\lib\python3.12\site-packages\pytz\zoneinfo\Antarctica\Troll,C:\SNS_24AutoProject_250723\modules\common\instabot_env\lib\python3.12\site-packages\pytz\zoneinfo\Antarctica\Troll,7e3718a69c2bd459e312cb1e7be44b806380373a14c9f8ec7be4462b8e8f4761,OK
modules\common\instabot_env\lib\python3.12\site-packages\pytz\zoneinfo\Antarctica\Vostok,C:\SNS_24AutoProject_250723\modules\common\instabot_env\lib\python3.12\site-packages\pytz\zoneinfo\Antarctica\Vostok,29f7edc1dccae8f90c0f3d1df83df3e0728806063d2aab2a1e74e7aac3ccad48,OK
modules\common\instabot_env\lib\python3.12\site-packages\pytz\zoneinfo\Arctic\Longyearbyen,C:\SNS_24AutoProject_250723\modules\common\instabot_env\lib\python3.12\site-packages\pytz\zoneinfo\Arctic\Longyearbyen,5ee475f71a0fc1a32faeb849f8c39c6e7aa66d6d41ec742b97b3a7436b3b0701,OK
modules\common\instabot_env\lib\python3.12\site-packages\pytz\zoneinfo\Asia\Aden,C:\SNS_24AutoProject_250723\modules\common\instabot_env\lib\python3.12\site-packages\pytz\zoneinfo\Asia\Aden,a02287eee69f37c475a3e8a35c6a13e54d49671c2fa0bcc9bbfd82ab28b68543,OK
modules\common\instabot_env\lib\python3.12\site-packages\pytz\zoneinfo\Asia\Almaty,C:\SNS_24AutoProject_250723\modules\common\instabot_env\lib\python3.12\site-packages\pytz\zoneinfo\Asia\Almaty,94f2d65e4d9fd66598450645908aeaff91e486872c5018acd0cfb285d0c77014,OK
modules\common\instabot_env\lib\python3.12\site-packages\pytz\zoneinfo\Asia\Amman,C:\SNS_24AutoProject_250723\modules\common\instabot_env\lib\python3.12\site-packages\pytz\zoneinfo\Asia\Amman,42fe1c5d7c3b28141613cf367208f4923437c21d6fa55d68ac9dafd898f1af65,OK
modules\common\instabot_env\lib\python3.12\site-packages\pytz\zoneinfo\Asia\Anadyr,C:\SNS_24AutoProject_250723\modules\common\instabot_env\lib\python3.12\site-packages\pytz\zoneinfo\Asia\Anadyr,5aa2a71e8e481d2599d3c776b12e72b47b6fd0c40ca1cccfdd6f736c30eb6d85,OK
modules\common\instabot_env\lib\python3.12\site-packages\pytz\zoneinfo\Asia\Aqtau,C:\SNS_24AutoProject_250723\modules\common\instabot_env\lib\python3.12\site-packages\pytz\zoneinfo\Asia\Aqtau,e27eb9e0566d0ecb1749f850b338d91b93a6b5b136ce8d4a6e259c62b149834d,OK
modules\common\instabot_env\lib\python3.12\site-packages\pytz\zoneinfo\Asia\Aqtobe,C:\SNS_24AutoProject_250723\modules\common\instabot_env\lib\python3.12\site-packages\pytz\zoneinfo\Asia\Aqtobe,d681474dbfb26dc4ea2d79b4af564e5607583131e51a836cf8f82fbb1e747771,OK
modules\common\instabot_env\lib\python3.12\site-packages\pytz\zoneinfo\Asia\Ashgabat,C:\SNS_24AutoProject_250723\modules\common\instabot_env\lib\python3.12\site-packages\pytz\zoneinfo\Asia\Ashgabat,fac7c69d1ba68a8eff06cf30f581f8c510d6823077c01796edcd02e7a42a93ae,OK
modules\common\instabot_env\lib\python3.12\site-packages\pytz\zoneinfo\Asia\Ashkhabad,C:\SNS_24AutoProject_250723\modules\common\instabot_env\lib\python3.12\site-packages\pytz\zoneinfo\Asia\Ashkhabad,fac7c69d1ba68a8eff06cf30f581f8c510d6823077c01796edcd02e7a42a93ae,OK
modules\common\instabot_env\lib\python3.12\site-packages\pytz\zoneinfo\Asia\Atyrau,C:\SNS_24AutoProject_250723\modules\common\instabot_env\lib\python3.12\site-packages\pytz\zoneinfo\Asia\Atyrau,fd4f02394204f671bf1ca75d644d50d2c3eecf7accc1f8f099f9d50d8fef4a68,OK
modules\common\instabot_env\lib\python3.12\site-packages\pytz\zoneinfo\Asia\Baghdad,C:\SNS_24AutoProject_250723\modules\common\instabot_env\lib\python3.12\site-packages\pytz\zoneinfo\Asia\Baghdad,4bea65288e3308ba88d22746001124de84536b3372ac88f64fdf3e12d5ad643f,OK
modules\common\instabot_env\lib\python3.12\site-packages\pytz\zoneinfo\Asia\Bahrain,C:\SNS_24AutoProject_250723\modules\common\instabot_env\lib\python3.12\site-packages\pytz\zoneinfo\Asia\Bahrain,c2494663758f1a9fb3d4e5306ff28e1f3453c019ddb7545f0e0f54b6db77e86e,OK
modules\common\instabot_env\lib\python3.12\site-packages\pytz\zoneinfo\Asia\Baku,C:\SNS_24AutoProject_250723\modules\common\instabot_env\lib\python3.12\site-packages\pytz\zoneinfo\Asia\Baku,ebf86af7c4861b48f4240f2a631f7a59c20c6522d6e30e3ad105e1fce33f71c8,OK
modules\common\instabot_env\lib\python3.12\site-packages\pytz\zoneinfo\Asia\Bangkok,C:\SNS_24AutoProject_250723\modules\common\instabot_env\lib\python3.12\site-packages\pytz\zoneinfo\Asia\Bangkok,85fff93d57a041c1524bad028d2f340bb87e4c63ab7d0e27726f3737c5666649,OK
modules\common\instabot_env\lib\python3.12\site-packages\pytz\zoneinfo\Asia\Barnaul,C:\SNS_24AutoProject_250723\modules\common\instabot_env\lib\python3.12\site-packages\pytz\zoneinfo\Asia\Barnaul,df37948a62d332b219134bd7e971c5bc1dcca2a131a156c4e424a6e86574cdfd,OK
modules\common\instabot_env\lib\python3.12\site-packages\pytz\zoneinfo\Asia\Beirut,C:\SNS_24AutoProject_250723\modules\common\instabot_env\lib\python3.12\site-packages\pytz\zoneinfo\Asia\Beirut,fd9ff664083f88bf6f539d490c1f02074e2e5c10eb7f590b222b3e2675da4b6a,OK
modules\common\instabot_env\lib\python3.12\site-packages\pytz\zoneinfo\Asia\Bishkek,C:\SNS_24AutoProject_250723\modules\common\instabot_env\lib\python3.12\site-packages\pytz\zoneinfo\Asia\Bishkek,20ea14ca300120b0a45eed6b8c222a4b002e7d16059257396000b88dd855c3a4,OK
modules\common\instabot_env\lib\python3.12\site-packages\pytz\zoneinfo\Asia\Brunei,C:\SNS_24AutoProject_250723\modules\common\instabot_env\lib\python3.12\site-packages\pytz\zoneinfo\Asia\Brunei,0f9aadc9627f48cf1b4d0789248621aaaa23c6554a6eb142d4460c0d4f46cd74,OK
modules\common\instabot_env\lib\python3.12\site-packages\pytz\zoneinfo\Asia\Calcutta,C:\SNS_24AutoProject_250723\modules\common\instabot_env\lib\python3.12\site-packages\pytz\zoneinfo\Asia\Calcutta,e90c341036cb7203200e293cb3b513267e104a39a594f35e195254e6bc0a17cf,OK
modules\common\instabot_env\lib\python3.12\site-packages\pytz\zoneinfo\Asia\Chita,C:\SNS_24AutoProject_250723\modules\common\instabot_env\lib\python3.12\site-packages\pytz\zoneinfo\Asia\Chita,2db4a54b6decc0590035449c83cce4351d2298035635f388698777f476cb7484,OK
modules\common\instabot_env\lib\python3.12\site-packages\pytz\zoneinfo\Asia\Choibalsan,C:\SNS_24AutoProject_250723\modules\common\instabot_env\lib\python3.12\site-packages\pytz\zoneinfo\Asia\Choibalsan,a9491746c4dcfeeec1f7427150b4aeef2cca6c6b467ca71f10521ab063c2d9e7,OK
modules\common\instabot_env\lib\python3.12\site-packages\pytz\zoneinfo\Asia\Chongqing,C:\SNS_24AutoProject_250723\modules\common\instabot_env\lib\python3.12\site-packages\pytz\zoneinfo\Asia\Chongqing,64ffc2e43a94435a043c040d1d3af7e92d031adc78e7737af1861baa4eeef3e6,OK
modules\common\instabot_env\lib\python3.12\site-packages\pytz\zoneinfo\Asia\Chungking,C:\SNS_24AutoProject_250723\modules\common\instabot_env\lib\python3.12\site-packages\pytz\zoneinfo\Asia\Chungking,64ffc2e43a94435a043c040d1d3af7e92d031adc78e7737af1861baa4eeef3e6,OK
modules\common\instabot_env\lib\python3.12\site-packages\pytz\zoneinfo\Asia\Colombo,C:\SNS_24AutoProject_250723\modules\common\instabot_env\lib\python3.12\site-packages\pytz\zoneinfo\Asia\Colombo,c39d8bedb813e26e6172046e7af20f63cdf1cad7e406690b86728cc29d7a2ac6,OK
modules\common\instabot_env\lib\python3.12\site-packages\pytz\zoneinfo\Asia\Dacca,C:\SNS_24AutoProject_250723\modules\common\instabot_env\lib\python3.12\site-packages\pytz\zoneinfo\Asia\Dacca,fb1ba527629586f2a9eab9592ccc9da70ee85d58ab93eae2107fb5f35c4f139e,OK
modules\common\instabot_env\lib\python3.12\site-packages\pytz\zoneinfo\Asia\Damascus,C:\SNS_24AutoProject_250723\modules\common\instabot_env\lib\python3.12\site-packages\pytz\zoneinfo\Asia\Damascus,12d84685e6875a6cb922b2c273d3663378ef0124051edf13b01174ec8d6d81b8,OK
modules\common\instabot_env\lib\python3.12\site-packages\pytz\zoneinfo\Asia\Dhaka,C:\SNS_24AutoProject_250723\modules\common\instabot_env\lib\python3.12\site-packages\pytz\zoneinfo\Asia\Dhaka,fb1ba527629586f2a9eab9592ccc9da70ee85d58ab93eae2107fb5f35c4f139e,OK
modules\common\instabot_env\lib\python3.12\site-packages\pytz\zoneinfo\Asia\Dili,C:\SNS_24AutoProject_250723\modules\common\instabot_env\lib\python3.12\site-packages\pytz\zoneinfo\Asia\Dili,d80f6e166c12c28140e68d9e9352c0d2e72884f9cce368215af0fd0f94dd9c99,OK
modules\common\instabot_env\lib\python3.12\site-packages\pytz\zoneinfo\Asia\Dubai,C:\SNS_24AutoProject_250723\modules\common\instabot_env\lib\python3.12\site-packages\pytz\zoneinfo\Asia\Dubai,a667613e16894702b038dbf18993467854880a3956cf263d265147bfe1fdba96,OK
modules\common\instabot_env\lib\python3.12\site-packages\pytz\zoneinfo\Asia\Dushanbe,C:\SNS_24AutoProject_250723\modules\common\instabot_env\lib\python3.12\site-packages\pytz\zoneinfo\Asia\Dushanbe,9286279d85ae16c057775bc97d9b06769c276c51c4c2f9060664abaf1dca22cb,OK
modules\common\instabot_env\lib\python3.12\site-packages\pytz\zoneinfo\Asia\Famagusta,C:\SNS_24AutoProject_250723\modules\common\instabot_env\lib\python3.12\site-packages\pytz\zoneinfo\Asia\Famagusta,085adcca077cb9d7b9c7a384b5f33f0f0d0a607a31a4f3f3ab8e8aa075718e37,OK
modules\common\instabot_env\lib\python3.12\site-packages\pytz\zoneinfo\Asia\Gaza,C:\SNS_24AutoProject_250723\modules\common\instabot_env\lib\python3.12\site-packages\pytz\zoneinfo\Asia\Gaza,b7463171440be7754d2a729b2a28e7d0e13f31aaf21329e89da6ec7be893b73b,OK
modules\common\instabot_env\lib\python3.12\site-packages\pytz\zoneinfo\Asia\Harbin,C:\SNS_24AutoProject_250723\modules\common\instabot_env\lib\python3.12\site-packages\pytz\zoneinfo\Asia\Harbin,64ffc2e43a94435a043c040d1d3af7e92d031adc78e7737af1861baa4eeef3e6,OK
modules\common\instabot_env\lib\python3.12\site-packages\pytz\zoneinfo\Asia\Hebron,C:\SNS_24AutoProject_250723\modules\common\instabot_env\lib\python3.12\site-packages\pytz\zoneinfo\Asia\Hebron,e98d144872b1fb1a02c42aff5a90ae337a253f5bd41a7ceb7271a2c9015ca9d4,OK
modules\common\instabot_env\lib\python3.12\site-packages\pytz\zoneinfo\Asia\Hong_Kong,C:\SNS_24AutoProject_250723\modules\common\instabot_env\lib\python3.12\site-packages\pytz\zoneinfo\Asia\Hong_Kong,6a5fcee243e5ab92698242d88c4699ceb7208a22ee97d342d11e41ebd2555a17,OK
modules\common\instabot_env\lib\python3.12\site-packages\pytz\zoneinfo\Asia\Hovd,C:\SNS_24AutoProject_250723\modules\common\instabot_env\lib\python3.12\site-packages\pytz\zoneinfo\Asia\Hovd,667e0f2c6943f944490ec6c2868af96ea593cee022976b5bac6256d23e532dbb,OK
modules\common\instabot_env\lib\python3.12\site-packages\pytz\zoneinfo\Asia\Ho_Chi_Minh,C:\SNS_24AutoProject_250723\modules\common\instabot_env\lib\python3.12\site-packages\pytz\zoneinfo\Asia\Ho_Chi_Minh,2e7bf5be950d017068f2fd1bf5df40429cbe004c8ee506b6220d0fbc3923ae65,OK
modules\common\instabot_env\lib\python3.12\site-packages\pytz\zoneinfo\Asia\Irkutsk,C:\SNS_24AutoProject_250723\modules\common\instabot_env\lib\python3.12\site-packages\pytz\zoneinfo\Asia\Irkutsk,215ba85c2c1d788f8a2147c5904b7ac818ea60fdd5f464eb17efd62e77df1739,OK
modules\common\instabot_env\lib\python3.12\site-packages\pytz\zoneinfo\Asia\Jakarta,C:\SNS_24AutoProject_250723\modules\common\instabot_env\lib\python3.12\site-packages\pytz\zoneinfo\Asia\Jakarta,4ef13306f4b37f314274eb0c019d10811f79240e717f790064e361cb98045d11,OK
modules\common\instabot_env\lib\python3.12\site-packages\pytz\zoneinfo\Asia\Jayapura,C:\SNS_24AutoProject_250723\modules\common\instabot_env\lib\python3.12\site-packages\pytz\zoneinfo\Asia\Jayapura,8a1cd477e2fc1d456a1be35ad743323c4f986308d5163fb17abaa34cde04259b,OK
modules\common\instabot_env\lib\python3.12\site-packages\pytz\zoneinfo\Asia\Jerusalem,C:\SNS_24AutoProject_250723\modules\common\instabot_env\lib\python3.12\site-packages\pytz\zoneinfo\Asia\Jerusalem,254b964265b94e16b4a498f0eb543968dec25f4cf80fba29b3d38e4a775ae837,OK
modules\common\instabot_env\lib\python3.12\site-packages\pytz\zoneinfo\Asia\Kabul,C:\SNS_24AutoProject_250723\modules\common\instabot_env\lib\python3.12\site-packages\pytz\zoneinfo\Asia\Kabul,25911ba3c6d28ff2fb1e75d49b68005253650af2654498459121c2839a378209,OK
modules\common\instabot_env\lib\python3.12\site-packages\pytz\zoneinfo\Asia\Kamchatka,C:\SNS_24AutoProject_250723\modules\common\instabot_env\lib\python3.12\site-packages\pytz\zoneinfo\Asia\Kamchatka,298d4f949bd148d918ff9872241c63e430f079e61541a04ad396602f791d7026,OK
modules\common\instabot_env\lib\python3.12\site-packages\pytz\zoneinfo\Asia\Karachi,C:\SNS_24AutoProject_250723\modules\common\instabot_env\lib\python3.12\site-packages\pytz\zoneinfo\Asia\Karachi,881fa658c4d75327c1c00919773f3f526130d31b20c48b9bf8a348eda9338649,OK
modules\common\instabot_env\lib\python3.12\site-packages\pytz\zoneinfo\Asia\Kashgar,C:\SNS_24AutoProject_250723\modules\common\instabot_env\lib\python3.12\site-packages\pytz\zoneinfo\Asia\Kashgar,17564e759643b151f00c98a792c47e86372a3f3a8e963bddade648585ba52716,OK
modules\common\instabot_env\lib\python3.12\site-packages\pytz\zoneinfo\Asia\Kathmandu,C:\SNS_24AutoProject_250723\modules\common\instabot_env\lib\python3.12\site-packages\pytz\zoneinfo\Asia\Kathmandu,fd1b1f79259b0abf24338611262ed7bfa8401221d6d7820586c5ec7e16cf8e83,OK
modules\common\instabot_env\lib\python3.12\site-packages\pytz\zoneinfo\Asia\Katmandu,C:\SNS_24AutoProject_250723\modules\common\instabot_env\lib\python3.12\site-packages\pytz\zoneinfo\Asia\Katmandu,fd1b1f79259b0abf24338611262ed7bfa8401221d6d7820586c5ec7e16cf8e83,OK
modules\common\instabot_env\lib\python3.12\site-packages\pytz\zoneinfo\Asia\Khandyga,C:\SNS_24AutoProject_250723\modules\common\instabot_env\lib\python3.12\site-packages\pytz\zoneinfo\Asia\Khandyga,6ca7e6c3a939a980d0b041c6dccbfe5588acdd8842795eea8a30f17f140d9ff8,OK
modules\common\instabot_env\lib\python3.12\site-packages\pytz\zoneinfo\Asia\Kolkata,C:\SNS_24AutoProject_250723\modules\common\instabot_env\lib\python3.12\site-packages\pytz\zoneinfo\Asia\Kolkata,e90c341036cb7203200e293cb3b513267e104a39a594f35e195254e6bc0a17cf,OK
modules\common\instabot_env\lib\python3.12\site-packages\pytz\zoneinfo\Asia\Krasnoyarsk,C:\SNS_24AutoProject_250723\modules\common\instabot_env\lib\python3.12\site-packages\pytz\zoneinfo\Asia\Krasnoyarsk,0f9284ff5c16483d98762c43cbc9f72c135a025135ff2dd3597c3a36bc4528a0,OK
modules\common\instabot_env\lib\python3.12\site-packages\pytz\zoneinfo\Asia\Kuala_Lumpur,C:\SNS_24AutoProject_250723\modules\common\instabot_env\lib\python3.12\site-packages\pytz\zoneinfo\Asia\Kuala_Lumpur,5e67952267aa709f212739bb4e302d8b59d6240c5ac0eaaaee32330e71d7da12,OK
modules\common\instabot_env\lib\python3.12\site-packages\pytz\zoneinfo\Asia\Kuching,C:\SNS_24AutoProject_250723\modules\common\instabot_env\lib\python3.12\site-packages\pytz\zoneinfo\Asia\Kuching,0f9aadc9627f48cf1b4d0789248621aaaa23c6554a6eb142d4460c0d4f46cd74,OK
modules\common\instabot_env\lib\python3.12\site-packages\pytz\zoneinfo\Asia\Kuwait,C:\SNS_24AutoProject_250723\modules\common\instabot_env\lib\python3.12\site-packages\pytz\zoneinfo\Asia\Kuwait,a02287eee69f37c475a3e8a35c6a13e54d49671c2fa0bcc9bbfd82ab28b68543,OK
modules\common\instabot_env\lib\python3.12\site-packages\pytz\zoneinfo\Asia\Macao,C:\SNS_24AutoProject_250723\modules\common\instabot_env\lib\python3.12\site-packages\pytz\zoneinfo\Asia\Macao,32f02447246cac0dabd39d88b65c85e5b8761617918c8d233f0834b88887d989,OK
modules\common\instabot_env\lib\python3.12\site-packages\pytz\zoneinfo\Asia\Macau,C:\SNS_24AutoProject_250723\modules\common\instabot_env\lib\python3.12\site-packages\pytz\zoneinfo\Asia\Macau,32f02447246cac0dabd39d88b65c85e5b8761617918c8d233f0834b88887d989,OK
modules\common\instabot_env\lib\python3.12\site-packages\pytz\zoneinfo\Asia\Magadan,C:\SNS_24AutoProject_250723\modules\common\instabot_env\lib\python3.12\site-packages\pytz\zoneinfo\Asia\Magadan,1dc704117050bcc98ba02fc913eccffcc94b019d5698d2d02df337b49b79e4ce,OK
modules\common\instabot_env\lib\python3.12\site-packages\pytz\zoneinfo\Asia\Makassar,C:\SNS_24AutoProject_250723\modules\common\instabot_env\lib\python3.12\site-packages\pytz\zoneinfo\Asia\Makassar,3a126d0aa493114faee67d28a4154ee41bbec10cdc60fcbd4bfe9a02125780ec,OK
modules\common\instabot_env\lib\python3.12\site-packages\pytz\zoneinfo\Asia\Manila,C:\SNS_24AutoProject_250723\modules\common\instabot_env\lib\python3.12\site-packages\pytz\zoneinfo\Asia\Manila,f314d21c542e615756dd385d36a896cd57ba16fef983fe6b4d061444bbf1ac9e,OK
modules\common\instabot_env\lib\python3.12\site-packages\pytz\zoneinfo\Asia\Muscat,C:\SNS_24AutoProject_250723\modules\common\instabot_env\lib\python3.12\site-packages\pytz\zoneinfo\Asia\Muscat,a667613e16894702b038dbf18993467854880a3956cf263d265147bfe1fdba96,OK
modules\common\instabot_env\lib\python3.12\site-packages\pytz\zoneinfo\Asia\Novokuznetsk,C:\SNS_24AutoProject_250723\modules\common\instabot_env\lib\python3.12\site-packages\pytz\zoneinfo\Asia\Novokuznetsk,a72c71b5252d6037959859340a0f85df795a652d222ad75ef7f1899cbf5fd0a3,OK
modules\common\instabot_env\lib\python3.12\site-packages\pytz\zoneinfo\Asia\Novosibirsk,C:\SNS_24AutoProject_250723\modules\common\instabot_env\lib\python3.12\site-packages\pytz\zoneinfo\Asia\Novosibirsk,e4adbe1b1d794e19477e89725bce52e73444b4070c8de1c16162b813cc762dd6,OK
modules\common\instabot_env\lib\python3.12\site-packages\pytz\zoneinfo\Asia\Omsk,C:\SNS_24AutoProject_250723\modules\common\instabot_env\lib\python3.12\site-packages\pytz\zoneinfo\Asia\Omsk,1f25c8588b495c12951d4cd67103e2d4c99de992e6664f90851528f4abf65ce2,OK
modules\common\instabot_env\lib\python3.12\site-packages\pytz\zoneinfo\Asia\Oral,C:\SNS_24AutoProject_250723\modules\common\instabot_env\lib\python3.12\site-packages\pytz\zoneinfo\Asia\Oral,5904f8a91982f5123f965f3307d16f9002fc7b319bf2aa2a59def9193942ee44,OK
modules\common\instabot_env\lib\python3.12\site-packages\pytz\zoneinfo\Asia\Phnom_Penh,C:\SNS_24AutoProject_250723\modules\common\instabot_env\lib\python3.12\site-packages\pytz\zoneinfo\Asia\Phnom_Penh,85fff93d57a041c1524bad028d2f340bb87e4c63ab7d0e27726f3737c5666649,OK
modules\common\instabot_env\lib\python3.12\site-packages\pytz\zoneinfo\Asia\Pontianak,C:\SNS_24AutoProject_250723\modules\common\instabot_env\lib\python3.12\site-packages\pytz\zoneinfo\Asia\Pontianak,8a7397c2e2ad8cabf5cff7a588f65222a8d2b7ac21b6ec613de1b56298d4fc14,OK
modules\common\instabot_env\lib\python3.12\site-packages\pytz\zoneinfo\Asia\Pyongyang,C:\SNS_24AutoProject_250723\modules\common\instabot_env\lib\python3.12\site-packages\pytz\zoneinfo\Asia\Pyongyang,ffe8371a70c0b5f0d7e17024b571fd8c5a2e2d40e63a8be78e839fbd1a540ec1,OK
modules\common\instabot_env\lib\python3.12\site-packages\pytz\zoneinfo\Asia\Qatar,C:\SNS_24AutoProject_250723\modules\common\instabot_env\lib\python3.12\site-packages\pytz\zoneinfo\Asia\Qatar,c2494663758f1a9fb3d4e5306ff28e1f3453c019ddb7545f0e0f54b6db77e86e,OK
modules\common\instabot_env\lib\python3.12\site-packages\pytz\zoneinfo\Asia\Qostanay,C:\SNS_24AutoProject_250723\modules\common\instabot_env\lib\python3.12\site-packages\pytz\zoneinfo\Asia\Qostanay,1c88e59fc4083cd454e8c916cf23e2eaf0eb8e59956785f31717141ed5cc8bbb,OK
modules\common\instabot_env\lib\python3.12\site-packages\pytz\zoneinfo\Asia\Qyzylorda,C:\SNS_24AutoProject_250723\modules\common\instabot_env\lib\python3.12\site-packages\pytz\zoneinfo\Asia\Qyzylorda,2592cd37a36e2e4a9a5847956826625bf80be81ac814bf65afae622bb9b254f8,OK
modules\common\instabot_env\lib\python3.12\site-packages\pytz\zoneinfo\Asia\Rangoon,C:\SNS_24AutoProject_250723\modules\common\instabot_env\lib\python3.12\site-packages\pytz\zoneinfo\Asia\Rangoon,fd81c04aae19e5871420b21d844ce0dbb0862f36ab5073c31ecd438f44203463,OK
modules\common\instabot_env\lib\python3.12\site-packages\pytz\zoneinfo\Asia\Riyadh,C:\SNS_24AutoProject_250723\modules\common\instabot_env\lib\python3.12\site-packages\pytz\zoneinfo\Asia\Riyadh,a02287eee69f37c475a3e8a35c6a13e54d49671c2fa0bcc9bbfd82ab28b68543,OK
modules\common\instabot_env\lib\python3.12\site-packages\pytz\zoneinfo\Asia\Saigon,C:\SNS_24AutoProject_250723\modules\common\instabot_env\lib\python3.12\site-packages\pytz\zoneinfo\Asia\Saigon,2e7bf5be950d017068f2fd1bf5df40429cbe004c8ee506b6220d0fbc3923ae65,OK
modules\common\instabot_env\lib\python3.12\site-packages\pytz\zoneinfo\Asia\Sakhalin,C:\SNS_24AutoProject_250723\modules\common\instabot_env\lib\python3.12\site-packages\pytz\zoneinfo\Asia\Sakhalin,c73028afcda28407bec971300ba39688cce8f5be99fa8425dfd348914e4785bb,OK
modules\common\instabot_env\lib\python3.12\site-packages\pytz\zoneinfo\Asia\Samarkand,C:\SNS_24AutoProject_250723\modules\common\instabot_env\lib\python3.12\site-packages\pytz\zoneinfo\Asia\Samarkand,cc929246dde512f77a42f83d6f8f500323b87132725674cac8f61ccae7691f19,OK
modules\common\instabot_env\lib\python3.12\site-packages\pytz\zoneinfo\Asia\Seoul,C:\SNS_24AutoProject_250723\modules\common\instabot_env\lib\python3.12\site-packages\pytz\zoneinfo\Asia\Seoul,2c8f4bb15dd77090b497e2a841ff3323ecbbae4f9dbb9edead2f8dd8fb5d8bb4,OK
modules\common\instabot_env\lib\python3.12\site-packages\pytz\zoneinfo\Asia\Shanghai,C:\SNS_24AutoProject_250723\modules\common\instabot_env\lib\python3.12\site-packages\pytz\zoneinfo\Asia\Shanghai,64ffc2e43a94435a043c040d1d3af7e92d031adc78e7737af1861baa4eeef3e6,OK
modules\common\instabot_env\lib\python3.12\site-packages\pytz\zoneinfo\Asia\Srednekolymsk,C:\SNS_24AutoProject_250723\modules\common\instabot_env\lib\python3.12\site-packages\pytz\zoneinfo\Asia\Srednekolymsk,79f69a4fc8851eb71c729f9564a34cbed4ee3cb3631b957d247e4a287847dd22,OK
modules\common\instabot_env\lib\python3.12\site-packages\pytz\zoneinfo\Asia\Taipei,C:\SNS_24AutoProject_250723\modules\common\instabot_env\lib\python3.12\site-packages\pytz\zoneinfo\Asia\Taipei,0cc990c0ea4faa5db9b9edcd7fcbc028a4f87a6d3a0f567dac76cb222b718b19,OK
modules\common\instabot_env\lib\python3.12\site-packages\pytz\zoneinfo\Asia\Tashkent,C:\SNS_24AutoProject_250723\modules\common\instabot_env\lib\python3.12\site-packages\pytz\zoneinfo\Asia\Tashkent,6a944fcb6e757d2472fe2c6c83704e64d9946c774ef3a3f9f8f7600b55f0b3b5,OK
modules\common\instabot_env\lib\python3.12\site-packages\pytz\zoneinfo\Asia\Tbilisi,C:\SNS_24AutoProject_250723\modules\common\instabot_env\lib\python3.12\site-packages\pytz\zoneinfo\Asia\Tbilisi,cd0fb66d5ab9fd449449bc0deaad2abd68c3f875e429a1f889f315ab59447883,OK
modules\common\instabot_env\lib\python3.12\site-packages\pytz\zoneinfo\Asia\Tehran,C:\SNS_24AutoProject_250723\modules\common\instabot_env\lib\python3.12\site-packages\pytz\zoneinfo\Asia\Tehran,2dbd87f410815edcfcd7d14be84de0040ef0d913a22203e0c7e7f4f17a6a915a,OK
modules\common\instabot_env\lib\python3.12\site-packages\pytz\zoneinfo\Asia\Tel_Aviv,C:\SNS_24AutoProject_250723\modules\common\instabot_env\lib\python3.12\site-packages\pytz\zoneinfo\Asia\Tel_Aviv,254b964265b94e16b4a498f0eb543968dec25f4cf80fba29b3d38e4a775ae837,OK
modules\common\instabot_env\lib\python3.12\site-packages\pytz\zoneinfo\Asia\Thimbu,C:\SNS_24AutoProject_250723\modules\common\instabot_env\lib\python3.12\site-packages\pytz\zoneinfo\Asia\Thimbu,1b69d341510c98a956b7407be3f7d400beca437600bbffc9e87722898b362325,OK
modules\common\instabot_env\lib\python3.12\site-packages\pytz\zoneinfo\Asia\Thimphu,C:\SNS_24AutoProject_250723\modules\common\instabot_env\lib\python3.12\site-packages\pytz\zoneinfo\Asia\Thimphu,1b69d341510c98a956b7407be3f7d400beca437600bbffc9e87722898b362325,OK
modules\common\instabot_env\lib\python3.12\site-packages\pytz\zoneinfo\Asia\Tokyo,C:\SNS_24AutoProject_250723\modules\common\instabot_env\lib\python3.12\site-packages\pytz\zoneinfo\Asia\Tokyo,a02b9e66044dc5c35c5f76467627fdcba4aee1cc958606b85c777095cad82ceb,OK
modules\common\instabot_env\lib\python3.12\site-packages\pytz\zoneinfo\Asia\Tomsk,C:\SNS_24AutoProject_250723\modules\common\instabot_env\lib\python3.12\site-packages\pytz\zoneinfo\Asia\Tomsk,72bd142d981606741fcc38897989aaa40ed7a39411ceeaefac7b2b6d9b2784e4,OK
modules\common\instabot_env\lib\python3.12\site-packages\pytz\zoneinfo\Asia\Ujung_Pandang,C:\SNS_24AutoProject_250723\modules\common\instabot_env\lib\python3.12\site-packages\pytz\zoneinfo\Asia\Ujung_Pandang,3a126d0aa493114faee67d28a4154ee41bbec10cdc60fcbd4bfe9a02125780ec,OK
modules\common\instabot_env\lib\python3.12\site-packages\pytz\zoneinfo\Asia\Ulaanbaatar,C:\SNS_24AutoProject_250723\modules\common\instabot_env\lib\python3.12\site-packages\pytz\zoneinfo\Asia\Ulaanbaatar,a9491746c4dcfeeec1f7427150b4aeef2cca6c6b467ca71f10521ab063c2d9e7,OK
modules\common\instabot_env\lib\python3.12\site-packages\pytz\zoneinfo\Asia\Ulan_Bator,C:\SNS_24AutoProject_250723\modules\common\instabot_env\lib\python3.12\site-packages\pytz\zoneinfo\Asia\Ulan_Bator,a9491746c4dcfeeec1f7427150b4aeef2cca6c6b467ca71f10521ab063c2d9e7,OK
modules\common\instabot_env\lib\python3.12\site-packages\pytz\zoneinfo\Asia\Urumqi,C:\SNS_24AutoProject_250723\modules\common\instabot_env\lib\python3.12\site-packages\pytz\zoneinfo\Asia\Urumqi,17564e759643b151f00c98a792c47e86372a3f3a8e963bddade648585ba52716,OK
modules\common\instabot_env\lib\python3.12\site-packages\pytz\zoneinfo\Asia\Ust-Nera,C:\SNS_24AutoProject_250723\modules\common\instabot_env\lib\python3.12\site-packages\pytz\zoneinfo\Asia\Ust-Nera,cec1bc9209f0d0572ce4dd96c0d4d59af5a44e5a707fb3a8f32ebc1dc5e3632c,OK
modules\common\instabot_env\lib\python3.12\site-packages\pytz\zoneinfo\Asia\Vientiane,C:\SNS_24AutoProject_250723\modules\common\instabot_env\lib\python3.12\site-packages\pytz\zoneinfo\Asia\Vientiane,85fff93d57a041c1524bad028d2f340bb87e4c63ab7d0e27726f3737c5666649,OK
modules\common\instabot_env\lib\python3.12\site-packages\pytz\zoneinfo\Asia\Vladivostok,C:\SNS_24AutoProject_250723\modules\common\instabot_env\lib\python3.12\site-packages\pytz\zoneinfo\Asia\Vladivostok,5cc40b321e523db23a0b847750ee0a85b9c6e2159590735e7730907aac4593a0,OK
modules\common\instabot_env\lib\python3.12\site-packages\pytz\zoneinfo\Asia\Yakutsk,C:\SNS_24AutoProject_250723\modules\common\instabot_env\lib\python3.12\site-packages\pytz\zoneinfo\Asia\Yakutsk,3cf36b446820f6379f39433ee8cf17a9a226f8495f991652580b5218a2f33574,OK
modules\common\instabot_env\lib\python3.12\site-packages\pytz\zoneinfo\Asia\Yangon,C:\SNS_24AutoProject_250723\modules\common\instabot_env\lib\python3.12\site-packages\pytz\zoneinfo\Asia\Yangon,fd81c04aae19e5871420b21d844ce0dbb0862f36ab5073c31ecd438f44203463,OK
modules\common\instabot_env\lib\python3.12\site-packages\pytz\zoneinfo\Asia\Yekaterinburg,C:\SNS_24AutoProject_250723\modules\common\instabot_env\lib\python3.12\site-packages\pytz\zoneinfo\Asia\Yekaterinburg,e0dc845ba5e3af852c58f87adc720f2381ba193fed546d57920736c5bc068f30,OK
modules\common\instabot_env\lib\python3.12\site-packages\pytz\zoneinfo\Asia\Yerevan,C:\SNS_24AutoProject_250723\modules\common\instabot_env\lib\python3.12\site-packages\pytz\zoneinfo\Asia\Yerevan,14cd29500e0d6d35816ff0ac2792822d5acba0d99a77b9e304aa85ac9043a311,OK
modules\common\instabot_env\lib\python3.12\site-packages\pytz\zoneinfo\Atlantic\Azores,C:\SNS_24AutoProject_250723\modules\common\instabot_env\lib\python3.12\site-packages\pytz\zoneinfo\Atlantic\Azores,eba843c5a2bcc459e4b4b32ba4dc640f8af58069214be3c4a657aec33b86440d,OK
modules\common\instabot_env\lib\python3.12\site-packages\pytz\zoneinfo\Atlantic\Bermuda,C:\SNS_24AutoProject_250723\modules\common\instabot_env\lib\python3.12\site-packages\pytz\zoneinfo\Atlantic\Bermuda,2cd18a7ccb2762fc089a34f2cd7acb84c3871c3bbba88ebb45b60d2afbc8d792,OK
modules\common\instabot_env\lib\python3.12\site-packages\pytz\zoneinfo\Atlantic\Canary,C:\SNS_24AutoProject_250723\modules\common\instabot_env\lib\python3.12\site-packages\pytz\zoneinfo\Atlantic\Canary,ca62bdb9faa986f3630cade1ce290de067e4711dd07820623cac9573a16395b0,OK
modules\common\instabot_env\lib\python3.12\site-packages\pytz\zoneinfo\Atlantic\Cape_Verde,C:\SNS_24AutoProject_250723\modules\common\instabot_env\lib\python3.12\site-packages\pytz\zoneinfo\Atlantic\Cape_Verde,a3dda92dd2c55ff6fdbd48aadeb36971ae2dba920edddc7dacdae73dc03ce3be,OK
modules\common\instabot_env\lib\python3.12\site-packages\pytz\zoneinfo\Atlantic\Faeroe,C:\SNS_24AutoProject_250723\modules\common\instabot_env\lib\python3.12\site-packages\pytz\zoneinfo\Atlantic\Faeroe,3626dd64f66d6a99d847f9b22199cc753692286b0e04682e8e3d3f4f636f033b,OK
modules\common\instabot_env\lib\python3.12\site-packages\pytz\zoneinfo\Atlantic\Faroe,C:\SNS_24AutoProject_250723\modules\common\instabot_env\lib\python3.12\site-packages\pytz\zoneinfo\Atlantic\Faroe,3626dd64f66d6a99d847f9b22199cc753692286b0e04682e8e3d3f4f636f033b,OK
modules\common\instabot_env\lib\python3.12\site-packages\pytz\zoneinfo\Atlantic\Jan_Mayen,C:\SNS_24AutoProject_250723\modules\common\instabot_env\lib\python3.12\site-packages\pytz\zoneinfo\Atlantic\Jan_Mayen,5ee475f71a0fc1a32faeb849f8c39c6e7aa66d6d41ec742b97b3a7436b3b0701,OK
modules\common\instabot_env\lib\python3.12\site-packages\pytz\zoneinfo\Atlantic\Madeira,C:\SNS_24AutoProject_250723\modules\common\instabot_env\lib\python3.12\site-packages\pytz\zoneinfo\Atlantic\Madeira,95863ce4c0b9f8650a1319b7e778b1c2d643c5ab186af4d35842efbf94572f11,OK
modules\common\instabot_env\lib\python3.12\site-packages\pytz\zoneinfo\Atlantic\Reykjavik,C:\SNS_24AutoProject_250723\modules\common\instabot_env\lib\python3.12\site-packages\pytz\zoneinfo\Atlantic\Reykjavik,d2efac4e5f23d88c95d72c1db42807170f52f43dd98a205af5a92a91b9f2d997,OK
modules\common\instabot_env\lib\python3.12\site-packages\pytz\zoneinfo\Atlantic\South_Georgia,C:\SNS_24AutoProject_250723\modules\common\instabot_env\lib\python3.12\site-packages\pytz\zoneinfo\Atlantic\South_Georgia,23d48070f3ee9b2e977fd3fb760d9a135ea8c700c8ab2285aa29c94c2f97b203,OK
modules\common\instabot_env\lib\python3.12\site-packages\pytz\zoneinfo\Atlantic\Stanley,C:\SNS_24AutoProject_250723\modules\common\instabot_env\lib\python3.12\site-packages\pytz\zoneinfo\Atlantic\Stanley,b221235d302e4ee9bfe171ad4bdf0c044df85d6ff9c605d28445f938c9d2163a,OK
modules\common\instabot_env\lib\python3.12\site-packages\pytz\zoneinfo\Atlantic\St_Helena,C:\SNS_24AutoProject_250723\modules\common\instabot_env\lib\python3.12\site-packages\pytz\zoneinfo\Atlantic\St_Helena,d2efac4e5f23d88c95d72c1db42807170f52f43dd98a205af5a92a91b9f2d997,OK
modules\common\instabot_env\lib\python3.12\site-packages\pytz\zoneinfo\Australia\ACT,C:\SNS_24AutoProject_250723\modules\common\instabot_env\lib\python3.12\site-packages\pytz\zoneinfo\Australia\ACT,42c3857585b16db2f8ffd47ba19faa60f473340de8d4fe9320ea7be861605906,OK
modules\common\instabot_env\lib\python3.12\site-packages\pytz\zoneinfo\Australia\Adelaide,C:\SNS_24AutoProject_250723\modules\common\instabot_env\lib\python3.12\site-packages\pytz\zoneinfo\Australia\Adelaide,95dd846f153be6856098f7bbd37cfe23a6aa2e0d0a9afeb665c086ce44f9476d,OK
modules\common\instabot_env\lib\python3.12\site-packages\pytz\zoneinfo\Australia\Brisbane,C:\SNS_24AutoProject_250723\modules\common\instabot_env\lib\python3.12\site-packages\pytz\zoneinfo\Australia\Brisbane,796e90cf37b6b74faca5e2669afb7524ccdb91269d20a744f385c773b254b467,OK
modules\common\instabot_env\lib\python3.12\site-packages\pytz\zoneinfo\Australia\Broken_Hill,C:\SNS_24AutoProject_250723\modules\common\instabot_env\lib\python3.12\site-packages\pytz\zoneinfo\Australia\Broken_Hill,de4ff79634ef4b91927e8ed787ac3bd54811dda03060f06c9c227e9a51180aa4,OK
modules\common\instabot_env\lib\python3.12\site-packages\pytz\zoneinfo\Australia\Canberra,C:\SNS_24AutoProject_250723\modules\common\instabot_env\lib\python3.12\site-packages\pytz\zoneinfo\Australia\Canberra,42c3857585b16db2f8ffd47ba19faa60f473340de8d4fe9320ea7be861605906,OK
modules\common\instabot_env\lib\python3.12\site-packages\pytz\zoneinfo\Australia\Currie,C:\SNS_24AutoProject_250723\modules\common\instabot_env\lib\python3.12\site-packages\pytz\zoneinfo\Australia\Currie,18b412ce021fb16c4ebe628eae1a5fa1f5aa20d41fea1dfa358cb799caba81c8,OK
modules\common\instabot_env\lib\python3.12\site-packages\pytz\zoneinfo\Australia\Darwin,C:\SNS_24AutoProject_250723\modules\common\instabot_env\lib\python3.12\site-packages\pytz\zoneinfo\Australia\Darwin,7e7d08661216f7c1409f32e283efc606d5b92c0e788da8dd79e533838b421afa,OK
modules\common\instabot_env\lib\python3.12\site-packages\pytz\zoneinfo\Australia\Eucla,C:\SNS_24AutoProject_250723\modules\common\instabot_env\lib\python3.12\site-packages\pytz\zoneinfo\Australia\Eucla,8b5f97186f08e84d1d5c8756185e039647c32d686203127fde0329b7e9e6feee,OK
modules\common\instabot_env\lib\python3.12\site-packages\pytz\zoneinfo\Australia\Hobart,C:\SNS_24AutoProject_250723\modules\common\instabot_env\lib\python3.12\site-packages\pytz\zoneinfo\Australia\Hobart,18b412ce021fb16c4ebe628eae1a5fa1f5aa20d41fea1dfa358cb799caba81c8,OK
modules\common\instabot_env\lib\python3.12\site-packages\pytz\zoneinfo\Australia\LHI,C:\SNS_24AutoProject_250723\modules\common\instabot_env\lib\python3.12\site-packages\pytz\zoneinfo\Australia\LHI,a323c5433991a963eb497b7da4d1d09848bf3ef5f5d64d9c9649f388e4bab9df,OK
modules\common\instabot_env\lib\python3.12\site-packages\pytz\zoneinfo\Australia\Lindeman,C:\SNS_24AutoProject_250723\modules\common\instabot_env\lib\python3.12\site-packages\pytz\zoneinfo\Australia\Lindeman,c4ce94771db6a0b3682d1d58ec64211ce628bfc9f0df140daa073f35543624ae,OK
modules\common\instabot_env\lib\python3.12\site-packages\pytz\zoneinfo\Australia\Lord_Howe,C:\SNS_24AutoProject_250723\modules\common\instabot_env\lib\python3.12\site-packages\pytz\zoneinfo\Australia\Lord_Howe,a323c5433991a963eb497b7da4d1d09848bf3ef5f5d64d9c9649f388e4bab9df,OK
modules\common\instabot_env\lib\python3.12\site-packages\pytz\zoneinfo\Australia\Melbourne,C:\SNS_24AutoProject_250723\modules\common\instabot_env\lib\python3.12\site-packages\pytz\zoneinfo\Australia\Melbourne,96fc7f31072e9cc73abb6b2622b97c5f8dbb6cbb17be3920a4249d8d80933413,OK
modules\common\instabot_env\lib\python3.12\site-packages\pytz\zoneinfo\Australia\North,C:\SNS_24AutoProject_250723\modules\common\instabot_env\lib\python3.12\site-packages\pytz\zoneinfo\Australia\North,7e7d08661216f7c1409f32e283efc606d5b92c0e788da8dd79e533838b421afa,OK
modules\common\instabot_env\lib\python3.12\site-packages\pytz\zoneinfo\Australia\NSW,C:\SNS_24AutoProject_250723\modules\common\instabot_env\lib\python3.12\site-packages\pytz\zoneinfo\Australia\NSW,42c3857585b16db2f8ffd47ba19faa60f473340de8d4fe9320ea7be861605906,OK
modules\common\instabot_env\lib\python3.12\site-packages\pytz\zoneinfo\Australia\Perth,C:\SNS_24AutoProject_250723\modules\common\instabot_env\lib\python3.12\site-packages\pytz\zoneinfo\Australia\Perth,025d4339487853fa1f3144127959734b20f7c7b4948cff5d72149a0541a67968,OK
modules\common\instabot_env\lib\python3.12\site-packages\pytz\zoneinfo\Australia\Queensland,C:\SNS_24AutoProject_250723\modules\common\instabot_env\lib\python3.12\site-packages\pytz\zoneinfo\Australia\Queensland,796e90cf37b6b74faca5e2669afb7524ccdb91269d20a744f385c773b254b467,OK
modules\common\instabot_env\lib\python3.12\site-packages\pytz\zoneinfo\Australia\South,C:\SNS_24AutoProject_250723\modules\common\instabot_env\lib\python3.12\site-packages\pytz\zoneinfo\Australia\South,95dd846f153be6856098f7bbd37cfe23a6aa2e0d0a9afeb665c086ce44f9476d,OK
modules\common\instabot_env\lib\python3.12\site-packages\pytz\zoneinfo\Australia\Sydney,C:\SNS_24AutoProject_250723\modules\common\instabot_env\lib\python3.12\site-packages\pytz\zoneinfo\Australia\Sydney,42c3857585b16db2f8ffd47ba19faa60f473340de8d4fe9320ea7be861605906,OK
modules\common\instabot_env\lib\python3.12\site-packages\pytz\zoneinfo\Australia\Tasmania,C:\SNS_24AutoProject_250723\modules\common\instabot_env\lib\python3.12\site-packages\pytz\zoneinfo\Australia\Tasmania,18b412ce021fb16c4ebe628eae1a5fa1f5aa20d41fea1dfa358cb799caba81c8,OK
modules\common\instabot_env\lib\python3.12\site-packages\pytz\zoneinfo\Australia\Victoria,C:\SNS_24AutoProject_250723\modules\common\instabot_env\lib\python3.12\site-packages\pytz\zoneinfo\Australia\Victoria,96fc7f31072e9cc73abb6b2622b97c5f8dbb6cbb17be3920a4249d8d80933413,OK
modules\common\instabot_env\lib\python3.12\site-packages\pytz\zoneinfo\Australia\West,C:\SNS_24AutoProject_250723\modules\common\instabot_env\lib\python3.12\site-packages\pytz\zoneinfo\Australia\West,025d4339487853fa1f3144127959734b20f7c7b4948cff5d72149a0541a67968,OK
modules\common\instabot_env\lib\python3.12\site-packages\pytz\zoneinfo\Australia\Yancowinna,C:\SNS_24AutoProject_250723\modules\common\instabot_env\lib\python3.12\site-packages\pytz\zoneinfo\Australia\Yancowinna,de4ff79634ef4b91927e8ed787ac3bd54811dda03060f06c9c227e9a51180aa4,OK
modules\common\instabot_env\lib\python3.12\site-packages\pytz\zoneinfo\Brazil\Acre,C:\SNS_24AutoProject_250723\modules\common\instabot_env\lib\python3.12\site-packages\pytz\zoneinfo\Brazil\Acre,d20a49525e3a8506e9d0fe978f54b4340ac859e02bcaeb835e3b2576f0791871,OK
modules\common\instabot_env\lib\python3.12\site-packages\pytz\zoneinfo\Brazil\DeNoronha,C:\SNS_24AutoProject_250723\modules\common\instabot_env\lib\python3.12\site-packages\pytz\zoneinfo\Brazil\DeNoronha,7de7910228d0a8aca5660a9ef389ca86c14bc9c4f9cc8066ee62c8bddc86c38c,OK
modules\common\instabot_env\lib\python3.12\site-packages\pytz\zoneinfo\Brazil\East,C:\SNS_24AutoProject_250723\modules\common\instabot_env\lib\python3.12\site-packages\pytz\zoneinfo\Brazil\East,04c06744ee3fe078ef3b8b779e38eb30666bf993e67a092fcaf2fc28f63a64ce,OK
modules\common\instabot_env\lib\python3.12\site-packages\pytz\zoneinfo\Canada\Atlantic,C:\SNS_24AutoProject_250723\modules\common\instabot_env\lib\python3.12\site-packages\pytz\zoneinfo\Canada\Atlantic,4d9a667393f05a82df4df42843f6f7535ec113689529278d911d07a3c99b4e7f,OK
modules\common\instabot_env\lib\python3.12\site-packages\pytz\zoneinfo\Canada\Newfoundland,C:\SNS_24AutoProject_250723\modules\common\instabot_env\lib\python3.12\site-packages\pytz\zoneinfo\Canada\Newfoundland,af5fb5eee2afdbb799dc9b15930fc32d941ba3ac2f8eeb95bbb0b6a43b263a02,OK
modules\common\instabot_env\lib\python3.12\site-packages\pytz\zoneinfo\Canada\Saskatchewan,C:\SNS_24AutoProject_250723\modules\common\instabot_env\lib\python3.12\site-packages\pytz\zoneinfo\Canada\Saskatchewan,ca3a93d3ca476c80987bcdc7f099ad68306f085a91bfb4dfcdedd8f31b97ba4c,OK
modules\common\instabot_env\lib\python3.12\site-packages\pytz\zoneinfo\Canada\Yukon,C:\SNS_24AutoProject_250723\modules\common\instabot_env\lib\python3.12\site-packages\pytz\zoneinfo\Canada\Yukon,4eb47a3c29d81be9920a504ca21aa53fcaa76215cc52cc9d23e2feaae5c5c723,OK
modules\common\instabot_env\lib\python3.12\site-packages\pytz\zoneinfo\Chile\Continental,C:\SNS_24AutoProject_250723\modules\common\instabot_env\lib\python3.12\site-packages\pytz\zoneinfo\Chile\Continental,d020f0d77742314b28aae32ea68260ba99330143610cae84d2557151103ba2c0,OK
modules\common\instabot_env\lib\python3.12\site-packages\pytz\zoneinfo\Chile\EasterIsland,C:\SNS_24AutoProject_250723\modules\common\instabot_env\lib\python3.12\site-packages\pytz\zoneinfo\Chile\EasterIsland,41bb9b06cff1425bcac1e027bab8721e320ae238bbec68781bebac5ee97a5d53,OK
modules\common\instabot_env\lib\python3.12\site-packages\pytz\zoneinfo\Etc\GMT+1,C:\SNS_24AutoProject_250723\modules\common\instabot_env\lib\python3.12\site-packages\pytz\zoneinfo\Etc\GMT+1,d50ce5d97f6b43f45711fd75c87d3dc10642affa61e947453fb134caef6cf884,OK
modules\common\instabot_env\lib\python3.12\site-packages\pytz\zoneinfo\Etc\GMT+10,C:\SNS_24AutoProject_250723\modules\common\instabot_env\lib\python3.12\site-packages\pytz\zoneinfo\Etc\GMT+10,244432432425902d28e994dd7958d984220e87a70ae5317b1f4d0f925b3eb142,OK
modules\common\instabot_env\lib\python3.12\site-packages\pytz\zoneinfo\Etc\GMT+11,C:\SNS_24AutoProject_250723\modules\common\instabot_env\lib\python3.12\site-packages\pytz\zoneinfo\Etc\GMT+11,b56bdcbd830509a13ad27255bc3aeba2feecb49becd4a4183b2ae1977773714b,OK
modules\common\instabot_env\lib\python3.12\site-packages\pytz\zoneinfo\Etc\GMT+12,C:\SNS_24AutoProject_250723\modules\common\instabot_env\lib\python3.12\site-packages\pytz\zoneinfo\Etc\GMT+12,6fbd0712112babc2099aaf31edc399cb8791fffddfab9b871e98ef3c1107a8c0,OK
modules\common\instabot_env\lib\python3.12\site-packages\pytz\zoneinfo\Etc\GMT+2,C:\SNS_24AutoProject_250723\modules\common\instabot_env\lib\python3.12\site-packages\pytz\zoneinfo\Etc\GMT+2,4fa129e7386c94129b61a10215407a8142a1de24d93f23285b59238689f1ad4a,OK
modules\common\instabot_env\lib\python3.12\site-packages\pytz\zoneinfo\Etc\GMT+3,C:\SNS_24AutoProject_250723\modules\common\instabot_env\lib\python3.12\site-packages\pytz\zoneinfo\Etc\GMT+3,406a18ac4d386d427e3b32f7eddb763194f917158d2e92433d55e025bb2d6190,OK
modules\common\instabot_env\lib\python3.12\site-packages\pytz\zoneinfo\Etc\GMT+4,C:\SNS_24AutoProject_250723\modules\common\instabot_env\lib\python3.12\site-packages\pytz\zoneinfo\Etc\GMT+4,456ae43648bec15ed7f9ca1ed15bee7c17ba2eb595a643c98226b94106049c1a,OK
modules\common\instabot_env\lib\python3.12\site-packages\pytz\zoneinfo\Etc\GMT+5,C:\SNS_24AutoProject_250723\modules\common\instabot_env\lib\python3.12\site-packages\pytz\zoneinfo\Etc\GMT+5,a1199e0b8d5d8185d3fb3cf264844a5cdf48bdd2f60dae674eec261b6fe9ac80,OK
modules\common\instabot_env\lib\python3.12\site-packages\pytz\zoneinfo\Etc\GMT+6,C:\SNS_24AutoProject_250723\modules\common\instabot_env\lib\python3.12\site-packages\pytz\zoneinfo\Etc\GMT+6,77a7409f089e8f2148da7ec0cc59455b4685013eb360d123048106d2ebb4b1b4,OK
modules\common\instabot_env\lib\python3.12\site-packages\pytz\zoneinfo\Etc\GMT+7,C:\SNS_24AutoProject_250723\modules\common\instabot_env\lib\python3.12\site-packages\pytz\zoneinfo\Etc\GMT+7,4ea8d86f3774607a71d708ac160d3c275f704e983aced24b2e89e0658fe5a33b,OK
modules\common\instabot_env\lib\python3.12\site-packages\pytz\zoneinfo\Etc\GMT+8,C:\SNS_24AutoProject_250723\modules\common\instabot_env\lib\python3.12\site-packages\pytz\zoneinfo\Etc\GMT+8,b61ffc6c832662044f09eb01adb981851af48d03bbc2177bd0b898f477f02729,OK
modules\common\instabot_env\lib\python3.12\site-packages\pytz\zoneinfo\Etc\GMT+9,C:\SNS_24AutoProject_250723\modules\common\instabot_env\lib\python3.12\site-packages\pytz\zoneinfo\Etc\GMT+9,42ae44ea2512ec9309232993ed8a2a948f0cb6ab55cb49abf6deb3585b5673d6,OK
modules\common\instabot_env\lib\python3.12\site-packages\pytz\zoneinfo\Etc\GMT-1,C:\SNS_24AutoProject_250723\modules\common\instabot_env\lib\python3.12\site-packages\pytz\zoneinfo\Etc\GMT-1,ef7175794f2e01018fde6728076abdf428df31a9c61479377de7e58e9f69602e,OK
modules\common\instabot_env\lib\python3.12\site-packages\pytz\zoneinfo\Etc\GMT-10,C:\SNS_24AutoProject_250723\modules\common\instabot_env\lib\python3.12\site-packages\pytz\zoneinfo\Etc\GMT-10,7ca5963702c13a9d4e90a8ed735c3d2c85c94759934c3f8976f61f951cb522b5,OK
modules\common\instabot_env\lib\python3.12\site-packages\pytz\zoneinfo\Etc\GMT-11,C:\SNS_24AutoProject_250723\modules\common\instabot_env\lib\python3.12\site-packages\pytz\zoneinfo\Etc\GMT-11,0f64bbf67ea9b1af6df7fdaf8f9c08ac5a471f63892dc08a3fabedc3315920d6,OK
modules\common\instabot_env\lib\python3.12\site-packages\pytz\zoneinfo\Etc\GMT-12,C:\SNS_24AutoProject_250723\modules\common\instabot_env\lib\python3.12\site-packages\pytz\zoneinfo\Etc\GMT-12,99ee15ea599623c812afc1fb378d56003d04c30d5a9e1fc4177e10afd5284a72,OK
modules\common\instabot_env\lib\python3.12\site-packages\pytz\zoneinfo\Etc\GMT-13,C:\SNS_24AutoProject_250723\modules\common\instabot_env\lib\python3.12\site-packages\pytz\zoneinfo\Etc\GMT-13,c5b99b1b505003a0e5a5afe2530106c89c56e1adedea599ac1d3ca004f2f6d1f,OK
modules\common\instabot_env\lib\python3.12\site-packages\pytz\zoneinfo\Etc\GMT-14,C:\SNS_24AutoProject_250723\modules\common\instabot_env\lib\python3.12\site-packages\pytz\zoneinfo\Etc\GMT-14,3e95e8444061d36a85a6fc55323da957d200cd242f044ed73ef9cdf6a499f8a7,OK
modules\common\instabot_env\lib\python3.12\site-packages\pytz\zoneinfo\Etc\GMT-2,C:\SNS_24AutoProject_250723\modules\common\instabot_env\lib\python3.12\site-packages\pytz\zoneinfo\Etc\GMT-2,bdeea158b75eba22e1a9a81a58ba8c0fa1cdc9b4b57214708ee75f4d9d9b6011,OK
modules\common\instabot_env\lib\python3.12\site-packages\pytz\zoneinfo\Etc\GMT-3,C:\SNS_24AutoProject_250723\modules\common\instabot_env\lib\python3.12\site-packages\pytz\zoneinfo\Etc\GMT-3,37bee320b6a7b8b0d590bb1dba35d94aef9db078b0379308a7087b7cc5227eca,OK
modules\common\instabot_env\lib\python3.12\site-packages\pytz\zoneinfo\Etc\GMT-4,C:\SNS_24AutoProject_250723\modules\common\instabot_env\lib\python3.12\site-packages\pytz\zoneinfo\Etc\GMT-4,2d2928e5f547a8f979cdfc231aa91b31afce167beda53ea8ff8c58c4dcfd9f9a,OK
modules\common\instabot_env\lib\python3.12\site-packages\pytz\zoneinfo\Etc\GMT-5,C:\SNS_24AutoProject_250723\modules\common\instabot_env\lib\python3.12\site-packages\pytz\zoneinfo\Etc\GMT-5,b8b69247931bd7c1d14ec000e52bde63d3c027dedd3bc433216a8d5dedf065be,OK
modules\common\instabot_env\lib\python3.12\site-packages\pytz\zoneinfo\Etc\GMT-6,C:\SNS_24AutoProject_250723\modules\common\instabot_env\lib\python3.12\site-packages\pytz\zoneinfo\Etc\GMT-6,25237e454029849e747e922fedc602eae9ebb6bcfd4b55a66bea620c79467bb7,OK
modules\common\instabot_env\lib\python3.12\site-packages\pytz\zoneinfo\Etc\GMT-7,C:\SNS_24AutoProject_250723\modules\common\instabot_env\lib\python3.12\site-packages\pytz\zoneinfo\Etc\GMT-7,bd500e17cc54f53f444a7c3af1cd12157a5cbe4a28a5a8b04d1d336de7c71d25,OK
modules\common\instabot_env\lib\python3.12\site-packages\pytz\zoneinfo\Etc\GMT-8,C:\SNS_24AutoProject_250723\modules\common\instabot_env\lib\python3.12\site-packages\pytz\zoneinfo\Etc\GMT-8,4bbc4541b14ca620d9cb8bf92f80fd7c2ae3448cf3a0b0b9a7c49edb7c62eeeb,OK
modules\common\instabot_env\lib\python3.12\site-packages\pytz\zoneinfo\Etc\GMT-9,C:\SNS_24AutoProject_250723\modules\common\instabot_env\lib\python3.12\site-packages\pytz\zoneinfo\Etc\GMT-9,239bc736650af98ca0fd2d6c905378e15195cc1824b6316055088320a3b868c2,OK
modules\common\instabot_env\lib\python3.12\site-packages\pytz\zoneinfo\Europe\Amsterdam,C:\SNS_24AutoProject_250723\modules\common\instabot_env\lib\python3.12\site-packages\pytz\zoneinfo\Europe\Amsterdam,812f55aeb6e8cde9ddf4786e15eb4256b21e82cf5f5d28da1bad17d94570cac0,OK
modules\common\instabot_env\lib\python3.12\site-packages\pytz\zoneinfo\Europe\Andorra,C:\SNS_24AutoProject_250723\modules\common\instabot_env\lib\python3.12\site-packages\pytz\zoneinfo\Europe\Andorra,8130798c2426bc8c372498b5fef01c398ba1b733c147a457531f60555ea9eae8,OK
modules\common\instabot_env\lib\python3.12\site-packages\pytz\zoneinfo\Europe\Astrakhan,C:\SNS_24AutoProject_250723\modules\common\instabot_env\lib\python3.12\site-packages\pytz\zoneinfo\Europe\Astrakhan,65e183663c15551a1e47e27ae36cc49cddba04f2f9f1589324b6f09e4ee92d79,OK
modules\common\instabot_env\lib\python3.12\site-packages\pytz\zoneinfo\Europe\Athens,C:\SNS_24AutoProject_250723\modules\common\instabot_env\lib\python3.12\site-packages\pytz\zoneinfo\Europe\Athens,5c363e14151d751c901cdf06c502d9e1ac23b8e956973954763bfb39d5c53730,OK
modules\common\instabot_env\lib\python3.12\site-packages\pytz\zoneinfo\Europe\Belfast,C:\SNS_24AutoProject_250723\modules\common\instabot_env\lib\python3.12\site-packages\pytz\zoneinfo\Europe\Belfast,c85495070dca42687df6a1c3ee780a27cbcb82f1844750ea6f642833a44d29b4,OK
modules\common\instabot_env\lib\python3.12\site-packages\pytz\zoneinfo\Europe\Belgrade,C:\SNS_24AutoProject_250723\modules\common\instabot_env\lib\python3.12\site-packages\pytz\zoneinfo\Europe\Belgrade,3a95adb06156044fd2fa662841c0268c2b5af47c1b19000d9d299563d387093a,OK
modules\common\instabot_env\lib\python3.12\site-packages\pytz\zoneinfo\Europe\Berlin,C:\SNS_24AutoProject_250723\modules\common\instabot_env\lib\python3.12\site-packages\pytz\zoneinfo\Europe\Berlin,5ee475f71a0fc1a32faeb849f8c39c6e7aa66d6d41ec742b97b3a7436b3b0701,OK
modules\common\instabot_env\lib\python3.12\site-packages\pytz\zoneinfo\Europe\Bratislava,C:\SNS_24AutoProject_250723\modules\common\instabot_env\lib\python3.12\site-packages\pytz\zoneinfo\Europe\Bratislava,1bd7dd8545e6cf1eb9d419f267a57b00e60857d115e5a309326e3878968b2d9c,OK
modules\common\instabot_env\lib\python3.12\site-packages\pytz\zoneinfo\Europe\Brussels,C:\SNS_24AutoProject_250723\modules\common\instabot_env\lib\python3.12\site-packages\pytz\zoneinfo\Europe\Brussels,812f55aeb6e8cde9ddf4786e15eb4256b21e82cf5f5d28da1bad17d94570cac0,OK
modules\common\instabot_env\lib\python3.12\site-packages\pytz\zoneinfo\Europe\Bucharest,C:\SNS_24AutoProject_250723\modules\common\instabot_env\lib\python3.12\site-packages\pytz\zoneinfo\Europe\Bucharest,9df83af9b5360fa0cc1166fd10c2014799319cdb1b0d2c7450a7c71ff673a857,OK
modules\common\instabot_env\lib\python3.12\site-packages\pytz\zoneinfo\Europe\Budapest,C:\SNS_24AutoProject_250723\modules\common\instabot_env\lib\python3.12\site-packages\pytz\zoneinfo\Europe\Budapest,94dc2ac5672206fc3d7a2f35550c082876c2fd90c98e980753a1c5838c025246,OK
modules\common\instabot_env\lib\python3.12\site-packages\pytz\zoneinfo\Europe\Busingen,C:\SNS_24AutoProject_250723\modules\common\instabot_env\lib\python3.12\site-packages\pytz\zoneinfo\Europe\Busingen,2b9418ed48e3d9551c84a4786e185bd2181d009866c040fbd729170d038629ef,OK
modules\common\instabot_env\lib\python3.12\site-packages\pytz\zoneinfo\Europe\Chisinau,C:\SNS_24AutoProject_250723\modules\common\instabot_env\lib\python3.12\site-packages\pytz\zoneinfo\Europe\Chisinau,a7527faea144d77a4bf1ca4146b1057beb5e088f1fd1f28ae2e4d4cbfe1d885e,OK
modules\common\instabot_env\lib\python3.12\site-packages\pytz\zoneinfo\Europe\Copenhagen,C:\SNS_24AutoProject_250723\modules\common\instabot_env\lib\python3.12\site-packages\pytz\zoneinfo\Europe\Copenhagen,5ee475f71a0fc1a32faeb849f8c39c6e7aa66d6d41ec742b97b3a7436b3b0701,OK
modules\common\instabot_env\lib\python3.12\site-packages\pytz\zoneinfo\Europe\Dublin,C:\SNS_24AutoProject_250723\modules\common\instabot_env\lib\python3.12\site-packages\pytz\zoneinfo\Europe\Dublin,40e8d2a1c3b572284da39f6f4245b1bc814f452c44f5aa73d0a011571d5ccc43,OK
modules\common\instabot_env\lib\python3.12\site-packages\pytz\zoneinfo\Europe\Gibraltar,C:\SNS_24AutoProject_250723\modules\common\instabot_env\lib\python3.12\site-packages\pytz\zoneinfo\Europe\Gibraltar,6bced6a5a065bf123880053d3a940e90df155096e2ad55987fe55f14b4c8a12e,OK
modules\common\instabot_env\lib\python3.12\site-packages\pytz\zoneinfo\Europe\Guernsey,C:\SNS_24AutoProject_250723\modules\common\instabot_env\lib\python3.12\site-packages\pytz\zoneinfo\Europe\Guernsey,c85495070dca42687df6a1c3ee780a27cbcb82f1844750ea6f642833a44d29b4,OK
modules\common\instabot_env\lib\python3.12\site-packages\pytz\zoneinfo\Europe\Helsinki,C:\SNS_24AutoProject_250723\modules\common\instabot_env\lib\python3.12\site-packages\pytz\zoneinfo\Europe\Helsinki,184901ecbb158667a0b7b62eb9685e083bc3182edbecdc3d6d3743192f6a9097,OK
modules\common\instabot_env\lib\python3.12\site-packages\pytz\zoneinfo\Europe\Isle_of_Man,C:\SNS_24AutoProject_250723\modules\common\instabot_env\lib\python3.12\site-packages\pytz\zoneinfo\Europe\Isle_of_Man,c85495070dca42687df6a1c3ee780a27cbcb82f1844750ea6f642833a44d29b4,OK
modules\common\instabot_env\lib\python3.12\site-packages\pytz\zoneinfo\Europe\Istanbul,C:\SNS_24AutoProject_250723\modules\common\instabot_env\lib\python3.12\site-packages\pytz\zoneinfo\Europe\Istanbul,264e308e7743b5afee2d673c5b57567636dabc925bb0be513939996e856718a5,OK
modules\common\instabot_env\lib\python3.12\site-packages\pytz\zoneinfo\Europe\Jersey,C:\SNS_24AutoProject_250723\modules\common\instabot_env\lib\python3.12\site-packages\pytz\zoneinfo\Europe\Jersey,c85495070dca42687df6a1c3ee780a27cbcb82f1844750ea6f642833a44d29b4,OK
modules\common\instabot_env\lib\python3.12\site-packages\pytz\zoneinfo\Europe\Kaliningrad,C:\SNS_24AutoProject_250723\modules\common\instabot_env\lib\python3.12\site-packages\pytz\zoneinfo\Europe\Kaliningrad,b3b19749ed58bcc72cec089484735303a2389c03909ff2a6cff66a2583be2cc3,OK
modules\common\instabot_env\lib\python3.12\site-packages\pytz\zoneinfo\Europe\Kiev,C:\SNS_24AutoProject_250723\modules\common\instabot_env\lib\python3.12\site-packages\pytz\zoneinfo\Europe\Kiev,fb0ae91bd8cfb882853f5360055be7c6c3117fd2ff879cf727a4378e3d40c0d3,OK
modules\common\instabot_env\lib\python3.12\site-packages\pytz\zoneinfo\Europe\Kirov,C:\SNS_24AutoProject_250723\modules\common\instabot_env\lib\python3.12\site-packages\pytz\zoneinfo\Europe\Kirov,3fb4f665fe44a3aa382f80db83f05f8858d48138f47505e5af063e419d5e0559,OK
modules\common\instabot_env\lib\python3.12\site-packages\pytz\zoneinfo\Europe\Kyiv,C:\SNS_24AutoProject_250723\modules\common\instabot_env\lib\python3.12\site-packages\pytz\zoneinfo\Europe\Kyiv,fb0ae91bd8cfb882853f5360055be7c6c3117fd2ff879cf727a4378e3d40c0d3,OK
modules\common\instabot_env\lib\python3.12\site-packages\pytz\zoneinfo\Europe\Lisbon,C:\SNS_24AutoProject_250723\modules\common\instabot_env\lib\python3.12\site-packages\pytz\zoneinfo\Europe\Lisbon,92b07cb24689226bf934308d1f1bd33c306aa4da610c52cd5bce25077960502c,OK
modules\common\instabot_env\lib\python3.12\site-packages\pytz\zoneinfo\Europe\Ljubljana,C:\SNS_24AutoProject_250723\modules\common\instabot_env\lib\python3.12\site-packages\pytz\zoneinfo\Europe\Ljubljana,3a95adb06156044fd2fa662841c0268c2b5af47c1b19000d9d299563d387093a,OK
modules\common\instabot_env\lib\python3.12\site-packages\pytz\zoneinfo\Europe\London,C:\SNS_24AutoProject_250723\modules\common\instabot_env\lib\python3.12\site-packages\pytz\zoneinfo\Europe\London,c85495070dca42687df6a1c3ee780a27cbcb82f1844750ea6f642833a44d29b4,OK
modules\common\instabot_env\lib\python3.12\site-packages\pytz\zoneinfo\Europe\Luxembourg,C:\SNS_24AutoProject_250723\modules\common\instabot_env\lib\python3.12\site-packages\pytz\zoneinfo\Europe\Luxembourg,812f55aeb6e8cde9ddf4786e15eb4256b21e82cf5f5d28da1bad17d94570cac0,OK
modules\common\instabot_env\lib\python3.12\site-packages\pytz\zoneinfo\Europe\Madrid,C:\SNS_24AutoProject_250723\modules\common\instabot_env\lib\python3.12\site-packages\pytz\zoneinfo\Europe\Madrid,9a42d7d37ad6dedd2d9b328120f7bf9e852f6850c4af00baff964f659b161cea,OK
modules\common\instabot_env\lib\python3.12\site-packages\pytz\zoneinfo\Europe\Malta,C:\SNS_24AutoProject_250723\modules\common\instabot_env\lib\python3.12\site-packages\pytz\zoneinfo\Europe\Malta,12129c6cf2f8efbeb9b56022439edcbac68ad9368842a64282d268119b3751dd,OK
modules\common\instabot_env\lib\python3.12\site-packages\pytz\zoneinfo\Europe\Mariehamn,C:\SNS_24AutoProject_250723\modules\common\instabot_env\lib\python3.12\site-packages\pytz\zoneinfo\Europe\Mariehamn,184901ecbb158667a0b7b62eb9685e083bc3182edbecdc3d6d3743192f6a9097,OK
modules\common\instabot_env\lib\python3.12\site-packages\pytz\zoneinfo\Europe\Minsk,C:\SNS_24AutoProject_250723\modules\common\instabot_env\lib\python3.12\site-packages\pytz\zoneinfo\Europe\Minsk,2a03e6d1f1f2727b60777c5b4e69839783b5dd787ff5edb352777c5c5494dbda,OK
modules\common\instabot_env\lib\python3.12\site-packages\pytz\zoneinfo\Europe\Monaco,C:\SNS_24AutoProject_250723\modules\common\instabot_env\lib\python3.12\site-packages\pytz\zoneinfo\Europe\Monaco,ab77a1488a2dd4667a4f23072236e0d2845fe208405eec1b4834985629ba7af8,OK
modules\common\instabot_env\lib\python3.12\site-packages\pytz\zoneinfo\Europe\Moscow,C:\SNS_24AutoProject_250723\modules\common\instabot_env\lib\python3.12\site-packages\pytz\zoneinfo\Europe\Moscow,2a69287d1723e93f0f876f0f242866f09569d77b91bde7fa4d9d06b8fcd4883c,OK
modules\common\instabot_env\lib\python3.12\site-packages\pytz\zoneinfo\Europe\Nicosia,C:\SNS_24AutoProject_250723\modules\common\instabot_env\lib\python3.12\site-packages\pytz\zoneinfo\Europe\Nicosia,d149e6d08153ec7c86790ec5def4daffe9257f2b0282bba5a853ba043d699595,OK
modules\common\instabot_env\lib\python3.12\site-packages\pytz\zoneinfo\Europe\Oslo,C:\SNS_24AutoProject_250723\modules\common\instabot_env\lib\python3.12\site-packages\pytz\zoneinfo\Europe\Oslo,5ee475f71a0fc1a32faeb849f8c39c6e7aa66d6d41ec742b97b3a7436b3b0701,OK
modules\common\instabot_env\lib\python3.12\site-packages\pytz\zoneinfo\Europe\Paris,C:\SNS_24AutoProject_250723\modules\common\instabot_env\lib\python3.12\site-packages\pytz\zoneinfo\Europe\Paris,ab77a1488a2dd4667a4f23072236e0d2845fe208405eec1b4834985629ba7af8,OK
modules\common\instabot_env\lib\python3.12\site-packages\pytz\zoneinfo\Europe\Podgorica,C:\SNS_24AutoProject_250723\modules\common\instabot_env\lib\python3.12\site-packages\pytz\zoneinfo\Europe\Podgorica,3a95adb06156044fd2fa662841c0268c2b5af47c1b19000d9d299563d387093a,OK
modules\common\instabot_env\lib\python3.12\site-packages\pytz\zoneinfo\Europe\Prague,C:\SNS_24AutoProject_250723\modules\common\instabot_env\lib\python3.12\site-packages\pytz\zoneinfo\Europe\Prague,1bd7dd8545e6cf1eb9d419f267a57b00e60857d115e5a309326e3878968b2d9c,OK
modules\common\instabot_env\lib\python3.12\site-packages\pytz\zoneinfo\Europe\Riga,C:\SNS_24AutoProject_250723\modules\common\instabot_env\lib\python3.12\site-packages\pytz\zoneinfo\Europe\Riga,849dbfd26d6d696f48b80fa13323f99fe597ed83ab47485e2accc98609634569,OK
modules\common\instabot_env\lib\python3.12\site-packages\pytz\zoneinfo\Europe\Rome,C:\SNS_24AutoProject_250723\modules\common\instabot_env\lib\python3.12\site-packages\pytz\zoneinfo\Europe\Rome,d5ade82cc4a232949b87d43157c84b2c355b66a6ac87cf6250ed6ead80b5018f,OK
modules\common\instabot_env\lib\python3.12\site-packages\pytz\zoneinfo\Europe\Samara,C:\SNS_24AutoProject_250723\modules\common\instabot_env\lib\python3.12\site-packages\pytz\zoneinfo\Europe\Samara,9d72f42316d3eaabb5d0236e6831f1c785b539a02769a293b4827d37d5113285,OK
modules\common\instabot_env\lib\python3.12\site-packages\pytz\zoneinfo\Europe\San_Marino,C:\SNS_24AutoProject_250723\modules\common\instabot_env\lib\python3.12\site-packages\pytz\zoneinfo\Europe\San_Marino,d5ade82cc4a232949b87d43157c84b2c355b66a6ac87cf6250ed6ead80b5018f,OK
modules\common\instabot_env\lib\python3.12\site-packages\pytz\zoneinfo\Europe\Sarajevo,C:\SNS_24AutoProject_250723\modules\common\instabot_env\lib\python3.12\site-packages\pytz\zoneinfo\Europe\Sarajevo,3a95adb06156044fd2fa662841c0268c2b5af47c1b19000d9d299563d387093a,OK
modules\common\instabot_env\lib\python3.12\site-packages\pytz\zoneinfo\Europe\Saratov,C:\SNS_24AutoProject_250723\modules\common\instabot_env\lib\python3.12\site-packages\pytz\zoneinfo\Europe\Saratov,ca0c23bd7375dd381a5b18e0eb2b161271d6371c2b56d9046eb93cb7d6f3555c,OK
modules\common\instabot_env\lib\python3.12\site-packages\pytz\zoneinfo\Europe\Simferopol,C:\SNS_24AutoProject_250723\modules\common\instabot_env\lib\python3.12\site-packages\pytz\zoneinfo\Europe\Simferopol,b7397bc5d355499a6b342ba5e181392d2a6847d268ba398eabc55b6c1f301e27,OK
modules\common\instabot_env\lib\python3.12\site-packages\pytz\zoneinfo\Europe\Skopje,C:\SNS_24AutoProject_250723\modules\common\instabot_env\lib\python3.12\site-packages\pytz\zoneinfo\Europe\Skopje,3a95adb06156044fd2fa662841c0268c2b5af47c1b19000d9d299563d387093a,OK
modules\common\instabot_env\lib\python3.12\site-packages\pytz\zoneinfo\Europe\Sofia,C:\SNS_24AutoProject_250723\modules\common\instabot_env\lib\python3.12\site-packages\pytz\zoneinfo\Europe\Sofia,84240a5df30dae7039c47370feecd38cacd5c38f81becab9a063b8c940afe6d6,OK
modules\common\instabot_env\lib\python3.12\site-packages\pytz\zoneinfo\Europe\Stockholm,C:\SNS_24AutoProject_250723\modules\common\instabot_env\lib\python3.12\site-packages\pytz\zoneinfo\Europe\Stockholm,5ee475f71a0fc1a32faeb849f8c39c6e7aa66d6d41ec742b97b3a7436b3b0701,OK
modules\common\instabot_env\lib\python3.12\site-packages\pytz\zoneinfo\Europe\Tallinn,C:\SNS_24AutoProject_250723\modules\common\instabot_env\lib\python3.12\site-packages\pytz\zoneinfo\Europe\Tallinn,e1ae890b4688a4ccea215ecedf9ce81b42cb270910ab90285d9da2be489cebec,OK
modules\common\instabot_env\lib\python3.12\site-packages\pytz\zoneinfo\Europe\Tirane,C:\SNS_24AutoProject_250723\modules\common\instabot_env\lib\python3.12\site-packages\pytz\zoneinfo\Europe\Tirane,ced959c824bd5825de556f2706e9f74f28b91d463412d15b8816c473582e72ec,OK
modules\common\instabot_env\lib\python3.12\site-packages\pytz\zoneinfo\Europe\Tiraspol,C:\SNS_24AutoProject_250723\modules\common\instabot_env\lib\python3.12\site-packages\pytz\zoneinfo\Europe\Tiraspol,a7527faea144d77a4bf1ca4146b1057beb5e088f1fd1f28ae2e4d4cbfe1d885e,OK
modules\common\instabot_env\lib\python3.12\site-packages\pytz\zoneinfo\Europe\Ulyanovsk,C:\SNS_24AutoProject_250723\modules\common\instabot_env\lib\python3.12\site-packages\pytz\zoneinfo\Europe\Ulyanovsk,73c01de69ec22a3ff570203b95546970fa9b417198697f3772ebbab88171f818,OK
modules\common\instabot_env\lib\python3.12\site-packages\pytz\zoneinfo\Europe\Uzhgorod,C:\SNS_24AutoProject_250723\modules\common\instabot_env\lib\python3.12\site-packages\pytz\zoneinfo\Europe\Uzhgorod,fb0ae91bd8cfb882853f5360055be7c6c3117fd2ff879cf727a4378e3d40c0d3,OK
modules\common\instabot_env\lib\python3.12\site-packages\pytz\zoneinfo\Europe\Vaduz,C:\SNS_24AutoProject_250723\modules\common\instabot_env\lib\python3.12\site-packages\pytz\zoneinfo\Europe\Vaduz,2b9418ed48e3d9551c84a4786e185bd2181d009866c040fbd729170d038629ef,OK
modules\common\instabot_env\lib\python3.12\site-packages\pytz\zoneinfo\Europe\Vatican,C:\SNS_24AutoProject_250723\modules\common\instabot_env\lib\python3.12\site-packages\pytz\zoneinfo\Europe\Vatican,d5ade82cc4a232949b87d43157c84b2c355b66a6ac87cf6250ed6ead80b5018f,OK
modules\common\instabot_env\lib\python3.12\site-packages\pytz\zoneinfo\Europe\Vienna,C:\SNS_24AutoProject_250723\modules\common\instabot_env\lib\python3.12\site-packages\pytz\zoneinfo\Europe\Vienna,6662379000c4e9b9eb24471caa1ef75d7058dfa2f51b80e4a624d0226b4dad49,OK
modules\common\instabot_env\lib\python3.12\site-packages\pytz\zoneinfo\Europe\Vilnius,C:\SNS_24AutoProject_250723\modules\common\instabot_env\lib\python3.12\site-packages\pytz\zoneinfo\Europe\Vilnius,505cd15f7a2b09307c77d23397124fcb9794036a013ee0aed54265fb60fb0b75,OK
modules\common\instabot_env\lib\python3.12\site-packages\pytz\zoneinfo\Europe\Volgograd,C:\SNS_24AutoProject_250723\modules\common\instabot_env\lib\python3.12\site-packages\pytz\zoneinfo\Europe\Volgograd,46016fb7b9b367e4ed20a2fd0551e6a0d64b21e2c8ba20dd5de635d20dbfbe4b,OK
modules\common\instabot_env\lib\python3.12\site-packages\pytz\zoneinfo\Europe\Warsaw,C:\SNS_24AutoProject_250723\modules\common\instabot_env\lib\python3.12\site-packages\pytz\zoneinfo\Europe\Warsaw,4e22c33db79517472480b54491a49e0da299f3072d7490ce97f1c4fd6779acab,OK
modules\common\instabot_env\lib\python3.12\site-packages\pytz\zoneinfo\Europe\Zagreb,C:\SNS_24AutoProject_250723\modules\common\instabot_env\lib\python3.12\site-packages\pytz\zoneinfo\Europe\Zagreb,3a95adb06156044fd2fa662841c0268c2b5af47c1b19000d9d299563d387093a,OK
modules\common\instabot_env\lib\python3.12\site-packages\pytz\zoneinfo\Europe\Zaporozhye,C:\SNS_24AutoProject_250723\modules\common\instabot_env\lib\python3.12\site-packages\pytz\zoneinfo\Europe\Zaporozhye,fb0ae91bd8cfb882853f5360055be7c6c3117fd2ff879cf727a4378e3d40c0d3,OK
modules\common\instabot_env\lib\python3.12\site-packages\pytz\zoneinfo\Europe\Zurich,C:\SNS_24AutoProject_250723\modules\common\instabot_env\lib\python3.12\site-packages\pytz\zoneinfo\Europe\Zurich,2b9418ed48e3d9551c84a4786e185bd2181d009866c040fbd729170d038629ef,OK
modules\common\instabot_env\lib\python3.12\site-packages\pytz\zoneinfo\Indian\Antananarivo,C:\SNS_24AutoProject_250723\modules\common\instabot_env\lib\python3.12\site-packages\pytz\zoneinfo\Indian\Antananarivo,c89b2e253a8926a6cecf7eff34e4bfcdb7fe24daff22d84718c30deec0ea4968,OK
modules\common\instabot_env\lib\python3.12\site-packages\pytz\zoneinfo\Indian\Chagos,C:\SNS_24AutoProject_250723\modules\common\instabot_env\lib\python3.12\site-packages\pytz\zoneinfo\Indian\Chagos,d9eaeb5f329d1487295342fe5d18521f184d69b2336c8e655d5dcfaba96de346,OK
modules\common\instabot_env\lib\python3.12\site-packages\pytz\zoneinfo\Indian\Christmas,C:\SNS_24AutoProject_250723\modules\common\instabot_env\lib\python3.12\site-packages\pytz\zoneinfo\Indian\Christmas,85fff93d57a041c1524bad028d2f340bb87e4c63ab7d0e27726f3737c5666649,OK
modules\common\instabot_env\lib\python3.12\site-packages\pytz\zoneinfo\Indian\Cocos,C:\SNS_24AutoProject_250723\modules\common\instabot_env\lib\python3.12\site-packages\pytz\zoneinfo\Indian\Cocos,fd81c04aae19e5871420b21d844ce0dbb0862f36ab5073c31ecd438f44203463,OK
modules\common\instabot_env\lib\python3.12\site-packages\pytz\zoneinfo\Indian\Comoro,C:\SNS_24AutoProject_250723\modules\common\instabot_env\lib\python3.12\site-packages\pytz\zoneinfo\Indian\Comoro,c89b2e253a8926a6cecf7eff34e4bfcdb7fe24daff22d84718c30deec0ea4968,OK
modules\common\instabot_env\lib\python3.12\site-packages\pytz\zoneinfo\Indian\Kerguelen,C:\SNS_24AutoProject_250723\modules\common\instabot_env\lib\python3.12\site-packages\pytz\zoneinfo\Indian\Kerguelen,17bddf7d57c1a14a07aded3e0f0b2242b60970ba4f396f892469379fcf253395,OK
modules\common\instabot_env\lib\python3.12\site-packages\pytz\zoneinfo\Indian\Mahe,C:\SNS_24AutoProject_250723\modules\common\instabot_env\lib\python3.12\site-packages\pytz\zoneinfo\Indian\Mahe,a667613e16894702b038dbf18993467854880a3956cf263d265147bfe1fdba96,OK
modules\common\instabot_env\lib\python3.12\site-packages\pytz\zoneinfo\Indian\Maldives,C:\SNS_24AutoProject_250723\modules\common\instabot_env\lib\python3.12\site-packages\pytz\zoneinfo\Indian\Maldives,17bddf7d57c1a14a07aded3e0f0b2242b60970ba4f396f892469379fcf253395,OK
modules\common\instabot_env\lib\python3.12\site-packages\pytz\zoneinfo\Indian\Mauritius,C:\SNS_24AutoProject_250723\modules\common\instabot_env\lib\python3.12\site-packages\pytz\zoneinfo\Indian\Mauritius,667aab7357218a695c889b1804e97436f2079eb35d0b19dc1b159ccead4f05e2,OK
modules\common\instabot_env\lib\python3.12\site-packages\pytz\zoneinfo\Indian\Mayotte,C:\SNS_24AutoProject_250723\modules\common\instabot_env\lib\python3.12\site-packages\pytz\zoneinfo\Indian\Mayotte,c89b2e253a8926a6cecf7eff34e4bfcdb7fe24daff22d84718c30deec0ea4968,OK
modules\common\instabot_env\lib\python3.12\site-packages\pytz\zoneinfo\Indian\Reunion,C:\SNS_24AutoProject_250723\modules\common\instabot_env\lib\python3.12\site-packages\pytz\zoneinfo\Indian\Reunion,a667613e16894702b038dbf18993467854880a3956cf263d265147bfe1fdba96,OK
modules\common\instabot_env\lib\python3.12\site-packages\pytz\zoneinfo\Mexico\BajaNorte,C:\SNS_24AutoProject_250723\modules\common\instabot_env\lib\python3.12\site-packages\pytz\zoneinfo\Mexico\BajaNorte,4a5b95ef1cd99b6e0b80c5d2515b75703d40944ef2fdb744eb91e10c87572dcb,OK
modules\common\instabot_env\lib\python3.12\site-packages\pytz\zoneinfo\Mexico\BajaSur,C:\SNS_24AutoProject_250723\modules\common\instabot_env\lib\python3.12\site-packages\pytz\zoneinfo\Mexico\BajaSur,0561f636a54f0353ecc842cf37fd8117c2a596bb26424aa0d5eba3b10be79f1f,OK
modules\common\instabot_env\lib\python3.12\site-packages\pytz\zoneinfo\Mexico\General,C:\SNS_24AutoProject_250723\modules\common\instabot_env\lib\python3.12\site-packages\pytz\zoneinfo\Mexico\General,528836f85316cf6a35da347ab0af6f7a625a98b7a8e8e105310477b34c53c647,OK
modules\common\instabot_env\lib\python3.12\site-packages\pytz\zoneinfo\Pacific\Apia,C:\SNS_24AutoProject_250723\modules\common\instabot_env\lib\python3.12\site-packages\pytz\zoneinfo\Pacific\Apia,33740ab29ef943b1f55f769e13ff59a90962f5a12434209072d650e6c10abb4d,OK
modules\common\instabot_env\lib\python3.12\site-packages\pytz\zoneinfo\Pacific\Auckland,C:\SNS_24AutoProject_250723\modules\common\instabot_env\lib\python3.12\site-packages\pytz\zoneinfo\Pacific\Auckland,8000e3a323e8fd0212414e9426b020707a771c368ca0e151747f9ddb7b814b27,OK
modules\common\instabot_env\lib\python3.12\site-packages\pytz\zoneinfo\Pacific\Bougainville,C:\SNS_24AutoProject_250723\modules\common\instabot_env\lib\python3.12\site-packages\pytz\zoneinfo\Pacific\Bougainville,85613ce9e5e7371faf0016e9efe61222a5b279c1cf30858b7ed565a00a0f84bf,OK
modules\common\instabot_env\lib\python3.12\site-packages\pytz\zoneinfo\Pacific\Chatham,C:\SNS_24AutoProject_250723\modules\common\instabot_env\lib\python3.12\site-packages\pytz\zoneinfo\Pacific\Chatham,c617b155ce657c9fea02fd9ddc7ac823a95f452c4a6580408d8db3a58902184f,OK
modules\common\instabot_env\lib\python3.12\site-packages\pytz\zoneinfo\Pacific\Chuuk,C:\SNS_24AutoProject_250723\modules\common\instabot_env\lib\python3.12\site-packages\pytz\zoneinfo\Pacific\Chuuk,9c1dfa1c15994dd8774e53f40cb14dcf529143468721f1dba7b2c2e14ae9f5f0,OK
modules\common\instabot_env\lib\python3.12\site-packages\pytz\zoneinfo\Pacific\Easter,C:\SNS_24AutoProject_250723\modules\common\instabot_env\lib\python3.12\site-packages\pytz\zoneinfo\Pacific\Easter,41bb9b06cff1425bcac1e027bab8721e320ae238bbec68781bebac5ee97a5d53,OK
modules\common\instabot_env\lib\python3.12\site-packages\pytz\zoneinfo\Pacific\Efate,C:\SNS_24AutoProject_250723\modules\common\instabot_env\lib\python3.12\site-packages\pytz\zoneinfo\Pacific\Efate,a12c4d710631e7ed45536ff21f31c8fa14fe74c25c3f1cf2e1799d2355315c0a,OK
modules\common\instabot_env\lib\python3.12\site-packages\pytz\zoneinfo\Pacific\Enderbury,C:\SNS_24AutoProject_250723\modules\common\instabot_env\lib\python3.12\site-packages\pytz\zoneinfo\Pacific\Enderbury,1cd4c02abb07fd1d96dd046529c98d95de4a71774fd328170a3128bdcd62fba4,OK
modules\common\instabot_env\lib\python3.12\site-packages\pytz\zoneinfo\Pacific\Fakaofo,C:\SNS_24AutoProject_250723\modules\common\instabot_env\lib\python3.12\site-packages\pytz\zoneinfo\Pacific\Fakaofo,a8ea1da5330a8f3b6f6485d52defdffe467a59c1e5f5f08b13d66ccaf74528b2,OK
modules\common\instabot_env\lib\python3.12\site-packages\pytz\zoneinfo\Pacific\Fiji,C:\SNS_24AutoProject_250723\modules\common\instabot_env\lib\python3.12\site-packages\pytz\zoneinfo\Pacific\Fiji,8c1e456ceb029c7550436a213e25844143e11ba2726c1dcda20dea4fa5894342,OK
modules\common\instabot_env\lib\python3.12\site-packages\pytz\zoneinfo\Pacific\Funafuti,C:\SNS_24AutoProject_250723\modules\common\instabot_env\lib\python3.12\site-packages\pytz\zoneinfo\Pacific\Funafuti,53268a8a6b11f0b8e02fc67683ae48d074efaf7b4c66e036c1478107afd9a7d7,OK
modules\common\instabot_env\lib\python3.12\site-packages\pytz\zoneinfo\Pacific\Galapagos,C:\SNS_24AutoProject_250723\modules\common\instabot_env\lib\python3.12\site-packages\pytz\zoneinfo\Pacific\Galapagos,fc625460e8d28888e83413b6a9dab6de2b0b309e0d0959370ca21119e0dcf010,OK
modules\common\instabot_env\lib\python3.12\site-packages\pytz\zoneinfo\Pacific\Gambier,C:\SNS_24AutoProject_250723\modules\common\instabot_env\lib\python3.12\site-packages\pytz\zoneinfo\Pacific\Gambier,8004bb82bd471ffaded2e6272fa796a3928627e07941a88cf26576718e664311,OK
modules\common\instabot_env\lib\python3.12\site-packages\pytz\zoneinfo\Pacific\Guadalcanal,C:\SNS_24AutoProject_250723\modules\common\instabot_env\lib\python3.12\site-packages\pytz\zoneinfo\Pacific\Guadalcanal,3389135aa69241a57500c8722d2be6c2804917b5fd89cac82dbbd0270a7de348,OK
modules\common\instabot_env\lib\python3.12\site-packages\pytz\zoneinfo\Pacific\Guam,C:\SNS_24AutoProject_250723\modules\common\instabot_env\lib\python3.12\site-packages\pytz\zoneinfo\Pacific\Guam,131f739e67faacd7c6cdeea036964908caf54d3e2b925d929eb85e72b749b9f2,OK
modules\common\instabot_env\lib\python3.12\site-packages\pytz\zoneinfo\Pacific\Honolulu,C:\SNS_24AutoProject_250723\modules\common\instabot_env\lib\python3.12\site-packages\pytz\zoneinfo\Pacific\Honolulu,7f03d1bf5264e7ab023a2ef9b997ddfc8cb6936692407c770762b9c549523f33,OK
modules\common\instabot_env\lib\python3.12\site-packages\pytz\zoneinfo\Pacific\Johnston,C:\SNS_24AutoProject_250723\modules\common\instabot_env\lib\python3.12\site-packages\pytz\zoneinfo\Pacific\Johnston,7f03d1bf5264e7ab023a2ef9b997ddfc8cb6936692407c770762b9c549523f33,OK
modules\common\instabot_env\lib\python3.12\site-packages\pytz\zoneinfo\Pacific\Kanton,C:\SNS_24AutoProject_250723\modules\common\instabot_env\lib\python3.12\site-packages\pytz\zoneinfo\Pacific\Kanton,1cd4c02abb07fd1d96dd046529c98d95de4a71774fd328170a3128bdcd62fba4,OK
modules\common\instabot_env\lib\python3.12\site-packages\pytz\zoneinfo\Pacific\Kiritimati,C:\SNS_24AutoProject_250723\modules\common\instabot_env\lib\python3.12\site-packages\pytz\zoneinfo\Pacific\Kiritimati,8589353a8cfe2e3d4fb9909b355d96248bce2ed0b04b0ab6bbaddc6f567edcd4,OK
modules\common\instabot_env\lib\python3.12\site-packages\pytz\zoneinfo\Pacific\Kosrae,C:\SNS_24AutoProject_250723\modules\common\instabot_env\lib\python3.12\site-packages\pytz\zoneinfo\Pacific\Kosrae,4348eb6f8cde0eb77ad5b53857c4ea8cc73421ea7cad667266a274baab2e9f1b,OK
modules\common\instabot_env\lib\python3.12\site-packages\pytz\zoneinfo\Pacific\Kwajalein,C:\SNS_24AutoProject_250723\modules\common\instabot_env\lib\python3.12\site-packages\pytz\zoneinfo\Pacific\Kwajalein,4e667fd1ffb2490fac6810254575747f8f48b709dee755415e7eab59cad6a874,OK
modules\common\instabot_env\lib\python3.12\site-packages\pytz\zoneinfo\Pacific\Majuro,C:\SNS_24AutoProject_250723\modules\common\instabot_env\lib\python3.12\site-packages\pytz\zoneinfo\Pacific\Majuro,53268a8a6b11f0b8e02fc67683ae48d074efaf7b4c66e036c1478107afd9a7d7,OK
modules\common\instabot_env\lib\python3.12\site-packages\pytz\zoneinfo\Pacific\Marquesas,C:\SNS_24AutoProject_250723\modules\common\instabot_env\lib\python3.12\site-packages\pytz\zoneinfo\Pacific\Marquesas,153c4f2535ad938f0b55bdcdd94eb828ba4bb26beed03401b9b4c283e76fc863,OK
modules\common\instabot_env\lib\python3.12\site-packages\pytz\zoneinfo\Pacific\Midway,C:\SNS_24AutoProject_250723\modules\common\instabot_env\lib\python3.12\site-packages\pytz\zoneinfo\Pacific\Midway,7c262b62985863aad47f13b0ef5db2e5cc917b5d38002de9a2ea83ddb0883458,OK
modules\common\instabot_env\lib\python3.12\site-packages\pytz\zoneinfo\Pacific\Nauru,C:\SNS_24AutoProject_250723\modules\common\instabot_env\lib\python3.12\site-packages\pytz\zoneinfo\Pacific\Nauru,f4048a80b1c1fbc9ec4c42b5029cdf4c7d3242d6cd026197f8923bb87662aa70,OK
modules\common\instabot_env\lib\python3.12\site-packages\pytz\zoneinfo\Pacific\Niue,C:\SNS_24AutoProject_250723\modules\common\instabot_env\lib\python3.12\site-packages\pytz\zoneinfo\Pacific\Niue,3a5957c6e927711edaf92326745a31e5acf5c6920f3216da85086d39b9a9b833,OK
modules\common\instabot_env\lib\python3.12\site-packages\pytz\zoneinfo\Pacific\Norfolk,C:\SNS_24AutoProject_250723\modules\common\instabot_env\lib\python3.12\site-packages\pytz\zoneinfo\Pacific\Norfolk,0cc757d419b5f25ccdba2096cf07de1d43111973d2f2fe405a787efc45ff019c,OK
modules\common\instabot_env\lib\python3.12\site-packages\pytz\zoneinfo\Pacific\Noumea,C:\SNS_24AutoProject_250723\modules\common\instabot_env\lib\python3.12\site-packages\pytz\zoneinfo\Pacific\Noumea,b641f1c67c6c5d33aacf76335a2d269214c220e37383e5bb12949131d3e329d4,OK
modules\common\instabot_env\lib\python3.12\site-packages\pytz\zoneinfo\Pacific\Pago_Pago,C:\SNS_24AutoProject_250723\modules\common\instabot_env\lib\python3.12\site-packages\pytz\zoneinfo\Pacific\Pago_Pago,7c262b62985863aad47f13b0ef5db2e5cc917b5d38002de9a2ea83ddb0883458,OK
modules\common\instabot_env\lib\python3.12\site-packages\pytz\zoneinfo\Pacific\Palau,C:\SNS_24AutoProject_250723\modules\common\instabot_env\lib\python3.12\site-packages\pytz\zoneinfo\Pacific\Palau,68dd876d3d2b7aac0aaed2ca0caf4cdb36f47748a474d953aeb9ed571747ebaa,OK
modules\common\instabot_env\lib\python3.12\site-packages\pytz\zoneinfo\Pacific\Pitcairn,C:\SNS_24AutoProject_250723\modules\common\instabot_env\lib\python3.12\site-packages\pytz\zoneinfo\Pacific\Pitcairn,5388c052ebec44da32f17acf6b5e98a5c5c272a1c9634bba26f08d80f1163b57,OK
modules\common\instabot_env\lib\python3.12\site-packages\pytz\zoneinfo\Pacific\Pohnpei,C:\SNS_24AutoProject_250723\modules\common\instabot_env\lib\python3.12\site-packages\pytz\zoneinfo\Pacific\Pohnpei,3389135aa69241a57500c8722d2be6c2804917b5fd89cac82dbbd0270a7de348,OK
modules\common\instabot_env\lib\python3.12\site-packages\pytz\zoneinfo\Pacific\Ponape,C:\SNS_24AutoProject_250723\modules\common\instabot_env\lib\python3.12\site-packages\pytz\zoneinfo\Pacific\Ponape,3389135aa69241a57500c8722d2be6c2804917b5fd89cac82dbbd0270a7de348,OK
modules\common\instabot_env\lib\python3.12\site-packages\pytz\zoneinfo\Pacific\Port_Moresby,C:\SNS_24AutoProject_250723\modules\common\instabot_env\lib\python3.12\site-packages\pytz\zoneinfo\Pacific\Port_Moresby,9c1dfa1c15994dd8774e53f40cb14dcf529143468721f1dba7b2c2e14ae9f5f0,OK
modules\common\instabot_env\lib\python3.12\site-packages\pytz\zoneinfo\Pacific\Rarotonga,C:\SNS_24AutoProject_250723\modules\common\instabot_env\lib\python3.12\site-packages\pytz\zoneinfo\Pacific\Rarotonga,c0f12ca176f20e7ba17f39202ef52a852ceb331fc50f8dae00f96e48f321dc17,OK
modules\common\instabot_env\lib\python3.12\site-packages\pytz\zoneinfo\Pacific\Saipan,C:\SNS_24AutoProject_250723\modules\common\instabot_env\lib\python3.12\site-packages\pytz\zoneinfo\Pacific\Saipan,131f739e67faacd7c6cdeea036964908caf54d3e2b925d929eb85e72b749b9f2,OK
modules\common\instabot_env\lib\python3.12\site-packages\pytz\zoneinfo\Pacific\Tahiti,C:\SNS_24AutoProject_250723\modules\common\instabot_env\lib\python3.12\site-packages\pytz\zoneinfo\Pacific\Tahiti,0517dff46dc4fa258a84e591d56bb4d99d223208ebc035d5f9736ba88b577536,OK
modules\common\instabot_env\lib\python3.12\site-packages\pytz\zoneinfo\Pacific\Tarawa,C:\SNS_24AutoProject_250723\modules\common\instabot_env\lib\python3.12\site-packages\pytz\zoneinfo\Pacific\Tarawa,53268a8a6b11f0b8e02fc67683ae48d074efaf7b4c66e036c1478107afd9a7d7,OK
modules\common\instabot_env\lib\python3.12\site-packages\pytz\zoneinfo\Pacific\Tongatapu,C:\SNS_24AutoProject_250723\modules\common\instabot_env\lib\python3.12\site-packages\pytz\zoneinfo\Pacific\Tongatapu,3a9a4166a4c06626fd1d8ed4f400be25abceee6e8dc4f194b547cf40097da016,OK
modules\common\instabot_env\lib\python3.12\site-packages\pytz\zoneinfo\Pacific\Truk,C:\SNS_24AutoProject_250723\modules\common\instabot_env\lib\python3.12\site-packages\pytz\zoneinfo\Pacific\Truk,9c1dfa1c15994dd8774e53f40cb14dcf529143468721f1dba7b2c2e14ae9f5f0,OK
modules\common\instabot_env\lib\python3.12\site-packages\pytz\zoneinfo\Pacific\Wake,C:\SNS_24AutoProject_250723\modules\common\instabot_env\lib\python3.12\site-packages\pytz\zoneinfo\Pacific\Wake,53268a8a6b11f0b8e02fc67683ae48d074efaf7b4c66e036c1478107afd9a7d7,OK
modules\common\instabot_env\lib\python3.12\site-packages\pytz\zoneinfo\Pacific\Wallis,C:\SNS_24AutoProject_250723\modules\common\instabot_env\lib\python3.12\site-packages\pytz\zoneinfo\Pacific\Wallis,53268a8a6b11f0b8e02fc67683ae48d074efaf7b4c66e036c1478107afd9a7d7,OK
modules\common\instabot_env\lib\python3.12\site-packages\pytz\zoneinfo\Pacific\Yap,C:\SNS_24AutoProject_250723\modules\common\instabot_env\lib\python3.12\site-packages\pytz\zoneinfo\Pacific\Yap,9c1dfa1c15994dd8774e53f40cb14dcf529143468721f1dba7b2c2e14ae9f5f0,OK
modules\common\instabot_env\lib\python3.12\site-packages\pytz\zoneinfo\US\Alaska,C:\SNS_24AutoProject_250723\modules\common\instabot_env\lib\python3.12\site-packages\pytz\zoneinfo\US\Alaska,a190353523d2d8159dca66299c21c53bc0656154be965e4a2e0d84cfd09b113b,OK
modules\common\instabot_env\lib\python3.12\site-packages\pytz\zoneinfo\US\Aleutian,C:\SNS_24AutoProject_250723\modules\common\instabot_env\lib\python3.12\site-packages\pytz\zoneinfo\US\Aleutian,201d4387025000a6e13c9f631cb7fccd6e4369dec7224052f9d86feb81353a53,OK
modules\common\instabot_env\lib\python3.12\site-packages\pytz\zoneinfo\US\Arizona,C:\SNS_24AutoProject_250723\modules\common\instabot_env\lib\python3.12\site-packages\pytz\zoneinfo\US\Arizona,8a5973d2c62e2cbf2520f2b44e4a2ee9d2f455c93f0f45bfdeb4533af1584664,OK
modules\common\instabot_env\lib\python3.12\site-packages\pytz\zoneinfo\US\Central,C:\SNS_24AutoProject_250723\modules\common\instabot_env\lib\python3.12\site-packages\pytz\zoneinfo\US\Central,feba326ebe88eac20017a718748c46c68469a1e7f5e7716dcb8f1d43a6e6f686,OK
modules\common\instabot_env\lib\python3.12\site-packages\pytz\zoneinfo\US\East-Indiana,C:\SNS_24AutoProject_250723\modules\common\instabot_env\lib\python3.12\site-packages\pytz\zoneinfo\US\East-Indiana,90d2b2f4a8fd202b226187c209b020833300edec5ff86a463ccc685e8707532c,OK
modules\common\instabot_env\lib\python3.12\site-packages\pytz\zoneinfo\US\Eastern,C:\SNS_24AutoProject_250723\modules\common\instabot_env\lib\python3.12\site-packages\pytz\zoneinfo\US\Eastern,e9ed07d7bee0c76a9d442d091ef1f01668fee7c4f26014c0a868b19fe6c18a95,OK
modules\common\instabot_env\lib\python3.12\site-packages\pytz\zoneinfo\US\Hawaii,C:\SNS_24AutoProject_250723\modules\common\instabot_env\lib\python3.12\site-packages\pytz\zoneinfo\US\Hawaii,7f03d1bf5264e7ab023a2ef9b997ddfc8cb6936692407c770762b9c549523f33,OK
modules\common\instabot_env\lib\python3.12\site-packages\pytz\zoneinfo\US\Indiana-Starke,C:\SNS_24AutoProject_250723\modules\common\instabot_env\lib\python3.12\site-packages\pytz\zoneinfo\US\Indiana-Starke,0acbd9e412b0daa55abf7c7f17c094f6d68974393b8d7e3509fb2a9acea35d5f,OK
modules\common\instabot_env\lib\python3.12\site-packages\pytz\zoneinfo\US\Michigan,C:\SNS_24AutoProject_250723\modules\common\instabot_env\lib\python3.12\site-packages\pytz\zoneinfo\US\Michigan,85e733f32a98d828f907ad46de02d9740559bd180af65d0ff7473f80dfae0f98,OK
modules\common\instabot_env\lib\python3.12\site-packages\pytz\zoneinfo\US\Mountain,C:\SNS_24AutoProject_250723\modules\common\instabot_env\lib\python3.12\site-packages\pytz\zoneinfo\US\Mountain,32e819c00a43b3c348f539d700d425504f20b8d068c16418d26fa9b693e775c9,OK
modules\common\instabot_env\lib\python3.12\site-packages\pytz\zoneinfo\US\Pacific,C:\SNS_24AutoProject_250723\modules\common\instabot_env\lib\python3.12\site-packages\pytz\zoneinfo\US\Pacific,68977bb9ad6d186fefc6c7abd36010a66e30008dcb2d376087a41c49861e7268,OK
modules\common\instabot_env\lib\python3.12\site-packages\pytz\zoneinfo\US\Samoa,C:\SNS_24AutoProject_250723\modules\common\instabot_env\lib\python3.12\site-packages\pytz\zoneinfo\US\Samoa,7c262b62985863aad47f13b0ef5db2e5cc917b5d38002de9a2ea83ddb0883458,OK
modules\common\instabot_env\lib\python3.12\site-packages\responses-0.25.7.dist-info\METADATA,C:\SNS_24AutoProject_250723\modules\common\instabot_env\lib\python3.12\site-packages\responses-0.25.7.dist-info\METADATA,8dbb9b798fa65a8022fe0fed6985de1304979191968d1efccf9bc137366088cf,OK
modules\common\instabot_env\lib\python3.12\site-packages\schedule-1.2.2.dist-info\AUTHORS.rst,C:\SNS_24AutoProject_250723\modules\common\instabot_env\lib\python3.12\site-packages\schedule-1.2.2.dist-info\AUTHORS.rst,fc397bcb78f61662de18871924431d8a4c50af771efad99f3d38e3b86df88699,OK
modules\common\instabot_env\lib\python3.12\site-packages\tqdm\completion.sh,C:\SNS_24AutoProject_250723\modules\common\instabot_env\lib\python3.12\site-packages\tqdm\completion.sh,8fbf4a6d29a9223fc4d758df4df057ac69d44f3297569435bc6550becc83465e,OK
modules\common\instabot_env\lib\python3.12\site-packages\tqdm\tqdm.1,C:\SNS_24AutoProject_250723\modules\common\instabot_env\lib\python3.12\site-packages\tqdm\tqdm.1,6882f250f9364b838f7bfb96cb63f800c8d47f4a10e8f516d272d85c1f815b02,OK
modules\common\instabot_env\lib\python3.12\site-packages\tqdm-4.67.1.dist-info\LICENCE,C:\SNS_24AutoProject_250723\modules\common\instabot_env\lib\python3.12\site-packages\tqdm-4.67.1.dist-info\LICENCE,dc33252e829015e3b150086fb9b3a40f6ad6fb32c2f4610ce812fa677d35986a,OK
modules\common\instabot_env\lib\python3.12\site-packages\yaml\_yaml.cpython-312-x86_64-linux-gnu.so,C:\SNS_24AutoProject_250723\modules\common\instabot_env\lib\python3.12\site-packages\yaml\_yaml.cpython-312-x86_64-linux-gnu.so,3c9160c677347f90f275ee962a6066e9f6566a96b099697b68146bb978d103cd,OK
modules\common\__pycache__\logger.cpython-310.pyc,C:\SNS_24AutoProject_250723\modules\common\__pycache__\logger.cpython-310.pyc,7166f4d105ea77814e93ffe66d7a42b14e9d0d90d924b5936d1ef82a52e0521b,OK
modules\dm\bot.py,C:\SNS_24AutoProject_250723\modules\dm\bot.py,e624d838b640fac5c8087db8d0dd2cb59e7f039d72e2f0ff4cbe0a30cbadd9c9,OK
modules\dm\bot_archive.py,C:\SNS_24AutoProject_250723\modules\dm\bot_archive.py,1331713550022e1fcbf38a0284bc02e2f0a0e2958f302866d801c9f063ba25e4,OK
modules\dm\bot_block.py,C:\SNS_24AutoProject_250723\modules\dm\bot_block.py,7ea956b7e22e522532d55c40a534c9b956a4de710ae4d478027b05612b71aeaa,OK
modules\dm\bot_cache.py,C:\SNS_24AutoProject_250723\modules\dm\bot_cache.py,8b239dcd3111000d6c85a6b6ef1b9c6c0e49dd72838ba6ef0da1927280848137,OK
modules\dm\bot_checkpoint.py,C:\SNS_24AutoProject_250723\modules\dm\bot_checkpoint.py,e19dcc28479b91aba530be2508d3f56657b1d06ca70ad031021fdb138f3bee72,OK
modules\dm\bot_comment.py,C:\SNS_24AutoProject_250723\modules\dm\bot_comment.py,1189ca1ef518cb7d099e2be22ebc1b3f0bb1bc4c68f7b22abe98b83047703f50,OK
modules\dm\bot_delete.py,C:\SNS_24AutoProject_250723\modules\dm\bot_delete.py,942a16034fad51f160595317e62ea201f9ed5652a75bbad5afea999325361856,OK
modules\dm\bot_direct.py,C:\SNS_24AutoProject_250723\modules\dm\bot_direct.py,dd5ec77fcc6e43fe76f9c3de995bc7097bb726dcb00c12e8912f46717199fb82,OK
modules\dm\bot_filter.py,C:\SNS_24AutoProject_250723\modules\dm\bot_filter.py,aedc36d1de6bae323acf7e86cff94ac42e4ad840abe09230a2686b08acbbe4c7,OK
modules\dm\bot_follow.py,C:\SNS_24AutoProject_250723\modules\dm\bot_follow.py,1e8d61a5064461a3d5b1c24a0b1ea2b5c7d5a0c7299601e05f76a0de19063886,OK
modules\dm\bot_get.py,C:\SNS_24AutoProject_250723\modules\dm\bot_get.py,bc4ef4665104db6e716db93919e2c2ddef4d3c1604d31a7b0ebf4055cfd16c27,OK
modules\dm\bot_like.py,C:\SNS_24AutoProject_250723\modules\dm\bot_like.py,5ec5cf1a74872029e7214ca749e31acbade50550cb4f93dfbaae7de8665848b1,OK
modules\dm\bot_like_6dbb9223.py,C:\SNS_24AutoProject_250723\modules\dm\bot_like_6dbb9223.py,5ec5cf1a74872029e7214ca749e31acbade50550cb4f93dfbaae7de8665848b1,OK
modules\dm\bot_photo.py,C:\SNS_24AutoProject_250723\modules\dm\bot_photo.py,bdbf4fa33ed5b0cef25d32ca414f1881c2b1540591f9b9a2ebf639402de59745,OK
modules\dm\bot_state.py,C:\SNS_24AutoProject_250723\modules\dm\bot_state.py,8fe146cc74e0b67695c3113fe3857d2cf06139705678ff1f86d1a4ccb4f931fd,OK
modules\dm\bot_stats.py,C:\SNS_24AutoProject_250723\modules\dm\bot_stats.py,2b93d684fe78efe392ad6dcf2282f4163133052c8204d0d78a0077b1d0e2086a,OK
modules\dm\bot_story.py,C:\SNS_24AutoProject_250723\modules\dm\bot_story.py,0c1777adedd3bdd4cee58672dc40ffb126d2b1d3ee8aa79aedcb3507c56bc98a,OK
modules\dm\bot_support.py,C:\SNS_24AutoProject_250723\modules\dm\bot_support.py,27656344042559c9459b552680a0dd7062b04534874161e8f3f83df413342240,OK
modules\dm\bot_unfollow.py,C:\SNS_24AutoProject_250723\modules\dm\bot_unfollow.py,65c139f50e1997b7aa9bee376ec9bd3c1091db2bc5c2c255e1302d736b626ea4,OK
modules\dm\bot_unlike.py,C:\SNS_24AutoProject_250723\modules\dm\bot_unlike.py,d802398b053c5ae8667a1b3cfd823f2ca30775e7e1597562e150987d94469fee,OK
modules\dm\bot_video.py,C:\SNS_24AutoProject_250723\modules\dm\bot_video.py,94824792c210cfefa1cbca082d2c3e6ff7ba70b94c7ba22d9cf68486b08fe321,OK
modules\dm\interact_DM.py,C:\SNS_24AutoProject_250723\modules\dm\interact_DM.py,94fb8d07443ba4f2e6b45957da86b32f58911b1e9cf7480cdfb2b2f40ef911fb,OK
modules\dm\__init__.py,C:\SNS_24AutoProject_250723\modules\dm\__init__.py,e3b0c44298fc1c149afbf4c8996fb92427ae41e4649b934ca495991b7852b855,OK
modules\dm\state\bot_cache.py,C:\SNS_24AutoProject_250723\modules\dm\state\bot_cache.py,b80e2bf556479f4b208fe6f3109599b1e52dd3c55e2c9eccea7ca41925fbab9f,OK
modules\dm\state\bot_state.py,C:\SNS_24AutoProject_250723\modules\dm\state\bot_state.py,6f0c3ea17001feea77a6d85aeffc8bf733c955dc25fd163164162e5b4830a3bc,OK
modules\dm\state\__init__.py,C:\SNS_24AutoProject_250723\modules\dm\state\__init__.py,e3b0c44298fc1c149afbf4c8996fb92427ae41e4649b934ca495991b7852b855,OK
modules\logs\session.db,C:\SNS_24AutoProject_250723\modules\logs\session.db,01cae0cc4ee9cf4c83aed8d5f56b2c75dcc370529cd161dc2b76c9ea0383ba54,OK
modules\metrics\collector.py,C:\SNS_24AutoProject_250723\modules\metrics\collector.py,832f7585872ace248a06605cd29aff05f3c739467f6aac3a334212a14236edeb,OK
modules\queue\_entry_queue.py,C:\SNS_24AutoProject_250723\modules\queue\_entry_queue.py,c258f475ad7edca0c49ed297b9b306635a02765aeea77a47604150f16a5ac914,OK
modules\queue\_unbounded_queue.py,C:\SNS_24AutoProject_250723\modules\queue\_unbounded_queue.py,28ab3fa4344c941154d4d0829fa4088ffcac080c159001cfdc1fd3331d1ad808,OK
modules\sns\bot_archive.py,C:\SNS_24AutoProject_250723\modules\sns\bot_archive.py,16ee8067fd56253af773473bbd70699b3a7af2fca13be02bab89508c9b834f11,OK
modules\sns\bot_block.py,C:\SNS_24AutoProject_250723\modules\sns\bot_block.py,dad07ee5d15b3dcab14e01303eadb6f51c3fbc2b9eeff5f0bbfdc41dac484db9,OK
modules\sns\bot_cache.py,C:\SNS_24AutoProject_250723\modules\sns\bot_cache.py,955d1734fed24c2edb76f2ff68d4b96ae726fd2e8edc23b236a2874821248c41,OK
modules\sns\bot_checkpoint.py,C:\SNS_24AutoProject_250723\modules\sns\bot_checkpoint.py,528b835588238d15ddf7ea2a040d2909109c0bf04ff13033ead6e50bdd7d78ff,OK
modules\sns\bot_comment.py,C:\SNS_24AutoProject_250723\modules\sns\bot_comment.py,3124dd2985202da49aa0ce348cab0eddb52a7109377774a2dba9177d29a16258,OK
modules\sns\bot_delete.py,C:\SNS_24AutoProject_250723\modules\sns\bot_delete.py,2b34a897043ba352cde6bc65e6fcd88b6b4944ae778b87f747926c46fad59237,OK
modules\sns\bot_direct.py,C:\SNS_24AutoProject_250723\modules\sns\bot_direct.py,5c508cb16b3ba67ae59532adf5b398fd1397bdb36a06a30bfd6f3085bc132fda,OK
modules\sns\bot_filter.py,C:\SNS_24AutoProject_250723\modules\sns\bot_filter.py,2b5a006f01fde3c93db5f0c6baefc104da2797e93351661f04fbe8fbb6a282e7,OK
modules\sns\bot_follow.py,C:\SNS_24AutoProject_250723\modules\sns\bot_follow.py,be8b0eba30770632eede89d89451bad2bed3e6b7a7addbd793220bb089c781a1,OK
modules\sns\bot_get.py,C:\SNS_24AutoProject_250723\modules\sns\bot_get.py,cb743f8dc70ae127a96ef150f0e9043b6be64c74d88e0d2deed7ba78936e068f,OK
modules\sns\bot_like.py,C:\SNS_24AutoProject_250723\modules\sns\bot_like.py,99ba5307667ab29adacb7229ccad51b47390cd6a0935183c6ef404733148494b,OK
modules\sns\bot_photo.py,C:\SNS_24AutoProject_250723\modules\sns\bot_photo.py,a57f51c181affcbd364cb66738872bc9ab5377fbc4fabd2fcf7d457488eaa844,OK
modules\sns\bot_state.py,C:\SNS_24AutoProject_250723\modules\sns\bot_state.py,04d121ba553ced17a5419db1e18dc096af97a5185e37b2a15c22797c93eaade8,OK
modules\sns\bot_stats.py,C:\SNS_24AutoProject_250723\modules\sns\bot_stats.py,01e7e0bcffcd87474dbec83c850b619b75d9d7d3b816a7f7fd14d1900cb05965,OK
modules\sns\bot_story.py,C:\SNS_24AutoProject_250723\modules\sns\bot_story.py,e48f9b65aa5440fa192ae7d035d4583631a90769abb7ec38654529f808238bf5,OK
modules\sns\bot_support.py,C:\SNS_24AutoProject_250723\modules\sns\bot_support.py,acceea418bce817975d3a46eaed053a6574a0f0ca78c800c47da99fda3f6919c,OK
modules\sns\bot_unfollow.py,C:\SNS_24AutoProject_250723\modules\sns\bot_unfollow.py,b69133b301a17220f4e084d22407bd29917f41592e5b30ba1cb32c4c17dc0610,OK
modules\sns\bot_unlike.py,C:\SNS_24AutoProject_250723\modules\sns\bot_unlike.py,973a947f8f9362dcf6a52d7c25cc88e19869245aab7e16584f98f60d766204ae,OK
modules\sns\bot_video.py,C:\SNS_24AutoProject_250723\modules\sns\bot_video.py,290dbe34e4176cd2ea450d59e343b3a6348638acf879a881591d7c76b9217aec,OK
modules\sns\facebook_crawler.py,C:\SNS_24AutoProject_250723\modules\sns\facebook_crawler.py,e3b0c44298fc1c149afbf4c8996fb92427ae41e4649b934ca495991b7852b855,OK
modules\sns\uploader_instagram.py,C:\SNS_24AutoProject_250723\modules\sns\uploader_instagram.py,7606e286d7b4c50d7169a9a4e5e6fb364ef7c2dd45a52a87db9f9d3dcb8d295f,OK
modules\__pycache__\account_runner.cpython-310.pyc,C:\SNS_24AutoProject_250723\modules\__pycache__\account_runner.cpython-310.pyc,6f9940372914cd18deb16ba2052accd151aabaafd5e558dbe5d5379d4b34d77a,OK
recovery\recovery_file_restorer.py,C:\SNS_24AutoProject_250723\recovery\recovery_file_restorer.py,22abc409e851a33defdc8a74347bd6437fd012cd7ab6e188765bdadd65b6b77c,OK
reports\gen_exports.py,C:\SNS_24AutoProject_250723\reports\gen_exports.py,2e0217b9952936d265433e4ef69922a8a0ebc7a1c205ae340dfc4174ed390686,OK
reports\gen_exports_1761c9be.py,C:\SNS_24AutoProject_250723\reports\gen_exports_1761c9be.py,f2cd47a3494fec398e37603d54157f3bd7c52cf72655f705ef27048a36f7dbdc,OK
reports\gen_exports_6.py,C:\SNS_24AutoProject_250723\reports\gen_exports_6.py,34ab063f269d8109351142f96f58a0661700b9e21b6f427c757c2c260b5f83ac,OK
reports\summary_report_writer.py,C:\SNS_24AutoProject_250723\reports\summary_report_writer.py,0b3e291d239833b6ba8c7af92390a58aca82cd465ea5c55e092ba33809740b76,OK
scripts\auto_backup_logtrace_6.py,C:\SNS_24AutoProject_250723\scripts\auto_backup_logtrace_6.py,4fa1321bcfe2bd9f0ea3397001b5c50f3241f5daae094c569dabab41ba9eef3d,OK
scripts\auto_send_gitlog_webhook_2.py,C:\SNS_24AutoProject_250723\scripts\auto_send_gitlog_webhook_2.py,f074c2b187518624bfbea773839d257b9dd73e2f255d670a47f0d366a6afdcbe,OK
scripts\build_scripts.py,C:\SNS_24AutoProject_250723\scripts\build_scripts.py,3436135f08426100a880895af910027ebcaac9a64c3fb15d40ffe705b9f24573,OK
scripts\create_release_package_2.py,C:\SNS_24AutoProject_250723\scripts\create_release_package_2.py,26a89546ec38be850fffc07bb8793d5b58c17a5c766b3de67352910f35208ac3,OK
scripts\enerate_log_statistics_6.py,C:\SNS_24AutoProject_250723\scripts\enerate_log_statistics_6.py,a3381b0cd943326fa671cfc3b15316460b0b7798f8918af1d084c45c0917f7b8,OK
scripts\generate_log_statistics_6.py,C:\SNS_24AutoProject_250723\scripts\generate_log_statistics_6.py,21cbb5facc1a66f3e266e543396ee1fe9726fe883123f1cdd6b4a8619847edb3,OK
scripts\generate_log_summary_5.py,C:\SNS_24AutoProject_250723\scripts\generate_log_summary_5.py,73de70693718ca14ebfdbc8cdb6f6349b093cd224e99bdda1686f662abd3446b,OK
scripts\generate_log_summary_6.py,C:\SNS_24AutoProject_250723\scripts\generate_log_summary_6.py,232c2d4d8fb4ffc1d1b988b4d9a41e776f047913392bf4d204002103bd6de0b2,OK
scripts\generate_manuals_2.py,C:\SNS_24AutoProject_250723\scripts\generate_manuals_2.py,b5814447caee721f315a2e1fbb8b8154f725e86a9b61307917e9b99537069551,OK
scripts\generate_operational_plan_2.py,C:\SNS_24AutoProject_250723\scripts\generate_operational_plan_2.py,8b87f3a179f116c0fe73dccfeaa19e6e17b4d5a77fa207999606113f6c20cfbf,OK
scripts\generate_qa_review_2.py,C:\SNS_24AutoProject_250723\scripts\generate_qa_review_2.py,41e700bc53529beb8c8855e315d7b60cb4b0bf0c8c45bc0e4b9d7ed101a02a80,OK
scripts\generate_readme_4.py,C:\SNS_24AutoProject_250723\scripts\generate_readme_4.py,10e1f1add4b573f50fff773747294fda4ff3931c32d0d50f7b34387dd89d9081,OK
scripts\generate_readme_5.py,C:\SNS_24AutoProject_250723\scripts\generate_readme_5.py,b50ebb386cdb2fefbc70c03ed5a4588c965c3f4adc1b5e4d5f780aa5ae643edb,OK
scripts\generate_release_info_2.py,C:\SNS_24AutoProject_250723\scripts\generate_release_info_2.py,f801d5ff8ad1074aaf358d4c17aca81715b9e56f0a59d66da2b54c8877c5eb95,OK
scripts\inspect_db_schema_6.py,C:\SNS_24AutoProject_250723\scripts\inspect_db_schema_6.py,4f6151e4ed94d433f2c4fb6b05b8dc2e106edf2b4eee940998fee4304d7c77e1,OK
scripts\inspect_users_table_2.py,C:\SNS_24AutoProject_250723\scripts\inspect_users_table_2.py,1baf1506da76b68357d709779eb58cd7f5c414e2cb6733be310433f96616d99f,OK
scripts\install_scripts.py,C:\SNS_24AutoProject_250723\scripts\install_scripts.py,d1de28d81a4c7c0458105c096f39564d90d559090450274c62ab223ef8e22b70,OK
scripts\install_scripts_1.py,C:\SNS_24AutoProject_250723\scripts\install_scripts_1.py,0d0ccaf49a8010023a6e936d601ea5149dfa41ad08c9bda583c0b51a81dc1bc0,OK
scripts\log_final_run_check_2.py,C:\SNS_24AutoProject_250723\scripts\log_final_run_check_2.py,7a3b20d96ca7407fe7c816bbec2276239cd9aacfeabcdf5062ca6ab514ad7fd4,OK
scripts\scripts.py,C:\SNS_24AutoProject_250723\scripts\scripts.py,326b36879dbe50dcb955a10f691d90a067b80b203959a80b02f8abac47e2fbc3,OK
scripts\send_email_report_1.py,C:\SNS_24AutoProject_250723\scripts\send_email_report_1.py,5dc5dfb9f389f86ac965e5085af11bc466cc452f493b99450373e25dd7c5eca1,OK
scripts\send_log_webhook_2.py,C:\SNS_24AutoProject_250723\scripts\send_log_webhook_2.py,a68c64a6acb420c2537de29999bbc3f6a424030d3c5184a6ff659b8aa1fe0db9,OK
scripts\send_summary_email_1.py,C:\SNS_24AutoProject_250723\scripts\send_summary_email_1.py,9d306f8957f58770ce0ed5d842e1d97ac975919d40baea7335f9ab78f5e4ba7c,OK
scripts\upgrade_users_add_role_2.py,C:\SNS_24AutoProject_250723\scripts\upgrade_users_add_role_2.py,fc111355066cddfb143fec670f31990c2b5bb67c644ec251813a2784f57f8be4,OK
scripts\verify_session_integrity_6.py,C:\SNS_24AutoProject_250723\scripts\verify_session_integrity_6.py,d170c728f6f342d5c00f1033aeb121b4a098419d4bd452ae5346ef17d4af07cb,OK
scripts\zip_log_exports_6.py,C:\SNS_24AutoProject_250723\scripts\zip_log_exports_6.py,5d3955bd83a3f61a1aecb390ff750b6de854fa503a987ac2709afa9ad5c3b185,OK
scripts\_export_format_8fa3e61b_6.py,C:\SNS_24AutoProject_250723\scripts\_export_format_8fa3e61b_6.py,ba0a5c568ef802d619738836e1123094dd46ce8b9e16aa613247febfb2ca6221,OK
services\__init___132.py,C:\SNS_24AutoProject_250723\services\__init___132.py,ec3f7119bb4dd714accad5a7c290827f37325a136a98887b5f73ba0b2deb22fb,OK
services\__init___133.py,C:\SNS_24AutoProject_250723\services\__init___133.py,b0ab07b68066c0c7251b9d97ad8dd4294bc9673f40a15c4c941b25ebf2f37980,OK
services\__init___134.py,C:\SNS_24AutoProject_250723\services\__init___134.py,2af61eceb00326520eef5c8dcb7be444b3635e16e7177ac724ce285c0b9f72e4,OK
services\__init___135.py,C:\SNS_24AutoProject_250723\services\__init___135.py,3ab5b7d43bddd40c616531ee2817c3893d760904f192a6940d0cb26b7cac380d,OK
services\__init___136.py,C:\SNS_24AutoProject_250723\services\__init___136.py,ac909101b17d95414afd6473af32c0570b5af608341fdf70863ef4146c49f683,OK
services\__init___137.py,C:\SNS_24AutoProject_250723\services\__init___137.py,25f47d4739af4b8bbb2672fcd0cbc487d20eeeca673476a65d2260bdb22e3191,OK
services\__init___138.py,C:\SNS_24AutoProject_250723\services\__init___138.py,db6598351dfbec9203a864eb752133c4be8f0909916ef4ca7eca6a0496f4c340,OK
services\__init___139.py,C:\SNS_24AutoProject_250723\services\__init___139.py,f4a55c4a72b6e480e8a6eb9a9bcee7a567f715d2a9d0ea61e31a313d3dc73d1b,OK
services\__init___140.py,C:\SNS_24AutoProject_250723\services\__init___140.py,4399699e5e4204d17e865b3ae591e40b39c071791719235b55f1fba58ea20456,OK
services\__init___141.py,C:\SNS_24AutoProject_250723\services\__init___141.py,e070413826df0a77398d6964a1c4b5680db57c16e959ca39d14943ed41a08e91,OK
services\__init___142.py,C:\SNS_24AutoProject_250723\services\__init___142.py,ed56796e82f3ff7b6b82a964ecc94e2ee68cc0630083fe541c57f855a342249b,OK
services\__init___143.py,C:\SNS_24AutoProject_250723\services\__init___143.py,2972d09ef50d2f99a518374255717bf40b4dc4019eed90e68a46698aca73bec8,OK
services\__init___144.py,C:\SNS_24AutoProject_250723\services\__init___144.py,a855662f5d908b32bc7d5ec1646178616ace9967e18825c14d9f1cb27806522e,OK
services\__init___145.py,C:\SNS_24AutoProject_250723\services\__init___145.py,0902ab53b0bdffeae2c22d4df98079ed0929c6b81d04e7fd584948caa717a506,OK
services\__init___146.py,C:\SNS_24AutoProject_250723\services\__init___146.py,aff3a3e077217fc8641438c2366e5266d3afead6d0c71a3332becc91f8918b02,OK
services\__init___147.py,C:\SNS_24AutoProject_250723\services\__init___147.py,71e0bc1e3aee992b03a00862f9f7523831248a36588c6d1a6742eb260398fd7e,OK
services\__init___148.py,C:\SNS_24AutoProject_250723\services\__init___148.py,be30e2052e99187e5ecc7f4b869fe9a11461ca92326477eb280649835c7d6cea,OK
services\__init___149.py,C:\SNS_24AutoProject_250723\services\__init___149.py,8332b23c184903095dad8fdf4dcee1e86bb09ac6b2d85027bd76f5201d7c507c,OK
services\__init___150.py,C:\SNS_24AutoProject_250723\services\__init___150.py,88aa81d5f458e334ffc54103e94a18f8fd9849d7450088c1270e41270132a8d7,OK
services\__init___151.py,C:\SNS_24AutoProject_250723\services\__init___151.py,8f3ddd9936cf3432564c5e28aebfd3c9d1588e03ac0500fdb8851b58c3ed964b,OK
services\__init___152.py,C:\SNS_24AutoProject_250723\services\__init___152.py,80abd1c5d9a7f7d679c950c62f6f7ca353a8a1854ffc999d9ee4f81c36159f0a,OK
services\__init___153.py,C:\SNS_24AutoProject_250723\services\__init___153.py,8a6f57c72ce477cb41c879eabe621c264a756a693a3a00a7d9e01d8f5dd0c9da,OK
services\__init___154.py,C:\SNS_24AutoProject_250723\services\__init___154.py,8909229c828335767aaf344ede3fbeb2593d3e4f0880223f075931608c9ae736,OK
services\__init___155.py,C:\SNS_24AutoProject_250723\services\__init___155.py,833f4d8e7e5b7ae5186e92204cbbc2b9fb3738237c819af40d56070afe267cd9,OK
services\__init___156.py,C:\SNS_24AutoProject_250723\services\__init___156.py,f90d1d4aa0fd6ee3dfe95cda6e2ae0d5ec8b3e2d7242b28019eb67574421d68d,OK
services\__init___157.py,C:\SNS_24AutoProject_250723\services\__init___157.py,4f2062486b95123983a94fc9945845e9fbf7eed4e072312bf312d99386f6805c,OK
services\__init___158.py,C:\SNS_24AutoProject_250723\services\__init___158.py,32dad3c634a4ef4a95db2fef48af3f8d3a0366868bc775237cf1878d4c342feb,OK
services\__init___174.py,C:\SNS_24AutoProject_250723\services\__init___174.py,d5cecc077dae85e350f487400a43ded53008e2d2a23f1329e3165295463064e4,OK
services\__init___176.py,C:\SNS_24AutoProject_250723\services\__init___176.py,81300c16e937f51e0a18e87e0c4c042064397ce0539880fa4f7bdd6d5add0e2a,OK
services\__init___182.py,C:\SNS_24AutoProject_250723\services\__init___182.py,43bd97b40572b7669037a42b5613c086c11a48db9d9d68208116db124db375fd,OK
services\__init___196.py,C:\SNS_24AutoProject_250723\services\__init___196.py,394340ff77203065aa4e972d337f46f5b8480f06286c61336e4cba31b49a621b,OK
services\__init___204.py,C:\SNS_24AutoProject_250723\services\__init___204.py,c38c86793ce22600bae4a212cb769f63570ab3207abbfa27a4e9aa95a4df1759,OK
services\__init___213.py,C:\SNS_24AutoProject_250723\services\__init___213.py,e662d27a5e49e567f676947e705fc1617b4fecbe396eedad5c0bca50a11137a5,OK
services\__init___214.py,C:\SNS_24AutoProject_250723\services\__init___214.py,aad5877ae61ece9ec9616d5ab34ddc8ab7e11a98589339af24a7bc25f1ee8b5d,OK
services\__init___219.py,C:\SNS_24AutoProject_250723\services\__init___219.py,e0abd1d35e775b1c93607046c0ed8f277036eff1dc291dec93f75fb220146b92,OK
services\__init___220.py,C:\SNS_24AutoProject_250723\services\__init___220.py,bb08efc34d5a4360ad934db50246ea567120ba9154e0f95ab36ebfde35fbc96d,OK
services\__init___223.py,C:\SNS_24AutoProject_250723\services\__init___223.py,b568fc8d5c3aba7112a1bebb1f431d0c699af60997a50d9a649f96c9ddfb568b,OK
services\__init___224.py,C:\SNS_24AutoProject_250723\services\__init___224.py,1b102975f8c7ae5e92c50d7aa925465f1a880862e0804843c5a151feaf11faa4,OK
services\__init___225.py,C:\SNS_24AutoProject_250723\services\__init___225.py,765237d8d67775874cd5337ce5c4af8148e75d061a8b29033552ebfe2c47bb00,OK
services\__init___226.py,C:\SNS_24AutoProject_250723\services\__init___226.py,3290ad3660741da8f08902823f8a14aee6eb8715f1570bc0bac0062ff4ad9c5f,OK
services\__init___227.py,C:\SNS_24AutoProject_250723\services\__init___227.py,d622983b11e0a3f6afe28047bb9452e57ec4775285d201ba440defb2c14919e7,OK
services\__init___228.py,C:\SNS_24AutoProject_250723\services\__init___228.py,e0a1241a2d993c0b8ee6afd2ed3e3265f54884d5e067542527581019ab93c698,OK
services\__init___229.py,C:\SNS_24AutoProject_250723\services\__init___229.py,3e0c4a2de83bf19fb9b54f93da56f41c44d237e1b95fba5ca7a94d85cb8f7b53,OK
services\__init___230.py,C:\SNS_24AutoProject_250723\services\__init___230.py,9a3931d8e41bf92af1be4a4d10a93cacf213fa32b6b77b6784c8b0847a4c4b2b,OK
services\__init___231.py,C:\SNS_24AutoProject_250723\services\__init___231.py,ae4350a13ce2b1eae3bc63a17974af08b46cc3e716158b3ed5654e7d71f07a70,OK
services\__init___232.py,C:\SNS_24AutoProject_250723\services\__init___232.py,0c95a4c2926914918e56b698ef37fcb60a5a896d45e0841f38efaed9d8eafb8f,OK
services\__init___234.py,C:\SNS_24AutoProject_250723\services\__init___234.py,1030afe70be46ef8ec310047cff14223baf80ce531110309e88f347018fc23fd,OK
services\__init___236.py,C:\SNS_24AutoProject_250723\services\__init___236.py,e1db2c361a6e72cdd94493803384c2a59aae4536becdc1652003ee97a04cc092,OK
services\__init___237.py,C:\SNS_24AutoProject_250723\services\__init___237.py,aabe2d96ff30d44540197b1e0a85681561b0ae43c7f23e1c4ebdced30bc73acc,OK
services\__init___238.py,C:\SNS_24AutoProject_250723\services\__init___238.py,00b9e0ab9069b84e0119a2b260f50aeb593431990061a1e0025fb6285228467e,OK
services\__init___239.py,C:\SNS_24AutoProject_250723\services\__init___239.py,c21a8d9f4168ddc472320d4c53b31932c9b340970853c892cdaa953b206c9a83,OK
services\__init___240.py,C:\SNS_24AutoProject_250723\services\__init___240.py,2f80520e4abcaf4155ce2cfee95252cb332c5601edad0a6b4c77b33be061ba9c,OK
services\__init___241.py,C:\SNS_24AutoProject_250723\services\__init___241.py,118085b89919a0c62725e27e0b1193b1a51d37723b8e0644f0b1317390e6cfa0,OK
services\__init___242.py,C:\SNS_24AutoProject_250723\services\__init___242.py,5091546e92b1bbe5d7b57abe31e06f7c8bb59b50328e322d3b68500150f221af,OK
services\__init___243.py,C:\SNS_24AutoProject_250723\services\__init___243.py,1fbd5b450f76599fc9290baef44ffac9847b6ca89ba3727ad88cd1596a44c9a1,OK
services\__init___244.py,C:\SNS_24AutoProject_250723\services\__init___244.py,d4b71d8d6d4c925b46429d4aa8a3c5f5ff90ab14b2176215f668fd9cda52a52d,OK
services\__init___245.py,C:\SNS_24AutoProject_250723\services\__init___245.py,ad0c7a067b990328aefe94b7d3a7475fe7f6e6dec9b9275273fafe4c22697641,OK
services\__init___246.py,C:\SNS_24AutoProject_250723\services\__init___246.py,61415a9dee28dfd8963b76a75b8f8ce66cb74240ec1d1c6cf63961e8e6c769f1,OK
services\__init___247.py,C:\SNS_24AutoProject_250723\services\__init___247.py,248f968fc3791d4ce685fea7223ba06d5efd76801b0a5b39195fed324e316ecb,OK
services\__init___248.py,C:\SNS_24AutoProject_250723\services\__init___248.py,3c5a7742f735a335e2a3d00e21fdbe858ca46ca446b5f94591fc186c285f53c8,OK
services\__init___249.py,C:\SNS_24AutoProject_250723\services\__init___249.py,43bf303bc9ff269c0830d47636e528a3c87b54683d191a28d2846281977c5f20,OK
services\__init___250.py,C:\SNS_24AutoProject_250723\services\__init___250.py,57d6f8bdd238403a37df1dd1cab6d5edbd5114b64df251b79f6ee7272b9fd628,OK
services\__init___251.py,C:\SNS_24AutoProject_250723\services\__init___251.py,cacd78a457e89038700fef074158cd085ebfc1cfbfd4080fe94183d480c8d5db,OK
services\__init___252.py,C:\SNS_24AutoProject_250723\services\__init___252.py,c60c5e69c3e12e745f38a62e1551858c46ff41ef7099422a921296edf5317daa,OK
services\__init___253.py,C:\SNS_24AutoProject_250723\services\__init___253.py,fbe6bb446b39c4fe14a277bf5a8d1598aa1f0906a0efb0c7650eba70fed7a468,OK
services\__init___254.py,C:\SNS_24AutoProject_250723\services\__init___254.py,4d37844f8883ccdb609891eebc8cc234f0fa7711c8186c93f2b92a3dd3437688,OK
services\__init___255.py,C:\SNS_24AutoProject_250723\services\__init___255.py,a9e5c825435da6260b0e3dd9e32a46d9df9cd7d932236cf09871bc814da96456,OK
services\__init___297.py,C:\SNS_24AutoProject_250723\services\__init___297.py,01fe4f71a555f6774f3c1b22819143fe271d042691358f7e5eab326c6561ab32,OK
services\__init___298.py,C:\SNS_24AutoProject_250723\services\__init___298.py,bda50a8d3ccc7f1c7205107179e4e577c18cacb3e3ea68ab6534de83379bde42,OK
services\__init___299.py,C:\SNS_24AutoProject_250723\services\__init___299.py,d008cbb00f8ce5b99bc703916a5d67bfe625433c738dc69281ae51c67bbcf17e,OK
services\__init___300.py,C:\SNS_24AutoProject_250723\services\__init___300.py,efda6673be5d17285b7977b5a567397e27cc270b0a3462e7e29965868493bc15,OK
services\__init___301.py,C:\SNS_24AutoProject_250723\services\__init___301.py,4122fd99f672befca9d11e064af68f613d6e548ef8c6868b7d39e6f5b504ec07,OK
services\__init___302.py,C:\SNS_24AutoProject_250723\services\__init___302.py,e3b0c44298fc1c149afbf4c8996fb92427ae41e4649b934ca495991b7852b855,OK
services\__init___303.py,C:\SNS_24AutoProject_250723\services\__init___303.py,4c6d4b47c1c5c332b09150e1e2426ef3e2e5afa1920f4db0d356380e0e1a2f26,OK
services\__init___304.py,C:\SNS_24AutoProject_250723\services\__init___304.py,546db03cb23986001004be24fe279522e012e0eb72cfbec3e832d78d64b4bf14,OK
services\__init___305.py,C:\SNS_24AutoProject_250723\services\__init___305.py,34d7bd416ddd3df48ecb456d59e238069282362a71ff0fa0b8d4fd4d9cf83dab,OK
services\__init___306.py,C:\SNS_24AutoProject_250723\services\__init___306.py,d008cbb00f8ce5b99bc703916a5d67bfe625433c738dc69281ae51c67bbcf17e,OK
services\__init___307.py,C:\SNS_24AutoProject_250723\services\__init___307.py,1903371a2ac86ba3b0fa0477a25dba91379fcfd37ee855e52c5577cf2d19a5ba,OK
services\__init___308.py,C:\SNS_24AutoProject_250723\services\__init___308.py,d208f8772e553796e1569f13a2fac268d02d0de9af9cf3d251d36e946e5d73cd,OK
services\__init___309.py,C:\SNS_24AutoProject_250723\services\__init___309.py,9c617f9e421e6f5cf97c46a4647e546ff6b6edaabd72b102b0aa0f27332a1a9e,OK
services\__init___310.py,C:\SNS_24AutoProject_250723\services\__init___310.py,74347dc26dfa8fe2cf7fab84ec4dcce6300519d6c019ae9ffde7b393f3579809,OK
services\__init___311.py,C:\SNS_24AutoProject_250723\services\__init___311.py,59d2a22a30fe223899a449afbae1546d74dc1d1928eb60b1b624a4ba4ab5d7fe,OK
services\__init___312.py,C:\SNS_24AutoProject_250723\services\__init___312.py,5975f7e77859a54a60966ece04880be7c70dcec1ee4344c6d0092d2ca4852df0,OK
services\__init___313.py,C:\SNS_24AutoProject_250723\services\__init___313.py,bbbd4e13f8112234386c10ca80fbb449fd8d121f6f3c033a1d31497b27357042,OK
services\__init___314.py,C:\SNS_24AutoProject_250723\services\__init___314.py,e3b0c44298fc1c149afbf4c8996fb92427ae41e4649b934ca495991b7852b855,OK
services\__init___315.py,C:\SNS_24AutoProject_250723\services\__init___315.py,e3b0c44298fc1c149afbf4c8996fb92427ae41e4649b934ca495991b7852b855,OK
services\__init___316.py,C:\SNS_24AutoProject_250723\services\__init___316.py,8b37944ad4b9d2a13dd5aa5ff9efc7121ce438b83953f721cfe79ff568017844,OK
services\__init___317.py,C:\SNS_24AutoProject_250723\services\__init___317.py,e3474c001f5099081cd21d7613f1eda1b7be0aee716494d0f30e6c76317c1a30,OK
services\__init___320.py,C:\SNS_24AutoProject_250723\services\__init___320.py,b0c4c3db6823380988edb529b1dda55132e6ecb6afd37efdb01f1cece200bbd4,OK
services\__init___321.py,C:\SNS_24AutoProject_250723\services\__init___321.py,ab9d0d79ad68a348ab57dcccae9c585def74fc80365a02c9cd6651ee070e67a9,OK
services\__init___322.py,C:\SNS_24AutoProject_250723\services\__init___322.py,59c152ba7188a7d3d2521e4c2ea5e232b061e3f85dafd0d13b165069af20beca,OK
services\__init___323.py,C:\SNS_24AutoProject_250723\services\__init___323.py,629164d508a3a88e59184b350a3d3437ac07a584b661823e9af345dcfb804ad4,OK
services\__init___324.py,C:\SNS_24AutoProject_250723\services\__init___324.py,31ce41c746185353904dc2b098cb6e118f64bcf5ecaafdae1356dc54ebc9b824,OK
services\__init___326.py,C:\SNS_24AutoProject_250723\services\__init___326.py,8a6509e3768a55666c53701d7099da63c6e4ea5e7d4c41215e51b9419996ba18,OK
services\__init___332.py,C:\SNS_24AutoProject_250723\services\__init___332.py,8415e9ab8c105fc005554437cc2a37d039c6fdc6a39dd5f2af1f845be001616e,OK
services\__init___333.py,C:\SNS_24AutoProject_250723\services\__init___333.py,26ee1947d35785a39a7af0ff4e561a18046940c042524f2492888a0eee21eb02,OK
services\__init___338.py,C:\SNS_24AutoProject_250723\services\__init___338.py,d9804a2530b3dfb4bfdb6a8a734bf10d30c3ec7109b6dec0e8dce21519e71e3c,OK
services\__init___34.py,C:\SNS_24AutoProject_250723\services\__init___34.py,401eb478d16e7663a781692219da6654f52fb549339cdab8578dfe562a747ce8,OK
services\__init___340.py,C:\SNS_24AutoProject_250723\services\__init___340.py,f725d56d9f09b9d47c770ab05d6c93135407deb221db36bb8b750d7bcd8a53b9,OK
services\__init___341.py,C:\SNS_24AutoProject_250723\services\__init___341.py,7c0613e7d82dcb5273f7299f8a3f72a77e2ffe431151f0ebfd8db8c1d6747e77,OK
services\__init___343.py,C:\SNS_24AutoProject_250723\services\__init___343.py,b882bfe17acdec0fac699f469c91765cce34ae20651e3cb2f170e1b00ef8f622,OK
services\__init___345.py,C:\SNS_24AutoProject_250723\services\__init___345.py,210ee575e5849c13102e94b3e08505834012b52b4a97809f193f5f5e65ccc3da,OK
services\__init___346.py,C:\SNS_24AutoProject_250723\services\__init___346.py,9619663a3c6990776c1f59e02a289ca0e5062f62e1051fb2f72e0cb8b9adcf06,OK
services\__init___347.py,C:\SNS_24AutoProject_250723\services\__init___347.py,60e20c021a8e83fd8879793fdf5c8b72d72701803bbecbc6e628ad768ae31883,OK
services\__init___349.py,C:\SNS_24AutoProject_250723\services\__init___349.py,e96ede44d437f973a5579bbf719ae08d4ea845701075a10e7c60a4eed77d23d2,OK
services\__init___35.py,C:\SNS_24AutoProject_250723\services\__init___35.py,d91eee7a6ab124b02a6a1fa99850c813f23c7bcca5de9b229fcc9466753aa458,OK
services\__init___350.py,C:\SNS_24AutoProject_250723\services\__init___350.py,c89f27ae9772c8f3285ede2e421e55094479cfbf2087e97bd4060735d4501fce,OK
services\__init___352.py,C:\SNS_24AutoProject_250723\services\__init___352.py,9fde1c23dd294230df06717cdc3bdafa6edd09344ad70b1b4d8a7feb1d6e93a0,OK
services\__init___353.py,C:\SNS_24AutoProject_250723\services\__init___353.py,7aa4636d0e4a98f31bf362f359bd1bf60637240cf784d96f79f859a1baf5820a,OK
services\__init___354.py,C:\SNS_24AutoProject_250723\services\__init___354.py,8843f3240ea156ee5adb86763ec47b5c4bbba8a0c0a3c8737b2a89e9ff0d7c70,OK
services\__init___355.py,C:\SNS_24AutoProject_250723\services\__init___355.py,766952d978c31827c1f43add3f2138820b062290fcdeffa4848bba18e08d6891,OK
services\__init___356.py,C:\SNS_24AutoProject_250723\services\__init___356.py,8db34ec8c885fb4944011838b7ea4f404aaf9c58b332666aa8299208a39a8c95,OK
services\__init___357.py,C:\SNS_24AutoProject_250723\services\__init___357.py,1a773e7d2343aec9d7d0ad146666f021ed5e141f112b062fa399b31396da49df,OK
services\__init___358.py,C:\SNS_24AutoProject_250723\services\__init___358.py,581be1f90cb75f580d43060af385f0a08757820f03e5b9fb34cc5073b9d12f20,OK
services\__init___359.py,C:\SNS_24AutoProject_250723\services\__init___359.py,a567dda33f2fe8a975ee95eeed465c408f2789aea8c96b020f2e98f30d1c28fa,OK
services\__init___36.py,C:\SNS_24AutoProject_250723\services\__init___36.py,8b632a8a50dc5e53e32232c881e907740339c2af658cbe15b17ecbba6a4c77bf,OK
services\__init___360.py,C:\SNS_24AutoProject_250723\services\__init___360.py,cb7add83adc4c828e1af5ea79d5f3906f7238ca664a724ea8236e16e5971c452,OK
services\__init___361.py,C:\SNS_24AutoProject_250723\services\__init___361.py,7d6e3e3fbbdc0cb373608c60ba609caec7032bf06607ed8b750caf01c1fd5ee9,OK
services\__init___363.py,C:\SNS_24AutoProject_250723\services\__init___363.py,e2542ca57b479533d7dd05d4f738f0df889b79cee93ea5c93d0d42b196171396,OK
services\__init___366.py,C:\SNS_24AutoProject_250723\services\__init___366.py,e502fc6a73b9bd3c7930a5534208ba220577613a84844d14c53072722d297a78,OK
services\__init___367.py,C:\SNS_24AutoProject_250723\services\__init___367.py,6657c5f42ba784466c3c932d4dc73db29f6d5edabcc884c1dcbf4e14b54145ba,OK
services\__init___368.py,C:\SNS_24AutoProject_250723\services\__init___368.py,5b441c954b06642f57f70bdb0948c9ec321525d195d80d8dc16031cf67baff95,OK
services\__init___371.py,C:\SNS_24AutoProject_250723\services\__init___371.py,d942f5797a4dd65c395bd0a7e187d616242306329ebcfe65f932d9260bc73557,OK
services\__init___372.py,C:\SNS_24AutoProject_250723\services\__init___372.py,54bd64203d932fd3eecfbf0750ebd913571648d14464edf50b16410473730221,OK
services\__init___373.py,C:\SNS_24AutoProject_250723\services\__init___373.py,f949152bfcdf26c5636f90174cf1d3f6c79f5b5c55721c7bc114d1fce16bddd5,OK
services\__init___374.py,C:\SNS_24AutoProject_250723\services\__init___374.py,99b96bccc537c932964d9ff0bee274f6369f8bb3bd0a243d89587b3b50c4bf1a,OK
services\__init___380.py,C:\SNS_24AutoProject_250723\services\__init___380.py,8e348922f865e721151bc7abea430c2b77393b9725c5df066618571b1a8c3490,OK
services\__init___381.py,C:\SNS_24AutoProject_250723\services\__init___381.py,1d4f1d134d5bb86b22af3ddaa46feef74baa71c7ce0ea0c29de3609366678f71,OK
services\__init___382.py,C:\SNS_24AutoProject_250723\services\__init___382.py,6805e5d32721c3883dc09bd34de836c667ce90aeb96b34bd387898aa28e189bf,OK
services\__init___383.py,C:\SNS_24AutoProject_250723\services\__init___383.py,357567ca15359e7960199666efd20c4db4e5dd67dcaae974c164cc88c592dffb,OK
services\__init___384.py,C:\SNS_24AutoProject_250723\services\__init___384.py,611bed9cf39b38d66343859be00e4899695aed2f4d95ed8d013196bb0643768d,OK
services\__init___385.py,C:\SNS_24AutoProject_250723\services\__init___385.py,be62c45d892fa7648651474d6fdb875eb37aa33c34ce7df33d349b8a7b36fd6b,OK
services\__init___386.py,C:\SNS_24AutoProject_250723\services\__init___386.py,6706b3ffacd1190fa67180d3a6eca5f645586306a0313c5906ca21cded14aa0d,OK
services\__init___387.py,C:\SNS_24AutoProject_250723\services\__init___387.py,48bd6411e75baea72823c5b447124169bd7c25bedd34ec881a0154953331e81a,OK
services\__init___389.py,C:\SNS_24AutoProject_250723\services\__init___389.py,2c54ffac31a341ed021471a3d556cec202190598662aaedd1096eca9d9e22b1e,OK
services\__init___390.py,C:\SNS_24AutoProject_250723\services\__init___390.py,83156d3e0f6e3bc7276f6f47f41e69be1b26c128692a993d5cd888c515b6db0b,OK
services\__init___391.py,C:\SNS_24AutoProject_250723\services\__init___391.py,e3b1e467d29a794897914ac5c68df3463f0e49c2278e403f7b2f83932820b6c1,OK
services\__init___392.py,C:\SNS_24AutoProject_250723\services\__init___392.py,0dac4a853e0bf54ca2f40dccfa4dc896e16d2ef10b29e4656738a14daa6aeeb6,OK
services\__init___393.py,C:\SNS_24AutoProject_250723\services\__init___393.py,e9ca201a95d0811a5b8635fd5401abcbfcadab44297c9bb126c87004c3e37683,OK
services\__init___398.py,C:\SNS_24AutoProject_250723\services\__init___398.py,65d8e746cd1fbed4cb42a8717c59a9325a7066ba344ba82104e6daab006a6d68,OK
services\__init___399.py,C:\SNS_24AutoProject_250723\services\__init___399.py,09b407aa6cf0ae59fbb4aab240f6a23279294c82cd0d16f0d9f0e688f4cdb0f7,OK
services\__init___400.py,C:\SNS_24AutoProject_250723\services\__init___400.py,d68949878029b81bfab9375e35175ab3ac74bd8bc5b1c761e1453d967694e3c6,OK
services\__init___401.py,C:\SNS_24AutoProject_250723\services\__init___401.py,9bef575dce36325568e3dc57b7f2c4c8c0942331c28e0be88ce25e01d4ca2de6,OK
services\__init___41.py,C:\SNS_24AutoProject_250723\services\__init___41.py,b49d6710f84330a08ee46517d715544a2e7fec2bdb8e6046e8047140e97a2857,OK
services\__init___42.py,C:\SNS_24AutoProject_250723\services\__init___42.py,05cf4037e8ddcb174a4f48c71009f2e79d6358d8ac1147441a859304c545de25,OK
services\__init___43.py,C:\SNS_24AutoProject_250723\services\__init___43.py,46677187eedc6c6b980997b6da5ec8cfbf6d6cdc2cf66839266825aae23d3def,OK
services\__init___44.py,C:\SNS_24AutoProject_250723\services\__init___44.py,41c8de2bebdff80588986fa621ae69ad7b66c2fe3b8ba1dc178d69d045413be5,OK
services\__init___45.py,C:\SNS_24AutoProject_250723\services\__init___45.py,38275c537a11fd7ded9e420c6325d6cb06fa8d18c3bb4b7ced3abfdd5f0135ed,OK
services\__init___46.py,C:\SNS_24AutoProject_250723\services\__init___46.py,7a2c80060eda648f46ea721f25ba301f4858f854ed638be817b0fd68d5f4ea33,OK
services\__init___47.py,C:\SNS_24AutoProject_250723\services\__init___47.py,91589a9579492c589b0a3878732c43fdde8c2e817763efaab6cbf59283438540,OK
services\__init___48.py,C:\SNS_24AutoProject_250723\services\__init___48.py,ff1650203d8a972e4830229d0c913126549d224d7096f819756b7b7cde175442,OK
services\__init___487.py,C:\SNS_24AutoProject_250723\services\__init___487.py,642ec37e4efc39789f98944f90d9d2f794de90ed76e253e4550c61583ddd5a60,OK
services\__init___488.py,C:\SNS_24AutoProject_250723\services\__init___488.py,9c7ed4962489856dcd908dc05b47dc168e0d4bde7a450863996c504a6b0b44eb,OK
services\__init___489.py,C:\SNS_24AutoProject_250723\services\__init___489.py,aea9b0488a5b6bd265c39bbc8415fb64e597cf1c20d48c7b34f9a1f26743b83f,OK
services\__init___49.py,C:\SNS_24AutoProject_250723\services\__init___49.py,53bd44b9a64157bf93ae9182e4b70943ca14da6adb5ce0374e178e9035fbefc4,OK
services\__init___490.py,C:\SNS_24AutoProject_250723\services\__init___490.py,605db9cb9826782b6821d2b0235fcbeb687bd904ab066e58fb2d5fcd149af26f,OK
services\__init___491.py,C:\SNS_24AutoProject_250723\services\__init___491.py,3c1ff62548a52479b5033239f0ba0a585d8d12f98e0dc049a0d38c71807d415c,OK
services\__init___492.py,C:\SNS_24AutoProject_250723\services\__init___492.py,8f69e8e08f20355596b6794c200863c8715e78f16ab1516ce9f7a0f6d326e1f0,OK
services\__init___493.py,C:\SNS_24AutoProject_250723\services\__init___493.py,d462ae6a5124b97caedad6335c2e1fdc7d7afd5e7f17eeb22a0ac7a3188abeb7,OK
services\__init___497.py,C:\SNS_24AutoProject_250723\services\__init___497.py,66d8acdfee34efb14ddf87eee21c5324322eef69e5d636c5323d6e45760ed46f,OK
services\__init___498.py,C:\SNS_24AutoProject_250723\services\__init___498.py,0d69ef034f161c48891accaf0267ad0afebe35e92ad0a723dc9fa1e31a25c3c9,OK
services\__init___499.py,C:\SNS_24AutoProject_250723\services\__init___499.py,62499933f3428e430c2d328cc0ee9e8a5f59f08020ee3a1569517d1640a740c5,OK
services\__init___50.py,C:\SNS_24AutoProject_250723\services\__init___50.py,fcc88d6aec270df23613481dccd21a75d2ae85140bcc2ea001de557e29c6b1c9,OK
services\__init___500.py,C:\SNS_24AutoProject_250723\services\__init___500.py,99a5a6865ed9a0ba118a842a925429064713ff5a3f611228e22cc3256ed28854,OK
services\__init___501.py,C:\SNS_24AutoProject_250723\services\__init___501.py,0cf46bb0a3571d46379e3e3d2df38f9ea8533d0106fd00352c0b7c01ca2bee5f,OK
services\__init___502.py,C:\SNS_24AutoProject_250723\services\__init___502.py,bb6dbdd63167c001f5ca9a0fa1c79118310682cd7c426149a1ada818df6309e9,OK
services\__init___503.py,C:\SNS_24AutoProject_250723\services\__init___503.py,319e28b66b1bf9e870f6843d00f3f48621ea9909e0d13421e149ce9301fb80f7,OK
services\__init___504.py,C:\SNS_24AutoProject_250723\services\__init___504.py,5ac0659fc823753a888a30b34df1103f62577744cbff432cac0c7fb0c5aee52e,OK
services\__init___505.py,C:\SNS_24AutoProject_250723\services\__init___505.py,9a2ac3a10ece9237ce8a5614d16f4e6abf0efff0899c65a63ff64689b899a4c5,OK
services\__init___506.py,C:\SNS_24AutoProject_250723\services\__init___506.py,f0fea36b04070ee8afd6846d2c929fa3b3266f8eb64402991c2be0083c04d9a5,OK
services\__init___507.py,C:\SNS_24AutoProject_250723\services\__init___507.py,4719a365f7ca8b3c7a83e9af7886c3898e364379978d4a9dddde641774b9b2c7,OK
services\__init___508.py,C:\SNS_24AutoProject_250723\services\__init___508.py,fc6c767693566eae264f38cef5682b8bbdd6162a73658afee817205bcf6f161a,OK
services\__init___509.py,C:\SNS_24AutoProject_250723\services\__init___509.py,f55ed641a0cd7d2cd46191d5c37827dd3b19314da5d2f7e83a9ff39a9da11535,OK
services\__init___51.py,C:\SNS_24AutoProject_250723\services\__init___51.py,b6ea1c94f600bb2a03ec21ac6489a6081b112c03ed8182651a34db4e4d54c254,OK
services\__init___510.py,C:\SNS_24AutoProject_250723\services\__init___510.py,a1bae0a4724bc4fbebe35ed9985617597516351595877cb7df1998f96ddaace0,OK
services\__init___511.py,C:\SNS_24AutoProject_250723\services\__init___511.py,7e2a1f6ba3685642b4e965b2b9a5402a1d4cf07365ab1e0440633a75951ba63f,OK
services\__init___512.py,C:\SNS_24AutoProject_250723\services\__init___512.py,80b83cf47365298a98c68ca9bba6914bb604cf6ceac4a97c4d5a60092145fe19,OK
services\__init___513.py,C:\SNS_24AutoProject_250723\services\__init___513.py,e5eeae17d4c7354418b36dcd62e82ce5cfa5624236375d4902972e2ee9b6bbc5,OK
services\__init___514.py,C:\SNS_24AutoProject_250723\services\__init___514.py,f77aa25f5a4ef82ed509538d72c8a419581015db307778c55509218f376e2396,OK
services\__init___515.py,C:\SNS_24AutoProject_250723\services\__init___515.py,f2b5c68c2504fce79994984c57d862a7fd044a19b7933e817db011c3b625cc37,OK
services\__init___516.py,C:\SNS_24AutoProject_250723\services\__init___516.py,9a7589974bb0cb410da16ec2cf55bd444fb26548966e7d66db6d7f3d8e56f46c,OK
services\__init___517.py,C:\SNS_24AutoProject_250723\services\__init___517.py,5081bb534353dd4d430d4ed4f1e3fe6f265a72f7f1edd0b6ff80889fae76191f,OK
services\__init___518.py,C:\SNS_24AutoProject_250723\services\__init___518.py,2e9b3fe3b75963cba2335f55030f5035ed2be71a5e200b4bc3391696f46c8878,OK
services\__init___519.py,C:\SNS_24AutoProject_250723\services\__init___519.py,9c2967c447066a23ff55be2bf311e9a9909063156125fe0b7a085ecfbcc52f72,OK
services\__init___52.py,C:\SNS_24AutoProject_250723\services\__init___52.py,1d322c9c13ff1ad1fa6a3a026c2c632bf378203cb92073a82af6ea42fbf622e4,OK
services\__init___520.py,C:\SNS_24AutoProject_250723\services\__init___520.py,902e8b69741a271feacdb923e5bbdf78f3c11dcfd846edc1d6ec3523572da511,OK
services\__init___521.py,C:\SNS_24AutoProject_250723\services\__init___521.py,8b9e19559adb83d451bdbaff8a5aeff8841ba1a88da439af71f8e967c671d3ee,OK
services\__init___522.py,C:\SNS_24AutoProject_250723\services\__init___522.py,fd12dfebf58c0f7cc913315e4d7674ea89a6a654d7074089e3b109dac72631cb,OK
services\__init___523.py,C:\SNS_24AutoProject_250723\services\__init___523.py,cd95dc1b4aa0a354a3824226d73e8a2e4bc8f9ef13f85b310a9159a8b2f5fd69,OK
services\__init___524.py,C:\SNS_24AutoProject_250723\services\__init___524.py,64f41ead4b18ff73340f5810ae4b774a2acb6297e46efda980c6d35cd2b1f9f1,OK
services\__init___525.py,C:\SNS_24AutoProject_250723\services\__init___525.py,29761a0e5df3484beb164b3403c778247e3ef84d739a0cff1d7d5300ded2abcb,OK
services\__init___526.py,C:\SNS_24AutoProject_250723\services\__init___526.py,69fcba2a05e8a6b6b60feb5b44ba7d3b821496ec70c4ccb2288898ff4a8b6688,OK
services\__init___527.py,C:\SNS_24AutoProject_250723\services\__init___527.py,b22f32b0bb229244e88b4a2380f81f86f3a9625c5e138aaae2db35dae3ada585,OK
services\__init___528.py,C:\SNS_24AutoProject_250723\services\__init___528.py,b124bd607158fcfd77f7bcb6b369fdbbded3f681f4d92e7ca66f81aa147f84b8,OK
services\__init___529.py,C:\SNS_24AutoProject_250723\services\__init___529.py,27e0e4891d4f5c68fd67f0c8561e3bcfa580f8bc30a4946a212ba220e78fccd8,OK
services\__init___53.py,C:\SNS_24AutoProject_250723\services\__init___53.py,2da50d8bcfab8c36cf13999bf000d62b6667284d87bd16fc5e699d317404fae2,OK
services\__init___530.py,C:\SNS_24AutoProject_250723\services\__init___530.py,98ac6b18f29c14d07fde5604370598dcb246b16cf3de8dad11ce8f2c7611cc8f,OK
services\__init___531.py,C:\SNS_24AutoProject_250723\services\__init___531.py,5b1288cd5945be93de6b36cc107b07611ab65372326e72370f6918a712b9ac8a,OK
services\__init___532.py,C:\SNS_24AutoProject_250723\services\__init___532.py,60e84e755427ac2c677484a5b28e79f66bc74b9de7db716ad0d2c2832cf20955,OK
services\__init___533.py,C:\SNS_24AutoProject_250723\services\__init___533.py,9d863e0679fe6ec037f5ef17c59b8adeb123e01a34a9dd1b3623a3f47271dd17,OK
services\__init___534.py,C:\SNS_24AutoProject_250723\services\__init___534.py,5f923634894eed75e1ce1989ad3f5c7be876c204a9cd8ce19fae483d6bc8959d,OK
services\__init___535.py,C:\SNS_24AutoProject_250723\services\__init___535.py,0a4a459ce4b099db391bc41add66d86724f48fa0f13639a04dcaa4cd898e244a,OK
services\__init___536.py,C:\SNS_24AutoProject_250723\services\__init___536.py,bdae52bedbb7a878234597da53995a0d289e0d4302ba77b4514cc96eed11b394,OK
services\__init___537.py,C:\SNS_24AutoProject_250723\services\__init___537.py,46c7f231ce3c3259b75ed7e62cef75db3a6cbb364e1b1e81e57794817ea94bb8,OK
services\__init___538.py,C:\SNS_24AutoProject_250723\services\__init___538.py,d1b9a18741f6fb93bdc468f75a33721d098b9d18dfc6fe7468b4bf617a92ba7b,OK
services\__init___539.py,C:\SNS_24AutoProject_250723\services\__init___539.py,996dbc2c458a03dd64c7955d6d325deff541d1c125961d0e6d245f63f560178b,OK
services\__init___54.py,C:\SNS_24AutoProject_250723\services\__init___54.py,95dc261ca37bd5e13ea40ad0209124781d84b8a59fd6c5f7be1fd69d24749c0c,OK
services\__init___540.py,C:\SNS_24AutoProject_250723\services\__init___540.py,a5cb558d5b30fd4c1f3802df3d5e80b51df7c7c312371a44c6262b2a3c544580,OK
services\__init___542.py,C:\SNS_24AutoProject_250723\services\__init___542.py,698d3646dd8fdfcdbb5afaecbf68f7a1721dddd8400bb293f8d4016e9dd207b5,OK
services\__init___543.py,C:\SNS_24AutoProject_250723\services\__init___543.py,ca0d159e624df60db995c1b94c7fbf1b754184447257493df603ee43c4f1422a,OK
services\__init___544.py,C:\SNS_24AutoProject_250723\services\__init___544.py,c3f109fdc43859125eb7301e363f1ec59341b945eff306cbcea998047d4dade8,OK
services\__init___545.py,C:\SNS_24AutoProject_250723\services\__init___545.py,b79c7659b8e9739cefef5099263b7e04fb60a7e4bbb22defd2a16a12492931ae,OK
services\__init___546.py,C:\SNS_24AutoProject_250723\services\__init___546.py,6d14e79165b5375ec6cf8b61bdb23eed100555026ca8250857218a736b5cbb35,OK
services\__init___547.py,C:\SNS_24AutoProject_250723\services\__init___547.py,2808fa762a32b04ebc3a4bbce45bb98a4e7fb32a483e1f825812bfa2d2c465fc,OK
services\__init___548.py,C:\SNS_24AutoProject_250723\services\__init___548.py,05f811d40e9cdeab46d7312634ef18486399d3acca5f0ed82827bcf2b5351e21,OK
services\__init___55.py,C:\SNS_24AutoProject_250723\services\__init___55.py,c7e6bcaaa3f81a05bed08900564a5ebc5f0eaf044c5abb395d0abc37fd1cca73,OK
services\__init___556.py,C:\SNS_24AutoProject_250723\services\__init___556.py,43bd97b40572b7669037a42b5613c086c11a48db9d9d68208116db124db375fd,OK
services\__init___56.py,C:\SNS_24AutoProject_250723\services\__init___56.py,4912b249122a2d7765eb1190b5753b7401459057030d56f26accc9ce379999d1,OK
services\__init___565.py,C:\SNS_24AutoProject_250723\services\__init___565.py,15345ed369cd9172f09921eb09faadad3323d16d7a80f9924c302bdeff0de338,OK
services\__init___566.py,C:\SNS_24AutoProject_250723\services\__init___566.py,aa641276da78db86ad71d272088e95b95c182faa9b34bb033d66fbe69a57a4a5,OK
services\__init___567.py,C:\SNS_24AutoProject_250723\services\__init___567.py,6fceb1fe113db46102d537fef16dd2fb28d79a6505b9527179e84d44f5667454,OK
services\__init___568.py,C:\SNS_24AutoProject_250723\services\__init___568.py,f5ab8bceb82b07d5a9a47a72ad7fe1978adc1f0f5420d9b2b81bc8cf46833004,OK
services\__init___569.py,C:\SNS_24AutoProject_250723\services\__init___569.py,862ee600fea470f802ae94a1eac8251a3d45f016ac10fe516ba7b882fbb124a1,OK
services\__init___57.py,C:\SNS_24AutoProject_250723\services\__init___57.py,7f4606cd5d0e0142a7781360ce09f107b4256de503b502a55c837da882d34ee5,OK
services\__init___570.py,C:\SNS_24AutoProject_250723\services\__init___570.py,4c4454281f2779fc812b1f7bf2fe3b178ebbb7a9edaa5679de05424f7c70e241,OK
services\__init___571.py,C:\SNS_24AutoProject_250723\services\__init___571.py,7826f81f870405d7fa6990cdfbf9a02985adc23f70ed3e15edf16e2a21711d96,OK
services\__init___572.py,C:\SNS_24AutoProject_250723\services\__init___572.py,698eae25105df0b39ca7139a07e2dfa068871fd8df3b3faff684c0feb287a58e,OK
services\__init___573.py,C:\SNS_24AutoProject_250723\services\__init___573.py,d3031b93635867a06ba919c10d96f6e654c57bd89e3ced6442e1441513c18264,OK
services\__init___574.py,C:\SNS_24AutoProject_250723\services\__init___574.py,4c201387d1d495a8853d96dab6746aa238cb23640b4037c9ef63650b557bbf05,OK
services\__init___575.py,C:\SNS_24AutoProject_250723\services\__init___575.py,52838f38de4007ca9fe753334a3f54ce3e8a7aa8383f31504d9ff3cac024a31f,OK
services\__init___576.py,C:\SNS_24AutoProject_250723\services\__init___576.py,58ed2241340441b51c67592344ed2dac8dd88d591466ceb0cc6beb29ad9aea7a,OK
services\__init___577.py,C:\SNS_24AutoProject_250723\services\__init___577.py,fbea66e2cfb38d6ea7ad5a135e19821c42f7676a9cb6d0310ce541d0014ec52f,OK
services\__init___578.py,C:\SNS_24AutoProject_250723\services\__init___578.py,3747975a58a1c6b639b783fa12209254a6ef38fac0e63e33824cecca1f69dc1b,OK
services\__init___579.py,C:\SNS_24AutoProject_250723\services\__init___579.py,3954cdb87f9daf126707b7e106645d0ba7dca291f1e57d47639a1ae0a289be0f,OK
services\__init___58.py,C:\SNS_24AutoProject_250723\services\__init___58.py,21dcf16ee8c1cda7998f3ac08e98e453b646215d29a2663f484cf45415beed7f,OK
services\__init___580.py,C:\SNS_24AutoProject_250723\services\__init___580.py,93f47294726218ab98a1f6c5dc82d01b00585df2994eac8781d750cf1ab3e2c4,OK
services\__init___581.py,C:\SNS_24AutoProject_250723\services\__init___581.py,b01bcd566fdbf96cd8c84ca8da75dd8d831389a7feda3164a8c85362658cf2ea,OK
services\__init___582.py,C:\SNS_24AutoProject_250723\services\__init___582.py,8a4458bbf1b9a930343529be64bcc06992e58f4929123030e8153618e332821f,OK
services\__init___583.py,C:\SNS_24AutoProject_250723\services\__init___583.py,dbb12fec3d8c774f7c4ff3a81facfae7ed457c04bd5649181a4e1f26b0f0ab97,OK
services\__init___584.py,C:\SNS_24AutoProject_250723\services\__init___584.py,acf883cd7d9b8e819fdad04cfe907c220da07022c3e67e83411790607abfd8fd,OK
services\__init___585.py,C:\SNS_24AutoProject_250723\services\__init___585.py,28980ce34269e7843dd28d4d9b52fc4b03737a8107a5aa8348b198c1b41f6803,OK
services\__init___586.py,C:\SNS_24AutoProject_250723\services\__init___586.py,598ab62227241fe99a2cd8d94c3b5f7fad888b24be590828abf445b421629c65,OK
services\__init___587.py,C:\SNS_24AutoProject_250723\services\__init___587.py,6a127c80e390878b7dd0eb7b96eb969af877a0dd22ee958a4a3551cea1e93194,OK
services\__init___588.py,C:\SNS_24AutoProject_250723\services\__init___588.py,1dea8558423e129014f98e8984be2981edf7bfee3f51d60a1b873aa60041c76a,OK
services\__init___589.py,C:\SNS_24AutoProject_250723\services\__init___589.py,911d21a6fd6c72068b21e54ff310751d60d457ea97911294c266bbab556ec85b,OK
services\__init___59.py,C:\SNS_24AutoProject_250723\services\__init___59.py,e04082dfdace5bf160509c842c8f4c90e9915f6901ee4b57d749a56302374fc7,OK
services\__init___591.py,C:\SNS_24AutoProject_250723\services\__init___591.py,d89677734341410b3a19304cec3e781c4eb62f63bd6f7c22f3d244eb4bba8e63,OK
services\__init___592.py,C:\SNS_24AutoProject_250723\services\__init___592.py,cf19fbb865a3e5e0ab3ab8b21a0261987f4cbc337ef58d023385d73f6f939478,OK
services\__init___60.py,C:\SNS_24AutoProject_250723\services\__init___60.py,32306dcfdda2e02ea1ad123b5abc1dcceaee8dbb4a9145ef4dec141bcd929cfc,OK
services\__init___61.py,C:\SNS_24AutoProject_250723\services\__init___61.py,d09db14e56699f8b4c0526a708400d8ceb71cf39894eef2389c7701c36d3f311,OK
services\__init___62.py,C:\SNS_24AutoProject_250723\services\__init___62.py,e973371a228d0152eba2ab3ee3695e1f920361e110631c479faf37234a5bf2b5,OK
services\__init___63.py,C:\SNS_24AutoProject_250723\services\__init___63.py,8fceee3efb7d01a6b8a55d7fc0442a885249416278d34edadd39fed683701175,OK
services\__init___64.py,C:\SNS_24AutoProject_250723\services\__init___64.py,8309a1525c4eea38d4942fd31f4e45fd45ce86258effa6662fe49a3e994b90f5,OK
services\__init___65.py,C:\SNS_24AutoProject_250723\services\__init___65.py,e6ee038b215f2b3cf20c885b77da5bc6183cc5d7b8ed9ecaf13ad2cafd98b3f9,OK
services\__init___66.py,C:\SNS_24AutoProject_250723\services\__init___66.py,5830d3a583aa9330c69dcbfede80b30cea3d692999544cdadf962416d5bfee11,OK
services\__init___67.py,C:\SNS_24AutoProject_250723\services\__init___67.py,b33a7db59180ccfd80ad12e113a341bc76769c01bd61ca73cea617ed345fc278,OK
services\__init___68.py,C:\SNS_24AutoProject_250723\services\__init___68.py,d4dfa125f43da53c50267ef16f03f11c1bacb6d0fc575ea518109f02681805a8,OK
services\__init___69.py,C:\SNS_24AutoProject_250723\services\__init___69.py,bf93a5b8e1345d9101e77b6932df33012553fb26e84801119312a5dcc03820fc,OK
services\__init___70.py,C:\SNS_24AutoProject_250723\services\__init___70.py,f4eddf48f615dc93d56db3b9ec9e0bcb5eb70ecfb97244d653dc2517c71c5b6e,OK
services\__init___71.py,C:\SNS_24AutoProject_250723\services\__init___71.py,7bca906f98898e16dfc26fcad62ef68dd6b609d7b4adf7f5bd9ee495fc3ddf62,OK
services\__init___72.py,C:\SNS_24AutoProject_250723\services\__init___72.py,4888947c843629cca07256bc6ebcb40a7a4a92eed6b4c50d370c3d597a72af13,OK
services\__init___73.py,C:\SNS_24AutoProject_250723\services\__init___73.py,97344001eae80f06ee26efbb9589fe198d213cd7353c5abab5ca427c45661871,OK
services\__init___76.py,C:\SNS_24AutoProject_250723\services\__init___76.py,5d1f764e160b13566d0e4a56d92911c75c67aed978c3ba1d37c38a8cc9babcd5,OK
services\__init___77.py,C:\SNS_24AutoProject_250723\services\__init___77.py,f3e5446c3265627f71141a8091114cb8016ede45646de0fce511e4fd21aa47b4,OK
services\__init___78.py,C:\SNS_24AutoProject_250723\services\__init___78.py,25f67b3855fe56429c5862caceb1fb872f63bd68bdb51af520660e0326aac03c,OK
services\__init___79.py,C:\SNS_24AutoProject_250723\services\__init___79.py,d834ad010df7e7ff5c800f15155aa6ad717fc4c6fff9f98203a170020d741bdf,OK
services\__init___8.py,C:\SNS_24AutoProject_250723\services\__init___8.py,1ef4ada2f3c3914567c852ed8c598201fcb54a1129b740eb53d6a1e66c97b828,OK
services\__init___80.py,C:\SNS_24AutoProject_250723\services\__init___80.py,d68fc03a2916f476ee139b911a157aef9e8119e3b28ba96d9273b5c94f92c45f,OK
services\__init___81.py,C:\SNS_24AutoProject_250723\services\__init___81.py,204c1befdb6779e29472e64efec88f527db8dfb05eda7d658d6d6191099b6845,OK
services\__init___82.py,C:\SNS_24AutoProject_250723\services\__init___82.py,52069aeefb58dad898781d8bde183ffda18faae11f17ace8ce83368cab863fb1,OK
services\__init___83.py,C:\SNS_24AutoProject_250723\services\__init___83.py,23d53368c29c14727286e3a792227e34c5cc54ec9ae60ae3bd04930ab2757b43,OK
services\__init___84.py,C:\SNS_24AutoProject_250723\services\__init___84.py,bad540f0ecc3343b56cdae70a173db00674d1bb488f5d1ef05b68076c98b01b4,OK
services\__init___85.py,C:\SNS_24AutoProject_250723\services\__init___85.py,e9bcc734c4d1bf3cf7bf70643f6a6c427d73a77ea13536cdd399e36a69019262,OK
services\__init___86.py,C:\SNS_24AutoProject_250723\services\__init___86.py,a43a6f2758ee0d5d1228022195c6a201527ff7fc2f2d70b44ece5a33ea71c3d5,OK
services\__init___89.py,C:\SNS_24AutoProject_250723\services\__init___89.py,5d2448fcbc4b46662bfc8d33352af056b0a4b4e4ef21af9d278319852f2ed2b7,OK
services\__init___9.py,C:\SNS_24AutoProject_250723\services\__init___9.py,0054b1e9ee7d0e179a1c33a729b3109575571c1358cee62b90c134df38a89726,OK
services\__init___90.py,C:\SNS_24AutoProject_250723\services\__init___90.py,d13802d422aef0bb27240a394636a651335d3ec9197164eb2cbcb748b7ee753c,OK
services\__init___91.py,C:\SNS_24AutoProject_250723\services\__init___91.py,fb3c653fc2e5c100ab10e80081c2c77e177a882f4ce0dd89280c412bee008b89,OK
services\__init___92.py,C:\SNS_24AutoProject_250723\services\__init___92.py,9f61219dfb8dd97eea7c9f1dd806021d5e6d57fac2f037f14993cae21b6ddf1a,OK
services\__init___93.py,C:\SNS_24AutoProject_250723\services\__init___93.py,2b9408f1730c8127df1d0d60f48ce29c2d4b8471882025a09f748a17f700a0c6,OK
services\__init___94.py,C:\SNS_24AutoProject_250723\services\__init___94.py,082154ea0a44df23a8af7dfe37d567fa6c0aebfa658071cb7594b9e678be51ed,OK
services\__init___95.py,C:\SNS_24AutoProject_250723\services\__init___95.py,11bb41bc3ea6bcd2a94a0942bdd3b19eadd646733fabb3fb002d5bc7dbe0975d,OK
services\__init___96.py,C:\SNS_24AutoProject_250723\services\__init___96.py,7b3b19c40669265a96a0b0b905ff8a2197651693f76c11220b135d13a597926f,OK
services\__init___97.py,C:\SNS_24AutoProject_250723\services\__init___97.py,af68e64e5600116acfbe1208bda0f3d27dca1ff5e1984878153eacb1e51a31c4,OK
services\__init___98.py,C:\SNS_24AutoProject_250723\services\__init___98.py,e6dc50380cbf0f13fd115e94227c265d5790fabf19aa761dd1feea2aae015d5a,OK
services\__init___99.py,C:\SNS_24AutoProject_250723\services\__init___99.py,9ee333c69aa573a045b7a7c163bffb04afd2a3bd928e3112447af9d464b98c25,OK
tests\test_account_runner.py,C:\SNS_24AutoProject_250723\tests\test_account_runner.py,4697f4b5acb70e38a04f0904d88525d463335b201f7305a8d6d97d93869f636c,OK
tests\.pytest_cache\.gitignore,C:\SNS_24AutoProject_250723\tests\.pytest_cache\.gitignore,e7c6bb30148cf667606dcd63e7ca77acaa3cfb0c8303bf09e6419e1e1669dc6d,OK
tests\.pytest_cache\CACHEDIR.TAG,C:\SNS_24AutoProject_250723\tests\.pytest_cache\CACHEDIR.TAG,37dc88ef9a0abeddbe81053a6dd8fdfb13afb613045ea1eb4a5c815a74a3bde4,OK
tests\.pytest_cache\README.md,C:\SNS_24AutoProject_250723\tests\.pytest_cache\README.md,420e808d79a6c25d3cda0af33bc4782314a14949866682c68ce8149e89b66b70,OK
tests\.pytest_cache\v\cache\lastfailed,C:\SNS_24AutoProject_250723\tests\.pytest_cache\v\cache\lastfailed,44136fa355b3678a1146ad16f7e8649e94fb4fc21fe77e8310c060f61caaff8a,OK
tests\.pytest_cache\v\cache\nodeids,C:\SNS_24AutoProject_250723\tests\.pytest_cache\v\cache\nodeids,726f925e45c0e78cda3c4e448d85459fccaecb4cd25037107260be06e81960d2,OK
tests\__pycache__\test_account_runner.cpython-310-pytest-8.4.1.pyc,C:\SNS_24AutoProject_250723\tests\__pycache__\test_account_runner.cpython-310-pytest-8.4.1.pyc,94f8331be5d8e334fb08cf1cf72522993119135e4684bdcb804a62d251a8d259,OK
tools\diff_hashlist.py,C:\SNS_24AutoProject_250723\tools\diff_hashlist.py,c148619efa0116ab60ea2c22040c19e0c386184dc0b2b2e9bb854d6738d6b274,OK
tools\filter_needed_files.py,C:\SNS_24AutoProject_250723\tools\filter_needed_files.py,a29efe1059372995f90fb140d2825ddc114a70f2aa9d55321a78e667749989a6,OK
tools\generate_master_hash.py,C:\SNS_24AutoProject_250723\tools\generate_master_hash.py,41b7b4ccbb56d558998ab794dd86a3b3d9044899db9b356693364a931df79f7a,OK
tools\hash_verify.py,C:\SNS_24AutoProject_250723\tools\hash_verify.py,ef6422d16e3dd41b4c846530d9a90b2f9c1201d110ed1c717015060cc467c5cd,OK
tools\layout_sim.py,C:\SNS_24AutoProject_250723\tools\layout_sim.py,881d2462fe84387ec4692bfaca1a499eed867c65d833a4224f9927896769e2e9,OK
tools\module_trace_auto_recovery.py,C:\SNS_24AutoProject_250723\tools\module_trace_auto_recovery.py,785d7b295dee766708207dac187df57abed672a8d214e621f154db01cdd931f5,OK
tools\needed_files_by_name.py,C:\SNS_24AutoProject_250723\tools\needed_files_by_name.py,3913ff7400947ba11e53851e9d208ac795734a8919d7307f403ace7c435d0bad,OK
tools\needed_files_from_imports.py,C:\SNS_24AutoProject_250723\tools\needed_files_from_imports.py,b74a94e6e03cec131beb4566f8777568879aaa237b3632d7515997de09a39fe5,OK
tools\parse_functions.py,C:\SNS_24AutoProject_250723\tools\parse_functions.py,356c36485d20c94002f6603faea35b9f3e9ee83a2ab0fd74144527a8a7fa2e90,OK
tools\scan_tree.py,C:\SNS_24AutoProject_250723\tools\scan_tree.py,ad055a44df66812c8a7de9a701653a48e7226fd4eee8d8b36fa6e722cbc0b6d4,OK
tools\scan_tree_fixed.py,C:\SNS_24AutoProject_250723\tools\scan_tree_fixed.py,09bcd7714d09e8d206abca71f6e5bff511da36104a8d634f96d946c3c13facfa,OK
tools\tree_checker.py,C:\SNS_24AutoProject_250723\tools\tree_checker.py,55eb5244fef55b1c885fdd6ee38a93a1cc6b262da2b6bfc8845edcb167118d69,OK
tools\integrity\sha256_integrity_mastertree.py,C:\SNS_24AutoProject_250723\tools\integrity\sha256_integrity_mastertree.py,60bf17a854adfd78c7e85702c8614617a7e533f08e2da3747ed46d081d4798dd,OK
tools\integrity\verify_integrity_and_identify_unnecessary.py,C:\SNS_24AutoProject_250723\tools\integrity\verify_integrity_and_identify_unnecessary.py,1a685ce37e14661b429943690f4944ca12232719065de58b6afac1606c58b429,OK
tools\sqlite-tools-win32-x86-3420000\sqldiff.exe,C:\SNS_24AutoProject_250723\tools\sqlite-tools-win32-x86-3420000\sqldiff.exe,f82611c8fe09cbe8ea9405e8a45342e50b2b08290412b11b2ef9acb06292b69a,OK
tools\sqlite-tools-win32-x86-3420000\sqlite3.exe,C:\SNS_24AutoProject_250723\tools\sqlite-tools-win32-x86-3420000\sqlite3.exe,05b5783917c39417b5db3b3bcdd66b2effdf0bd764350ebaefc032804b825597,OK
tools\sqlite-tools-win32-x86-3420000\sqlite3_analyzer.exe,C:\SNS_24AutoProject_250723\tools\sqlite-tools-win32-x86-3420000\sqlite3_analyzer.exe,2907e288daf41f4fdee8c5cf0b99a24177abbc7f3b215bb4f8e0a8efb3c3a02c,OK
utils\env_loader.py,C:\SNS_24AutoProject_250723\utils\env_loader.py,9ff2ba444c163fe4d22ab1c600143ed1381b6919356858a7a479cf358c3a7ff1,OK
validator\check_and_insert_log.py,C:\SNS_24AutoProject_250723\validator\check_and_insert_log.py,0196d3b7b1ecaea455c278bee5f008bf3dc2a2b77e9ba115ed8f22a78e1b8777,OK
validator\check_and_insert_log_2.py,C:\SNS_24AutoProject_250723\validator\check_and_insert_log_2.py,d2356b5a7a9eae073f2be4f83ddf2f1639f830de89fae2482cfd8a2a8e48c1d3,OK
validator\check_command_log.py,C:\SNS_24AutoProject_250723\validator\check_command_log.py,469b2b17f9d44a04fa2636a4fdafed2a7a033c25e38e663e5e20f3e35a21e4d2,OK
validator\check_command_log_6.py,C:\SNS_24AutoProject_250723\validator\check_command_log_6.py,ff932fe37a7a2397a925cb4f32a2b56bdea8daac67abdc6cace4c97846e6fe6f,OK
validator\check_conflicting_modules.py,C:\SNS_24AutoProject_250723\validator\check_conflicting_modules.py,978f320c5a611f7e1e86901cd06c278bbd08ed4d5841dc2522995be49b3108dd,OK
validator\check_disk_log.py,C:\SNS_24AutoProject_250723\validator\check_disk_log.py,945b142e418692881b342a6ed2b4f8b378ffe2494ea3e4d96fc229b2181108e8,OK
validator\check_disk_log_6.py,C:\SNS_24AutoProject_250723\validator\check_disk_log_6.py,e364c4abf022365e52c85323aa46043a0bd05a87696bf19c9bfab66eac00699e,OK
validator\check_env_log.py,C:\SNS_24AutoProject_250723\validator\check_env_log.py,603ffc632915527f5c9fbc0a83a1c55f261d59a678d0f96232f1e338a6337fd0,OK
validator\check_env_log_6.py,C:\SNS_24AutoProject_250723\validator\check_env_log_6.py,8aa70e3436321f28a49cd178c920aea4649ccd9d287aff94b9b59243d76ff872,OK
validator\check_network_log.py,C:\SNS_24AutoProject_250723\validator\check_network_log.py,100a1f0cd8b2e2c1f2321d13d6fdfed2498f3dcbc0c678c88f0df3b01f3f3249,OK
validator\check_network_log_6.py,C:\SNS_24AutoProject_250723\validator\check_network_log_6.py,537743679dd0f930948dea214f88487fea843981b2c04a626aa97f4f6fac67d8,OK
validator\check_run_ready.py,C:\SNS_24AutoProject_250723\validator\check_run_ready.py,876234f9447ca3380ecd703909c64ea4be7dd64d13a839934ededf0f0234195a,OK
validator\check_session_log.py,C:\SNS_24AutoProject_250723\validator\check_session_log.py,b01b030947d1d51830939cf8081d97fb16d7b8df1445f5648571a6e294149037,OK
validator\check_session_log_6.py,C:\SNS_24AutoProject_250723\validator\check_session_log_6.py,882ed433c69d8ca081ae46079404a9fbdb8efc18c35b36bd6e20b83614269120,OK
validator\check_type_completeness.py,C:\SNS_24AutoProject_250723\validator\check_type_completeness.py,fb1c57a4fce3c034b3bb7432ef42a4b511b7b1fa2b3c4809c7b5cc7abe736cb9,OK
validator\check_wraps.py,C:\SNS_24AutoProject_250723\validator\check_wraps.py,efe5a96c55f4bdef808dc75c4a149ab4ddc950bce1667f817416797b88a270d9,OK
validator\check_wt07_status.py,C:\SNS_24AutoProject_250723\validator\check_wt07_status.py,d2dc432c39baae5d1077378d61d002df53fd8e530276e915ce5300165f46e8e3,OK
validator\check_wt07_status_6.py,C:\SNS_24AutoProject_250723\validator\check_wt07_status_6.py,de9c20f425f05f94f6adde0f5da707c4efb01f1f193264c8f338c9e0fcc7f1f4,OK
