,filename,sha256,target_path
0,main.py,A3E7760A6C3B9379851FDE210081673F3E6E0016A5B3F243682BFE812A328EA5,main.py=logs/trace/SNS_Snapshots/SNS_24_SNAPSHOT_20250518_193739/modules/main.py
1,__init__.py,2EEE09D21363771E9089CD73089706550C71B3ECF67B1789C6C863D4331EC41B,__init__.py=modules/__pycache__/__init__.py
2,__main__.py,55B6C121BC68905B2467EC0980FC273C8347CE66AD6EF7E9DC16EFC48DEEBDAE,__main__.py=logs/trace/SNS_Snapshots/SNS_24_SNAPSHOT_20250518_193739/modules/__main__.py
3,cache.py,50BDE53A636F36C3D639E03FA99865050FE5ECC5AEE7B68EB7D47F3B5FA12B8E,_thread_cache.py=logs/trace/SNS_Snapshots/SNS_24_SNAPSHOT_20250518_193739/modules/_thread_cache.py
4,configuration.py,F20A6CBA2030FACA1453187706AD58F25A39BA4F0ECDF66BDD77E28B88EFA2F2,configuration.py=logs/trace/SNS_Snapshots/SNS_24_SNAPSHOT_20250518_193739/modules/configuration.py
5,exceptions.py,9B2124C0900E170EAEBAF317FA71A585B5B017FFEE0D2851761938B6394A5B93,fastjsonschema_exceptions.py=.venv/Lib/site-packages/setuptools/config/_validate_pyproject/fastjsonschema_exceptions.py
8,index_command.py,50E6A2C2EE2313EC6F7892360817A50D2D435FA0894E6FD18C91B8D7F30E388A,index_command.py=logs/trace/SNS_Snapshots/SNS_24_SNAPSHOT_20250518_193739/.venv/Lib/site-packages/pip/_internal/cli/index_command.py
12,inspect.py,3681A9A704EFAD298A73A74978225F511CD56F26ED5F10D6002106CF0906A59C,_inspect.py=logs/trace/SNS_Snapshots/SNS_24_SNAPSHOT_20250518_193739/modules/_inspect.py
13,wheel.py,C350481361A50BFBA481DE9C40869CF7DDC44876FCEA096D95CC711A70198E6C,editable_wheel.py=.venv/Lib/site-packages/setuptools/command/editable_wheel.py
15,base.py,474B721BE7A31026DEA59C388985AEC11DCAE55E370E02EB75290C5925C5BA38,function_base.py=logs/trace/SNS_Snapshots/SNS_24_SNAPSHOT_20250518_193739/modules/function_base.py
24,index.py,3897352025821442320E0A3C99CD4AC85030A4F01C05CA46BD4E8CC076A9CDA9,package_index.py=backup/SNS_24AutoProject+++0508삭제/.venv310/Lib/site-packages/setuptools/package_index.py
28,download.py,3C94C125A1A003834689B7A64BC28CB61D28F4E0F22FFE61969EDF279368E35A,download.py=logs/trace/SNS_Snapshots/SNS_24_SNAPSHOT_20250518_193739/modules/download.py
30,check.py,D61BE7E11A943D3076E449A2F1F51FECD85C772EDA4842502642CD846B89FA30,self_outdated_check.py=logs/trace/SNS_Snapshots/SNS_24_SNAPSHOT_20250518_193739/modules/self_outdated_check.py
31,freeze.py,3CC0D12167AB8765F0D79DF2D276902DC4C946C61419C611D98A48699419052D,freeze.py=logs/trace/SNS_Snapshots/SNS_24_SNAPSHOT_20250518_193739/modules/freeze.py
37,resolver.py,B686BB4DD709B19BCB8F1FD4B525FB4DAA28B094DB0BD69463E0D0DF35579FD1,resolver.py=logs/trace/SNS_Snapshots/SNS_24_SNAPSHOT_20250518_193739/modules/resolver.py
38,compat.py,6CD554BD6CB7394AA320828ED3870FAE75BB8C2A283AD788AA7C0E96B10BFA5F,py39compat.py=.venv/Lib/site-packages/setuptools/_distutils/py39compat.py
39,datetime.py,CC2F88F3CD93D7DDDF89813A7E1F659015C1BD6A702B924093F0EE4F58237DC3,export_logtrace_with_datetime.py=data/exported_data/export_logtrace_with_datetime.py
40,subprocess.py,B2896755048CCA7C47416E843FA062BF068AE66E69831B0F201A9BD595D45564,_subprocess.py=logs/trace/SNS_Snapshots/SNS_24_SNAPSHOT_20250518_193739/modules/_subprocess.py
49,metadata.py,65AD09BB9190D3849653008C326AB6B5B15D906E8201E42F7651EB785F67D35D,metadata.py=logs/trace/SNS_Snapshots/SNS_24_SNAPSHOT_20250518_193739/modules/metadata.py
55,core.py,16B2EF90D7DAFD59747A8DA647852085B84A090E54EDB95B8D2D6D8CDB6A8307,_core.py=modules/common/_core.py
59,markers.py,FD03E3720A6587165A6DDB66C9F55A9B8C88406AB8B3D738A42EDDDF4CB61D49,markers.py=logs/trace/SNS_Snapshots/SNS_24_SNAPSHOT_20250518_193739/modules/markers.py
61,requirements.py,617D1732451B22F362B41B24D82F7602A2A2AC52D5903AD375CD367DA91B819E,requirements.py=logs/trace/SNS_Snapshots/SNS_24_SNAPSHOT_20250518_193739/modules/requirements.py
62,utils.py,48ED95C2404681926D7A41F707528599E47DB005DC6A3D6D690B496E03B2ED51,utils.py=modules/common/utils.py
63,version.py,89E829903E54CB84F8AA333FA92DEAAB6F322BB389BCD9953230A1BE4E95BAA8,_version.py=logs/trace/SNS_Snapshots/SNS_24_SNAPSHOT_20250518_193739/modules/_version.py
70,util.py,EAE27BD6BA1F405466D174DE59EA14B3C3197EDE4F660CB238A0232F0522EE4C,pretty_print_util.py=logs/trace/SNS_Snapshots/SNS_24_SNAPSHOT_20250518_193739/modules/pretty_print_util.py
75,_mapping.py,622579441B4E98971AF8F0C3889C9F4CD0C53AE1F27F821B96ACA4692DCCE7D6,_mapping.py=logs/trace/SNS_Snapshots/SNS_24_SNAPSHOT_20250518_193739/modules/_mapping.py
81,api.py,6D1DA2D7E96F80560D54592AFD1B3DD2119C63E99C97F92618B5192408C1E344,_api.py=logs/trace/SNS_Snapshots/SNS_24_SNAPSHOT_20250518_193739/modules/_api.py
82,auth.py,2DB4973049B36237E2A71158BC925F9B122E085A605143C5C9BAE6B6E2CD5F23,auth.py=logs/trace/SNS_Snapshots/SNS_24_SNAPSHOT_20250518_193739/modules/auth.py
84,help.py,FCD2260DD0E4F70248D056671E64A11426BBFE813DFB691AB93113CCAB6E6547,help.py=logs/trace/SNS_Snapshots/SNS_24_SNAPSHOT_20250518_193739/modules/help.py
85,status_codes.py,A91C72E81EDDC5FC493A2B2A79DDD93EBB48DC9BB47B73493D41C5A2A15C3A02,status_codes.py=logs/trace/SNS_Snapshots/SNS_24_SNAPSHOT_20250518_193739/modules/status_codes.py
89,console.py,052E33D981BE7437B8D67467B24A0D458727E0F85F88DA9C531835291A0043E7,console.py=logs/trace/SNS_Snapshots/SNS_24_SNAPSHOT_20250518_193739/modules/console.py
90,json.py,C4BAF05418DC855011C6BA325D80031852B963BA9C33DE0E80A1D37DCE5C72BE,_json.py=logs/trace/SNS_Snapshots/SNS_24_SNAPSHOT_20250518_193739/modules/_json.py
91,logging.py,1C18C741C902D4CF5032CEA7578F71E980B44BB6A46951A58D67C1E2A1E3AC7E,__local_logging.py=logs/trace/SNS_Snapshots/SNS_24_SNAPSHOT_20250518_193739/modules/__local_logging.py
92,style.py,60A780287DEC520A1F5CA0F4BB85DDB27E76533C68345426BA40D840C55AA1DC,style.py=logs/trace/SNS_Snapshots/SNS_24_SNAPSHOT_20250518_193739/modules/style.py
93,traceback.py,795F41FFF04BB75D1F2850BBFEAE72105D4B556DA55D9E41969402C9A5B83471,traceback.py=logs/trace/SNS_Snapshots/SNS_24_SNAPSHOT_20250518_193739/DELETE_TEMP_20250503/modules/traceback.py
95,_parser.py,2C25F2DF7CCA6E9CFAB2511A347DB7ED17532B7E46C3C8E7574C39050A50B9A2,css_parser.py=logs/trace/SNS_Snapshots/SNS_24_SNAPSHOT_20250518_193739/modules/css_parser.py
97,_windows.py,DB9EBF0CD375FAB57D7FFEC9A797C9D5D062FFF7E43DCCAD39C703490F02D5D6,_windows.py=logs/trace/SNS_Snapshots/SNS_24_SNAPSHOT_20250518_193739/modules/_windows.py
99,connection.py,CF7BA50217D7DFC999D66BD5A650DB1C4B32D550A4086201E868820E728D819B,bidi_connection.py=logs/trace/SNS_Snapshots/SNS_24_SNAPSHOT_20250518_193739/modules/bidi_connection.py
100,request.py,900692A62C007C6E507585FD80A17F8F0BF872F29993D3E0216ED26D4E4CDE4D,request.py=logs/trace/SNS_Snapshots/SNS_24_SNAPSHOT_20250518_193739/modules/request.py
101,response.py,5E595E919D1EBDAE49D92C6880DBAF69C48A0A0F71BCC3693B2D15B7CBA948CD,response.py=logs/trace/SNS_Snapshots/SNS_24_SNAPSHOT_20250518_193739/modules/response.py
103,queue.py,339C44368F285E21D96AEAD20AF8C0FFA2B0E1DBCA8129B0665A63672A0EE2AD,_entry_queue.py=modules/queue/_entry_queue.py
104,retry.py,0BFE846E2B66E0C878BB2440A997D6F13A04B1414FCFA51DCC4FC376F6AD35E9,retry.py=logs/trace/SNS_Snapshots/SNS_24_SNAPSHOT_20250518_193739/modules/retry.py
106,admin_panel.py,75BAE8301C1D79A2DA0961596F7FEFF380C76194FBAEF77F8ABB4C63B038ADDC,admin_panel.py=logs/trace/SNS_Snapshots/SNS_24_SNAPSHOT_20250518_193739/dashboards/admin_panel.py
107,abc.py,B95557163335BB289202977E702E39B27362437CE4DE518F3EDCB5FB03EC5EF4,_abc.py=logs/trace/SNS_Snapshots/SNS_24_SNAPSHOT_20250518_193739/modules/_abc.py
108,abstract_event_listener.py,E2B4148EB186B834513DD73F8321442001DC744CE6DD4351C0A77A1AA52E0CAC,abstract_event_listener.py=logs/trace/SNS_Snapshots/SNS_24_SNAPSHOT_20250518_193739/modules/abstract_event_listener.py
109,AccelDecel.py,C575A4A4AA14619B08C6264674E551B168CD8A9AA49F1C8BE6A66545942BCF9F,AccelDecel.py=logs/trace/SNS_Snapshots/SNS_24_SNAPSHOT_20250518_193739/modules/AccelDecel.py
110,accessibility.py,5A37F62D547CCC810760ED287893E4F5C4E1F94C00C85FF76BC912F53B227BFF,accessibility.py=logs/trace/SNS_Snapshots/SNS_24_SNAPSHOT_20250518_193739/modules/accessibility.py
111,accessor.py,687AABDF6FAE502B4D68962150FFCB14A451E3FF30C5E0D3B4DECAF7B40617A2,accessor.py=logs/trace/SNS_Snapshots/SNS_24_SNAPSHOT_20250518_193739/modules/accessor.py
112,accessors.py,045D0BDE1A093BB5AE8B33F155E497E75CF5A4F43FE411880F2AB5879932FC31,accessors.py=logs/trace/SNS_Snapshots/SNS_24_SNAPSHOT_20250518_193739/modules/accessors.py
113,account_6ca50dd1.py,D3DD805C529160EB62E9A1E61B8D8C09D62CEBBF48BB7CC200387E34D412518D,account_6ca50dd1.py=logs/trace/SNS_Snapshots/SNS_24_SNAPSHOT_20250518_193739/modules/account_6ca50dd1.py
114,account_runner.py,304142D23B69542DB0F571F65F6DE73FC38FC1F2F1727B49890B509313165612,test_account_runner.py=modules/test_account_runner.py
115,accumulate.py,BD25C13652630868C1BB737FA5D91CDA33ECF3366995265A10B3CF61A8608044,accumulate.py=logs/trace/SNS_Snapshots/SNS_24_SNAPSHOT_20250518_193739/modules/accumulate.py
116,actions.py,99FB3263334198F139466EEDD9CA904D8A4F4B5FD29357BC9DB7B5E504D3C164,actions.py=logs/trace/SNS_Snapshots/SNS_24_SNAPSHOT_20250518_193739/modules/actions.py
117,action_builder.py,980A01B8A31C9B63BEADB558ED1BD184924ED624FE40B16980124862B8226DF9,action_builder.py=logs/trace/SNS_Snapshots/SNS_24_SNAPSHOT_20250518_193739/modules/action_builder.py
118,action_chains.py,23562BBBD5F089D37241DB9817BD902B4BD31FCF61FADB1F6F748BFB5E13936A,action_chains.py=logs/trace/SNS_Snapshots/SNS_24_SNAPSHOT_20250518_193739/modules/action_chains.py
119,adapter.py,5F78CF527CF654F31DAD49354414554876FD8A7C0E966F2924A05C3789838DE6,adapter.py=logs/trace/SNS_Snapshots/SNS_24_SNAPSHOT_20250518_193739/modules/adapter.py
120,adapters.py,E0E6AACFF5A576CF539D34F6430A20E4E5267269ECA564E372C3B0EA0F8C8479,adapters.py=logs/trace/SNS_Snapshots/SNS_24_SNAPSHOT_20250518_193739/modules/adapters.py
121,AES.py,013DED7C97BD8D7DD5F502E61E0C66BC90D9FEB471C35342142BA570CC12F544,AES.py=logs/trace/SNS_Snapshots/SNS_24_SNAPSHOT_20250518_193739/modules/AES.py
122,after.py,F35286492D7C0E120CDD8FDB8AF3C52052B591BF106BB6457F4FB54B58784A81,after.py=logs/trace/SNS_Snapshots/SNS_24_SNAPSHOT_20250518_193739/modules/after.py
123,alert.py,355EEF658D4A2076D1D50E43D52C571EFC7BC1DB275FC0741048C2D36AFE8ED1,alert.py=logs/trace/SNS_Snapshots/SNS_24_SNAPSHOT_20250518_193739/modules/alert.py
124,algorithms.py,FC0F2E166380017F60E9EAD7ED26CD178234A267925407E4DB11AA0F4FC0FE74,algorithms.py=logs/trace/SNS_Snapshots/SNS_24_SNAPSHOT_20250518_193739/modules/algorithms.py
125,align.py,F4B2645DF7489AB2EC4623178C707AE6148D4A70FD2F5336021AFDBE4453FCF6,align.py=logs/trace/SNS_Snapshots/SNS_24_SNAPSHOT_20250518_193739/modules/align.py
126,android.py,F579FE9F167DB7ECF4551EC020B555DCD47162F722D863D3D4C028940D808620,android.py=logs/trace/SNS_Snapshots/SNS_24_SNAPSHOT_20250518_193739/modules/android.py
127,animation.py,3925F5C4BE2F0A8CC1C862778EEDE74ABC246401002804705AE6C59EB3E2B5CE,animation.py=logs/trace/SNS_Snapshots/SNS_24_SNAPSHOT_20250518_193739/modules/animation.py
128,ansi.py,0756DD3BDC79D8C518C6663E0A9A89CEFD85F7D7F53D2263B4CD2DF4E3900C59,ansi.py=logs/trace/SNS_Snapshots/SNS_24_SNAPSHOT_20250518_193739/modules/ansi.py
129,ansitowin32_34bddb38.py,94D277247E76C00E98B05332CB2C1ECA67F4E1FBD50FE52621F7188AFA838613,ansitowin32_34bddb38.py=logs/trace/SNS_Snapshots/SNS_24_SNAPSHOT_20250518_193739/modules/ansitowin32_34bddb38.py
130,api_cdbda8a9.py,A00855FC9D40CF56D1BD86ECF2C77CD10FB6890E9ABB71EE58C93E36172DE6A2,api_cdbda8a9.py=logs/trace/SNS_Snapshots/SNS_24_SNAPSHOT_20250518_193739/modules/api_cdbda8a9.py
131,api_login.py,C73CFE7336194D51CE58DAB8C482A381ACDCD3D529B42B2949F7677124E7D6F4,api_login.py=logs/trace/SNS_Snapshots/SNS_24_SNAPSHOT_20250518_193739/modules/api_login.py
132,api_login_12987cec.py,C73CFE7336194D51CE58DAB8C482A381ACDCD3D529B42B2949F7677124E7D6F4,api_login_12987cec.py=logs/trace/SNS_Snapshots/SNS_24_SNAPSHOT_20250518_193739/DELETE_TEMP_20250503/dashboards/api_login_12987cec.py
133,appdirs.py,BAA591F004529F679FB9AA13A480140168BAD2D0B331A724E80C9E811529266D,appdirs.py=logs/trace/SNS_Snapshots/SNS_24_SNAPSHOT_20250518_193739/modules/appdirs.py
134,application.py,37C48F08657A77E5F208A9359CCEE61A4EF6B722E59381215443ECF3C88D1DE1,application.py=logs/trace/SNS_Snapshots/SNS_24_SNAPSHOT_20250518_193739/modules/application.py
135,apply.py,7187B143D2098EE86C6DFC3B7680321A794846DE2952395EE6D2815B2E7C06DB,apply.py=logs/trace/SNS_Snapshots/SNS_24_SNAPSHOT_20250518_193739/modules/apply.py
136,approve_thread_requests.py,B42E4FC43108AE32CB245EF6C197C9AC31AF359ADA3A2ABE927822D8A2DF6C7B,approve_thread_requests.py=logs/trace/SNS_Snapshots/SNS_24_SNAPSHOT_20250518_193739/modules/approve_thread_requests.py
137,ARC2.py,2092FED4473AC615BFA948858EF207181C081BF981606FC948744DFE8F890A09,ARC2.py=logs/trace/SNS_Snapshots/SNS_24_SNAPSHOT_20250518_193739/modules/ARC2.py
138,archive_medias.py,EA8297CCF29E7CB70747250BE5C8C1EF32FAD50EF712E0D2B2D993E16D7B34F4,archive_medias.py=logs/trace/SNS_Snapshots/SNS_24_SNAPSHOT_20250518_193739/modules/archive_medias.py
139,argparsing.py,603039CD9FE122CE620DBE90723F22786E96D868E314084171561CA7D4AC7DDF,argparsing.py=logs/trace/SNS_Snapshots/SNS_24_SNAPSHOT_20250518_193739/modules/argparsing.py
140,arithmetic.py,4CE7696056C91D51E589B7068A636CE2C0330DB1B7A69AF74927E0E5559C692C,arithmetic.py=logs/trace/SNS_Snapshots/SNS_24_SNAPSHOT_20250518_193739/modules/arithmetic.py
141,array.py,1A24EE2148321F563DF0B2CE6686FBCA521047714ED585D9EC12C05C7FAAFE33,defchararray.py=logs/trace/SNS_Snapshots/SNS_24_SNAPSHOT_20250518_193739/modules/defchararray.py
142,arraylike.py,E0A247F8CE6AD3A2C1C11E1F925A57DA85C55B1E8AFD95227E469B1D7098834F,arraylike.py=logs/trace/SNS_Snapshots/SNS_24_SNAPSHOT_20250518_193739/modules/arraylike.py
143,arrayprint.py,B4173B4487DDBA3B7811F8AB280395B573DF63A6040B8BB8FE3F0CFB324E372F,arrayprint.py=logs/trace/SNS_Snapshots/SNS_24_SNAPSHOT_20250518_193739/modules/arrayprint.py
144,arrayterator.py,9BB21BA4952B08FDD65583AF8194A21B5080D56F64B8CF10F12A89B7107FF909,arrayterator.py=logs/trace/SNS_Snapshots/SNS_24_SNAPSHOT_20250518_193739/modules/arrayterator.py
145,array_constructors.py,9B737024319C2D744649579A290F0A4F2724ACAA68993D7CBBED2E50F13ED01A,array_constructors.py=logs/trace/SNS_Snapshots/SNS_24_SNAPSHOT_20250518_193739/modules/array_constructors.py
146,array_like.py,C5B7845B936EC9DBF8745FED1B6BF134718450EC0D5AC3DEF5F585197AFC8F6F,array_like.py=logs/trace/SNS_Snapshots/SNS_24_SNAPSHOT_20250518_193739/modules/array_like.py
147,array_manager.py,EB2C738D98A6923DF5F67022C16DA20410E144DEEA28B264FE2A2490DF43FB33,array_manager.py=logs/trace/SNS_Snapshots/SNS_24_SNAPSHOT_20250518_193739/modules/array_manager.py
148,array_ops.py,1213B049129B662C84916765322818D68F1636B82468E22AACF89CE1C70E55A7,array_ops.py=logs/trace/SNS_Snapshots/SNS_24_SNAPSHOT_20250518_193739/modules/array_ops.py
149,array_utils.py,F47CFFBB62EEEDD8562181482EED94D138AF993840782A518C848C7FB920A971,array_utils.py=modules/common/array_utils.py
150,arrow_parser_wrapper.py,07640EE2E3EB513794E27601C9810A8E825DC3EFA1DD4152D7747EC3AA47762F,arrow_parser_wrapper.py=logs/trace/SNS_Snapshots/SNS_24_SNAPSHOT_20250518_193739/modules/arrow_parser_wrapper.py
151,ashboard_all_logs.py,4D7FF37E787063A2ABA118A5A2A63A571D2F55D72F932026CAC8AEA38F63B418,dashboard_all_logs.py=logs/trace/SNS_Snapshots/SNS_24_SNAPSHOT_20250518_193739/DELETE_TEMP_20250503/dashboards/dashboard_all_logs.py
152,asn1.py,0775F3E7F59092EC4268D25D098DC25339C5076438E6412C6A7DA5DEC7FF1B86,asn1.py=logs/trace/SNS_Snapshots/SNS_24_SNAPSHOT_20250518_193739/modules/asn1.py
153,asserters.py,4280D54558F9A7E54E6B449C2BEC25D6BC3C862397D7EEAFCB3C140FD427CFB7,asserters.py=logs/trace/SNS_Snapshots/SNS_24_SNAPSHOT_20250518_193739/modules/asserters.py
154,astype.py,B31CDCCC32372DCEC8C60120D02DD45889894A6D0D4FF1459823BA2FACB0F2E0,astype.py=logs/trace/SNS_Snapshots/SNS_24_SNAPSHOT_20250518_193739/modules/astype.py
155,audio.py,E046E6BE1CD94897E0982195BE1E10687FA9155DA75681139DF01038CBFBE724,web_audio.py=logs/trace/SNS_Snapshots/SNS_24_SNAPSHOT_20250518_193739/modules/web_audio.py
156,AudioClip_a8db486f.py,BCEDC0F6E1C74A4D532B7824C102FA089EE7A00D8149B9F7507A10C0E9BAD63C,AudioClip_a8db486f.py=logs/trace/SNS_Snapshots/SNS_24_SNAPSHOT_20250518_193739/modules/AudioClip_a8db486f.py
157,AudioDelay.py,D654703E67591E2005139999567E07A1F12E1DE8F6193D637FE80C5CFCB4BD5C,AudioDelay.py=logs/trace/SNS_Snapshots/SNS_24_SNAPSHOT_20250518_193739/modules/AudioDelay.py
158,AudioFadeIn.py,F3E14C2DC7B8BEFE1A6FE7BF72F9CA2F579E494E9F29F1C2F9D003B474B27CA8,AudioFadeIn.py=logs/trace/SNS_Snapshots/SNS_24_SNAPSHOT_20250518_193739/modules/AudioFadeIn.py
159,AudioFadeOut.py,AA92267622B778089DB2BE57172C68667E7179F6EF28DFB2189E01DABB5D3E8A,AudioFadeOut.py=logs/trace/SNS_Snapshots/SNS_24_SNAPSHOT_20250518_193739/modules/AudioFadeOut.py
160,AudioFileClip.py,640755CEC9AE0168F85C814E48FA54A5F65689FEC982835184224BF031BC76B0,AudioFileClip.py=logs/trace/SNS_Snapshots/SNS_24_SNAPSHOT_20250518_193739/modules/AudioFileClip.py
161,AudioLoop_e9aadbbb.py,AD83777683EAD5853B776322D01FCD39008E5317CA478DBFCF0173C910803BC4,AudioLoop_e9aadbbb.py=logs/trace/SNS_Snapshots/SNS_24_SNAPSHOT_20250518_193739/modules/AudioLoop_e9aadbbb.py
162,AudioNormalize.py,E1F468589936F1E69DF2E3F7EB510C1F1EBC6265A9FA700007B801B65B880FC1,AudioNormalize.py=logs/trace/SNS_Snapshots/SNS_24_SNAPSHOT_20250518_193739/modules/AudioNormalize.py
164,autocompletion.py,B494E547ED3BE947A8E2319C7887BD5D07A9221EA873CE1A673115B93615B2CE,autocompletion.py=logs/trace/SNS_Snapshots/SNS_24_SNAPSHOT_20250518_193739/modules/autocompletion.py
165,autofill.py,A68755A45ACC3D923C10EA62BEB1CF66DF8BE91A17804D076474EED63F260671,autofill.py=logs/trace/SNS_Snapshots/SNS_24_SNAPSHOT_20250518_193739/modules/autofill.py
166,auto_post.py,EE8079F6DF77B4ECF6C54F6824619AAB93171A65B62410C1B77C6F7900C84C44,auto_post.py=logs/trace/SNS_Snapshots/SNS_24_SNAPSHOT_20250518_193739/modules/auto_post.py
167,auto_post_e779cdbf.py,463AE560D82EA434239624496CA84555B15FF1F59C5ADB8698D10DB914BE5C95,auto_post_e779cdbf.py=logs/trace/SNS_Snapshots/SNS_24_SNAPSHOT_20250518_193739/modules/auto_post_e779cdbf.py
168,background_service.py,E1CCEBA65E9DECAB3F2F10230FF78F66FCF21F06ED619141024E05C8945229E5,background_service.py=logs/trace/SNS_Snapshots/SNS_24_SNAPSHOT_20250518_193739/modules/background_service.py
169,bar.py,1D59E3B8B6EB6A4ADC339555573EEE173C8CCDF437E9E9CCBB5AC753D0D61922,progress_bar.py=logs/trace/SNS_Snapshots/SNS_24_SNAPSHOT_20250518_193739/modules/progress_bar.py
171,base64mime.py,613292A8E7C0603516476A27B5DA5484B8417D411A26CDA6090B69A2855181FF,base64mime.py=logs/trace/SNS_Snapshots/SNS_24_SNAPSHOT_20250518_193739/modules/base64mime.py
172,basestring.py,512E67CFFD114003AC3DFCD67373BDDFAE61F6816FD8FD6634317123F14A8044,fix_basestring.py=logs/trace/SNS_Snapshots/SNS_24_SNAPSHOT_20250518_193739/modules/fix_basestring.py
173,base_a87dbb56.py,E1C4B8DBE860D12DDC36EB620F2F0DA3C84D7DEB8E67495DE9C09784CA37B73A,base_a87dbb56.py=logs/trace/SNS_Snapshots/SNS_24_SNAPSHOT_20250518_193739/modules/base_a87dbb56.py
174,base_command.py,C60FA7C6D67D010628A192B5D6E1E417452BF03887AE931DB5C940C97785F95F,base_command.py=logs/trace/SNS_Snapshots/SNS_24_SNAPSHOT_20250518_193739/modules/base_command.py
175,base_parser.py,AA332FB6B9AA5AB9DA7ACD2CCE5988AD0AA212268D1AE0C6C0F7A45B2A37EAB9,base_parser.py=logs/trace/SNS_Snapshots/SNS_24_SNAPSHOT_20250518_193739/modules/base_parser.py
176,basic_example.py,F7B2E8B68D30679270C6C1847254555AE4713BD6133568FD3B666A248E891F8C,basic_example.py=logs/trace/SNS_Snapshots/SNS_24_SNAPSHOT_20250518_193739/modules/basic_example.py
177,bazaar.py,68F0A1B1679E38EDA2B8D8E6A8E6486101FEAE68967DC07C888E35BF839A5C67,bazaar.py=logs/trace/SNS_Snapshots/SNS_24_SNAPSHOT_20250518_193739/modules/bazaar.py
178,bbcode.py,B5914CFAE22733357001CB37F36543812D5704BFC47E07C459E4FF4F0C6E05AE,bbcode.py=logs/trace/SNS_Snapshots/SNS_24_SNAPSHOT_20250518_193739/modules/bbcode.py
179,BdfFontFile.py,F6E7A69B891BA9F8BC792C61411443BB34CEC0E675687284CF1658F41A031B4F,BdfFontFile.py=logs/trace/SNS_Snapshots/SNS_24_SNAPSHOT_20250518_193739/modules/BdfFontFile.py
180,before.py,3528B23AA24F5BC1A9086C32B27715ED48D3D6FDEF2B1500E627FA51067E8A75,before.py=logs/trace/SNS_Snapshots/SNS_24_SNAPSHOT_20250518_193739/modules/before.py
181,before_sleep.py,0A77307EF2045DD24035EF327F401F41EAF1FE9EB2274649533AA2FCA366B973,before_sleep.py=logs/trace/SNS_Snapshots/SNS_24_SNAPSHOT_20250518_193739/modules/before_sleep.py
182,bells.py,DF4B51181376C6BDF51724B2E900FA41BCDB31CDD8E85149C02C5F0135029A02,bells.py=logs/trace/SNS_Snapshots/SNS_24_SNAPSHOT_20250518_193739/modules/bells.py
184,big5freq.py,463E6C4085B77183DE85254C31D5C5F9F6C4B0FA5439C576998CBE346E3ABC40,big5freq.py=logs/trace/SNS_Snapshots/SNS_24_SNAPSHOT_20250518_193739/modules/big5freq.py
185,big5prober_7db97bd0.py,732125328545EE717EFC39DE4D2623365FB467F735834A2FF36C4757B5A422AC,big5prober_7db97bd0.py=logs/trace/SNS_Snapshots/SNS_24_SNAPSHOT_20250518_193739/modules/big5prober_7db97bd0.py
186,bindings.py,A7DCB79F8D398D48E31E129A83FE20C4A98D4434C4BB6368442B34732ACFFB61,bindings.py=logs/trace/SNS_Snapshots/SNS_24_SNAPSHOT_20250518_193739/modules/bindings.py
187,bitwise_ops.py,4C30011E3EA370D834CD9068A8EDC2A5F4C04659C86EFDB1B5E5324265A6AFE9,bitwise_ops.py=logs/trace/SNS_Snapshots/SNS_24_SNAPSHOT_20250518_193739/modules/bitwise_ops.py
188,BlackAndWhite.py,0334C40057750DC4075CD324E55CAF59D639C8847E64BFADB13A3D7C39100595,BlackAndWhite.py=logs/trace/SNS_Snapshots/SNS_24_SNAPSHOT_20250518_193739/modules/BlackAndWhite.py
189,black_white_lists_bab602db.py,52C7C79709426701B23AA89C1CEFD45CCCC3C90084338F8358F803A94DE72FBF,black_white_lists_bab602db.py=logs/trace/SNS_Snapshots/SNS_24_SNAPSHOT_20250518_193739/modules/black_white_lists_bab602db.py
190,BLAKE2b.py,14E90E15C31D84C2D436FB9EB6D567D2DB2A97C9D93AC2D7C1F180B0B8841D12,BLAKE2b.py=logs/trace/SNS_Snapshots/SNS_24_SNAPSHOT_20250518_193739/modules/BLAKE2b.py
191,BLAKE2s.py,FE45F24D5113C2541FBF01B59FCF5CD290AF0DBFA4B64BD1461397EB8BB69863,BLAKE2s.py=logs/trace/SNS_Snapshots/SNS_24_SNAPSHOT_20250518_193739/modules/BLAKE2s.py
192,Blink.py,5FDF0648C27A0B5301F61E9B715AA42D4A75629E3342C4B0D56246B230528F84,Blink.py=logs/trace/SNS_Snapshots/SNS_24_SNAPSHOT_20250518_193739/modules/Blink.py
193,blocks.py,1C20F3CC334147C118F15DF7810DCEDA932A69BBBBC6E1E3E17A04A73E3A8385,blocks.py=logs/trace/SNS_Snapshots/SNS_24_SNAPSHOT_20250518_193739/modules/blocks.py
194,block_bots.py,CF84FC1C1CB2702F62C1BB43F53B6E19B3932F509C48E6B3C472E0FADEFEC057,block_bots.py=logs/trace/SNS_Snapshots/SNS_24_SNAPSHOT_20250518_193739/modules/block_bots.py
195,Blowfish.py,5C0E824F3D659A2C701A1D0C69BFE679CEADBFFB378A1650EB9CA7648E06EB63,_EKSBlowfish.py=logs/trace/SNS_Snapshots/SNS_24_SNAPSHOT_20250518_193739/modules/_EKSBlowfish.py
196,BlpImagePlugin.py,3CEA5D5A88856BB1EE044CD1081F856591992DEDE446F0E37F9DECAC2064873C,BlpImagePlugin.py=logs/trace/SNS_Snapshots/SNS_24_SNAPSHOT_20250518_193739/modules/BlpImagePlugin.py
197,BmpImagePlugin.py,510A03240FF6F46430D7E49AE6F82BD1C6F9602948B0FF27DCB37044A7B31665,BmpImagePlugin.py=logs/trace/SNS_Snapshots/SNS_24_SNAPSHOT_20250518_193739/modules/BmpImagePlugin.py
198,boolean_ddba56b0.py,5DFCC1F32A71A30DB128E458B86E4994D36C6ED418DA54A95070093D6713D9C9,boolean_ddba56b0.py=logs/trace/SNS_Snapshots/SNS_24_SNAPSHOT_20250518_193739/modules/boolean_ddba56b0.py
199,bot_archive.py,16EE8067FD56253AF773473BBD70699B3A7AF2FCA13BE02BAB89508C9B834F11,bot_archive.py=logs/trace/SNS_Snapshots/SNS_24_SNAPSHOT_20250518_193739/modules/bot_archive.py
200,bot_cache.py,955D1734FED24C2EDB76F2FF68D4B96AE726FD2E8EDC23B236A2874821248C41,bot_cache.py=logs/trace/SNS_Snapshots/SNS_24_SNAPSHOT_20250518_193739/modules/bot_cache.py
201,bot_checkpoint.py,528B835588238D15DDF7EA2A040D2909109C0BF04FF13033EAD6E50BDD7D78FF,bot_checkpoint.py=logs/trace/SNS_Snapshots/SNS_24_SNAPSHOT_20250518_193739/modules/bot_checkpoint.py
202,bot_comment.py,3124DD2985202DA49AA0CE348CAB0EDDB52A7109377774A2DBA9177D29A16258,bot_comment.py=modules/dm/bot_comment.py
203,bot_delete.py,2B34A897043BA352CDE6BC65E6FCD88B6B4944AE778B87F747926C46FAD59237,bot_delete.py=logs/trace/SNS_Snapshots/SNS_24_SNAPSHOT_20250518_193739/modules/bot_delete.py
204,bot_direct.py,5C508CB16B3BA67AE59532ADF5B398FD1397BDB36A06A30BFD6F3085BC132FDA,bot_direct.py=modules/dm/bot_direct.py
205,bot_filter.py,2B5A006F01FDE3C93DB5F0C6BAEFC104DA2797E93351661F04FBE8FBB6A282E7,bot_filter.py=logs/trace/SNS_Snapshots/SNS_24_SNAPSHOT_20250518_193739/modules/bot_filter.py
206,bot_follow.py,BE8B0EBA30770632EEDE89D89451BAD2BED3E6B7A7ADDBD793220BB089C781A1,bot_follow.py=logs/trace/SNS_Snapshots/SNS_24_SNAPSHOT_20250518_193739/modules/bot_follow.py
207,bot_get.py,CB743F8DC70AE127A96EF150F0E9043B6BE64C74D88E0D2DEED7BA78936E068F,bot_get.py=logs/trace/SNS_Snapshots/SNS_24_SNAPSHOT_20250518_193739/modules/bot_get.py
208,bot_like_6dbb9223.py,99BA5307667AB29ADACB7229CCAD51B47390CD6A0935183C6EF404733148494B,bot_like_6dbb9223.py=modules/dm/bot_like_6dbb9223.py
209,bot_photo.py,A57F51C181AFFCBD364CB66738872BC9AB5377FBC4FABD2FCF7D457488EAA844,bot_photo.py=logs/trace/SNS_Snapshots/SNS_24_SNAPSHOT_20250518_193739/modules/bot_photo.py
210,bot_state.py,04D121BA553CED17A5419DB1E18DC096AF97A5185E37B2A15C22797C93EAADE8,bot_state.py=logs/trace/SNS_Snapshots/SNS_24_SNAPSHOT_20250518_193739/modules/bot_state.py
211,bot_stats.py,01E7E0BCFFCD87474DBEC83C850B619B75D9D7D3B816A7F7FD14D1900CB05965,bot_stats.py=logs/trace/SNS_Snapshots/SNS_24_SNAPSHOT_20250518_193739/modules/bot_stats.py
212,bot_story.py,E48F9B65AA5440FA192AE7D035D4583631A90769ABB7EC38654529F808238BF5,bot_story.py=logs/trace/SNS_Snapshots/SNS_24_SNAPSHOT_20250518_193739/modules/bot_story.py
213,bot_support.py,ACCEEA418BCE817975D3A46EAED053A6574A0F0CA78C800C47DA99FDA3F6919C,bot_support.py=logs/trace/SNS_Snapshots/SNS_24_SNAPSHOT_20250518_193739/modules/bot_support.py
214,bot_unfollow.py,B69133B301A17220F4E084D22407BD29917F41592E5B30BA1CB32C4C17DC0610,bot_unfollow.py=logs/trace/SNS_Snapshots/SNS_24_SNAPSHOT_20250518_193739/modules/bot_unfollow.py
215,bot_unlike.py,973A947F8F9362DCF6A52D7C25CC88E19869245AAB7E16584F98F60D766204AE,bot_unlike.py=logs/trace/SNS_Snapshots/SNS_24_SNAPSHOT_20250518_193739/modules/bot_unlike.py
216,bot_video.py,290DBE34E4176CD2EA450D59E343B3A6348638ACF879A881591D7C76B9217AEC,bot_video.py=logs/trace/SNS_Snapshots/SNS_24_SNAPSHOT_20250518_193739/modules/bot_video.py
217,box.py,7E184F5941459AD78310BD353F3150842E42CCB255941A5900CFE21F928F70A7,box.py=logs/trace/SNS_Snapshots/SNS_24_SNAPSHOT_20250518_193739/modules/box.py
218,boxplot.py,805A0B41B9B3D55DE6489DEC030D93810FDD56840287B3240B0FE1527EC34227,boxplot.py=logs/trace/SNS_Snapshots/SNS_24_SNAPSHOT_20250518_193739/modules/boxplot.py
219,bsdf.py,9ADFF1CF8D6E36DB09134226FD7FFA421029D39C9496317305BA6B5DFA0A7D27,bsdf.py=logs/trace/SNS_Snapshots/SNS_24_SNAPSHOT_20250518_193739/modules/bsdf.py
220,buffer.py,49F19BEAC415684B98FBF769435E2FD4C14C418EA6DC1E25864EA693FC319BAD,_receivebuffer.py=logs/trace/SNS_Snapshots/SNS_24_SNAPSHOT_20250518_193739/modules/_receivebuffer.py
221,BufrStubImagePlugin.py,BB000377FF29F070E9B0DC012C4C67AAE15489DEC0341F53FD5DCF37496B1C47,BufrStubImagePlugin.py=logs/trace/SNS_Snapshots/SNS_24_SNAPSHOT_20250518_193739/modules/BufrStubImagePlugin.py
222,build_env.py,2AF362D838BE7D78B6FAAE48F6A63BFCD882BB1EEE8B5A971E03F3F3F7D1C758,build_env.py=logs/trace/SNS_Snapshots/SNS_24_SNAPSHOT_20250518_193739/modules/build_env.py
223,build_tracker.py,B34583F955B06674E10E20DFA36C2171C9F405AA6FA0228F5BE59781570128EC,build_tracker.py=logs/trace/SNS_Snapshots/SNS_24_SNAPSHOT_20250518_193739/modules/build_tracker.py
224,builtins.py,661038E0C3BCAE74E9504D6D12C492FC771DBEAC9204D0E0C2191F7298E79C97,fix_future_builtins.py=logs/trace/SNS_Snapshots/SNS_24_SNAPSHOT_20250518_193739/modules/fix_future_builtins.py
225,by.py,15CAA6DA2CB1188A4E740FB16332E2D7B15C91FA0AF2C7E76AE5775EBB2D2A82,by.py=logs/trace/SNS_Snapshots/SNS_24_SNAPSHOT_20250518_193739/modules/by.py
227,cache_storage_53afddb6.py,17550F1425F44E3A00D589264F314D33E4898C1246EBB10D4B59CF8E89D05BEF,cache_storage_53afddb6.py=logs/trace/SNS_Snapshots/SNS_24_SNAPSHOT_20250518_193739/modules/cache_storage_53afddb6.py
228,candidate.py,CDF31ACD2E932905B724798CBF4DB19135A7CBA0FD1806788C31B7795CB39AC5,candidate.py=logs/trace/SNS_Snapshots/SNS_24_SNAPSHOT_20250518_193739/modules/candidate.py
229,candidates.py,F21FCCD6E4E78C5E32AA3767ECF04BC05A6BC961D43603FD0F07D0C912EF7C1F,found_candidates.py=logs/trace/SNS_Snapshots/SNS_24_SNAPSHOT_20250518_193739/modules/found_candidates.py
230,capi_maps.py,AFE30C10D06625C6CB063612B0B7E51E99F48C73F86A969F0DE8B67C2EF0B14F,capi_maps.py=logs/trace/SNS_Snapshots/SNS_24_SNAPSHOT_20250518_193739/modules/capi_maps.py
231,captions_for_medias.py,89D49633496D23B38D07B547B9F0BE5965AAC25A8E2A360108C03737A0ED1E00,captions_for_medias.py=logs/trace/SNS_Snapshots/SNS_24_SNAPSHOT_20250518_193739/modules/captions_for_medias.py
232,CAST.py,73929D974325166B80E8DC461BD52530088A089439815609CAA1079953C8E517,CAST.py=logs/trace/SNS_Snapshots/SNS_24_SNAPSHOT_20250518_193739/modules/CAST.py
233,casting.py,CEDA0DE1CA647430B671E3DA848FB482A0B7BA8E59B13B2C2C0D8835EA46B4E0,casting.py=logs/trace/SNS_Snapshots/SNS_24_SNAPSHOT_20250518_193739/modules/casting.py
234,categorical.py,11B8ACFCE18B9DE2954E2000C5E660C41836EB007637B533C6A65D467D008F60,categorical.py=logs/trace/SNS_Snapshots/SNS_24_SNAPSHOT_20250518_193739/modules/categorical.py
235,category.py,F07468AD6CE9DA92724CE4A210869513C59535223B52AAF6A1481D857CDA2F0B,category.py=logs/trace/SNS_Snapshots/SNS_24_SNAPSHOT_20250518_193739/modules/category.py
236,cb_rules_c3adb8b8.py,ED1A2660229243062AA1E931A8B0921E383DCE23C43C319037F1BBB8796983CA,cb_rules_c3adb8b8.py=logs/trace/SNS_Snapshots/SNS_24_SNAPSHOT_20250518_193739/modules/cb_rules_c3adb8b8.py
237,cd.py,7F0CD41AE975D7DF10E5C9384D57E683C20551E629A8199426543D22EFD089C2,freeze_418ddbcd.py=logs/trace/SNS_Snapshots/SNS_24_SNAPSHOT_20250518_193739/modules/freeze_418ddbcd.py
238,cdp.py,0DACC31442682D5521D922ED434602B899A5A0372AC0B2919E59CF60871DB4D6,cdp.py=logs/trace/SNS_Snapshots/SNS_24_SNAPSHOT_20250518_193739/modules/cdp.py
239,cells.py,6DB4B97E3058268BEA8B33ABE289E9BB227F294342F917FC780ED65367578939,cells.py=logs/trace/SNS_Snapshots/SNS_24_SNAPSHOT_20250518_193739/modules/cells.py
240,certs.py,A3A6AA5F2F7200FC22FDA9182D032C280A1D6530C2B07E5A23D98A4ABE6BAD8A,certs.py=logs/trace/SNS_Snapshots/SNS_24_SNAPSHOT_20250518_193739/modules/certs.py
241,cfuncs.py,3916D0552DCB9CB8A63832609F4EFAD43B33ABB0C949AD8E4FF48FC738B8B654,cfuncs.py=logs/trace/SNS_Snapshots/SNS_24_SNAPSHOT_20250518_193739/modules/cfuncs.py
242,ChaCha20.py,E044D3BC444B2CA19180A9448A52D357B887CA068CB2525469E3D0023638458D,ChaCha20.py=logs/trace/SNS_Snapshots/SNS_24_SNAPSHOT_20250518_193739/modules/ChaCha20.py
243,ChaCha20_Poly1305.py,7A7807A366122EA9BDC21E034EAEED64800A8A3F6CCE1F038F45A7C8828C3159,ChaCha20_Poly1305.py=logs/trace/SNS_Snapshots/SNS_24_SNAPSHOT_20250518_193739/modules/ChaCha20_Poly1305.py
244,char.py,E44C1244762F31771A4AF118DADEFEFAA5A37CC49D62C6CAAB45AB54A7AB1520,char.py=logs/trace/SNS_Snapshots/SNS_24_SNAPSHOT_20250518_193739/modules/char.py
245,chardetect_1dbc0df4.py,A7D8050A312AD57AA83AA1B89F6437F7EE87D97D45ED979DEABC470C1B473E32,chardetect_1dbc0df4.py=logs/trace/SNS_Snapshots/SNS_24_SNAPSHOT_20250518_193739/modules/chardetect_1dbc0df4.py
246,chardistribution.py,E9FF8D240984C44CD7B41FF653DEDCAD69C88B445F87F60472D83070912BCE61,chardistribution.py=logs/trace/SNS_Snapshots/SNS_24_SNAPSHOT_20250518_193739/modules/chardistribution.py
247,charset.py,4CC12165A608052A9E6535EB4A8412659013250FBCD85F4377A62612A7F0BA7B,charset.py=logs/trace/SNS_Snapshots/SNS_24_SNAPSHOT_20250518_193739/modules/charset.py
248,charsetgroupprober.py,6D8F64FB9E239FD99CE10040B6502C0F5333D7DD99D2951FECB2D1AA48B6727A,charsetgroupprober.py=logs/trace/SNS_Snapshots/SNS_24_SNAPSHOT_20250518_193739/modules/charsetgroupprober.py
249,charsetprober.py,E0B44933D2C0ECF0F92926493DA620C036A9CE94D23A133968882E08766193B9,mbcharsetprober.py=logs/trace/SNS_Snapshots/SNS_24_SNAPSHOT_20250518_193739/modules/mbcharsetprober.py
250,chebyshev.py,C3CA3C36CC858D0AAB680FD67796466C2E80C4D718ECDE6AD18EF50F7498E025,chebyshev.py=logs/trace/SNS_Snapshots/SNS_24_SNAPSHOT_20250518_193739/modules/chebyshev.py
252,cleanup_old_logs.py,35F7CFE61529DEA4F41F233B7FB538487E9280A1EF09329F0A98D61AC9228D10,cleanup_old_logs.py=logs/trace/SNS_Snapshots/SNS_24_SNAPSHOT_20250518_193739/modules/cleanup_old_logs.py
253,cli.py,35288C08A694563135A4A5DE2CEDB084DE144F62DDCFA35D6D57217A7B6A45D5,cli.py=logs/trace/SNS_Snapshots/SNS_24_SNAPSHOT_20250518_193739/modules/cli.py
254,client.py,2DA00E5A403D83D27BBD11880B605303B21027BA387E1CCC792E08C8D8E391D9,client.py=logs/trace/SNS_Snapshots/SNS_24_SNAPSHOT_20250518_193739/modules/client.py
255,client_config.py,169FD977AE6169BCCBC3B3B0140E55FEAAA8645B0206BA09DFDED5097D7A3473,client_config.py=logs/trace/SNS_Snapshots/SNS_24_SNAPSHOT_20250518_193739/modules/client_config.py
257,clipboards.py,48615C8BB148507C44B1030C38BC7B18481F9B1FA5CB38EA4AF9BAB32B270C87,clipboards.py=logs/trace/SNS_Snapshots/SNS_24_SNAPSHOT_20250518_193739/modules/clipboards.py
258,CMAC.py,34DD84C6CBAD8649F628458CAB937368B35259B7EE6F37501DC78D5421F26360,CMAC.py=logs/trace/SNS_Snapshots/SNS_24_SNAPSHOT_20250518_193739/modules/CMAC.py
259,cmdoptions.py,81285A4ECB03816AE61BDA57CBC101B6DBC9ED2321C75F4EBF825CF68790C0C7,cmdoptions.py=logs/trace/SNS_Snapshots/SNS_24_SNAPSHOT_20250518_193739/modules/cmdoptions.py
260,codec.py,E5D6095F9D2EE59A866D746B180167E5D5390FFFF9B308F59C8B01C8B8ACE235,codec.py=logs/trace/SNS_Snapshots/SNS_24_SNAPSHOT_20250518_193739/modules/codec.py
261,codingstatemachine.py,6220C4B05DDCADC90128DEDF0D806FA1583A6F75C3E8C11F47BFFBB3CD8D9545,codingstatemachine.py=logs/trace/SNS_Snapshots/SNS_24_SNAPSHOT_20250518_193739/modules/codingstatemachine.py
262,codingstatemachinedict.py,A2F3ACE67DE50682345CABEBD8492E774C1BD8EAC37ED7EE44367A2DE6203881,codingstatemachinedict.py=logs/trace/SNS_Snapshots/SNS_24_SNAPSHOT_20250518_193739/modules/codingstatemachinedict.py
263,collections_abc.py,E5C6F131010C6951D8BA40BF6815321E353523FAAAEA73D202FB277906660E3C,collections_abc.py=logs/trace/SNS_Snapshots/SNS_24_SNAPSHOT_20250518_193739/modules/collections_abc.py
264,collector.py,466C820189A941930222B4B3C43918206F9F5907060B31EEE03A61FDCDADEC3B,collector.py=modules/metrics/collector.py
265,collect_stats.py,F2B856D64813521DECC9C2C12765CFCD76B5DE80ECA2D0DEAC9DD2EACDDAFFC0,collect_stats.py=logs/trace/SNS_Snapshots/SNS_24_SNAPSHOT_20250518_193739/modules/collect_stats.py
266,color.py,12385349D88735F761FF5A5D035C59CD5E077E08B0AFE8634C793DA3CB7E8F4D,color.py=logs/trace/SNS_Snapshots/SNS_24_SNAPSHOT_20250518_193739/modules/color.py
267,colorchooser.py,87062B34FEB18E6DB60E423B4629250470F294974BE53A61A23660A4C79FB9BC,colorchooser.py=logs/trace/SNS_Snapshots/SNS_24_SNAPSHOT_20250518_193739/modules/colorchooser.py
268,color_triplet.py,BCCCB5BABB747AED34354DE4E89A7960CBFFC381C1C55265CCF6EBDDD64F44C0,color_triplet.py=logs/trace/SNS_Snapshots/SNS_24_SNAPSHOT_20250518_193739/modules/color_triplet.py
269,column.py,44859DD7D3B4088B86473397DF6E87626BF25C576576151CBCB88050FCA1AFA4,column.py=logs/trace/SNS_Snapshots/SNS_24_SNAPSHOT_20250518_193739/modules/column.py
270,columns.py,C1E2F100778A56FE659C728A19A5AC00368294A1121BB40C4583E4CF1A9AC8A2,columns.py=logs/trace/SNS_Snapshots/SNS_24_SNAPSHOT_20250518_193739/modules/columns.py
272,command_context.py,4B47744E563DC22E44316549DD068B1512A5384D5714BCFDD351E906A35C7388,command_context.py=logs/trace/SNS_Snapshots/SNS_24_SNAPSHOT_20250518_193739/modules/command_context.py
273,comment_hashtags.py,75AD4AB3051B4FD8642FED022305D366A39CA2EA0413F4E1D26EB8FE190607A5,comment_hashtags.py=logs/trace/SNS_Snapshots/SNS_24_SNAPSHOT_20250518_193739/modules/comment_hashtags.py
274,comment_medias_by_location.py,B89B5773796740259ED25EEEBB301A3118D9D4EE87963E84ECBA6A3592B9EFCB,comment_medias_by_location.py=logs/trace/SNS_Snapshots/SNS_24_SNAPSHOT_20250518_193739/modules/comment_medias_by_location.py
275,comment_your_feed.py,D5C74E266BC667F4A9CF76D90FB7F4536D26317DBCBD4CE495CB553791624581,comment_your_feed.py=logs/trace/SNS_Snapshots/SNS_24_SNAPSHOT_20250518_193739/modules/comment_your_feed.py
276,common.py,CF92A5163DB6988F44F907F4E0176C0AC21410228591FFD51F08D55E2C250CE6,_common.py=.venv/Lib/site-packages/setuptools/_vendor/importlib_resources/_common.py
277,comparisons.py,7A5B273462F5085D7F0173DB87B19D01304DF4D40444191B74C6CAC72CACFED8,comparisons.py=logs/trace/SNS_Snapshots/SNS_24_SNAPSHOT_20250518_193739/modules/comparisons.py
279,compatibility_tags.py,CF2D98937BFF7247AD6FEB3CCC00D0420F7A69DDC25446A0871209336EF18A28,compatibility_tags.py=logs/trace/SNS_Snapshots/SNS_24_SNAPSHOT_20250518_193739/modules/compatibility_tags.py
280,compat_8db5c14b.py,7C7A0C498A65636BF4A648FED47FF133221775DE6E2F26B936E3EC3A385142FE,compat_8db5c14b.py=logs/trace/SNS_Snapshots/SNS_24_SNAPSHOT_20250518_193739/modules/compat_8db5c14b.py
281,completion.py,14656DA8DD93CC0058856BB40263858175A9B700E4CFAC51866EABCBD0730920,completion.py=logs/trace/SNS_Snapshots/SNS_24_SNAPSHOT_20250518_193739/modules/completion.py
282,composer.py,BBF7760C22CAA28BA23E0F249B23CAB446B560AAA7DF9DB862A4ABFA6083F976,composer.py=logs/trace/SNS_Snapshots/SNS_24_SNAPSHOT_20250518_193739/modules/composer.py
283,CompositeVideoClip.py,997E40F8558644A512AC1213EE491D5313808212073F13EB291826973D56FC0B,CompositeVideoClip.py=logs/trace/SNS_Snapshots/SNS_24_SNAPSHOT_20250518_193739/modules/CompositeVideoClip.py
284,compressors.py,F8A1E2A7B0D015552BFE3C97C9FDCA502AFAF52366A018D3B6E5BE6FFD965BE9,compressors.py=logs/trace/SNS_Snapshots/SNS_24_SNAPSHOT_20250518_193739/modules/compressors.py
285,concat.py,B0F63342A62BE4885B463FA61674D4C461D0C5D2BAD744465CFCD6510E4944DA,concat.py=logs/trace/SNS_Snapshots/SNS_24_SNAPSHOT_20250518_193739/modules/concat.py
286,concat_bee6db73.py,1EA86EB59B9593F896D2DD2E5B3E520E65C5E4D2C73A8EBAB9A55E7DC826DB77,concat_bee6db73.py=logs/trace/SNS_Snapshots/SNS_24_SNAPSHOT_20250518_193739/modules/concat_bee6db73.py
288,config_init_fc0498db.py,E7686880B2822819E48033DBC4DF45C1C47731E76E06AD9FD5F2DB2C45647AB9,config_init_fc0498db.py=logs/trace/SNS_Snapshots/SNS_24_SNAPSHOT_20250518_193739/modules/config_init_fc0498db.py
291,constant.py,5E973FE821B4020C5B04218D531003E6B48D76006B875D2D633EDC29170F04E9,constant.py=logs/trace/SNS_Snapshots/SNS_24_SNAPSHOT_20250518_193739/modules/constant.py
292,constants.py,88ED0EEC253CA9FDF8A0D257E177F2DE61BBEA8D673763A8AE3D014AB1961D54,sas_constants.py=logs/trace/SNS_Snapshots/SNS_24_SNAPSHOT_20250518_193739/modules/sas_constants.py
293,constrain.py,4B156FB15DE39EB4277340C073FA4721496DF89FAADA779F8B34C1A9AF50B0B6,constrain.py=logs/trace/SNS_Snapshots/SNS_24_SNAPSHOT_20250518_193739/modules/constrain.py
294,constraint.py,F3B58A96EE3F2E657FB31722C5EFC81ECB7B34C96B158C16EEDD4A446921D910,constraint.py=logs/trace/SNS_Snapshots/SNS_24_SNAPSHOT_20250518_193739/modules/constraint.py
295,construction.py,3C7FCD3DC22CF36D286655A1861757DA169BD76453D5223CCDD1037A3BE5E740,construction.py=logs/trace/SNS_Snapshots/SNS_24_SNAPSHOT_20250518_193739/modules/construction.py
296,constructor.py,66AE5D0281278BE66159621AC957248EF69C726BF79653D3A085A54AD4BD2DC6,constructor.py=logs/trace/SNS_Snapshots/SNS_24_SNAPSHOT_20250518_193739/modules/constructor.py
297,constructors.py,600B0377FF0AE49BAC2B98461BEF3347C557AECFEEFD8BDBE2BD036DDC14D459,constructors.py=logs/trace/SNS_Snapshots/SNS_24_SNAPSHOT_20250518_193739/modules/constructors.py
298,ContainerIO.py,0B349FE7E373DD84A549FE75F0B1FC626003CD5BE51ED747C1FD9A512064029D,ContainerIO.py=logs/trace/SNS_Snapshots/SNS_24_SNAPSHOT_20250518_193739/modules/ContainerIO.py
299,containers.py,6D802DC0A133FBEFFC50591C1CA9B766E61992CB0BC6C81C83CC8F94B62606E8,containers.py=logs/trace/SNS_Snapshots/SNS_24_SNAPSHOT_20250518_193739/modules/containers.py
300,contexts.py,FFC9B16FAF10DBD1BC6C1681FA5EE6E2FDDF4375F531DD7D66B8FD2350ADD941,contexts.py=logs/trace/SNS_Snapshots/SNS_24_SNAPSHOT_20250518_193739/modules/contexts.py
301,control.py,630E9546EE6051846665ED0334B4D376D1BD1A351BDE3462A531C9B0AD3C5A55,versioncontrol.py=logs/trace/SNS_Snapshots/SNS_24_SNAPSHOT_20250518_193739/modules/versioncontrol.py
302,controller.py,0CA2553A9E9562D901DB7E94A7510C3A625157A7D76B97CD93BEAADBBD9671BC,controller.py=logs/trace/SNS_Snapshots/SNS_24_SNAPSHOT_20250518_193739/modules/controller.py
303,converter.py,D425A6D359B5C585479775CCC54455C2A19C71F0104AAB704B0C9A5FB4CED561,locator_converter.py=logs/trace/SNS_Snapshots/SNS_24_SNAPSHOT_20250518_193739/modules/locator_converter.py
304,cookiejar.py,C526DD0342E0E387DBA3E98F7713FCEA3A6D76B7AFDD1003405DF374D6427772,cookiejar.py=logs/trace/SNS_Snapshots/SNS_24_SNAPSHOT_20250518_193739/modules/cookiejar.py
305,cookies.py,F6EDF2B22C5596C421681D97199E0F34C82DB60915FBF3DAC3B889F3D5B4AEEA,cookies.py=logs/trace/SNS_Snapshots/SNS_24_SNAPSHOT_20250518_193739/modules/cookies.py
307,Counter.py,DDDF90A4EC3E03A57D1391B503D46D218B79ACF969D799795F7D6439B04C0528,Counter.py=logs/trace/SNS_Snapshots/SNS_24_SNAPSHOT_20250518_193739/modules/Counter.py
308,count_logtables_rows.py,3118919727AE51B662E4DF8873BB3FF332765ACC021236AF7DFF6DD11022C660,count_logtables_rows.py=logs/trace/SNS_Snapshots/SNS_24_SNAPSHOT_20250518_193739/modules/count_logtables_rows.py
309,cp949prober.py,9F8CDDC77031ADFDCA03B74D2B8014B612BE0F3301DDF1BB20B601C6B1CB6AB2,cp949prober.py=logs/trace/SNS_Snapshots/SNS_24_SNAPSHOT_20250518_193739/modules/cp949prober.py
310,crackfortran.py,00FC4D053794AB8FC31F4AF5BEC2A4CF11CEE52EB67698587595E505470E0FB2,crackfortran.py=logs/trace/SNS_Snapshots/SNS_24_SNAPSHOT_20250518_193739/modules/crackfortran.py
311,create_trace_db.py,0EC883EAE8259559768394923DB61637219CE8D79062E915B90A0E57FF6021CD,create_trace_db.py=modules/common/create_trace_db.py
312,credits.py,0AE12B3260F137EA1E5278DEF6FFC18180F1BBA2E57F0477C25FBA37A394FB52,credits.py=logs/trace/SNS_Snapshots/SNS_24_SNAPSHOT_20250518_193739/modules/credits.py
313,Crop.py,886155ACD92C7412D5DE8AECE0AAC5C340B23E0F1D4BE8965B2FC0F42389FA3A,Crop.py=logs/trace/SNS_Snapshots/SNS_24_SNAPSHOT_20250518_193739/modules/Crop.py
314,CrossFadeIn.py,648420979CE6B0025F19052F2BE8AEDC96CCAB16695818EA1831891F7B96F5BD,CrossFadeIn.py=logs/trace/SNS_Snapshots/SNS_24_SNAPSHOT_20250518_193739/modules/CrossFadeIn.py
315,CrossFadeOut.py,7AD2257EA15B0C933CC250E13DE10EAC5DB9D1E16E270CB914CCB53F596F1026,CrossFadeOut.py=logs/trace/SNS_Snapshots/SNS_24_SNAPSHOT_20250518_193739/modules/CrossFadeOut.py
316,cSHAKE128.py,678A01D3E36A00D1B5F298EC770ABACFEBCCCD7FA1A1A294F12B72D42DC8D78C,cSHAKE128.py=logs/trace/SNS_Snapshots/SNS_24_SNAPSHOT_20250518_193739/modules/cSHAKE128.py
317,cSHAKE256.py,6A99FF13D36E7A7608E23E5CF22C279F5230AEBA5C040D9D3429B8325EDF9B61,cSHAKE256.py=logs/trace/SNS_Snapshots/SNS_24_SNAPSHOT_20250518_193739/modules/cSHAKE256.py
318,css_match.py,D533884CAD82430CE99D9622F0964D0BD4A2101A97A41A67577B2B6AE381B6E6,css_match.py=logs/trace/SNS_Snapshots/SNS_24_SNAPSHOT_20250518_193739/modules/css_match.py
320,css_types.py,8BC096F9C6672C902193688FB3FB3F658EC1BB26F5C9A9794C5654D21BCB9D03,css_types.py=logs/trace/SNS_Snapshots/SNS_24_SNAPSHOT_20250518_193739/modules/css_types.py
321,csvs.py,BAF007332EFAC7EC9A14DF27E54302DC99AA506A152646D8D4A299B63EB681BF,csvs.py=logs/trace/SNS_Snapshots/SNS_24_SNAPSHOT_20250518_193739/modules/csvs.py
322,ctypeslib.py,D722825750437A25D99B4A6BD68E36ED2D393F9D5D4DF98EC223B582EA6CC33F,ctypeslib.py=logs/trace/SNS_Snapshots/SNS_24_SNAPSHOT_20250518_193739/modules/ctypeslib.py
323,CurImagePlugin.py,8C73273139B866DB1B781515D0E9B8A6D9AAF817A6D867CFEE2FB1590130209C,CurImagePlugin.py=logs/trace/SNS_Snapshots/SNS_24_SNAPSHOT_20250518_193739/modules/CurImagePlugin.py
324,cuts.py,12D9FB0F75DD6EF253E6ABBFD8A06CAB0E1E0F939288F2742D83A31E1B4D5F7B,cuts.py=logs/trace/SNS_Snapshots/SNS_24_SNAPSHOT_20250518_193739/modules/cuts.py
325,cversions.py,D14089CFF71DEEA20B240FC021E2731371C2F494935F643453CBFCEA711EC54B,cversions.py=logs/trace/SNS_Snapshots/SNS_24_SNAPSHOT_20250518_193739/modules/cversions.py
326,cyaml.py,47FAFF64A7077BAC4B941A4AD2B5A9328247C882EB50CBC6F4A40295A4381B82,cyaml.py=logs/trace/SNS_Snapshots/SNS_24_SNAPSHOT_20250518_193739/modules/cyaml.py
327,c_parser_wrapper.py,8FF141C5A9DACFAA57BFCC77FF9958FB27B712DF549CF653AE2C2AD47BC078AC,c_parser_wrapper.py=logs/trace/SNS_Snapshots/SNS_24_SNAPSHOT_20250518_193739/modules/c_parser_wrapper.py
328,dammit.py,3C9555CEF8C6F1CE015E799FEAA9D66B4EB955C66E924114ED5C084528B35AB9,dammit.py=logs/trace/SNS_Snapshots/SNS_24_SNAPSHOT_20250518_193739/modules/dammit.py
330,dashboard_command_log.py,42A411F14D1B2B52F0653470F51C6CFAB2F95FAF71ABC5B40B2366EF83E4FBD4,dashboard_command_log.py=logs/trace/SNS_Snapshots/SNS_24_SNAPSHOT_20250518_193739/DELETE_TEMP_20250503/dashboards/dashboard_command_log.py
331,dashboard_design_trace.py,47029EE492994C788FD9F0048EA98D605D7E4CE36904579F12C8444A5184AF84,dashboard_design_trace.py=logs/trace/SNS_Snapshots/SNS_24_SNAPSHOT_20250518_193739/modules/dashboard_design_trace.py
332,dashboard_disk_log.py,4BB4B9F42F416B9F626B39AF74DEEFBCF67AEFF9B67D4DFCE886D45853FF781C,dashboard_disk_log.py=logs/trace/SNS_Snapshots/SNS_24_SNAPSHOT_20250518_193739/DELETE_TEMP_20250503/dashboards/dashboard_disk_log.py
333,dashboard_env_log.py,615517CF2335FC21914DEFF1EFD8B0CAB7A408478086535D65F3F577FF7C1AA1,dashboard_env_log.py=logs/trace/SNS_Snapshots/SNS_24_SNAPSHOT_20250518_193739/DELETE_TEMP_20250503/dashboards/dashboard_env_log.py
334,dashboard_full_tabs.py,B3DC3442CE718966280C907532461269B6F0FDD93C03409E0D7926FAADE6CD40,dashboard_full_tabs.py=logs/trace/SNS_Snapshots/SNS_24_SNAPSHOT_20250518_193739/modules/dashboard_full_tabs.py
335,dashboard_network_log.py,71F9CE468C2FD4A3B97F08850923CA45B38BCEC9BAEDEE42C56156A45815E6DC,dashboard_network_log.py=logs/trace/SNS_Snapshots/SNS_24_SNAPSHOT_20250518_193739/DELETE_TEMP_20250503/dashboards/dashboard_network_log.py
336,dashboard_session_integrity.py,9E73D6D962FC96E3F2B8C25EC97C098FB5FF5E0F9441E19A9324D2C982009684,dashboard_session_integrity.py=logs/trace/SNS_Snapshots/SNS_24_SNAPSHOT_20250518_193739/DELETE_TEMP_20250503/dashboards/dashboard_session_integrity.py
337,dashboard_session_log.py,5E0B599B464CEC4387F4DBCED9B0A5383AF6CBB22B9F0BD145BAB1D1E78998D8,dashboard_session_log.py=logs/trace/SNS_Snapshots/SNS_24_SNAPSHOT_20250518_193739/DELETE_TEMP_20250503/dashboards/dashboard_session_log.py
338,dashboard_trace.py,7CC798DDA955CF2C4664BB5EB728AD1A2CA7BEF74B99E16CF102A305A5AE6BC9,dashboard_trace.py=logs/trace/SNS_Snapshots/SNS_24_SNAPSHOT_20250518_193739/modules/dashboard_trace.py
339,dashboard_trace_git.py,069913DFCDF0EEC4ADD7D87812863F84CBBAB5ABD538C450892FA71883340526,dashboard_trace_git.py=logs/trace/SNS_Snapshots/SNS_24_SNAPSHOT_20250518_193739/modules/dashboard_trace_git.py
340,dask.py,096527931E52A0EAD5DBD5DC35BFCBD61F14510B5C6F8D29C077B4B6759AE974,dask.py=logs/trace/SNS_Snapshots/SNS_24_SNAPSHOT_20250518_193739/modules/dask.py
341,database.py,D91FA80D11B5AAA1EEDD02A9565DEC4F51421F4E00A68860A0AD095C19EA468A,database.py=logs/trace/SNS_Snapshots/SNS_24_SNAPSHOT_20250518_193739/modules/database.py
342,dataframe.py,D71A78AF60BCD56B467C45EA6F970920D03A398F86D778A604E907B56414F857,dataframe.py=logs/trace/SNS_Snapshots/SNS_24_SNAPSHOT_20250518_193739/modules/dataframe.py
343,dataframe_protocol.py,07D65A670AF62376F5F39F3E7A8FADFC7E27FB83E4BCAE19EA35E9D817C555B1,dataframe_protocol.py=logs/trace/SNS_Snapshots/SNS_24_SNAPSHOT_20250518_193739/modules/dataframe_protocol.py
344,datetimelike.py,12E34D49F094091602ED479680738B35428F57164973D4351BEB822649A91330,datetimelike.py=logs/trace/SNS_Snapshots/SNS_24_SNAPSHOT_20250518_193739/modules/datetimelike.py
345,datetimelike_accumulations.py,4839979B64DC0E2FEB1E79BD96E034CB18B088FF27C28A4BDA65C824C7C93B3E,datetimelike_accumulations.py=logs/trace/SNS_Snapshots/SNS_24_SNAPSHOT_20250518_193739/modules/datetimelike_accumulations.py
346,datetimes.py,C0011443844BC52E78C5B591F52002C35873403104AA231F09D34CB4CD16EF1B,datetimes.py=logs/trace/SNS_Snapshots/SNS_24_SNAPSHOT_20250518_193739/modules/datetimes.py
347,db.py,CDC31A8CCEE8AC0696D6747D1025F8AE2A4828B4EE650BEF86FD35AAD36F42F4,__init___a3f0ecdb.py=modules/common/__init___a3f0ecdb.py
348,DcxImagePlugin.py,9D63F4D77FAAC42523F3D31B0E194580FAD3A503651FA6F14192E4EB3989ACE7,DcxImagePlugin.py=logs/trace/SNS_Snapshots/SNS_24_SNAPSHOT_20250518_193739/modules/DcxImagePlugin.py
349,DdsImagePlugin.py,CE698B4869C4F49DD62610BC3290D6EE2B23D38C6D29748FBB6F83ACB18B8DAE,DdsImagePlugin.py=logs/trace/SNS_Snapshots/SNS_24_SNAPSHOT_20250518_193739/modules/DdsImagePlugin.py
350,debug.py,7688CA317DA75D82BE0A85238DBA34A3E91FB59BFA5864B9B8E81A84009F4899,debug.py=logs/trace/SNS_Snapshots/SNS_24_SNAPSHOT_20250518_193739/modules/debug.py
351,debugger.py,A1371770EA14215C1CA6DCAE3C1455EDA300BFEE65A7E884DEDD08736653790E,debugger.py=logs/trace/SNS_Snapshots/SNS_24_SNAPSHOT_20250518_193739/modules/debugger.py
352,decoder.py,0B97B75E700142F30CC4C15AE5AACC71A532A4D3EF12DF420D2A94A2BC986457,decoder.py=logs/trace/SNS_Snapshots/SNS_24_SNAPSHOT_20250518_193739/modules/decoder.py
353,decorator.py,1DACE7D21C6A5703E8C011D1F63FE74316E664C3C189C9B1B68DDC9F4A29559B,decorator.py=logs/trace/SNS_Snapshots/SNS_24_SNAPSHOT_20250518_193739/modules/decorator.py
354,decorators.py,1E6C10A0A4D8C460ED6AB76AD8A26DA4AF9BA4121351FC426D50D01F5B3944CC,decorators.py=logs/trace/SNS_Snapshots/SNS_24_SNAPSHOT_20250518_193739/modules/decorators.py
355,default_styles.py,4F4A3798C0EDCA115F466C942F79E6E9454BCB91AF3281A2E2536419FC6F6FE6,default_styles.py=logs/trace/SNS_Snapshots/SNS_24_SNAPSHOT_20250518_193739/modules/default_styles.py
357,defmatrix.py,B7910C7D6624487152935616375C7D5F1D230CB102DC149752B53EDBA549C14E,defmatrix.py=logs/trace/SNS_Snapshots/SNS_24_SNAPSHOT_20250518_193739/modules/defmatrix.py
358,deprecated.py,F5A69AEF9F15DD62C43E04FCCE23699948C9E4E7C409C9264CD2FFBE409401DE,deprecated.py=logs/trace/SNS_Snapshots/SNS_24_SNAPSHOT_20250518_193739/modules/deprecated.py
359,deprecation.py,DF9527744C7A9530BB353854584D24651AB99ACA1DBA655A9BC96A63A549A702,_deprecation.py=logs/trace/SNS_Snapshots/SNS_24_SNAPSHOT_20250518_193739/modules/_deprecation.py
360,DES.py,4AD5CCF4CA8B1C1FE862DD8DF901D3E55D7F7A365194FFE415B6DFE9F8596C23,DES.py=logs/trace/SNS_Snapshots/SNS_24_SNAPSHOT_20250518_193739/modules/DES.py
361,DES3.py,96B025B6CB4DDBD9F94D19147960C890375DE1BAF19F1251F7A0619EAF484740,DES3.py=logs/trace/SNS_Snapshots/SNS_24_SNAPSHOT_20250518_193739/modules/DES3.py
362,describe.py,554A027DC60F1E6871DA5408E8BB2DCFE0FF8FE686B85E3C3433DD8BDD047B3D,describe.py=logs/trace/SNS_Snapshots/SNS_24_SNAPSHOT_20250518_193739/modules/describe.py
363,desired_capabilities.py,93A3C8787C32D8FA6CCB86859AEFD820DA53C9AE9C939BA619E2833077614A6A,desired_capabilities.py=logs/trace/SNS_Snapshots/SNS_24_SNAPSHOT_20250518_193739/modules/desired_capabilities.py
364,devices.py,6C2C288B1069B6106A3B4BEFEC95B3A47E481F436383A51557F11F51592EEECB,devices.py=logs/trace/SNS_Snapshots/SNS_24_SNAPSHOT_20250518_193739/modules/devices.py
365,device_access.py,75815D5FE330CE6DD5C13CA80F715BE33B6AA09C66F0BE26AB3A5B73EB84DEFC,device_access.py=logs/trace/SNS_Snapshots/SNS_24_SNAPSHOT_20250518_193739/modules/device_access.py
366,device_orientation_f534db45.py,CCD8327D07225A4062AAD508990FA8035DEA7118063685AE793BE299056289EB,device_orientation_f534db45.py=logs/trace/SNS_Snapshots/SNS_24_SNAPSHOT_20250518_193739/modules/device_orientation_f534db45.py
367,DH.py,5F31B0A02BBC88690CC94E4E9C420E2D251A95F0436622348E988BE8B896EF1A,DH.py=logs/trace/SNS_Snapshots/SNS_24_SNAPSHOT_20250518_193739/modules/DH.py
368,dialog.py,18BB148675EC2AB0A9F7017F5115F48BEC66FBC7A3D30373BE53521B89206FD6,dialog.py=logs/trace/SNS_Snapshots/SNS_24_SNAPSHOT_20250518_193739/modules/dialog.py
369,dicom.py,F98AE752241455F1B0E295CF0920611C7D4D71DADB6D778E1A3708DFFE53D2C5,dicom.py=logs/trace/SNS_Snapshots/SNS_24_SNAPSHOT_20250518_193739/modules/dicom.py
370,dim2.py,C066D5F82C078BA3674A9CD50FAD5731BC054D4BEDD5EEEAE93400787543E5B9,dim2.py=logs/trace/SNS_Snapshots/SNS_24_SNAPSHOT_20250518_193739/modules/dim2.py
371,direct_send_photo.py,FC208CF9DAA055E52966FF5ACC57A0F773B86BF58A78DF380729E9099976228D,direct_send_photo.py=logs/trace/SNS_Snapshots/SNS_24_SNAPSHOT_20250518_193739/modules/direct_send_photo.py
372,direct_url.py,5C1F96E2F1C7F39F42B3EB261E402DA4188A96DB3160C28091EE364A7504743A,direct_url.py=logs/trace/SNS_Snapshots/SNS_24_SNAPSHOT_20250518_193739/modules/direct_url.py
373,direct_url_helpers.py,428F048403F9690FECF0C0B2B743D89319685E879C83035C1CE89638D3E1E598,direct_url_helpers.py=logs/trace/SNS_Snapshots/SNS_24_SNAPSHOT_20250518_193739/modules/direct_url_helpers.py
374,disabled.py,F3BC3CB4946114E6118DC5D12E4CA60406BBADFE25424D66B04B53970C6D9230,disabled.py=logs/trace/SNS_Snapshots/SNS_24_SNAPSHOT_20250518_193739/modules/disabled.py
375,discord.py,D1598286908698AADF05BFBF990064E7400CEBA94FA8D816D929919540C649E1,discord.py=logs/trace/SNS_Snapshots/SNS_24_SNAPSHOT_20250518_193739/modules/discord.py
376,dispatch.py,29433284EB486443655670D60B004F2059D78E55C65FF2DEB66FB26C809C55AD,dispatch.py=logs/trace/SNS_Snapshots/SNS_24_SNAPSHOT_20250518_193739/modules/dispatch.py
377,display_in_notebook.py,FBFBEBACE799635188A3DB6920BCE696DA947A087002FED569667EBECBD72FC8,display_in_notebook.py=logs/trace/SNS_Snapshots/SNS_24_SNAPSHOT_20250518_193739/modules/display_in_notebook.py
378,distro.py,B5EADAB4E9ABFA354C5D21BFB233C1584DE20F752E5D3D0271F27D7127FF0A26,distro.py=logs/trace/SNS_Snapshots/SNS_24_SNAPSHOT_20250518_193739/modules/distro.py
379,dnd.py,B72FB57FB49A02AD2589C856068C2AECFEE2462B37B947BFC5C769D73A5D2301,dnd.py=logs/trace/SNS_Snapshots/SNS_24_SNAPSHOT_20250518_193739/modules/dnd.py
380,doc.py,AA06C84F4BA81D05CCFFA7FCD104CFBB28B64C62311DA7E17926A97681D59F7B,doc.py=logs/trace/SNS_Snapshots/SNS_24_SNAPSHOT_20250518_193739/modules/doc.py
381,docstrings.py,855A6A3339B485AECFDC24CC7F39EBDE7C2FE5048EC724E71B70B7C0BE69FBAC,docstrings.py=logs/trace/SNS_Snapshots/SNS_24_SNAPSHOT_20250518_193739/modules/docstrings.py
382,dom.py,77BDEF9167D08C9213A8182F5D61A30AA843154F809B9F0AC948ABC58270B5BA,dom.py=logs/trace/SNS_Snapshots/SNS_24_SNAPSHOT_20250518_193739/modules/dom.py
383,dom_debugger.py,D3AEA303EF253424E236792FF4D8720AC94424A2E68EFB84EBA59F14D1013130,dom_debugger.py=logs/trace/SNS_Snapshots/SNS_24_SNAPSHOT_20250518_193739/modules/dom_debugger.py
384,dom_snapshot.py,9678C2C2653034B7F25F744A335C15BFFC90A24430C82082A74F0E7042D60949,dom_snapshot.py=logs/trace/SNS_Snapshots/SNS_24_SNAPSHOT_20250518_193739/modules/dom_snapshot.py
385,dom_storage.py,5B738C4374C94739D80063492B22E122EEC04E5F129901D5AC697A6EDD71E7C2,dom_storage.py=logs/trace/SNS_Snapshots/SNS_24_SNAPSHOT_20250518_193739/modules/dom_storage.py
387,download_photos_by_hashtag.py,5D67BB76779A839E1EE83D7766854B9596A0AF03A0725E017320C74EA6A793AA,download_photos_by_hashtag.py=logs/trace/SNS_Snapshots/SNS_24_SNAPSHOT_20250518_193739/modules/download_photos_by_hashtag.py
388,download_photos_by_user.py,1867307AD0D6AB88A4ED2BB44435C472266E122DAE939EBD025CB1DA751F67C8,download_photos_by_user.py=logs/trace/SNS_Snapshots/SNS_24_SNAPSHOT_20250518_193739/modules/download_photos_by_user.py
389,download_stories_11a3db0f.py,DB19F25F980D055BED08F26EAB515CB8F6D8FFECB201B0B1D26E65DFE2D89DDE,download_stories_11a3db0f.py=logs/trace/SNS_Snapshots/SNS_24_SNAPSHOT_20250518_193739/modules/download_stories_11a3db0f.py
390,download_user_videos.py,1F564642AED5D6558387FE80A86FAC27AF592E360C9385A879F7FEEDF5E93350,download_user_videos.py=logs/trace/SNS_Snapshots/SNS_24_SNAPSHOT_20250518_193739/modules/download_user_videos.py
391,download_your_photos.py,2C68C3A136F57A0192FC677E4A6925B3C8E591925391EDA8404CE34BE33E62C9,download_your_photos.py=logs/trace/SNS_Snapshots/SNS_24_SNAPSHOT_20250518_193739/modules/download_your_photos.py
392,drawing.py,BC03924247AB8B9267873DA25E8277AF0C9BC2D77B5EE6CC455148774062A48F,drawing.py=logs/trace/SNS_Snapshots/SNS_24_SNAPSHOT_20250518_193739/modules/drawing.py
393,driver_finder.py,E4982945729D6820BD6EA6148E1AC3B716ADBF877B5B2F7DA23FE86A367005FA,driver_finder.py=logs/trace/SNS_Snapshots/SNS_24_SNAPSHOT_20250518_193739/modules/driver_finder.py
394,DSS.py,ABFE2A9C3EB06B429B7E7664C37EFE702FD75B0D8C430917ABD20E73DF51ED3E,DSS.py=logs/trace/SNS_Snapshots/SNS_24_SNAPSHOT_20250518_193739/modules/DSS.py
395,dtype.py,ABB297E75F7D6E3097B44CFBCCFF5491A4604D4C4D2AF691C363968A6B1486B9,dtype.py=logs/trace/SNS_Snapshots/SNS_24_SNAPSHOT_20250518_193739/modules/dtype.py
396,dtypes.py,8D73038CC9C086E0A7D9E8655930741CB2F8B898A82AC2C29E291D68668DB4E4,dtypes.py=logs/trace/SNS_Snapshots/SNS_24_SNAPSHOT_20250518_193739/modules/dtypes.py
397,dumb.py,4CC755F6F2BDCA2807947332C3CEE322220281481045F2A830AC753E917B0468,dumb.py=logs/trace/SNS_Snapshots/SNS_24_SNAPSHOT_20250518_193739/modules/dumb.py
398,dump.py,9B950DE2D282CD77AF373F474499B3788984FCADA90C9E131D5056D7D384365E,_wsdump.py=logs/trace/SNS_Snapshots/SNS_24_SNAPSHOT_20250518_193739/modules/_wsdump.py
399,dumper.py,7B6FA84353307C356580C04DBD6817AB10DED4D4C9C0D0B8BC82841F9BC92ACC,dumper.py=logs/trace/SNS_Snapshots/SNS_24_SNAPSHOT_20250518_193739/modules/dumper.py
400,duplicate_checker.py,4EBA60E3DC9BEA85D98A013BDEE541E48D69251E97A27E6A49662F18E907A941,duplicate_checker.py=logs/trace/SNS_Snapshots/SNS_24_SNAPSHOT_20250518_193739/modules/duplicate_checker.py
401,ECC.py,6FD69830CD7B96868953C38EF1BD3D8AF884E73E02D564D40B7A36FB950417D1,ECC.py=logs/trace/SNS_Snapshots/SNS_24_SNAPSHOT_20250518_193739/modules/ECC.py
402,eddsa.py,2F37FF2450E35925CF8597D5D951F3BC6C36A7F7AC99D73068DD94AFE9B7D694,eddsa.py=logs/trace/SNS_Snapshots/SNS_24_SNAPSHOT_20250518_193739/modules/eddsa.py
403,editable_legacy.py,CD2D93D2328794CA325C6BE9F322D389573F10914052E99D105379F95C61E812,editable_legacy.py=logs/trace/SNS_Snapshots/SNS_24_SNAPSHOT_20250518_193739/modules/editable_legacy.py
404,Effect.py,EC9641BF76C0C892A322E736E6501934B7B4EA133A3D6115DF421269FBFF8C1A,Effect.py=logs/trace/SNS_Snapshots/SNS_24_SNAPSHOT_20250518_193739/modules/Effect.py
405,egg_link.py,345E6DE192DECD4E9EE227DF3AE4251EC2DAC746342423F668C594C1F4838C5E,egg_link.py=logs/trace/SNS_Snapshots/SNS_24_SNAPSHOT_20250518_193739/modules/egg_link.py
406,einsumfunc.py,7DFA5CFFA4A86FAE528A77434E903961C83E58191D1A5A6B05E7BF7D7B27A687,einsumfunc.py=logs/trace/SNS_Snapshots/SNS_24_SNAPSHOT_20250518_193739/modules/einsumfunc.py
407,element.py,50A11D4C3DD064EC13AA72F6CFFACA86AC46EEAB84C02814D029EFF5FC9344B5,element.py=logs/trace/SNS_Snapshots/SNS_24_SNAPSHOT_20250518_193739/modules/element.py
408,emitter.py,824811D757C97C4247474870C537C606EEC5231B6001465AE3A2B33B9EFDAC3A,emitter.py=logs/trace/SNS_Snapshots/SNS_24_SNAPSHOT_20250518_193739/modules/emitter.py
409,emoji_db5c2b29.py,D27201E1FFC51CF76CC045483B3AA59389E5A2E5911D16746D1A9DC713A1C8A3,emoji_db5c2b29.py=logs/trace/SNS_Snapshots/SNS_24_SNAPSHOT_20250518_193739/modules/emoji_db5c2b29.py
410,emulation.py,D48D2744873910FD64C4F430187CA65F9E9A9E68F30E2CAF6ECDB39700508FF8,_imp_emulation.py=backup/SNS_24AutoProject+++0508삭제/.venv310/Lib/site-packages/cffi/_imp_emulation.py
411,encoder.py,775BBE5F6510154C7AC25CC825B24852309F92187082D7189E5D3AE20B174348,encoder.py=logs/trace/SNS_Snapshots/SNS_24_SNAPSHOT_20250518_193739/modules/encoder.py
412,encoders.py,6FCD81F9C18C11636541B46BDF3B4F28DC20BFA457C7BC26F8596E429C23496A,encoders.py=logs/trace/SNS_Snapshots/SNS_24_SNAPSHOT_20250518_193739/modules/encoders.py
413,encoding.py,86FD8C9EB77E7AE0B63F0F9A6430555B29AA887086E7CFF03F0E9B10463952CA,encoding.py=logs/trace/SNS_Snapshots/SNS_24_SNAPSHOT_20250518_193739/modules/encoding.py
414,engines_4f5c0db7.py,6683F07D15DCD9CE18338A945C9A12276529AFD767F1FF8E5440596E6AC28040,engines_4f5c0db7.py=logs/trace/SNS_Snapshots/SNS_24_SNAPSHOT_20250518_193739/modules/engines_4f5c0db7.py
415,entities.py,D0B7C3C609101E4BB844BDCBA93E34488A747B5D565602B63BE11FAB9B4F68C2,entities.py=logs/trace/SNS_Snapshots/SNS_24_SNAPSHOT_20250518_193739/modules/entities.py
416,entrypoints.py,2EA9B07B7FCFB7EC9AE7093EAEDD0D7D47BA32070B48AEAACEA713CD11BC4051,entrypoints.py=logs/trace/SNS_Snapshots/SNS_24_SNAPSHOT_20250518_193739/modules/entrypoints.py
417,enums.py,4875254BD4CEA2571430A5EE30FCDDCA766395626ABC1B8A1EE6904D2A72D921,enums.py=logs/trace/SNS_Snapshots/SNS_24_SNAPSHOT_20250518_193739/modules/enums.py
418,eoo.py,0CE4A221B757C9901DD6F896310E9E17CE3F26539D4CA0D9546167839ABCD78B,eoo.py=logs/trace/SNS_Snapshots/SNS_24_SNAPSHOT_20250518_193739/modules/eoo.py
419,EpsImagePlugin.py,5748C4223D21DAA01B120ABF3A7AA2E127093D70EC92E61DD0F6C6333A343A39,EpsImagePlugin.py=logs/trace/SNS_Snapshots/SNS_24_SNAPSHOT_20250518_193739/modules/EpsImagePlugin.py
420,error.py,AB43D9ABDAF3BD2B782780B1CB265B7E66E95964275CDAC3B402EECEE2A25AFF,error.py=logs/trace/SNS_Snapshots/SNS_24_SNAPSHOT_20250518_193739/modules/error.py
421,errorhandler.py,1456FC0C2C9A2AB1DA962D77456A23D368E1B318C17971EC1AFEE7271D8FAE77,errorhandler.py=logs/trace/SNS_Snapshots/SNS_24_SNAPSHOT_20250518_193739/modules/errorhandler.py
422,errors.py,97A695E7F5724A36552294493BF4CAEAD69386CFF902D629567F482F43C54AEF,errors.py=logs/trace/SNS_Snapshots/SNS_24_SNAPSHOT_20250518_193739/modules/errors.py
423,error_handler.py,FF1FCC6107A204D04E7FE68C67F1C90A45E36EA2F1F9CC35CF709129DA6E82D3,error_handler.py=logs/trace/SNS_Snapshots/SNS_24_SNAPSHOT_20250518_193739/modules/error_handler.py
424,escprober.py,0316115553ED466D9F68F2ED0D50EC2472F81CECAA7F2224954EF6B2E248BD4F,escprober.py=logs/trace/SNS_Snapshots/SNS_24_SNAPSHOT_20250518_193739/modules/escprober.py
425,escsm.py,113CEB111BC063752ED2D486DF9A026C655C4C2A221C4B8C5E96E0043E6913E9,escsm.py=logs/trace/SNS_Snapshots/SNS_24_SNAPSHOT_20250518_193739/modules/escsm.py
426,eucjpprober.py,F570744A251F31D4BBCD0F8135D57A91820C2937BF58066BC65B923DAF7FD283,eucjpprober.py=logs/trace/SNS_Snapshots/SNS_24_SNAPSHOT_20250518_193739/modules/eucjpprober.py
427,euckrfreq.py,0B36798C04C11CCBBF36133C0C78987B8B7E62871CB4F3024B426C97867BFA10,euckrfreq.py=logs/trace/SNS_Snapshots/SNS_24_SNAPSHOT_20250518_193739/modules/euckrfreq.py
428,euckrprober.py,6464F571BD99208E2AF11C37CB5CBE6BC4AE49F6FCA3F7EE59D57AD97A6E4301,euckrprober.py=logs/trace/SNS_Snapshots/SNS_24_SNAPSHOT_20250518_193739/modules/euckrprober.py
429,euctwfreq.py,965F1B19CE493ED822EAF97367E59AD8429F076A0F906928F1B7A84A0E7EECE1,euctwfreq.py=logs/trace/SNS_Snapshots/SNS_24_SNAPSHOT_20250518_193739/modules/euctwfreq.py
430,euctwprober.py,8C59A768A42D5F679C9BF460C28C4408A18E581C919119F4D13FA1242FFA9DB4,euctwprober.py=logs/trace/SNS_Snapshots/SNS_24_SNAPSHOT_20250518_193739/modules/euctwprober.py
431,eval.py,6FB1B8500B3AB78EA3765C5EFF28660DF63CB80B8FF2831280F8660D39C067F2,eval.py=logs/trace/SNS_Snapshots/SNS_24_SNAPSHOT_20250518_193739/modules/eval.py
432,EvenSize.py,38EA022F252081ECD93CC23AA33BD6AAA96834E055475C99E6593A7C23B58A16,EvenSize.py=logs/trace/SNS_Snapshots/SNS_24_SNAPSHOT_20250518_193739/modules/EvenSize.py
433,events.py,E3B597619A7E17B37634DBE191527C5BEF44BA1926B7533E6D87A8FC5EEBAFAD,events.py=logs/trace/SNS_Snapshots/SNS_24_SNAPSHOT_20250518_193739/modules/events.py
434,event_breakpoints.py,7F8D5A06323651A0CF3795F31E43E3E77EDC9384DA17DA02DE13D45A89CB18A0,event_breakpoints.py=logs/trace/SNS_Snapshots/SNS_24_SNAPSHOT_20250518_193739/modules/event_breakpoints.py
435,event_firing_webdriver.py,AD26798013360E48B97A72B26D4CC0D8E37C64450C95AC16BE73C621A88FC793,event_firing_webdriver.py=logs/trace/SNS_Snapshots/SNS_24_SNAPSHOT_20250518_193739/modules/event_firing_webdriver.py
436,ewm.py,A530604E894BFF978E114D0784DF878A0F906DB9DB1062C55B84DE05885D6695,ewm.py=logs/trace/SNS_Snapshots/SNS_24_SNAPSHOT_20250518_193739/modules/ewm.py
437,example.py,DF591F8FE7AC8F44743F4A3CCFF1409B07C16FBE2821740808F5A38ABCFF07BD,example.py=logs/trace/SNS_Snapshots/SNS_24_SNAPSHOT_20250518_193739/modules/example.py
438,excel.py,C1C71C6E08E7FDE9C0E5F7917CA09193D475313EB9A3799FB975517D2EEC06FC,export_logtrace_to_excel.py=data/exported_data/export_logtrace_to_excel.py
440,exceptions_bedb9a59.py,D96971F4B7EC13A990B25BB081F7BEE131DAAE3B8D3622A8866021B3BEC4EC72,exceptions_bedb9a59.py=logs/trace/SNS_Snapshots/SNS_24_SNAPSHOT_20250518_193739/modules/exceptions_bedb9a59.py
441,executor.py,B5EEE722599071F9A2D8F589D4FB937EDE455DE558112760146DDF9B4AE43928,executor.py=logs/trace/SNS_Snapshots/SNS_24_SNAPSHOT_20250518_193739/modules/executor.py
442,ExifTags.py,30943BB67277451D49E518A3777C9723411D890136C766E2505535B5615FE90C,ExifTags.py=logs/trace/SNS_Snapshots/SNS_24_SNAPSHOT_20250518_193739/modules/ExifTags.py
443,expanding.py,E887AA421F5E0136D9E1DA7A8CEB654527E51E2C947C25B465D1118C1428409D,expanding.py=logs/trace/SNS_Snapshots/SNS_24_SNAPSHOT_20250518_193739/modules/expanding.py
444,expected_conditions.py,36CFFF0AE47580C31E8087F4A7CB283A213349C585B14B8CBFEB331CDCC79890,expected_conditions.py=logs/trace/SNS_Snapshots/SNS_24_SNAPSHOT_20250518_193739/modules/expected_conditions.py
445,expr.py,485ECB0A8561A7E8BE9EE0E5A677C07A753C2C7AEB0E747985DA10DC5691B2EF,expr.py=logs/trace/SNS_Snapshots/SNS_24_SNAPSHOT_20250518_193739/modules/expr.py
446,expression.py,841A1853C19FD6FD2127223154703752A820C0192AE360E41078F2340335D07A,expression.py=logs/trace/SNS_Snapshots/SNS_24_SNAPSHOT_20250518_193739/modules/expression.py
447,expressions.py,290537B55DD3BC2F36DFD8FC851E06B0D6E0AD6DC2562BE78D01E2686A1E7FE9,expressions.py=logs/trace/SNS_Snapshots/SNS_24_SNAPSHOT_20250518_193739/modules/expressions.py
448,ext.py,4FB0A38F9302A33D6CFBEF56C9038CB0FBBDEF40830B66AFC928906E4266F255,sphinxext.py=logs/trace/SNS_Snapshots/SNS_24_SNAPSHOT_20250518_193739/modules/sphinxext.py
449,extbuild.py,BBC9FC7C54A84B10EEEC72D75FE6E2F20F992D5B6630CEF75D7CC6BB33F8168E,extbuild.py=logs/trace/SNS_Snapshots/SNS_24_SNAPSHOT_20250518_193739/modules/extbuild.py
450,extending.py,618CF138A646B2C932C0D7C6BF0AA61CE3A2F3431FC877259B5C5DCB4FAB9F1D,extending.py=logs/trace/SNS_Snapshots/SNS_24_SNAPSHOT_20250518_193739/modules/extending.py
451,extending_distributions.py,4BE84751F763E7DFD20AD1A037181017DBDA31D60374D565CB2B309278D1BF51,extending_distributions.py=logs/trace/SNS_Snapshots/SNS_24_SNAPSHOT_20250518_193739/modules/extending_distributions.py
452,extension.py,C5E258A0CA0AE6317E2632DF35568041A96BD75072BC2F3F790793F6C59B75D9,_extension.py=logs/trace/SNS_Snapshots/SNS_24_SNAPSHOT_20250518_193739/modules/_extension.py
453,extensions.py,6E04DFBF7C80E9FB92152DE2EC9CB728E22C70897E06036BCD70354C7E3ED19E,typing_extensions.py=logs/trace/SNS_Snapshots/SNS_24_SNAPSHOT_20250518_193739/modules/typing_extensions.py
454,extension_types.py,5E89195D34225B801C4E7B99BC39F38088D0901ED5CF910A6B4409158CB47031,extension_types.py=logs/trace/SNS_Snapshots/SNS_24_SNAPSHOT_20250518_193739/modules/extension_types.py
455,extras.py,19CF7EA747AF6618F2F19CD2F296941CB9CB91FCEE292FC7BE7C70545807CFA0,extras.py=logs/trace/SNS_Snapshots/SNS_24_SNAPSHOT_20250518_193739/modules/extras.py
456,f90mod_rules.py,012058954CC5ACFFFD593265906B8FCFFBF13181ADE05BD794D6B37D3E8072AE,f90mod_rules.py=logs/trace/SNS_Snapshots/SNS_24_SNAPSHOT_20250518_193739/modules/f90mod_rules.py
457,factory.py,49E94C31F09E1C0A9F8BBFECBF694BCCE9103E8ABE4D7040731A7AC29E1AA008,factory.py=logs/trace/SNS_Snapshots/SNS_24_SNAPSHOT_20250518_193739/modules/factory.py
458,FadeIn.py,2B0EC6184F4B71A75B7B1F433D6695E566DEB260E4489336A864F218813B34D9,FadeIn.py=logs/trace/SNS_Snapshots/SNS_24_SNAPSHOT_20250518_193739/modules/FadeIn.py
459,FadeOut.py,748C89D06790B0A90DD899C5AF467E2EDF5259E0E10D263DF7665B0B0871BD8D,FadeOut.py=logs/trace/SNS_Snapshots/SNS_24_SNAPSHOT_20250518_193739/modules/FadeOut.py
460,fallback.py,8A74C7E497BF6B65CEC896F102F680799ED3154BA591C1D9C048B8226DEF8EDD,fallback.py=logs/trace/SNS_Snapshots/SNS_24_SNAPSHOT_20250518_193739/modules/fallback.py
461,fb_group_scraper.py,C8BDBBAF20467F50577963B13F1FBBD34D36C6A0CD6C0DFE320E23AC18A54810,fb_group_scraper.py=logs/trace/SNS_Snapshots/SNS_24_SNAPSHOT_20250518_193739/modules/fb_group_scraper.py
462,feather_format.py,07075243E100382B7B81EF95DB84502928CA03AC3DCFD5E010CC1E3B4AE59BBB,feather_format.py=logs/trace/SNS_Snapshots/SNS_24_SNAPSHOT_20250518_193739/modules/feather_format.py
463,features.py,16B0D552AD998EFB0425C76F15145AFB1F1BAB88666A5E5D41693329FC9ECB46,_cpu_features.py=logs/trace/SNS_Snapshots/SNS_24_SNAPSHOT_20250518_193739/modules/_cpu_features.py
464,feature_base.py,B4EBD59116B3081BC3E6EC3192C39605AA6B5A460D8F8B7B4DAF7F7BAF0BFF0C,feature_base.py=modules/common/feature_base.py
465,fedcm.py,72CE6A7502D7558D62364D290BD9B5FA1A2EBF738FF9338EE87FFEA45B620F2C,fedcm.py=logs/trace/SNS_Snapshots/SNS_24_SNAPSHOT_20250518_193739/modules/fedcm.py
466,fed_cm.py,2C68A8E6CEDB5CF55D45374C6C32B19D6E992077B17CF42D2DDE93BA58EDBF5C,fed_cm.py=logs/trace/SNS_Snapshots/SNS_24_SNAPSHOT_20250518_193739/modules/fed_cm.py
467,feedparser.py,6D58361505CC28413321E258F0E3135F85ABADC5C9291A5A359F6233E253011C,feedparser.py=logs/trace/SNS_Snapshots/SNS_24_SNAPSHOT_20250518_193739/modules/feedparser.py
468,feisem.py,F43D9791B3DEAD469F8D6B2B3E45367FCF5DB9DD2800CF25195B393237EA633C,feisem.py=logs/trace/SNS_Snapshots/SNS_24_SNAPSHOT_20250518_193739/modules/feisem.py
469,fetch.py,EC396752693A32ED6AE429A55567AC9FF4AB6E006EBEB486F832160D32F90B26,fetch.py=logs/trace/SNS_Snapshots/SNS_24_SNAPSHOT_20250518_193739/modules/fetch.py
470,fetching.py,C2504C2C8F52F14BC63E647D82B51B40EDD01DF79C677E3FD19B73D0424E245A,fetching.py=logs/trace/SNS_Snapshots/SNS_24_SNAPSHOT_20250518_193739/modules/fetching.py
471,ffmpeg.py,47BE3B7BCDA7D4B3DA1D39FAA4DA55F72601ED23A2106017F2247F093AC48FAB,ffmpeg.py=logs/trace/SNS_Snapshots/SNS_24_SNAPSHOT_20250518_193739/modules/ffmpeg.py
472,ffmpeg_audiowriter.py,15E745ADD98E6C04703F62582E00348D8459285B0AD754DFAD507BD1DC11F60E,ffmpeg_audiowriter.py=logs/trace/SNS_Snapshots/SNS_24_SNAPSHOT_20250518_193739/modules/ffmpeg_audiowriter.py
473,ffmpeg_reader.py,FB958887C27F902B0BEA8A883E0FDF7D2726E81EAB58D158443A885815E2174C,ffmpeg_reader.py=logs/trace/SNS_Snapshots/SNS_24_SNAPSHOT_20250518_193739/modules/ffmpeg_reader.py
474,ffmpeg_tools.py,38E0C0AD3C6A4DB13CFB77542E2487FCAC616E0FCFED5C495851B8947996BBEF,ffmpeg_tools.py=logs/trace/SNS_Snapshots/SNS_24_SNAPSHOT_20250518_193739/modules/ffmpeg_tools.py
475,ffmpeg_writer.py,EFC4C45F1C3D6F5B472EDB123A0729B2F5A9D3554ACA098F3F9F76118FF8E1F3,ffmpeg_writer.py=logs/trace/SNS_Snapshots/SNS_24_SNAPSHOT_20250518_193739/modules/ffmpeg_writer.py
476,ffplay_audiopreviewer.py,2F0B517ACFD17C4EFE8C40FC63A151437450A7F3B1C425B80F82C00EBF9ED2C3,ffplay_audiopreviewer.py=logs/trace/SNS_Snapshots/SNS_24_SNAPSHOT_20250518_193739/modules/ffplay_audiopreviewer.py
477,ffplay_previewer.py,D25546F694367D6D1689E90AAA8E93843E1AEA936B13D0BB22B7A6AEF8F0F75E,ffplay_previewer.py=logs/trace/SNS_Snapshots/SNS_24_SNAPSHOT_20250518_193739/modules/ffplay_previewer.py
478,fields.py,9910CFB9131742125A6B48B5DD2207BAAF6BE0049471E7CD6578EC6A627AB000,fields.py=logs/trace/SNS_Snapshots/SNS_24_SNAPSHOT_20250518_193739/modules/fields.py
479,filedialog.py,1E68EFB277B6287ECEFC5E2D2BF4F7352B0629AF4D9D2A13B8ABBAD78B2556EA,filedialog.py=logs/trace/SNS_Snapshots/SNS_24_SNAPSHOT_20250518_193739/modules/filedialog.py
480,filepost.py,5C10153F700580EAB49CFA855EF8297FC79585CF292DFEBC37AB10CB34FCDDF6,filepost.py=logs/trace/SNS_Snapshots/SNS_24_SNAPSHOT_20250518_193739/modules/filepost.py
481,filesize.py,49370420B15845AACD0748453867EE06A951420DE9DF8FE61B3A69C14AF359FC,filesize.py=logs/trace/SNS_Snapshots/SNS_24_SNAPSHOT_20250518_193739/modules/filesize.py
482,filetypes.py,C0DE14D84DF2E964B10FED44D975A452882F174DDB1B1C93B7B1E5DC25D51E5E,filetypes.py=logs/trace/SNS_Snapshots/SNS_24_SNAPSHOT_20250518_193739/modules/filetypes.py
483,filewrapper.py,E7300E8E06180AA3676501AA4F045147B8AD5CBA8308A041B8115419863B6264,filewrapper.py=logs/trace/SNS_Snapshots/SNS_24_SNAPSHOT_20250518_193739/modules/filewrapper.py
484,file_cache.py,A55FB6AE51576D8A363AC9FBB7700A0F9651887375A826809B4902D0CCE7591B,file_cache.py=logs/trace/SNS_Snapshots/SNS_24_SNAPSHOT_20250518_193739/modules/file_cache.py
485,file_detector.py,2A9D805058B5D7E59E39D53B0EC111845934BB6F9F6E3BED219F53226643BE8C,file_detector.py=logs/trace/SNS_Snapshots/SNS_24_SNAPSHOT_20250518_193739/modules/file_detector.py
486,file_proxy.py,F5E75C8117A35AE42A9FCBD83B0CFCC80373E14894C870DEF72BCFA3D685AD07,file_proxy.py=logs/trace/SNS_Snapshots/SNS_24_SNAPSHOT_20250518_193739/modules/file_proxy.py
487,file_system.py,D85CEF5B26DF58C1A654F8467659975993EB62ECF014E16E639A0E486DA42D0D,file_system.py=logs/trace/SNS_Snapshots/SNS_24_SNAPSHOT_20250518_193739/modules/file_system.py
488,filter.py,8C230D17C2ED3723180D2DEA5C4309396DA88D9AD3F8950EBA3A6309917F20A7,post_filter.py=logs/trace/SNS_Snapshots/SNS_24_SNAPSHOT_20250518_193739/modules/filters/post_filter.py
489,filter_blacklist_hashtag_medias.py,D3A1C5DC4B9A75C4B40837A4E0D8C434531C3DEFB3E39289782FC097D69BEAD2,filter_blacklist_hashtag_medias.py=logs/trace/SNS_Snapshots/SNS_24_SNAPSHOT_20250518_193739/modules/filter_blacklist_hashtag_medias.py
490,filter_private_profiles.py,5747D4DFEDD299857E01652A9496456C6BACB815424C15002CC54E3D7F9C6FD0,filter_private_profiles.py=logs/trace/SNS_Snapshots/SNS_24_SNAPSHOT_20250518_193739/modules/filter_private_profiles.py
491,findlib.py,F64C8B048ADFBA1481C1A5EF073A0B2364B8A16D3C311A409628DD99AD5CB2D4,findlib.py=logs/trace/SNS_Snapshots/SNS_24_SNAPSHOT_20250518_193739/modules/findlib.py
492,findpaths.py,79BB97F36D5A3E85C720DD332E4D0A647D8388883888DDA52C4CE418C7FCB718,findpaths.py=logs/trace/SNS_Snapshots/SNS_24_SNAPSHOT_20250518_193739/modules/findpaths.py
493,fingerprint.py,DEDE6B3B42B14D00B265365440372B0AB96C6B32593F8CA6761ACD4483090628,fingerprint.py=logs/trace/SNS_Snapshots/SNS_24_SNAPSHOT_20250518_193739/modules/fingerprint.py
494,firefox_binary.py,67E8D4B80DD544D3FBD0D8044643EB32B2ED8E16482D3AE086A6F5DBE956AF10,firefox_binary.py=logs/trace/SNS_Snapshots/SNS_24_SNAPSHOT_20250518_193739/modules/firefox_binary.py
495,firefox_profile_dac90adb.py,0F81C461604FB0C4846EB2235D15E5DED5E18C60C89C813820727FF3FCFDE462,firefox_profile_dac90adb.py=logs/trace/SNS_Snapshots/SNS_24_SNAPSHOT_20250518_193739/modules/firefox_profile_dac90adb.py
496,fits.py,3847F824C80B57FF808ED572B5BED8DE82E7E491DB2AF734A0C1EB13E32AE689,fits.py=logs/trace/SNS_Snapshots/SNS_24_SNAPSHOT_20250518_193739/modules/fits.py
497,FitsImagePlugin.py,D68DDE175FA76512BFCF5CDC13F5D1EBD082D157F53A729D7E3A8DA8486B4D5D,FitsImagePlugin.py=logs/trace/SNS_Snapshots/SNS_24_SNAPSHOT_20250518_193739/modules/FitsImagePlugin.py
498,fixer_util.py,330A0D8C89D3D2544E11A8BDA8BCD0ED699BB89A7F872E57670CB9787A0CEF46,fixer_util.py=logs/trace/SNS_Snapshots/SNS_24_SNAPSHOT_20250518_193739/modules/fixer_util.py
499,fix_absolute_import.py,7B7A53E1A9BE42FB06493E5ABA079A90CD9B9E33D2EA4CB8068E5ADFA0D6B315,fix_absolute_import.py=logs/trace/SNS_Snapshots/SNS_24_SNAPSHOT_20250518_193739/modules/fix_absolute_import.py
500,fix_add_all_future_builtins.py,8F9D0AFF95E2474747CF2BCB30C838CAEE24567269693362F70A85BBF41DBE32,fix_add_all_future_builtins.py=logs/trace/SNS_Snapshots/SNS_24_SNAPSHOT_20250518_193739/modules/fix_add_all_future_builtins.py
501,fix_add_all__future__imports_7b7db1e4.py,EF7CC859CAF0BD007AEDDA070D31C09841987AE9C77F58BBC6C8B10A6BB9F64C,fix_add_all__future__imports_7b7db1e4.py=logs/trace/SNS_Snapshots/SNS_24_SNAPSHOT_20250518_193739/modules/fix_add_all__future__imports_7b7db1e4.py
502,fix_add_future_standard_library_import.py,A7FE5E2654BF2136BB4C3BBC0FF701436F69790CC6F4327E6CDE1007F118AF29,fix_add_future_standard_library_import.py=logs/trace/SNS_Snapshots/SNS_24_SNAPSHOT_20250518_193739/modules/fix_add_future_standard_library_import.py
503,fix_add__future__imports_except_unicode_literals.py,E8486ACD46A0DA5C77473F84BA2FE44551B51B29C8F302C1ADD5993869D528D8,fix_add__future__imports_except_unicode_literals.py=logs/trace/SNS_Snapshots/SNS_24_SNAPSHOT_20250518_193739/modules/fix_add__future__imports_except_unicode_literals.py
504,fix_annotations.py,CAAB09D01276568545E04E8EE1188F0ADEA2C9C9316A75DA588566B472EEBF3C,fix_annotations.py=logs/trace/SNS_Snapshots/SNS_24_SNAPSHOT_20250518_193739/modules/fix_annotations.py
506,fix_bytes.py,AD1E4FC1DB144DDA0B8002B0BB3FD5233EF4A713643A9D8AEA90C86468E702DD,fix_bytes.py=logs/trace/SNS_Snapshots/SNS_24_SNAPSHOT_20250518_193739/modules/fix_bytes.py
507,fix_cmp.py,B8684791513CF7191A2291F97F7ADF573B2EBF111AD777C3BCCFD6DA5B9AE741,fix_cmp.py=logs/trace/SNS_Snapshots/SNS_24_SNAPSHOT_20250518_193739/modules/fix_cmp.py
508,fix_division_9acdb758.py,02D4DCA66511EF68F056D6BD87391AF6BC28E53546FF81C99296543948950DF1,fix_division_9acdb758.py=logs/trace/SNS_Snapshots/SNS_24_SNAPSHOT_20250518_193739/modules/fix_division_9acdb758.py
509,fix_division_safe.py,5F687006F19AA6916CE8A1FFAF970C33BB03795CE0DDD01E1C2B5A65909EF695,fix_division_safe.py=logs/trace/SNS_Snapshots/SNS_24_SNAPSHOT_20250518_193739/modules/fix_division_safe.py
510,fix_execfile.py,31FB3F91C80657BAF0C0E859635DDA826039DB22BA3971C1D2200FBA4B51B11E,fix_execfile.py=logs/trace/SNS_Snapshots/SNS_24_SNAPSHOT_20250518_193739/modules/fix_execfile.py
511,fix_features.py,C5CC318707A2A882F2FFBBC26DE721F51AC85017C924BF0A6A8EEA6932248535,fix_features.py=logs/trace/SNS_Snapshots/SNS_24_SNAPSHOT_20250518_193739/modules/fix_features.py
512,fix_fullargspec.py,536E95A790C0CA5D0C2EDC388DCDA4CB0B2327F883549EECDCCD05F9C00B518D,fix_fullargspec.py=logs/trace/SNS_Snapshots/SNS_24_SNAPSHOT_20250518_193739/modules/fix_fullargspec.py
514,fix_future_standard_library.py,EAE5E72F2A7BB632E459BE63AF22F031604BD94A4DBD34AEEF37E9F204847C09,fix_future_standard_library.py=logs/trace/SNS_Snapshots/SNS_24_SNAPSHOT_20250518_193739/modules/fix_future_standard_library.py
515,fix_future_standard_library_urllib.py,3F389E3BF88E2CF9A362178239D3CB24BC6F3A2F7BEAF68CF10B3A1B81AF83B3,fix_future_standard_library_urllib.py=logs/trace/SNS_Snapshots/SNS_24_SNAPSHOT_20250518_193739/modules/fix_future_standard_library_urllib.py
516,fix_getcwd.py,6AF7BBF514DDF30D67082BAE7BAF5DADB7C68813F858C42C2DF452B51742A7C7,fix_getcwd.py=logs/trace/SNS_Snapshots/SNS_24_SNAPSHOT_20250518_193739/modules/fix_getcwd.py
517,fix_imports2.py,4B0DFE445813DA0F70D8FDE6B1A0DAFEC96A0030FEC15DB0956C3DE024D8A922,fix_imports2.py=logs/trace/SNS_Snapshots/SNS_24_SNAPSHOT_20250518_193739/modules/fix_imports2.py
518,fix_input.py,8709F7859D16BACE45CAE9E821EA5A1F729C73484F4276F600105B7D9F9A55A1,fix_input.py=logs/trace/SNS_Snapshots/SNS_24_SNAPSHOT_20250518_193739/modules/fix_input.py
519,fix_kwargs.py,2EB494378960BAA3789C289F6F1013A128FA77A74BDBD3F290A0541A39E3D96A,fix_kwargs.py=logs/trace/SNS_Snapshots/SNS_24_SNAPSHOT_20250518_193739/modules/fix_kwargs.py
520,fix_memoryview.py,B6D19F1E0022E7A1D1FF8A56493B0A29CA7DD388EC5B08EA3AED058A7FF7663E,fix_memoryview.py=logs/trace/SNS_Snapshots/SNS_24_SNAPSHOT_20250518_193739/modules/fix_memoryview.py
521,fix_metaclass.py,3926A9ED43D0D5AC923B58BA8BC7D5C1B02EA9FC9038A877F9BC50CF18F21CE6,fix_metaclass.py=logs/trace/SNS_Snapshots/SNS_24_SNAPSHOT_20250518_193739/modules/fix_metaclass.py
522,fix_newstyle.py,F08C939C86B54C2531312583164708DC633E74370C43F67E79139D9B3CB14876,fix_newstyle.py=logs/trace/SNS_Snapshots/SNS_24_SNAPSHOT_20250518_193739/modules/fix_newstyle.py
523,fix_next_8be0adbe.py,D6C3B8D658E445EEF9555DF04FF88BB86E69BE0EB10BD85EC6B1F065E72094EB,fix_next_8be0adbe.py=logs/trace/SNS_Snapshots/SNS_24_SNAPSHOT_20250518_193739/modules/fix_next_8be0adbe.py
524,fix_next_call.py,6524E9FCE96538402847E6A787A8383FD9186EC59670D0FC23619C8DA67CB2A0,fix_next_call.py=logs/trace/SNS_Snapshots/SNS_24_SNAPSHOT_20250518_193739/modules/fix_next_call.py
525,fix_object.py,DDFBB7947DBEC401CB49BFD66F34A4F4F8BBBC253A9A4856EE22975723155500,fix_object.py=logs/trace/SNS_Snapshots/SNS_24_SNAPSHOT_20250518_193739/modules/fix_object.py
526,fix_oldstr_wrap.py,CDE4C31CEF01436E2209E713CCD391B77816550F8A66F45708A980E55AC77C8B,fix_oldstr_wrap.py=logs/trace/SNS_Snapshots/SNS_24_SNAPSHOT_20250518_193739/modules/fix_oldstr_wrap.py
527,fix_order___future__imports.py,74CEE3FCD23DA8B0E43B1B13FD06DB8EA8F2D131347450AF2F94015AC9AD2775,fix_order___future__imports.py=logs/trace/SNS_Snapshots/SNS_24_SNAPSHOT_20250518_193739/modules/fix_order___future__imports.py
528,fix_print.py,B2ADC5D2EF42623B864FE1781C59C646F235C013233E0A9ACAD6100F4922ABBC,fix_print.py=logs/trace/SNS_Snapshots/SNS_24_SNAPSHOT_20250518_193739/modules/fix_print.py
529,fix_printfunction.py,45510AAC239FA3DB2CE9E191C6DF3C974BE04A909770FCC22421E0AFEF8F83FC,fix_printfunction.py=logs/trace/SNS_Snapshots/SNS_24_SNAPSHOT_20250518_193739/modules/fix_printfunction.py
530,fix_print_with_import.py,1392A0AA57ED1A99B54390D39CE97327EE3F21FA7859127172F3E4B48D5C2DC6,fix_print_with_import.py=logs/trace/SNS_Snapshots/SNS_24_SNAPSHOT_20250518_193739/modules/fix_print_with_import.py
531,fix_raise.py,85F7EF3D70A879EB0ABA99173835002B85DEC1F887CC64E03540C3A7BBF8DD11,fix_raise.py=logs/trace/SNS_Snapshots/SNS_24_SNAPSHOT_20250518_193739/modules/fix_raise.py
532,fix_raise__dbdc47c0.py,B5DB0CA9DCCF2B2A7112684AF594C36F7C08B20037E3D7BDBB77B692D7CC7B5C,fix_raise__dbdc47c0.py=logs/trace/SNS_Snapshots/SNS_24_SNAPSHOT_20250518_193739/modules/fix_raise__dbdc47c0.py
533,fix_remove_old__future__imports.py,8E14439669DE25338BD4F061B214055E1EF4D1E1ABA63A6EA615EAEDB77513EC,fix_remove_old__future__imports.py=logs/trace/SNS_Snapshots/SNS_24_SNAPSHOT_20250518_193739/modules/fix_remove_old__future__imports.py
534,fix_throw.py,3383E6F8A4DC03868AC41A29B09E2F0AC62A204FD842B615B3EADFBECD378A6C,fix_throw.py=logs/trace/SNS_Snapshots/SNS_24_SNAPSHOT_20250518_193739/modules/fix_throw.py
535,fix_unicode_keep_u.py,A7BB71B0B330401D57C9F864CABE27C26322EAF70009EEE063057E47ED1BE9E9,fix_unicode_keep_u.py=logs/trace/SNS_Snapshots/SNS_24_SNAPSHOT_20250518_193739/modules/fix_unicode_keep_u.py
536,fix_unicode_literals_import.py,4BC64720B0735B890EEBF3DC39154E39DCCA74E0FD24F1B3BA2AF100C9FAB189,fix_unicode_literals_import.py=logs/trace/SNS_Snapshots/SNS_24_SNAPSHOT_20250518_193739/modules/fix_unicode_literals_import.py
537,fix_unpacking.py,16D8523EB6F8CB7E4A0F09AA680A7B1A0E8A9965247A31F23319B2B6DDB28A2D,fix_unpacking.py=logs/trace/SNS_Snapshots/SNS_24_SNAPSHOT_20250518_193739/modules/fix_unpacking.py
538,fix_UserDict.py,5F3E92D20FEAD0ACC3B607F0F6A52D7115938ABEA9ADC3DC5FE0EF150F97438C,fix_UserDict.py=logs/trace/SNS_Snapshots/SNS_24_SNAPSHOT_20250518_193739/modules/fix_UserDict.py
539,fix_xrange_with_import_fadb988e.py,B7B13F8D28CFA661D9698049C4A32A3CD14653F982F49A2D07ADEEBC5382B300,fix_xrange_with_import_fadb988e.py=logs/trace/SNS_Snapshots/SNS_24_SNAPSHOT_20250518_193739/modules/fix_xrange_with_import_fadb988e.py
540,flags.py,F81D1D89093E94EAC583C54E677580AFBBD17048120984AE4640965913BD5466,flags.py=logs/trace/SNS_Snapshots/SNS_24_SNAPSHOT_20250518_193739/modules/flags.py
541,flatiter.py,6C9A0D4A2DC11CCEAD5A6338E5D34BB3044AC1D3C90653D3AA80EDEDF33B9DDC,flatiter.py=logs/trace/SNS_Snapshots/SNS_24_SNAPSHOT_20250518_193739/modules/flatiter.py
542,FliImagePlugin.py,271CA2B5FD0E47DF02AB8FA4EF6933A3A79B27C05EEEFE36470459E3519EAD85,FliImagePlugin.py=logs/trace/SNS_Snapshots/SNS_24_SNAPSHOT_20250518_193739/modules/FliImagePlugin.py
543,floating.py,74466A0EED72A4074C02C92EBAF732310F101BFDB67DD7DD8EF7B170D3C64355,floating.py=logs/trace/SNS_Snapshots/SNS_24_SNAPSHOT_20250518_193739/modules/floating.py
544,follow_last_user_media_likers.py,D6DD92780CA7BAEAE67EC673734B671E82376E7A78BBEE7A86B40CE9116F7FD5,like_and_follow_last_user_media_likers.py=logs/trace/SNS_Snapshots/SNS_24_SNAPSHOT_20250518_193739/modules/like_and_follow_last_user_media_likers.py
545,follow_requests.py,1A636C49317620EFD041E1C6B3C6D70B97964A727A67EFCD39277E70964D2109,follow_requests.py=logs/trace/SNS_Snapshots/SNS_24_SNAPSHOT_20250518_193739/modules/follow_requests.py
546,follow_users_by_hashtag.py,52017407E262F6A839C99FF11674A7A38D2D89EF463EA8C5AA049CDE4A5B9D94,follow_users_by_hashtag.py=logs/trace/SNS_Snapshots/SNS_24_SNAPSHOT_20250518_193739/modules/follow_users_by_hashtag.py
547,follow_users_from_file.py,C53B1C37038C1549FB2579FC2646CCE2F669FDF6EB79BD3780A56CAA12927E51,follow_users_from_file.py=logs/trace/SNS_Snapshots/SNS_24_SNAPSHOT_20250518_193739/modules/follow_users_from_file.py
548,follow_user_followers.py,5DA2AFAA5673CA67F6F2F3C1B30712EBAC10EB75D9DF72C2A8F7E08B2FC26029,follow_user_followers.py=logs/trace/SNS_Snapshots/SNS_24_SNAPSHOT_20250518_193739/modules/follow_user_followers.py
549,follow_user_following.py,876EEFB6860ED0503C05CDDA60407047716C5BE46AC3A778AA56E2E7FD602FAA,follow_user_following.py=logs/trace/SNS_Snapshots/SNS_24_SNAPSHOT_20250518_193739/modules/follow_user_following.py
550,font.py,E9B2E9AA773491FE4563E2A4CC7C3E6DF404588AF595B2F36394A5B15E50665A,font.py=logs/trace/SNS_Snapshots/SNS_24_SNAPSHOT_20250518_193739/modules/font.py
552,forgetful.py,4A73ECF6C8921FA135A2FE832FC6B68D905A9FD037D368A5866052B5B941A904,forgetful.py=logs/trace/SNS_Snapshots/SNS_24_SNAPSHOT_20250518_193739/modules/forgetful.py
554,formatter.py,35410247549E2723C36FDE1B57BE342554F15251A59EEBA806D61DF8DF0C147B,formatter.py=logs/trace/SNS_Snapshots/SNS_24_SNAPSHOT_20250518_193739/modules/formatter.py
555,format_control.py,7835E65FA560343F0362152213F46C7F692E41361047046BC88D458305D5D117,format_control.py=logs/trace/SNS_Snapshots/SNS_24_SNAPSHOT_20250518_193739/modules/format_control.py
556,formdata.py,36A276B9BBC3208B4664C1A08D7A4E763AC851891E15FA640B04B8B3738B56BB,formdata.py=logs/trace/SNS_Snapshots/SNS_24_SNAPSHOT_20250518_193739/modules/formdata.py
558,FpxImagePlugin.py,FE17FE9F2F1E1348CB8551F8838F2CDB864253834EAB3F89336E242C35D4597A,FpxImagePlugin.py=logs/trace/SNS_Snapshots/SNS_24_SNAPSHOT_20250518_193739/modules/FpxImagePlugin.py
560,frame_protocol.py,D227D9629C2DC23D8CBA1CA840BB2A9AD5758F6FC68C26EC062993EA396593EE,frame_protocol.py=modules/common/frame_protocol.py
561,freeimage.py,5505644861EC18941CC18758D5F8532FF22E8F964A63A1D54BC3290F245517C1,freeimage.py=logs/trace/SNS_Snapshots/SNS_24_SNAPSHOT_20250518_193739/modules/freeimage.py
562,freeimagemulti.py,7142765F6F7112FD3B8FD425148E7AD6896D100A5B3275DB0C41875BA6DBC30D,freeimagemulti.py=logs/trace/SNS_Snapshots/SNS_24_SNAPSHOT_20250518_193739/modules/freeimagemulti.py
564,FreezeRegion.py,93D7ED92A249DEF50687D98A017F6925284EE306DEC96A3BDFD9FF8569A991DE,FreezeRegion.py=logs/trace/SNS_Snapshots/SNS_24_SNAPSHOT_20250518_193739/modules/FreezeRegion.py
566,freeze_support.py,74C9007DBFCADD07236A29C2618AAF177CFB3E8F496D85EC7C0EB77D7A166D73,freeze_support.py=logs/trace/SNS_Snapshots/SNS_24_SNAPSHOT_20250518_193739/modules/freeze_support.py
567,frequencies.py,D2773D90ECDF7DBF9BE4A0EFB67CF467EB71C74936C7C1DE6ABCE1584EE4EAFF,frequencies.py=logs/trace/SNS_Snapshots/SNS_24_SNAPSHOT_20250518_193739/modules/frequencies.py
568,fromnumeric.py,8C6E12A60E3746C95B4F467CD6F4784F00FC5902F321CE9933055EF5B656A30D,fromnumeric.py=logs/trace/SNS_Snapshots/SNS_24_SNAPSHOT_20250518_193739/modules/fromnumeric.py
569,from_dataframe.py,616B9950A26F13E372E98D48F895B3FF281E118D64BAB57025FA1FC1C9AD8512,from_dataframe.py=logs/trace/SNS_Snapshots/SNS_24_SNAPSHOT_20250518_193739/modules/from_dataframe.py
570,from_thread.py,CF3B7F8D710764750A33C1586EB50F76E73BF10A597FAEC9CD27F77849B27792,from_thread.py=logs/trace/SNS_Snapshots/SNS_24_SNAPSHOT_20250518_193739/modules/from_thread.py
571,frozen.py,82B117AE2F7F2A1785CFFD671274D0809AAFC1E5CE2F33F80000DB6946F9D8E1,frozen.py=logs/trace/SNS_Snapshots/SNS_24_SNAPSHOT_20250518_193739/modules/frozen.py
572,FtexImagePlugin_9400dbae.py,E9206B14000A192FF5B78E9F26BFAFC16A4DC54AB39DFAD17ACCE9BD6984D0F7,FtexImagePlugin_9400dbae.py=logs/trace/SNS_Snapshots/SNS_24_SNAPSHOT_20250518_193739/modules/FtexImagePlugin_9400dbae.py
573,func2subr.py,B64FF65DA15AA77132775DAE80DB30E694EE071FFDBC1922F06A8CB426191169,func2subr.py=logs/trace/SNS_Snapshots/SNS_24_SNAPSHOT_20250518_193739/modules/func2subr.py
576,GammaCorrection.py,38A4F10C566E3F3DB0AC5F51D6000EF09308DE355B8141B71B251178565503BA,GammaCorrection.py=logs/trace/SNS_Snapshots/SNS_24_SNAPSHOT_20250518_193739/modules/GammaCorrection.py
577,gb2312freq.py,42BEECE128FC519FB8A6EA513D13C31F91EE03C437304B84C318547400ABB77D,gb2312freq.py=logs/trace/SNS_Snapshots/SNS_24_SNAPSHOT_20250518_193739/modules/gb2312freq.py
578,gb2312prober.py,6D63C4572E0643AD0652AA1AD79BFC59DB6D612816530087DCFF0B3FD173AB23,gb2312prober.py=logs/trace/SNS_Snapshots/SNS_24_SNAPSHOT_20250518_193739/modules/gb2312prober.py
579,gbq.py,C940070A7B1BED39734406F48A5365EE9AEBAD99D176C5D7B076E30C0B703ED4,gbq.py=logs/trace/SNS_Snapshots/SNS_24_SNAPSHOT_20250518_193739/modules/gbq.py
580,GbrImagePlugin.py,53E68EDA6517D7BA581A29D66387FAFDCE52D94B41C6C5EFC3A6AF8DBF449BC6,GbrImagePlugin.py=logs/trace/SNS_Snapshots/SNS_24_SNAPSHOT_20250518_193739/modules/GbrImagePlugin.py
581,gdal.py,51DE353383254BA5E7AD71C736E8CC0E0D709FFCF096D42961AEB406679C8223,gdal.py=logs/trace/SNS_Snapshots/SNS_24_SNAPSHOT_20250518_193739/modules/gdal.py
582,GdImageFile.py,A6645327FD9370C2F53DF545A0F8EECADD2B560B71E95F1F597B0B16562310A5,GdImageFile.py=logs/trace/SNS_Snapshots/SNS_24_SNAPSHOT_20250518_193739/modules/GdImageFile.py
583,generate_legacy_storage_files.py,1C59083A497031ADB11261682BE98C7D66D968B557C29B903A242AD1BD03B1AF,generate_legacy_storage_files.py=logs/trace/SNS_Snapshots/SNS_24_SNAPSHOT_20250518_193739/modules/generate_legacy_storage_files.py
584,generate_log_summary_with_datetime.py,B40BC37D5C94F6D8A4B98EBC64C4890C6381C83F38CEA544021521A568A5E723,generate_log_summary_with_datetime.py=logs/trace/SNS_Snapshots/SNS_24_SNAPSHOT_20250518_193739/modules/generate_log_summary_with_datetime.py
585,generic.py,E96F59FAEB36E87ACEF68D988F8DC5A97B0A7D8FC32B5AFBDF89D493946E979F,_highlevel_generic.py=logs/trace/SNS_Snapshots/SNS_24_SNAPSHOT_20250518_193739/modules/_highlevel_generic.py
586,getitem.py,24690AA1942026AD0598FC0585D3DB565841B38BFCC7FB93B1DA129ED293DB9E,getitem.py=logs/trace/SNS_Snapshots/SNS_24_SNAPSHOT_20250518_193739/modules/getitem.py
587,getlimits.py,63A58C6D066C62B378E113B2FE74A31087A3A7BCCB8521BCCD75C45BD13EAF9E,getlimits.py=logs/trace/SNS_Snapshots/SNS_24_SNAPSHOT_20250518_193739/modules/getlimits.py
588,get_followers_or_followings_to_file.py,358636DCCA9E5CFC2B0E0FAC387F1C2F813995D1FB49DD345E2C6211C3103D7D,get_followers_or_followings_to_file.py=logs/trace/SNS_Snapshots/SNS_24_SNAPSHOT_20250518_193739/modules/get_followers_or_followings_to_file.py
589,get_hashtags_from_keywords.py,6A5F5B01233328635554D5294F2DEBFABFC83737438B1CD88CAD0E47998446F7,get_hashtags_from_keywords.py=logs/trace/SNS_Snapshots/SNS_24_SNAPSHOT_20250518_193739/modules/get_hashtags_from_keywords.py
590,GifImagePlugin.py,7239BE902F110E9856BA100FA34A894266B7A9E1BF30E90B2EEA47F0487FF25F,GifImagePlugin.py=logs/trace/SNS_Snapshots/SNS_24_SNAPSHOT_20250518_193739/modules/GifImagePlugin.py
591,gif_writers.py,8E5741D3D0BE5BE49CFAB333A12C2DB8015C3FACE2040EEDC04E4017242608CF,gif_writers.py=logs/trace/SNS_Snapshots/SNS_24_SNAPSHOT_20250518_193739/modules/gif_writers.py
592,GimpGradientFile.py,920D3BDD92C7AEBC0CD510B63FBF55FC49CFA6F6D17EF86C94295345AC6F879E,GimpGradientFile.py=logs/trace/SNS_Snapshots/SNS_24_SNAPSHOT_20250518_193739/modules/GimpGradientFile.py
593,GimpPaletteFile.py,0D9FABF04CBF74D67EB001E38E32C2651F1437D7E344B5EA17ADDE4D4B715A67,GimpPaletteFile.py=logs/trace/SNS_Snapshots/SNS_24_SNAPSHOT_20250518_193739/modules/GimpPaletteFile.py
595,glibc.py,112B56A5AEBB5C9570838A70A2171D62D4228DC82B58B8413A136A32A1E20FFF,glibc.py=logs/trace/SNS_Snapshots/SNS_24_SNAPSHOT_20250518_193739/modules/glibc.py
596,gnu.py,A88A53DC766CA0E342E6ABC6FCEEDADFBF3175AEF1BD279DD4AE34A65E9D9C02,gnu.py=logs/trace/SNS_Snapshots/SNS_24_SNAPSHOT_20250518_193739/modules/gnu.py
597,grab.py,DD8B7557CF231B8A9E8EA31AC8067DCC4D1231FDEA72E76CB0A84CB022F5FCA4,grab.py=logs/trace/SNS_Snapshots/SNS_24_SNAPSHOT_20250518_193739/modules/grab.py
598,GribStubImagePlugin.py,F85A4E7ADB0238573C1E6811AE496C78B307C807F7412BBDEA78C2815A04F8F6,GribStubImagePlugin.py=logs/trace/SNS_Snapshots/SNS_24_SNAPSHOT_20250518_193739/modules/GribStubImagePlugin.py
599,groff.py,2F5C40246F1F73546B7198173E1D1024ECD1DC34614029BADFCB13DE1356A055,groff.py=logs/trace/SNS_Snapshots/SNS_24_SNAPSHOT_20250518_193739/modules/groff.py
600,groupby.py,211DB4A1964E7917F885F1429F50617181BAF22A86C6CF10631D26F12A0352E9,groupby.py=logs/trace/SNS_Snapshots/SNS_24_SNAPSHOT_20250518_193739/modules/groupby.py
601,grouper.py,99228842C6A905F646EF8BA67926CE630B3E745F43C3DDF15B3375A6736C9B41,grouper.py=logs/trace/SNS_Snapshots/SNS_24_SNAPSHOT_20250518_193739/modules/grouper.py
602,guess.py,4451D598DE2E6D7365C430D6B6902FC82B418BA44D99DFDC2FA026C358BA50CE,guess.py=logs/trace/SNS_Snapshots/SNS_24_SNAPSHOT_20250518_193739/modules/guess.py
603,handler.py,71F2634B3DFB21410C25EBEB57353B904BE1353427C684AE6B61106835446988,sockshandler.py=logs/trace/SNS_Snapshots/SNS_24_SNAPSHOT_20250518_193739/modules/sockshandler.py
604,handshake.py,7530B45B1843631AFF4D05E2C2BF3183E5F6BA4AB752020DE4D7E02989244F87,_handshake.py=logs/trace/SNS_Snapshots/SNS_24_SNAPSHOT_20250518_193739/modules/_handshake.py
605,hash.py,0BEEFC49B1989D0FFB5D35167157869522286C7AFED55FCBE1E7A952B5CA05C4,generate_master_hash.py=tools/generate_master_hash.py
606,hashes.py,13DB8B32329BE8DE1B937C2AC9FF7883B41B3DDA6F38B3F06B500F2B30EAF35E,hashes.py=logs/trace/SNS_Snapshots/SNS_24_SNAPSHOT_20250518_193739/modules/hashes.py
607,hashing.py,7A0B586ED4213046C53E15C9D013F98A044EF39A1EDA6D1575E3EFB51B778630,hashing.py=logs/trace/SNS_Snapshots/SNS_24_SNAPSHOT_20250518_193739/modules/hashing.py
608,hash_8dbecb0e.py,0BEEFC49B1989D0FFB5D35167157869522286C7AFED55FCBE1E7A952B5CA05C4,hash_8dbecb0e.py=logs/trace/SNS_Snapshots/SNS_24_SNAPSHOT_20250518_193739/modules/hash_8dbecb0e.py
609,Hdf5StubImagePlugin.py,E5D7E6371CA8509E6FB47AF6D220EE1A735167BA36933DD053E49703AFC1E265,Hdf5StubImagePlugin.py=logs/trace/SNS_Snapshots/SNS_24_SNAPSHOT_20250518_193739/modules/Hdf5StubImagePlugin.py
610,HeadBlur_650fc80b.py,B01BA56DFC0D3DC294D2073CB0234CDF2E207B19F138BD33B680A28D69C25369,HeadBlur_650fc80b.py=logs/trace/SNS_Snapshots/SNS_24_SNAPSHOT_20250518_193739/modules/HeadBlur_650fc80b.py
611,header.py,AF3E21745083A9BD315DC908F9E425461ED567991215592131F6516C54EAD1F8,header.py=logs/trace/SNS_Snapshots/SNS_24_SNAPSHOT_20250518_193739/modules/header.py
612,headerregistry.py,619B835344E7A4B5761BA4D10823C05D7AECB6F131295A526E20D2B575527C77,headerregistry.py=logs/trace/SNS_Snapshots/SNS_24_SNAPSHOT_20250518_193739/modules/headerregistry.py
613,headless_experimental.py,06EB2DC91AC528287B4A69B5758394F7ACF630746CC16F7A419332FB91EF3CF8,headless_experimental.py=logs/trace/SNS_Snapshots/SNS_24_SNAPSHOT_20250518_193739/modules/headless_experimental.py
614,heap_profiler.py,3783762E33E142D25175872B12B6C9336FA8F846B41537ED00B0D243F439168E,heap_profiler.py=logs/trace/SNS_Snapshots/SNS_24_SNAPSHOT_20250518_193739/modules/heap_profiler.py
615,hebrewprober.py,316488D1D7A04CDA208752A518E4B5E4F3AFAE6DF487A500C605F4660973C845,hebrewprober.py=logs/trace/SNS_Snapshots/SNS_24_SNAPSHOT_20250518_193739/modules/hebrewprober.py
617,helper.py,B68ACD64BBAA0E4A9B1456F5624F80E26C3C2710CAAFAAEC73F08B7666E8AE2C,helper.py=logs/trace/SNS_Snapshots/SNS_24_SNAPSHOT_20250518_193739/modules/helper.py
618,helpers.py,523F4834A487A4A8D5D7FE1D11F8568ED509E70F89D7C2128175C3A95A476880,helpers.py=logs/trace/SNS_Snapshots/SNS_24_SNAPSHOT_20250518_193739/modules/helpers.py
619,hermite.py,6E0DBF6018C573C3ABCB347922EF2F5A14910BA0DCEAA9EB2CC97E559E3A15A0,hermite.py=logs/trace/SNS_Snapshots/SNS_24_SNAPSHOT_20250518_193739/modules/hermite.py
620,hermite_e.py,C72A55BDCEF6E42E750A8EBF6D5C5F8893726C07CCBDF4BB9C4DF0B0F077A550,hermite_e.py=logs/trace/SNS_Snapshots/SNS_24_SNAPSHOT_20250518_193739/modules/hermite_e.py
621,heuristics.py,EA309A8F0576BD7B63DEC72127AF0A7949541680A267E0533F966610A5CA576F,heuristics.py=logs/trace/SNS_Snapshots/SNS_24_SNAPSHOT_20250518_193739/modules/heuristics.py
622,highlighter.py,C598EAF93EF6A5DAA9DED9E199635FC125C8E2CE7FDF914618DC57C37EF4381B,highlighter.py=logs/trace/SNS_Snapshots/SNS_24_SNAPSHOT_20250518_193739/modules/highlighter.py
623,hist.py,697FD6E04DE6A3D757DD996B186412AAA8D5FD8C9558ADF5E9CC3680D7172617,hist.py=logs/trace/SNS_Snapshots/SNS_24_SNAPSHOT_20250518_193739/modules/hist.py
624,HMAC.py,DEF814E0711174896D6C9353CD3E23ECE4B1A4F55656414E85C6725A099243DD,HMAC.py=logs/trace/SNS_Snapshots/SNS_24_SNAPSHOT_20250518_193739/modules/HMAC.py
625,holiday.py,796A625292A23B52189AFB0E10F20132B043887ADEB9ACDE177067C414720D10,holiday.py=logs/trace/SNS_Snapshots/SNS_24_SNAPSHOT_20250518_193739/modules/holiday.py
626,hook-numpy.py,429E03E77277BA667012BB1133A23A7461FEE1F53330DE9A0B5800098121C23F,hook-numpy.py=logs/trace/SNS_Snapshots/SNS_24_SNAPSHOT_20250518_193739/modules/hook-numpy.py
627,hooks.py,1BE12A66CF826F90D8CF7ED3DA694BCDF8F3AF8DA8B3AE66470285FB77862572,_hooks.py=logs/trace/SNS_Snapshots/SNS_24_SNAPSHOT_20250518_193739/modules/_hooks.py
628,hook_gitlog_to_txt.py,49E86CCA96593D2805DB97B366A4B295006EEA3CCDE298249FC4FE75FDACFC19,hook_gitlog_to_txt.py=logs/trace/SNS_Snapshots/SNS_24_SNAPSHOT_20250518_193739/modules/hook_gitlog_to_txt.py
629,hook_latest_git_commit.py,F4CB18CE7797F4B30736EA47ECFCDD9F0C0446F6639AC3535F2CAB6C8F40EBB6,hook_latest_git_commit.py=logs/trace/SNS_Snapshots/SNS_24_SNAPSHOT_20250518_193739/modules/hook_latest_git_commit.py
630,hook_status_logger.py,E8E11BB3C4E83C01A0AA1EEC69D41819A95FA536FF979A19020C77670E054418,hook_status_logger.py=modules/common/hook_status_logger.py
631,host_header_ssl.py,282B3CD4C4A3E30CFDFD4380E7ED3EA3FE006F40A87110F3FAEE5F60A359EAFE,host_header_ssl.py=logs/trace/SNS_Snapshots/SNS_24_SNAPSHOT_20250518_193739/modules/host_header_ssl.py
632,HPKE.py,68F2799DB909F041BE3EB0291DF8999CDB2793A014633FC4CCD50582B6E7AAAC,HPKE.py=logs/trace/SNS_Snapshots/SNS_24_SNAPSHOT_20250518_193739/modules/HPKE.py
633,html.py,775BE9D448185A964276FE6D270A1CD84F231114DE2C9CA02197828692B5ACC4,html.py=logs/trace/SNS_Snapshots/SNS_24_SNAPSHOT_20250518_193739/modules/html.py
634,http_proxy_digest.py,3D038739991865DD364BFCFF1EFD85E5CB3B580F2DE976F6369C0A25472A2B36,http_proxy_digest.py=logs/trace/SNS_Snapshots/SNS_24_SNAPSHOT_20250518_193739/modules/http_proxy_digest.py
635,huepy.py,B008640053A3FF4C2F13CACA3C9451B0821AB85C3CE0D514A07AABE92ED18789,huepy.py=logs/trace/SNS_Snapshots/SNS_24_SNAPSHOT_20250518_193739/modules/huepy.py
636,IcnsImagePlugin.py,83BAFF5E6841C8862AEC88527ACB548658F9B2C399FDD9D3426542288988BE94,IcnsImagePlugin.py=logs/trace/SNS_Snapshots/SNS_24_SNAPSHOT_20250518_193739/modules/IcnsImagePlugin.py
637,IcoImagePlugin.py,192C605E3F8006FFA9B3B5F1B8EEBC0E7CE813BDA5799A994ACF1F4EB5FCDDDA,IcoImagePlugin.py=logs/trace/SNS_Snapshots/SNS_24_SNAPSHOT_20250518_193739/modules/IcoImagePlugin.py
638,idnadata.py,EFD48E2734B715BD04B7A4DAF85ADF5E78C6BF175CE92388F32DF0F13B2D437A,idnadata.py=logs/trace/SNS_Snapshots/SNS_24_SNAPSHOT_20250518_193739/modules/idnadata.py
639,Image.py,F7A200F62BB02D0DF5B5DCE75A7FD6E4D2F89130C0D7475764A60D55C4F4D339,Image.py=logs/trace/SNS_Snapshots/SNS_24_SNAPSHOT_20250518_193739/modules/Image.py
640,ImageChops_11db484a.py,B86C423BA00426AB09882F63361297353CB6C10A48B181CE8D7E0F77DEBE1381,ImageChops_11db484a.py=logs/trace/SNS_Snapshots/SNS_24_SNAPSHOT_20250518_193739/modules/ImageChops_11db484a.py
641,ImageCms.py,8C9A859B55A53CCE1E5EE2DA22B31CCF15A52098B2BA7573FE1CDC4D47EFA19C,ImageCms.py=logs/trace/SNS_Snapshots/SNS_24_SNAPSHOT_20250518_193739/modules/ImageCms.py
642,ImageColor.py,29A49061569A0EFB725C920C43C9FCEF12912AE490CDEB681BC52F65AD0F3109,ImageColor.py=logs/trace/SNS_Snapshots/SNS_24_SNAPSHOT_20250518_193739/modules/ImageColor.py
643,ImageDraw.py,47E36A89DF972A728EDE9D0E737E689B29431ED95F61F7E931885D03437B22B8,ImageDraw.py=logs/trace/SNS_Snapshots/SNS_24_SNAPSHOT_20250518_193739/modules/ImageDraw.py
644,ImageDraw2.py,627B8F846E0F8D0F135161588F78DFB51E2E32A84E6EBF3065FE613BF13DFC04,ImageDraw2.py=logs/trace/SNS_Snapshots/SNS_24_SNAPSHOT_20250518_193739/modules/ImageDraw2.py
645,ImageEnhance.py,D347A3071BFD1B88634CF46E52C74180D7F95984D107CEA52D87D30CB3222558,ImageEnhance.py=logs/trace/SNS_Snapshots/SNS_24_SNAPSHOT_20250518_193739/modules/ImageEnhance.py
647,ImageFilter.py,DB5D851DE4F2B3D738F3562FB3A910FAFB0479C09A7BB9CEC1DED75FA37D0B42,ImageFilter.py=logs/trace/SNS_Snapshots/SNS_24_SNAPSHOT_20250518_193739/modules/ImageFilter.py
648,ImageFont.py,8BFA0AD7DEF835B8EF5475A7B09634D0106BCF0DE4B7DB2B2A9CC75487124A28,ImageFont.py=logs/trace/SNS_Snapshots/SNS_24_SNAPSHOT_20250518_193739/modules/ImageFont.py
649,ImageGrab.py,7174EC608CB4424904517987326C69CD1506C3E2F5A44E5D66DD24DECC73C137,ImageGrab.py=logs/trace/SNS_Snapshots/SNS_24_SNAPSHOT_20250518_193739/modules/ImageGrab.py
650,ImageMath.py,9E6F9E6B62F3D6259DE706EC49807A2CA115AA33413548BFB8B2C16572D080C1,ImageMath.py=logs/trace/SNS_Snapshots/SNS_24_SNAPSHOT_20250518_193739/modules/ImageMath.py
651,ImageMode.py,519D6DC03196FC6503CC32F3B301E0DD3DE8FC7B3CB63B133DCD6C47D4C39DFE,ImageMode.py=logs/trace/SNS_Snapshots/SNS_24_SNAPSHOT_20250518_193739/modules/ImageMode.py
652,ImageMorph.py,C8B1438EF26D14F189CB36C2B1FB5BB8CBD9FDB9532541D5535E40CA876C8C79,ImageMorph.py=logs/trace/SNS_Snapshots/SNS_24_SNAPSHOT_20250518_193739/modules/ImageMorph.py
653,ImageOps.py,EBE179AED705105E18CBB3B7B7EFB75F7F69B877C031E201520C83086FF203FA,ImageOps.py=logs/trace/SNS_Snapshots/SNS_24_SNAPSHOT_20250518_193739/modules/ImageOps.py
654,ImagePath.py,4E15E7E1634C52D31C44FE43CAB38DF75BFE3182DED95281EBA5D95E8AF47CF0,ImagePath.py=logs/trace/SNS_Snapshots/SNS_24_SNAPSHOT_20250518_193739/modules/ImagePath.py
655,ImageQt.py,CB100D0BC7387367E4C56FF25B30684149D223EEE389D7E1DC20714157025EA9,ImageQt.py=logs/trace/SNS_Snapshots/SNS_24_SNAPSHOT_20250518_193739/modules/ImageQt.py
656,ImageSequenceClip.py,560EF4939EC3586C6D028C562AE9F02DF1616836FB936DEB24EAB0A09A1C909D,ImageSequenceClip.py=logs/trace/SNS_Snapshots/SNS_24_SNAPSHOT_20250518_193739/modules/ImageSequenceClip.py
657,ImageSequence_bbedbe85.py,20DC27794E688093266D0557B0B798960B794ECD6453D3B6177A21B1950FD341,ImageSequence_bbedbe85.py=logs/trace/SNS_Snapshots/SNS_24_SNAPSHOT_20250518_193739/modules/ImageSequence_bbedbe85.py
658,ImageShow.py,A88A18EDB71A09C91952D9BB3469C7259528DB90C789BC264FF2DF08D56A8026,ImageShow.py=logs/trace/SNS_Snapshots/SNS_24_SNAPSHOT_20250518_193739/modules/ImageShow.py
659,ImageStat.py,2537035403769B40CC3387E9207515BB924FDEB7D69F5BD1682E6601D8446EFB,ImageStat.py=logs/trace/SNS_Snapshots/SNS_24_SNAPSHOT_20250518_193739/modules/ImageStat.py
660,ImageTk.py,39877916CF740A10A324D07D757D3E419DB56C69B56A54F619E5949A26F00AAF,ImageTk.py=logs/trace/SNS_Snapshots/SNS_24_SNAPSHOT_20250518_193739/modules/ImageTk.py
661,ImageTransform.py,9A61D03192CEBC846EA3C9657F2BCF143270977C5E10D37AA707678CBE49C324,ImageTransform.py=logs/trace/SNS_Snapshots/SNS_24_SNAPSHOT_20250518_193739/modules/ImageTransform.py
662,ImageWin.py,3EFF0C9928A4ABE63306944798A7BAC77CC19BC8E10865D27216FA65AB070121,ImageWin.py=logs/trace/SNS_Snapshots/SNS_24_SNAPSHOT_20250518_193739/modules/ImageWin.py
663,img.py,EA66626147E2E22B9DA953F72FDB7192311ABE90B2BE10789727AC82B1FBA63C,img.py=logs/trace/SNS_Snapshots/SNS_24_SNAPSHOT_20250518_193739/modules/img.py
664,ImImagePlugin.py,6A95818AA32A688B8A8C086F8DD8582F0F8468D89431D7FF044D882688D47C10,ImImagePlugin.py=logs/trace/SNS_Snapshots/SNS_24_SNAPSHOT_20250518_193739/modules/ImImagePlugin.py
665,imopen.py,6521F046D83C4361701930D014B552582255B5684994D68229B85688E47DBA35,imopen.py=logs/trace/SNS_Snapshots/SNS_24_SNAPSHOT_20250518_193739/modules/imopen.py
666,import_csv_to_db.py,9E338D9727DE13350CFA0DBA1DB6F77AD8B12A69C056BF3E81BAEB240C9F1761,import_csv_to_db.py=modules/common/import_csv_to_db.py
667,ImtImagePlugin.py,37F9E3D3F1824B7FD3B3AC18EE5CC14892855971DC1311D11ADE124D1A2E01E6,ImtImagePlugin.py=logs/trace/SNS_Snapshots/SNS_24_SNAPSHOT_20250518_193739/modules/ImtImagePlugin.py
669,indexed_db_93d3b13c.py,244823B5BDE2A4AEC8D84549FD1B1EE90DF6FB01616B3B189C8CA769C6F5465C,indexed_db_93d3b13c.py=logs/trace/SNS_Snapshots/SNS_24_SNAPSHOT_20250518_193739/modules/indexed_db_93d3b13c.py
670,indexing.py,B4A516C6167424A7BF8F43293B8C5132728DB1EE3939DFD707E9715C92822058,indexing.py=logs/trace/SNS_Snapshots/SNS_24_SNAPSHOT_20250518_193739/modules/indexing.py
671,index_tricks.py,50D94C868A6CBAC7F29AD3818F64C8AE31805F43945F53DE0661A7D630297C5F,index_tricks.py=logs/trace/SNS_Snapshots/SNS_24_SNAPSHOT_20250518_193739/modules/index_tricks.py
672,inference.py,D529D7813982A8CF9770881A0675394F5EA004FD1D4F1789B1AEFAEEEB500D07,inference.py=logs/trace/SNS_Snapshots/SNS_24_SNAPSHOT_20250518_193739/modules/inference.py
673,infinity_feedliker.py,8B631A2183F0FBBB9164BE89626D8E1907B66C451E38EAB12EEEFBE1DFE4F7AD,infinity_feedliker.py=logs/trace/SNS_Snapshots/SNS_24_SNAPSHOT_20250518_193739/modules/infinity_feedliker.py
674,infinity_hashtags_follower.py,E8BD0BE842E424D28F0EAC126BAA1E024DF89ED007BAF17CBC890A302A728026,infinity_hashtags_follower.py=logs/trace/SNS_Snapshots/SNS_24_SNAPSHOT_20250518_193739/modules/infinity_hashtags_follower.py
675,infinity_hashtags_liker.py,91351D816A364CED23C9A1899AEE13CE417588E23B0D0941FAA2E7DB52472816,infinity_hashtags_liker.py=logs/trace/SNS_Snapshots/SNS_24_SNAPSHOT_20250518_193739/modules/infinity_hashtags_liker.py
676,info.py,07326C42828CE5EDE439CBB167B80F1E66F4A9CD948FCE533C6711C278FD3081,system_info.py=logs/trace/SNS_Snapshots/SNS_24_SNAPSHOT_20250518_193739/modules/system_info.py
677,initialise.py,752174205227FA3005E1A45D8A17AD0FBD33B83E229349F9228CB2D69F2B47EF,initialise.py=logs/trace/SNS_Snapshots/SNS_24_SNAPSHOT_20250518_193739/modules/initialise.py
678,input_.py,2EBB45CD9ACB2E058FB944D76E4E58CA4516B491D34F1C89736A9A1EF87D619A,input_.py=logs/trace/SNS_Snapshots/SNS_24_SNAPSHOT_20250518_193739/modules/input_.py
679,input_device.py,D5882ECC447E42323D405956852C5BED03E24A2D022262786D36030C1C27E273,input_device.py=logs/trace/SNS_Snapshots/SNS_24_SNAPSHOT_20250518_193739/modules/input_device.py
680,inspector.py,CD8F73EC1A92151964E6AFAE93CD86BA3ECABEDD1724CFA0F9A6055290108A2A,inspector.py=logs/trace/SNS_Snapshots/SNS_24_SNAPSHOT_20250518_193739/modules/inspector.py
681,install.py,EF517C6CDFDF0E6EC6255FEABFAAB2FA27AC6F4B2F3DFED9D131BFE78CCBFB08,req_uninstall.py=logs/trace/SNS_Snapshots/SNS_24_SNAPSHOT_20250518_193739/modules/req_uninstall.py
682,installation_report.py,5B77EC9E3DA714CB49F017F432A55A0AD377A662B25F8EEEE6855B6FAA34DC1B,installation_report.py=logs/trace/SNS_Snapshots/SNS_24_SNAPSHOT_20250518_193739/modules/installation_report.py
683,installed.py,EBC5B70DFBE9AD799A91D83A4C3C0FDC270F87E7DE7C9FDCA707D634935D64AD,installed.py=logs/trace/SNS_Snapshots/SNS_24_SNAPSHOT_20250518_193739/modules/installed.py
684,integer.py,E5E60C8226BC2615C56CCDB789C09F65DC77E26E310AE3D83B468FC452595929,integer.py=logs/trace/SNS_Snapshots/SNS_24_SNAPSHOT_20250518_193739/modules/integer.py
685,interaction.py,6610FDE4848E3602E4624E2CDB357D04069A3C167FEB8C9C0ECBF0677E6F4B65,interaction.py=logs/trace/SNS_Snapshots/SNS_24_SNAPSHOT_20250518_193739/modules/interaction.py
686,interact_DM.py,94FB8D07443BA4F2E6B45957DA86B32F58911B1E9CF7480CDFB2B2F40EF911FB,interact_DM.py=logs/trace/SNS_Snapshots/SNS_24_SNAPSHOT_20250518_193739/modules/interact_DM.py
687,interface.py,9000BF23BC70798A96328DE2F71E9B945EED5ED3F0534EDC97A6CC17BCBEDF96,interface.py=logs/trace/SNS_Snapshots/SNS_24_SNAPSHOT_20250518_193739/modules/interface.py
688,interpolators.py,1E4323C9E246AA9E575EC18C11614767E66C2A44B03060A52ED9A9BB63E014E4,interpolators.py=logs/trace/SNS_Snapshots/SNS_24_SNAPSHOT_20250518_193739/modules/interpolators.py
689,interval.py,56742E77ACD54793E947B5FFD3E329696E88A7889A6852A6BD67FB86E3EA5B4B,interval.py=logs/trace/SNS_Snapshots/SNS_24_SNAPSHOT_20250518_193739/modules/interval.py
690,intranges.py,27D9082ADF0974A9E60B3800F0BCC870396F3D1F74BA3FC7896C48711AF2B49F,intranges.py=logs/trace/SNS_Snapshots/SNS_24_SNAPSHOT_20250518_193739/modules/intranges.py
691,introspect.py,862BCB25257A44B57477D29F7668E4E15D780BC7C4F48506543DD667EA594D3B,introspect.py=logs/trace/SNS_Snapshots/SNS_24_SNAPSHOT_20250518_193739/modules/introspect.py
692,invalid.py,C8DD859693B48836E2008A00543EC55EFBF1888B9B23452D5A2FF83BEFB5F21C,invalid.py=logs/trace/SNS_Snapshots/SNS_24_SNAPSHOT_20250518_193739/modules/invalid.py
693,InvertColors.py,61899C4185CE01CF4C0E7028623B758CB4B576C79955CB725626EED5371A8B4B,InvertColors.py=logs/trace/SNS_Snapshots/SNS_24_SNAPSHOT_20250518_193739/modules/InvertColors.py
694,io.py,5FF9DF67D11542595EA8F1A06902B8041AF7D687580AD70328411793AFBBC6BC,asyncio.py=logs/trace/SNS_Snapshots/SNS_24_SNAPSHOT_20250518_193739/DELETE_TEMP_20250503/modules/asyncio.py
695,IptcImagePlugin_9e2aedb5.py,42422CBAA8E905F9C1BF9DE9F4690EFC39A9CB51A22F8B918762E83822DDC39F,IptcImagePlugin_9e2aedb5.py=logs/trace/SNS_Snapshots/SNS_24_SNAPSHOT_20250518_193739/modules/IptcImagePlugin_9e2aedb5.py
696,ipython.py,51795E6770BAA1AB685BD9CFDF133BD55649ECA831DD233D88008422847D269C,ipython.py=logs/trace/SNS_Snapshots/SNS_24_SNAPSHOT_20250518_193739/modules/ipython.py
697,irc.py,BA023F6B4BB0F656A3BCF458C1E01BB1E58087FBF99EADD578FFF03B1E28A285,irc.py=logs/trace/SNS_Snapshots/SNS_24_SNAPSHOT_20250518_193739/modules/irc.py
698,iterators.py,C3DCBAC5BD1A3F30BE3B0497F38BDF1DF8B0132130D8FB1B0D2099D97CFC0E4C,noniterators.py=logs/trace/SNS_Snapshots/SNS_24_SNAPSHOT_20250518_193739/modules/noniterators.py
699,itertools.py,2EE0A226E32C62428BD868189ACF2B7207B8394B65E1EB98C1D85C5A190BE606,_itertools.py=.venv/Lib/site-packages/setuptools/_vendor/importlib_resources/_itertools.py
700,jisfreq.py,7981EB9A64B064FBCE2EDF3CB593F7771F0499153E478B491BD7A9E7A37E7F98,jisfreq.py=logs/trace/SNS_Snapshots/SNS_24_SNAPSHOT_20250518_193739/modules/jisfreq.py
701,johabfreq.py,82C3C9E6F331457A31836952475A731BCA5F8657CA53732B0A6DC4A4F46184E9,johabfreq.py=logs/trace/SNS_Snapshots/SNS_24_SNAPSHOT_20250518_193739/modules/johabfreq.py
702,johabprober.py,92AAFE0ECDE12A4E78C0D8AEF5A53D28C9230807779FD78AB51C1C7CA43CF700,johabprober.py=logs/trace/SNS_Snapshots/SNS_24_SNAPSHOT_20250518_193739/modules/johabprober.py
703,jpcntx.py,B5F2C07BA0B33FE10F825387AEE7A9164CE0CA1F384787C15D96368C51D68D36,jpcntx.py=logs/trace/SNS_Snapshots/SNS_24_SNAPSHOT_20250518_193739/modules/jpcntx.py
704,Jpeg2KImagePlugin.py,FEFF47A12598AF9911D94EB9032DC92CF0BCDC355BAEC64061211E037DDE986B,Jpeg2KImagePlugin.py=logs/trace/SNS_Snapshots/SNS_24_SNAPSHOT_20250518_193739/modules/Jpeg2KImagePlugin.py
705,JpegImagePlugin.py,30952DA36A992811C0E861221653113ED7A331597EDA64E9652219A52035BB80,JpegImagePlugin.py=logs/trace/SNS_Snapshots/SNS_24_SNAPSHOT_20250518_193739/modules/JpegImagePlugin.py
706,JpegPresets.py,46D737CCFA24A3E3BA79FFB644E2227D80B6E13BB87FF1221818D193D852BA99,JpegPresets.py=logs/trace/SNS_Snapshots/SNS_24_SNAPSHOT_20250518_193739/modules/JpegPresets.py
707,json_custom.py,5C851F5D3351228D3FC43FD8EE752151650F67879FD0338465897682BD4AB735,json_custom.py=logs/trace/SNS_Snapshots/SNS_24_SNAPSHOT_20250518_193739/modules/json_custom.py
708,jupyter.py,84EB737C30810F8DF7E4BF13C25E2A87E32FFD60EE85552079D7C8156A85FD3D,jupyter.py=logs/trace/SNS_Snapshots/SNS_24_SNAPSHOT_20250518_193739/modules/jupyter.py
709,KangarooTwelve.py,B0E46007C2B14ED804D2807B4C5C1A69FBACA3F05228ABF3D2F7E7157E94DFAF,KangarooTwelve.py=logs/trace/SNS_Snapshots/SNS_24_SNAPSHOT_20250518_193739/modules/KangarooTwelve.py
710,KDF.py,8B1DFCAF1960389BE1064F4EDBF6599A156335801C9FB92FD894C9C2614964D8,KDF.py=logs/trace/SNS_Snapshots/SNS_24_SNAPSHOT_20250518_193739/modules/KDF.py
711,KDF_b5db61cb.py,C5D833E88908B25FEFC7D70898593BD0B211B81FCF94F947720C0C6291132898,KDF_b5db61cb.py=logs/trace/SNS_Snapshots/SNS_24_SNAPSHOT_20250518_193739/modules/KDF_b5db61cb.py
712,keccak.py,38060D0FB644294A59185D129BFF8DD2747F231FD07241589AEC3CF6E36FF7B8,keccak.py=logs/trace/SNS_Snapshots/SNS_24_SNAPSHOT_20250518_193739/modules/keccak.py
713,keras.py,AA7A80C5EDBEF72242A9B29219D7F681DB552B7723F394FDB0B703E9BD947452,keras.py=logs/trace/SNS_Snapshots/SNS_24_SNAPSHOT_20250518_193739/modules/keras.py
714,key.py,4C3CD7A903E09ED45F50DFB1AA65D3626FF3F3A9106328F5CF24DC623442B8DF,monkey.py=backup/SNS_24AutoProject+++0508삭제/.venv310/Lib/site-packages/setuptools/monkey.py
715,keys.py,6E23A1F1618BBDEFED44339FA9F3777F93DD8F258BF40EDE99C9A8DA022BBA00,keys.py=logs/trace/SNS_Snapshots/SNS_24_SNAPSHOT_20250518_193739/modules/keys.py
716,key_actions.py,2B9FE71A824F6F6A18F75BCB2C672CD932B0966AD4009F6D9DE4CADA029AEFCE,key_actions.py=logs/trace/SNS_Snapshots/SNS_24_SNAPSHOT_20250518_193739/modules/key_actions.py
717,key_input.py,CBFE898D0305B0CC92F9F2D5E1809861CC6F62C4D5FA2B7E97C4F8E97B33F40F,key_input.py=logs/trace/SNS_Snapshots/SNS_24_SNAPSHOT_20250518_193739/modules/key_input.py
718,KMAC128.py,3A5E57CA8281E628E9D401CE19BEEF0752ADE315B7A995EE6D16CA300A378AA0,KMAC128.py=logs/trace/SNS_Snapshots/SNS_24_SNAPSHOT_20250518_193739/modules/KMAC128.py
719,KMAC128_3dd47cdb.py,985166956BD52396AD77B731CF8FEFCCA8A68D8B98E844DF41EB5F5274A6DE5A,KMAC128_3dd47cdb.py=modules/common/KMAC128_3dd47cdb.py
720,KMAC256.py,A14D614397F8ADA99A85ECF5A071C3EC44A1CD2BE5011D9B5A1A21080A82D34C,KMAC256.py=logs/trace/SNS_Snapshots/SNS_24_SNAPSHOT_20250518_193739/modules/KMAC256.py
721,kqueue.py,D14EB1700461F27F2C7C5127A008ACE08AE9DE7149AFB626C50B980E52D8A5D2,_io_kqueue.py=logs/trace/SNS_Snapshots/SNS_24_SNAPSHOT_20250518_193739/modules/_io_kqueue.py
722,labels.py,C5361402D56E7C6749E299902175047F61E697C7401A3E3D649B03F78317D572,labels.py=logs/trace/SNS_Snapshots/SNS_24_SNAPSHOT_20250518_193739/modules/labels.py
723,laguerre.py,88A366DF96262F944E7B0A705814AB9581262E935D286838A446AFBA519CD048,laguerre.py=logs/trace/SNS_Snapshots/SNS_24_SNAPSHOT_20250518_193739/modules/laguerre.py
724,langbulgarianmodel.py,BF7CF938B1888A5283DAB5D0B13476F590DFF0A24418E09E2880C573B692F17D,langbulgarianmodel.py=logs/trace/SNS_Snapshots/SNS_24_SNAPSHOT_20250518_193739/modules/langbulgarianmodel.py
725,langgreekmodel.py,E8127CC67C6DF99343B53C206798CDD1C1B1A26E52AFADBB653582BF5E4D3690,langgreekmodel.py=logs/trace/SNS_Snapshots/SNS_24_SNAPSHOT_20250518_193739/modules/langgreekmodel.py
726,langhebrewmodel.py,C82137FA3AC5F7F90F4608EAE218401D790AC70C301AA9179606BE53EF45B945,langhebrewmodel.py=logs/trace/SNS_Snapshots/SNS_24_SNAPSHOT_20250518_193739/modules/langhebrewmodel.py
727,langhungarianmodel.py,848A10B2E9D2151E9B08B1A9632AE9FDA379709DFC4FA4AF1B55805DB5726362,langhungarianmodel.py=logs/trace/SNS_Snapshots/SNS_24_SNAPSHOT_20250518_193739/modules/langhungarianmodel.py
728,langrussianmodel.py,33D2337F9A81475965ABA195F5C13DC1E38A147521B602A11EF64BD1034B8B91,langrussianmodel.py=logs/trace/SNS_Snapshots/SNS_24_SNAPSHOT_20250518_193739/modules/langrussianmodel.py
729,langthaimodel_f91a92db.py,8A474F952C491444F259C02E31F79F9F1409A07CEEB5D98B5AE87106A65AD232,langthaimodel_f91a92db.py=logs/trace/SNS_Snapshots/SNS_24_SNAPSHOT_20250518_193739/modules/langthaimodel_f91a92db.py
730,langturkishmodel.py,BB3B1D4BECF21F8C009FF8A6739EC439FEF991BDCF0983E8E1F85ED3327C611F,langturkishmodel.py=logs/trace/SNS_Snapshots/SNS_24_SNAPSHOT_20250518_193739/modules/langturkishmodel.py
731,languages.py,363D1D6D38E8DE4DCF4AE2652B3BD6A35906C75AB0E1D94C40573CB71EDF857F,languages.py=logs/trace/SNS_Snapshots/SNS_24_SNAPSHOT_20250518_193739/modules/languages.py
732,latex.py,84CB4DBB5AF6907938B60BBD9724978495360708AB76ADA74B2CCB3B1CBC7ECD,latex.py=logs/trace/SNS_Snapshots/SNS_24_SNAPSHOT_20250518_193739/modules/latex.py
733,latin1prober.py,46B08EFE69C7FCCE029E9CD34B259DA5646AFFBE5543E49D204893C269FAFE0C,latin1prober.py=logs/trace/SNS_Snapshots/SNS_24_SNAPSHOT_20250518_193739/modules/latin1prober.py
734,layer_tree_2abdbf23.py,3DD826AEB46677A1680EE843BC1351C4F952E3D8D3AFB0F45A70AB7C5A70A43E,layer_tree_2abdbf23.py=logs/trace/SNS_Snapshots/SNS_24_SNAPSHOT_20250518_193739/modules/layer_tree_2abdbf23.py
735,layout.py,E3431CC3389963C52156B19A8EDF4AD96D42341FA16E334CF2F8F16AB4B8680C,layout.py=logs/trace/SNS_Snapshots/SNS_24_SNAPSHOT_20250518_193739/modules/layout.py
736,lazy.py,59DE9CC3593AEE933C61C688AD1F55E40C15341498567D5046F749F778226AB4,lazy.py=logs/trace/SNS_Snapshots/SNS_24_SNAPSHOT_20250518_193739/modules/lazy.py
737,lazy_wheel.py,4D2D193116441043F9317FFBCCA61C845902D4E0D319677C2BE990E1D5A620C2,lazy_wheel.py=logs/trace/SNS_Snapshots/SNS_24_SNAPSHOT_20250518_193739/modules/lazy_wheel.py
739,legacy_plugin_wrapper.py,870C4048E49F205ADF9648FA8FBB45AA7CEB252C5D2B2E1BEBC0688999238F68,legacy_plugin_wrapper.py=logs/trace/SNS_Snapshots/SNS_24_SNAPSHOT_20250518_193739/modules/legacy_plugin_wrapper.py
740,legendre.py,5D31D44247069B8EAF884832DB77AC63047D23E4035B0143660C5ED85C2F634D,legendre.py=logs/trace/SNS_Snapshots/SNS_24_SNAPSHOT_20250518_193739/modules/legendre.py
741,lexer.py,931FC94E6EAB1E190020F85449DB775279781D75259FD54CC45FB1F374A535A8,lexer.py=logs/trace/SNS_Snapshots/SNS_24_SNAPSHOT_20250518_193739/modules/lexer.py
742,lib_user_array.py,748033359AB43F5DAEC0D2353B1CE1BB6B6E7832974DDD7678CF516BDEB15435,lib_user_array.py=logs/trace/SNS_Snapshots/SNS_24_SNAPSHOT_20250518_193739/modules/lib_user_array.py
743,lib_utils_d00029fb.py,94E549D941CC69A6C9DC7C656606FF0C7D8CC367FF7A9FF091F61A315162A3E8,lib_utils_d00029fb.py=logs/trace/SNS_Snapshots/SNS_24_SNAPSHOT_20250518_193739/modules/lib_utils_d00029fb.py
744,lib_version.py,EE2DB769F68488F2C9F37B38B0FD0325A71E88FC0AB9E6A4CC8452F776C6CFC6,lib_version.py=logs/trace/SNS_Snapshots/SNS_24_SNAPSHOT_20250518_193739/modules/lib_version.py
746,like_example.py,BFBB77A9A7FB3644BF95F5E706A3CBDF2A4E198F92D06D58EFB113EE8845EC9D,like_example.py=logs/trace/SNS_Snapshots/SNS_24_SNAPSHOT_20250518_193739/modules/like_example.py
747,like_hashtags.py,1747968A96DC93F8B484A85270629D7C352E220A4520A8242D49FB382CC2F393,like_hashtags.py=logs/trace/SNS_Snapshots/SNS_24_SNAPSHOT_20250518_193739/modules/like_hashtags.py
748,like_hashtags_from_file.py,CC003F420CEAC31C681EF37D843F1F92CA67E81731DACCB3A3DEACE3D745554E,like_hashtags_from_file.py=logs/trace/SNS_Snapshots/SNS_24_SNAPSHOT_20250518_193739/modules/like_hashtags_from_file.py
749,like_location_feed.py,CAA69E3194AF216AD3B46F08EB8382F944E7EE965F5912F4542FA09094F458B6,like_location_feed.py=logs/trace/SNS_Snapshots/SNS_24_SNAPSHOT_20250518_193739/modules/like_location_feed.py
750,like_medias_by_location.py,2EEBCE0997A3BD48A21BEFB41E95DC0E6A0BA119B9991CE98F8420F17783AB15,like_medias_by_location.py=logs/trace/SNS_Snapshots/SNS_24_SNAPSHOT_20250518_193739/modules/like_medias_by_location.py
751,like_timeline_feed.py,CE99CCCC2A66C117FB730C29490AF429AEACF419E6945775A05BCFE70CC7FBCF,like_timeline_feed.py=logs/trace/SNS_Snapshots/SNS_24_SNAPSHOT_20250518_193739/modules/like_timeline_feed.py
752,like_users.py,D13F8134FB71C440A45BB1165BF62FB54F3FFCEFE8C12ADE281D263D2136BB25,like_users.py=logs/trace/SNS_Snapshots/SNS_24_SNAPSHOT_20250518_193739/modules/like_users.py
753,like_users_from_file.py,2B85FFA92288576C516323F4A4EE0948D42DBF9F3B64F37B273E352F3AB39E72,like_users_from_file.py=logs/trace/SNS_Snapshots/SNS_24_SNAPSHOT_20250518_193739/modules/like_users_from_file.py
754,like_user_followers.py,48E34C2C5AD36A2A2A18CF0C1BDE040491047661DE720AEC5C8CA13088851832,like_user_followers.py=logs/trace/SNS_Snapshots/SNS_24_SNAPSHOT_20250518_193739/modules/like_user_followers.py
755,like_user_following.py,793BC002609970206475EEC9148CDCC3F9011A7BDCE270D871FFB7FCCA7BACAD,like_user_following.py=logs/trace/SNS_Snapshots/SNS_24_SNAPSHOT_20250518_193739/modules/like_user_following.py
756,like_your_last_media_likers.py,69EC762336DE5F577C216E7B365FECB34C9B3DED04B44E780FAA7A681A9D9A41,like_your_last_media_likers.py=logs/trace/SNS_Snapshots/SNS_24_SNAPSHOT_20250518_193739/modules/like_your_last_media_likers.py
757,linalg.py,D52929C528D639E9BADE3F824F36C9D1B4310CD7AADFD2C726151DA80E05A077,_linalg.py=logs/trace/SNS_Snapshots/SNS_24_SNAPSHOT_20250518_193739/modules/_linalg.py
758,link.py,A58A44BD6E6E2F0A917B9DCC875E6D4841959DDB532D2356725AE1B57E096544,link.py=logs/trace/SNS_Snapshots/SNS_24_SNAPSHOT_20250518_193739/modules/link.py
759,list.py,BB3D794FA65451902729BB2319D64F11EB7D8772148B33D3B20365AE0674D6D0,diff_hashlist.py=tools/diff_hashlist.py
760,literal.py,07E417BB9877B68D41F487C269BD33BD3A25C4E348B91D20D1B374067ADEFC20,literal.py=logs/trace/SNS_Snapshots/SNS_24_SNAPSHOT_20250518_193739/modules/literal.py
761,live_render.py,8F45C6FD5EAB1191EBA507773A9846A80AED91A4F0862E2C2E85EFD1595C439B,live_render.py=logs/trace/SNS_Snapshots/SNS_24_SNAPSHOT_20250518_193739/modules/live_render.py
762,loader.py,C1F7EDEE14904D85088429185587546507A90C043045C116750EB9E8436D28CD,env_loader.py=utils/env_loader.py
763,localization.py,C6AE7277F28E7A91A09644201F4AC5E1017041F63FE7135AFF44BEED4D6B947D,localization.py=logs/trace/SNS_Snapshots/SNS_24_SNAPSHOT_20250518_193739/modules/localization.py
764,locators.py,93EF1DF523551BFEBC41965264A158A17219D539D9DE51D11DDD28B9F82758FC,locators.py=logs/trace/SNS_Snapshots/SNS_24_SNAPSHOT_20250518_193739/modules/locators.py
766,log.py,7C69119DEACF3A90E9B4FB6914C26553E78414A5AD2D89D154197766B48D503F,insert_disk_log.py=db/insert_disk_log.py
768,logger_config.py,3DD1C8C02A20BCF5C5AE29552BDF6A21448DFC68EDE2D10B844C95517F01E533,logger_config.py=logs/trace/SNS_Snapshots/SNS_24_SNAPSHOT_20250518_193739/modules/logger_config.py
769,logger_setup.py,50B5DB65FC83C14A4701351BF97885B351AB83546BEF9D03243813BC6339CB20,logger_setup.py=logs/trace/SNS_Snapshots/SNS_24_SNAPSHOT_20250518_193739/modules/logger_setup.py
770,logging_setup.py,72069AC673CF19A912CBDE893F03447A1A42BBB7B053A2AB440B0109463053AA,logging_setup.py=logs/trace/SNS_Snapshots/SNS_24_SNAPSHOT_20250518_193739/modules/logging_setup.py
771,login_and_permissions.py,68B4B7E9D8AC30171005220B8978BEFA16E3DC7A193FBB0BF52A11757F797DA1,login_and_permissions.py=logs/trace/SNS_Snapshots/SNS_24_SNAPSHOT_20250518_193739/modules/login_and_permissions.py
772,login_and_permission_dashboard.py,14107DF65A32A15B784074E4913D74561C506EE9EC889055F75B447B1B750F0F,login_and_permission_dashboard.py=logs/trace/SNS_Snapshots/SNS_24_SNAPSHOT_20250518_193739/modules/login_and_permission_dashboard.py
773,login_system.py,441F16F3D08DAEA49409FD17BDAACF998B94F34B0E4F63ECD4BB90359ECF45F7,streamlit_login_system.py=logs/trace/SNS_Snapshots/SNS_24_SNAPSHOT_20250518_193739/modules/streamlit_login_system.py
774,login_system_dashboard.py,025B094FEFBF88476EB78B3379BE5E558B788C4AD45199BE11E431DC35FD6FA3,login_system_dashboard.py=logs/trace/SNS_Snapshots/SNS_24_SNAPSHOT_20250518_193739/modules/login_system_dashboard.py
775,log_dashboard.py,9CC19E9396D8521C16FB0507639BBAA41D3D922B0CD1F6F72F3F0725B92BFE2E,log_dashboard.py=logs/trace/SNS_Snapshots/SNS_24_SNAPSHOT_20250518_193739/modules/log_dashboard.py
776,log_table_row_counts.py,E681D2BD00C5DCED94E02D8F2A0E5072C792F00F2E525249AE175A8BC326035D,log_table_row_counts.py=logs/trace/SNS_Snapshots/SNS_24_SNAPSHOT_20250518_193739/modules/log_table_row_counts.py
777,log_trace.py,CDC31A8CCEE8AC0696D6747D1025F8AE2A4828B4EE650BEF86FD35AAD36F42F4,log_trace.py=decorators/log_trace.py
778,Loop.py,D53BA600FE8B54C5206FAAD871144393585BA26CEF167B9798F6390CE4498B98,Loop.py=logs/trace/SNS_Snapshots/SNS_24_SNAPSHOT_20250518_193739/modules/Loop.py
779,lowlevel_e3dbf284.py,01D61DCDF90F4CCC1F4292E908C7AF54FB3956ADD11A5EE9FF8A21DBD924210B,lowlevel_e3dbf284.py=logs/trace/SNS_Snapshots/SNS_24_SNAPSHOT_20250518_193739/modules/lowlevel_e3dbf284.py
780,low_level.py,00519B02B0CDF7ED0792E43D42ACE01CB5F048D59F0F4D950AB886F7E0236991,low_level.py=logs/trace/SNS_Snapshots/SNS_24_SNAPSHOT_20250518_193739/modules/low_level.py
781,LumContrast.py,B0272C096988C3F0B05EFBE3CBF70BC1330CEFB86C94C37467F0A5D5F9E6E1DB,LumContrast.py=logs/trace/SNS_Snapshots/SNS_24_SNAPSHOT_20250518_193739/modules/LumContrast.py
782,lytro.py,C6CFEE7B9EE3333F8FF6F4B57EEC4C941BB2AF8DBAD7898BDF482A0476F2116E,lytro.py=logs/trace/SNS_Snapshots/SNS_24_SNAPSHOT_20250518_193739/modules/lytro.py
783,ma.py,9B9A11DECA5C6D4047F91A0F67D4946A52A1806D5B18D5FF4DF44C7394B7C24B,ma.py=logs/trace/SNS_Snapshots/SNS_24_SNAPSHOT_20250518_193739/modules/ma.py
784,macos.py,8111D8A7FB39505143CDB8B187E7AF876315BF9F99D807B7FE81ADBD31C3D41A,macos.py=logs/trace/SNS_Snapshots/SNS_24_SNAPSHOT_20250518_193739/modules/macos.py
785,macromanprober.py,6F505F43ECFBF73B3B854301DC9ABE0BAAE1CD984F23FE86B6676D0716F06AB3,macromanprober.py=logs/trace/SNS_Snapshots/SNS_24_SNAPSHOT_20250518_193739/modules/macromanprober.py
786,main_parser.py,A3FA86C049A0258CAD0E4E68E9AAEC893CFC3BCF8743D975822C6B944E6E9F19,main_parser.py=logs/trace/SNS_Snapshots/SNS_24_SNAPSHOT_20250518_193739/modules/main_parser.py
787,makefile.py,D56EC905227DCB93B3E86383876E329AFC6025EEBF3885DF88B78CCBC3D7F76D,makefile.py=logs/trace/SNS_Snapshots/SNS_24_SNAPSHOT_20250518_193739/modules/makefile.py
788,MakeLoopable.py,0687473893733B44E58DD9E2304CB6AECA6C5AE762CE32B8F074CF5A6EC95D40,MakeLoopable.py=logs/trace/SNS_Snapshots/SNS_24_SNAPSHOT_20250518_193739/modules/MakeLoopable.py
789,managers.py,CF0260F4C5B523C3B183956C30485DD9CBC2A36EE897E2EDFCBCDCCDF12C9815,managers.py=logs/trace/SNS_Snapshots/SNS_24_SNAPSHOT_20250518_193739/modules/managers.py
790,manifest.py,CC93997BA1460F0C9C9ED7E5A53D92F44755D2061FB477BAB676E1360F800CFC,manifest.py=logs/trace/SNS_Snapshots/SNS_24_SNAPSHOT_20250518_193739/modules/manifest.py
791,Margin.py,C7E353649830E89C2AF00F02C942C1A7197FB0C23A5530713B0EE6F6160133AF,Margin.py=logs/trace/SNS_Snapshots/SNS_24_SNAPSHOT_20250518_193739/modules/Margin.py
793,markup.py,35865925C01B262D492F071085108F5934D70062FC2C2DAF8216C6A07C04E074,markup.py=logs/trace/SNS_Snapshots/SNS_24_SNAPSHOT_20250518_193739/modules/markup.py
794,MaskColor.py,8D73D688216B81DA0B0267A3227FE0AD49A7562F89398CDD7B2BF8FBFEC8488C,MaskColor.py=logs/trace/SNS_Snapshots/SNS_24_SNAPSHOT_20250518_193739/modules/MaskColor.py
795,masked.py,CE737A9AFE5A7B8EC4BE2647089B54E20FC6CDACE03DBD947334B845278DCDA8,masked.py=logs/trace/SNS_Snapshots/SNS_24_SNAPSHOT_20250518_193739/modules/masked.py
796,masked_accumulations.py,7EC8F12A5199EB0D7D9CC4426FD785FF75E4BDFBA1D6F6EFF2F2F82129D54C05,masked_accumulations.py=logs/trace/SNS_Snapshots/SNS_24_SNAPSHOT_20250518_193739/modules/masked_accumulations.py
797,masked_reductions.py,AF023C92B087C813D1B15AA16C5C96F578298FB262AE71BAFDE55B6CFCB01C2D,masked_reductions.py=logs/trace/SNS_Snapshots/SNS_24_SNAPSHOT_20250518_193739/modules/masked_reductions.py
798,masked_shared.py,505B02226E3141F559AFF50A408E30F64CC46A8E8AE764C397FF13E6DD22D88E,masked_shared.py=logs/trace/SNS_Snapshots/SNS_24_SNAPSHOT_20250518_193739/modules/masked_shared.py
799,MasksAnd.py,5AD572FB09CFE65696365BAA9F28AFAE7F244950A03F291916FC6A0C36556AA7,MasksAnd.py=logs/trace/SNS_Snapshots/SNS_24_SNAPSHOT_20250518_193739/modules/MasksAnd.py
800,MasksOr.py,596A885A7C0D51474C5C79E262FD8942E5EE045D8BE095588B93D35B69242C4A,MasksOr.py=logs/trace/SNS_Snapshots/SNS_24_SNAPSHOT_20250518_193739/modules/MasksOr.py
801,mask_ops.py,7F021F6C1AC99C16BCFD4C7FECC531749B2A483E9995B8F4F13A4DDB5A7EEC4E,mask_ops.py=logs/trace/SNS_Snapshots/SNS_24_SNAPSHOT_20250518_193739/modules/mask_ops.py
802,matchers.py,9689B3BB30D6539A23608388BE529ADD21B6E36F16ECF1A5A81DF7DEB2BD37D8,matchers.py=logs/trace/SNS_Snapshots/SNS_24_SNAPSHOT_20250518_193739/modules/matchers.py
803,matlib.py,381097591599B354D73BC96ACB8D492534459C41F54497355F1D5301FF0A414E,matlib.py=logs/trace/SNS_Snapshots/SNS_24_SNAPSHOT_20250518_193739/modules/matlib.py
805,mbcsgroupprober.py,40EE10AC8F7E77A8FA458B645A0C27FB271FB9FBF7898C5228957DA42B06C77C,mbcsgroupprober.py=logs/trace/SNS_Snapshots/SNS_24_SNAPSHOT_20250518_193739/modules/mbcsgroupprober.py
806,mbcssm.py,6B4D959321668AF184BC17F4B5800952ED3D7FD890C62DB453786F2C693FCF33,mbcssm.py=logs/trace/SNS_Snapshots/SNS_24_SNAPSHOT_20250518_193739/modules/mbcssm.py
807,McIdasImagePlugin_0dba5bb4.py,8196213A704453F900C6F7A735923B4938AD9F11AEA6B8F7CC9185F9F9104D35,McIdasImagePlugin_0dba5bb4.py=logs/trace/SNS_Snapshots/SNS_24_SNAPSHOT_20250518_193739/modules/McIdasImagePlugin_0dba5bb4.py
808,md.py,6E741A5349C136403BD97C29383046C561FF9FD17C0565D45282FB603A05FFC3,cmd.py=backup/SNS_24AutoProject+++0508삭제/.venv310/Lib/site-packages/setuptools/_distutils/cmd.py
809,MD2.py,E75760A6F3E4D630654D5C20F235BFA0AE1B6876777CAA2C254D65EF989141D8,MD2.py=logs/trace/SNS_Snapshots/SNS_24_SNAPSHOT_20250518_193739/modules/MD2.py
810,MD4.py,743E1CB9A52EA8C596CCA816D38C527CA7084D2AA61B623CEA3907E86411E6A6,MD4.py=logs/trace/SNS_Snapshots/SNS_24_SNAPSHOT_20250518_193739/modules/MD4.py
811,MD5.py,4A03D7C6FAB5E405FFB25514437D93E1ABDF897FEF4030E362A6742937242DC5,MD5.py=logs/trace/SNS_Snapshots/SNS_24_SNAPSHOT_20250518_193739/modules/MD5.py
812,mean_.py,F18663A5C42463120D52A4DF38FA47C25A8F12F3A69774E534E9ED43001387FB,mean_.py=logs/trace/SNS_Snapshots/SNS_24_SNAPSHOT_20250518_193739/modules/mean_.py
813,measure.py,842826B16B10A3A56252B5FA7BA450216CA5F5DBB0CDFC4B849B3E623C5108DC,measure.py=logs/trace/SNS_Snapshots/SNS_24_SNAPSHOT_20250518_193739/modules/measure.py
814,media.py,4624523A97831D827B6F2660C553C7D962C94624709331DBE1F244F441CBC00C,media.py=logs/trace/SNS_Snapshots/SNS_24_SNAPSHOT_20250518_193739/modules/media.py
815,melt.py,20B1A0EBDB5B5C72EC901FA86A6F7BD4B5D271D91EC9B935A6E35061A1BA8568,melt.py=logs/trace/SNS_Snapshots/SNS_24_SNAPSHOT_20250518_193739/modules/melt.py
816,memmap_dbdcc403.py,4AD9B05E1893A52E27303BD10048C8BE010C93B0A4F1B0C43ED859EA51557798,memmap_dbdcc403.py=logs/trace/SNS_Snapshots/SNS_24_SNAPSHOT_20250518_193739/modules/memmap_dbdcc403.py
817,memory.py,1E94FAA0BEB98B087A58D21368C49EF2AA137FF4B79B4749657BB1477969F2A5,memory.py=logs/trace/SNS_Snapshots/SNS_24_SNAPSHOT_20250518_193739/modules/memory.py
818,mercurial.py,8782C565F1FA714D1B94A5E983D29D79C7ACE7F3C77D76892893393040676BDB,mercurial.py=logs/trace/SNS_Snapshots/SNS_24_SNAPSHOT_20250518_193739/modules/mercurial.py
819,merge.py,7F777F2EDE978CF009F1D6D1B5A96726426D70E97D581D6D523EE417E4CFFF83,merge.py=logs/trace/SNS_Snapshots/SNS_24_SNAPSHOT_20250518_193739/modules/merge.py
820,message.py,A55ECB1C85DDAD56C934784A9B19727628FC82E7092CAA18E2E96BABFAABE880,welcome_message.py=logs/trace/SNS_Snapshots/SNS_24_SNAPSHOT_20250518_193739/modules/welcome_message.py
821,messagebox.py,477FB2A93BE98BA6B5AA6907081B7A3CDD8EAEE08AC5C8820D3F43C90F0A4C22,messagebox.py=logs/trace/SNS_Snapshots/SNS_24_SNAPSHOT_20250518_193739/modules/messagebox.py
822,message_users_3a6a25db.py,03C4C2340DF4E5BE445521135339D3A3397A74951CB010F43D2BCFA004651113,message_users_3a6a25db.py=logs/trace/SNS_Snapshots/SNS_24_SNAPSHOT_20250518_193739/modules/message_users_3a6a25db.py
824,metadata_13f8edb2.py,2D289691ECAD26989C380D7529AB5930D07AB311A93AE2C199553FAFEFFE643F,metadata_13f8edb2.py=logs/trace/SNS_Snapshots/SNS_24_SNAPSHOT_20250518_193739/modules/metadata_13f8edb2.py
825,metadata_editable.py,EA3B7D92714B9DD924C43C4111C8AA3808EEE25347A67952A9B07E41A4D821AA,metadata_editable.py=logs/trace/SNS_Snapshots/SNS_24_SNAPSHOT_20250518_193739/modules/metadata_editable.py
826,metadata_legacy.py,32CD389679F7201CD9DFCA813BFFADF71664DBED7BA03BE4206A868599CFE0A0,metadata_legacy.py=logs/trace/SNS_Snapshots/SNS_24_SNAPSHOT_20250518_193739/modules/metadata_legacy.py
827,methods.py,DF1936101FBFA3E3E90D84D82D279735AFEBDF89C6BAAC95E6CC32963091A405,_request_methods.py=logs/trace/SNS_Snapshots/SNS_24_SNAPSHOT_20250518_193739/modules/_request_methods.py
828,methods_ea715db2.py,DF1936101FBFA3E3E90D84D82D279735AFEBDF89C6BAAC95E6CC32963091A405,methods_ea715db2.py=logs/trace/SNS_Snapshots/SNS_24_SNAPSHOT_20250518_193739/modules/methods_ea715db2.py
829,MicImagePlugin.py,3CA805557E88A5CC9F4E7E0A79C728C4F6EA4B42105E103F3592BF1F8BF7A42B,MicImagePlugin.py=logs/trace/SNS_Snapshots/SNS_24_SNAPSHOT_20250518_193739/modules/MicImagePlugin.py
830,min_max_.py,49551A0598B9ACC5F49A59DCB40E379B472B69D2335182CA1ADE0D67B878B102,min_max_.py=logs/trace/SNS_Snapshots/SNS_24_SNAPSHOT_20250518_193739/modules/min_max_.py
831,MirrorX.py,856D38CDD3124E6BF28E8640AACF651F4EC44C1AFE5AB5851EDD2263F8CA7259,MirrorX.py=logs/trace/SNS_Snapshots/SNS_24_SNAPSHOT_20250518_193739/modules/MirrorX.py
832,MirrorY.py,25A508816FCF94939F8ECE7AE7C13867A78BABF35512F1186A8644B4EE2B10B0,MirrorY.py=logs/trace/SNS_Snapshots/SNS_24_SNAPSHOT_20250518_193739/modules/MirrorY.py
833,misc.py,E73B4DC4D3F6939D7D85EFE58762BE953AFD2C85634500BB6CF8A3B5FF74D3C0,_misc.py=logs/trace/SNS_Snapshots/SNS_24_SNAPSHOT_20250518_193739/modules/_misc.py
834,missing.py,56A54765E70AB6B9A485CE07E8DAC1AE6523A083A76BDD62504D7976B5EE6A36,missing.py=logs/trace/SNS_Snapshots/SNS_24_SNAPSHOT_20250518_193739/modules/missing.py
835,mixins.py,31975CA646D3EDED7D8792DC76E50ABE391AEBF6192661CB09E8E9F5C285B52A,mixins.py=logs/trace/SNS_Snapshots/SNS_24_SNAPSHOT_20250518_193739/modules/mixins.py
836,mklabels.py,EF58D1426351622800B4AEC6DCCC5D3334F3971C84421D6D609854AA038CC680,mklabels.py=logs/trace/SNS_Snapshots/SNS_24_SNAPSHOT_20250518_193739/modules/mklabels.py
837,mobile.py,E89B598D124C08BCFF88EACFD13B38DD47CC8FC0544E66AB478D6158F71B6D65,mobile.py=logs/trace/SNS_Snapshots/SNS_24_SNAPSHOT_20250518_193739/modules/mobile.py
838,mod.py,A6F8BD81180094C38E563B08C10FAEA6E1E12ED9900DD810A07E0142C2D15491,mod.py=logs/trace/SNS_Snapshots/SNS_24_SNAPSHOT_20250518_193739/modules/mod.py
839,modeline.py,0C0D66CE50FA0F3B89CDE83EB7A95B0FCC53ECA369BDE0F1587A7D3300F90AE0,modeline.py=logs/trace/SNS_Snapshots/SNS_24_SNAPSHOT_20250518_193739/modules/modeline.py
840,models.py,E1D8CBD32A89DF6A06C6041328793D9E2711FF13AE7DB58D21B975DC65AF0E9C,models.py=logs/trace/SNS_Snapshots/SNS_24_SNAPSHOT_20250518_193739/modules/models.py
841,modules.py,FCAB877B23529A8676AE25FD40431E533E978F4BA7C8527125E7AB131275395A,check_conflicting_modules.py=validator/check_conflicting_modules.py
842,module_with_deprecations.py,FF8A0BC6F7CB1EA879E60623379A2497D4DB66ABEB6305BC8C90332C81047A79,module_with_deprecations.py=logs/trace/SNS_Snapshots/SNS_24_SNAPSHOT_20250518_193739/modules/module_with_deprecations.py
843,monkeypatch.py,70CE81FB5012E28B6A080D9FF0E2E17928ACC6629C698B35F55FCD0445A6E5D8,monkeypatch.py=logs/trace/SNS_Snapshots/SNS_24_SNAPSHOT_20250518_193739/modules/monkeypatch.py
844,mouse_button.py,55F9117CA81B209794A06B38ABA33E50BCCF8C0D4780DE4D0FAD84A088498C15,mouse_button.py=logs/trace/SNS_Snapshots/SNS_24_SNAPSHOT_20250518_193739/modules/mouse_button.py
845,MpegImagePlugin.py,5A5D0D4288689EDE6A52CBC466A2DBC24147AC4FD3D9E5CA294971ADB3D4877B,MpegImagePlugin.py=logs/trace/SNS_Snapshots/SNS_24_SNAPSHOT_20250518_193739/modules/MpegImagePlugin.py
846,MpoImagePlugin.py,0AAA4BC5890E43406FDCCCA3A1C0DB73A3B1BC4C03E0EDE6F4F9C800B03274FF,MpoImagePlugin.py=logs/trace/SNS_Snapshots/SNS_24_SNAPSHOT_20250518_193739/modules/MpoImagePlugin.py
847,mrecords.py,4130CD82378A4F4E625F3E84B8D016C66D84D5C8DD4E19CB7795597D83616D0E,mrecords.py=logs/trace/SNS_Snapshots/SNS_24_SNAPSHOT_20250518_193739/modules/mrecords.py
848,MspImagePlugin.py,3324F99870DC50844A6DC5F3BCD64924B799975F8CD38D51B2D63C3194656C53,MspImagePlugin.py=logs/trace/SNS_Snapshots/SNS_24_SNAPSHOT_20250518_193739/modules/MspImagePlugin.py
849,multi.py,39F00E1965D73EF230A5476534AED03522B5FF90AD8BFDE18FBD22A2EAE54188,pillowmulti.py=logs/trace/SNS_Snapshots/SNS_24_SNAPSHOT_20250518_193739/modules/pillowmulti.py
850,multiarray.py,6681CF822C0F79C243117316A61C39F2C667EFB7B280F50AE65828EBA2A5BB11,multiarray.py=logs/trace/SNS_Snapshots/SNS_24_SNAPSHOT_20250518_193739/modules/multiarray.py
851,multipart.py,C5EFD4F637874328EC9A4F9F6ADAA44C9D35DC309D49BD503ED8BA0B62DEEA3F,multipart.py=logs/trace/SNS_Snapshots/SNS_24_SNAPSHOT_20250518_193739/modules/multipart.py
852,MultiplyColor.py,4E1A3A4BE53347707BB197513B83CD895EE42C9AAF0F92F0D92F53A7390D5EB8,MultiplyColor.py=logs/trace/SNS_Snapshots/SNS_24_SNAPSHOT_20250518_193739/modules/MultiplyColor.py
853,MultiplySpeed_22c4dbf7.py,29FEBBA11F5F6209B9E919B1785CF1AFC809FB1035AF97A749688D48118F402A,MultiplySpeed_22c4dbf7.py=logs/trace/SNS_Snapshots/SNS_24_SNAPSHOT_20250518_193739/modules/MultiplySpeed_22c4dbf7.py
854,MultiplyStereoVolume_87dbc961.py,8B19C650B02D587A60F615640541A2505F71E33081F99EBFD95C3808DBA95ED3,MultiplyStereoVolume_87dbc961.py=logs/trace/SNS_Snapshots/SNS_24_SNAPSHOT_20250518_193739/modules/MultiplyStereoVolume_87dbc961.py
855,MultiplyVolume.py,FB786C5A08712A7A0621E4B31D6015D8B40879CC27ED57D856A7AA6FDB664F7E,MultiplyVolume.py=logs/trace/SNS_Snapshots/SNS_24_SNAPSHOT_20250518_193739/modules/MultiplyVolume.py
856,multiprocessing.py,2A6D66CA1BCB19FD18D5E44F06EE4217643CB3A3F71B650C20A3F913A1E9842B,multiprocessing.py=logs/trace/SNS_Snapshots/SNS_24_SNAPSHOT_20250518_193739/modules/multiprocessing.py
857,mypy_annotate.py,4E8B2A8D8DAE3EFDBC709C6FC38DA3A97834A8CC46585932C1F3BE625DC9EE2B,mypy_annotate.py=logs/trace/SNS_Snapshots/SNS_24_SNAPSHOT_20250518_193739/modules/mypy_annotate.py
858,mypy_plugin.py,F67E232285608C5F8F5942ECA5F59ED6CB88A95E1BF3081D57E6ABC70E264C7D,mypy_plugin.py=logs/trace/SNS_Snapshots/SNS_24_SNAPSHOT_20250518_193739/modules/mypy_plugin.py
859,my_configparser.py,FBFA223446EE14CC9F859805BFFDD006CEEC29301B572D9CA8A1F6F9DC7A9023,my_configparser.py=modules/common/my_configparser.py
860,namedtype.py,62EB15264B8899EAF067AF88D60BF1769F0A1CDCE0F8319C2976C5544A2E6102,namedtype.py=logs/trace/SNS_Snapshots/SNS_24_SNAPSHOT_20250518_193739/modules/namedtype.py
861,namedval.py,7D73EE4AC85073CD29C5F28BFBDC063602FA49A7D2D1F0358E0DF778E664ACD6,namedval.py=logs/trace/SNS_Snapshots/SNS_24_SNAPSHOT_20250518_193739/modules/namedval.py
862,nanops.py,9FBB1BFB27806A518B59826E1FDB751EB1F0A18D20A8735E712D7A0E060AEF8B,nanops.py=logs/trace/SNS_Snapshots/SNS_24_SNAPSHOT_20250518_193739/modules/nanops.py
863,nap.py,05298DC4234F25BA1C209DE98FD2519341B408D620A5D7158C8521B378D52EB7,nap.py=logs/trace/SNS_Snapshots/SNS_24_SNAPSHOT_20250518_193739/modules/nap.py
864,ndarray_conversion.py,062FAA36304BB0DA242A408A1896447FF2238F3976269CAAC1A530E500659497,ndarray_conversion.py=logs/trace/SNS_Snapshots/SNS_24_SNAPSHOT_20250518_193739/modules/ndarray_conversion.py
865,ndarray_misc.py,4EC39BC244A1D109739139A9352723F28F0A151DE934F178559D17CC34C80D6E,ndarray_misc.py=logs/trace/SNS_Snapshots/SNS_24_SNAPSHOT_20250518_193739/modules/ndarray_misc.py
866,ndarray_shape_manipulation.py,1618E6180077AE4D931E6AE011680F150A6B9600602C80008FE2D2E9726ED8BE,ndarray_shape_manipulation.py=logs/trace/SNS_Snapshots/SNS_24_SNAPSHOT_20250518_193739/modules/ndarray_shape_manipulation.py
867,ndbm_9a539617.py,DD7963E2DBDC2759601D37817527C4164DED33961D344B62DF175575DB788E95,ndbm_9a539617.py=logs/trace/SNS_Snapshots/SNS_24_SNAPSHOT_20250518_193739/modules/ndbm_9a539617.py
868,nditer.py,DA442B84E4E58D803F28DACF52BF0926B01FABC97394E1C237823A41FF116353,nditer.py=logs/trace/SNS_Snapshots/SNS_24_SNAPSHOT_20250518_193739/modules/nditer.py
869,network.py,7DE9E3CFD27D4EA2A74AAD38134A40A2B2BF7AD21B2B378D22117CF72A4A699C,_network.py=logs/trace/SNS_Snapshots/SNS_24_SNAPSHOT_20250518_193739/modules/_network.py
870,newbytes.py,055AF689141926D0E11B32AB358928BEA02F2E8FDA0C2B70F796F5B5F65D54A4,newbytes.py=logs/trace/SNS_Snapshots/SNS_24_SNAPSHOT_20250518_193739/modules/newbytes.py
871,newdict.py,457EF38D37DBF7006CF97D7CB7EBB0ED9CC52241AB0EB143EE506D934769BA73,newdict.py=logs/trace/SNS_Snapshots/SNS_24_SNAPSHOT_20250518_193739/modules/newdict.py
872,newint.py,D3D907F11111678D0525836513A75F817DE622480465B9E3CBB6685BD97382AF,newint.py=logs/trace/SNS_Snapshots/SNS_24_SNAPSHOT_20250518_193739/modules/newint.py
873,newlist.py,E147E9077ADBCC4E54C9B56CB9A299AF804C795A456E3231FADE14DCE1CFE18A,newlist.py=logs/trace/SNS_Snapshots/SNS_24_SNAPSHOT_20250518_193739/modules/newlist.py
874,newmemoryview_db02c114.py,F1297D239DED90AE5302B97B5E8A10A28B574CA55789AA4F13A23F68E3903538,newmemoryview_db02c114.py=logs/trace/SNS_Snapshots/SNS_24_SNAPSHOT_20250518_193739/modules/newmemoryview_db02c114.py
875,newnext.py,8D65B50D0A11D714EDC20867AFE77C90207D936E7E0F910506625CF92D0E0153,newnext.py=logs/trace/SNS_Snapshots/SNS_24_SNAPSHOT_20250518_193739/modules/newnext.py
876,newobject.py,C3A2932741FDC6D5427E6CF776F0663A0352958DE44588553EA24EF2F65B959A,newobject.py=logs/trace/SNS_Snapshots/SNS_24_SNAPSHOT_20250518_193739/modules/newobject.py
877,newopen.py,84AE9FE7CD57A3E749EE355C82D0F41B2A990FC15F4214275DC94F38C71F7D35,newopen.py=logs/trace/SNS_Snapshots/SNS_24_SNAPSHOT_20250518_193739/modules/newopen.py
878,newrange.py,47046F87D15EE96C03F698A2DB35D55F6594ADFC71A3E6FD93E96C041F59D3C7,newrange.py=logs/trace/SNS_Snapshots/SNS_24_SNAPSHOT_20250518_193739/modules/newrange.py
879,newround.py,CC9A8A6DC6E42A0F4C8A594689804436EB167D5DF1B170F47D4496742CFFDDC6,newround.py=logs/trace/SNS_Snapshots/SNS_24_SNAPSHOT_20250518_193739/modules/newround.py
880,newstr.py,D73FFB6383DECC51B80FFA786B720AF6974D772E27C2C7ECFB3A7195A8461743,newstr.py=logs/trace/SNS_Snapshots/SNS_24_SNAPSHOT_20250518_193739/modules/newstr.py
881,newsuper.py,7F782CB0F493124DEA69AB46C0076C5CB668CBED36FE9A419D770D077BC6CF7B,newsuper.py=logs/trace/SNS_Snapshots/SNS_24_SNAPSHOT_20250518_193739/modules/newsuper.py
882,new_min_max.py,72E5E1BCA40A982AEA0F9715CCAA7069A86704A980165CDC3E72EA3221E3A83A,new_min_max.py=logs/trace/SNS_Snapshots/SNS_24_SNAPSHOT_20250518_193739/modules/new_min_max.py
884,nonmultipart.py,78CE0B4158F495397B2F7A2F15898C4B1CB425D3A99FD9D3FB8C0058F27EE470,nonmultipart.py=logs/trace/SNS_Snapshots/SNS_24_SNAPSHOT_20250518_193739/modules/nonmultipart.py
885,npyio.py,EE4613C18F35980A183F96002F5BA42ABD87B78AFFC7796F481F5502CA226E17,npyio.py=logs/trace/SNS_Snapshots/SNS_24_SNAPSHOT_20250518_193739/modules/npyio.py
886,npz.py,425DCAF97DCAF7899F1532ECF0BFC88AC18BC9B94F697200EDA16120B146CFE1,npz.py=logs/trace/SNS_Snapshots/SNS_24_SNAPSHOT_20250518_193739/modules/npz.py
887,ntlmpool.py,5A2664970BD17BD5AA327E199989FA05307554BFAA0DF337CEF3E50C5DF90B85,ntlmpool.py=logs/trace/SNS_Snapshots/SNS_24_SNAPSHOT_20250518_193739/modules/ntlmpool.py
888,numba_.py,502E8F2DE0EC5F15A5861A7A8FA0CBBBE4B6A2B08F0A66E7F38535E41A729FE6,numba_.py=logs/trace/SNS_Snapshots/SNS_24_SNAPSHOT_20250518_193739/modules/numba_.py
889,Numbers.py,97010B34F82FFEA3E6EA4D7CF4B45A762539061BB0E203C7AC8CD74EE182A6E0,Numbers.py=logs/trace/SNS_Snapshots/SNS_24_SNAPSHOT_20250518_193739/modules/Numbers.py
891,numerictypes.py,10B39887EB150E50B96629C55F6FE21A605693F8F78B5FD5D000C1E261550298,numerictypes.py=logs/trace/SNS_Snapshots/SNS_24_SNAPSHOT_20250518_193739/modules/numerictypes.py
892,numpy_.py,564ABE9BA7A37C81A4DFA8BE3398A0EFB0813EE6C349546A679521D7A49E668C,numpy_.py=logs/trace/SNS_Snapshots/SNS_24_SNAPSHOT_20250518_193739/modules/numpy_.py
893,nursery_start.py,93AE877E2BA49A3CC8F5329408C1BE615B4C5FBB1B5572A86C9DC2297CA30E26,nursery_start.py=logs/trace/SNS_Snapshots/SNS_24_SNAPSHOT_20250518_193739/modules/nursery_start.py
894,objects.py,5ABD1A49E0E8DD3BED0F9D847C33F3F3093404EF20D78E25B16E5C9A86FFD12D,objects.py=logs/trace/SNS_Snapshots/SNS_24_SNAPSHOT_20250518_193739/modules/objects.py
895,object_array.py,5232C23D5315BE0F343EC3F22847267CAD1DA52763AD18E9E5C7F0859CBF0157,object_array.py=logs/trace/SNS_Snapshots/SNS_24_SNAPSHOT_20250518_193739/modules/object_array.py
896,offsets.py,288567399DE65FB0C39E6DC03FC3C45545BA9FC51C8B0974EC06E1C0D5CEC264,offsets.py=logs/trace/SNS_Snapshots/SNS_24_SNAPSHOT_20250518_193739/modules/offsets.py
897,olddict.py,5D78973E68B753FB07733AF577F47620617AF125E7F02AB7EEE68684113226E6,olddict.py=logs/trace/SNS_Snapshots/SNS_24_SNAPSHOT_20250518_193739/modules/olddict.py
898,oldstr.py,5BC869A3F4A3994965E4BFD2971499DA2DFA1006EE7449F082E3EEAD023CD052,oldstr.py=logs/trace/SNS_Snapshots/SNS_24_SNAPSHOT_20250518_193739/modules/oldstr.py
899,online.py,492FE40988CC0944549732DA52612F5396A0B49D71E3C56C169605E59B333FDE,online.py=logs/trace/SNS_Snapshots/SNS_24_SNAPSHOT_20250518_193739/modules/online.py
900,opencv.py,711FD91A5755FF96D707114B766A53DEF1B460E0CF25850746FB8BBF4B3A6AB9,opencv.py=logs/trace/SNS_Snapshots/SNS_24_SNAPSHOT_20250518_193739/modules/opencv.py
901,opentype.py,3BCE789D1E64B4C4C2A31DF381251A60976921C9D692A238DA1D89FCCC7A30DE,opentype.py=logs/trace/SNS_Snapshots/SNS_24_SNAPSHOT_20250518_193739/modules/opentype.py
902,open_memory_channel.py,6DDC75FDE8E22369A58655EEDB6A4A04F44EFEE6FA1DE67DF1B9FEC08F7EE11A,open_memory_channel.py=logs/trace/SNS_Snapshots/SNS_24_SNAPSHOT_20250518_193739/modules/open_memory_channel.py
903,ops.py,961FB7610ADDEB3E3CEC99346711C7457A51E3A42561DA7641732A66B3978683,ops.py=logs/trace/SNS_Snapshots/SNS_24_SNAPSHOT_20250518_193739/modules/ops.py
904,optimize_trace_log_db.py,A37F8B92F5598304CEB007B34766B26CFAEA321B6BDFED51B89215A947C54C85,optimize_trace_log_db.py=modules/common/optimize_trace_log_db.py
905,options.py,8A0D1BC7221CD61B23B1D4EF2D1AAB956EE33BD12329E8468B79281F59FCD239,printoptions.py=logs/trace/SNS_Snapshots/SNS_24_SNAPSHOT_20250518_193739/modules/printoptions.py
906,orc.py,A4280CA6F3DA331552DA2D172BD3D2B9DA2DB87AAA276C631F643DAEE82F4FB4,orc.py=logs/trace/SNS_Snapshots/SNS_24_SNAPSHOT_20250518_193739/modules/orc.py
907,other.py,03AB18828C77F84A86D66669AC1BAABBE6581D3D87AA735B54FA7A02EBDC17C1,other.py=logs/trace/SNS_Snapshots/SNS_24_SNAPSHOT_20250518_193739/modules/other.py
908,outcomes.py,AF8DD8AB78358217A36523EA0CBC0DFF19AAC40B860B5A9C68388451DC814F67,outcomes.py=logs/trace/SNS_Snapshots/SNS_24_SNAPSHOT_20250518_193739/modules/outcomes.py
909,overlay.py,EB459FC7860114654FF370AF8A02D3703AA84A64A66DF8293A441F6577F777D3,overlay.py=logs/trace/SNS_Snapshots/SNS_24_SNAPSHOT_20250518_193739/modules/overlay.py
910,overrides.py,C7EF97993C888659B5E5EA415582D4A582DACD365B31F7D5E65CB44E0A66F4A7,overrides.py=logs/trace/SNS_Snapshots/SNS_24_SNAPSHOT_20250518_193739/modules/overrides.py
911,packages.py,0E8BAA219FD8456F9CFBCE27B3E294BB497E26D4D8EB6939CD01D68ED030CBF5,packages.py=logs/trace/SNS_Snapshots/SNS_24_SNAPSHOT_20250518_193739/modules/packages.py
912,package_data.py,A48BAE7DCBB82ECCFC3F9191ECD7CDBF59549B55D1C70C4EFB4CCE662A6AA141,package_data.py=logs/trace/SNS_Snapshots/SNS_24_SNAPSHOT_20250518_193739/modules/package_data.py
913,package_finder.py,F9AA2957939ADADE9A0BA94E1110425C8413223A4A0AC070C5C722F18779FFCB,package_finder.py=logs/trace/SNS_Snapshots/SNS_24_SNAPSHOT_20250518_193739/modules/package_finder.py
914,packaging.py,052FD3AB8FCE4012BDA4CDE4A9FD36178570F2F157D977BDA1402EC0524715D8,packaging.py=logs/trace/SNS_Snapshots/SNS_24_SNAPSHOT_20250518_193739/modules/packaging.py
915,padding.py,AD58C9EB2E048B2FF413003D3C09B3852D144831B26C379DFD6EF430A236A0D6,padding.py=logs/trace/SNS_Snapshots/SNS_24_SNAPSHOT_20250518_193739/modules/padding.py
916,pager.py,955ACBDD5CC26CFBE6E96A229D4D608B15FD651D267B02BA4C4D4B282BF2A543,pager.py=logs/trace/SNS_Snapshots/SNS_24_SNAPSHOT_20250518_193739/modules/pager.py
917,Painting.py,A6FBAEC655D159B4020545115BB94FE278FF67ED7B84C6DBF43FAC47978A42C7,Painting.py=logs/trace/SNS_Snapshots/SNS_24_SNAPSHOT_20250518_193739/modules/Painting.py
918,palette.py,A4A3A9AD789008C16A850A5379C703BF4A67481719DBD104FFB577DE92B12018,palette.py=logs/trace/SNS_Snapshots/SNS_24_SNAPSHOT_20250518_193739/modules/palette.py
920,PalmImagePlugin.py,FC05CD254BDEE9660C4CC0D5B2425185AE38EC35DD985FCF77DDE7CD01FDCFD0,PalmImagePlugin.py=logs/trace/SNS_Snapshots/SNS_24_SNAPSHOT_20250518_193739/modules/PalmImagePlugin.py
922,pangomarkup.py,07933F23B45DD280A80E6B88A3DCB2B6539EF5E951DF7003E79D6EB244E9A905,pangomarkup.py=logs/trace/SNS_Snapshots/SNS_24_SNAPSHOT_20250518_193739/modules/pangomarkup.py
923,parallel.py,2F861CC0ACB7687307862ACBC5129E040A6D01436F2B35A6CCFCD7F5DCA813F6,parallel.py=logs/trace/SNS_Snapshots/SNS_24_SNAPSHOT_20250518_193739/modules/parallel.py
924,parquet.py,E6F1B8F8D7D5741146618A4AE967FBD3C1C85F23555E2381DA3702E3F8EB0240,parquet.py=logs/trace/SNS_Snapshots/SNS_24_SNAPSHOT_20250518_193739/modules/parquet.py
925,parse.py,34E9C9D8B4C4AF842D8B3C50310AF6E8BECD84B81AF0A9BDBB270F7546DD84D0,parse.py=logs/trace/SNS_Snapshots/SNS_24_SNAPSHOT_20250518_193739/modules/parse.py
928,path.py,89CB2D83F844220C8CE896E99E0307A523DC6E3C176B56880AECEE22A4DFC5A7,export_logtrace_with_os_path.py=data/exported_data/export_logtrace_with_os_path.py
929,pathlib_custom.py,DB7A0C4C08F340E05E8657F84EBE58895C3B92BDE475AF4E5AED374F3FC5775E,pathlib_custom.py=logs/trace/SNS_Snapshots/SNS_24_SNAPSHOT_20250518_193739/modules/pathlib_custom.py
930,PcdImagePlugin.py,BB4A812A9005541C2B7F1297FEE63E4E3E94BEC5B4D9C5E7CEDE9909694ECC14,PcdImagePlugin.py=logs/trace/SNS_Snapshots/SNS_24_SNAPSHOT_20250518_193739/modules/PcdImagePlugin.py
931,PcfFontFile.py,A3D7C65D016DBD613A29971DC3099D7CE31BBD934CC40AD0775908FCA6C1BDDC,PcfFontFile.py=logs/trace/SNS_Snapshots/SNS_24_SNAPSHOT_20250518_193739/modules/PcfFontFile.py
932,PcxImagePlugin.py,72A7F401ECDD64015A2DB803F02C5C6DFAD3DF6D22B6FC9E1C9DBC9D9323D77D,PcxImagePlugin.py=logs/trace/SNS_Snapshots/SNS_24_SNAPSHOT_20250518_193739/modules/PcxImagePlugin.py
933,PdfImagePlugin.py,24F7D47868B4EC0862A7F674F83ED0CC06F92E1B3914B1441C4042A025BC0539,PdfImagePlugin.py=logs/trace/SNS_Snapshots/SNS_24_SNAPSHOT_20250518_193739/modules/PdfImagePlugin.py
934,PdfParser.py,905057371924697CEA9DAFAAB3CC014512D94E6708FE2DF0303AF48BF89BAABD,PdfParser.py=logs/trace/SNS_Snapshots/SNS_24_SNAPSHOT_20250518_193739/modules/PdfParser.py
935,pem.py,EA321F566509EDE04C8D5E201B06DF822107A243BA41B4CC7B64B3B5223A53EE,pem.py=logs/trace/SNS_Snapshots/SNS_24_SNAPSHOT_20250518_193739/modules/pem.py
936,performance.py,1FDAD182E0893632E28CCFF707069877350A9F8904B0CF8AE62F1BD43D38D3A4,performance.py=logs/trace/SNS_Snapshots/SNS_24_SNAPSHOT_20250518_193739/modules/performance.py
937,performance_timeline.py,DE5839A3DD8BD092BB42D838D081685AF67C8E1E3C9689C25BF8C255075A314A,performance_timeline.py=logs/trace/SNS_Snapshots/SNS_24_SNAPSHOT_20250518_193739/modules/performance_timeline.py
938,period.py,D766781E1D53DA58D317CABE579B3683AC78A01B9B20943B32B75A54CC8A6D5B,period.py=logs/trace/SNS_Snapshots/SNS_24_SNAPSHOT_20250518_193739/modules/period.py
940,pickle_compat.py,BEB6FD2CB783D9FB4E7C04C93A55943997719835F818FE324CC4E6902DC65398,pickle_compat.py=logs/trace/SNS_Snapshots/SNS_24_SNAPSHOT_20250518_193739/modules/pickle_compat.py
941,pillow.py,3295FDDF15D3670B92ED39C9DBA695932310BD6B4B1242578FA2FE7903BD9D44,pillow.py=logs/trace/SNS_Snapshots/SNS_24_SNAPSHOT_20250518_193739/modules/pillow.py
943,pillow_info.py,19940646E948ECA298557AF125FBF9E139696273205BE613E2480414B6B0965E,pillow_info.py=logs/trace/SNS_Snapshots/SNS_24_SNAPSHOT_20250518_193739/modules/pillow_info.py
944,pillow_legacy.py,697D88B06B67402A1BD85BDB65345ABE9BA274DF4C3C116D0C853C28D01074A5,pillow_legacy.py=logs/trace/SNS_Snapshots/SNS_24_SNAPSHOT_20250518_193739/modules/pillow_legacy.py
945,pivot.py,8EBA6B5AC4C67EA504242399955638AE4EE3F8464E5759B55D1FAAF3D4D45EEA,pivot.py=logs/trace/SNS_Snapshots/SNS_24_SNAPSHOT_20250518_193739/modules/pivot.py
946,PixarImagePlugin.py,3327770B1C11236098D9B55F86344F6859A74172BDE1E15359635E2821786539,PixarImagePlugin.py=logs/trace/SNS_Snapshots/SNS_24_SNAPSHOT_20250518_193739/modules/PixarImagePlugin.py
947,pkcs1.py,EB4B6B18561954C75C12B21A0BF21EB5AAF022ADD33AD1BCBEABB3C3734DC5A0,pkcs1.py=logs/trace/SNS_Snapshots/SNS_24_SNAPSHOT_20250518_193739/modules/pkcs1.py
948,pkcs1_15.py,75479F90D54E0745683A7C2CECA68AAE0B68DD9FB14893DB2B2C9E462942C20F,pkcs1_15.py=logs/trace/SNS_Snapshots/SNS_24_SNAPSHOT_20250518_193739/modules/pkcs1_15.py
949,PKCS1_PSS.py,C8531378E111A2F0DEA8DAD2EB890B38A4156F0ED7F45740C92BB86BD3EB0240,PKCS1_PSS.py=logs/trace/SNS_Snapshots/SNS_24_SNAPSHOT_20250518_193739/modules/PKCS1_PSS.py
950,pkcs1_v2_2197b3db.py,C66C8FD157CBAFCF212E4ABBF04162E546794479ED891DB185C90E4B75959D7D,pkcs1_v2_2197b3db.py=logs/trace/SNS_Snapshots/SNS_24_SNAPSHOT_20250518_193739/modules/pkcs1_v2_2197b3db.py
951,PKCS8.py,5CB4E4F9F12C9991AE9CA41CC6BF8EEC76DE9158EB3B2D4BE2114DEE328E23D9,PKCS8.py=logs/trace/SNS_Snapshots/SNS_24_SNAPSHOT_20250518_193739/modules/PKCS8.py
952,pkg_resources.py,653A45E61E0312C6130D814E8559DDF3D6BADB25D9FB37DC4DE39B957809C48E,pkg_resources.py=logs/trace/SNS_Snapshots/SNS_24_SNAPSHOT_20250518_193739/modules/pkg_resources.py
953,plugin.py,B67F7F661BEBB17C1B946FFE94C3AA4CBD903485A4D0E988043BB8EA340BF8FA,pytest_plugin.py=logs/trace/SNS_Snapshots/SNS_24_SNAPSHOT_20250518_193739/modules/pytest_plugin.py
954,plugins.py,CED6BB0B5EF53818402FAF78087C88DF062B2C2F5080770F24590C79BCA1F4F4,plugins.py=logs/trace/SNS_Snapshots/SNS_24_SNAPSHOT_20250518_193739/modules/plugins.py
955,PngImagePlugin.py,F1B45365D5B05AA49A38AF0CD9820517E826BEE07D660953384C415129BE86C3,PngImagePlugin.py=logs/trace/SNS_Snapshots/SNS_24_SNAPSHOT_20250518_193739/modules/PngImagePlugin.py
956,pointer_actions.py,DADB23B6E2C9853FC252D36DF7B318EE3A39CF44574620A23CA57338692E6933,pointer_actions.py=logs/trace/SNS_Snapshots/SNS_24_SNAPSHOT_20250518_193739/modules/pointer_actions.py
957,pointer_input.py,2E2F09ED97504EFAA313524E6DC1CAFAC7203A8E57A81E2097D0ABC36D4340A1,pointer_input.py=logs/trace/SNS_Snapshots/SNS_24_SNAPSHOT_20250518_193739/modules/pointer_input.py
958,policy.py,D9A7D42FA46C6668E4D3E8F008BA2F544FB20F0FC7DF9B20DCD1EB6B7EA9982B,policy.py=logs/trace/SNS_Snapshots/SNS_24_SNAPSHOT_20250518_193739/modules/policy.py
959,Poly1305.py,67B42A7A7966AAE2B5E74B85812E85029CF1BF4A12D5102F5379C6F7CEBEB8FD,Poly1305.py=logs/trace/SNS_Snapshots/SNS_24_SNAPSHOT_20250518_193739/modules/Poly1305.py
960,polynomial.py,528FF2509E7DF744E8C9D63C68BDBA0BC046A0BF70E1E0A091BA8E738B182588,polynomial.py=logs/trace/SNS_Snapshots/SNS_24_SNAPSHOT_20250518_193739/modules/polynomial.py
961,polyutils.py,2FFCA6DFFB33442D117221FC924C92D004996B77B4A7EB63F683C62F80E8E679,polyutils.py=modules/common/polyutils.py
962,polyutils_53d7f5f4.py,2FFCA6DFFB33442D117221FC924C92D004996B77B4A7EB63F683C62F80E8E679,polyutils_53d7f5f4.py=logs/trace/SNS_Snapshots/SNS_24_SNAPSHOT_20250518_193739/modules/polyutils_53d7f5f4.py
963,poolmanager.py,282E93BC0FF81AC497F85683EF8ECCBED186F26BFB012C7E47100AA990724740,poolmanager.py=logs/trace/SNS_Snapshots/SNS_24_SNAPSHOT_20250518_193739/modules/poolmanager.py
965,PpmImagePlugin.py,33944AFF509031BD07F2FB39A6782356E0D9AE59047707F78764C59E77E14C1C,PpmImagePlugin.py=logs/trace/SNS_Snapshots/SNS_24_SNAPSHOT_20250518_193739/modules/PpmImagePlugin.py
966,prepare.py,0EBC73AFFF4927F30FFBB1518AA9554F319C8153226B01EB7B570196C4DF25F9,prepare.py=logs/trace/SNS_Snapshots/SNS_24_SNAPSHOT_20250518_193739/modules/prepare.py
967,pretty.py,BEB1F8E9EB505BDE8442520A0D8D768790547574FA2D49B3FED25A6BCF0BF3F0,pretty.py=logs/trace/SNS_Snapshots/SNS_24_SNAPSHOT_20250518_193739/modules/pretty.py
969,prime.py,7D5BC20C897377AB2F4CBD701F2BE9504A27A1F3D7C52A73398C6E9A1473389D,prime.py=logs/trace/SNS_Snapshots/SNS_24_SNAPSHOT_20250518_193739/modules/prime.py
970,printing.py,801578BD5FF773144832A3204662BCAA72E52D78EAE5082225D0468139BCBA60,printing.py=logs/trace/SNS_Snapshots/SNS_24_SNAPSHOT_20250518_193739/modules/printing.py
972,print_coercion_tables.py,DA4AE8E38D3E00754DBD5CCA2266C03F769B409F6307AD53274F3EE77E89DB6B,print_coercion_tables.py=logs/trace/SNS_Snapshots/SNS_24_SNAPSHOT_20250518_193739/modules/print_coercion_tables.py
973,print_page_options.py,C8718D8D656944A178216FC33FEE77980A08840DFDC6525634B197AE41D3F973,print_page_options.py=logs/trace/SNS_Snapshots/SNS_24_SNAPSHOT_20250518_193739/modules/print_page_options.py
974,probe.py,E1AE56047C9827FB35ABC6DDC019060303C948ED3C6D007059CB0F7AFC9BB509,probe.py=logs/trace/SNS_Snapshots/SNS_24_SNAPSHOT_20250518_193739/modules/probe.py
976,proglog.py,B96FD299C4DD0B288483C55BCACE5A0A7753ADEEFA06C369356409E545D6FAD7,proglog.py=logs/trace/SNS_Snapshots/SNS_24_SNAPSHOT_20250518_193739/modules/proglog.py
978,progress_bars.py,3F78FAB94486AA8EBB7EBEC4CCFA6D4093B1C437A02A786531FF2DDEA5F4D7F7,progress_bars.py=logs/trace/SNS_Snapshots/SNS_24_SNAPSHOT_20250518_193739/modules/progress_bars.py
979,proj_asyncio_backup.py,F16552EE991970274509D9D7AD20C520B0DA1DB6B3775AC708268D99081796E5,proj_asyncio_backup.py=logs/trace/SNS_Snapshots/SNS_24_SNAPSHOT_20250518_193739/modules/proj_asyncio_backup.py
980,proj_concurrent.py,D58732D49BD0017CB817E189883343D81B3A23237F09945E58170A625C7A7982,proj_concurrent.py=modules/common/proj_concurrent.py
981,proj_xml_tools.py,3D296F67AA57FE4D803DEC4F78F4BD6D2BDBC957C83B8D36997DE73AB0444805,proj_xml_tools.py=logs/trace/SNS_Snapshots/SNS_24_SNAPSHOT_20250518_193739/modules/proj_xml_tools.py
982,prompt.py,BAADB38336D3DD5597E931D6943559F75544135A75E6AC69DFB1CF80DD191B68,prompt.py=logs/trace/SNS_Snapshots/SNS_24_SNAPSHOT_20250518_193739/modules/prompt.py
983,protocol.py,4DA12D4E205418A364814EA00C67A3D5759408A5E44CE8262DFA4D2E01F3B26F,protocol.py=logs/trace/SNS_Snapshots/SNS_24_SNAPSHOT_20250518_193739/modules/protocol.py
984,provider.py,E8FDF37E913B6F0D4F3BDAC8444F4BB0684D718FFE67798B36BA665D99C251E8,provider.py=logs/trace/SNS_Snapshots/SNS_24_SNAPSHOT_20250518_193739/modules/provider.py
985,providers.py,7B1B047F6A70F8C73593B8F10C36D0F01C04F7F9DF699C8EF7D1204DA57E247F,providers.py=logs/trace/SNS_Snapshots/SNS_24_SNAPSHOT_20250518_193739/modules/providers.py
987,proxy_accf0cdb.py,7434EB54A76F16E9B65414E36AC79B46A1BAA57FD8385DC773596F73A8C878D4,proxy_accf0cdb.py=modules/common/proxy_accf0cdb.py
988,proxy_manager.py,D34735B7940DC1A47C324A95A3F25A92220709A2B31F1AEFB2D6711EF89FFD97,proxy_manager.py=logs/trace/SNS_Snapshots/SNS_24_SNAPSHOT_20250518_193739/modules/proxy_manager.py
989,PsdImagePlugin.py,B20CE3A2DA8A8D079451A52FB5A999A1D98E9C5E6D23DBBAB39F95833CE4F433,PsdImagePlugin.py=logs/trace/SNS_Snapshots/SNS_24_SNAPSHOT_20250518_193739/modules/PsdImagePlugin.py
990,PSDraw.py,4D84225EA08E3532C90C82041A6EE7839EF8ACB372936A956CEEE88B9964775D,PSDraw.py=logs/trace/SNS_Snapshots/SNS_24_SNAPSHOT_20250518_193739/modules/PSDraw.py
991,putmask.py,34384AE75C8505A6501B73910B410D522A2EE4CE2ECB48BA657F99A83687CB5B,putmask.py=logs/trace/SNS_Snapshots/SNS_24_SNAPSHOT_20250518_193739/modules/putmask.py
992,pwa_adb22dc2.py,E38BB8A31FA57F6A5FF7B3747E9FD2EC6BB155D229307CA6C1690BA4D394D6A2,pwa_adb22dc2.py=logs/trace/SNS_Snapshots/SNS_24_SNAPSHOT_20250518_193739/modules/pwa_adb22dc2.py
994,py3compat.py,319D2C2BE8B838579456BEF98452CF998732B107EDB3CE62E825276AF2D80D8C,py3compat.py=logs/trace/SNS_Snapshots/SNS_24_SNAPSHOT_20250518_193739/modules/py3compat.py
995,py3k.py,309BB65EF12CA216E15F425798D901D176269228F9547045CB77E89DE593851F,py3k.py=logs/trace/SNS_Snapshots/SNS_24_SNAPSHOT_20250518_193739/modules/py3k.py
996,PyAccess.py,D0BD0EB65A78FBF980D2031754B5BAD81F33EA0A92C35577A038B57A515AB80E,PyAccess.py=logs/trace/SNS_Snapshots/SNS_24_SNAPSHOT_20250518_193739/modules/PyAccess.py
997,pyarrow.py,D676AF89B3B79A74569EBF82460205261B27392C4799ECF87B2744061C64AE1E,pyarrow.py=logs/trace/SNS_Snapshots/SNS_24_SNAPSHOT_20250518_193739/modules/pyarrow.py
998,pyav.py,E7B4BBFF044E6687BFBBF4AA3DE3628E048FAC938983FBDF4C5C6A6A77ADB6F3,pyav.py=logs/trace/SNS_Snapshots/SNS_24_SNAPSHOT_20250518_193739/modules/pyav.py
999,pyinstaller-smoke.py,E8B100276BD899053890E891E4CD3EA4DC08C1610DB73C994674981DA6E0A09F,pyinstaller-smoke.py=logs/trace/SNS_Snapshots/SNS_24_SNAPSHOT_20250518_193739/modules/pyinstaller-smoke.py
1000,pyopenssl.py,BB48CA64A9E5E75EC0634754DF47BB865DC00641AC808C8F3ACFA3C22FDE4151,pyopenssl.py=logs/trace/SNS_Snapshots/SNS_24_SNAPSHOT_20250518_193739/modules/pyopenssl.py
1001,pyproject.py,A0D85508CED65FD5F69AC4385D5AB5FCDBCE09985C536A9A5D69F7450F75FD9E,pyproject.py=logs/trace/SNS_Snapshots/SNS_24_SNAPSHOT_20250518_193739/modules/pyproject.py
1002,pystone.py,14CD5541E73D24912EC8655475120B31AD85361CDAC104316A3CE7443893A0CE,pystone.py=logs/trace/SNS_Snapshots/SNS_24_SNAPSHOT_20250518_193739/modules/pystone.py
1003,pytables.py,0A9DE67F03768EA25ABE9D18145D6381E3E5C513FA15B99B48BD985E027BF9FD,pytables.py=logs/trace/SNS_Snapshots/SNS_24_SNAPSHOT_20250518_193739/modules/pytables.py
1004,pytester_assertions_be186db3.py,FB49113EFFEAE3ACF24A90E8E2F1F0EA4625960E9B0DFE02DB10BDF2AE40C988,pytester_assertions_be186db3.py=logs/trace/SNS_Snapshots/SNS_24_SNAPSHOT_20250518_193739/modules/pytester_assertions_be186db3.py
1006,python_parser.py,9CD6EFFAD4C8CA69B12F4F8C65429F9631AF8D2C349BFE035D2BD5CE1933A00D,python_parser.py=logs/trace/SNS_Snapshots/SNS_24_SNAPSHOT_20250518_193739/modules/python_parser.py
1007,QoiImagePlugin.py,73E41DFA9169918CBBC445EE9DFC1E45F3FAE7096DB58208A86254D9768D3FEC,QoiImagePlugin.py=logs/trace/SNS_Snapshots/SNS_24_SNAPSHOT_20250518_193739/modules/QoiImagePlugin.py
1008,quantile.py,ED5F1E1EFF4428D3E5AB97923B44A24ACB008E85360AB4B6F5E687D7DCE711E7,quantile.py=logs/trace/SNS_Snapshots/SNS_24_SNAPSHOT_20250518_193739/modules/quantile.py
1009,quoprimime.py,48EC1EB508F2D71F3450887CB53F9165D96FE9EBEC93804150F6DB2C3BBD8486,quoprimime.py=logs/trace/SNS_Snapshots/SNS_24_SNAPSHOT_20250518_193739/modules/quoprimime.py
1010,raisesgroup.py,23399AFF03157252D283CD13A90EB7F13BC7BDA0F7D773CD90C01D1859C124C6,raisesgroup.py=logs/trace/SNS_Snapshots/SNS_24_SNAPSHOT_20250518_193739/modules/raisesgroup.py
1011,randnum.py,8CCCE9D4DE098B1CA35C8CAEB5CB27C1DC890877B17F1938B331ACCBEA745995,randnum.py=logs/trace/SNS_Snapshots/SNS_24_SNAPSHOT_20250518_193739/modules/randnum.py
1012,rand_util_core_backup.py,BBCA8DF51FDD9513B2CF52B19574E37D1AD2405905E54A72359574B8AD4A6870,rand_util_core_backup.py=logs/trace/SNS_Snapshots/SNS_24_SNAPSHOT_20250518_193739/modules/rand_util_core_backup.py
1014,rawpy.py,CF90170CE7CC7865FDB436D1DF1ACB020AB737314F2841BA0B94A4088122F30F,rawpy.py=logs/trace/SNS_Snapshots/SNS_24_SNAPSHOT_20250518_193739/modules/rawpy.py
1015,reader.py,BA18587E5F333B24DDE176F93E3F2375AAC225B4A606E99086F37833684CEE31,reader.py=logs/trace/SNS_Snapshots/SNS_24_SNAPSHOT_20250518_193739/modules/reader.py
1016,readers.py,112FBC5002CB381BEA4E807836B23670EA708AD04459647D7A579B0415F0C72F,_readers.py=logs/trace/SNS_Snapshots/SNS_24_SNAPSHOT_20250518_193739/modules/_readers.py
1017,readme_example.py,4FF47804F84DAFF03AD4CAC72F32C4B902C75469AD45C722E5DD04241BAEB90C,readme_example.py=logs/trace/SNS_Snapshots/SNS_24_SNAPSHOT_20250518_193739/modules/readme_example.py
1018,recfunctions.py,7731C8FB37E89F2FD103A61A3D3CE11CAB93256E69DB5A2579582883F98A0EBB,recfunctions.py=logs/trace/SNS_Snapshots/SNS_24_SNAPSHOT_20250518_193739/modules/recfunctions.py
1019,records.py,A62A2FE489E714CEA18D544A87C66482FF8F19A0EC2FC1503FD73735B870AB81,records.py=logs/trace/SNS_Snapshots/SNS_24_SNAPSHOT_20250518_193739/modules/records.py
1020,recwarn.py,A783F91F132542BBEE86D961D09B9BB3A1F746A4F3E6C2C6F9E1B79C3754DDEB,recwarn.py=logs/trace/SNS_Snapshots/SNS_24_SNAPSHOT_20250518_193739/modules/recwarn.py
1021,redis_cache_1e0dbd6c.py,6564320E22F3980BDA33FA9118F87FC9C6DDEF2087E9DFB324FDCDAAEE922B19,redis_cache_1e0dbd6c.py=logs/trace/SNS_Snapshots/SNS_24_SNAPSHOT_20250518_193739/modules/redis_cache_1e0dbd6c.py
1022,reduce.py,E69C26F8B2BD39327D9883A44CD9BB2C1A24C6E13A4B428CDFF1A85628DA76BC,reduce.py=logs/trace/SNS_Snapshots/SNS_24_SNAPSHOT_20250518_193739/modules/reduce.py
1023,reference.py,452E4EE6B18194D0AA730FAC99BEE8DBE69CD327CA107947CB6F01A3041B891C,reference.py=logs/trace/SNS_Snapshots/SNS_24_SNAPSHOT_20250518_193739/modules/reference.py
1024,regexopt.py,B6DB6460E79A230AD67F09B3B87C3ACDB6743B3BEC41FFD1018758B85332E013,regexopt.py=logs/trace/SNS_Snapshots/SNS_24_SNAPSHOT_20250518_193739/modules/regexopt.py
1025,region.py,46B8CD9199DA6776CD838CDB0BBB24F94078A0A766D34753C0D42A0593203432,region.py=logs/trace/SNS_Snapshots/SNS_24_SNAPSHOT_20250518_193739/modules/region.py
1026,registries.py,05A86A3D115380A2E293F76C5A8DDB6373F23698F78F7B4DCDD7CCAC1938E498,registries.py=logs/trace/SNS_Snapshots/SNS_24_SNAPSHOT_20250518_193739/modules/registries.py
1027,relative_locator.py,805D2A20F5D879B0F8F3B86F5343A62C820FF6B3AD943B602B4BF73E6DAE9E37,relative_locator.py=logs/trace/SNS_Snapshots/SNS_24_SNAPSHOT_20250518_193739/modules/relative_locator.py
1028,remote_connection.py,A408259AEF583206DE2664010078A9CB05B56860C3D07E23B1C252F0F5E1F479,remote_connection.py=logs/trace/SNS_Snapshots/SNS_24_SNAPSHOT_20250518_193739/modules/remote_connection.py
1029,replace.py,4E42F449D23CEAAB6B913F09FD376AF8A6E9782B0E4DD87243AD9A1D95D0282E,replace.py=logs/trace/SNS_Snapshots/SNS_24_SNAPSHOT_20250518_193739/modules/replace.py
1030,reply_to_media_comments.py,99FC98D5F183F12428BA2EADD4BB0C2F69138474817C3D1813239A0BA23227C0,reply_to_media_comments.py=logs/trace/SNS_Snapshots/SNS_24_SNAPSHOT_20250518_193739/modules/reply_to_media_comments.py
1032,reporter.py,F08F856534DC949054929A5B124381749A3C0AC683BCFC907B9E088EE8CF83B6,reporter.py=logs/trace/SNS_Snapshots/SNS_24_SNAPSHOT_20250518_193739/modules/reporter.py
1033,reporters.py,9A9010CC6F63B8B00E0782745821EFC18652A9B95813A74A358414BBB68DF9E3,reporters.py=logs/trace/SNS_Snapshots/SNS_24_SNAPSHOT_20250518_193739/modules/reporters.py
1034,repost_photo.py,F700B1CC4F5FB230DCCC7C53F5CE81D1A80CD7DA4227B5C28EA9F517F48E2D32,repost_photo.py=logs/trace/SNS_Snapshots/SNS_24_SNAPSHOT_20250518_193739/modules/repost_photo.py
1035,repr.py,0E0ECE8F3017134E358701F9596D3FB640032495A49166F82D81FCF23E3A721F,repr.py=logs/trace/SNS_Snapshots/SNS_24_SNAPSHOT_20250518_193739/modules/repr.py
1036,representer.py,BE47E8C861658A95E41D66B5AB917A77216BA0F15A144BCF1DCA5FC3FD8C64CA,representer.py=logs/trace/SNS_Snapshots/SNS_24_SNAPSHOT_20250518_193739/modules/representer.py
1038,req_command.py,667444B009B8E3FF4DAC79D079958157874D0496E40FB22B7C54BD2B5E910F03,req_command.py=logs/trace/SNS_Snapshots/SNS_24_SNAPSHOT_20250518_193739/modules/req_command.py
1039,req_file.py,2BDEE9A1CFD65048C5C50714148939165384D2831C3F4174C27B40F9F9D695D7,req_file.py=logs/trace/SNS_Snapshots/SNS_24_SNAPSHOT_20250518_193739/modules/req_file.py
1040,req_install.py,DF7037ABA49D60ECFB681B839BA6798214F03E1A7B0CFFC2B42A70BB50FDBFE7,req_install.py=logs/trace/SNS_Snapshots/SNS_24_SNAPSHOT_20250518_193739/modules/req_install.py
1041,req_set.py,415B1DEE1A95507D150B91BD4AF4CB6D69985EB39FF49E4451DA3A50121938E9,req_set.py=logs/trace/SNS_Snapshots/SNS_24_SNAPSHOT_20250518_193739/modules/req_set.py
1043,resample.py,473990904C7567747D5D4781543256C4885FA09E1EF1587A22B27C0EE81F6888,resample.py=logs/trace/SNS_Snapshots/SNS_24_SNAPSHOT_20250518_193739/modules/resample.py
1044,reset_following.py,0A9986937105EFA4A96960FDFB8CD151F524B6725713235977BD70F2921A944B,reset_following.py=logs/trace/SNS_Snapshots/SNS_24_SNAPSHOT_20250518_193739/modules/reset_following.py
1045,reshape.py,91FB0602A5BD8BB5996ACEF5086F6FB59CAC34D71353981DBD54177938F77147,reshape.py=logs/trace/SNS_Snapshots/SNS_24_SNAPSHOT_20250518_193739/modules/reshape.py
1046,reshaping.py,156C65CFD0C308D7173FF0E670AAE7773F3E0ABA6236B75ED59158E213D9ECA7,reshaping.py=logs/trace/SNS_Snapshots/SNS_24_SNAPSHOT_20250518_193739/modules/reshaping.py
1047,Resize.py,82DD939BCC522A573D74F9F3F183F00ABC73F32549E018E9263578439AD80D40,Resize.py=logs/trace/SNS_Snapshots/SNS_24_SNAPSHOT_20250518_193739/modules/Resize.py
1049,resolvers.py,6BBD6EDA36C9698FA5EDD73B2DDE6C4B704A59512221A524B70A08ABFA9971BC,resolvers.py=logs/trace/SNS_Snapshots/SNS_24_SNAPSHOT_20250518_193739/modules/resolvers.py
1050,resources.py,9F8C97489C4A84BC5D0796AC5D3B4B3C9EB5C9172E466DBC9B820CF0DA57364B,resources.py=logs/trace/SNS_Snapshots/SNS_24_SNAPSHOT_20250518_193739/modules/resources.py
1052,response_2db98846.py,062AA40B94CBD8916A5046E6C0BA0ED415463963CCF5BA43799CEDCEF24098DC,response_2db98846.py=logs/trace/SNS_Snapshots/SNS_24_SNAPSHOT_20250518_193739/modules/response_2db98846.py
1053,resultdict.py,612EE7E06A65DC61D69E45E3B75456E40F82D3679B7655E04C2E2EFD6C2F5495,resultdict.py=logs/trace/SNS_Snapshots/SNS_24_SNAPSHOT_20250518_193739/modules/resultdict.py
1055,RFC1751.py,DDA4154FDDF7ECB5D88718148582583E857F42FC56DB9C2AEDD3259E1181471A,RFC1751.py=logs/trace/SNS_Snapshots/SNS_24_SNAPSHOT_20250518_193739/modules/RFC1751.py
1056,RIPEMD.py,A69D8591AD2B7958841A02225A5AC74CFADE2B67C61793E474E757E0D9A99C28,RIPEMD.py=logs/trace/SNS_Snapshots/SNS_24_SNAPSHOT_20250518_193739/modules/RIPEMD.py
1057,RIPEMD160.py,7316A0A314FEA803DD25C5582EAEDBCF12874F107BD100CD046884695A7F7A9B,RIPEMD160.py=logs/trace/SNS_Snapshots/SNS_24_SNAPSHOT_20250518_193739/modules/RIPEMD160.py
1058,robotparser.py,77C71A3FBC70BB5519A409EB89BCA5C0CAD3834F93E35833CA4D0D446F92B59C,robotparser.py=logs/trace/SNS_Snapshots/SNS_24_SNAPSHOT_20250518_193739/modules/robotparser.py
1059,rolling.py,4349EE7CE05F077249575F24DFAF71C94A4826EFAAC925F4DF74EE0504A15909,rolling.py=logs/trace/SNS_Snapshots/SNS_24_SNAPSHOT_20250518_193739/modules/rolling.py
1060,roperator.py,A593749B9827C0E600AF8BE5D97A9B90E0390761F40CEF2A620DCA5095968454,roperator.py=logs/trace/SNS_Snapshots/SNS_24_SNAPSHOT_20250518_193739/modules/roperator.py
1061,Rotate.py,0BE52A98A585C951565B7B649E8861A57FE18AECFDDC21B766C5C512B4061A7C,Rotate.py=logs/trace/SNS_Snapshots/SNS_24_SNAPSHOT_20250518_193739/modules/Rotate.py
1062,rtf.py,CCF794EE6BADB50CB22A4D07AFAD7C4244BC805C31DC930755BEAAEDE1138FDE,rtf.py=logs/trace/SNS_Snapshots/SNS_24_SNAPSHOT_20250518_193739/modules/rtf.py
1063,rule.py,A5AB54106DD112D26144C69BC06BCA17058EFE0FE69E75DC1B8DB25F94B35CF9,rule.py=logs/trace/SNS_Snapshots/SNS_24_SNAPSHOT_20250518_193739/modules/rule.py
1064,rules.py,4ADD06E6F1EAE3601B7E7CE8E7371C2804B0A59626CBEC4D71693FD07A4C0550,use_rules.py=logs/trace/SNS_Snapshots/SNS_24_SNAPSHOT_20250518_193739/modules/use_rules.py
1065,run.py,7A6EE4186CD816D1D48210ACBF2240F1FBBBEC1E8CB2D8A4F1D83748C9A5D3DA,_run.py=logs/trace/SNS_Snapshots/SNS_24_SNAPSHOT_20250518_193739/modules/_run.py
1066,runner.py,E522252F4DB3E1BAB4C77BBA50CF316C8EE79F1393F1364A48CB1A094778B072,hook_runner.py=logs/trace/SNS_Snapshots/SNS_24_SNAPSHOT_20250518_193739/modules/hook_runner.py
1067,runner_c2a8182a.py,E522252F4DB3E1BAB4C77BBA50CF316C8EE79F1393F1364A48CB1A094778B072,runner_c2a8182a.py=logs/trace/SNS_Snapshots/SNS_24_SNAPSHOT_20250518_193739/modules/runner_c2a8182a.py
1068,runtime.py,8011AC83816ECE5CCFFAE593E1BBB6873E999118CA8DA5FCCB878F5BE2772432,runtime.py=logs/trace/SNS_Snapshots/SNS_24_SNAPSHOT_20250518_193739/modules/runtime.py
1069,safe_ssl.py,1B155452330125752C6BE2C7E2CAF2DC63659933ED71F8D15B09589D3787FC72,safe_ssl.py=modules/common/safe_ssl.py
1070,Salsa20.py,D3A7A07A44316E30FAF87C888D0F8C3FF3D1FBA1D439E754B954644F09136FD5,Salsa20.py=logs/trace/SNS_Snapshots/SNS_24_SNAPSHOT_20250518_193739/modules/Salsa20.py
1072,sas7bdat.py,E20B383787847B80474E25E0EC250BE5B3066E9E7FD1246B4A217B85D8AD00E9,sas7bdat.py=logs/trace/SNS_Snapshots/SNS_24_SNAPSHOT_20250518_193739/modules/sas7bdat.py
1073,sasreader.py,279591E65518E53E3D1FAA3852A024EAB0AAA890C4094FBA40F6615E9319D0C8,sasreader.py=logs/trace/SNS_Snapshots/SNS_24_SNAPSHOT_20250518_193739/modules/sasreader.py
1075,sas_xport.py,2F10A693FC940F5059540869F2D4AFB97502213F8A43B80CC03C155093BB0E2E,sas_xport.py=logs/trace/SNS_Snapshots/SNS_24_SNAPSHOT_20250518_193739/modules/sas_xport.py
1076,save_unfollowers_into_file.py,3E1F46F291C12ADEB10DE5B5E1F88A8DA8AD36D609568295587E8A6B8ED8746A,save_unfollowers_into_file.py=logs/trace/SNS_Snapshots/SNS_24_SNAPSHOT_20250518_193739/modules/save_unfollowers_into_file.py
1077,save_users_followers_into_file.py,8596E7F93190B02EFB5295F68E9C88385A8B3E649C4197401BD68D377E70860B,save_users_followers_into_file.py=logs/trace/SNS_Snapshots/SNS_24_SNAPSHOT_20250518_193739/modules/save_users_followers_into_file.py
1078,save_users_following_into_file_df0db014.py,E563DFFE319DC1BAE4D8D0ABB7009687AF27A3E398B413433A953CE3CB37AD46,save_users_following_into_file_df0db014.py=logs/trace/SNS_Snapshots/SNS_24_SNAPSHOT_20250518_193739/modules/save_users_following_into_file_df0db014.py
1079,sbcharsetprober.py,A3DD0E8FBDA1767B194AAE71990345183FF11F9C37BAB5FDD20FE40AEAC4D995,sbcharsetprober.py=logs/trace/SNS_Snapshots/SNS_24_SNAPSHOT_20250518_193739/modules/sbcharsetprober.py
1080,sbcsgroupprober.py,191132586EA543DB2AE440DA1CEB2865E22928D4F5A2AC0F960040F3B880C059,sbcsgroupprober.py=logs/trace/SNS_Snapshots/SNS_24_SNAPSHOT_20250518_193739/modules/sbcsgroupprober.py
1081,scalars.py,4289AD7BE56932C5A60B4AA92A9593860420F3A179E5F853973D5AC6DCD922C1,_add_newdocs_scalars.py=logs/trace/SNS_Snapshots/SNS_24_SNAPSHOT_20250518_193739/modules/_add_newdocs_scalars.py
1082,scanner.py,6A6E3507C50864C24BE4453DDB27068C18154D897FF204002100D4627C2CF716,scanner.py=logs/trace/SNS_Snapshots/SNS_24_SNAPSHOT_20250518_193739/modules/scanner.py
1083,scheduler.py,06AA4426922B9C10E04B7B5E9D1356EE025272A7FA32ABE9CA3B3DCB7FF38944,scheduler.py=logs/trace/SNS_Snapshots/SNS_24_SNAPSHOT_20250518_193739/modules/scheduler.py
1084,schema.py,42CA4282D413A13C93135F024B2C5B44555702305FE474261F3921B2184E8157,_table_schema.py=logs/trace/SNS_Snapshots/SNS_24_SNAPSHOT_20250518_193739/modules/_table_schema.py
1085,scheme.py,5C4D40A064BACD7327BFF4C8964BFE46F9BBA55A5742909729F1368FF37513CF,scheme.py=logs/trace/SNS_Snapshots/SNS_24_SNAPSHOT_20250518_193739/modules/scheme.py
1086,scimath_059dbc2d.py,6EAC652D06649ED01CB08B1AB7E4A02602EC2EE835EFFE19FAF5592667F6AFD3,scimath_059dbc2d.py=logs/trace/SNS_Snapshots/SNS_24_SNAPSHOT_20250518_193739/modules/scimath_059dbc2d.py
1087,scipy_sparse.py,A9BD18ED5BC9BAB2DEF25299628CCD1B233F9AEF5B6C4CAB3CEA4837BD77897C,scipy_sparse.py=logs/trace/SNS_Snapshots/SNS_24_SNAPSHOT_20250518_193739/modules/scipy_sparse.py
1088,scope.py,8DF6AF000492406180A22E67957DD7E07C81CB91E9788E966FFC9B6FB357061E,scope.py=logs/trace/SNS_Snapshots/SNS_24_SNAPSHOT_20250518_193739/modules/scope.py
1089,screen.py,93C9A959472D6A200F2D14276F7ACC49CE7163F4588A15044D89B76361F5AE79,screen.py=logs/trace/SNS_Snapshots/SNS_24_SNAPSHOT_20250518_193739/modules/screen.py
1090,scripts.py,64D16C4E77E78C9010BD9828FEA27F70836DF42152902609395292537F7AF0E9,scripts.py=scripts/scripts.py
1091,script_key.py,714BFCEEA7FCD992FFD36BA7889C1B82FCAE676FCD483854B1AB4835CA5190DE,script_key.py=logs/trace/SNS_Snapshots/SNS_24_SNAPSHOT_20250518_193739/modules/script_key.py
1092,Scroll.py,116CAF804AC67F3D1AC8650AEB819E3498C08F4913F841F1F3831394A7CBE4CE,Scroll.py=logs/trace/SNS_Snapshots/SNS_24_SNAPSHOT_20250518_193739/modules/Scroll.py
1093,scrolledtext.py,131476204C24E67158ACD6932315C0141F4160B3B3F935F90834418625263E57,scrolledtext.py=logs/trace/SNS_Snapshots/SNS_24_SNAPSHOT_20250518_193739/modules/scrolledtext.py
1094,sdist.py,86129E7296BFE86B39943B84D88E2BA894526958DE92600472F5365346BCB376,sdist.py=logs/trace/SNS_Snapshots/SNS_24_SNAPSHOT_20250518_193739/modules/sdist.py
1095,search.py,EEAD8FA17918AB56A6AE0801090ED40E65FCBF818069FECF43B328A3BF7A4E11,search.py=logs/trace/SNS_Snapshots/SNS_24_SNAPSHOT_20250518_193739/modules/search.py
1096,search_scope.py,6B1EEA5586A700FA504572BA87B581ACB4BD07A0539AC258464D7D00A1AF1CA1,search_scope.py=logs/trace/SNS_Snapshots/SNS_24_SNAPSHOT_20250518_193739/modules/search_scope.py
1097,SecretSharing.py,B846CABCCCEECB120D17A1A76BC89FDC8B925FF0B8E1599D44FD2657965234BD,SecretSharing.py=logs/trace/SNS_Snapshots/SNS_24_SNAPSHOT_20250518_193739/modules/SecretSharing.py
1098,SecretSharing_a3962db9.py,C46BDBDA4C957AF0C08AECBED8B2F410E4E1582672FB2CFE3D84ECE722B8249D,SecretSharing_a3962db9.py=logs/trace/SNS_Snapshots/SNS_24_SNAPSHOT_20250518_193739/modules/SecretSharing_a3962db9.py
1099,securetransport.py,327ECB0E0A5A47F2535EE35CA4C96123A697A7B1C0C35C836EBC2F4BE02B3AB3,securetransport.py=logs/trace/SNS_Snapshots/SNS_24_SNAPSHOT_20250518_193739/modules/securetransport.py
1100,security.py,462A821793D969296621266270BE3DD338CD6EA1802293ABDB578B91B1824CD6,security.py=logs/trace/SNS_Snapshots/SNS_24_SNAPSHOT_20250518_193739/modules/security.py
1101,segment.py,F3F9D56BCAE7688A788FA2B0612A7296BF30B5EA9AD6B2FB1482F7D4DEC3FEEF,segment.py=logs/trace/SNS_Snapshots/SNS_24_SNAPSHOT_20250518_193739/modules/segment.py
1102,selection_prefs_53a3cdb2.py,EFE50788C6864DD275EFF3AB4BD996BCEFE0C8F6F4ED1FAF52C20D3BC25EC4E3,selection_prefs_53a3cdb2.py=logs/trace/SNS_Snapshots/SNS_24_SNAPSHOT_20250518_193739/modules/selection_prefs_53a3cdb2.py
1103,selectn.py,002FB5BABEF53C0B0B8B6FD8C91C3F50936962AB8D38E013A59F62775591F4BE,selectn.py=logs/trace/SNS_Snapshots/SNS_24_SNAPSHOT_20250518_193739/modules/selectn.py
1104,select_custom.py,ECBC8E421B0C751E548EC51E4E55D70316563719E54E750E7CFD78AA232ED3E2,select_custom.py=logs/trace/SNS_Snapshots/SNS_24_SNAPSHOT_20250518_193739/modules/select_custom.py
1105,selenium_manager.py,B75325978307BF016929B82F265806803B262D65E27EC9F22F679463BFB4600D,selenium_manager.py=logs/trace/SNS_Snapshots/SNS_24_SNAPSHOT_20250518_193739/modules/selenium_manager.py
1107,serialize.py,600CB0B8E16E031D54C2D77BD68C9144C35E2FF9A931451C294AA8F30C58BF85,serialize.py=logs/trace/SNS_Snapshots/SNS_24_SNAPSHOT_20250518_193739/modules/serialize.py
1108,serializer.py,0D9BEA11D4CDD0B74CF511C463A1340458EC47857885788162529F2F09C42135,pickle_serializer.py=backup/SNS_24AutoProject_FINAL_20250516_1002/modules/pickle_serializer.py
1109,series.py,09D49B4DE672EC29F78DB0EA8427FECBE624E68D1D1CAD12856B26574B8345B5,timeseries.py=logs/trace/SNS_Snapshots/SNS_24_SNAPSHOT_20250518_193739/modules/timeseries.py
1110,server.py,82C54A9CF684A1EE9FEAE629D34197B1C5EB325147206D958F7FA011BACB7D27,socketserver.py=logs/trace/SNS_Snapshots/SNS_24_SNAPSHOT_20250518_193739/modules/socketserver.py
1111,service.py,5CCC96213C8B119517440582DEDE2ED911625E3173716E48EF0892866B2721D1,service.py=logs/trace/SNS_Snapshots/SNS_24_SNAPSHOT_20250518_193739/modules/service.py
1112,service_worker.py,080206ED3C2CA8A5C6115B49688DD3DC58634664FA1790054AA213F9A83598B6,service_worker.py=logs/trace/SNS_Snapshots/SNS_24_SNAPSHOT_20250518_193739/modules/service_worker.py
1113,sessions.py,23392A1D1197718E490E4E5564016948B46DD2CE7FA102F70E1A7302525465CB,sessions.py=logs/trace/SNS_Snapshots/SNS_24_SNAPSHOT_20250518_193739/modules/sessions.py
1114,setitem.py,0365123D5440A24ED02253454C41295A205095E62F5D8FA0D5E4E0443DCCB8CC,setitem.py=logs/trace/SNS_Snapshots/SNS_24_SNAPSHOT_20250518_193739/modules/setitem.py
1116,setuptools_build.py,132004D033A5D6CDE92AEF3E3F4893845F820DFD892ED952040F66E5C1970744,setuptools_build.py=logs/trace/SNS_Snapshots/SNS_24_SNAPSHOT_20250518_193739/modules/setuptools_build.py
1117,SgiImagePlugin.py,D61FBF365C93BD6186D76FBDE1231C25EFC48C04D1AD9DFACD845FDA259EAEEB,SgiImagePlugin.py=logs/trace/SNS_Snapshots/SNS_24_SNAPSHOT_20250518_193739/modules/SgiImagePlugin.py
1118,SHA.py,DF647333FA9621465733717314C7901779AD6370F0BEED215C6C821015CF54F0,SHA.py=logs/trace/SNS_Snapshots/SNS_24_SNAPSHOT_20250518_193739/modules/SHA.py
1119,SHA1.py,7369BDDD6F4840FA26B8962F2CBD7E44BD595F5D4DA640A67C5C5579FC96D558,SHA1.py=logs/trace/SNS_Snapshots/SNS_24_SNAPSHOT_20250518_193739/modules/SHA1.py
1120,SHA224.py,CEE834B0245BB5397084A574E2BE0094B918A260D63BD8340B3412E29FEF7A58,SHA224.py=logs/trace/SNS_Snapshots/SNS_24_SNAPSHOT_20250518_193739/modules/SHA224.py
1121,SHA256.py,CF2F53B41B7932134E4E60F2B6BDBB6B2A9893754B6EAAAB4BF95D4D709E6335,SHA256.py=logs/trace/SNS_Snapshots/SNS_24_SNAPSHOT_20250518_193739/modules/SHA256.py
1122,SHA384.py,44533D46E0B6F71294AD9810995EFBE43153A7A22C32CA23C5DD49E9CAD00657,SHA384.py=logs/trace/SNS_Snapshots/SNS_24_SNAPSHOT_20250518_193739/modules/SHA384.py
1123,SHA3_224.py,C45BE34EB017A5CB2F4B12EB0CBB025EB5AC2734094465E4569951205DBE71DB,SHA3_224.py=logs/trace/SNS_Snapshots/SNS_24_SNAPSHOT_20250518_193739/modules/SHA3_224.py
1124,SHA3_256.py,34676E215D3427EE1671AE89B173587AFC2961772CCFB46B13453B22C7FA0DA9,SHA3_256.py=logs/trace/SNS_Snapshots/SNS_24_SNAPSHOT_20250518_193739/modules/SHA3_256.py
1125,SHA3_384.py,01FB2991E224D34C9CF7150D86090D61F0EBF1440DC97F0A1A265BC484DDDB34,SHA3_384.py=logs/trace/SNS_Snapshots/SNS_24_SNAPSHOT_20250518_193739/modules/SHA3_384.py
1126,SHA3_512.py,40155F93D0BDA87AE1A25741C5999C7F38879180C883A92C59BBAB4A3F98A202,SHA3_512.py=logs/trace/SNS_Snapshots/SNS_24_SNAPSHOT_20250518_193739/modules/SHA3_512.py
1127,SHA512.py,C8D1BDD6D704EE722B4C40E1A03507F08887705AD7C552F49C1B708AA6F0DC1C,SHA512.py=logs/trace/SNS_Snapshots/SNS_24_SNAPSHOT_20250518_193739/modules/SHA512.py
1128,shadowroot.py,40EA1EA5D4FC90BB102A47515B0A4E2EEE94E0E285C44C195488129979CB242E,shadowroot.py=logs/trace/SNS_Snapshots/SNS_24_SNAPSHOT_20250518_193739/modules/shadowroot.py
1131,shape.py,145C7068CA6216425A08A335013674C441026869A05339058026F8774F2A31AD,_shape.py=logs/trace/SNS_Snapshots/SNS_24_SNAPSHOT_20250518_193739/modules/_shape.py
1132,shape_base.py,6A1E2F5456DF41ACD8D38AA6A1C01ABD2335767F92B2EF125F13D509F3CF59AA,shape_base.py=logs/trace/SNS_Snapshots/SNS_24_SNAPSHOT_20250518_193739/modules/shape_base.py
1133,shared.py,D0EEFDFBA3AEAF4E2BCAC412EC2391AE04D5615708E664EDF83D098E9CE57647,shared.py=logs/trace/SNS_Snapshots/SNS_24_SNAPSHOT_20250518_193739/modules/shared.py
1134,shared_docs.py,B944AD93724C9C0C6ADEAF43F2750DE4999817A1B75D72A02DD7897146B2BF3F,shared_docs.py=logs/trace/SNS_Snapshots/SNS_24_SNAPSHOT_20250518_193739/modules/shared_docs.py
1135,show.py,5F2537CA94A65392AFE6F132F9219F228217264E6883A8F0F1B5E5BB4EF37685,show.py=logs/trace/SNS_Snapshots/SNS_24_SNAPSHOT_20250518_193739/modules/show.py
1136,simple.py,7CB6387B089F395CAB2B6ED99B27764D9A4FE11168954C2E37133BD8B2B7FC3A,simple.py=logs/trace/SNS_Snapshots/SNS_24_SNAPSHOT_20250518_193739/modules/simple.py
1137,simpledialog.py,E752B162045A2DB83FED1B5D1573657B0810D7E60E321E814FA3163477437CE9,simpledialog.py=logs/trace/SNS_Snapshots/SNS_24_SNAPSHOT_20250518_193739/modules/simpledialog.py
1138,simpleitk.py,C4BE3E757E9E0C9A6B7B426B489409A3259A864E940CA44A75FABBDBFC10CA64,simpleitk.py=logs/trace/SNS_Snapshots/SNS_24_SNAPSHOT_20250518_193739/modules/simpleitk.py
1139,simple_py3.py,9FB7CD73BB122286E55987A6354AF936908BE04D76A3FA3703FBCE6B9A8C6B9E,simple_py3.py=logs/trace/SNS_Snapshots/SNS_24_SNAPSHOT_20250518_193739/modules/simple_py3.py
1140,singleton.py,D199AA0A6448D2E0006735A9641EDC7C241C100EF442D6E27CAE5BE2793E2956,singleton.py=logs/trace/SNS_Snapshots/SNS_24_SNAPSHOT_20250518_193739/modules/singleton.py
1141,six.py,A1C5C4F9E56E50963C77580338DBACE80290936B22EC2DE7D3536944C6A67428,six.py=logs/trace/SNS_Snapshots/SNS_24_SNAPSHOT_20250518_193739/modules/six.py
1142,sjisprober.py,F32A1F0D4489C16338F391391D16B8ACF80B7568A8FE4344644B17A993AB2AF9,sjisprober.py=logs/trace/SNS_Snapshots/SNS_24_SNAPSHOT_20250518_193739/modules/sjisprober.py
1143,slack.py,6C0D12F2FF965D745DAB7C909D146384F3B497D5347EDA3343BA398F31A8308E,slack.py=logs/trace/SNS_Snapshots/SNS_24_SNAPSHOT_20250518_193739/modules/slack.py
1144,SlideIn.py,BD5CB84563F9CC14770641097AB4A8B6F4CC331177869956FD2BED1092CF22FC,SlideIn.py=logs/trace/SNS_Snapshots/SNS_24_SNAPSHOT_20250518_193739/modules/SlideIn.py
1145,SlideOut.py,5652E6F99B29964278FFF2763913FF86E596854D5822D9B6978CC680C89E9D73,SlideOut.py=logs/trace/SNS_Snapshots/SNS_24_SNAPSHOT_20250518_193739/modules/SlideOut.py
1147,socket_custom.py,2B53F2C4F4C7070DA654B01B79FAF47265CB1563CC333FFEDCAAD3CCA46B291C,socket_custom.py=logs/trace/SNS_Snapshots/SNS_24_SNAPSHOT_20250518_193739/modules/socket_custom.py
1148,socket_options.py,C1A8CFBB3E58FDE2F4FBC0CBA4D7BA53C017A904673AFD80C4BAB8781F40709E,socket_options.py=logs/trace/SNS_Snapshots/SNS_24_SNAPSHOT_20250518_193739/modules/socket_options.py
1149,socks.py,312EE0E74798B646FF43792F9AE2D8C0D425666B9A628E359EA8C898DCB77013,socks.py=logs/trace/SNS_Snapshots/SNS_24_SNAPSHOT_20250518_193739/modules/socks.py
1151,sorteddict.py,BEE184ABC42E9AD4A77EC92B61CB86D2E0ABAD6709E070B1864A960995101130,sorteddict.py=logs/trace/SNS_Snapshots/SNS_24_SNAPSHOT_20250518_193739/modules/sorteddict.py
1152,sortedlist.py,79AD7095A975755C5F1E234E8821C372A464836F33DAE0CED933BEB8BD1CF4D5,sortedlist.py=logs/trace/SNS_Snapshots/SNS_24_SNAPSHOT_20250518_193739/modules/sortedlist.py
1153,sortedset.py,AE619AF00F2BBDC838541F02EFD4069F64B26A94E69DF6271C63FDD5116D6CF5,sortedset.py=logs/trace/SNS_Snapshots/SNS_24_SNAPSHOT_20250518_193739/modules/sortedset.py
1154,sorting.py,8EEAA47F2E289CAAC8643CF22BA182AC2C1AE48DB56B1ED329695F992D96C02E,sorting.py=logs/trace/SNS_Snapshots/SNS_24_SNAPSHOT_20250518_193739/modules/sorting.py
1155,source.py,601E7A83C337621F990586165D01E84A89C096F7540C8F3E524B0AF65D15276B,_datasource.py=logs/trace/SNS_Snapshots/SNS_24_SNAPSHOT_20250518_193739/modules/_datasource.py
1157,source_cdba5f46.py,7749EBFEA3E47B4925A2942C6BC5C9410684B02B4C6B616138055FF432168A10,source_cdba5f46.py=logs/trace/SNS_Snapshots/SNS_24_SNAPSHOT_20250518_193739/modules/source_cdba5f46.py
1158,specifiers.py,4AC743D709CEED1CB014E59232EAA7DB0B09A9B8105112F584AD64721B90F9CA,specifiers.py=logs/trace/SNS_Snapshots/SNS_24_SNAPSHOT_20250518_193739/modules/specifiers.py
1160,SpiderImagePlugin.py,9D62A66B26154CF68A1BC08332223694AFB4BDEF8FC69A02563652A9F0E157FE,SpiderImagePlugin.py=logs/trace/SNS_Snapshots/SNS_24_SNAPSHOT_20250518_193739/modules/SpiderImagePlugin.py
1161,spinners.py,95B50EDC9550222384B070E2635F01B7BEE6F9F73204EA7847CF35039E9BBFA7,_spinners.py=logs/trace/SNS_Snapshots/SNS_24_SNAPSHOT_20250518_193739/modules/_spinners.py
1162,spinner_62dbce11.py,856A4CA0CCC0109BF90E304CAB632441A4D35D4F1728D3877D657B862BD038B3,spinner_62dbce11.py=logs/trace/SNS_Snapshots/SNS_24_SNAPSHOT_20250518_193739/modules/spinner_62dbce11.py
1163,spss.py,9804B93856DE39C9DF68BC47135C93A4002D571D7724EC472A1265C9901358BD,spss.py=logs/trace/SNS_Snapshots/SNS_24_SNAPSHOT_20250518_193739/modules/spss.py
1164,sql.py,EE163B96A66602ACD0483977301827BB6839C43B46976556CC74895404CC965F,sql.py=logs/trace/SNS_Snapshots/SNS_24_SNAPSHOT_20250518_193739/modules/sql.py
1165,ssltransport.py,C0CBD2F3A77F58693728D845E243AACE2FF9FA7AEA463BCD6F0267F8E483BDE1,ssltransport.py=logs/trace/SNS_Snapshots/SNS_24_SNAPSHOT_20250518_193739/modules/ssltransport.py
1166,ssl_.py,28FE62E553EB781579CB088CF30C5DC38D44D82B1942A6787DCE3C0470FFB5A2,ssl_.py=logs/trace/SNS_Snapshots/SNS_24_SNAPSHOT_20250518_193739/modules/ssl_.py
1167,ssl_match_hostname.py,5E478B01C48878E7115F37E7D104ECA70B79F429049DE89E170EDE27AA3666D5,ssl_match_hostname.py=logs/trace/SNS_Snapshots/SNS_24_SNAPSHOT_20250518_193739/modules/ssl_match_hostname.py
1168,stash.py,3F79634178811C221AA022A1E798BD07FB7B9E04C5952042F4362DB2A6990553,stash.py=logs/trace/SNS_Snapshots/SNS_24_SNAPSHOT_20250518_193739/modules/stash.py
1169,stata.py,A05627B9115C60CB1F03F3327F328B783D496B3E4B77D6CD8CF08345FF9A3AFB,stata.py=logs/trace/SNS_Snapshots/SNS_24_SNAPSHOT_20250518_193739/modules/stata.py
1170,status.py,918BBC31C9CC9D194E3962CED93FA9634602A4D8C5041D85C17876AA2693480B,task_status.py=logs/trace/SNS_Snapshots/SNS_24_SNAPSHOT_20250518_193739/modules/task_status.py
1172,std.py,3F428D8026573897245C3ABC2B0B5AECBCDA1E35D97283DDE2020683B86478E6,std.py=modules/common/std.py
1173,stop.py,FD9C48B306844740A86B653CABD15EC2B39A9663E8262BB57798D213F1E1EDF0,stop.py=logs/trace/SNS_Snapshots/SNS_24_SNAPSHOT_20250518_193739/modules/stop.py
1175,stream.py,B4B908FF755676317E158F947D3592CB7F0762AEADD256126989FA63EC0AF41F,stream.py=logs/trace/SNS_Snapshots/SNS_24_SNAPSHOT_20250518_193739/modules/stream.py
1176,streaming.py,F57F5FEF3348F201B700D20AAB23D6C5C12537816B4EB1495CCFB8EBCA114064,streaming.py=logs/trace/SNS_Snapshots/SNS_24_SNAPSHOT_20250518_193739/modules/streaming.py
1177,streaming_iterator.py,E01EFA637464628160EE147216BC611353A6C26F055494573D19B4C85BAEEA34,streaming_iterator.py=logs/trace/SNS_Snapshots/SNS_24_SNAPSHOT_20250518_193739/modules/streaming_iterator.py
1179,stride_tricks.py,65B831ADA4ECEDCC0B1079B2A70CAC2331A14233557AD1F99DA43CC41D6635D0,stride_tricks.py=logs/trace/SNS_Snapshots/SNS_24_SNAPSHOT_20250518_193739/modules/stride_tricks.py
1180,strings.py,1C04A6A115C28F198DA1F9EC26C0F60750D84BCE5E40942524ACC3077E87EADF,strings.py=logs/trace/SNS_Snapshots/SNS_24_SNAPSHOT_20250518_193739/modules/strings.py
1181,string_.py,EBD2E193ADAD38CFF331DAAAE40E6748E29BD4BBED2F6ABDE55DF98A2E29931A,string_.py=logs/trace/SNS_Snapshots/SNS_24_SNAPSHOT_20250518_193739/modules/string_.py
1182,string_arrow.py,8DF8B7EB0BDD1541EDFA03A9AE5B7E1368A6AD130FBFAF64A8AF274B3871B4C0,string_arrow.py=logs/trace/SNS_Snapshots/SNS_24_SNAPSHOT_20250518_193739/modules/string_arrow.py
1183,string_custom.py,87E2A195AE73A510E0EE9947359AE67970B4086566AE590F3B3CCE98767F30C0,string_custom.py=logs/trace/SNS_Snapshots/SNS_24_SNAPSHOT_20250518_193739/modules/string_custom.py
1184,structs.py,08C1D19F3212BA5EE990A1C4D79AFC509D6A23F3D8CB6097C9D4F2892720E0F9,structs.py=logs/trace/SNS_Snapshots/SNS_24_SNAPSHOT_20250518_193739/modules/structs.py
1185,strxor.py,A8F928CC0F6CEF8B3B2000530C56726AECCD01D3C5DDBC9170656E7977C46768,strxor.py=logs/trace/SNS_Snapshots/SNS_24_SNAPSHOT_20250518_193739/modules/strxor.py
1187,styled.py,E3C236C828CC8D013C83F6FD944DAAC95E48A6D0AD72559D4C6EFE9DB449AE56,styled.py=logs/trace/SNS_Snapshots/SNS_24_SNAPSHOT_20250518_193739/modules/styled.py
1188,style_render.py,A43615723C529637B18F87746656AC516E44D03D430D08C84DC97CD098C44E7E,style_render.py=logs/trace/SNS_Snapshots/SNS_24_SNAPSHOT_20250518_193739/modules/style_render.py
1189,subprocesses.py,47DBEEFD5F83DAE1C50D4B117B3FE61F2FF3B8FA41CCA34EA61A54C98E97E92E,subprocesses.py=logs/trace/SNS_Snapshots/SNS_24_SNAPSHOT_20250518_193739/modules/subprocesses.py
1190,subprocess_custom.py,C04C317400A93F73FC02788396C14C706F789DFFEF246BB5455EBCDA8B8945C8,subprocess_custom.py=logs/trace/SNS_Snapshots/SNS_24_SNAPSHOT_20250518_193739/modules/subprocess_custom.py
1191,subtitles_17db718e.py,2C6251268057B6557BB83CA7AFCC9E80BA7B4771B414FC0402EADBC06EDDB711,subtitles_17db718e.py=logs/trace/SNS_Snapshots/SNS_24_SNAPSHOT_20250518_193739/modules/subtitles_17db718e.py
1192,subversion.py,DA4454BC0A4ED4C4F2CAEB6DDA9C425ECDDA878DFC04BC01449B5C36BA101674,subversion.py=logs/trace/SNS_Snapshots/SNS_24_SNAPSHOT_20250518_193739/modules/subversion.py
1193,sum_.py,AFA2D92C6FE7EF97BA9FDEBD6EDC5BC789BC2BE170CFA8D4CE20007DEC6D59DD,sum_.py=logs/trace/SNS_Snapshots/SNS_24_SNAPSHOT_20250518_193739/modules/sum_.py
1194,SunImagePlugin_fa3db123.py,E504ECB2352E87542064570B9241171F3F36170D5BF991AFFF958524C633149D,SunImagePlugin_fa3db123.py=logs/trace/SNS_Snapshots/SNS_24_SNAPSHOT_20250518_193739/modules/SunImagePlugin_fa3db123.py
1195,SuperSample.py,40A6A0CB49818844ECBCB6BADA058E8E8EEB1EF05952CCC8C0E731BC3C105724,SuperSample.py=logs/trace/SNS_Snapshots/SNS_24_SNAPSHOT_20250518_193739/modules/SuperSample.py
1196,support.py,517AE89E23F456219108DDBB3BA0B8FEB380A23DFC5D92F5C4F67465AEB2B9DB,support.py=logs/trace/SNS_Snapshots/SNS_24_SNAPSHOT_20250518_193739/modules/support.py
1197,surrogateescape.py,70D033560D5F05351F6C8EDA598C070AF25A59A693AB7F348813621C144C5277,surrogateescape.py=logs/trace/SNS_Snapshots/SNS_24_SNAPSHOT_20250518_193739/modules/surrogateescape.py
1198,svg.py,8ED06171F7459FE430894BCD0E07117D5303B1E4802668370068E043D14FB2B2,svg.py=logs/trace/SNS_Snapshots/SNS_24_SNAPSHOT_20250518_193739/modules/svg.py
1199,swf.py,7C453B1D33697C027117BCFB4FD6F902CB95836085008B8D1880ACF541D31445,swf.py=logs/trace/SNS_Snapshots/SNS_24_SNAPSHOT_20250518_193739/modules/swf.py
1200,switch_to.py,7BDBCBCA63E0C31D9A0F68DCD3644365A0BC6FB86BA5349AE7F97DCB2EC64393,switch_to.py=logs/trace/SNS_Snapshots/SNS_24_SNAPSHOT_20250518_193739/modules/switch_to.py
1201,symbolic.py,350AB47889227EE94F1D490ED36BB9BE073D255BCA372099569E57BAB8CE00F4,symbolic.py=logs/trace/SNS_Snapshots/SNS_24_SNAPSHOT_20250518_193739/modules/symbolic.py
1202,syntax.py,DA2FE1FEB235AB7D50A34E11FDDA798DC048624A8F4CCC50D63DE96CCE626692,syntax.py=logs/trace/SNS_Snapshots/SNS_24_SNAPSHOT_20250518_193739/modules/syntax.py
1203,sys.py,601F70BF804EBCDB1A14789339C51CB902B520F506554E9C7D119CA454E5797C,sys.py=logs/trace/SNS_Snapshots/SNS_24_SNAPSHOT_20250518_193739/modules/sys.py
1205,table.py,D02B131530545795491212468E8A5794DBB4DFDB9D1884E0C30EA620E47E125C,export_logtrace_table.py=data/exported_data/export_logtrace_table.py
1207,tagmap.py,34B6A3DB95A193450E7E96C01DC1D9B516F53431F91CD0B542C898F634DF3274,tagmap.py=logs/trace/SNS_Snapshots/SNS_24_SNAPSHOT_20250518_193739/modules/tagmap.py
1209,tags_344cfcdb.py,CC9503A69EB3057C08012FD902111D4CBA3AD0B8DD9C59F9EF304188F17D3B66,tags_344cfcdb.py=modules/common/tags_344cfcdb.py
1210,take.py,62477E39FC884A517C115DFB5525A5EDB10A90049E2FEDCF3BB54D8029D3F581,take.py=logs/trace/SNS_Snapshots/SNS_24_SNAPSHOT_20250518_193739/modules/take.py
1211,target.py,F4A6033BB1BE88CC4A0B9B14E87F000784D895816F2E464CFF08D947656CC68E,target.py=logs/trace/SNS_Snapshots/SNS_24_SNAPSHOT_20250518_193739/modules/target.py
1212,target_python.py,1B9F06BCFD6404D6FC0ED0012D9CDFE5404BF024DCF132BA24B1AAB70DAE9C09,target_python.py=logs/trace/SNS_Snapshots/SNS_24_SNAPSHOT_20250518_193739/modules/target_python.py
1213,TarIO.py,CDA1AE8A464B37129E443EDF6252CB677BACCEEBAD1EE17A0DCAE54AC5DE5076,TarIO.py=logs/trace/SNS_Snapshots/SNS_24_SNAPSHOT_20250518_193739/modules/TarIO.py
1215,tee.py,47009F891AC1E1EF2973652ACAD52EB687899BD06E4567565E884A3C6A568217,tee.py=logs/trace/SNS_Snapshots/SNS_24_SNAPSHOT_20250518_193739/modules/tee.py
1216,telegram.py,A4297E6BDA312AF8AA4CE401DDD6D44E173758439A45DA57247F5F4D8BDC79AF,telegram.py=logs/trace/SNS_Snapshots/SNS_24_SNAPSHOT_20250518_193739/modules/telegram.py
1217,temp_dir.py,5AF44E1583A9E13498E7C67B94AA5280287CF7EBF9EB2E5C9189D145DC2D3DB5,temp_dir.py=logs/trace/SNS_Snapshots/SNS_24_SNAPSHOT_20250518_193739/modules/temp_dir.py
1218,terminal256.py,10EF1D294E3C473F5EAF4C53B383FE838A3874B748AE7D1385427891EB419648,terminal256.py=logs/trace/SNS_Snapshots/SNS_24_SNAPSHOT_20250518_193739/modules/terminal256.py
1219,terminalwriter.py,B9740763179EA353B60C94BC5AA12F26A3E4964DBF0652F7EEC7EC8E86C11FF9,terminalwriter.py=logs/trace/SNS_Snapshots/SNS_24_SNAPSHOT_20250518_193739/modules/terminalwriter.py
1220,terminal_theme.py,8E9B7524AA73070CC2192A2AD207FBCC355E7430D56F14A72A83F5F57ADC24E4,terminal_theme.py=logs/trace/SNS_Snapshots/SNS_24_SNAPSHOT_20250518_193739/modules/terminal_theme.py
1221,testing.py,6A86E14FD4F3617C4AA4FE80425DFF2E7C285DEECC10BFE7DD5D4EAC550FCE11,testing.py=logs/trace/SNS_Snapshots/SNS_24_SNAPSHOT_20250518_193739/modules/testing.py
1222,tests.py,5E015F1C55F72707BC0463BA8EC05C16BF41283C6792DD3C5F3A122D3A340D82,auto_generate_tests.py=modules/auto_generate_tests.py
1223,testutils_adc87c1a.py,721E3C35B1878106B4A85D192DBE0D3F852D4911F4EC345E8168C49D65A16BC5,testutils_adc87c1a.py=logs/trace/SNS_Snapshots/SNS_24_SNAPSHOT_20250518_193739/modules/testutils_adc87c1a.py
1224,tethering.py,5548FB281D53B33DC91E6D3955831BC8D47C6BF553DE28365516ACA1F5FC11DC,tethering.py=logs/trace/SNS_Snapshots/SNS_24_SNAPSHOT_20250518_193739/modules/tethering.py
1225,text.py,0A6F7E45B150836ECB1E4CF49C4AE48AE224DB0D1FEA44B9A829DC84F7421C24,context.py=.venv/Lib/site-packages/setuptools/_vendor/jaraco/context.py
1226,TgaImagePlugin.py,5E52BFD0D4A718E294EA96E076BE24AACFEA58B142DF7932DABB9F7367E61BA5,TgaImagePlugin.py=logs/trace/SNS_Snapshots/SNS_24_SNAPSHOT_20250518_193739/modules/TgaImagePlugin.py
1228,themes.py,9C1CBDF2D0C6D09775F3800C26094F10614D083C36DEA83A0F74CE2CFCE247A1,themes.py=logs/trace/SNS_Snapshots/SNS_24_SNAPSHOT_20250518_193739/modules/themes.py
1229,threadexception.py,00171C0A1435D8F4370117CDE51712C8ECD5FF51DB411DAE57CA08B64C505F28,threadexception.py=logs/trace/SNS_Snapshots/SNS_24_SNAPSHOT_20250518_193739/modules/threadexception.py
1230,tifffile.py,912750577346DA3A7BA8631CA4D688C0A7440CDB8307F39FB20AF9C81A41B48E,_tifffile.py=logs/trace/SNS_Snapshots/SNS_24_SNAPSHOT_20250518_193739/modules/_tifffile.py
1231,tifffile_v3.py,0246FF7B93073A60C1162712C03BF5902BC5AB2D879475566755C7C6BF518BAF,tifffile_v3.py=logs/trace/SNS_Snapshots/SNS_24_SNAPSHOT_20250518_193739/modules/tifffile_v3.py
1232,TiffImagePlugin.py,665ACC8EFE98B6704ACB4B14CF84296235AA14BA8AFE7012CDD7A0556B973E89,TiffImagePlugin.py=logs/trace/SNS_Snapshots/SNS_24_SNAPSHOT_20250518_193739/modules/TiffImagePlugin.py
1233,TiffTags.py,3B5B672D7A4A02A439811C8506ADD31C87E4390B6C090B2236A20E22386DFD85,TiffTags.py=logs/trace/SNS_Snapshots/SNS_24_SNAPSHOT_20250518_193739/modules/TiffTags.py
1235,timedeltas.py,AF052E98DA93F140E4347E7E928D5358BB3C3E78B886B71EEE823E07573EC2C6,timedeltas.py=logs/trace/SNS_Snapshots/SNS_24_SNAPSHOT_20250518_193739/modules/timedeltas.py
1236,TimeMirror.py,4CEDD692BB4CA10B6C29A5D6945AFF1072F3E1590FA618194A3FDF917C2119E7,TimeMirror.py=logs/trace/SNS_Snapshots/SNS_24_SNAPSHOT_20250518_193739/modules/TimeMirror.py
1237,timeout.py,978F4ED0A7EE2C8F8B168C34300FE0A5A5BB3D21C5059A90B1229EFC812836C7,async_timeout.py=backup/SNS_24AutoProject+++0508삭제/.venv310/Lib/site-packages/websockets/asyncio/async_timeout.py
1238,timeouts.py,F2376CF69C5DC700FF80902F9A42CDE7EFD3393EFA37A7BF05B51D78B186C1AF,timeouts.py=logs/trace/SNS_Snapshots/SNS_24_SNAPSHOT_20250518_193739/modules/timeouts.py
1239,timer_comparison.py,B7CBD7094E6E6F2678339B95A2A4B051159B638C3DE04CE86422F7D3DFD02917,timer_comparison.py=logs/trace/SNS_Snapshots/SNS_24_SNAPSHOT_20250518_193739/modules/timer_comparison.py
1240,times.py,B79810C4174CBCFCA83C04BA450C52010F17DE3205ED4C5A69CD666905653FA1,times.py=logs/trace/SNS_Snapshots/SNS_24_SNAPSHOT_20250518_193739/modules/times.py
1242,TimeSymmetrize.py,62E729C4511A883717A5431022DFC25FAB0BEF9055E56E5BD413DC8944A169D2,TimeSymmetrize.py=logs/trace/SNS_Snapshots/SNS_24_SNAPSHOT_20250518_193739/modules/TimeSymmetrize.py
1243,timing.py,B860E064545FA58BCC669B05BA9123CAA4A82EB33330C7651EC564A9CC8167E7,timing.py=logs/trace/SNS_Snapshots/SNS_24_SNAPSHOT_20250518_193739/modules/timing.py
1244,tix.py,06B4D643F24DE84FA49BBB5CEB0311AA87D38690E36D3F659E9E6C0E86F3CA86,tix.py=logs/trace/SNS_Snapshots/SNS_24_SNAPSHOT_20250518_193739/modules/tix.py
1245,tokens.py,BAF128E2230031857508AB345F99CA61AC320836C9C3111444C44FA1238271E0,tokens.py=logs/trace/SNS_Snapshots/SNS_24_SNAPSHOT_20250518_193739/modules/tokens.py
1246,token_custom.py,E9B8A61F95CEC4A29A999081A07E178640776799F82323D05A1BCDBAB5836DDD,token_custom.py=logs/trace/SNS_Snapshots/SNS_24_SNAPSHOT_20250518_193739/modules/token_custom.py
1248,tornadoweb.py,601046A93FF96ACD014C9E701A0379689868D01620CB753EA4E42512727AD685,tornadoweb.py=logs/trace/SNS_Snapshots/SNS_24_SNAPSHOT_20250518_193739/modules/tornadoweb.py
1249,total_ordering.py,177379CEFDE1A0E9BD1D7B001D775958674757D1F30BBDF998CA28B92EC138C9,total_ordering.py=logs/trace/SNS_Snapshots/SNS_24_SNAPSHOT_20250518_193739/modules/total_ordering.py
1250,to_dict.py,45F7DC6612BDB3464A4E57265B530F926D67384E6A197D88D70142624F82222F,to_dict.py=logs/trace/SNS_Snapshots/SNS_24_SNAPSHOT_20250518_193739/modules/to_dict.py
1251,to_thread.py,FFFFA49F6A93B2F26B92B3E82BA6B52232F9B3FF812C57C145E6D9AC75771A0B,to_thread.py=logs/trace/SNS_Snapshots/SNS_24_SNAPSHOT_20250518_193739/modules/to_thread.py
1252,traceback_custom.py,DA36C55A14253D9780A0E73150FB23C742447929180FDBF9A9A4D2295FA25511,traceback_custom.py=logs/trace/SNS_Snapshots/SNS_24_SNAPSHOT_20250518_193739/modules/traceback_custom.py
1253,tracing.py,274F0AABD1567670CA54FF28D18E7A4F8E229A85DE2EA1E0E103B29D0A7056C6,_tracing.py=logs/trace/SNS_Snapshots/SNS_24_SNAPSHOT_20250518_193739/modules/_tracing.py
1254,transform.py,98A0BABCF9018584B8CD99CF0932EDAF2CFE77E90361633366C621F3DF4B3CF4,transform.py=logs/trace/SNS_Snapshots/SNS_24_SNAPSHOT_20250518_193739/modules/transform.py
1255,transforms.py,AEF6DC1B19DEB56BC6502BA34416ED53915BB9D8D5E3AC373056DF913FE10ADB,transforms.py=logs/trace/SNS_Snapshots/SNS_24_SNAPSHOT_20250518_193739/modules/transforms.py
1256,translate.py,858432124265E245A5790BB9EE1BDB5D8037CD7317B47CF06009DD1473523E02,translate.py=logs/trace/SNS_Snapshots/SNS_24_SNAPSHOT_20250518_193739/modules/translate.py
1257,tree.py,2841FBEF814A53CD7D2A79C45492F682BB24149513F963E7B93708E88B48D1E4,tree.py=logs/trace/SNS_Snapshots/SNS_24_SNAPSHOT_20250518_193739/modules/tree.py
1258,ttk.py,CC71E5C18108104AD27CCC8EE5D4AC186F3FE4B192861C999C0005C0C0A7086D,ttk.py=logs/trace/SNS_Snapshots/SNS_24_SNAPSHOT_20250518_193739/modules/ttk.py
1259,TupleHash128.py,2DDB74E09C15F4B5EAC662D1EB5963F7D081A8D3417FF2E4CC7B6394BB83E7F1,TupleHash128.py=logs/trace/SNS_Snapshots/SNS_24_SNAPSHOT_20250518_193739/modules/TupleHash128.py
1260,TupleHash256.py,C2658AA5D9C47BD97F3400D82C7F28D1A33E2655591080B3F8B731A4CA1D7934,TupleHash256.py=logs/trace/SNS_Snapshots/SNS_24_SNAPSHOT_20250518_193739/modules/TupleHash256.py
1261,TurboSHAKE128.py,3270CDD7CBA51FE84CEE8C506C1D00A47E11A8B0548DA57CA6C85D2FF638C666,TurboSHAKE128.py=logs/trace/SNS_Snapshots/SNS_24_SNAPSHOT_20250518_193739/modules/TurboSHAKE128.py
1262,TurboSHAKE256.py,E69C2C6C9E0B5015527BAA4C706A7CB380255DD8B2534F1A576752785C0EAFDA,TurboSHAKE256.py=logs/trace/SNS_Snapshots/SNS_24_SNAPSHOT_20250518_193739/modules/TurboSHAKE256.py
1264,tzinfo.py,BA2267EA62F79E83C4B1E5D9051688263A34894B43DB905B0BC5D9F30A2E37BC,tzinfo.py=logs/trace/SNS_Snapshots/SNS_24_SNAPSHOT_20250518_193739/modules/tzinfo.py
1265,ufunclike.py,18A8597A61A7FFC125E3AAE6982953A582B6881EDD9EC2D96D62AEE19CA5909C,ufunclike.py=logs/trace/SNS_Snapshots/SNS_24_SNAPSHOT_20250518_193739/modules/ufunclike.py
1266,ufuncs.py,8E8F4E9EBE0129D7908B7082AEBA115649B0CC7F1CB4D0FD0B9BA292AEDEB62F,ufuncs.py=logs/trace/SNS_Snapshots/SNS_24_SNAPSHOT_20250518_193739/modules/ufuncs.py
1267,ufunc_config.py,91B5F8A7D870C66E8D0A582DB2EDEE29711CA21DCE21158473534F1B54C25B85,_ufunc_config.py=logs/trace/SNS_Snapshots/SNS_24_SNAPSHOT_20250518_193739/modules/_ufunc_config.py
1268,ui.py,0FA9B836BF1E74ECCF55FAC5A6213878F428CDF25CADDE58B8831EC8CECA0E47,gui.py=logs/trace/SNS_Snapshots/SNS_24_SNAPSHOT_20250518_193739/modules/gui.py
1269,ultimate.py,6F022969271C1A153EC70F09A93D37FF1EE02403A1567D9462936225579A36D5,ultimate.py=logs/trace/SNS_Snapshots/SNS_24_SNAPSHOT_20250518_193739/modules/ultimate.py
1270,umath.py,3541FFAD0750CFF7C0359AE09330058140C9B1EBCFCD95513AC278AE234A70E4,umath.py=logs/trace/SNS_Snapshots/SNS_24_SNAPSHOT_20250518_193739/modules/umath.py
1271,unarchive_your_medias.py,4B6C448F5775864E385EEA1AEC40D8D7E453331D04366187E732CA61D6CEAB3B,unarchive_your_medias.py=logs/trace/SNS_Snapshots/SNS_24_SNAPSHOT_20250518_193739/modules/unarchive_your_medias.py
1272,unfollow_everyone.py,D7428AD33033FC6E9210FDADC048D6800B5966D18158D40827F99E0160B0E02E,unfollow_everyone.py=logs/trace/SNS_Snapshots/SNS_24_SNAPSHOT_20250518_193739/modules/unfollow_everyone.py
1273,unfollow_non_followers.py,776CB2825DF7EF1ED92B775C36942154570D89BC4DADEBE4AFD559A8117977A6,unfollow_non_followers.py=logs/trace/SNS_Snapshots/SNS_24_SNAPSHOT_20250518_193739/modules/unfollow_non_followers.py
1274,unicode.py,334C15D76566E30E58D63F4511E53134EC30929A7007C56E136477FFACD85DBD,unicode.py=logs/trace/SNS_Snapshots/SNS_24_SNAPSHOT_20250518_193739/modules/unicode.py
1276,unistring.py,DD5C027A7BE88F420EB45B7A1B4D12226E252FCC2C5D622BF34DE78A0DE74DEC,unistring.py=logs/trace/SNS_Snapshots/SNS_24_SNAPSHOT_20250518_193739/modules/unistring.py
1277,unittest.py,B29C4CE2BC0F95E8BC871118FA02C13A9EFF5BD8B57559D9F9D56D6929AB4750,unittest.py=logs/trace/SNS_Snapshots/SNS_24_SNAPSHOT_20250518_193739/modules/unittest.py
1278,univ.py,23EF1151064A1EE45BDCB5EAC63CD46076569F88B85FE5E6275870403C09E707,univ.py=logs/trace/SNS_Snapshots/SNS_24_SNAPSHOT_20250518_193739/modules/univ.py
1279,universaldetector.py,01B054BD56F479A368113CE109FB66ACF794B5A66BEBF1D8CD0AD640171C493E,universaldetector.py=logs/trace/SNS_Snapshots/SNS_24_SNAPSHOT_20250518_193739/modules/universaldetector.py
1280,unix.py,7779A7AB7CA980AF09E9675BC56BE06A910A43C2B8DF3AD318439FACA61908C6,unix.py=logs/trace/SNS_Snapshots/SNS_24_SNAPSHOT_20250518_193739/modules/unix.py
1281,unlike_users.py,56AD019D6A09CFC198BA4E01D42A12ECB53F3BB7534233730BD20B7FCF3A391B,unlike_users.py=logs/trace/SNS_Snapshots/SNS_24_SNAPSHOT_20250518_193739/modules/unlike_users.py
1283,unraisableexception.py,A1037036AE9D6A4CBCB61CE649D46E60658FCBBA4D8A3FBD44B389EFE0C247B2,unraisableexception.py=logs/trace/SNS_Snapshots/SNS_24_SNAPSHOT_20250518_193739/modules/unraisableexception.py
1284,upload_photos_653db6e6.py,6A92B39EA0E145AEE39D79B1DF1BBD6357BF79926E1DA5ED6D34C2F134B29863,upload_photos_653db6e6.py=logs/trace/SNS_Snapshots/SNS_24_SNAPSHOT_20250518_193739/modules/upload_photos_653db6e6.py
1285,upload_story_photo.py,BB7712FE28E439162A6EF48E2BFA2CB6E26DB87B96C0D4505F489C746DA8ECDB,upload_story_photo.py=logs/trace/SNS_Snapshots/SNS_24_SNAPSHOT_20250518_193739/modules/upload_story_photo.py
1286,url.py,90ECB538ED7E69908AEA0D37856B280A0FA82908DB7766877E83D7FF4AC27F4C,_url.py=logs/trace/SNS_Snapshots/SNS_24_SNAPSHOT_20250518_193739/modules/_url.py
1287,urls.py,06D5D9F9AB4F43214C5D762BA07D32A47296198496B98A345A9760D42A5E7A3D,urls.py=logs/trace/SNS_Snapshots/SNS_24_SNAPSHOT_20250518_193739/modules/urls.py
1288,useful.py,DF392B90B975B2723604408CF2B8A0B1C1A3AC8BA2FFA8FF2472597682895E83,useful.py=logs/trace/SNS_Snapshots/SNS_24_SNAPSHOT_20250518_193739/modules/useful.py
1289,user_agent.py,A90A712120EDB44C168D1ED3238FC8D38DF0A406D394986310A09F37D7796213,user_agent.py=logs/trace/SNS_Snapshots/SNS_24_SNAPSHOT_20250518_193739/modules/user_agent.py
1290,user_array.py,258CD7CB0FFB595F4BDD3022E198EB1FC1C726196811AD03B2BCEB7EBE50658E,user_array.py=logs/trace/SNS_Snapshots/SNS_24_SNAPSHOT_20250518_193739/modules/user_array.py
1291,user_login_with_error_handling.py,9886D4CCFE6DDCB61737C4AB6B0B5298A2A283AB58554FB3001A069F097AFE48,user_login_with_error_handling.py=logs/trace/SNS_Snapshots/SNS_24_SNAPSHOT_20250518_193739/modules/user_login_with_error_handling.py
1292,user_management.py,3D99F4CC9521D0C6DF69CA09021234094203A38F429F58F8F4D21BEE43F234EF,user_management.py=logs/trace/SNS_Snapshots/SNS_24_SNAPSHOT_20250518_193739/modules/user_management.py
1294,utf1632prober.py,FA9DB3390992D7B018C5408C5A26326026275730B26760785C640B9EDE391F28,utf1632prober.py=logs/trace/SNS_Snapshots/SNS_24_SNAPSHOT_20250518_193739/modules/utf1632prober.py
1295,utf8prober_dbc41224.py,3C7E57F909A559241EB834989F4C12534C962DF0835EF22E5F030B62A87751BE,utf8prober_dbc41224.py=logs/trace/SNS_Snapshots/SNS_24_SNAPSHOT_20250518_193739/modules/utf8prober_dbc41224.py
1296,utilities.py,AB002CAB73551C330063981EE1C1A4FAE0A558E45BC5728F44BEDD73019FFA42,utilities.py=logs/trace/SNS_Snapshots/SNS_24_SNAPSHOT_20250518_193739/modules/utilities.py
1298,utils_0ce60892.py,C53F7082FB740C4D8FCE66EC4654F8EAA507F5DA5EA0B26FA8D998029CBEE1A6,utils_0ce60892.py=logs/trace/SNS_Snapshots/SNS_24_SNAPSHOT_20250518_193739/modules/utils_0ce60892.py
1299,utils_2282f9b4.py,01385E78A79A6029A7AB244A4E539B04F678861C2873CDFDF192E7D5BF09CA1D,utils_2282f9b4.py=logs/trace/SNS_Snapshots/SNS_24_SNAPSHOT_20250518_193739/modules/utils_2282f9b4.py
1300,utils_22f1a958.py,A04FFDC5804E1B7266CEE0FA3D6DC8AD9349C387FEF8BE50AF5CCA2D6CC40F1F,utils_22f1a958.py=logs/trace/SNS_Snapshots/SNS_24_SNAPSHOT_20250518_193739/modules/utils_22f1a958.py
1301,utils_3daa4505.py,17D39D636F01244F023D7041ACBC5909592668C99DF96CD899B17E18A51E5D42,utils_3daa4505.py=logs/trace/SNS_Snapshots/SNS_24_SNAPSHOT_20250518_193739/modules/utils_3daa4505.py
1302,utils_4557d5e1.py,6CA470A6203D8F56A8EE028EDF5104CCA9340B9E22BCDC46A8EC64E096DF741B,utils_4557d5e1.py=logs/trace/SNS_Snapshots/SNS_24_SNAPSHOT_20250518_193739/modules/utils_4557d5e1.py
1303,utils_4efd31c6.py,2BD3E308D815522FC9825C8B44EB68BF33C5CA855C9A93F5E5110A5173CE248F,utils_4efd31c6.py=logs/trace/SNS_Snapshots/SNS_24_SNAPSHOT_20250518_193739/modules/utils_4efd31c6.py
1304,utils_5996053a.py,C07A5CA24B4FB7DB71B86220F15CE535F655E5B7194D2875BA4A031C50CFF22D,utils_5996053a.py=logs/trace/SNS_Snapshots/SNS_24_SNAPSHOT_20250518_193739/modules/utils_5996053a.py
1305,utils_75f91840.py,48ED95C2404681926D7A41F707528599E47DB005DC6A3D6D690B496E03B2ED51,utils_75f91840.py=logs/trace/SNS_Snapshots/SNS_24_SNAPSHOT_20250518_193739/modules/utils_75f91840.py
1306,utils_77c78794.py,9C3867110ABD4AAF87F77B55FAD5E3AE5C0AF4A02190CF60020B0F9127A8772E,utils_77c78794.py=logs/trace/SNS_Snapshots/SNS_24_SNAPSHOT_20250518_193739/modules/utils_77c78794.py
1307,utils_7e8c7df0.py,4DA1DABA02CF3F51C9523B72D173182001F95F3035701BB144FDA5EC7A10C8ED,utils_7e8c7df0.py=logs/trace/SNS_Snapshots/SNS_24_SNAPSHOT_20250518_193739/modules/utils_7e8c7df0.py
1308,utils_7fbf2255.py,D4CA70673F86935AF2E27E95748E42B360D05F3E1E456EDD0371DE357EDE06F4,utils_7fbf2255.py=logs/trace/SNS_Snapshots/SNS_24_SNAPSHOT_20250518_193739/modules/utils_7fbf2255.py
1309,utils_8673d95b.py,2E9143C34E310905B63B6D1EE772AB3D515D2E9A1FEA337F1059AAC43626A0FC,utils_8673d95b.py=logs/trace/SNS_Snapshots/SNS_24_SNAPSHOT_20250518_193739/modules/utils_8673d95b.py
1310,utils_9ac89786.py,3D217AB38836DBA9EFB1A993388DB8AFA7BA28B0F5C63431D4513A935B4A37E0,utils_9ac89786.py=logs/trace/SNS_Snapshots/SNS_24_SNAPSHOT_20250518_193739/modules/utils_9ac89786.py
1311,utils_e3e49c7b.py,61D6F788A3A62B71CCB57F862BB4585ADFC02D128A03913BB2E4A5306785C348,utils_e3e49c7b.py=logs/trace/SNS_Snapshots/SNS_24_SNAPSHOT_20250518_193739/modules/utils_e3e49c7b.py
1312,utils_worker_923b651d.py,968F8772AFA3ADC43DBFA3C1C50DE631B90EAF499EAFBB8AFDE68222D3AC6D7D,utils_worker_923b651d.py=logs/trace/SNS_Snapshots/SNS_24_SNAPSHOT_20250518_193739/modules/utils_worker_923b651d.py
1313,uts46data.py,667A7265C80687ADE0110034C107C205BD97DFD6C8F0244E9B14FBEC41A8641C,uts46data.py=logs/trace/SNS_Snapshots/SNS_24_SNAPSHOT_20250518_193739/modules/uts46data.py
1314,v2.py,85C43FBB1BFEF718335A641FA0EB3D97012832B322A5A7B9565FBDC02D18436F,v2.py=logs/trace/SNS_Snapshots/SNS_24_SNAPSHOT_20250518_193739/modules/v2.py
1316,v3_plugin_api.py,A8E595466F7C309EB4A982555EB7440B2D69DB85F036041644D89FD1DA2998BB,v3_plugin_api.py=logs/trace/SNS_Snapshots/SNS_24_SNAPSHOT_20250518_193739/modules/v3_plugin_api.py
1317,variables.py,70D9E7068554194D25CEE49A0BEE05205118DA5AAB5C014A58D9A0103166CCEB,variables.py=logs/trace/SNS_Snapshots/SNS_24_SNAPSHOT_20250518_193739/modules/variables.py
1318,var_.py,8ED2733B509D7C644879859A6C37D6A44B5A927FAE6029D8497005987902746C,var_.py=logs/trace/SNS_Snapshots/SNS_24_SNAPSHOT_20250518_193739/modules/var_.py
1321,VideoClip.py,B13014414ABD497ECD16A8EB0108C0DC36F62860C8287F681B072BB3C4ECECBD,VideoClip.py=logs/trace/SNS_Snapshots/SNS_24_SNAPSHOT_20250518_193739/modules/VideoClip.py
1322,VideoFileClip.py,D4508BF64C5439C35E63C3020793896531178E3383B5FC0210F32E81803E99EF,VideoFileClip.py=logs/trace/SNS_Snapshots/SNS_24_SNAPSHOT_20250518_193739/modules/VideoFileClip.py
1323,virtualenv.py,0EE6EC2D20BC55ADA83F22625FB77EEB2CEB7BB3275808B20EF07EB2C1C0E480,virtualenv.py=logs/trace/SNS_Snapshots/SNS_24_SNAPSHOT_20250518_193739/modules/virtualenv.py
1324,virtual_authenticator.py,587D8C866F105C9CC4E6EA257F1A1767ED93395E61E4E1B37959CCEA53EC5CD7,virtual_authenticator.py=logs/trace/SNS_Snapshots/SNS_24_SNAPSHOT_20250518_193739/modules/virtual_authenticator.py
1325,wait.py,D6DD1BB18F239DE070375201B9CE4C3CE512EF1B0371AEE649DBB7D970351250,wait.py=logs/trace/SNS_Snapshots/SNS_24_SNAPSHOT_20250518_193739/modules/wait.py
1326,waitid.py,B6B074B54D5B59879E07F3ACB604AAB35095819AE9C505370346CFB402C2A1C5,waitid.py=logs/trace/SNS_Snapshots/SNS_24_SNAPSHOT_20250518_193739/modules/waitid.py
1327,WalImageFile.py,9A4181A23EC8D6A1C195E49C554D219F2618B5259D7B45E6DB426D6B71309F54,WalImageFile.py=logs/trace/SNS_Snapshots/SNS_24_SNAPSHOT_20250518_193739/modules/WalImageFile.py
1328,warnings_and_errors.py,F0EFC5E5F53C96AAF7A5A0810F0D1269B4A15A4CA2C668B8829C663822054852,warnings_and_errors.py=logs/trace/SNS_Snapshots/SNS_24_SNAPSHOT_20250518_193739/modules/warnings_and_errors.py
1329,warning_types.py,C6A2B13C588970E33E5E3A818D35A970394A3D0C59BBB9F733D09F864421EDED,warning_types.py=logs/trace/SNS_Snapshots/SNS_24_SNAPSHOT_20250518_193739/modules/warning_types.py
1330,wcwidth.py,557A671F3E2D16CF6C0521113513BCDCBB8A3374F9DE176951EBAB84061D9A87,wcwidth.py=logs/trace/SNS_Snapshots/SNS_24_SNAPSHOT_20250518_193739/modules/wcwidth.py
1331,weakref_finalize.py,078B44E34E94F1FAED6E747075BCA64BB32B25E7D9CBC107133EF5D2D15872FB,weakref_finalize.py=logs/trace/SNS_Snapshots/SNS_24_SNAPSHOT_20250518_193739/modules/weakref_finalize.py
1333,webelement.py,C52D294A6FDF019668C5D212C9842830DA3FC467772C674A691F57A81792475E,webelement.py=logs/trace/SNS_Snapshots/SNS_24_SNAPSHOT_20250518_193739/modules/webelement.py
1334,WebPImagePlugin.py,CAAD8FB5A9446F33E5B1CF3EB669B9BAEE20D3091900AE240B2333B3DCFD0600,WebPImagePlugin.py=logs/trace/SNS_Snapshots/SNS_24_SNAPSHOT_20250518_193739/modules/WebPImagePlugin.py
1335,websocket_connection.py,28C44372890525327107BE0260BFAC13C04BF3822572D2B2AFCFEEA8D37A0D58,websocket_connection.py=logs/trace/SNS_Snapshots/SNS_24_SNAPSHOT_20250518_193739/modules/websocket_connection.py
1337,web_authn.py,2F1CCB833FA09CE75FAB843FA6AD69E737E10ED6D228EF499CEDC3181F579D52,web_authn.py=logs/trace/SNS_Snapshots/SNS_24_SNAPSHOT_20250518_193739/modules/web_authn.py
1340,wheel_actions.py,DAE0E89A264BC958ABC0A1B8A93754F474F5462CA37EF5548B536013BAD11C0E,wheel_actions.py=logs/trace/SNS_Snapshots/SNS_24_SNAPSHOT_20250518_193739/modules/wheel_actions.py
1341,wheel_builder.py,ABBC8A045D716F2C24622E850F7C8CAA50B659DEF81F8593A53A455B90D04812,wheel_builder.py=logs/trace/SNS_Snapshots/SNS_24_SNAPSHOT_20250518_193739/modules/wheel_builder.py
1342,wheel_editable.py,89C20D137CD2960B844805F3C2DFC4A2C69F3B719149B698E774D58B134BF67F,wheel_editable.py=logs/trace/SNS_Snapshots/SNS_24_SNAPSHOT_20250518_193739/modules/wheel_editable.py
1343,wheel_input.py,30E2FE229297E6A080AEEC901C4AD6CA0F743AC061AFAE6C6234F48271C9F77B,wheel_input.py=logs/trace/SNS_Snapshots/SNS_24_SNAPSHOT_20250518_193739/modules/wheel_input.py
1344,wheel_legacy.py,42D168E4C67D0888C3603A481B0852027FC1FC06D638B16AD1B46B0FB52178AB,wheel_legacy.py=logs/trace/SNS_Snapshots/SNS_24_SNAPSHOT_20250518_193739/modules/wheel_legacy.py
1345,win32.py,6D4C840F44E06A3F5B9DEC60737FEFAD4BC5193EAF9ABD431CCE69ABDFA31FAE,win32.py=logs/trace/SNS_Snapshots/SNS_24_SNAPSHOT_20250518_193739/modules/win32.py
1346,window.py,DB6B87FB463FF1D3B6D18380AAA18D44E6CF80EF431BF33A98080CEA349F14F8,window.py=logs/trace/SNS_Snapshots/SNS_24_SNAPSHOT_20250518_193739/modules/window.py
1347,windows.py,C2ED9E58E9A3CC7221C71F96180A699A5649B0ABBE39053151D76497F3615363,windows.py=logs/trace/SNS_Snapshots/SNS_24_SNAPSHOT_20250518_193739/modules/windows.py
1348,winreg.py,EC742EFA540260575AC324DB37B0933CF361446C180E8F52B7FA8F1B28E384EB,winreg.py=logs/trace/SNS_Snapshots/SNS_24_SNAPSHOT_20250518_193739/modules/winreg.py
1349,winterm.py,1176A5BED80B401FE8581BA5ABC085BE765F55AA01248FFAA9AC076BD1762966,winterm.py=logs/trace/SNS_Snapshots/SNS_24_SNAPSHOT_20250518_193739/modules/winterm.py
1350,WmfImagePlugin.py,2765997C1112D9E44BCE9D8B19A3A48497CFD4E82222E1F1262EF599D0F6C058,WmfImagePlugin.py=logs/trace/SNS_Snapshots/SNS_24_SNAPSHOT_20250518_193739/modules/WmfImagePlugin.py
1352,x509.py,67DFAF51F67BCF85FAFCD9F23546B6E41DFFF748D2287C667C2227F909D2268C,x509.py=logs/trace/SNS_Snapshots/SNS_24_SNAPSHOT_20250518_193739/modules/x509.py
1353,XbmImagePlugin.py,647AE0A40C340E27B4BB0D51B58B56D74D0320AFFB71B2E2764C5489961D30B3,XbmImagePlugin.py=logs/trace/SNS_Snapshots/SNS_24_SNAPSHOT_20250518_193739/modules/XbmImagePlugin.py
1354,xmlrpc.py,3945A98CCB2556BDF7845C3FDF7D4921454A5C872C9B9AB342A5319F09CDB2E2,xmlrpc.py=logs/trace/SNS_Snapshots/SNS_24_SNAPSHOT_20250518_193739/modules/xmlrpc.py
1355,XpmImagePlugin.py,93F4BEE8BE7AB419037ED18F4695FD885E58E8A22B2FC4A999D10BEF5FA39AA2,XpmImagePlugin.py=logs/trace/SNS_Snapshots/SNS_24_SNAPSHOT_20250518_193739/modules/XpmImagePlugin.py
1356,XVThumbImagePlugin.py,01539947E63E58C922E6B2028366CA59335FC5C939793C037710CBE0FA69CA7E,XVThumbImagePlugin.py=logs/trace/SNS_Snapshots/SNS_24_SNAPSHOT_20250518_193739/modules/XVThumbImagePlugin.py
1357,x_user_defined.py,BA1D4B27DBB1B8BD1DCEBE9BFDA7B8BBF9B342693DF9220B8B96889E925BCD6C,x_user_defined.py=logs/trace/SNS_Snapshots/SNS_24_SNAPSHOT_20250518_193739/modules/x_user_defined.py
1359,_abnf.py,0DB843DB64493E9DD7EE649E169892C4A40B68226DA0C25FED17F24372C6EFA8,_abnf.py=logs/trace/SNS_Snapshots/SNS_24_SNAPSHOT_20250518_193739/modules/_abnf.py
1360,_add_docstring.py,373050236F07C71C0D59BDB20C12AB44A7ED6EA03EB1CD7E0DE4DE7973FCBB44,_add_docstring.py=logs/trace/SNS_Snapshots/SNS_24_SNAPSHOT_20250518_193739/modules/_add_docstring.py
1361,_add_newdocs.py,85CE9A8B882F6B607EF8722BF506FE17415A969DE29446CC113646DE4448AE02,_add_newdocs.py=logs/trace/SNS_Snapshots/SNS_24_SNAPSHOT_20250518_193739/modules/_add_newdocs.py
1364,_app.py,139E0D48727FB8DA078AEDE2424D1F3C275D34049927A211F30FC1E576A1808A,_app.py=logs/trace/SNS_Snapshots/SNS_24_SNAPSHOT_20250518_193739/modules/_app.py
1365,_appengine_environ.py,8ED26451A335E8E093D335E9D2A381001695F5D864F34BEDC74AD8D000A9643D,_appengine_environ.py=logs/trace/SNS_Snapshots/SNS_24_SNAPSHOT_20250518_193739/modules/_appengine_environ.py
1366,_argcomplete.py,11EE4D4D016421D86F5E09FE2A34B2C9B3306598F3340DDDEA4F2D0CFF9F9125,_argcomplete.py=logs/trace/SNS_Snapshots/SNS_24_SNAPSHOT_20250518_193739/modules/_argcomplete.py
1367,_arraypad_impl.py,1524A2F4FE43C18CEC6724BA3994C62649EC69485CC48E20A9B0EFE252C8B62A,_arraypad_impl.py=logs/trace/SNS_Snapshots/SNS_24_SNAPSHOT_20250518_193739/modules/_arraypad_impl.py
1368,_arraysetops_impl.py,19F9DC5185962D26ACD7886E0E80B952944D805B25F5F58DC6408C1B517EF6A8,_arraysetops_impl.py=logs/trace/SNS_Snapshots/SNS_24_SNAPSHOT_20250518_193739/modules/_arraysetops_impl.py
1369,_arrayterator_impl.py,6E8093EECD8F25D6A497AA53B8CC493C3C9E812616ABC2FDBCB5A51A2D27CCE4,_arrayterator_impl.py=logs/trace/SNS_Snapshots/SNS_24_SNAPSHOT_20250518_193739/modules/_arrayterator_impl.py
1370,_array_api_info.py,B88CDA5D0201E5E7E4339B74A71976D2E87827AB36BB1AB5C7BAB29ADF3D41C8,_array_api_info.py=logs/trace/SNS_Snapshots/SNS_24_SNAPSHOT_20250518_193739/modules/_array_api_info.py
1371,_array_like.py,5F483630C980F0173695FF815AE609817E30B8B614714AB0A089364F22344547,_array_like.py=logs/trace/SNS_Snapshots/SNS_24_SNAPSHOT_20250518_193739/modules/_array_like.py
1372,_array_utils_impl_6de7eda5.py,35E2C421B6609C2F2267E6A870CFAD04D7A7B6382D6251228534507DCCD0A925,_array_utils_impl_6de7eda5.py=logs/trace/SNS_Snapshots/SNS_24_SNAPSHOT_20250518_193739/modules/_array_utils_impl_6de7eda5.py
1373,_arrow_string_mixins.py,03F9A1460ECB2E4C5C6F3F1049AE8E91E84FA75F626016557D3CD45BDAA586FD,_arrow_string_mixins.py=logs/trace/SNS_Snapshots/SNS_24_SNAPSHOT_20250518_193739/modules/_arrow_string_mixins.py
1374,_arrow_utils_b4425065.py,32AB360E8E1BEDBCA830763CBC731EBCAF2F7C91B338D4AF8FBAD07280AA0A25,_arrow_utils_b4425065.py=logs/trace/SNS_Snapshots/SNS_24_SNAPSHOT_20250518_193739/modules/_arrow_utils_b4425065.py
1375,_asarray_7dbc59f0.py,AE85F56C0C59897444585354E9477ED4B290E882C5C72372C933652259C940E7,_asarray_7dbc59f0.py=logs/trace/SNS_Snapshots/SNS_24_SNAPSHOT_20250518_193739/modules/_asarray_7dbc59f0.py
1376,_asyncgens.py,182397EA0FE0A1F002B6E5AB088A52A5CC17D4EBF208C7387A73FC01818B8FC5,_asyncgens.py=logs/trace/SNS_Snapshots/SNS_24_SNAPSHOT_20250518_193739/modules/_asyncgens.py
1377,_backend.py,941EE29D4ED5245BECAFC2D1DA822E8BC29F0EBB08E90EAB1B46181BEE6A0336,_backend.py=logs/trace/SNS_Snapshots/SNS_24_SNAPSHOT_20250518_193739/modules/_backend.py
1378,_base_connection.py,C843FD89EE25D2059C596D1F737D920BC8EE8F0A9391875D1E8CD4C530C13675,_base_connection.py=logs/trace/SNS_Snapshots/SNS_24_SNAPSHOT_20250518_193739/modules/_base_connection.py
1380,_bsdf.py,2160433489F1E736646F094FE6441FF0521EBBC8F7743E4C883A03FB864F0053,_bsdf.py=logs/trace/SNS_Snapshots/SNS_24_SNAPSHOT_20250518_193739/modules/_bsdf.py
1381,_calamine_cac1dba7.py,918AD7412F11B5E3288E8F31342AEE9FB9F1877664BE5A36C7F70B939C36267D,_calamine_cac1dba7.py=logs/trace/SNS_Snapshots/SNS_24_SNAPSHOT_20250518_193739/modules/_calamine_cac1dba7.py
1382,_callers.py,027FF8DA1CCD5C0F6A6291EB4328B13463F92C66F5A9870AB4A51EE61C15604C,_callers.py=logs/trace/SNS_Snapshots/SNS_24_SNAPSHOT_20250518_193739/modules/_callers.py
1383,_cell_widths.py,BF513AFD4314C7B0E56A35BAABE69A58528D99E724BF17FE8BCC2C33B191AD2E,_cell_widths.py=logs/trace/SNS_Snapshots/SNS_24_SNAPSHOT_20250518_193739/modules/_cell_widths.py
1384,_channel.py,989A0C382C867B734F743125CCEC754C311454CCF61921104F08E53E05D6037D,_channel.py=logs/trace/SNS_Snapshots/SNS_24_SNAPSHOT_20250518_193739/modules/_channel.py
1385,_char_codes.py,6D1FC2117E9AA88F92F148C7380554AA9D6368DDD23BC54CD71A4C91E699D474,_char_codes.py=logs/trace/SNS_Snapshots/SNS_24_SNAPSHOT_20250518_193739/modules/_char_codes.py
1386,_checkpoints.py,1BE04159FFD2F2671A407DB2F10EB94B856A967C429CD4E8242E8411206A27E1,_checkpoints.py=logs/trace/SNS_Snapshots/SNS_24_SNAPSHOT_20250518_193739/modules/_checkpoints.py
1387,_cmd.py,2FECBFDB731E7CACFA7A8665C1AF76BE1C2AC2C8E98A7CA118A338EDADD60586,_cmd.py=logs/trace/SNS_Snapshots/SNS_24_SNAPSHOT_20250518_193739/modules/_cmd.py
1388,_collections.py,4FE5A34763B22BAE9BCE956DC1023BC7A82B14E64B58612921AC84FE8D572DD6,__local_collections.py=logs/trace/SNS_Snapshots/SNS_24_SNAPSHOT_20250518_193739/modules/__local_collections.py
1389,_color_data.py,79CED0BF3D18CAC45A30949FD9709DA2D0896F58CE5C5692A83B311D1ECF2218,_color_data.py=logs/trace/SNS_Snapshots/SNS_24_SNAPSHOT_20250518_193739/modules/_color_data.py
1390,_concat_tb.py,2D76371732DA3C1BDAF389952C37E7A34040F362F3C30617D736BF816ED5A6B0,_concat_tb.py=logs/trace/SNS_Snapshots/SNS_24_SNAPSHOT_20250518_193739/modules/_concat_tb.py
1391,_configtool.py,1870FC3EFD1DA949BF71DA7103BE7DC76248986D1B811BBA3505AB644DC8B42F,_configtool.py=logs/trace/SNS_Snapshots/SNS_24_SNAPSHOT_20250518_193739/modules/_configtool.py
1394,_convertions.py,E9DCA02E543703CF83A02BBA96DB4BB940FD3B2DF63A4B631BBBD0CAFCD1BDE6,_convertions.py=logs/trace/SNS_Snapshots/SNS_24_SNAPSHOT_20250518_193739/modules/_convertions.py
1395,_cookiejar.py,8F65CA457625FEC2CF10DACBEB2835244E97F9149899E40DA6A16BC97FA10025,_cookiejar.py=logs/trace/SNS_Snapshots/SNS_24_SNAPSHOT_20250518_193739/modules/_cookiejar.py
1398,_cpu_features_737db4dc.py,CAE9689E8611DB9672D9CFCBAFD3609E832B12D86803D41142485A3CB4FEDBA1,_cpu_features_737db4dc.py=logs/trace/SNS_Snapshots/SNS_24_SNAPSHOT_20250518_193739/modules/_cpu_features_737db4dc.py
1399,_curve.py,DFFA74F2DDF62502D8315148B3C85473EF40C344629A7168C645F653CBCC5933,_curve.py=logs/trace/SNS_Snapshots/SNS_24_SNAPSHOT_20250518_193739/modules/_curve.py
1401,_decorators.py,A54DAC16DBDB0B84020A59FA8231580BF0F17207CD1DEAE30D9EC46B9C0570DA,_test_decorators.py=logs/trace/SNS_Snapshots/SNS_24_SNAPSHOT_20250518_193739/DELETE_TEMP_20250503/modules/_test_decorators.py
1402,_definitions.py,334BC9FE2B6CEFE8DE17F7206E5CD6DA7C652F7717E79200E144DF689FE6E937,_definitions.py=logs/trace/SNS_Snapshots/SNS_24_SNAPSHOT_20250518_193739/modules/_definitions.py
1403,_deprecate.py,9F25B35653AA752988D5CDBA332B17AD53144B4B136A5E8A29229E94F19EF2FB,_deprecate.py=logs/trace/SNS_Snapshots/SNS_24_SNAPSHOT_20250518_193739/modules/_deprecate.py
1405,_dicom.py,AE5B8953996766C9EFF35DC9351C2FAF0202CF725EE789B00FB134F964865C41,_dicom.py=logs/trace/SNS_Snapshots/SNS_24_SNAPSHOT_20250518_193739/modules/_dicom.py
1406,_digest_auth_compat.py,FD3485DD95671EF1B9A03DC700EC27809BCD85737CA40B75228827748C866D3E,_digest_auth_compat.py=logs/trace/SNS_Snapshots/SNS_24_SNAPSHOT_20250518_193739/modules/_digest_auth_compat.py
1407,_distributor_init.py,926D06FBC1594162757ECBF5384729AB46B403148C4215F515368B635D6FAC44,_distributor_init.py=logs/trace/SNS_Snapshots/SNS_24_SNAPSHOT_20250518_193739/modules/_distributor_init.py
1408,_dists.py,95D551F23EF3DC1B09FAA2F475A85553B5E24E836911A727426A48E12477D8F4,_dists.py=logs/trace/SNS_Snapshots/SNS_24_SNAPSHOT_20250518_193739/modules/_dists.py
1409,_distutils.py,8C62BCBFCB37F72F7234AEEE364560303186AF1BB7A1C826B30566F0FA9E8D15,_distutils.py=modules/common/_distutils.py
1410,_distutils_f7c000df.py,D6CEA4610A795ED86D534CCE6BFBB328A80AAFB791D2DDA5AE86E968C62C52D0,_distutils_f7c000df.py=logs/trace/SNS_Snapshots/SNS_24_SNAPSHOT_20250518_193739/modules/_distutils_f7c000df.py
1411,_dist_ver.py,9FCB402CFA92575285A1B89383F5065E25FD6C4D098873A56B3251041BC7B72F,_dist_ver.py=logs/trace/SNS_Snapshots/SNS_24_SNAPSHOT_20250518_193739/modules/_dist_ver.py
1412,_doctools.py,83A018AD774B13C6AECA4CA79DA2012181BE0AD4BD881EEB3D016843FBE59363,_doctools.py=logs/trace/SNS_Snapshots/SNS_24_SNAPSHOT_20250518_193739/modules/_doctools.py
1413,_dtype.py,6420C511CFF48EC7FE6470401E19F09A532E19B54C877C0C493DE68139C1734B,_dtype.py=logs/trace/SNS_Snapshots/SNS_24_SNAPSHOT_20250518_193739/modules/_dtype.py
1414,_dtype_ctypes.py,B69AA6794C0CD86FD13F3EA3C7923861978BE817A8A434179AE761E2ACA9984E,_dtype_ctypes.py=logs/trace/SNS_Snapshots/SNS_24_SNAPSHOT_20250518_193739/modules/_dtype_ctypes.py
1415,_dtype_like.py,C654C1F1F13945A389FA68D51D0F3CEDFCE78434EA762A28E3BBCED77A9328B6,_dtype_like.py=logs/trace/SNS_Snapshots/SNS_24_SNAPSHOT_20250518_193739/modules/_dtype_like.py
1416,_dummy_thread.py,06927D7A8F70FB5D8DE70D34B8DC071FA47EDCB91CFD51052D32C28B3062A895,_dummy_thread.py=logs/trace/SNS_Snapshots/SNS_24_SNAPSHOT_20250518_193739/modules/_dummy_thread.py
1417,_edwards.py,69CC62A9B675885B06A4BF7C82102B50EAD9329A361B5AF65083B5065CF4268C,_edwards.py=logs/trace/SNS_Snapshots/SNS_24_SNAPSHOT_20250518_193739/modules/_edwards.py
1419,_elffile.py,4123E32A3DD770DC1190BD32F49671C6A9D6DED579380FD1B82D3C593C61DE50,_elffile.py=logs/trace/SNS_Snapshots/SNS_24_SNAPSHOT_20250518_193739/modules/_elffile.py
1420,_emoji_codes.py,DF53B54C7B51BCA83B590316F5E3BBFD8154D5A4BDAF92A1C29DC4408BAF64D1,_emoji_codes.py=logs/trace/SNS_Snapshots/SNS_24_SNAPSHOT_20250518_193739/modules/_emoji_codes.py
1421,_emoji_replace.py,96D8FE748DF68F209015533D5DA60417660D43F34518E1CFEEEAE8B6878EB3CD,_emoji_replace.py=logs/trace/SNS_Snapshots/SNS_24_SNAPSHOT_20250518_193739/modules/_emoji_replace.py
1422,_encoded_words.py,AF9F928D4F9A14279B114735395FB2D2C300ECC86AEA7D0919DEAF0E6295DD2B,_encoded_words.py=logs/trace/SNS_Snapshots/SNS_24_SNAPSHOT_20250518_193739/modules/_encoded_words.py
1424,_envs.py,3A08F7E3B9ADED2AA193EF2A7D0D2CA6ABCA303E8250DF7BCC8CAA95DBE1C45C,_envs.py=logs/trace/SNS_Snapshots/SNS_24_SNAPSHOT_20250518_193739/modules/_envs.py
1425,_events.py,F088A904ED293AD390386C1F9EA078D9EF67960424DDFEC4CB72A65DCF13444D,_events.py=logs/trace/SNS_Snapshots/SNS_24_SNAPSHOT_20250518_193739/modules/_events.py
1427,_expired_attrs_2_0.py,CFD887592150B7B275F58077FF24B30A71F6C461801708CB2869C92ACDE35DF6,_expired_attrs_2_0.py=logs/trace/SNS_Snapshots/SNS_24_SNAPSHOT_20250518_193739/modules/_expired_attrs_2_0.py
1428,_extended_precision.py,10F960E18047A23925013B61C9FE123F68A1C89AF0F0ED13CA104BF6915C315F,_extended_precision.py=logs/trace/SNS_Snapshots/SNS_24_SNAPSHOT_20250518_193739/modules/_extended_precision.py
1430,_fake_net.py,532341E4CF57A8255C24BFF89711E2DCF5220D8967453957D65E8E3F6B38FC17,_fake_net.py=logs/trace/SNS_Snapshots/SNS_24_SNAPSHOT_20250518_193739/modules/_fake_net.py
1431,_fileno.py,0302DC9A6AEA1CE348BFF8333DC0615083851C9969274BEDF1AB71B9AADE8B42,_fileno.py=logs/trace/SNS_Snapshots/SNS_24_SNAPSHOT_20250518_193739/modules/_fileno.py
1432,_file_io.py,CF32E6C1048B9D233011D9D73D469674A1B042E01F7436676E3A8825911052B6,_file_io.py=logs/trace/SNS_Snapshots/SNS_24_SNAPSHOT_20250518_193739/modules/_file_io.py
1433,_file_system.py,BB2394C65BA6BC7BB450428BD75A07D6CD6824673582965265B3CF7AD9F251DA,_file_system.py=logs/trace/SNS_Snapshots/SNS_24_SNAPSHOT_20250518_193739/modules/_file_system.py
1434,_freeimage.py,B2FC198B42608884D2BA46E59C005CDE48C3682AE158498D43FA6356488162A2,_freeimage.py=logs/trace/SNS_Snapshots/SNS_24_SNAPSHOT_20250518_193739/modules/_freeimage.py
1435,_function_base_impl.py,8734BEE788533125D00895978D276A2E3F527101F5F3D8E1FE4BB2F850BD3729,_function_base_impl.py=logs/trace/SNS_Snapshots/SNS_24_SNAPSHOT_20250518_193739/modules/_function_base_impl.py
1436,_generated_instrumentation.py,28F379BD838ACAA7CBA90AAFDD44B7DFB47413D6CEACD1DCC996B980FAF93A38,_generated_instrumentation.py=logs/trace/SNS_Snapshots/SNS_24_SNAPSHOT_20250518_193739/modules/_generated_instrumentation.py
1437,_generated_io_epoll_aedbd8e1.py,08C4CB6B864D5E6657E6C241AF2D69F44A71C3C68A79AC5BABF17D93AAE183C5,_generated_io_epoll_aedbd8e1.py=logs/trace/SNS_Snapshots/SNS_24_SNAPSHOT_20250518_193739/modules/_generated_io_epoll_aedbd8e1.py
1438,_generated_io_kqueue.py,28A2C9AD31301821BCA8B76978487A9EA297611B8EEEBCE8B5C68486FCF01DC2,_generated_io_kqueue.py=logs/trace/SNS_Snapshots/SNS_24_SNAPSHOT_20250518_193739/modules/_generated_io_kqueue.py
1439,_generated_io_windows.py,1A3BEF0100BE0A102BE2E33A5D6BF739FB9600FAAFA0AC320FE3D8BE2852CF9B,_generated_io_windows.py=logs/trace/SNS_Snapshots/SNS_24_SNAPSHOT_20250518_193739/modules/_generated_io_windows.py
1440,_generated_run.py,5AB759B58473989FBB94F64423365BC761C68A396A1AFA9C81F2952A82FE7B76,_generated_run.py=logs/trace/SNS_Snapshots/SNS_24_SNAPSHOT_20250518_193739/modules/_generated_run.py
1441,_globals.py,1E151D8CB81C599829CF5ABF0A071765C4CD14E32FF48823FB5376FDA29611A9,_globals.py=logs/trace/SNS_Snapshots/SNS_24_SNAPSHOT_20250518_193739/modules/_globals.py
1443,_headers.py,CACEA2900CD7FD13D1759140CB9E6B67871E9938FA6B671DB4C4747951FEEECA,_headers.py=logs/trace/SNS_Snapshots/SNS_24_SNAPSHOT_20250518_193739/modules/_headers.py
1444,_header_value_parser.py,0F63529ACFE4A3A7765F84FF39E658AE8BBE15A53F3E5DF60EAEAF93ABD2217C,_header_value_parser.py=logs/trace/SNS_Snapshots/SNS_24_SNAPSHOT_20250518_193739/modules/_header_value_parser.py
1445,_helper.py,7E998281544C3D3FA76F433A1E3900C5A9783050121B7B3B861793BCB70394D6,time_helper.py=modules/common/time_helper.py
1447,_highlevel_open_tcp_listeners.py,5E6E8471D66669533C91CCF6773FDB016CB646794F227DF7754310C63E43B201,_highlevel_open_tcp_listeners.py=logs/trace/SNS_Snapshots/SNS_24_SNAPSHOT_20250518_193739/modules/_highlevel_open_tcp_listeners.py
1448,_highlevel_open_tcp_stream.py,AFB2D1937DD0C3AC32F4C10866D7016CA8FE3E045C184165A68F9634BB66F2F0,_highlevel_open_tcp_stream.py=logs/trace/SNS_Snapshots/SNS_24_SNAPSHOT_20250518_193739/modules/_highlevel_open_tcp_stream.py
1449,_highlevel_open_unix_stream.py,DC4AEFB23E3A2B870CFFFD071B635168523B2CE47DC5180EFD68B3EB8B4561B0,_highlevel_open_unix_stream.py=logs/trace/SNS_Snapshots/SNS_24_SNAPSHOT_20250518_193739/modules/_highlevel_open_unix_stream.py
1450,_highlevel_serve_listeners.py,F0EBE8C0479E518AA10EA3F384F3EAE3CF532D0FC4209F1DBB97124032B58118,_highlevel_serve_listeners.py=logs/trace/SNS_Snapshots/SNS_24_SNAPSHOT_20250518_193739/modules/_highlevel_serve_listeners.py
1451,_highlevel_socket.py,DC49E9F9CEB04447C6AD3FCDF8BE53344701FC621A0B725070B0246453F6AA91,_highlevel_socket.py=logs/trace/SNS_Snapshots/SNS_24_SNAPSHOT_20250518_193739/modules/_highlevel_socket.py
1452,_highlevel_ssl_helpers.py,EA838274ECBBCFA98C15FBA893A9AEBCF911B22FEAF8EF44A71FDE3406B6DD0B,_highlevel_ssl_helpers.py=logs/trace/SNS_Snapshots/SNS_24_SNAPSHOT_20250518_193739/modules/_highlevel_ssl_helpers.py
1453,_histograms_impl.py,414BCFD8406E5A435089C393F9317475283F6E4F10D41C523FF6AFFE1DC10AD0,_histograms_impl.py=logs/trace/SNS_Snapshots/SNS_24_SNAPSHOT_20250518_193739/modules/_histograms_impl.py
1455,_html5lib.py,40F45FFC1E6F67FAFB90CA0E1D04F51A8CD8A873EDD90385869EABC0C57AC3DF,_html5lib.py=logs/trace/SNS_Snapshots/SNS_24_SNAPSHOT_20250518_193739/modules/_html5lib.py
1456,_htmlparser.py,C4D4C6FC058CECD6D6CAB47202BB2C1EF16C77FCA00FD788210A63E2E93306A3,_htmlparser.py=logs/trace/SNS_Snapshots/SNS_24_SNAPSHOT_20250518_193739/modules/_htmlparser.py
1457,_http.py,F55BE903F316663F4BE4591BC2404A644CE1BFD46B6B34A5932DB9A05FDADF69,_http.py=logs/trace/SNS_Snapshots/SNS_24_SNAPSHOT_20250518_193739/modules/_http.py
1458,_hypothesis.py,DCB16320FF44B0279AC8576C3670F168842CB2D4E255083ADFEE797D41E7574C,_hypothesis.py=logs/trace/SNS_Snapshots/SNS_24_SNAPSHOT_20250518_193739/modules/_hypothesis.py
1459,_impl.py,26993E544600CA2731D836E1E6AA58CD654B876E36211BCF9DE822A2748E5728,_index_tricks_impl.py=logs/trace/SNS_Snapshots/SNS_24_SNAPSHOT_20250518_193739/modules/_index_tricks_impl.py
1462,_instrumentation.py,7543A12EBD5D983E2F8A93FFD7C8DC2614D07B92216599D8CB0C548844C46A78,_instrumentation.py=logs/trace/SNS_Snapshots/SNS_24_SNAPSHOT_20250518_193739/modules/_instrumentation.py
1463,_IntegerCustom.py,C1785C2EAD474AAB2894F9FA279E29D0F2CAE75A0CFC8857D2E6C6ABE5EEC3FF,_IntegerCustom.py=logs/trace/SNS_Snapshots/SNS_24_SNAPSHOT_20250518_193739/modules/_IntegerCustom.py
1464,_IntegerGMP.py,9DAD4DAD362439F9C7B9A272FC01D939FFDDEC36C131C3FA112A9935B654CAE1,_IntegerGMP.py=logs/trace/SNS_Snapshots/SNS_24_SNAPSHOT_20250518_193739/modules/_IntegerGMP.py
1465,_IntegerNative.py,B96BC59A9F310B73BBFF38934FB32A8F811A2348CD21D7195073B12F1F38F3BD,_IntegerNative.py=logs/trace/SNS_Snapshots/SNS_24_SNAPSHOT_20250518_193739/modules/_IntegerNative.py
1466,_internal.py,F17408F54119ABD004BF255FDF479420D1264DC64F60A2D8233DC25C0B554FB2,_internal.py=logs/trace/SNS_Snapshots/SNS_24_SNAPSHOT_20250518_193739/modules/_internal.py
1467,_internal_utils_e9c7b59e.py,E7FBD279BF7DF238756849761FA685EDCCA50B5EEEABA8D6079BE6D8D710B4CF,_internal_utils_e9c7b59e.py=logs/trace/SNS_Snapshots/SNS_24_SNAPSHOT_20250518_193739/modules/_internal_utils_e9c7b59e.py
1468,_in_process.py,3F92D83EE0130887BF4ED6EF2D4CF99C5E8BA9A02F771C6A655E9EA605FE9045,_in_process.py=logs/trace/SNS_Snapshots/SNS_24_SNAPSHOT_20250518_193739/modules/_in_process.py
1469,_io.py,97591765491205BD755D452560004481B536EAF471857B0BACEC49857F93908A,_io.py=logs/trace/SNS_Snapshots/SNS_24_SNAPSHOT_20250518_193739/modules/_io.py
1470,_iotools.py,DF100121BAD5703E91685CC2737ED04D2B56170376ABB56B259A8640CD5A6295,_iotools.py=logs/trace/SNS_Snapshots/SNS_24_SNAPSHOT_20250518_193739/modules/_iotools.py
1471,_io_epoll.py,1B35D42B5CADD9606B4272BA469A2FE96C0AE1DA6A22BAB0EC06C229563C052C,_io_epoll.py=logs/trace/SNS_Snapshots/SNS_24_SNAPSHOT_20250518_193739/modules/_io_epoll.py
1474,_isocbind.py,6D279C3699D6F3B5944E4062124605222D61B52A2AC6464844CC7158273EEDC4,_isocbind.py=logs/trace/SNS_Snapshots/SNS_24_SNAPSHOT_20250518_193739/modules/_isocbind.py
1475,_jaraco_text.py,896EFF12EB57E42394951FB6BB6A01C238C123ABE4DC42D5F915A7B6C768CF20,_jaraco_text.py=logs/trace/SNS_Snapshots/SNS_24_SNAPSHOT_20250518_193739/modules/_jaraco_text.py
1477,_ki.py,BE08B877ED92336EF6145C3A1F806827E6CDECCDE1B0304DD27DAC058D4C4099,_ki.py=logs/trace/SNS_Snapshots/SNS_24_SNAPSHOT_20250518_193739/modules/_ki.py
1479,_local.py,2A6F4A939DC4B3278934DEC9057B3387EEA4A7DF5F7F1962A542202FCE6C177F,cfg_local.py=backup/SNS_24AutoProject_FINAL_20250516_1002/modules/cfg_local.py
1480,_locales.py,A5E4F18000422B2D25F28CA5BCE781701B3936877BBC184EAC423A7A95F8B377,_locales.py=logs/trace/SNS_Snapshots/SNS_24_SNAPSHOT_20250518_193739/modules/_locales.py
1483,_log_render.py,15F2D111678A9A91CF69B308671CA0C7A69C85DEACB1E0826ED3C1AFFA6B17E7,_log_render.py=logs/trace/SNS_Snapshots/SNS_24_SNAPSHOT_20250518_193739/modules/_log_render.py
1484,_loop.py,FF1996B2DE205372E1EE5C1D4F1602C8FFC74C7F5478DD24C35585DE0F5B6688,_loop.py=logs/trace/SNS_Snapshots/SNS_24_SNAPSHOT_20250518_193739/modules/_loop.py
1485,_lxml.py,AF570AA91183937A54130A3A185BBDEED2769442567D49F10BD2B88E13954FF9,_lxml.py=logs/trace/SNS_Snapshots/SNS_24_SNAPSHOT_20250518_193739/modules/_lxml.py
1486,_machar.py,13710BD938676B6B9F06F9D5967E592ECD6FC9A7094885DF099A1DCA7C15B5F3,_machar.py=logs/trace/SNS_Snapshots/SNS_24_SNAPSHOT_20250518_193739/modules/_machar.py
1487,_macos.py,E3915F3C8426B1160E46C69E570B729FBE1A2674E06A3689B450599EC3505818,_macos.py=logs/trace/SNS_Snapshots/SNS_24_SNAPSHOT_20250518_193739/modules/_macos.py
1489,_manylinux.py,9530854C96ACE7921F3EAD7BB12466B50833ADBDFCA64E561C63D1E75778831E,_manylinux.py=logs/trace/SNS_Snapshots/SNS_24_SNAPSHOT_20250518_193739/modules/_manylinux.py
1491,_mapping_04f7dcdb.py,067F14FE04A3A5E1035261E186B04DD44ED2F6E164A4B02063BD03A35BDFB554,_mapping_04f7dcdb.py=modules/common/_mapping_04f7dcdb.py
1492,_markupbase.py,8F8C46712B391C50685064B1BF1AED213251477E32FEB610323F3E700615AD2B,_markupbase.py=logs/trace/SNS_Snapshots/SNS_24_SNAPSHOT_20250518_193739/modules/_markupbase.py
1493,_memory_streams.py,A24BA7DD90E274EFFE728E3959A3732EA0BDC469E1745F7B88E1E47190542909,_memory_streams.py=logs/trace/SNS_Snapshots/SNS_24_SNAPSHOT_20250518_193739/modules/_memory_streams.py
1494,_meson.py,ABEEFF5CA0AAD69B508F179DDF6F4FE82DCFDD7F984F6F2E5FA4974FF649705B,_meson.py=logs/trace/SNS_Snapshots/SNS_24_SNAPSHOT_20250518_193739/modules/_meson.py
1497,_mixins.py,F456882320FC970F7E8DECF948F868F35ED1F7C07DE379298D5464BC5DA0E4C0,_mixins.py=logs/trace/SNS_Snapshots/SNS_24_SNAPSHOT_20250518_193739/modules/_mixins.py
1498,_mock_clock.py,CEEE4690688D459625BFFF25E3381A25FB0DB89AAA9DF209825720EDC8BDE1B0,_mock_clock.py=logs/trace/SNS_Snapshots/SNS_24_SNAPSHOT_20250518_193739/modules/_mock_clock.py
1499,_mode_cbc.py,3740B94583A1A1DCE974A4674413F46F25E0F4F4B7D8EF9FF4257189FDF9856A,_mode_cbc.py=logs/trace/SNS_Snapshots/SNS_24_SNAPSHOT_20250518_193739/modules/_mode_cbc.py
1500,_mode_ccm.py,A83EF6D3F98CE7279E774348B51453AE4657F1D9AF5AFB8255738161A9B88F9E,_mode_ccm.py=logs/trace/SNS_Snapshots/SNS_24_SNAPSHOT_20250518_193739/modules/_mode_ccm.py
1501,_mode_cfb.py,F1DBD55EF18BA3A1D201CE44372405A37923A1009B51A5B60376E4D00649594A,_mode_cfb.py=logs/trace/SNS_Snapshots/SNS_24_SNAPSHOT_20250518_193739/modules/_mode_cfb.py
1502,_mode_cfb_61b4dddb.py,1009863951668B6D1CC687F1C9A22CB5404DD2D7FB7D172322CCDB809BE00476,_mode_cfb_61b4dddb.py=modules/common/_mode_cfb_61b4dddb.py
1503,_mode_ctr.py,D153D4B162C1240E493C8A8F7C61FC1CB72E039E5D07019B0D43B1603E0D96C8,_mode_ctr.py=logs/trace/SNS_Snapshots/SNS_24_SNAPSHOT_20250518_193739/modules/_mode_ctr.py
1504,_mode_eax.py,6D6ADD6898F1549675550A5DCFB31E04B39CE013F3BEB95836829DE63444BEDB,_mode_eax.py=logs/trace/SNS_Snapshots/SNS_24_SNAPSHOT_20250518_193739/modules/_mode_eax.py
1505,_mode_ecb.py,342DC469798B3495EB3049FA3D5384EED22E0FA2B7F2FC5972EC169F1E526DC7,_mode_ecb.py=logs/trace/SNS_Snapshots/SNS_24_SNAPSHOT_20250518_193739/modules/_mode_ecb.py
1506,_mode_gcm.py,D37400111785ABC926CFD2F7A7F5E6CB8D0228E147F52EAF1CAB585E67996ADB,_mode_gcm.py=logs/trace/SNS_Snapshots/SNS_24_SNAPSHOT_20250518_193739/modules/_mode_gcm.py
1507,_mode_ocb.py,C6D7DBCAE678D41FEFCFB5F65130C1B9A5D14266E20DE0AD4E9BE520286B744B,_mode_ocb.py=logs/trace/SNS_Snapshots/SNS_24_SNAPSHOT_20250518_193739/modules/_mode_ocb.py
1508,_mode_ofb.py,CBAA879A28099B60391714076AB14964CB634E236B519174FB50726DFE91171E,_mode_ofb.py=logs/trace/SNS_Snapshots/SNS_24_SNAPSHOT_20250518_193739/modules/_mode_ofb.py
1509,_mode_openpgp.py,0775CEBAD4106DA2FC640A2DCB5A5E67B327028930605D208AE7B68F086EEEB6,_mode_openpgp.py=logs/trace/SNS_Snapshots/SNS_24_SNAPSHOT_20250518_193739/modules/_mode_openpgp.py
1510,_mode_siv.py,41D0C26F24CE46BE6D5E2E09BF703300E75FC18A42765E8AE2A83A3616368A8C,_mode_siv.py=logs/trace/SNS_Snapshots/SNS_24_SNAPSHOT_20250518_193739/modules/_mode_siv.py
1511,_monitor.py,A0F46EF64E7981A0BEB1B4BE0A14F4C3C80658F93F19D9FD78507D3AB62A8D29,_monitor.py=modules/common/_monitor.py
1512,_montgomery.py,95EF4B53DCB63372E93BC220E979F73B218B5F29EC472780DC0BEAF8BB3F44ED,_montgomery.py=logs/trace/SNS_Snapshots/SNS_24_SNAPSHOT_20250518_193739/modules/_montgomery.py
1513,_multiarray_umath.py,947C289D85BAB019B21628EBD99FBB1B054DE2E3FBF00CEFE381630FAB75C12B,_multiarray_umath.py=logs/trace/SNS_Snapshots/SNS_24_SNAPSHOT_20250518_193739/modules/_multiarray_umath.py
1514,_musllinux.py,B2A24BCB0E545148B1E4804043189FAF9C29BCEF929E16DE7D1A2A08154DD876,_musllinux.py=logs/trace/SNS_Snapshots/SNS_24_SNAPSHOT_20250518_193739/modules/_musllinux.py
1515,_nanfunctions_impl.py,5060535B1419743381EA1213C6DA189A02D1108C5A1DE216B3D39178F5AB84B4,_nanfunctions_impl.py=logs/trace/SNS_Snapshots/SNS_24_SNAPSHOT_20250518_193739/modules/_nanfunctions_impl.py
1516,_natype.py,BCB69C484DC2F307B89886EBE7BED4028C12F8BE4E5D332CF09B289715728D6E,_natype.py=logs/trace/SNS_Snapshots/SNS_24_SNAPSHOT_20250518_193739/modules/_natype.py
1517,_nbit.py,5465CE605FA6C6EEF929C5D0321E169EA7D46422838337D8FDEE44BBE9F56268,_nbit.py=logs/trace/SNS_Snapshots/SNS_24_SNAPSHOT_20250518_193739/modules/_nbit.py
1518,_nbit_base.py,085AD58C4A651E85387DE00F26B9C3487E4D7291D58F9EA125D43AC0B9A00EB7,_nbit_base.py=logs/trace/SNS_Snapshots/SNS_24_SNAPSHOT_20250518_193739/modules/_nbit_base.py
1519,_nested_sequence_1db8f3ad.py,DAAF9A139B13E55732675E8902EF511E44C0744AE3164FEA9C97F6FB773D78F6,_nested_sequence_1db8f3ad.py=logs/trace/SNS_Snapshots/SNS_24_SNAPSHOT_20250518_193739/modules/_nested_sequence_1db8f3ad.py
1521,_nist_ecc.py,96B13D44A18396644B6A1CCE655A225031006EEE4BEDD2792B4C36753E13D20C,_nist_ecc.py=logs/trace/SNS_Snapshots/SNS_24_SNAPSHOT_20250518_193739/modules/_nist_ecc.py
1522,_normalize.py,DE038BF504E9873335C19EF902BCEEC3F2E29A0F02926FFBC321A30E8A35CB31,_normalize.py=logs/trace/SNS_Snapshots/SNS_24_SNAPSHOT_20250518_193739/modules/_normalize.py
1523,_npyio_impl.py,9E3B3B23AD97E150ED88EAA7893D68740250CD7F1A67ADDA3DEB52A72BFCBF22,_npyio_impl.py=logs/trace/SNS_Snapshots/SNS_24_SNAPSHOT_20250518_193739/modules/_npyio_impl.py
1524,_null_file.py,314689DD969DE74247743F545ECF55773BF27B361F0D8E7932DEE1FC8621724D,_null_file.py=logs/trace/SNS_Snapshots/SNS_24_SNAPSHOT_20250518_193739/modules/_null_file.py
1525,_odfreader.py,E3AB6B7E26F2B96F1215427AFD428580976D1DE621ABF7E004972BCA119C7111,_odfreader.py=logs/trace/SNS_Snapshots/SNS_24_SNAPSHOT_20250518_193739/modules/_odfreader.py
1526,_odswriter.py,748D43B36177798C6B1824CBCF0CEC32EEB7D48C5FC379ABC643E3C7E615B6C6,_odswriter.py=logs/trace/SNS_Snapshots/SNS_24_SNAPSHOT_20250518_193739/modules/_odswriter.py
1527,_openpyxl.py,2DAE26EEAA0659EC9A00DE8D6DC85546DC2FD024F53F12F64221DA88253E26B0,_openpyxl.py=logs/trace/SNS_Snapshots/SNS_24_SNAPSHOT_20250518_193739/modules/_openpyxl.py
1528,_openssh.py,B784913157140EE268071D9BFA2E0D4341E568022A1B0E7BCCFC211ADC99EFB4,_openssh.py=logs/trace/SNS_Snapshots/SNS_24_SNAPSHOT_20250518_193739/modules/_openssh.py
1529,_openssl.py,6162F20731E700FF20524B0562E786414713F6547E1AF40F78652802E146E938,_openssl.py=logs/trace/SNS_Snapshots/SNS_24_SNAPSHOT_20250518_193739/modules/_openssl.py
1530,_optional.py,E2237ACC4B8248889FF8FA0EEBA4703B78DD74687AC566E690A461AC625D0AEB,_optional.py=logs/trace/SNS_Snapshots/SNS_24_SNAPSHOT_20250518_193739/modules/_optional.py
1531,_palettes.py,607B8A8469D2748C326EED256067ACB91EEB0737350AB62B6D39BB5E8EA3B293,_palettes.py=logs/trace/SNS_Snapshots/SNS_24_SNAPSHOT_20250518_193739/modules/_palettes.py
1532,_parking_lot.py,0F457A02B2596EAD2A74A55575CB6D74244A9869407C33971C0130D8E96B6AE2,_parking_lot.py=logs/trace/SNS_Snapshots/SNS_24_SNAPSHOT_20250518_193739/modules/_parking_lot.py
1533,_parse.py,730818CA4897570A1515FDD5C3D1B005BCE57E562D56CFDBF7B5CD64D89303CD,_parse.py=logs/trace/SNS_Snapshots/SNS_24_SNAPSHOT_20250518_193739/modules/_parse.py
1534,_parseaddr.py,91EA2056BD5F7FF7925A50EF95220513BE2BE32A80B55761E6DC465EA950359D,_parseaddr.py=logs/trace/SNS_Snapshots/SNS_24_SNAPSHOT_20250518_193739/modules/_parseaddr.py
1536,_parsing.py,BD9CDBABDB7ADDFA7F5F54DBD46E13F32914F9E8EA055CD36C47406770C884A0,_parsing.py=logs/trace/SNS_Snapshots/SNS_24_SNAPSHOT_20250518_193739/modules/_parsing.py
1538,_pep440.py,63359D7DA49E3B0746BBD91AD46D284384972C382B571AD9AC7EA4375278FC18,_pep440.py=logs/trace/SNS_Snapshots/SNS_24_SNAPSHOT_20250518_193739/modules/_pep440.py
1539,_pick.py,7694A54E296B0B2863F86867490EC657759BCC7025B4B960A5D193B35E817BE1,_pick.py=logs/trace/SNS_Snapshots/SNS_24_SNAPSHOT_20250518_193739/modules/_pick.py
1540,_pickle.py,E9C66797BBE87CF1CF2F13A498E7D44A54370A0DE4FBD96A30A516B077055BC7,_pickle.py=logs/trace/SNS_Snapshots/SNS_24_SNAPSHOT_20250518_193739/modules/_pickle.py
1541,_pkcs1_oaep_decode.py,1CD69144F20D682CBAC06241EAC559B7944ED85035D26DE8A42E132E4704CCCD,_pkcs1_oaep_decode.py=logs/trace/SNS_Snapshots/SNS_24_SNAPSHOT_20250518_193739/modules/_pkcs1_oaep_decode.py
1542,_pocketfft.py,647A567C80F965E241006E5F204F924A9F079722B9740EB1C9DA734BC5E693CB,_pocketfft.py=logs/trace/SNS_Snapshots/SNS_24_SNAPSHOT_20250518_193739/modules/_pocketfft.py
1543,_point.py,2E0F52D82025B860BC67DAFC878FA300B3E878BF169B13A2E4B6B65E14E09F1E,_point.py=logs/trace/SNS_Snapshots/SNS_24_SNAPSHOT_20250518_193739/modules/_point.py
1544,_policybase.py,BB0994C6FAFA5B2F736417423398BBA565A01EE73E5607E53913C2421F5BDF8F,_policybase.py=logs/trace/SNS_Snapshots/SNS_24_SNAPSHOT_20250518_193739/modules/_policybase.py
1545,_polybase.py,68D78A6F7F24BCE4E58683322D1182CE3A30AD50312A65D23DEDF37EAAEABE0F,_polybase.py=logs/trace/SNS_Snapshots/SNS_24_SNAPSHOT_20250518_193739/modules/_polybase.py
1546,_polynomial_impl.py,871C17C09D0C36C905D67A8FA94D92AA105D88CC5E6ACC2C7A1BD48B9B8FB4A2,_polynomial_impl.py=logs/trace/SNS_Snapshots/SNS_24_SNAPSHOT_20250518_193739/modules/_polynomial_impl.py
1547,_print_versions.py,F2A3947A98A08D58287F44DBB75D46E3DC7CD7F64F8FF4E4A761857EA964884A,_print_versions.py=logs/trace/SNS_Snapshots/SNS_24_SNAPSHOT_20250518_193739/modules/_print_versions.py
1548,_pytesttester.py,0FD735EB9187EDE95B1637BB49A26AA0DF72D321B57C561D0D0B81D0F47A12D9,_pytesttester.py=logs/trace/SNS_Snapshots/SNS_24_SNAPSHOT_20250518_193739/modules/_pytesttester.py
1549,_pyxlsb.py,136BBD79239E0FD59010D1E01BFDA203F6D006E870721AD7F9197748DE3F53EE,_pyxlsb.py=logs/trace/SNS_Snapshots/SNS_24_SNAPSHOT_20250518_193739/modules/_pyxlsb.py
1550,_raises_group.py,7186DE35A67A59B8E79061D92C13E1258EC962080173AD5576240D7D504C6B31,_raises_group.py=logs/trace/SNS_Snapshots/SNS_24_SNAPSHOT_20250518_193739/modules/_raises_group.py
1551,_ranges.py,88F0A52B0824AFDC3B0DE14CD830FF29279467A3FD2EA2A8BFF7370A2BFAE891,_ranges.py=logs/trace/SNS_Snapshots/SNS_24_SNAPSHOT_20250518_193739/modules/_ranges.py
1552,_ratio.py,7AC8C18973975F08EA6C4F2085F90DFC19CC7A71D53EF65EE6319BAA266DE4DE,_ratio.py=logs/trace/SNS_Snapshots/SNS_24_SNAPSHOT_20250518_193739/modules/_ratio.py
1553,_raw_api.py,0DBCD38B13D29982DE7C17959C9D22562304A2B545ABFE68BA2BBEB43364E12E,_raw_api.py=logs/trace/SNS_Snapshots/SNS_24_SNAPSHOT_20250518_193739/modules/_raw_api.py
1554,_re.py,54A132316DBE59C98957C264E0FBF0E21C51607D851246E7E8757BAF53027907,_re.py=logs/trace/SNS_Snapshots/SNS_24_SNAPSHOT_20250518_193739/modules/_re.py
1557,_recorder.py,7504F41B94275B6CFCA33BC40255F9FFAFE100AF877626D0FCA4E859697BCC66,_recorder.py=logs/trace/SNS_Snapshots/SNS_24_SNAPSHOT_20250518_193739/modules/_recorder.py
1558,_repl.py,DB630F185FED2CA81BEB8210C7294F75380DD0C29D415AD69104F7ECF682A342,_repl.py=logs/trace/SNS_Snapshots/SNS_24_SNAPSHOT_20250518_193739/modules/_repl.py
1560,_result.py,2FD426E4FCC08B11831403470A41839AFA255031D58606E0469B33029ED5F198,_result.py=logs/trace/SNS_Snapshots/SNS_24_SNAPSHOT_20250518_193739/modules/_result.py
1561,_run_context.py,7CDA26929F80FA9587359D16FEF23B60CE21F4DE70FED51F40B5D2E520FB0C1E,_run_context.py=logs/trace/SNS_Snapshots/SNS_24_SNAPSHOT_20250518_193739/modules/_run_context.py
1563,_scimath_impl.py,1309106942109381A14BF551DC1DB8CD797B855BB3A3E762A8AD3E589A1162DA,_scimath_impl.py=logs/trace/SNS_Snapshots/SNS_24_SNAPSHOT_20250518_193739/modules/_scimath_impl.py
1564,_sequencer.py,2606439B7165475E18D9C9EDE097EC4E9190B590D18FF8E9DA9E6918306FB353,_sequencer.py=logs/trace/SNS_Snapshots/SNS_24_SNAPSHOT_20250518_193739/modules/_sequencer.py
1566,_shape_base_impl.py,718460EC3314BDA3340BEA0CE3FF394083693AFD658610E23FC3D1E8550C3347,_shape_base_impl.py=logs/trace/SNS_Snapshots/SNS_24_SNAPSHOT_20250518_193739/modules/_shape_base_impl.py
1567,_signals.py,5963D05D6DAA9A1E2D61539CBB44512EBFF81256701E25573DBB808BF2E7C6BE,_signals.py=logs/trace/SNS_Snapshots/SNS_24_SNAPSHOT_20250518_193739/modules/_signals.py
1569,_spdx.py,8E8CC1522AE75947642E63581F5D6C17DE4731A22C2BE2AD990182958183BD98,_spdx.py=logs/trace/SNS_Snapshots/SNS_24_SNAPSHOT_20250518_193739/modules/_spdx.py
1571,_src_pyf.py,BFEA809C82A9438577A071535D89879CD6F0CD2AF0B26D88E362E50AF46EDFC9,_src_pyf.py=logs/trace/SNS_Snapshots/SNS_24_SNAPSHOT_20250518_193739/modules/_src_pyf.py
1573,_ssl_compat.py,3832A383BE832CF72E03FD456897BDAFEC0371C0FE40822BD2E6D7DE970DCEEA,_ssl_compat.py=logs/trace/SNS_Snapshots/SNS_24_SNAPSHOT_20250518_193739/modules/_ssl_compat.py
1574,_ssl_constants.py,48559390EDA43415A66382D75A80010113B04DAEDE13CDBE4395DCF0DFD30179,_ssl_constants.py=logs/trace/SNS_Snapshots/SNS_24_SNAPSHOT_20250518_193739/modules/_ssl_constants.py
1575,_stack.py,372FE41F4546D149D60694B40078533123D233F62BC7487DA17F78DA1D23CDA9,_stack.py=logs/trace/SNS_Snapshots/SNS_24_SNAPSHOT_20250518_193739/modules/_stack.py
1577,_stride_tricks_impl.py,715ED26592312ADA6D11735B8427AA4361F8B7AE9A7E6A14A75638527B89122D,_stride_tricks_impl.py=logs/trace/SNS_Snapshots/SNS_24_SNAPSHOT_20250518_193739/modules/_stride_tricks_impl.py
1578,_string_helpers.py,931BEF9BDA67ECF2926D8E0CE2CF2390A2772BBE32747D1B463982CD0FDC0650,_string_helpers.py=logs/trace/SNS_Snapshots/SNS_24_SNAPSHOT_20250518_193739/modules/_string_helpers.py
1579,_structures.py,39E80C3C28ED8D5CF3EF72BC64234EAA0BC8F5A4668D406365A91CBC86C0E656,_structures.py=logs/trace/SNS_Snapshots/SNS_24_SNAPSHOT_20250518_193739/modules/_structures.py
1581,_swf.py,6FC40AAE492DFA5496FDA932E5F7B565662043432ABC10B6F68945941BCFD8A8,_swf.py=logs/trace/SNS_Snapshots/SNS_24_SNAPSHOT_20250518_193739/modules/_swf.py
1582,_sync.py,E92CC9A10A2CCBCCD2E1B0D64A2C8DCE0B51EA01B62DE9D687B6FB393425A15A,_sync.py=logs/trace/SNS_Snapshots/SNS_24_SNAPSHOT_20250518_193739/modules/_sync.py
1583,_sysconfig.py,E1C65FA000D73393938880D3CE5CBF751C70D11116782FF01764A6D749431022,_sysconfig.py=logs/trace/SNS_Snapshots/SNS_24_SNAPSHOT_20250518_193739/modules/_sysconfig.py
1585,_tester.py,8622AC760526D260A2B60071920F4C55AC7002DD68112D66B52E3F6F43CCFB69,_tester.py=logs/trace/SNS_Snapshots/SNS_24_SNAPSHOT_20250518_193739/DELETE_TEMP_20250503/modules/_tester.py
1587,_thread.py,300CE8C215DC63B31B0518C363D8FA8DCD623592FA9577B1958BF1DAFDDF7974,_thread.py=logs/trace/SNS_Snapshots/SNS_24_SNAPSHOT_20250518_193739/modules/_thread.py
1589,_timeouts.py,7B1DA91EE4C28750EF3668267CB1FEED1D1FED6308D76747A6A0EBDE530D0FE1,_timeouts.py=logs/trace/SNS_Snapshots/SNS_24_SNAPSHOT_20250518_193739/modules/_timeouts.py
1590,_timer.py,785FF5FB7E7E1928C81F84CB1AF4D2FCF6D39E4F1FDB83DC75DE1FE50B1F67AB,_timer.py=logs/trace/SNS_Snapshots/SNS_24_SNAPSHOT_20250518_193739/modules/_timer.py
1591,_tkinter_finder.py,8801AFB24AEDACC316B8BBAB38ED3DDAAA80B1CADBD094291D539C8D84A56F20,_tkinter_finder.py=logs/trace/SNS_Snapshots/SNS_24_SNAPSHOT_20250518_193739/modules/_tkinter_finder.py
1592,_tokenizer.py,31AFA4E49090FA346C20CB38A430FFFFD15CB7ABE89654A9D450757B7AF8943F,_tokenizer.py=logs/trace/SNS_Snapshots/SNS_24_SNAPSHOT_20250518_193739/modules/_tokenizer.py
1593,_tqdm_pandas.py,3A9F1BCD5D8E1D26576FD172F1DFF317848633B6A2789AE2DEA81F7505DAB885,_tqdm_pandas.py=logs/trace/SNS_Snapshots/SNS_24_SNAPSHOT_20250518_193739/modules/_tqdm_pandas.py
1595,_traps.py,9F1A7D25AB0731AF123812870AD33881CED38DE4CB369FF74A3BF4FBB9263F30,_traps.py=logs/trace/SNS_Snapshots/SNS_24_SNAPSHOT_20250518_193739/modules/_traps.py
1596,_twodim_base_impl.py,E3EF1EC8AA639CCB2DE627F1C0FB2497C3ABA7A37C76EBC68363D11A43771138,_twodim_base_impl.py=logs/trace/SNS_Snapshots/SNS_24_SNAPSHOT_20250518_193739/modules/_twodim_base_impl.py
1597,_types.py,8A8E31E11601AC8956F3331417074BFFFA1A90322C2EADDED0DC19845B5324E0,_types.py=logs/trace/SNS_Snapshots/SNS_24_SNAPSHOT_20250518_193739/modules/_types.py
1598,_type_aliases.py,4026CADA30CB1506A06BDF70141E42DA0743AF3BBBF4D05E921FBCB1097B71F3,_type_aliases.py=logs/trace/SNS_Snapshots/SNS_24_SNAPSHOT_20250518_193739/modules/_type_aliases.py
1599,_type_check_impl.py,35FD94FBD2D648C8F1983E80E75F44F3410708C19049369DC4CA7598BB44038D,_type_check_impl.py=logs/trace/SNS_Snapshots/SNS_24_SNAPSHOT_20250518_193739/modules/_type_check_impl.py
1600,_typing.py,DEA59A5D4067B0DB5D79E128B565D6360D3F8DE2BA97D5F8DB5D2DE78FC28D83,__local_typing.py=logs/trace/SNS_Snapshots/SNS_24_SNAPSHOT_20250518_193739/modules/__local_typing.py
1601,_ufunc.py,5431468AA4B4FA91D0C512A7BE673339B91678FE94B4AFC757108D8622C03245,_ufunc.py=logs/trace/SNS_Snapshots/SNS_24_SNAPSHOT_20250518_193739/modules/_ufunc.py
1602,_ufunclike_impl.py,F7E5B5FB9C11326F226D9C4A9D0FE8C8DDE03E2E9C6148BFBC909387F41C41D8,_ufunclike_impl.py=logs/trace/SNS_Snapshots/SNS_24_SNAPSHOT_20250518_193739/modules/_ufunclike_impl.py
1604,_unbounded_queue.py,93B2A63E1DDCD24976C65479C0C0A2A4B1A63ECB5BC39A1048406843756EA151,_unbounded_queue.py=modules/queue/_unbounded_queue.py
1605,_unix_pipes.py,15B2993BEF3CF5647FA789AB0DEAAB8682E9FBE1230D739F7FA53A3993D01631,_unix_pipes.py=logs/trace/SNS_Snapshots/SNS_24_SNAPSHOT_20250518_193739/modules/_unix_pipes.py
1607,_user_array_impl.py,60A87CF9C626543D00304D051208007CD40CFCAA7ECB4C069C75162F3EC573B4,_user_array_impl.py=logs/trace/SNS_Snapshots/SNS_24_SNAPSHOT_20250518_193739/modules/_user_array_impl.py
1609,_utils.py,7DB53C54A3BFE7C0039C092AF7C239A567F261CFBC1AC8AAAEFC3B01A4940456,_shimmed_dist_utils.py=modules/common/_shimmed_dist_utils.py
1610,_utils_6895b3f9.py,523B277D972C3042F3A2028CC14E6FAE92FDEF488B2DAE24E63EA715773CE984,_utils_6895b3f9.py=logs/trace/SNS_Snapshots/SNS_24_SNAPSHOT_20250518_193739/modules/_utils_6895b3f9.py
1611,_utils_6e986f67.py,D1332110CCE2969DF82272529B925067E623890CB250388A6A3C97D60E695585,_utils_6e986f67.py=logs/trace/SNS_Snapshots/SNS_24_SNAPSHOT_20250518_193739/modules/_utils_6e986f67.py
1612,_utils_9d9c261f.py,65AE5C990AC9860AECDA2CA7CAF69E7A635617C27BD082647E8C1C25FF1231BF,_utils_9d9c261f.py=logs/trace/SNS_Snapshots/SNS_24_SNAPSHOT_20250518_193739/modules/_utils_9d9c261f.py
1613,_utils_bea270e7.py,DA382EE3C92B7A6815D2A7180FB6D246C2199564549236ACFB07375A170397A2,_utils_bea270e7.py=logs/trace/SNS_Snapshots/SNS_24_SNAPSHOT_20250518_193739/modules/_utils_bea270e7.py
1614,_utils_ff9db2af.py,7371FAB4FA1ED4102FC520DF7A6ECB049DAA0B5687F7CE5CB1365C6B7C88C401,_utils_ff9db2af.py=logs/trace/SNS_Snapshots/SNS_24_SNAPSHOT_20250518_193739/modules/_utils_ff9db2af.py
1615,_utils_impl_091bf2c0.py,93254C2AC917349D1C5E448F6B26A8852FE6BC922956A759F64DD13CE14BD353,_utils_impl_091bf2c0.py=logs/trace/SNS_Snapshots/SNS_24_SNAPSHOT_20250518_193739/modules/_utils_impl_091bf2c0.py
1616,_validators.py,A948F8ACEB8A3571896C6946B53D2467A1477DA3EA82F95BB87C4CFACA41FF57,_validators.py=logs/trace/SNS_Snapshots/SNS_24_SNAPSHOT_20250518_193739/modules/_validators.py
1618,_version_2ba8db45.py,E1FAB4A0FE5612DA2D4E022634AECE6CAAA9049D1D63531B6012F1A28C88C510,_version_2ba8db45.py=logs/trace/SNS_Snapshots/SNS_24_SNAPSHOT_20250518_193739/modules/_version_2ba8db45.py
1619,_version_meson.py,F7EBD17714DE4BCABE989014970B8072A17B3D34255273EB6FFFE8E0E427E80D,_version_meson.py=logs/trace/SNS_Snapshots/SNS_24_SNAPSHOT_20250518_193739/modules/_version_meson.py
1620,_wait_for_object.py,860BB260A142F98B5E0408D2C73A408E9BD0CCE258FBBD7331452BC9E42D5C2A,_wait_for_object.py=logs/trace/SNS_Snapshots/SNS_24_SNAPSHOT_20250518_193739/modules/_wait_for_object.py
1621,_wakeup_socketpair.py,46FF440E5D359C41785A0A0178C28AB79CCEED859D40647569E531D82CCC3B7B,_wakeup_socketpair.py=logs/trace/SNS_Snapshots/SNS_24_SNAPSHOT_20250518_193739/modules/_wakeup_socketpair.py
1622,_warnings.py,023B35BE4CC2D3E99451C534CB51E07D4D15842FFCE2E9881F23FE285227D434,_warnings.py=logs/trace/SNS_Snapshots/SNS_24_SNAPSHOT_20250518_193739/modules/_warnings.py
1623,_win32_console.py,7EF1B3D28EF5432DB94B05F16C1808A621ABC88D3174ABCF6306AE57999E8BF8,_win32_console.py=logs/trace/SNS_Snapshots/SNS_24_SNAPSHOT_20250518_193739/modules/_win32_console.py
1625,_windows_cffi.py,BD8BB9681E02FEEAA16240ACE124E53BFE4C2D362923481AB7D6534618B84638,_windows_cffi.py=logs/trace/SNS_Snapshots/SNS_24_SNAPSHOT_20250518_193739/modules/_windows_cffi.py
1626,_windows_pipes.py,C31A59AA8A36F041CDB3477E6DFEB74DFD302F02E3A6639810EC6C8B4FE22C6E,_windows_pipes.py=logs/trace/SNS_Snapshots/SNS_24_SNAPSHOT_20250518_193739/modules/_windows_pipes.py
1627,_windows_renderer.py,D3962D5B8D64F1A9C0845A8FD198B78D07FD4EB2B40A555DF6F56AB18F0A6A89,_windows_renderer.py=logs/trace/SNS_Snapshots/SNS_24_SNAPSHOT_20250518_193739/modules/_windows_renderer.py
1629,_writers.py,00447BEFA229176A20524F1F1E83827593F3654D310D46208DD697E9B40C75A2,_writers.py=logs/trace/SNS_Snapshots/SNS_24_SNAPSHOT_20250518_193739/modules/_writers.py
1631,_xlrd_5b4edb67.py,686CE1F57A0939EE4061F16E618E2B9A547E0085C8DC04B86DFF014181DD4FE7,_xlrd_5b4edb67.py=logs/trace/SNS_Snapshots/SNS_24_SNAPSHOT_20250518_193739/modules/_xlrd_5b4edb67.py
1632,_xlsxwriter.py,C0EE996A6B0D809E2815893616B0AF2A594BDB4D7193A8BDC32136C78B2B11D0,_xlsxwriter.py=logs/trace/SNS_Snapshots/SNS_24_SNAPSHOT_20250518_193739/modules/_xlsxwriter.py
1633,__about__.py,22421299ED0506DE862A7FC6D12ED3E3A0485F55723596575C05AB258B1A8F53,__about__.py=logs/trace/SNS_Snapshots/SNS_24_SNAPSHOT_20250518_193739/modules/__about__.py
1634,__config___e5dbb061.py,AAF8FD6C0742B4D86BCC010ED5E625F1E11B60F39B9E7D0CA18B9B681AC8495A,__config___e5dbb061.py=logs/trace/SNS_Snapshots/SNS_24_SNAPSHOT_20250518_193739/modules/__config___e5dbb061.py
1636,__init___692db9ec.py,4B3D335A45886A6F49428462CBF8CD86F11481026844DDB756D3C648A7AFFD24,__init___692db9ec.py=logs/trace/SNS_Snapshots/SNS_24_SNAPSHOT_20250518_193739/modules/__init___692db9ec.py
1637,__init___7db50b7f.py,7308658AFCDBE1C34B8709492DBB4E78FDEEE593B4F100E7CC3527F7B0531399,__init___7db50b7f.py=logs/trace/SNS_Snapshots/SNS_24_SNAPSHOT_20250518_193739/modules/__init___7db50b7f.py
1639,__init___a911ddb7.py,0B55C4A0197BC5D25C054778B7D15441F81BEB8B710199B298FFCAFC11FC9CA8,__init___a911ddb7.py=logs/trace/SNS_Snapshots/SNS_24_SNAPSHOT_20250518_193739/modules/__init___a911ddb7.py
1640,__init___dbfceb12.py,CDC31A8CCEE8AC0696D6747D1025F8AE2A4828B4EE650BEF86FD35AAD36F42F4,__init___dbfceb12.py=backup/err0518_SNS_24AutoProject/DELETE_TEMP/__init___dbfceb12.py
1642,__local_copyreg.py,9B35931C3740076006DC09D99D4291B3EC2A946B3FAF4E478AE69205250F76CD,__local_copyreg.py=logs/trace/SNS_Snapshots/SNS_24_SNAPSHOT_20250518_193739/DELETE_TEMP_20250503/modules/__local_copyreg.py
1643,__local_datetime.py,0A1ACE697D910A7FD0A51A42673E431FE552CD42F66DF7A7775F2F9B28D61F14,__local_datetime.py=modules/common/__local_datetime.py
1644,__local_inspect.py,8755A1FDDE3B27BEBE5A5DF79F4C1E5AF12D253D7A3E80B99324C455D9216FBB,__local_inspect.py=logs/trace/SNS_Snapshots/SNS_24_SNAPSHOT_20250518_193739/modules/__local_inspect.py
1645,__local_reprlib.py,D1E70A88E098807AD077F9D81C410EB78CECC2E20040FE24A8BF32F2612AC968,__local_reprlib.py=logs/trace/SNS_Snapshots/SNS_24_SNAPSHOT_20250518_193739/modules/__local_reprlib.py
1646,__local_types.py,CB0BC6CACEB82DD1FB48658783E5262E874F68CD59F809B9A6310E2C0FA8DAF4,__local_types.py=logs/trace/SNS_Snapshots/SNS_24_SNAPSHOT_20250518_193739/modules/__local_types.py
1649,__meta__.py,3F32E79B70D1BE3CC248AF325839AEB67435324D2CF90CDD7DCB654C7E1DCDDE,__meta__.py=logs/trace/SNS_Snapshots/SNS_24_SNAPSHOT_20250518_193739/modules/__meta__.py
1650,__pip-runner___f41e864e.py,B64ECA3E0AEE4BE065512BA73EBA82A3931612BC7D541725E3C6E51A892BE0FB,__pip-runner___f41e864e.py=logs/trace/SNS_Snapshots/SNS_24_SNAPSHOT_20250518_193739/modules/__pip-runner___f41e864e.py
1651,__version__.py,717838074B37E139C6A772EF895845D48FDF7AB073C3098D4E2EB1506D947698,__version__.py=logs/trace/SNS_Snapshots/SNS_24_SNAPSHOT_20250518_193739/modules/__version__.py
1653,auto_backup_run.py,93916AC882E948FD3F56E27BFF5E7FCE44C62D7EEFA7B3A45A65ECD431278DAA,auto_backup_run.py=logs/trace/SNS_Snapshots/SNS_24_SNAPSHOT_20250518_193739/DELETE_TEMP_20250503/0516/auto_backup_run.py
1654,final_backup.py,AD4732F8FC28BAC66542F07DD642954C6D2FC070D00355481981D2B4AD26D1D7,final_backup.py=logs/trace/SNS_Snapshots/SNS_24_SNAPSHOT_20250518_193739/DELETE_TEMP_20250503/0516/final_backup.py
1662,api_photo.py,463B5D17598A6CF7C5F4D194A55851E98219A85139C3D55213C27E9E01F39A9A,api_photo.py=logs/trace/SNS_Snapshots/SNS_24_SNAPSHOT_20250518_193739/modules/api_photo.py
1663,api_story.py,B36D673870F5ABC042FE801E2EA194BD245B73D0E29BB16DB51E05ED969D6E3A,api_story.py=logs/trace/SNS_Snapshots/SNS_24_SNAPSHOT_20250518_193739/modules/api_story.py
1664,api_video.py,63AEB52D4494B1770A345B49D97101C0F0FE8466B0EB2B2D992DC1D74CD5A8E1,api_video.py=logs/trace/SNS_Snapshots/SNS_24_SNAPSHOT_20250518_193739/modules/api_video.py
1665,appengine.py,F2A43C4214A465FC7BC31649A878C6A7D7F412F955DDD80743BB668345299425,appengine.py=logs/trace/SNS_Snapshots/SNS_24_SNAPSHOT_20250518_193739/modules/appengine.py
1666,ARC4.py,DD3524E41C91354061657C682C839D4E4CFE4577896296655B5FBC702B3373F3,ARC4.py=logs/trace/SNS_Snapshots/SNS_24_SNAPSHOT_20250518_193739/modules/ARC4.py
1668,auto.py,EEBA79D2CCF5F30AB9B9CE07B29243407A2414ABCC4EFE8ED3FF2A76BBB1960A,auto.py=logs/trace/SNS_Snapshots/SNS_24_SNAPSHOT_20250518_193739/modules/auto.py
1670,autonotebook.py,050168F06753136A6DE8FF249CCF36544C43B34704A899B68A77D4B850E2BFB8,autonotebook.py=logs/trace/SNS_Snapshots/SNS_24_SNAPSHOT_20250518_193739/modules/autonotebook.py
1671,auxfuncs.py,2CFC4A920481BE5D34B47C4529E9DD331FD4085B84293ADD3BC23EB86DC433BA,auxfuncs.py=logs/trace/SNS_Snapshots/SNS_24_SNAPSHOT_20250518_193739/modules/auxfuncs.py
1672,backports.py,A0A5DCA71D3766812244E187029E866720F94ECFC070DA998CAF540B2FD87370,backports.py=logs/trace/SNS_Snapshots/SNS_24_SNAPSHOT_20250518_193739/modules/backports.py
1678,bot.py,3C5B884F23CFB78BE1C4A13A797D7BBBB0F38518BEE57034BA1A507CC0B56392,bot.py=logs/trace/SNS_Snapshots/SNS_24_SNAPSHOT_20250518_193739/modules/bot.py
1679,bot_block.py,F89E67C87330682D9B8DCD884FCA354F0BB14652D20382EB1589DBE98DDEE589,bot_block.py=logs/trace/SNS_Snapshots/SNS_24_SNAPSHOT_20250518_193739/modules/bot_block.py
1684,cacheprovider.py,E4446380E57A2CDC69C7CF1517384CAF122EFFD8ABFFAE0540B0379601708D2B,cacheprovider.py=logs/trace/SNS_Snapshots/SNS_24_SNAPSHOT_20250518_193739/modules/cacheprovider.py
1687,capture.py,01E466EBB6AB427B0476A6FF6B4EF995ED9722813A0ECFFB81ACB3F5EEA37ADA,capture.py=logs/trace/SNS_Snapshots/SNS_24_SNAPSHOT_20250518_193739/modules/capture.py
1691,cmdline.py,DBB7F3702017EF80276043E85AAD004C04346BE4F6D163254916CA964226EEFC,cmdline.py=logs/trace/SNS_Snapshots/SNS_24_SNAPSHOT_20250518_193739/modules/cmdline.py
1698,conftest.py,17AE089E1959168206BB7F9AFB88462E6CE537FB1E6B98FD2256795D9D830AF3,conftest.py=logs/trace/SNS_Snapshots/SNS_24_SNAPSHOT_20250518_193739/modules/conftest.py
1700,connectionpool.py,0E3A7BC6B3DC436A0EB00B906939C70CFC72449BE74AC19121DF1C0F58C4ED45,connectionpool.py=logs/trace/SNS_Snapshots/SNS_24_SNAPSHOT_20250518_193739/modules/connectionpool.py
1711,debugging.py,81CF23A70BC7BD3952E0AFCB6FBF0676A58135A5A322FEED2D037440B1AAB63E,debugging.py=logs/trace/SNS_Snapshots/SNS_24_SNAPSHOT_20250518_193739/modules/debugging.py
1714,diagnose.py,5BEBBC7EDB0414BBA14A3FD11B8B8070AF6749CCD15A9460B9C89FCE8114435F,diagnose.py=logs/trace/SNS_Snapshots/SNS_24_SNAPSHOT_20250518_193739/modules/diagnose.py
1717,display.py,66EDD558FEDB2D61A0123499837D1257B40F96DA711A2A446648759D9C829574,display.py=logs/trace/SNS_Snapshots/SNS_24_SNAPSHOT_20250518_193739/modules/display.py
1719,doctest.py,8872007CB283E261BDC37DAC2E669F1BE27D6BC118907A6C067AA5B8F5B92A1D,doctest.py=logs/trace/SNS_Snapshots/SNS_24_SNAPSHOT_20250518_193739/modules/doctest.py
1721,DSA.py,151D8D03FB207DBF47B8C3D6DC5CD22ADFB1277E3008FEDFDA9BDCCBC231361A,DSA.py=logs/trace/SNS_Snapshots/SNS_24_SNAPSHOT_20250518_193739/modules/DSA.py
1722,echo-server.py,5955DA83FEBE3E5C9BEC737FF5CA72F789A5A25C2FC430D89F243000AF73DBE2,echo-server.py=logs/trace/SNS_Snapshots/SNS_24_SNAPSHOT_20250518_193739/modules/echo-server.py
1724,ElGamal.py,8642C5E6CC3A18CEC1227DF3DB351D36B029C46037AF90F2C28859BF7A396848,ElGamal.py=logs/trace/SNS_Snapshots/SNS_24_SNAPSHOT_20250518_193739/modules/ElGamal.py
1728,f2py2e.py,04E284B63268016BFA73F0E5DB61936794367159C4D569B8FE9FB8F7FD6BB859,f2py2e.py=logs/trace/SNS_Snapshots/SNS_24_SNAPSHOT_20250518_193739/modules/f2py2e.py
1731,faulthandler.py,13E5E0A2CF37B0B998BFC1757AEF72719FCEFA89BB59CEA6CA0C234651060778,faulthandler.py=logs/trace/SNS_Snapshots/SNS_24_SNAPSHOT_20250518_193739/modules/faulthandler.py
1733,filesystem.py,A9CCC524906C6C3B0D5835F242CFCF4F99116E0988D8BC8A7B73E2C4F1631A49,filesystem.py=logs/trace/SNS_Snapshots/SNS_24_SNAPSHOT_20250518_193739/modules/filesystem.py
1737,fixtures.py,CDC2EBB96AEA847FB91A5E8211EA62B102150EAB6311CA79B96E2F74800E65F6,fixtures.py=logs/trace/SNS_Snapshots/SNS_24_SNAPSHOT_20250518_193739/modules/fixtures.py
1738,fix_imports.py,14336CB2BA9E4CDAC36ACE2E1628AAF5D47F132434C93F1837D6989CD7D9177C,fix_imports.py=logs/trace/SNS_Snapshots/SNS_24_SNAPSHOT_20250518_193739/modules/fix_imports.py
1742,generator.py,49973D18793FA77F9951A1FF54460295C22A1443678740C61987A4F0B74EF1F8,generator.py=logs/trace/SNS_Snapshots/SNS_24_SNAPSHOT_20250518_193739/modules/generator.py
1748,helpconfig.py,9486BF139B8FC826F63E3D1950976C68888311D103DCE0F31ABE6A32A3F95A9A,helpconfig.py=logs/trace/SNS_Snapshots/SNS_24_SNAPSHOT_20250518_193739/modules/helpconfig.py
1751,hookspec.py,85321222873D4D9F8B16B83EDEE87179B725A00F50B163F3131FE9447018BF77,hookspec.py=logs/trace/SNS_Snapshots/SNS_24_SNAPSHOT_20250518_193739/modules/hookspec.py
1753,ImagePalette.py,8F6C26EA84FD7FCF2CC8E43F8769F9BA7D2C24C8082917D28B1A124EC100F985,ImagePalette.py=logs/trace/SNS_Snapshots/SNS_24_SNAPSHOT_20250518_193739/modules/ImagePalette.py
1759,junitxml.py,503E8045FFAA068EAA54FCA82D666BEB243782BC58F39CD1EF1AC5A405997ABC,junitxml.py=logs/trace/SNS_Snapshots/SNS_24_SNAPSHOT_20250518_193739/modules/junitxml.py
1763,legacypath.py,12A8BA2C9300E2AA19DCE627384A48E51BA543F420B290BBE78B95008B8484D0,legacypath.py=logs/trace/SNS_Snapshots/SNS_24_SNAPSHOT_20250518_193739/modules/legacypath.py
1765,like_and_follow_media_likers.py,2E1AE227C81812805316FFB751413C507824CBDF8B113032F22365CA8CD20857,like_and_follow_media_likers.py=logs/trace/SNS_Snapshots/SNS_24_SNAPSHOT_20250518_193739/modules/like_and_follow_media_likers.py
1766,like_and_follow_your_last_media_likers.py,10B3563366A01AB78ECE145F8DBEFB8527C047FF2E90F9322DD8B3EBBE86D86C,like_and_follow_your_last_media_likers.py=logs/trace/SNS_Snapshots/SNS_24_SNAPSHOT_20250518_193739/modules/like_and_follow_your_last_media_likers.py
1769,live.py,89F6A0F61C72F6F4471EAD6A8503774E9E3CFA119CF64F8567E218C64F5BDAEA,live.py=logs/trace/SNS_Snapshots/SNS_24_SNAPSHOT_20250518_193739/modules/live.py
1777,main_4d09a3db.py,130B3EDE41A806F9EB18BDB49B322AEE2F500085AB8C3AC84BBAB3B3A680BBA1,main_4d09a3db.py=logs/trace/SNS_Snapshots/SNS_24_SNAPSHOT_20250518_193739/modules/main_4d09a3db.py
1784,mock.py,E13A3204315335EBEA831226333CF237E1A659C92A51C27EF0AE502732157CEE,mock.py=logs/trace/SNS_Snapshots/SNS_24_SNAPSHOT_20250518_193739/modules/mock.py
1787,multi_script_CLI.py,5AF28836BD2EEA64F795DA2132E9327C439B3EE06986AB6ED764D65CEC6881A6,multi_script_CLI.py=logs/trace/SNS_Snapshots/SNS_24_SNAPSHOT_20250518_193739/modules/multi_script_CLI.py
1788,nodes.py,B333D0AAE61B8E2AB94B5E4BD53917320E400A4D1DE63F9AD24F0562E30F81E5,nodes.py=logs/trace/SNS_Snapshots/SNS_24_SNAPSHOT_20250518_193739/modules/nodes.py
1790,number.py,1687CB4EE06017FC6CDA5EE0D6D7E4F0E20656C7837F13163F8392BABEB4028D,number.py=logs/trace/SNS_Snapshots/SNS_24_SNAPSHOT_20250518_193739/modules/number.py
1799,pastebin.py,C93912E313D7D4214DA6C079B1AE47DDA6D188E4B4D2B010B798359FB40EC050,pastebin.py=logs/trace/SNS_Snapshots/SNS_24_SNAPSHOT_20250518_193739/modules/pastebin.py
1800,PKCS1_OAEP.py,1A896600A490B7322C5BA9D26BD91D0EF1627F346DBE430EE254BC8484C815E5,PKCS1_OAEP.py=logs/trace/SNS_Snapshots/SNS_24_SNAPSHOT_20250518_193739/modules/PKCS1_OAEP.py
1801,PKCS1_v1_5.py,44BA454AA6EC92F3B66C8DFE9DB3B932AB3BC5FE2F9994BB9F7D66F97D1DD825,PKCS1_v1_5.py=logs/trace/SNS_Snapshots/SNS_24_SNAPSHOT_20250518_193739/modules/PKCS1_v1_5.py
1808,Primality.py,6D624C66E23E572B5E9DB2E8E97CEFB12A7A606EACC80DAD79532905B8E85C0C,Primality.py=logs/trace/SNS_Snapshots/SNS_24_SNAPSHOT_20250518_193739/modules/Primality.py
1809,progress.py,A7933CB2F4D38A83C38AC2A5A1031A727A025243394E5C12585BA4C0FA8A0883,progress.py=logs/trace/SNS_Snapshots/SNS_24_SNAPSHOT_20250518_193739/modules/progress.py
1817,pytester.py,0F73C9269623DDFA95AA28CA4862E9D4DF2075BCC288C2285FDFD799FEB60D7B,pytester.py=logs/trace/SNS_Snapshots/SNS_24_SNAPSHOT_20250518_193739/modules/pytester.py
1819,python_api.py,E783EB245B43C43F9950A7C4C8A5D19515D0B819416BE6F3E02A58725CFF3C0B,python_api.py=logs/trace/SNS_Snapshots/SNS_24_SNAPSHOT_20250518_193739/modules/python_api.py
1820,python_path.py,FED8D4EFC9FD08BD14F954FA08C24CA8DCB1CE98FF4FCF05827F9A07E1029EAD,python_path.py=logs/trace/SNS_Snapshots/SNS_24_SNAPSHOT_20250518_193739/modules/python_path.py
1824,reports.py,C0D320C639C8BC06B29C66079A35968A0E8F58D168479F8EB35C7B9D02CC7FB8,reports.py=logs/trace/SNS_Snapshots/SNS_24_SNAPSHOT_20250518_193739/modules/reports.py
1825,repost_best_photos_from_users.py,74B079BAD983E8FB8F7A484B050E79DC408D327D3676B51FAF14A22F59D3F16C,repost_best_photos_from_users.py=logs/trace/SNS_Snapshots/SNS_24_SNAPSHOT_20250518_193739/modules/repost_best_photos_from_users.py
1836,results.py,7AF6EA766FDD075A89E103B875D2989B6BAC9B686B7E816C88DC512E8699E15C,results.py=logs/trace/SNS_Snapshots/SNS_24_SNAPSHOT_20250518_193739/modules/results.py
1838,rewrite.py,E96056862E9B4735AF00C6BA2711223D9DEBC2B52AB5E220A677765901E8AAD2,rewrite.py=logs/trace/SNS_Snapshots/SNS_24_SNAPSHOT_20250518_193739/modules/rewrite.py
1839,rich.py,E889611D967B3F16DDB7018A18BB174AA297F8AD5AFEE0666E03E7DF385B40C8,rich.py=logs/trace/SNS_Snapshots/SNS_24_SNAPSHOT_20250518_193739/modules/rich.py
1840,RSA.py,663C88F1A2862AD029BB9817C966BCE5B6123A201D6A191F2622B03FDBADADF5,RSA.py=logs/trace/SNS_Snapshots/SNS_24_SNAPSHOT_20250518_193739/modules/RSA.py
1842,saferepr.py,B9BF5BDB38D428E0F7861C77A08DA192F240201D2919448D1139345D069A8EB4,saferepr.py=logs/trace/SNS_Snapshots/SNS_24_SNAPSHOT_20250518_193739/modules/saferepr.py
1855,setuponly.py,EEF5616C254B77B936FEDBD9152CA2506BAD43CD55A1CB96FEF78B44A1C9C69F,setuponly.py=logs/trace/SNS_Snapshots/SNS_24_SNAPSHOT_20250518_193739/modules/setuponly.py
1856,setupplan.py,DAED1991130C4F7812A5D6841AC5B296570F5E8E18CD1AE326E9D4ED5EDF3DA3,setupplan.py=logs/trace/SNS_Snapshots/SNS_24_SNAPSHOT_20250518_193739/modules/setupplan.py
1859,skipping.py,211698F6DA309BE8A8E9E27E0D1A33FACBA95EF93AD862EA7AD75F40BA232933,skipping.py=logs/trace/SNS_Snapshots/SNS_24_SNAPSHOT_20250518_193739/modules/skipping.py
1862,spe.py,1BC341109952C287E6097CA8D1BC12159929801F15F4E3DF74908D620D7B5BCE,spe.py=logs/trace/SNS_Snapshots/SNS_24_SNAPSHOT_20250518_193739/modules/spe.py
1866,ssl_servers.py,190F2B785D189B806CECC7AAFC2E928CC00BF63659FA24FCD69B75C64D897071,ssl_servers.py=logs/trace/SNS_Snapshots/SNS_24_SNAPSHOT_20250518_193739/modules/ssl_servers.py
1868,stepwise.py,F2382CD7F6D4440D4883F8DA571CB25DED0ADF80444005C21D078B92DFB2C14E,stepwise.py=logs/trace/SNS_Snapshots/SNS_24_SNAPSHOT_20250518_193739/modules/stepwise.py
1869,structures.py,0447D59E12EC65DCC0BC0959D785D742C2C7B705FEF74A378753A9DA6321866B,structures.py=logs/trace/SNS_Snapshots/SNS_24_SNAPSHOT_20250518_193739/modules/structures.py
1879,terminal.py,5241711E07EFFDBDDBD3F00D6B91900783F9D49F66691219058153D924AB94DF,terminal.py=logs/trace/SNS_Snapshots/SNS_24_SNAPSHOT_20250518_193739/modules/terminal.py
1885,tmpdir.py,3BDA8217F6F31D4F8C3733623FB78B7BB9CBB1FC855ABAA0BD9529A2581A5596,tmpdir.py=logs/trace/SNS_Snapshots/SNS_24_SNAPSHOT_20250518_193739/modules/tmpdir.py
1888,truncate.py,6A213E3DB658C99FB9DF24F2DE8768B57414CB68628D2399B3CA1A41626C6126,truncate.py=logs/trace/SNS_Snapshots/SNS_24_SNAPSHOT_20250518_193739/modules/truncate.py
1889,tutil.py,088F5AD82BFF701E7572F41029BB1F1BEDEE0766B42CCEB490287D1AA5AFFED0,tutil.py=logs/trace/SNS_Snapshots/SNS_24_SNAPSHOT_20250518_193739/modules/tutil.py
1891,tzfile.py,077485848323F6CDE58DEF885DADB29396582DC9DF987812614FFE3798A64730,tzfile.py=logs/trace/SNS_Snapshots/SNS_24_SNAPSHOT_20250518_193739/modules/tzfile.py
1896,upload_video.py,5EF76EB3DD3363DB6B5EF6B8185464744E15CBCA7B26064F147FCAD19CABA65B,upload_video.py=logs/trace/SNS_Snapshots/SNS_24_SNAPSHOT_20250518_193739/modules/upload_video.py
1901,utils_bb8e63e5.py,26A02B8BF92B717175105C32ACB315E0C4FC02419E003809C90091DBB80744B8,utils_bb8e63e5.py=logs/trace/SNS_Snapshots/SNS_24_SNAPSHOT_20250518_193739/modules/utils_bb8e63e5.py
1905,watch_user_likers_stories.py,F66E3884CD79959D2974F7AC8F58CC53116B1E84FEE8CCBBE2163ACA6635BD2C,watch_user_likers_stories.py=logs/trace/SNS_Snapshots/SNS_24_SNAPSHOT_20250518_193739/modules/watch_user_likers_stories.py
1909,whitelist_generator.py,CE4B53375CF2C48809B283FA99758A7852BF71C1F723B799892D3C8804912894,whitelist_generator.py=logs/trace/SNS_Snapshots/SNS_24_SNAPSHOT_20250518_193739/modules/whitelist_generator.py
1912,_asyncio.py,5BBBCD44C0A5D3314FAADFC18B81BA90AF77BFE8EF9EB25866D97862687DCAD0,_asyncio.py=logs/trace/SNS_Snapshots/SNS_24_SNAPSHOT_20250518_193739/modules/_asyncio.py
1915,_check_streams.py,56C6ED64ED2390A38F84181632778DF8F05D16B6193498D6AD3BF48C51BC10B4,_check_streams.py=logs/trace/SNS_Snapshots/SNS_24_SNAPSHOT_20250518_193739/modules/_check_streams.py
1917,_compat.py,B5C1FB76C9021C39DA4E0D8536E394407A304E590231F04DF83442D291BAB670,_compat.py=logs/trace/SNS_Snapshots/SNS_24_SNAPSHOT_20250518_193739/modules/_compat.py
1920,_dtls.py,67EFFE6AB689D95CF7294FC589C4373FCE04DE7DD35948813B2840C6969DC0D6,_dtls.py=logs/trace/SNS_Snapshots/SNS_24_SNAPSHOT_20250518_193739/modules/_dtls.py
1924,_impl_d1fdb034.py,2695831D7DDC4B70FEAC1FE07C4344AF8CA72AE6B7F91E5FD77291B64FCF5FEA,_impl_d1fdb034.py=logs/trace/SNS_Snapshots/SNS_24_SNAPSHOT_20250518_193739/modules/_impl_d1fdb034.py
1926,_IntegerBase.py,56D070FD5133AE8370582E2A7E4F44F3FB5B95CC12913CB62D98BC9608F145DE,_IntegerBase.py=logs/trace/SNS_Snapshots/SNS_24_SNAPSHOT_20250518_193739/modules/_IntegerBase.py
1931,_main.py,64432A2CED1E55E4DDC9726593EF336DBB83429EE2A062CDC15B59B6CF5A8B37,_main.py=logs/trace/SNS_Snapshots/SNS_24_SNAPSHOT_20250518_193739/modules/_main.py
1935,_PBES.py,50CB69B0FCD8611C1DD657BAEC213E112BD9EF18CD1A183AC65709CF19F3BE25,_PBES.py=logs/trace/SNS_Snapshots/SNS_24_SNAPSHOT_20250518_193739/modules/_PBES.py
1940,_threads.py,60CB95AC0FED5AA86F4EF6D3C8BBFB32FB531E452958A17D2A70D46812EB6DAE,_threads.py=logs/trace/SNS_Snapshots/SNS_24_SNAPSHOT_20250518_193739/modules/_threads.py
1943,_tqdm.py,249D3DA1B9E9C0BCBB12B2471F078F34FA222D5CB8EBF6333332E80E55761A8D,_tqdm.py=logs/trace/SNS_Snapshots/SNS_24_SNAPSHOT_20250518_193739/modules/_tqdm.py
1944,_tqdm_gui.py,ED0FF4FC06463E5E708B2CB7813DC167FB6D68332409209C56C7514AC8B97978,_tqdm_gui.py=logs/trace/SNS_Snapshots/SNS_24_SNAPSHOT_20250518_193739/modules/_tqdm_gui.py
1945,_tqdm_notebook.py,7361D8020BFA359494F85EC702F3EEDFDED1711798972AB815FE48953C8FF1A4,_tqdm_notebook.py=logs/trace/SNS_Snapshots/SNS_24_SNAPSHOT_20250518_193739/modules/_tqdm_notebook.py
1950,__init___64bdb0b7.py,DF066853DA8D86B8174802620A7F9C4276664DC6EDCA5DF7AADF025624C48B14,__init___64bdb0b7.py=logs/trace/SNS_Snapshots/SNS_24_SNAPSHOT_20250518_193739/modules/__init___64bdb0b7.py
1952,__local_warnings.py,0D43F487FAF5B81E16A19C30DF2E27393329600BECC3A3ADB679594411198732,__local_warnings.py=logs/trace/SNS_Snapshots/SNS_24_SNAPSHOT_20250518_193739/modules/__local_warnings.py
1961,config.py,45EE3A7EC17C55FE6D1A736F67C83C01E893162F339AF92E8D837E5D4D3EA37A,pkgconfig.py=backup/SNS_24AutoProject+++0508삭제/.venv310/Lib/site-packages/cffi/pkgconfig.py
1968,pickle.py,4FA830D185B6E3674847E9147AFEF0AC4CBA3B1EBD8BB9338BCAC536500A2F35,pickle.py=logs/trace/SNS_Snapshots/SNS_24_SNAPSHOT_20250518_193739/DELETE_TEMP_20250503/modules/pickle.py
1971,random.py,2E92C8D5116A8FAEAC3AB48B189C83FB17E7A621BBE5CF638B5C8E287A4740EA,random.py=logs/trace/SNS_Snapshots/SNS_24_SNAPSHOT_20250518_193739/DELETE_TEMP_20250503/modules/random.py
1973,ssl.py,1B155452330125752C6BE2C7E2CAF2DC63659933ED71F8D15B09589D3787FC72,ssl.py=logs/trace/SNS_Snapshots/SNS_24_SNAPSHOT_20250518_193739/DELETE_TEMP_20250503/modules/ssl.py
1986,app_streamlit.py,FFF06E75F5F96216A48ED6707D14CFA2F89E3E8133B2168D37A316A38F092262,app_streamlit.py=logs/trace/SNS_Snapshots/SNS_24_SNAPSHOT_20250518_193739/modules/app_streamlit.py
1998,conflict_guard.py,B870376D0E845234BDB0ADD923250DAB19BBC3E61A28048A5BE3918AB69328FB,conflict_guard.py=logs/trace/SNS_Snapshots/SNS_24_SNAPSHOT_20250518_193739/modules/conflict_guard.py
2003,delete_all_posts.py,0C67C016D3EF9C5F5167C6A0D802EB789DD0C419F78347003DAD016CBD56DE9B,delete_all_posts.py=logs/trace/SNS_Snapshots/SNS_24_SNAPSHOT_20250518_193739/modules/delete_all_posts.py
2008,duplicate_detector.py,609D4B8D7D548CC56F1C84D9926EF5AE84EFD15C10FF87FDF45A6FCF1022F821,duplicate_detector.py=logs/trace/SNS_Snapshots/SNS_24_SNAPSHOT_20250518_193739/modules/duplicate_detector.py
2011,external_connector.py,7C6C96D291C3863D80271ECEFC05B963C1EFB4BBDDA59A1790F11E4F08E81017,external_connector.py=logs/trace/SNS_Snapshots/SNS_24_SNAPSHOT_20250518_193739/modules/external_connector.py
2029,meta_log_manual_insert.py,E9F9585F37011F2FC19B473EBA50191C26D7BD8B4F1DAE3D70F19C9404A87018,meta_log_manual_insert.py=logs/trace/SNS_Snapshots/SNS_24_SNAPSHOT_20250518_193739/modules/meta_log_manual_insert.py
2041,proj_queue_util.py,D04E44E2C119EF5D6C8F9A9B6722393E4361C2150C374FF0BE5F908348C4F28A,proj_queue_util.py=logs/trace/SNS_Snapshots/SNS_24_SNAPSHOT_20250518_193739/modules/proj_queue_util.py
2048,report_generator.py,3A47FE83BC82E9FF23B8CF8DC6D57F957FD80C2D2D5DB52266BE9B5399148C76,report_generator.py=logs/trace/SNS_Snapshots/SNS_24_SNAPSHOT_20250518_193739/modules/report_generator.py
2054,RUN-01.py,CEF4B15F9D518F22AC2F1967084626C16E8DFC5C8DAB842C1263B35C0067A238,RUN-01.py=logs/trace/SNS_Snapshots/SNS_24_SNAPSHOT_20250518_193739/modules/RUN-01.py
2055,RUN-02.py,5D7ED1314F9F6BD473E9A7ABCB1A5B96EB97441EDE896038E7F5789683EA45AA,RUN-02.py=logs/trace/SNS_Snapshots/SNS_24_SNAPSHOT_20250518_193739/modules/RUN-02.py
2056,RUN-03.py,4974858D312C46DC4E2DD8DE8B7C97B2FA52FEFF218975007B3843486EF12C78,RUN-03.py=logs/trace/SNS_Snapshots/SNS_24_SNAPSHOT_20250518_193739/modules/RUN-03.py
2072,uploader_instagram.py,3B4AA8D80646CF04EA62ED590247006547389036CCC10FF95F1035D48B8D3FD6,uploader_instagram.py=logs/trace/SNS_Snapshots/SNS_24_SNAPSHOT_20250518_193739/modules/uploader_instagram.py
2074,user_config.py,F10DF7974E255A02C650A80DFD789E8E286406FDDA6F58225388DA1B83A24AB1,user_config.py=logs/trace/SNS_Snapshots/SNS_24_SNAPSHOT_20250518_193739/modules/user_config.py
2075,user_manager_pro.py,F5C8CE8FF562C89752720F8339E4B0EE37D23117980CCA55145CADE87DA5E598,user_manager_pro.py=logs/trace/SNS_Snapshots/SNS_24_SNAPSHOT_20250518_193739/modules/user_manager_pro.py
2099,add_friend.py,5950ED2DC41CF79C4C121B101CEDE74B91E15EFAFF33A472AC9F392F5B2C3523,add_friend.py=logs/trace/SNS_Snapshots/SNS_24_SNAPSHOT_20250518_193739/modules/actions/add_friend.py
2101,translate_google.py,576B9AF8350FE11DE72282B3873DF46BED890F70BBC45BD0090B4B9725299422,translate_google.py=logs/trace/SNS_Snapshots/SNS_24_SNAPSHOT_20250518_193739/modules/translate/translate_google.py
2104,export_session_results_to_csv.py,FFFF9756C63AA10311585ED0E6348F6D45666C6A6403BFFE494905AF6C710492,export_session_results_to_csv.py=data/exported_data/export_session_results_to_csv.py
2107,run_engine.py,FF8DFECAD6C94C1032D1AEEA976ECC47D8B5B2A315892A3F8390F160EDE778EF,run_engine.py=core/run_engine.py
2110,devtool.py,FF1E41A20735CF652B06DD5DF2DE709DC338815A05CAC95EA78AA899AF8484A1,devtool.py=backup/SNS_24AutoProject+++0508삭제/.venv310/Lib/site-packages/undetected_chromedriver/devtool.py
2111,__init___48.py,FF1650203D8A972E4830229D0C913126549D224D7096F819756B7B7CDE175442,__init___48.py=services/__init___48.py
2122,__init___78.py,FE308005F0B9C4E00E0180B8B32F40A4E06074837C43E535166700717A4FFA87,__init___78.py=services/__init___78.py
2125,latin1prober.cpython-312.py,FE01E2A787D2A8F63FF4DDB3C15FBB112D7D3277E70534C5375885D1EB479BB6,latin1prober.cpython-312.py=core/latin1prober.cpython-312.py
2130,uri.py,FD9856833B8BFDE906586BBC405A1D7BFD2B80B376B68CFDBB530FBB9A290DAF,uri.py=backup/SNS_24AutoProject+++0508삭제/.venv310/Lib/site-packages/websockets/uri.py
2132,chardistribution.cpython-312.py,FD898E63A51CCE15476D825BB58AD2C4AD87C9C1E5C5DD6592F2DB487E2A02E5,chardistribution.cpython-312.py=core/chardistribution.cpython-312.py
2142,py35compat.py,FCE12BCD8BA38BF02B52BA4C16A8E16C268E3604675781F74BF3FD50F4F4EE75,py35compat.py=backup/SNS_24AutoProject+++0508삭제/.venv310/Lib/site-packages/setuptools/_distutils/py35compat.py
2143,__init___50.py,FCC88D6AEC270DF23613481DCCD21A75D2AE85140BCC2EA001DE557E29C6B1C9,__init___50.py=services/__init___50.py
2146,c_generator.py,FC7D03A16C81C3BEC0BB45F74DA035D06DEC891E1D91085A177AFD1E3A19CE22,c_generator.py=backup/SNS_24AutoProject+++0508삭제/.venv310/Lib/site-packages/pycparser/c_generator.py
2147,bdist_egg.py,FC48C981C5F3AD0F1D0348CF2EFA008DBE0C90ED78D226DD79E96842811707B9,bdist_egg.py=backup/SNS_24AutoProject+++0508삭제/.venv310/Lib/site-packages/setuptools/command/bdist_egg.py
2149,insert_session_result.py,FC136621203D1317324644632ECC595C3368A892DBDB566942D58732F8A5BB14,insert_session_result.py=db/insert_session_result.py
2153,upload_docs.py,FBA722F2F1E70CDF55B4F2AEB6163ADB15990CCD9B4ED8E9325E971DA35E6F36,upload_docs.py=backup/SNS_24AutoProject+++0508삭제/.venv310/Lib/site-packages/setuptools/command/upload_docs.py
2156,export_all_logtables.py,FB814D40F5C54C7543F89C35E2D12026402CA4261B3D8E3FAC2729AE427B94D8,export_all_logtables.py=data/exported_data/export_all_logtables.py
2159,settings.py,FADB84A2F2CD22CBAC613E2EC9DFFD845289A9E081E71BC513A1DA2F520DA57A,settings.py=configs/settings.py
2162,diagnose.cpython-312.py,F9D5B1FC37F3F0523463C6AD302B35B9172884C198F0872CC1F6820BC3E61658,diagnose.cpython-312.py=core/diagnose.cpython-312.py
2163,__init___232.py,F9C89702FBEF18992FFE1E237B567640BDB1A96C85011734A9DCB7AC50475FAE,__init___232.py=services/__init___232.py
2165,session_1.py,F9B310D97226B751671C545D8CB3611BD033C5FBD0F9969C5D9884DE02005EFD,session_1.py=modules/common/session_1.py
2166,__init___321.py,F9AEA5D035ECDAF00E8A67A5B1DD80AAD8BE4ED016106834F431F6921FC6C27C,__init___321.py=services/__init___321.py
2168,export_all_logtables_1.py,F99C5EA84D9A7FB5F90B1DC3437F4C1F6A2EC2963F1DFCD5B509EF1FF234515D,export_all_logtables_1.py=data/exported_data/export_all_logtables_1.py
2170,_text.py,F9798B7F058B7BB83F97ADE51F5AABF346BFC95361F555902A0612DFC3EECF10,_text.py=.venv/Lib/site-packages/setuptools/_vendor/importlib_metadata/_text.py
2174,backup_session_log.py,F905797387077C9EEE3930A5CCB3DD244EA6006849D38A91BFC339554B686485,backup_session_log.py=backup/backup_session_log.py
2181,__init___137.py,F831F2B4613EA28A1537E38837CF54856BB14D036FB8CE2271D6387C21D2A923,__init___137.py=services/__init___137.py
2191,recompiler.py,F6FD2AF3C2F9E02208EA3DC6430EF3069B3A79DF656C8918CD42DDC495568192,recompiler.py=backup/SNS_24AutoProject+++0508삭제/.venv310/Lib/site-packages/cffi/recompiler.py
2193,__init___332.py,F6DAB1B3CBD28767D79AB382F4537327EDD6129D50F228E31AE13EC0B7A02DC3,__init___332.py=services/__init___332.py
2194,__init___526.py,F6C1CA7224F0815A22E7BDFAF53211A6D9AE69F046796B731BAF8EFD264754ED,__init___526.py=services/__init___526.py
2196,send_summary_email_1.py,F6A597A43CEF1E5F090C0F6588203A7C9207E7D937D9684257018F7FAF7DF465,send_summary_email_1.py=scripts/send_summary_email_1.py
2197,install_headers.py,F6A45E4B26D78D7E04F27B5CAF7B0379FE61D55A8E82718BEC127E58809A0CC9,install_headers.py=backup/SNS_24AutoProject+++0508삭제/.venv310/Lib/site-packages/setuptools/_distutils/command/install_headers.py
2200,register.py,F625DDC3C57960B0C5E0B0A8B5E7F4F989ACEBE6126F1A5759AC5C59C700C440,register.py=backup/SNS_24AutoProject+++0508삭제/.venv310/Lib/site-packages/setuptools/_distutils/command/register.py
2202,hash_file_locator.py,F5E2740807357A009765A062DFD099E5C244E0A21C6B1965AC6F5096FCF2528A,hash_file_locator.py=locator/hash_file_locator.py
2203,__init___353.py,F59F701CF643761DEA8F2C4AF8B73B4C0585C0A98351CCA11C9E019DA3973DA8,__init___353.py=services/__init___353.py
2206,escsm.cpython-312.py,F4C9234C1774B1A898DF70D7EC6E63A9F0CB016B1EBE2C7240104825B5CB70A4,escsm.cpython-312.py=core/escsm.cpython-312.py
2207,ccompiler.py,F4ADE94360DA12A8FAF22DEF20C72B5ECE7D1CFC91415A333825BB8A7EA6918C,msvccompiler.py=backup/SNS_24AutoProject+++0508삭제/.venv310/Lib/site-packages/setuptools/_distutils/msvccompiler.py
2210,common_rules_2.py,F3D4A04EA6004BF6F7DFD49801FC557C5C6C00EF30A2372D8A7D514FE5B1176E,common_rules_2.py=modules/common/common_rules_2.py
2218,__init___589.py,F2E95651D73E1812D134DAF33B066FD4B01DE6B8B53D6412B32B292D401D81FC,__init___589.py=services/__init___589.py
2220,plyparser.py,F2B28E8D46CC3680B9C19B84E420E07B85F1C27BA4C43F0337BFDF6A973DD598,plyparser.py=backup/SNS_24AutoProject+++0508삭제/.venv310/Lib/site-packages/pycparser/plyparser.py
2230,backup_trace_log_snapshot.py,F1235E2C9BD3BB2231A6E58CA55CD74A753AC4924C922C12A4D1422A5946A3FC,backup_trace_log_snapshot.py=backup/backup_trace_log_snapshot.py
2231,build_py.py,F11140BC77E459176B0B8F631DBB99F5172D565ABC3470F540D9648D5E523414,build_py.py=backup/SNS_24AutoProject+++0508삭제/.venv310/Lib/site-packages/setuptools/_distutils/command/build_py.py
2232,_importlib.py,F0F4D985DF0768EAA7B78BDFE938A68334C5CBE3A4A874DA2BE7CE1AC9B0A26F,_importlib.py=.venv/Lib/site-packages/setuptools/_importlib.py
2239,export_session_results_with_datetime.py,F015E4447FF0EFD97C5EBF1E2CDBD805E4B2CCE3EF2ACA64920E6770F2DEA97D,export_session_results_with_datetime.py=data/exported_data/export_session_results_with_datetime.py
2240,zipp.py,EFFB07BD760B3F86B06C7D97DDC331AB5B2738500FCEF9159FD7194794DA3004,zipp.py=.venv/Lib/site-packages/setuptools/_vendor/zipp.py
2248,dep_util.py,EED48F4538531E8707BA4F38346BD82D458EA969B7C75FE9B5076CA302BB3449,dep_util.py=backup/SNS_24AutoProject+++0508삭제/.venv310/Lib/site-packages/setuptools/_distutils/dep_util.py
2250,__init___393.py,EE7C30080FF905E460DF4367F456093ABE53B83472EC00CE82B1BC40C4ABE024,__init___393.py=services/__init___393.py
2251,__init___579.py,EE264F7C9E99D1C08D3E7363A3D3B8233B1574124F52D10564F9E84BDAFFD22E,__init___579.py=services/__init___579.py
2254,__init___299.py,ED909CE8FA79A251F950F40D3220776C977895E786D932D11F2A1C1C8489E218,__init___299.py=services/__init___299.py
2257,__init___500.py,ED4574BAFD50E52C8FE376B9A2D6ED15818C004C040D13F1AAD0DC03110F266D,__init___500.py=services/__init___500.py
2258,py37compat.py,ED1EDFCF62271AC4B1FC88445A92CCA469845AEF9778B25D0F72800E98218D31,py37compat.py=backup/SNS_24AutoProject+++0508삭제/.venv310/Lib/site-packages/setuptools/_distutils/command/py37compat.py
2261,__init___542.py,ECDB9F251190F55E961CBC44AC073AD9A2F1670FF3E72BA2D263A7ABF52F4EF0,__init___542.py=services/__init___542.py
2265,__init___489.py,EC615CDC914ACD4C6A26E505A99AC272760D1B06A234FA3F7796B536D16A25A9,__init___489.py=services/__init___489.py
2275,utf1632prober.cpython-312.py,EB0BCFF1CE2ADB03527C10265EE3F500DC5C9E3ABB5D90EF648CC45B358C12F9,utf1632prober.cpython-312.py=core/utf1632prober.cpython-312.py
2278,__init___585.py,EAB513977360FC97BCABF3095D28339B2DB9A158084544F2CA886367E6B97F0B,__init___585.py=services/__init___585.py
2287,big5freq.cpython-312.py,EA0B91FA308B3484CCF26002738866643286893BCC05451C6560F3ED2267D2E0,big5freq.cpython-312.py=core/big5freq.cpython-312.py
2291,parse_functions.py,E9AF04F58E8BC8998D65B0AB4E0171925C68C492CFDFE670DC6B7B719885C9FD,parse_functions.py=tools/parse_functions.py
2292,__init___513.py,E9901BBBA368A835898D83D60AD9FC3DA663BA500482CF91D179E0AB6675EF84,__init___513.py=services/__init___513.py
2293,common_19.py,E9730AA58C8FC3E2DAE500D4AA10FF5C7E4AA188CC6D890729DCC5BE1890278F,common_19.py=modules/common/common_19.py
2294,__init___359.py,E961F0B18CA54EFF92DB03F9756323710AA0D12D7716BC70A2C6F5A7C7216164,__init___359.py=services/__init___359.py
2295,common_29.py,E948A9186A7BE00E9E396C59C66972B0A82289C6A93B0A0CE808F34A6BA64AB7,common_29.py=modules/common/common_29.py
2297,export_all_table_row_counts.py,E92910B7CE428B702BD29A167D1ED91AA4CF68B8A3C56DD748AEDA04F291A268,export_all_table_row_counts.py=data/exported_data/export_all_table_row_counts.py
2300,distutils_args.py,E8DAA7D316702E838E7695A2AF1CFBF062045B42CD436E13FEF7857983ABBBA8,distutils_args.py=.venv/Lib/site-packages/pip/_internal/utils/distutils_args.py
2306,__init___34.py,E8723C6CAEE9FC44646AD27B330DE363691D39887C26F31D5576B1FD78F86660,__init___34.py=services/__init___34.py
2308,langthaimodel.cpython-312.py,E8505AB23DF84CB40B50AB37C095AAAC5C324B97BCCB5AB174A868496DBAA119,langthaimodel.cpython-312.py=core/langthaimodel.cpython-312.py
2321,setopt.py,E6D270C0F158CA4714A8ABD6D5BE6F7F9FB96D71C8ACD9C5BBCBCB7376B28A5D,setopt.py=backup/SNS_24AutoProject+++0508삭제/.venv310/Lib/site-packages/setuptools/command/setopt.py
2322,__init___391.py,E6B761A020DD3ACF9DD282181E9D8A61F56FC02C4ED5B04D89AFA0F4EC447CCF,__init___391.py=services/__init___391.py
2325,css.cpython-312.py,E661060A0FEF1B384DE650AE8B097D6EA3081B650504656E5B8FCFF38DCF33F2,css.cpython-312.py=core/css.cpython-312.py
2326,langhebrewmodel.cpython-312.py,E65B4C9A30E5E9361C9299012B2DC12C164B19A663B446360B617C6D853C6865,langhebrewmodel.cpython-312.py=core/langhebrewmodel.cpython-312.py
2327,codingstatemachine.cpython-312.py,E62906790D71F6B7373EB7543B36E96DF0F2E6E6C73378575590D82887B0E253,codingstatemachine.cpython-312.py=core/codingstatemachine.cpython-312.py
2328,unixccompiler.py,E6123DC2344C4E6DB889FE542A3DE81E446D8D0A6BBF538D1A8AAC8CDF15696E,unixccompiler.py=backup/SNS_24AutoProject+++0508삭제/.venv310/Lib/site-packages/setuptools/_distutils/unixccompiler.py
2336,chardetect.cpython-312.py,E54FB31A7311502811686927837808C11BDE39EDA987FB4A4E34848A99164D5B,chardetect.cpython-312.py=core/chardetect.cpython-312.py
2338,upload.py,E54D5E9A5B6783A6DF72C2DCF6E4B4A41390782FD8013A7B27203B6ED8EE42ED,upload.py=backup/SNS_24AutoProject+++0508삭제/.venv310/Lib/site-packages/setuptools/_distutils/command/upload.py
2339,__init___390.py,E5418240CB13A8B7935C663C505A0D42DC227F1FA0E8DB0A18D798FC20864580,__init___390.py=services/__init___390.py
2340,needed_files_from_imports.py,E539EC82C5C413DACA0068E41C215945D31F6E469BD8C6DEC3D4F3CB9C56540C,needed_files_from_imports.py=tools/needed_files_from_imports.py
2343,resultdict.cpython-312.py,E50CBF588D63EB3DCA52FBAD5F4A39EC93CC391FC21B7FA18DE4171399C9FAE2,resultdict.cpython-312.py=core/resultdict.cpython-312.py
2346,__init___491.py,E4F6B3FB3A02658D65CE391E8F63DE58AECBC659153A4A6F69312644D42D11F1,__init___491.py=services/__init___491.py
2348,auto_rebind.py,E4A52B791508BF6489A922686E8460EB864BE50C4366BB013A2BFF3FB47B8715,auto_rebind.py=auto_rebind.py
2353,euckrprober.cpython-312.py,E420E1A2701FD8DCCC8D5FD0AF5A5904324B22291F7AB146891CAEEDB789E752,euckrprober.cpython-312.py=core/euckrprober.cpython-312.py
2357,export_all_tables_with_datetime.py,E33E7B21C6B738E1D1BBC9481A63F90128F9DED321D86C850FA7112B6C7DBFF9,export_all_tables_with_datetime.py=data/exported_data/export_all_tables_with_datetime.py
2361,__init___43.py,E2CDBE5F8C1353297F84C6791D6F00F9E2087E47AA8978BA637828AF27429042,__init___43.py=services/__init___43.py
2363,init_user_table_with_role.py,E29D33FE9C859F03D4FC39F0330DCE08149D964CFE4C731E672511B67A70491E,init_user_table_with_role.py=db/init_user_table_with_role.py
2365,big5prober.cpython-312.py,E28119C5A76FA536B65B940F32FB8C1C3985E7857656EF7E2062F6F8368095B7,big5prober.cpython-312.py=core/big5prober.cpython-312.py
2366,__init___580.py,E25F44D8C51117BFDE4A1694FD9ED1AF5467468DCB55EB6B513731AC966AE2B5,__init___580.py=services/__init___580.py
2367,__init___514.py,E23A186F9B116BDC30ECC0A1A9999FEACB970919B434BDDA3CB591A4B43E5E9B,__init___514.py=services/__init___514.py
2370,insert_command_log.py,E215DABB661201EE125ACB5186053DEAB01D19141D89B320204383425F2D9CCF,insert_command_log.py=db/insert_command_log.py
2371,_apply_pyprojecttoml.py,E1CD2E580DE12D4A768A27B1A936DA32DC01B5AF32BA42D9C2F53C4C7F657ED3,_apply_pyprojecttoml.py=.venv/Lib/site-packages/setuptools/config/_apply_pyprojecttoml.py
2374,__init___145.py,E17760D0C1FC3241D77F71A134BEC721C34084C71F1DD83E0C17344F925E44E7,__init___145.py=services/__init___145.py
2376,__init___317.py,E1366401665343B22A1B1D603BEFF5678DBA6E541B8E8D4DF4F0931DABA7B6FC,__init___317.py=services/__init___317.py
2379,export_log_summary_csv_with_datetime.py,E1210B12E72DCD45FFA9DA3E952833EA41D94AAF574E7AFE578FEFB605E08C67,export_log_summary_csv_with_datetime.py=data/exported_data/export_log_summary_csv_with_datetime.py
2381,recovery_routine.py,E0FF616F00B64DE10BC91CC71A08D42CE3179FF2E5C0A7046A5D9D90185572FC,recovery_routine.py=recovery_routine.py
2391,__init___535.py,E01DF19773462BC74AEB01848F0AE9D69E47945EFA7604C9000704E579BFD5E2,__init___535.py=services/__init___535.py
2393,build_ext.py,DFFB2B2B671A9E8610581E33395C28F540C5FC0994197135D1B1660F134E532F,build_ext.py=backup/SNS_24AutoProject+++0508삭제/.venv310/Lib/site-packages/setuptools/_distutils/command/build_ext.py
2396,__init___204.py,DF856DAED3856782E7398DF22EBD446264F6433676F1ACEA2B0A0FE105A07E4C,__init___204.py=services/__init___204.py
2400,converters.py,DF18035DB8B23DF6EDD5DF43FBAF9AFD5759B2E9A887BF57AAADA7C8E6F21453,converters.py=backup/SNS_24AutoProject+++0508삭제/.venv310/Lib/site-packages/attrs/converters.py
2404,__init___333.py,DED17BEDEBCB25EFEF8A251DB0E80400060D5B40157933EC17CA7E87046AA449,__init___333.py=services/__init___333.py
2419,recovery_file_restorer.py,DD56876075ED61CDC92174E47D6AE6DB5834616E9CFB4D69919E280C7C93454E,recovery_file_restorer.py=recovery/recovery_file_restorer.py
2425,_funcs.py,DCD432D2B1FA16FBFBCFDFB70CF82B7D9B2320AC64C8458DEF104EB620E280E4,_funcs.py=backup/SNS_24AutoProject+++0508삭제/.venv310/Lib/site-packages/attr/_funcs.py
2431,bdist_msi.py,DBEDE8C20B4BB4963CFFB8FDC69DE2D21EFECB8B31B7DDCBC31AD464AE4B4C58,bdist_msi.py=backup/SNS_24AutoProject+++0508삭제/.venv310/Lib/site-packages/setuptools/_distutils/command/bdist_msi.py
2438,common_34.py,DB0089524DDC21012B4EF5D36C50456A6CD4FED9169DF8CF0DBE8C3F23685778,common_34.py=modules/common/common_34.py
2444,_functools.py,DA7408563C04CAD511DAEBF9E2A1091AD148DEF11A388437D05B97A5618B881D,_functools.py=.venv/Lib/site-packages/setuptools/_vendor/importlib_metadata/_functools.py
2445,_deprecation_warning.py,DA4318FA3AC8F0B74B5F27FF99450D498B635AB7D66C336AEFBD1687D36B4806,_deprecation_warning.py=backup/SNS_24AutoProject+++0508삭제/.venv310/Lib/site-packages/setuptools/_deprecation_warning.py
2451,backup_exported_excel_6.py,D9DBF8E59710392921CE860935486C477F463C75589D5930A09045F2B8D31A7D,backup_exported_excel_6.py=backup/backup_exported_excel_6.py
2455,headers.py,D9715B504D01CC421FB41476292DB281E491218CCF07E6BEAB7E637DD719D4C0,headers.py=backup/SNS_24AutoProject+++0508삭제/.venv310/Lib/site-packages/websockets/headers.py
2463,export_db_snapshot_excel.py,D8AE5586A6388F81E296B57E01A09FBDD92B6364CE5A961CE947CDFC01EA48FF,export_db_snapshot_excel.py=data/exported_data/export_db_snapshot_excel.py
2466,__init___368.py,D83245B8A36683DE3AED14DB2100E5AA77E382E8F10D93C164A5B3313F73B466,__init___368.py=services/__init___368.py
2478,__init___148.py,D6BCE650770F828E2ACC8468BA770C36543A21D5F06133D48E9FA65C5A286194,__init___148.py=services/__init___148.py
2482,ast_graph_builder.py,D68B0AB67DC028D6A164F7D99A7AD1DE2BEBC025DAC2B3A459CC3F174B366EDA,ast_graph_builder.py=modules/ast_graph_builder.py
2484,__init___312.py,D5DB53DEF969D45ACFFE773219CCB5FC9BFE205AE4E154FA50F87EDA24F3B29D,__init___312.py=services/__init___312.py
2485,summary_report_writer.py,D5BB84D7296267873F516D49749728120A9DEA1ACD25A85851421CC5E55C5F91,summary_report_writer.py=reports/summary_report_writer.py
2487,spawn.py,D571281BBC35450EB7BD89F5B4C8CA022D4642ADEB47684788325D33DC659543,spawn.py=backup/SNS_24AutoProject+++0508삭제/.venv310/Lib/site-packages/setuptools/_distutils/spawn.py
2494,__init___301.py,D497AC24022636FD0B4023F8BA5916A58524152D3C6FF0F2D66E386C4E250C99,__init___301.py=services/__init___301.py
2499,__init___324.py,D3F318AA4704DF2B9CF2281896197688ACBD4B00F3AF82A83E034EDE0C2C9893,__init___324.py=services/__init___324.py
2501,setupcfg.py,D3C687017DDBF373D3A8F50215704977815671422019460D5C387F9F24706193,setupcfg.py=.venv/Lib/site-packages/setuptools/config/setupcfg.py
2503,_build_tables.py,D35F523B91B3457B52EEEE5514CE5BBFB9F577435394EEE9047ADF1D4770B13A,_build_tables.py=backup/SNS_24AutoProject+++0508삭제/.venv310/Lib/site-packages/pycparser/_build_tables.py
2507,dprocess.py,D25989962C9D1BBE5F675A534F45E061F2B620F00F5A43EB897D91C5EA230F57,dprocess.py=backup/SNS_24AutoProject+++0508삭제/.venv310/Lib/site-packages/undetected_chromedriver/dprocess.py
2508,needed_files_by_name.py,D255EA23AE805086920F7F25F1D809DC74AF1EC8FB7D32CFE896F4566178FB1E,needed_files_by_name.py=tools/needed_files_by_name.py
2522,backup_full_db.py,D13FFF9F638C7CAB7026F30214B414D81231457EE9787B0C0A02F53D41E72BDB,backup_full_db.py=backup/backup_full_db.py
2523,__init___149.py,D10D2E8662BD1EF6AF6197E1D8CE97CA354D35F3D9C9959A0EFD248DE74D0052,__init___149.py=services/__init___149.py
2525,__init___492.py,D0D4FC3078BB48AAB78EE32A61F39DAE4CE38AC2B42FBDE59DE3471F8A9A500B,__init___492.py=services/__init___492.py
2526,image_generator.py,D0D07ED4F6FB01F929F53A250C463959345C8AD0636EC1DAE3D7D5E6ED3BB867,image_generator.py=backup/SNS_24AutoProject+++0508삭제/modules/image_generator.py
2527,__init___250.py,D0CFE7179B2D8146B470D450F7ED093DD4990F559FB90CF4DB18F9597B58CCCC,__init___250.py=services/__init___250.py
2532,export_logtrace_table_1.py,D0878727735FBB3928A754B58AB2899BF34636EC1AB46534CC84BE4E514D1C64,export_logtrace_table_1.py=data/exported_data/export_logtrace_table_1.py
2536,dist.py,CFF784AE8A785681AA317E820995F8B55D62E1B19A6598F55DB5F80BAD0AFF98,dist.py=backup/SNS_24AutoProject+++0508삭제/.venv310/Lib/site-packages/setuptools/_distutils/dist.py
2539,__init___392.py,CF8B96DE1B1BBC53F45C08AFF1AE37F9225EA287F89133A3DC7603EA1863F166,__init___392.py=services/__init___392.py
2549,st_common_3.py,CDCF96888971ABAF59AD4D5C4E338E7EE98AB1564FF0FB6E82A2AE2A3AD754EE,st_common_3.py=modules/common/st_common_3.py
2555,dir_util.py,CD5F2BF3CA6D55AC935BBDBD095EA56FC56EDE2466CE058EAFA6BAA72590E867,dir_util.py=backup/SNS_24AutoProject+++0508삭제/.venv310/Lib/site-packages/setuptools/_distutils/dir_util.py
2571,__init___147.py,CBC02ADAE923135FBD857A387726E2B1B41DF750708B480164C35C0195F3B12F,__init___147.py=services/__init___147.py
2580,__init___308.py,CADFCBE515EE1E01BEA5F3CA857060956DF5AF475858E57406DF1E10A90D26C7,__init___308.py=services/__init___308.py
2583,__init___575.py,CA1E4ED558E507CD68AD56A404F56375FA671EB0A9540A4DB6C397ADE5249411,__init___575.py=services/__init___575.py
2589,__init___255.py,C97A792312015E75122BC79B2997A9E2928A34610C62F696F55DD4651943F4A2,__init___255.py=services/__init___255.py
2595,insert_git_log_to_db.py,C8E40676634953F220F2ABF4A546248DC8002DF66D438B86D4902843BE3FB38B,insert_git_log_to_db.py=db/insert_git_log_to_db.py
2596,export_session_log_6.py,C8B7F4BD751AED313E1836D64BD06D94C8838A71305DE44859BFBC55D6D89DE2,export_session_log_6.py=data/exported_data/export_session_log_6.py
2601,__init___63.py,C80FBC1356F41132463B6E37D71AE92CAEF912CDBBFE620D9A6544CE076A9C75,__init___63.py=services/__init___63.py
2603,versionpredicate.py,C7C544D2513B914C3198C469538272B3445F6FE6C118F0185ADED6232522F073,versionpredicate.py=backup/SNS_24AutoProject+++0508삭제/.venv310/Lib/site-packages/setuptools/_distutils/versionpredicate.py
2605,jisfreq.cpython-312.py,C7A780464B2D7EDDDDDC0535884AFE43909DD6EEE8D6A27DF55BAADE0654E2E0,jisfreq.cpython-312.py=core/jisfreq.cpython-312.py
2606,export_logtrace_to_csv.py,C79F52B5102974390D58860241943F6033E33407C287FA68A4D5E608564A9CBA,export_logtrace_to_csv.py=data/exported_data/export_logtrace_to_csv.py
2609,__init___139.py,C72B5C54326A5E5BDAF6984B4798156641810F7BF75BA8EB786895520F28E949,__init___139.py=services/__init___139.py
2619,__init___512.py,C564E9FA6DD3E3544BA5410C10724281F7D7277E87A35617BE907749CC212BDD,__init___512.py=services/__init___512.py
2623,backup_disk_log.py,C4B90060E9FDFF6F41C6050103004C4069553566AB49808A9EC3B845B671F87E,backup_disk_log.py=backup/backup_disk_log.py
2624,alias.py,C4B8ED285A44CF244B49E8A494008D66DC4CEDDE44BF990EFBFA1D6F80A7E9CE,alias.py=backup/SNS_24AutoProject+++0508삭제/.venv310/Lib/site-packages/setuptools/command/alias.py
2631,override.py,C39CE75D11186C977B17C318AF66573B15198833DBA249D7548A9D2C706E9C0E,override.py=backup/SNS_24AutoProject+++0508삭제/.venv310/Lib/site-packages/_distutils_hack/override.py
2636,export_logtrace_6.py,C350E2EEAF242F4DA3E516564ED8A49DA571B112D4103D28930F8AADB63386B0,export_logtrace_6.py=data/exported_data/export_logtrace_6.py
2646,ast_transforms.py,C271EF0BD0CBA80AF9C150E1763D2CEBAB3DBF75D2637FE9FE5DD0EED48BCEE7,ast_transforms.py=backup/SNS_24AutoProject+++0508삭제/.venv310/Lib/site-packages/pycparser/ast_transforms.py
2655,_entry_points.py,C1C2E8B89038671B010172AF9B34D33E83B0EEAD7D2DE0A784FFC7BBE52333AF,_entry_points.py=.venv/Lib/site-packages/setuptools/_entry_points.py
2656,functools.py,C17A17C98ACD56D53706FA54C68FBEE36A48AF1E89ED48F1AAB6A8EE2280F29B,functools.py=.venv/Lib/site-packages/setuptools/_vendor/jaraco/functools.py
2660,c_lexer.py,C0DADD7327D7F3EAB15625D3BDF83E145220B973ECE56783145F892A0AF7F989,c_lexer.py=backup/SNS_24AutoProject+++0508삭제/.venv310/Lib/site-packages/pycparser/c_lexer.py
2663,export_session_results_to_csv_with_datetime_6.py,C0A283BB26A2C5055A44DD80A1C684A3F75A0AE296B511F7A4525061D97B87FD,export_session_results_to_csv_with_datetime_6.py=data/exported_data/export_session_results_to_csv_with_datetime_6.py
2670,__init___231.py,BF9698AE5A05460DFEBC2CA91E89A58BC333DE607EB78A699D96604201F3210F,__init___231.py=services/__init___231.py
2671,__init___320.py,BF91B080F90EF9859B838E77546077F464B0791FD5CD6383B7DBB45F9DBF77F0,__init___320.py=services/__init___320.py
2675,contact_cleaner.py,BF45DAF479E5A7F8A5B168C05BEFA0597BEB38172AD339F0B5CD5E453F26CA5C,contact_cleaner.py=backup/SNS_24AutoProject+++0508삭제/modules/filters/contact_cleaner.py
2677,__init___229.py,BF30A77A561EBC4B6951FD6AC0967DCD4ACB54DD64B42E948E5E70E9B93D9A6A,__init___229.py=services/__init___229.py
2689,langturkishmodel.cpython-312.py,BD3B8E49E856DB22286A8198FD67F8B22EEB3DDDD298FB69DB62FCFF8036BA83,langturkishmodel.cpython-312.py=core/langturkishmodel.cpython-312.py
2690,__init___316.py,BD2F552B8D915D2B7A45B33CD20D6150566772B9FD286A14F6EC4B9506541584,__init___316.py=services/__init___316.py
2692,export_git_commits_to_csv.py,BCF0C7926B13A0BE5D2FE2C6E19ADBE3B748B5B00232051B203B01AB931C05B9,export_git_commits_to_csv.py=data/exported_data/export_git_commits_to_csv.py
2698,__init___583.py,BC8F8F9B29323F0EF2456F9E6C0AF17F17B93B2E5A0BE62FBE389A61A80B75D0,__init___583.py=services/__init___583.py
2700,backend_ctypes.py,BC45EF96E3C53473D055D21D6ECA2B30D651F15382E91A184737F60F3D1EB265,backend_ctypes.py=backup/SNS_24AutoProject+++0508삭제/.venv310/Lib/site-packages/cffi/backend_ctypes.py
2702,pyparsing.py,BBC9F33A160F1AD7E8A995CE4BB625A8C7A49CA4C66C2FD36EC24EF52C955B32,pyparsing.py=backup/SNS_24AutoProject+++0508삭제/.venv310/Lib/site-packages/setuptools/_vendor/pyparsing.py
2707,exceptions.cpython-312.py,BB7104838379F07BAFE64B5B3FB6EB979E4F496D445CF9214D1CE460B5B906B9,exceptions.cpython-312.py=core/exceptions.cpython-312.py
2709,cp949prober.cpython-312.py,BB461826C78927A6F1396AD47AFB67D676A14C834DDE308A2817D32660CD743E,cp949prober.cpython-312.py=core/cp949prober.cpython-312.py
2713,__init___226.py,BAB3CCDBD148227DFE9C6180EC109FB74AECA21AC742A1C82B8506CA48439251,__init___226.py=services/__init___226.py
2723,__init___298.py,B97924F274A43A4191A6C43B75CAC160E77F055D859A86851EB620B22576270E,__init___298.py=services/__init___298.py
2726,export_feedback_log_1.py,B94F4EBD62D3BA93291C40C63C10D9FE3EE242EF3377AE19D04172943799B418,export_feedback_log_1.py=data/exported_data/export_feedback_log_1.py
2732,__init___380.py,B8F1697155C299746CEB2A9EB52BDA2959B5B33094A87002917B3CFE89C946AD,__init___380.py=services/__init___380.py
2735,__init___350.py,B8C868808C6707D0B8DBFD05BB3C06380074CD61D5D57B6AA263AEFE56AC63D8,__init___350.py=services/__init___350.py
2738,__init___58.py,B7FF4EECD08750DB0BC851C2F1019AEEBE524AC97F3F4DCB731443BAD7458CC4,__init___58.py=services/__init___58.py
2744,vengine_gen.py,B75EBAECEFF2BC957DB9A71465103224664A406C0D17B9070CB22613F8B936DA,vengine_gen.py=backup/SNS_24AutoProject+++0508삭제/.venv310/Lib/site-packages/cffi/vengine_gen.py
2745,py31compat.py,B734067BEC3C83B1845DBE8ECF0DBEBFC647688CA00039B0D0B020AE26333C07,py31compat.py=.venv/Lib/site-packages/pip/_vendor/pkg_resources/py31compat.py
2748,johabprober.cpython-312.py,B711DE9D5FA66C9921EE0DEDF0E07F3FA379D9F78985BD4778480D962F11599D,johabprober.cpython-312.py=core/johabprober.cpython-312.py
2749,__init___51.py,B6EA1C94F600BB2A03EC21AC6489A6081B112C03ED8182651A34DB4E4D54C254,__init___51.py=services/__init___51.py
2766,common_20.py,B53173A26D77695F8456BCD75CF3984820348245CC62D06CF703AFA1F972A6BA,common_20.py=modules/common/common_20.py
2775,cparser.py,B3BC3CDE0E567AE5278B83EAC9D22A71354DDB826EEFF444BC0C2386CF433909,cparser.py=backup/SNS_24AutoProject+++0508삭제/.venv310/Lib/site-packages/cffi/cparser.py
2778,backup_trace_db.py,B37575617FA454B59A2FC03D555BE84F2F27EE24CB02CAB2773DF8CA2CC0C9A4,backup_trace_db.py=backup/backup_trace_db.py
2779,cfg_loader.py,B36E852E0A3451DA53EBAEF7D3C4C0A1B8FE1903A2C2381E0976169CCCE66B5D,cfg_loader.py=backup/SNS_24AutoProject_FINAL_20250516_1002/modules/cfg_loader.py
2786,generate_release_info_2.py,B228D70087CCFD8282E72EDDC2BF115201E0C8A3EAE653D11AFBF6BDFDBA36B2,generate_release_info_2.py=scripts/generate_release_info_2.py
2794,__init___89.py,B1C53196A4B79572EB542487606420080E1847E35294F60FD61D545D379DCA94,__init___89.py=services/__init___89.py
2795,export_db_schema_to_csv.py,B1BA7D7EB80F370047C619E3FBBE86CFCE5FB19D760E41B948EDB24E832C7771,export_db_schema_to_csv.py=data/exported_data/export_db_schema_to_csv.py
2812,lextab.py,AFE2C92B33E2902F5356EFB54A23C34954A3CCC6085680C87D058C135AD9A880,lextab.py=backup/SNS_24AutoProject+++0508삭제/.venv310/Lib/site-packages/pycparser/lextab.py
2813,http11.py,AFC15A76FAA15AC533E747F3D3F331FEAB928B2BB62718A50A6E17F1F5E6C135,http11.py=backup/SNS_24AutoProject+++0508삭제/.venv310/Lib/site-packages/websockets/http11.py
2815,__init___518.py,AF9AF4BD392FDB083DEA5BD93DCC38C8293808D8272726B8B9EB47C0C2A305C7,__init___518.py=services/__init___518.py
2817,__init___97.py,AF68E64E5600116ACFBE1208BDA0F3D27DCA1FF5E1984878153EACB1E51A31C4,__init___97.py=services/__init___97.py
2818,__init___582.py,AF33A5846E697F3C9F31D94ACAE170196529F3A6FA910FDE20C6E2B0CC040DCA,__init___582.py=services/__init___582.py
2820,euctwfreq.cpython-312.py,AF2484F20E6AA6B320CB29AE453E185F084C58968D3F608CF3541C688AE6510B,euctwfreq.cpython-312.py=core/euctwfreq.cpython-312.py
2821,scan_tree.py,AF1236FA1EF3E220430D061D062988B14B60794A93D99A761A8FC4EF79B155B2,scan_tree.py=tools/scan_tree.py
2822,main_candidate_1.py,AF089BF544B7070A8D8487E67C5A02E5CC9F61FD4B820CD4C27B7906CB39DAD0,main_candidate_1.py=backup/main_candidate_1.py
2830,__init___305.py,AEC1BB6FB541A798606231610BC3618F127D9020D0120FB8E2EBB6ABF7CA259F,__init___305.py=services/__init___305.py
2832,backup_env_log.py,AE98BA3F9F26951D93013529A8E045297DDB3969E146E0C3C00763CEF2511762,backup_env_log.py=backup/backup_env_log.py
2834,cpp.py,AE6128F08A0E175BE8647FC2E6F6DC3E5CBA61D6F43D4CA17E4751A5AF15F0BD,cpp.py=backup/SNS_24AutoProject+++0508삭제/.venv310/Lib/site-packages/pycparser/ply/cpp.py
2835,langbulgarianmodel.cpython-312.py,AE59B2C29AE6183A3333A35870009D7AEF52CD1E434E4AC418CB3BEFDE2451C3,langbulgarianmodel.cpython-312.py=core/langbulgarianmodel.cpython-312.py
2843,__init___86.py,AD5B2E030E978D470451A62023D68C6E639800281C84E54A53969D2B9ACB20DD,__init___86.py=services/__init___86.py
2846,__init___151.py,AD2562A98ED4E46951B1C6675752CEE8C28DAC44FA51DB32F7FE5E3D87EA975C,__init___151.py=services/__init___151.py
2853,recipes.py,AB8612345EB34E590B8D5F72987E7D1E4D4E6989274EF45EB440032910FC70F7,recipes.py=backup/SNS_24AutoProject+++0508삭제/.venv310/Lib/site-packages/setuptools/_vendor/more_itertools/recipes.py
2861,discovery.py,AB157BFD3A827F8AC8A1B4A3EFC6F88B494127D093CBC933B611F1F85CB8C84C,discovery.py=.venv/Lib/site-packages/setuptools/discovery.py
2864,c_ast.py,AA80439056B76FCEF969F7FE12320CB180DC2377700715C004DB2400045715A0,c_ast.py=backup/SNS_24AutoProject+++0508삭제/.venv310/Lib/site-packages/pycparser/c_ast.py
2868,__init___530.py,AA1BD7F74F5E451CCD6F0860E78806910763672C8980FEC6EA8698834B19977C,__init___530.py=services/__init___530.py
2869,common_30.py,AA01CB91C76E68E050E0E14FCCE0FAAD19633FA8CDEB493C5F11907F6766CD6A,common_30.py=modules/common/common_30.py
2871,__init___146.py,A982B4E29E7223825AEEBA1FC799D737070D8E8E1BFE44F06C647590737833FE,__init___146.py=services/__init___146.py
2872,frames.py,A9768252DD87716BF4B59479CB6BD10A7300AF2C0100B20D15EE6C5C362FAD5C,frames.py=backup/SNS_24AutoProject+++0508삭제/.venv310/Lib/site-packages/websockets/frames.py
2873,__init___498.py,A974FAFC8F7C41E1ED1A4242AF82B56B57960C4150059AEA5FBA50D4709E2689,__init___498.py=services/__init___498.py
2874,backup_exported_excel.py,A948AEE32ED7B9F9C4B11A747912BC0643685696180EA825AE1DA1F66AFF5159,backup_exported_excel.py=backup/backup_exported_excel.py
2876,__init___81.py,A918F3E95C6BD964BE6D07001833CFE3198CA69973ACC152F0D2042799BF1EDB,__init___81.py=services/__init___81.py
2887,__init___76.py,A80359F51323DB70D28DA783832A1764C47C68810AA9B8072ED99BBBA629E7E0,__init___76.py=services/__init___76.py
2892,__init___532.py,A7C261C738FA66E7B89197678083433EFD8D7250770ECDFE82DE747AE498BDA1,__init___532.py=services/__init___532.py
2897,euckrfreq.cpython-312.py,A75C4FC708050FA971165DDB54C43C94230A45FCC5E3383D9DBC1445A4F05BF4,euckrfreq.cpython-312.py=core/euckrfreq.cpython-312.py
2899,__init___592.py,A72482B3B20EBDC6D84B7CAE60D289182DCA2F61F088DE97E13F9C3EC43CDFE3,__init___592.py=services/__init___592.py
2904,unicode_utils.py,A6757DAC85321226F34208209C8A0C89FED5DBBA82C946F191E78C8800DFB1B3,unicode_utils.py=modules/common/unicode_utils.py
2906,__init___521.py,A641E1A21C0EBF1105F0422FF919816CBCB8D88CC1D2D8D332E2BB40498523F7,__init___521.py=services/__init___521.py
2908,__init___153.py,A5A297156ED8EBA050B8737011EC714C6F0355AF90A6856F5DA50E8F7459809A,__init___153.py=services/__init___153.py
2910,macromanprober.cpython-312.py,A56D44E90A1186815C5FD0BEEDD211FCD46881F2521EFE60FEC140AF889EF41C,macromanprober.cpython-312.py=core/macromanprober.cpython-312.py
2912,__init___355.py,A55CD82F0F8443D7AE5259521A17FFCAC4AB7A06239752D55B042DC9190E5770,__init___355.py=services/__init___355.py
2913,__init___132.py,A549978C25F515FCC6C9C6EC1D898C61205515EEF3D6805A777843AC2B95482C,__init___132.py=services/__init___132.py
2917,export_trace_log_backup.py,A5248AB455ABD25673FEC3AA70778B4D4885012256CB75E6D372F4577FDF254A,export_trace_log_backup.py=data/exported_data/export_trace_log_backup.py
2919,__init___547.py,A50D97827FEA2277D8C282362C8710A3DA6DE0D9DB475ACCD735B96BBB95DCC5,__init___547.py=services/__init___547.py
2936,insert_viewer_user.py,A3C80D0C76EED2932DF9A7E6853DB8FAC68A96A2A703A5AAC096E8F2D8508232,insert_viewer_user.py=db/insert_viewer_user.py
2938,__init___338.py,A398B99B0185AA808AB2B294730B407F9A10E3C812A0088E23277918098FF904,__init___338.py=services/__init___338.py
2942,init_user_table.py,A34AC910756A6A8699BF19094680AA5691D90529C7988E3D2CF4EF0BF1968FB1,init_user_table.py=db/init_user_table.py
2943,__init___371.py,A2D004080834DF6A5CCF36334EC7C8A918D83A1238C896E256851B68084E529E,__init___371.py=services/__init___371.py
2945,patcher.py,A2A3FEB02D9C8BCE053D61D2A9E248F55F0094E9E2A1176D2A483A3ADD539C75,patcher.py=backup/SNS_24AutoProject+++0508삭제/.venv310/Lib/site-packages/undetected_chromedriver/patcher.py
2946,__init___372.py,A28659B5D1A9859A0B420B9671A161E0CF8215E5BA97DD15EB84A675E49D139A,__init___372.py=services/__init___372.py
2948,backup_trace_log.py,A26F995CF4E6117B8B09695CF03EBDFF07B6643E711CE1254A911BA3DB70677E,backup_trace_log.py=backup/backup_trace_log.py
2950,insert_env_log.py,A1DF089948898D9BBD1DD0B04B0873A71E49E4ED5283370A03D8C87E57C96001,insert_env_log.py=db/insert_env_log.py
2954,_warnings.cpython-312.py,A15D3C353F39CFDE843F06BE628EDDD547113E97EE7CF5DF720B985119905A87,_warnings.cpython-312.py=core/_warnings.cpython-312.py
2957,__init___302.py,A1065200EB3BAC799EE82C5F74BF67ADA611348DCD535F0C8F343891098ADA40,__init___302.py=services/__init___302.py
2960,formatter.cpython-312.py,A06EB1940A552A8A8AB0A547EF5571C456CD7794D32AB2BC51A5C58710D26EFB,formatter.cpython-312.py=core/formatter.cpython-312.py
2968,backup_all_logs.py,9FEBEB3D4C28CD58EE6CCCBDF0C794C0D413FB053CAFFDFD425BE7415CDA8498,backup_all_logs.py=backup/backup_all_logs.py
2973,ffiplatform.py,9F5159605C1D9B343C6E6050593BC2596198BBCD9A9414E36557378178C1BF7F,ffiplatform.py=backup/SNS_24AutoProject+++0508삭제/.venv310/Lib/site-packages/cffi/ffiplatform.py
2978,egg_info.py,9F032665A167B9BCA3B7482F47923B47C7D8826F511DD2A70EF339841038B6D6,egg_info.py=backup/SNS_24AutoProject+++0508삭제/.venv310/Lib/site-packages/setuptools/command/egg_info.py
2979,__init___326.py,9EF4FC337BC8A925D689DA51E2252ECD702446BA07886FE186459E3C7E35B573,__init___326.py=services/__init___326.py
2980,_macos_compat.py,9EE3275167C03D6EBD460575FE4FE5200429969406A9FCA6A2E835110C5DFE5C,_macos_compat.py=.venv/Lib/site-packages/setuptools/_distutils/_macos_compat.py
2985,ctokens.py,9E30C3DDDBE8E9537FF9B7E35DF6CC3B3733976FBED138BD0329DB51AFF8C21F,ctokens.py=backup/SNS_24AutoProject+++0508삭제/.venv310/Lib/site-packages/pycparser/ply/ctokens.py
2989,sample_test.py,9D9020EE3BE34262DD3FEB1DF38908899F5F39FE121FDC8F27CACDB81E940392,sample_test.py=modules/common/sample_test.py
2990,__init___214.py,9D86F684B18562741E64F8D56E51B5EC3257AF0A8272F75D63CC38AED3E53769,__init___214.py=services/__init___214.py
2992,dammit.cpython-312.py,9D4393F82BC50CB7EDE994E945F7E851EECBE32EFEF7F6708620D0B119D00CF9,dammit.cpython-312.py=core/dammit.cpython-312.py
2997,export_session_results_to_csv_with_datetime.py,9BCB4D2D08CA4EF511AA21CB6A4A1C2A215458E4B4A591C5ED827F2DDBD378AA,export_session_results_to_csv_with_datetime.py=data/exported_data/export_session_results_to_csv_with_datetime.py
3005,__init___577.py,9A139CF6BF38BB2D9AD57549EA7653AAE8CEE6D5B2A461FDD1797F97648CCB5C,__init___577.py=services/__init___577.py
3011,__init___374.py,99B96BCCC537C932964D9FF0BEE274F6369F8BB3BD0A243D89587B3B50C4BF1A,__init___374.py=services/__init___374.py
3012,__init___244.py,998F94C418DBB8F31F52F6B672B3FF3C387215C2B6FAFA7A4C764D5D7DAEB354,__init___244.py=services/__init___244.py
3016,ordered_set.py,9951A3E26815F8914606C715DD4DA2726B1CD2BB73A011C73AABA586B59F6512,ordered_set.py=backup/SNS_24AutoProject+++0508삭제/.venv310/Lib/site-packages/setuptools/_vendor/ordered_set.py
3017,__init___309.py,99287A51EC5A626F78E123BD6DAB8F71092BD0C751E3783D49B260F3A94D452D,__init___309.py=services/__init___309.py
3029,_meta.py,97E8792C8E6ABBD3684C71F512E4A7D43A5181A12E3407DAD85A92C18DDBC085,build_meta.py=backup/SNS_24AutoProject+++0508삭제/.venv310/Lib/site-packages/setuptools/build_meta.py
3031,__init___225.py,97C661CDE8DD04F4D983951CED71D753A87C3CCD05C22475DB4AE4F17A0B26A5,__init___225.py=services/__init___225.py
3037,__init___152.py,96B7A2BE766AC55345C4ADBBA923858AC287F172816244EB36A977399FA08FE8,__init___152.py=services/__init___152.py
3038,main_features.py,96B7470CF9839D8B2417D642D12D04190402FAFDD61BF344C9D34765D08B8482,main_features.py=core/main_features.py
3041,__init___346.py,9619663A3C6990776C1F59E02A289CA0E5062F62E1051FB2F72E0CB8B9ADCF06,__init___346.py=services/__init___346.py
3042,__init___487.py,960F974546C6F08C8E6385C5B402738B870074252A98DF0895751F48EDC13728,__init___487.py=services/__init___487.py
3043,compatibility.py,95DE65A5B06027C606022DED73584C888C6E2DE4160E0EA928360155B490325E,compatibility.py=backup/SNS_24AutoProject+++0508삭제/.venv310/Lib/site-packages/websockets/asyncio/compatibility.py
3044,extra_validations.py,95751C9EF58D616D4D6B303361FECCF36D33AEEA9728BA35A6D6375A3A08CDFD,extra_validations.py=.venv/Lib/site-packages/setuptools/config/_validate_pyproject/extra_validations.py
3051,__init___543.py,94E3C2E33CF6DE00CBAFC90E5A3688383A160175A8AA4373760CA98D3681D391,__init___543.py=services/__init___543.py
3059,__init___230.py,944804374F74D11D0758D195475E378B7276B8213AC86223D2397F575202DB89,__init___230.py=services/__init___230.py
3072,__init___44.py,92A8DB8B57EA1D0032F423EA841813DCB7213D5D56699C329EAB92B4E5C93BA6,__init___44.py=services/__init___44.py
3073,net_socket_engine.py,927D65DE0CD55D93715FC5D3FF01B032FED0D9637DD0370094DA7ABD8804217B,net_socket_engine.py=modules/common/net_socket_engine.py
3076,__init___306.py,925342D11963180F1AD52B53DD07FAF0868A5C1D658DFE50BFFB60B674851F52,__init___306.py=services/__init___306.py
3077,_html5lib.cpython-312.py,9202E8326124836508D135E734C4C2989E53A53903FA012F7D7969638EA492FD,_html5lib.cpython-312.py=core/_html5lib.cpython-312.py
3079,_framework_compat.py,91F03F20AF2F259E48C24CEFF230A6BF2691AB2D8708262B55896A509F6D4D67,_framework_compat.py=.venv/Lib/site-packages/setuptools/_distutils/command/_framework_compat.py
3080,easy_install.py,91E2F456964288F13A4B72A8D086A1E7CEE199EEBB9ED4C74A78B191CF6D7E11,easy_install.py=backup/SNS_24AutoProject+++0508삭제/.venv310/Lib/site-packages/setuptools/command/easy_install.py
3081,__init___352.py,918D1AA2AFA5B9FFBF513F2F38FADBBF18DE57752B0A613CB4300D15EE643156,__init___352.py=services/__init___352.py
3084,__init___96.py,912127BF40380DB5EAB9777379FB68F118C267BB62FFCEDBE1BCA02514E11A0D,__init___96.py=services/__init___96.py
3087,__init___227.py,9100E49241A336506B31AC5C6905841BDD6656DD5147D82DD65C0619D0B834DF,__init___227.py=services/__init___227.py
3089,sbcsgroupprober.cpython-312.py,90A9F7F9AB7E5605796060DCB79372AEB780A37F6E91565FAA7F8A8CD85CA9BA,sbcsgroupprober.cpython-312.py=core/sbcsgroupprober.cpython-312.py
3098,gb2312prober.cpython-312.py,8F6C4954C72456803E3656D762F54E5B6E2FD11851E6AC29576BF8E7FD12ABEC,gb2312prober.cpython-312.py=core/gb2312prober.cpython-312.py
3102,__init___401.py,8F07CB8470F2FDEC718B0FB804B7C6480ED5A2B20F1291ED3E3951239764A668,__init___401.py=services/__init___401.py
3106,scan_tree_fixed.py,8E7104885635633E29BEF93E325B28BF9E4158BBB5A2ED084435087AA7A8F6C4,scan_tree_fixed.py=tools/scan_tree_fixed.py
3108,__init___220.py,8E25363CC95D5FC12AC070189FA68CC4AA9B192E872C1108D241319BA98CE0FC,__init___220.py=services/__init___220.py
3110,langgreekmodel.cpython-312.py,8E0542D496DDD6BFD99E7D9D56753A199DE4110A447FD2A98F0D6F1F579ECA20,langgreekmodel.cpython-312.py=core/langgreekmodel.cpython-312.py
3114,setters.py,8D9CDAED53AEE7A856C69519CE9DFCD18E5A07AD2F339E988B16EFCEC2834F68,setters.py=backup/SNS_24AutoProject+++0508삭제/.venv310/Lib/site-packages/attrs/setters.py
3118,euctwprober.cpython-312.py,8CC48912A9F21706124C5E67976858DECA39B12718BCFE081EB2C380DD7792CD,euctwprober.cpython-312.py=core/euctwprober.cpython-312.py
3122,msvc9compiler.py,8C85989D39ADA0FE26CB05D8D904A52FC51BD7C70CD97304970A423017E679B3,msvc9compiler.py=backup/SNS_24AutoProject+++0508삭제/.venv310/Lib/site-packages/setuptools/_distutils/msvc9compiler.py
3124,backup_network_log.py,8C35538FE12985C6AAB6311705D3988CC294DCCF31EE8C73683044AF11CCC1A2,backup_network_log.py=backup/backup_network_log.py
3131,__init___174.py,8BC7BD4E1F4EB37AA1C3DFFF18CC97B099851935BABAEB10F760006BF48D5CD8,__init___174.py=services/__init___174.py
3132,py34compat.py,8BC2382D06BDAD140C8B09EFB3C9CC955715CAF2EA55F4E4E2954624D45DC48C,py34compat.py=backup/SNS_24AutoProject+++0508삭제/.venv310/Lib/site-packages/setuptools/py34compat.py
3133,__init___343.py,8BAD89724442DF4BD5AA252E5B5B5D856CE89C50E8FC300708000077648C8AE1,__init___343.py=services/__init___343.py
3135,common_18.py,8B2A8DA74790B092C1D78DC4ADD315C4BBF8F48ED8F068E6705EEADF48F2BA96,common_18.py=modules/common/common_18.py
3137,__init___92.py,8AEC329C6D606BCB71EA571BCB6A58525A1D9C75E4571341920A3DA7468B5553,__init___92.py=services/__init___92.py
3140,__init___251.py,8A6A267EC39670EA2EEF7C850747D9FD71DEBC4DA5F3F76C2134260B6488ED5D,__init___251.py=services/__init___251.py
3148,__init___322.py,8917FED883E70F07E66771DEB3884B703C576DAA0BE83E8184239DABF13813BF,__init___322.py=services/__init___322.py
3160,__init___548.py,87827999DB13431E3F5816D399703DD65B86E3613667C6A9702CEF49E1470288,__init___548.py=services/__init___548.py
3164,__init___52.py,86E04877D141B70EBC126A9A5712B9EBB82A328335A34F9B9396BC5340B74C65,__init___52.py=services/__init___52.py
3175,__init___571.py,85864E762F9734A2D9CFF2E98B88CCCE75408536746EA5046B3694542CB58A57,__init___571.py=services/__init___571.py
3177,__init___80.py,8554B5E3D1EE2E97016718AB79548F4194182472E6800AE545CB3B4933FB8406,__init___80.py=services/__init___80.py
3183,fastjsonschema_validations.py,847948A2895B3D4E594E9E0998FCD82C53A6017AC48F80989F64039BF850D9DD,fastjsonschema_validations.py=.venv/Lib/site-packages/setuptools/config/_validate_pyproject/fastjsonschema_validations.py
3186,launch.py,8460A5125C92BE4C7C72A1A4AC0CD2D8046F41A86F6E3462F588A0E26B80708A,launch.py=backup/SNS_24AutoProject+++0508삭제/.venv310/Lib/site-packages/setuptools/launch.py
3192,__init___224.py,835722D80F4D3DE037D6672705C9595D99D6E831A3D6C1F0CF9EC15202CD98BF,__init___224.py=services/__init___224.py
3199,task_queue_mgr.py,82AA5CB26C995A4F4DD69620324D2A50AA15E5D1D10E39F8FDE082371AE9A64E,task_queue_mgr.py=backup/SNS_24AutoProject_FINAL_20250516_1002/modules/task_queue_mgr.py
3204,__init___586.py,8276756BCAA1AD65550A569FEE51AA91255000F3E6F9C499DE4DF9DB97E8CDA6,__init___586.py=services/__init___586.py
3206,setuptools_ext.py,825C160DEE5BF29CF74AB928D5F05B4E9045B8932D1248D4D0A02A00E8B1A580,setuptools_ext.py=backup/SNS_24AutoProject+++0508삭제/.venv310/Lib/site-packages/cffi/setuptools_ext.py
3212,__init___136.py,81688159317C54F7F275D505876893FAE1CABFA3283D3EE533B31017B29525CA,__init___136.py=services/__init___136.py
3214,__init___60.py,811AE80BA5E8BA6B02AC4CDFEB36B11BE65A8D763F802F06EE329516A40113AE,__init___60.py=services/__init___60.py
3218,__init___506.py,80977DEAA5546EE0936D5638D73694DB0E0EFBF6B3D2B1FFA29F11FE53458DF6,__init___506.py=services/__init___506.py
3221,__init___347.py,805522BADCAF6AD8B3E3847404A6AA4D582F2E5C765CB1346EB34D27068430D2,__init___347.py=services/__init___347.py
3223,sandbox.py,801F269D6ACD3F722FCFDA06792FCBC6ADA49A8F2B4E946026BC8CF899301F39,sandbox.py=backup/SNS_24AutoProject+++0508삭제/.venv310/Lib/site-packages/setuptools/sandbox.py
3225,inject_securetransport.py,7FE18EC85D4AA9155BB521EA996F9490B8C1A21BB2A68A5812636BBD28F7A98F,inject_securetransport.py=.venv/Lib/site-packages/pip/_internal/utils/inject_securetransport.py
3227,eucjpprober.cpython-312.py,7F7DA60271CD0BD591E81E2BFF447ECA3948E7EA4F13BE8FACE65D61F2A517CA,eucjpprober.cpython-312.py=core/eucjpprober.cpython-312.py
3234,__init___511.py,7E2A1F6BA3685642B4E965B2B9A5402A1D4CF07365AB1E0440633A75951BA63F,__init___511.py=services/__init___511.py
3235,scan_tree_hashname_only.py,7E277651D131ED715FA0B3CB4052C0BD50F7451A2189CFCC16D0DCFF83CD32CC,﻿# scan_tree_hashname_only.py=tools/# scan_tree_hashname_only.py
3237,export_env_log.py,7DFCD4B3B935CEEB2B7E47937D3B0A474AC7AF439287FBAFA4DAD839AB593D5C,export_env_log.py=data/exported_data/export_env_log.py
3246,__init___242.py,7CC6827660264F707BFE6F6F430C2013C60567F3740369B73B92BA7103C1A37C,__init___242.py=services/__init___242.py
3247,filelist.py,7CA0CD0C4008FF6FFD3ED56EB4F29D478FF6C8C772B1C0CD77F41B073430B24B,filelist.py=backup/SNS_24AutoProject+++0508삭제/.venv310/Lib/site-packages/setuptools/_distutils/filelist.py
3248,namespaces.py,7C8040A7ADFAA3208084E2A4859C24B91B66A8B146A09FA4AA5AC6EC54CD0EBE,namespaces.py=backup/SNS_24AutoProject+++0508삭제/.venv310/Lib/site-packages/setuptools/namespaces.py
3253,__init___358.py,7C0BD0C6876668354032CBE45C51DEB9427BBC9B202FCBA9CFBAD072271124B7,__init___358.py=services/__init___358.py
3255,recovery_config.py,7BF629DA6B268833C3F999244A748A6F64E2F33F2B1F8E3643AED853DB05F679,recovery_config.py=configs/recovery_config.py
3265,__init___142.py,7B3209BF43C90A7C93E2835F52DCBD58F729CA7BB478AE60BAEED23728D5DF4B,__init___142.py=services/__init___142.py
3267,__init___566.py,7B217E0BFFDE86CE7681A9424EE8DC86637DAA127AAC3104BB6A5945EA6DC721,__init___566.py=services/__init___566.py
3268,_msvccompiler.py,7B0D0230CD54ABE4043C0F4FF184A367DF3D3D89B89711D5E476E6248C743D4C,_msvccompiler.py=backup/SNS_24AutoProject+++0508삭제/.venv310/Lib/site-packages/setuptools/_distutils/_msvccompiler.py
3271,filters.py,7ADD00AFBF11783B00A4C515C62478504C8E8EF01E05361E19E0A58BD3B84757,filters.py=backup/SNS_24AutoProject+++0508삭제/.venv310/Lib/site-packages/attrs/filters.py
3277,__init___46.py,7A2C80060EDA648F46EA721F25BA301F4858F854ED638BE817B0FD68D5F4EA33,__init___46.py=services/__init___46.py
3285,__init___300.py,7977DD38DF884C60158E9A6B9E36D90BD92F728EDCF9A02895CDFBEC3DA5A961,__init___300.py=services/__init___300.py
3286,__init___55.py,7973C980182854BDF27209F14578A7748F78A851DC7C796A3E2F830638804644,__init___55.py=services/__init___55.py
3287,__init___568.py,794B7C049B68765030738C057B38B8BE030439ED19115F63EB3264CE98C61F97,__init___568.py=services/__init___568.py
3290,johabfreq.cpython-312.py,7908F0198719576F75F11113E44A039769276DFDD7AF258E402C4D2E64A2EF0E,johabfreq.cpython-312.py=core/johabfreq.cpython-312.py
3291,__init___340.py,790616FBD5712AA6696139409FC79623E0CD24F7345AA67214B0B974FC803084,__init___340.py=services/__init___340.py
3292,__init___354.py,78D497B9FE9B28AB92CD08092A22A8F86D9869331A154CD60CA2338C1D8BCB68,__init___354.py=services/__init___354.py
3294,__init___366.py,788D5813A37EBE66CA547A0789B1137A8164F678B15AFF38E5B6085030833362,__init___366.py=services/__init___366.py
3295,_adapters.py,78809659F4A6F64C436ECFB627A67DFBCC4E7FF6D0CDBF41AD9F5641F761D470,_adapters.py=.venv/Lib/site-packages/setuptools/_vendor/importlib_resources/_adapters.py
3297,__init___182.py,78097198CA76C947285686D8CA8F0E99D250C2A0A3955C458B18568B63FFC9CC,__init___182.py=services/__init___182.py
3300,__init___493.py,77D314C7ED55FEA0F7C7D8A0232E094F8A02E42534CA3BA593B4326567911618,__init___493.py=services/__init___493.py
3301,mbcharsetprober.cpython-312.py,77D14A7FFE4F8D0F6830D90B21DEB9FE487EFEFA6E96EA5FCEBCF497943EB37B,mbcharsetprober.cpython-312.py=core/mbcharsetprober.cpython-312.py
3307,vengine_cpy.py,7786A94ECF072393C9ABF9E39CDB57171ED47BAB9876A2E8098B7F8A99E92B24,vengine_cpy.py=backup/SNS_24AutoProject+++0508삭제/.venv310/Lib/site-packages/cffi/vengine_cpy.py
3308,layout_sim.py,77778C8744792C299903774F7D734F31CD9D7BFAFE045688EFE35564DEDB4887,layout_sim.py=tools/layout_sim.py
3310,sjisprober.cpython-312.py,7756FFD3BE31A65EE51D4747D1FE73B76CAEA6BE02FF8E83C11C56D039445A58,sjisprober.cpython-312.py=core/sjisprober.cpython-312.py
3316,export_command_log.py,762AF5809E96A18D4F30E169F9D7FC4AF5AFEB4C53326C7CFB57EDABD9BC0CEE,export_command_log.py=data/exported_data/export_command_log.py
3320,__init___297.py,75F708EB29A1C12BE5AFE07FE17B8818387FEC24E3471E5756DC0D3B15D47634,__init___297.py=services/__init___297.py
3327,mbcssm.cpython-312.py,755661F14C2F6971B863EE6574FE7E074843C5B098726F64154B0F204F11CCE0,mbcssm.cpython-312.py=core/mbcssm.cpython-312.py
3341,install_lib.py,73E0FBDF1D03F9EF6667F047902D2D03759DFF97F8096D8B4C3E15DBE10B71FE,install_lib.py=backup/SNS_24AutoProject+++0508삭제/.venv310/Lib/site-packages/setuptools/_distutils/command/install_lib.py
3343,__init___307.py,73A04B6B563506377D9F2A3850AD9368EB0CD5D2C0A0FF5FCF09C2E90D20848A,__init___307.py=services/__init___307.py
3348,AvifImagePlugin.py,73319CBB8AD8ED83C412051AF206D5AF7E420A6ECE5C3F2E53CC67055CFAA9C5,AvifImagePlugin.py=backup/SNS_24AutoProject+++0508삭제/.venv310/Lib/site-packages/PIL/AvifImagePlugin.py
3349,cffi_opcode.py,730741CFD2B2A42A806FB4837505AFC637854AA9A8E1AB9A7E83EACF76AFB388,cffi_opcode.py=backup/SNS_24AutoProject+++0508삭제/.venv310/Lib/site-packages/cffi/cffi_opcode.py
3350,gen_exports_1761c9be.py,72A9E6F1710C86FE4D50EFDC1FDC9F9D5D742EC2911B2B5850CE167153192076,gen_exports_1761c9be.py=reports/gen_exports_1761c9be.py
3357,escprober.cpython-312.py,71EC3EACC5577A9414101DFE21C165CC720DDAE7AF049530B45862CD1BE132E5,escprober.cpython-312.py=core/escprober.cpython-312.py
3362,webhook_sender.py,718B1F1220D8B84D59A0B279C147AC646A979F0679F65C117DAF050A65E1DB68,webhook_sender.py=backup/SNS_24AutoProject_FINAL_20250516_1002/modules_unused/webhook_sender.py
3365,codingstatemachinedict.cpython-312.py,713D9E5A665CD577B5CD54E28239B62B11C51EB78EC642859D8C6E2A769C7E2C,codingstatemachinedict.cpython-312.py=core/codingstatemachinedict.cpython-312.py
3366,export_logtrace.py,7102CAC5FCFDC9DC093938FCE1692D1D496C4E7D837F7BAE91B87CDAC6F75E66,backup_and_export_logtrace.py=backup/backup_and_export_logtrace.py
3370,__init___196.py,7058BD5442C31C173152D5BBD0D40F604DF7CDF566B78AEFD17DCA2058A42743,__init___196.py=services/__init___196.py
3371,__init___373.py,701E488CF7D17CB317F88111E27E0BCA32553CEF7A197E571290230B871ADC4E,__init___373.py=services/__init___373.py
3375,__init___499.py,6F7DF025B5EE5617DCB6EBD6388C480FC6B26CD2D4F81EC8714EEEE09B999984,__init___499.py=services/__init___499.py
3386,text_file.py,6EB413F25DA9A0E0123749386C325A247316B520D6E71F8D70C0E2341B51572A,text_file.py=backup/SNS_24AutoProject+++0508삭제/.venv310/Lib/site-packages/setuptools/_distutils/text_file.py
3391,__init___246.py,6E7DBBDFDD810CF72BD45BA385D3807E9911F82F73B873E47FE004C6160B3679,__init___246.py=services/__init___246.py
3394,__init___57.py,6E2CA7FFC01B9941953C5BC20C8D551E95B61AD6A7242C15D1E2F44B514CF467,__init___57.py=services/__init___57.py
3406,export_session_results_with_datetime_excel.py,6CDF82CC5EB8F84393AA116D2F116B248008498FDEF89640D1A5345403CB60C5,export_session_results_with_datetime_excel.py=data/exported_data/export_session_results_with_datetime_excel.py
3411,__init___236.py,6C9679FDCD4457A423FB7C18D635F8520D89F8387755DFDC0BD9358EA3258883,__init___236.py=services/__init___236.py
3412,universaldetector.cpython-312.py,6C82441C56C57A3B443F297A8AF417B30D98F7749D77D2EE12914A93E4890484,universaldetector.cpython-312.py=core/universaldetector.cpython-312.py
3419,__init___536.py,6AE8006D92BE52CF9D8F9EB5718FEFD0FE13FEACB2EA829BCB6C9024EE543C13,__init___536.py=services/__init___536.py
3435,enums.cpython-312.py,68DE755884DCBBC424F3FA7729CFC49096417D27118A1DA80860FF9248AD7EC4,enums.cpython-312.py=core/enums.cpython-312.py
3437,__init___349.py,6874C11D75EE9FA9F479C76EB3C4E806F86CFB86628A7DB81EE35B27D657137A,__init___349.py=services/__init___349.py
3447,__init___59.py,671ABC62358B11208B22E1CF5E9ED9B1E607D9F9A8AE7F25638306E89598D945,__init___59.py=services/__init___59.py
3448,filter.cpython-312.py,67196E98DC9861302F86072EDC62E0BDBA110C002DA3A3279356E560E31E391C,filter.cpython-312.py=core/filter.cpython-312.py
3450,__init___77.py,66FEB4B3646E6E22F91ED29E8E2166468DD91A3457AC05B1D24E7542F2194690,__init___77.py=services/__init___77.py
3451,yacc.py,66ED2C9BDDB098525ACFCFABC9AE7F9CA218E6448BBA02B48B055558B3EBEB2D,yacc.py=backup/SNS_24AutoProject+++0508삭제/.venv310/Lib/site-packages/pycparser/ply/yacc.py
3453,__init___144.py,6602A6E7AA4C4A5F56D3D957EB1313BAFCB1A5AB1638E7D08BE721A6175EDFCB,__init___144.py=services/__init___144.py
3455,lex.py,65FD10A3AA9D114EBA47DFDEEEDB32216572F4B04182FB213EF119E434B329FA,lex.py=backup/SNS_24AutoProject+++0508삭제/.venv310/Lib/site-packages/pycparser/ply/lex.py
3456,windows_support.py,65CCDAB2E7BE65C56BABDD91FCEE4A2552AC5EE117E4808E3DE53824E64CE5F2,windows_support.py=backup/SNS_24AutoProject+++0508삭제/.venv310/Lib/site-packages/setuptools/windows_support.py
3458,msvc.py,6569E24F332D3D793657BFA7894129EA6372F7F0DEE5B0C496C00160A14EDAF0,msvc.py=backup/SNS_24AutoProject+++0508삭제/.venv310/Lib/site-packages/setuptools/msvc.py
3465,__init___497.py,642BF13E1D1D3A900BCA1379B54F0CE0CF755BFBFDF951C19A7EB77B9A430329,__init___497.py=services/__init___497.py
3471,zip_log_exports_6.py,63C809743B4824E3994DCF08FE27F30F853513540DDAD499594F9CFE5A28DDCF,zip_log_exports_6.py=scripts/zip_log_exports_6.py
3476,__init___361.py,62F744F147FDB2ED103FF6916182578A5327AE4593F16DA6D1DC5B14F30C832C,__init___361.py=services/__init___361.py
3480,__init___79.py,626F897CC50CB85B858A8D2F22AF4C84C52F8D276117B602B1DD19620D238F54,__init___79.py=services/__init___79.py
3486,__init___524.py,61B51628B0EE51277E35DA811159A28DC706BD717A24168DD68299F126956E93,__init___524.py=services/__init___524.py
3488,languages.cpython-312.py,618685F8880E86D03B19D08B1E243154C71C517C258D276F388024B01DDE94E1,languages.cpython-312.py=core/languages.cpython-312.py
3490,__init___503.py,616288E1E91BB4034410D33480A4366CF529BA46787F268C73C4E7539F3A241D,__init___503.py=services/__init___503.py
3503,__init___574.py,6047C987514C628446AE4510751A41AC1425BC318A7C64650B99E2D6678C8CF2,__init___574.py=services/__init___574.py
3504,glob.py,5FE55A24275D1D8DBFB280E157C6D343B83AA0A64111042EC0D9EDED24F50726,glob.py=backup/SNS_24AutoProject+++0508삭제/.venv310/Lib/site-packages/setuptools/glob.py
3510,installer.py,5F8DA4A125849E99DF958B4EEF7C4B58D8A6144DAF35D8387AC6A14E2BC0E848,installer.py=backup/SNS_24AutoProject+++0508삭제/.venv310/Lib/site-packages/setuptools/installer.py
3512,__init___323.py,5F773B98C79ECD0FE811694D2FA29891AD94A299F80F2AA1207AE7C2DEA62760,__init___323.py=services/__init___323.py
3514,insert_network_log.py,5F3B24BCEEEBD32EC681D1A4991DAD96CEF32EBFC873746E9EE16A4C7DA05438,insert_network_log.py=db/insert_network_log.py
3515,install_data.py,5F3636105F43580FF7D81FB12443F76DBABD1126EDFFA270381DCB08882DEDE7,install_data.py=backup/SNS_24AutoProject+++0508삭제/.venv310/Lib/site-packages/setuptools/_distutils/command/install_data.py
3528,recovery_launcher.py,5DE87EA8CD00BF7F961ED0F1E7C7D47C5987069EA80758BDC242517CA759B63A,recovery_launcher.py=recovery_launcher.py
3529,backup_env_log_6.py,5DDA5047226AEAEA8079CCE8B7A419B6A3249DB6BE33970E3F54DB335C92BE0F,backup_env_log_6.py=backup/backup_env_log_6.py
3535,__init___135.py,5CFAEFC260654426809F81B39646D17FA29793651033E8919DBEE0EE94D037B7,__init___135.py=services/__init___135.py
3537,tree_checker.py,5C96C59AD668B0C4164F9A60F1E939F536547275F299456DEE5D24B35DF8D582,tree_checker.py=tools/tree_checker.py
3538,__init___138.py,5C91075094D9D20DF6D73F6F6788D664CD844E5E386C0F181BD9EA5F2C76015D,__init___138.py=services/__init___138.py
3541,__init___357.py,5C3AF91E5E9B00850972E78F89873513E81A4486F81A607721157969A32B2245,__init___357.py=services/__init___357.py
3546,__init___239.py,5BBD4C8CED714604F5D61D82998924E725C52EA88E2B33FD9799040C4F7790A0,__init___239.py=services/__init___239.py
3547,messages.py,5BA63E0591E0CAE43A854443B19DA2B5EC22E6500C27D95DED7D300255766649,messages.py=backup/SNS_24AutoProject+++0508삭제/.venv310/Lib/site-packages/websockets/sync/messages.py
3548,six_util_custom.py,5B7960EFC18C3C8448397F563BBB2EDA341773D75C32D7046509D0BAFFDA0381,six_util_custom.py=backup/SNS_24AutoProject_FINAL_20250516_1002/modules/six_util_custom.py
3553,__init___247.py,5B4C7D01FE59EE0FA0CAA8A58199653B4A04784D45987CDD45E8D812369FF9A1,__init___247.py=services/__init___247.py
3555,bcppcompiler.py,5B1B928D077CA5273FF912E6B884520002B367052A5BE4034CADF00D79972898,bcppcompiler.py=backup/SNS_24AutoProject+++0508삭제/.venv310/Lib/site-packages/setuptools/_distutils/bcppcompiler.py
3556,common_5.py,5B1440471B8B1168276AB82FBBAE891817ADD7B58C60A27CAA415DDFB7AE9602,common_5.py=modules/common/common_5.py
3570,_make.py,599B7F638BEFF925DB379078BA1C23540542A36177C3A19E061265FA59A14543,_make.py=backup/SNS_24AutoProject+++0508삭제/.venv310/Lib/site-packages/attr/_make.py
3571,__init___67.py,5995BFA781EA596923EA602FF56DBFC941E047C2B81DF8C3E1C8C335ADE97B6E,__init___67.py=services/__init___67.py
3575,bdist_dumb.py,58F9403890E57AF009EE1E746C4FA1A2F5DD19423C50C79E50EE65E33BE50D7F,bdist_dumb.py=backup/SNS_24AutoProject+++0508삭제/.venv310/Lib/site-packages/setuptools/_distutils/command/bdist_dumb.py
3576,export_logtrace_to_excel_with_datetime.py,58D06E06CBC5B381BDD053DA5F7A78EE792FC8CB00C5AC390B2437AC2940802F,export_logtrace_to_excel_with_datetime.py=data/exported_data/export_logtrace_to_excel_with_datetime.py
3578,__init___515.py,5889C3DF00D0C82639C6006C821D99286F85DDBDEB451FEE8DF12E59ADD86F3B,__init___515.py=services/__init___515.py
3584,install_scripts_1.py,583C26B7BEFBBD7A77BC31B639E1B44FAA46E56C2D8DBF4B7BBDA4F8E741C00F,install_scripts_1.py=scripts/install_scripts_1.py
3589,export_session_results_with_datetime_excel_6.py,57409A731882C36C8BD9E5835A91A54F5C640C60E109B84F166C537FB31BCBAE,export_session_results_with_datetime_excel_6.py=data/exported_data/export_session_results_with_datetime_excel_6.py
3593,__init___156.py,56BD36C9B6FCF63EF4CF77BA6B57D39B8CBA791A6A0B73086A4388EA936D1CAD,__init___156.py=services/__init___156.py
3595,inspect_db_schema_6.py,566EB5BBC7996CB4AF5AA9F94561D7E791CBE7D330A71425EBD16DB7089E4091,inspect_db_schema_6.py=scripts/inspect_db_schema_6.py
3600,yacctab.py,55A8EF7E629B787F2B5A6FFAB2B4CB8285C677607089F9AC9254BC94001DE23E,yacctab.py=backup/SNS_24AutoProject+++0508삭제/.venv310/Lib/site-packages/pycparser/yacctab.py
3605,__init___588.py,552E6644FEE84B791709C5D7EC5DEF3D42E65CF162E1573229B9EFF0B935F0C6,__init___588.py=services/__init___588.py
3618,__init___49.py,53BD44B9A64157BF93AE9182E4B70943CA14DA6ADB5CE0374E178E9035FBEFC4,__init___49.py=services/__init___49.py
3627,export_network_log.py,524F034AF41CE4C7EBC818D7529196944E856558B7EDC0B66DCE7F404585DB41,export_network_log.py=data/exported_data/export_network_log.py
3628,__init___400.py,522B598F5EC342A8DFA397593B6DB63DB8F766CBEE4ADDDAE7D31485FDDE1561,__init___400.py=services/__init___400.py
3631,__init___82.py,52069AEEFB58DAD898781D8BDE183FFDA18FAAE11F17ACE8CE83368CAB863FB1,__init___82.py=services/__init___82.py
3633,__init___538.py,51E8FA104724E12D594E69F240C89852D13F31A0B71CD783DA9C82EDA756527C,__init___538.py=services/__init___538.py
3641,export_feedback_log.py,50E8CDDDEC35A1878BF955222D39313B7D9A2A5C7D9F6D67AECA08DE28ED55F3,export_feedback_log.py=data/exported_data/export_feedback_log.py
3643,export_session_log.py,50BFCDF94A6D03679E8897C46B0BF2BD4D0C9133FB65D69FA57B2485F799A9F4,export_session_log.py=data/exported_data/export_session_log.py
3646,__init___490.py,50902AD99F2D495C9F5E81AD5DB37353B29B0F508C2225683BACD376CE77C030,__init___490.py=services/__init___490.py
3651,__init___310.py,503BB3F7D645F8E19204F1BE93A44080FBCE96699363F9FBBF85936C153EBB20,__init___310.py=services/__init___310.py
3653,bluetooth_emulation_1.py,4FCAD1029758DD22377FD3F80CAE833219954FE372548229B749BD05315E6CD5,bluetooth_emulation_1.py=modules/common/bluetooth_emulation_1.py
3659,export_session_qasummary.py,4F274287D1CED3DF6F6D65ECC18EF3F7077CD60A17A7503209F695BF5D00870D,export_session_qasummary.py=data/exported_data/export_session_qasummary.py
3661,__init___389.py,4F0851DBF4A1BBB6382C25E44447B1A4C6304EA44CAF1AA2410A9AB300EAC090,__init___389.py=services/__init___389.py
3663,_imp.py,4E86CE44E71206A5B2322378F575DE205777E34C0CE1B060F16F0DEA83A1EB1C,_imp.py=backup/SNS_24AutoProject+++0508삭제/.venv310/Lib/site-packages/setuptools/_imp.py
3669,__init___303.py,4E0C5E00EE8C9C14EE2A0164B7D6C7E6EA9DF694329E8EE5C025B94A6344C06F,__init___303.py=services/__init___303.py
3671,generate_log_summary_5.py,4DD72BDCBEF8CED7D0FE6688D2D6EF5FB55802D978D3E3C3C1AF90DF06C077A8,generate_log_summary_5.py=scripts/generate_log_summary_5.py
3675,jpcntx.cpython-312.py,4D5D459C2406FB43B58875A9B5EF12CDD6AA772B9C28260D1E4E04BE4068944E,jpcntx.cpython-312.py=core/jpcntx.cpython-312.py
3677,langhungarianmodel.cpython-312.py,4D4E3D01807436434273E85FD3AD07BCB4276296C4C8469A36CAC532B0525220,langhungarianmodel.cpython-312.py=core/langhungarianmodel.cpython-312.py
3682,__init___65.py,4C83AA63D8E48DD34B26B31B82D76F64FFB2BB023FF1E5DF8C6F4EA6841D616D,__init___65.py=services/__init___65.py
3688,version.cpython-312.py,4B9CB7DDF56DBC61783F2FB1048427523CE2D66EBB515F8DFA07C50FE6A913F5,version.cpython-312.py=core/version.cpython-312.py
3697,_version_info.py,4AA599B3C570D703252100DD119BB23B48A548E3FABFC01B055BF0927F45070B,_version_info.py=backup/SNS_24AutoProject+++0508삭제/.venv310/Lib/site-packages/attr/_version_info.py
3701,asyncio_custom.py,4A3FBFDD350BB9A2A5CFFAB35371A87672BF478EA395A01D8AC71BA63FE63F3C,asyncio_custom.py=modules/common/asyncio_custom.py
3709,__init___314.py,48C33AF40F94CD7E4B0FA2714985CEF8CF6DE20AF0CD172A4805D7B8C5393D26,__init___314.py=services/__init___314.py
3712,file_util.py,485BEFF50549D7390CB8D3C84D57AAA2337CD10FF18F778339386CF4BEE42268,file_util.py=backup/SNS_24AutoProject+++0508삭제/.venv310/Lib/site-packages/setuptools/_distutils/file_util.py
3717,random_custom.py,4789F199D186C14AB8C7B5627B8D5D98D32715C1C1E3DACADCB4D1184EDB0ACB,random_custom.py=modules/common/random_custom.py
3719,_lxml.cpython-312.py,476D4E5848EAA1574FDF23253DFC0E2F544A2E733DB58A39C235A46391DCB22E,_lxml.cpython-312.py=core/_lxml.cpython-312.py
3723,__init___569.py,46FB0BC085AD9E9CE40E08FA59243A5D60D64AC495E17386F6640A73A038EF62,__init___569.py=services/__init___569.py
3724,__init___570.py,46D97B5D981D4320C5BAB39FE2EF53587F1433CF98EA9342F667CDD503F93596,__init___570.py=services/__init___570.py
3727,collections.py,465BDB2ED08FA0B6E8545D566DC9B8EFC68A57DD4CD8CDF502DA91BA1B7EF96C,collections.py=backup/dele0527/collections.py
3735,__init___45.py,4582A18558BBAAD43F6017DD2B7A7A51C5549216116DBA94722977F0886971A3,__init___45.py=services/__init___45.py
3739,__init___64.py,4497C091F192B24A803E645E6C3964F5DDC1AA6B689A8B1C359027A672216028,__init___64.py=services/__init___64.py
3743,__init___545.py,43DF72DB850E5F5751D022BDF01D02DFA07C7A6E10645A73E80F1ECCD2B02511,__init___545.py=services/__init___545.py
3750,bdist_rpm.py,42A40C286E5D499F11544333F053260C7300D86BA04AA340ADE904394376FB1D,bdist_rpm.py=backup/SNS_24AutoProject+++0508삭제/.venv310/Lib/site-packages/setuptools/_distutils/command/bdist_rpm.py
3753,filter_needed_files.py,41FAFF4C3C71A528B18E42D1ACC06A1887A0FA1E996C69FB2CC3726EC0AF7B21,filter_needed_files.py=tools/filter_needed_files.py
3755,__init___356.py,41DA6C48CFCC7A920A8D79E21582840A3BD6D68419AD78CC066DE4E05FCE7E24,__init___356.py=services/__init___356.py
3762,insert_command_log_6.py,4103876183BF38F8EB81FA19379F45ED130160DF6A7F51031B3F5F08A6009E0C,insert_command_log_6.py=db/insert_command_log_6.py
3767,__init___345.py,40A7D6A5AFE03C9BC6BE5EDDD4B5BC8993373180572285EDEB2A4876DF07019E,__init___345.py=services/__init___345.py
3768,__init___219.py,408F806C8420F6E7A41FD60C4A52ED3DE86190654974940AEFE896C50AEA9B7A,__init___219.py=services/__init___219.py
3770,formats.py,407E0B4EF7CD6D0C01A286693BA588E0E07D498AEAEA9F39ED15753FBECC923A,formats.py=.venv/Lib/site-packages/setuptools/config/_validate_pyproject/formats.py
3772,insert_env_log_6.py,400CF139A7670D3EC7A9F007E31D7861F290F3962CDD98BA98257C55C92A9932,insert_env_log_6.py=db/insert_env_log_6.py
3780,build_clib.py,3F007AD1694CF467B4415F298A3FFA13A437432FA2F0CA9B2EF2DB5280E49CEE,build_clib.py=backup/SNS_24AutoProject+++0508삭제/.venv310/Lib/site-packages/setuptools/_distutils/command/build_clib.py
3789,mbcsgroupprober.cpython-312.py,3E1417F0C539D082EB51BD73262AF90406BDCAD7EE813BE0C3399FDD502D83AC,mbcsgroupprober.cpython-312.py=core/mbcsgroupprober.cpython-312.py
3794,py36compat.py,3D2F15E4800011C4BFB3AC8D196DEE89FE776486B5176991EF0E0437C8E71194,py36compat.py=backup/SNS_24AutoProject+++0508삭제/.venv310/Lib/site-packages/setuptools/command/py36compat.py
3802,export_all_logtables_to_excel.py,3C16BDBAFF978589F7A3D9EA994480D1E5B98FAD270BFC68D9C274E4F988E1EE,export_all_logtables_to_excel.py=data/exported_data/export_all_logtables_to_excel.py
3804,__init___304.py,3B9079A3FEFE1FF42DF0CFBF8456AE78B0CA6545BC3C92A6DDEC8F967EA6D9B9,__init___304.py=services/__init___304.py
3805,framing.py,3B8C7782773EA13F1250582A195CB19F00430959BAD67AAC1977BB62EB7AF07A,framing.py=backup/SNS_24AutoProject+++0508삭제/.venv310/Lib/site-packages/websockets/legacy/framing.py
3808,__init___154.py,3B61886A95C5A9ACDA0CF426F911C866C08523EA24D4613D1F9E5266B0C15F78,__init___154.py=services/__init___154.py
3816,copyreg.py,3A982B989890A3AC54C7B3DB576749B7097C5F8898FE8726EA58D55E8913AD47,copyreg.py=backup/dele0527/copyreg.py
3817,__init___245.py,3A47374B4775D44C9F174CD0D8C5C46054C52320111F3146AA7F527A603C1577,__init___245.py=services/__init___245.py
3818,__init___9.py,3A4667BCD8C481C2BA68D10FB386F1F5D14543FB7A78E72CD1BB9A4E1B5FCB10,__init___9.py=services/__init___9.py
3823,__init___223.py,39D51B570ABAD5B710A7145522497B233BAE486FAD3CE900B1B8BBB48F2315A5,__init___223.py=services/__init___223.py
3825,__init___573.py,39859BE620A1983F8364ED277C69ACEFAA9C97CED9C3A4819B3303CD1FB7BF1E,__init___573.py=services/__init___573.py
3829,charsetprober.cpython-312.py,3901646A6EE2C3445A315283D5A88272C110D2160DBA5DC54A1167B07F32D165,sbcharsetprober.cpython-312.py=core/sbcharsetprober.cpython-312.py
3832,py38compat.py,38CFADDFADE63B4F0E8B62ACED349556BCCE9B2ED5E6E99431E46BA67521BFC1,py38compat.py=backup/SNS_24AutoProject+++0508삭제/.venv310/Lib/site-packages/setuptools/_distutils/py38compat.py
3834,insert_viewer_user_2.py,38640C3ACD23EE180A6DB79F928771B9CB6FDF9F785717D1099BFFFB7A5B3BF7,insert_viewer_user_2.py=db/insert_viewer_user_2.py
3839,ssl_handler.py,379AB337A66BD5E235387C735D9D54A5271F18FA3551E31C3AE9C10444ED7C72,ssl_handler.py=backup/SNS_24AutoProject_FINAL_20250516_1002/modules/ssl_handler.py
3843,__init___254.py,3788D6C720509200933F085E4F336E3C4BFD2B08AD597B1EC819B1C79A6CC28B,__init___254.py=services/__init___254.py
3844,__init___398.py,3770B93D3388178D269AA2FE24D98AC1BEFA11A625634345C7F8213CDCF1E77A,__init___398.py=services/__init___398.py
3846,__init___176.py,37681EC52F2DF0CE05CED83878599E69E5423B965C49420E9BA9C9B229C4E75D,__init___176.py=services/__init___176.py
3850,__init___62.py,37308933DEFE64B6CC786C9FE202A3381A2D8741BA36706533B33CB4C22D376F,__init___62.py=services/__init___62.py
3851,_reqs.py,370323E887286A42F4A6C5C4817256C7EF526B55177BAB372EA5BC261D30D296,_reqs.py=.venv/Lib/site-packages/setuptools/_reqs.py
3857,clean.py,365032BCF96505C25731B70443729447DD76A9AB9ABC5F39FAE5E26BD5D8C857,clean.py=backup/SNS_24AutoProject+++0508삭제/.venv310/Lib/site-packages/setuptools/_distutils/command/clean.py
3864,__init___95.py,35CB6BA9A5A6E4F45078EBFAA7A85EFFB1DE84CE89B74693DBAE6A8C8ADEDC8B,__init___95.py=services/__init___95.py
3867,lock.py,35BF967BBFB5FB1C2440A7DF8D8F9FB79C77006AFAE692599A51E512307B3B3A,lock.py=backup/SNS_24AutoProject+++0508삭제/.venv310/Lib/site-packages/cffi/lock.py
3874,init_check_create_logtable.py,3520932F8061C475FBD4E5510424D763890626EB9DF7A66D2095F063179D5C45,init_check_create_logtable.py=db/init_check_create_logtable.py
3875,__init___98.py,35109FE0BE66C1129894BF74BBE6BEEEEB9344A95A4B166E2523D4B20ACDCECC,__init___98.py=services/__init___98.py
3877,__init___143.py,34E02E6C25738A65E598568D3FBB01BF63C33CB4D5AF309D17BC3C1B89DBCEE9,__init___143.py=services/__init___143.py
3878,__init___386.py,34D8713F459B01C8818D7BFA4B0683D5BD40266BB2257D92AE6AEFC7485719FE,__init___386.py=services/__init___386.py
3879,__init___248.py,34D1ABE54FBC8D27C6A5E44889EBAF61BDB04F1CFB53249F709C521A545A6BEC,__init___248.py=services/__init___248.py
3880,__init___315.py,34B17185A767E75DD30177FC920560B82BE6CB35E73F5269567349B6A7C4AD7E,__init___315.py=services/__init___315.py
3881,saveopts.py,349DB89B7C698425260247610B72AF2FDE086AB0B31E3E7056D70C0E780B3794,saveopts.py=backup/SNS_24AutoProject+++0508삭제/.venv310/Lib/site-packages/setuptools/command/saveopts.py
3883,__init___228.py,343F3693F2B4231074748B8193411DBA86B8FC469D688CD54B43EFB514B8A5C1,__init___228.py=services/__init___228.py
3885,__init___249.py,342C344D5EE3CBA9AF385C08326561648811366BFF97E032E9BCE74B9CC389C9,__init___249.py=services/__init___249.py
3888,export_session_results_to_csv_6.py,3338D02D0E58010AE4ECB3B1AD72B5762A284474C31AB6147D83735171346F86,export_session_results_to_csv_6.py=data/exported_data/export_session_results_to_csv_6.py
3892,__init___83.py,32D649FEF124AC779AA4AC6A0CF379F280BF618704CD0D783A23F2D17FB24CB7,__init___83.py=services/__init___83.py
3898,__init___311.py,3259B49B578E485F2ACE94E9A766AEB77B7FB89A58835CC7AFE30507474D5128,__init___311.py=services/__init___311.py
3901,common_31.py,31F27856C3048AD5B7A982F492FFEEB0699DA8E2A5D37D67A680EEAC54C38655,common_31.py=modules/common/common_31.py
3904,install_egg_info.py,31BBA08E3608ECE2C3EEFBBBA0005A0763FE4B280226CF0863F0ED6A06C875FE,install_egg_info.py=backup/SNS_24AutoProject+++0508삭제/.venv310/Lib/site-packages/setuptools/_distutils/command/install_egg_info.py
3905,__init___576.py,31B325918FA78B0AB1637B63B8841C40BA54D1B2EB6A28104D8528314FE8DDE4,__init___576.py=services/__init___576.py
3908,__init___150.py,312CDD0720CA0223D7D0F6E955B26E35F55A725278DDFF1EBBA055B26B68F78E,__init___150.py=services/__init___150.py
3909,__init___578.py,311D5B47FF77C03146CA5045A77C9F14F53C7E612489666BCFA94B89001189DB,__init___578.py=services/__init___578.py
3910,insert_git_log.py,31147BD89BF99EB6D2A1AA81DD960DA03849CA5B621799AF2F663F8D2A8C18BF,insert_git_log.py=db/insert_git_log.py
3911,__init__.cpython-312.py,30FBE89F42ADF539A4AE3398EB677DD6316F991CD4C0C189CFDDCDA6E846D81F,__init__.cpython-312.py=core/__init__.cpython-312.py
3913,__init___502.py,30C015D26CA3382E886B3DBBB9EE21E54A456D8783F765059E0857E62A048EE7,__init___502.py=services/__init___502.py
3934,__init___584.py,2E8A35B7280D321A89D9769C4BAA58FC6B793368E60C989FB94757923E9FEA76,__init___584.py=services/__init___584.py
3936,__init___85.py,2E725071F5BAC2ED60F24F7C613098DC1574C8035368F771AAEEF54937B95E4F,__init___85.py=services/__init___85.py
3946,__init___53.py,2DA50D8BCFAB8C36CF13999BF000D62B6667284D87BD16FC5E699D317404FAE2,__init___53.py=services/__init___53.py
3948,backup_trace_log_db.py,2D81204DDF1180BD32D65BE7E8581A00C1320FF7EE41A598165A7DFA256A1979,backup_trace_log_db.py=backup/backup_trace_log_db.py
3950,common_33.py,2D557B23DEA4649B6B691466E61BA135C549F3AB35831A6B0F4D224943DD44E5,common_33.py=modules/common/common_33.py
3951,__init___508.py,2D37B7217D7FDE2BFA0205897551760ED6FBEF669A171AF6C440240A6A91B588,__init___508.py=services/__init___508.py
3958,__init___313.py,2CA4B53EE30310F8D81026EE6A8A6D0B50E9585373E92A2DD23C3E55076E58A7,__init___313.py=services/__init___313.py
3960,__init___572.py,2C7F6EC81A189906A44EE9491F71E691FFCE5A88D7B056BC69DF137676CF1903,__init___572.py=services/__init___572.py
3980,__init___238.py,2AD7D32BFCD622B5234CA3E15F07E2525FCC0FE73CBAC17E60B210BF1A5707ED,__init___238.py=services/__init___238.py
3982,__init___544.py,2A7E8B38E9304692087BECEF0F63D4FB3E603D31605242C6C6DED4370500B143,__init___544.py=services/__init___544.py
3987,__init___61.py,29B8AC8559A40EAFC146BB6C48B5952453ED6D970DC994D3045EECCCC0D571B4,__init___61.py=services/__init___61.py
3989,__init___84.py,29A018D53663B7AB7E7EA0565C287ABC0AD108F8099E8DC85FCE727A91ABF984,__init___84.py=services/__init___84.py
3999,__init___360.py,28E88D4173EE869B314B5F319E4E38755DE86AE2607421DA06C6A8AAEBC3C6C4,__init___360.py=services/__init___360.py
4016,__init___546.py,266DFC6BF35AB27212A27C13121B20EF6E4D17F9846F4B7413C224D68E5A89A9,__init___546.py=services/__init___546.py
4025,export_hook_logs_to_csv.py,2541EC429457A8BC4C5574D706B8B3D2612C1913AAAA3AECD1452EB1B4CE852C,export_hook_logs_to_csv.py=data/exported_data/export_hook_logs_to_csv.py
4027,verifier.py,2515C9203326D3657F35F69BE0290BCEC696830F90519B08192A2357EC06496F,verifier.py=backup/SNS_24AutoProject+++0508삭제/.venv310/Lib/site-packages/cffi/verifier.py
4028,install_scripts.py,24FBCA38A42B1360B48059E81DFA51B962DD77361C8EA3FD7F3FB1ACAC6D99E8,install_scripts.py=scripts/install_scripts.py
4035,datastructures.py,2475323EA34900213DF79ED2940327614EE59663F544310530319044A66EBC30,datastructures.py=backup/SNS_24AutoProject+++0508삭제/.venv310/Lib/site-packages/websockets/datastructures.py
4040,__init___234.py,23D879B6DE97CBA5D6BBD115ECB09EC4258357F82FA64C0528DA024480D8DCF0,__init___234.py=services/__init___234.py
4041,__init___56.py,23A544F9EC4970275F3AEB65AF533F34029A9039B72E1A821C9D88F3F0D1E9F7,__init___56.py=services/__init___56.py
4054,export_log_summary.py,20FB6CB861CEAE79D57EB3E9305199C7324B02FCBB222EDBE9ED3344E5BE6D13,export_log_summary.py=data/exported_data/export_log_summary.py
4065,_ast_gen.py,200DDEDA88DBE6C2AC4FA30AB7B2C781F38A02B810F56C5170D53DA57164F440,_ast_gen.py=backup/SNS_24AutoProject+++0508삭제/.venv310/Lib/site-packages/pycparser/_ast_gen.py
4067,__init___93.py,200290F77EEE1CB7F34208F32CDD574CE8959906B3FCF36C491F1966B2006F7B,__init___93.py=services/__init___93.py
4068,reactor.py,1FFEDD7447A17239B866AF5795B6E2511B6084A278EFADF26455E7B01E1F1C72,reactor.py=backup/SNS_24AutoProject+++0508삭제/.venv310/Lib/site-packages/undetected_chromedriver/reactor.py
4077,develop.py,1F89A28816C9C76178AED24634C8994A573D33D2E15481BDFC77CD27E943E0C0,develop.py=backup/SNS_24AutoProject+++0508삭제/.venv310/Lib/site-packages/setuptools/command/develop.py
4079,common_8.py,1F649B353DBA1C6EE40D70B261FDE1E9517C96D766EF636FC84E7F7C91B470E9,common_8.py=modules/common/common_8.py
4081,__init___70.py,1F5F9DBF30CF46EE3E35DB286996BD56FCAB044E3567BB20EE587EF38AAF66E1,__init___70.py=services/__init___70.py
4091,hebrewprober.cpython-312.py,1E46B93D0DC5CB6E1C8B3D148C89A5A6A0D387098282850D3B9C81F9F2CF7804,hebrewprober.cpython-312.py=core/hebrewprober.cpython-312.py
4094,_typing.cpython-312.py,1DFAEAE269273B2CA164F835E96EBDDFEDDEACD0822AAAFF0B74D51D4E14FD88,_typing.cpython-312.py=core/_typing.cpython-312.py
4095,__init___587.py,1DD41A4213959024794495512971B95E66FA70CA4084B68A8118A4611CCEEB81,__init___587.py=services/__init___587.py
4096,utf8prober.cpython-312.py,1D9737A7B789DEC2E969E696E08AD65916F4D10A6BCC17168B2FB73E8905BCA4,utf8prober.cpython-312.py=core/utf8prober.cpython-312.py
4100,fancy_getopt.py,1D2ED826F86D339DBF44CA48A0FB4BEA8D23F4996FA010D8FB3A898ED42AEE08,fancy_getopt.py=backup/SNS_24AutoProject+++0508삭제/.venv310/Lib/site-packages/setuptools/_distutils/fancy_getopt.py
4103,element.cpython-312.py,1CBFAE81B7471924E61105E9222031D3DD5B1BCD8192AFDF9DC1113C236B0821,element.cpython-312.py=core/element.cpython-312.py
4105,share_post_module.py,1C8E2CC872D83273AE6DA57C98F93150281DC4B3434F31FB05802F0983938F09,share_post_module.py=backup/SNS_24AutoProject+++0508삭제/modules/actions/share_post_module.py
4108,__init___213.py,1C1E75AC57ABAEAA1B636918AADC5E30226F8EB09644A08C9AAF5AC0E3CDFEFF,__init___213.py=services/__init___213.py
4110,ygen.py,1BC266746C61E075315041E2CF760CE868B716286AE2766FF56F19345F895184,ygen.py=backup/SNS_24AutoProject+++0508삭제/.venv310/Lib/site-packages/pycparser/ply/ygen.py
4122,export_log_summary_2.py,1A4551C786056252EB2D620F2DE9C4C065E55A33C9AB9F38984D41A4F575CDF0,export_log_summary_2.py=data/exported_data/export_log_summary_2.py
4124,__init___68.py,1A2B0FF393D50896D04E8A0B7DF6341042C195E549E9AE10213DE1FCBF3CB187,__init___68.py=services/__init___68.py
4128,gb2312freq.cpython-312.py,19AFFBBBD3765183233CF60BD689B1D2A654A754EDFB4B92300F898627786F6C,gb2312freq.cpython-312.py=core/gb2312freq.cpython-312.py
4132,__init___91.py,1905BB70A3687FC3BC75961B7CD385FF38A4AD88AFE064D2EB21F86822BE56A1,__init___91.py=services/__init___91.py
4134,typing.py,18C06164C576F3F6FC7F3860DFBD985F4EBAC4CB9B9D9390B0EB867ACA988871,typing.py=backup/SNS_24AutoProject+++0508삭제/.venv310/Lib/site-packages/wsproto/typing.py
4136,__init___243.py,1886186C820ACAD88BCC0CC0F739DF9FC8D2911CF87BAD7F94D60D7AE577076B,__init___243.py=services/__init___243.py
4142,_deprecation.cpython-312.py,17D7BE023FA651C528E950168405CC06D54672F1B5303AF72708DAF15104F058,_deprecation.cpython-312.py=core/_deprecation.cpython-312.py
4152,__init___367.py,16D7DCCF1B36956C7E00424D9FD1EE8117649F75B5BE4439FDF907F3A8906685,__init___367.py=services/__init___367.py
4156,https_debugger.py,16217246FA761E8FAD34D1152C812F5D862A42B03D1025D76657FBACFF2790D4,https_debugger.py=backup/SNS_24AutoProject_FINAL_20250516_1002/modules_unused/https_debugger.py
4158,bdist_wininst.py,15FF0FEB5662CB5A6488691F1A0059340855057FF0A0E03C2CAD66A3E494F715,bdist_wininst.py=backup/SNS_24AutoProject+++0508삭제/.venv310/Lib/site-packages/setuptools/_distutils/command/bdist_wininst.py
4159,__init___47.py,15F2B26649785A3F1F01368FDB4A5B937551A89F5B7A0A6CA16EEF713BC8CF87,__init___47.py=services/__init___47.py
4161,_cmp.py,15CE835951723BED5DA345543BBA1514DA4B791BCA59F9F1BA87557008066AE4,_cmp.py=backup/SNS_24AutoProject+++0508삭제/.venv310/Lib/site-packages/attr/_cmp.py
4162,_next_gen.py,15BEAB54D4C9AAA98E8E3407A049AF16312986C364DDCBC7E9F6FE63B6145224,_next_gen.py=backup/SNS_24AutoProject+++0508삭제/.venv310/Lib/site-packages/attr/_next_gen.py
4166,__init___155.py,152EC4E923CD6DD3F052191DFA90D25B7C32150BBCF76C1113002F3EAA7522B5,__init___155.py=services/__init___155.py
4168,backup_command_log.py,15238537EF0D1BF4DC6999066F572875B04C9D02081390555A4871E0D6FE34B8,backup_command_log.py=backup/backup_command_log.py
4176,export_disk_log.py,146CD0B15E37C8FDC4AE406D976A914BB74B07981EF47192759EC7089BF056EE,export_disk_log.py=data/exported_data/export_disk_log.py
4181,router.py,13A8758AF2D433D0EC9074019FB2D665086F577C9B62A705204A6C438525943F,router.py=backup/SNS_24AutoProject+++0508삭제/.venv310/Lib/site-packages/websockets/sync/router.py
4182,sysconfig.py,1344508C395A92461608EB6569CA8AB2CE6437C07BE31E23E71311B904E3710F,sysconfig.py=backup/SNS_24AutoProject+++0508삭제/.venv310/Lib/site-packages/setuptools/_distutils/sysconfig.py
4185,bdist.py,13091B728141CA632AA0E58478BF8829A1751BCBE5BF04B290FE16E9437B32F4,bdist.py=backup/SNS_24AutoProject+++0508삭제/.venv310/Lib/site-packages/setuptools/_distutils/command/bdist.py
4186,module_trace_auto_recovery.py,12A43A4009FBB931C979064747EE075D3844F6E67BD1FCDDBE4D4827F89A543C,module_trace_auto_recovery.py=tools/module_trace_auto_recovery.py
4188,archive_util.py,1269FD4F5DA0E20A50450A72FF2331F282A04CB0802CB6DE38BA1052BB6729EA,archive_util.py=backup/SNS_24AutoProject+++0508삭제/.venv310/Lib/site-packages/setuptools/_distutils/archive_util.py
4190,social_action_module.py,1247CAF3FFE3169723C762535D8A6DAF83CFA78124538240B4FA414FAAEB133E,social_action_module.py=backup/SNS_24AutoProject+++0508삭제/modules/legacy_refined/social_action_module.py
4192,__init___540.py,11C816C31304A20961ED7A3F8C037BF6CAE3C8F335BC8B22BDA0D2014B415D43,__init___540.py=services/__init___540.py
4194,__init___134.py,119CE12755ED25208EF08A38BD81D0BA93D42975823686289BCF32FE332F8A24,__init___134.py=services/__init___134.py
4203,browser_2.py,110C0824C10C05487253CBADF37736286B83BFD0676B1D49AE8D1C042D969FA9,browser_2.py=modules/common/browser_2.py
4204,permessage_deflate.py,10D5819DDB0198F4B60F0E7060A9DAFDC03B129D3BAB4C7BE9A0EC16804EB4E5,permessage_deflate.py=backup/SNS_24AutoProject+++0508삭제/.venv310/Lib/site-packages/websockets/extensions/permessage_deflate.py
4206,dist_info.py,10B9654FA585A4C4438DD0E80F0431F7B1FEB8EE9AF5924485C1D2D8E4F7454C,dist_info.py=backup/SNS_24AutoProject+++0508삭제/.venv310/Lib/site-packages/setuptools/command/dist_info.py
4211,error_reporting.py,10713CF1200F673CFA3E7D46A4E0AE3268F0B359FB2782568617C5A2B7B24585,error_reporting.py=.venv/Lib/site-packages/setuptools/config/_validate_pyproject/error_reporting.py
4215,__init___66.py,0FFACFB052B622E7AAE9D748982B6AE90CC0F73FCAB88CB74009EE460D16E714,__init___66.py=services/__init___66.py
4217,common_28.py,0F89957BD8BDB6464312A65D4383CDD026EAF681EC7431050D8D24F33C5B0228,common_28.py=modules/common/common_28.py
4232,__init___69.py,0D5F8A7415F5B9BBF63508770F59FD51D3DD84023AE2AA6E9851FCCF26355006,__init___69.py=services/__init___69.py
4233,__init___157.py,0D5B4E6FB19838D76AB2FCF082CDC2630D7F6A01BC0D2F2275E8A622B023F6B7,__init___157.py=services/__init___157.py
4237,charsetgroupprober.cpython-312.py,0CC93F7D48A98A2C5711E8C3CABD0B65694E36BD3C0F317346B76201120ED188,charsetgroupprober.cpython-312.py=core/charsetgroupprober.cpython-312.py
4240,__init___133.py,0C8D874C2EF862A92C35CA6D87F9B414E200AF55D12BBBA87EB9A6F33FCE9D47,__init___133.py=services/__init___133.py
4246,c_parser.py,0B3359229B75DFB54C71FA6AC46D04E62CAE3DB154CDABBB5ED5CF258889A5EE,c_parser.py=backup/SNS_24AutoProject+++0508삭제/.venv310/Lib/site-packages/pycparser/c_parser.py
4249,__init___253.py,0ADFBB60E19A36F53BFE4838B1CA1F0372D51BD852D353D032AF5C0CAF4695E9,__init___253.py=services/__init___253.py
4252,__init___341.py,0ABDA683F32F8C1262CD0F6D406CAE57D83F43CFD67C46DEB7148F95018DB581,__init___341.py=services/__init___341.py
4254,pprint_util_custom.py,0AA139E72818D7BA61EA7E3C87E331A60B8266A4E2BCD7919EB3BAB7194E5A0E,pprint_util_custom.py=backup/SNS_24AutoProject_FINAL_20250516_1002/modules/pprint_util_custom.py
4261,more.py,09D6A9EA0559E86DE7E1BE1483774DF9A968BE13F2A8750584FE17D78E554CB0,more.py=backup/SNS_24AutoProject+++0508삭제/.venv310/Lib/site-packages/setuptools/_vendor/more_itertools/more.py
4263,__init___158.py,09A30CD0D2D4D2A689E8C19F5389858A106D2D123BA9D349A717A25053C80D01,__init___158.py=services/__init___158.py
4264,__init___141.py,094616E00CDDD4B4F164D7E8AA0EA6E08A82C4C4D0630948B459F19347090CB6,__init___141.py=services/__init___141.py
4266,__init___488.py,08AF5C65054BC9EBB6EFE0D06A2CE85B197A22C668D4837973DDDC41E9D74E36,__init___488.py=services/__init___488.py
4269,__init___140.py,0857890E6DB7C0BE4CBCBB0806E6250FA671DF1F1C15EFA7D59166D697B4B9EF,__init___140.py=services/__init___140.py
4271,__init___516.py,083086D2C556220DC470F54456E15BB34B4669FE2B2D776314EC3B9B49F09362,__init___516.py=services/__init___516.py
4274,hash_verify.py,07CDC25C63F450CE8BDF08858CB2A6DFC19FB4213FDCE07941B321F1CACB3EC9,hash_verify.py=tools/hash_verify.py
4281,insert_function_log.py,0731141602367F5B72C55D00F7F8BC7B797DA7281D9C89A5F03F4CFD3A44FEE0,insert_function_log.py=db/insert_function_log.py
4286,__init___567.py,069D8127BB61310602C345609730B7DF082ECFF0160FAA847EA53840F29AB985,__init___567.py=services/__init___567.py
4287,common_32.py,066E73034978F13E81D797B85A04CB3DC3625D269FFFF06764017D5447942539,common_32.py=modules/common/common_32.py
4291,cygwinccompiler.py,063C4580844A1DC7E2FC6FA6602FC11E371C666D57236D6E1AC288C1B3CEB59D,cygwinccompiler.py=backup/SNS_24AutoProject+++0508삭제/.venv310/Lib/site-packages/setuptools/_distutils/cygwinccompiler.py
4298,gen_exports.py,058E587A5EF5C261BA88DB35ACAD9DADA07E013488BFD9DF3B8668CCC3821CC2,gen_exports.py=reports/gen_exports.py
4300,langrussianmodel.cpython-312.py,056BFF3561ECA3EE56FA1593E2E3ECCFE0803CA1F3513E8B7B3FBA9376C6CD3C,langrussianmodel.cpython-312.py=core/langrussianmodel.cpython-312.py
4306,__init___363.py,04D2705B16131FDEDAC8C076FA4A386A3383157365415FDF2783C9C2FFE3C041,__init___363.py=services/__init___363.py
4309,build_scripts.py,045563BA119BCE7648222F51F66E3C3577D1CED74784EFDCCE132513661C97B0,build_scripts.py=scripts/build_scripts.py
4310,__init___581.py,04409A45A42F8C38C436E898A24928F14F021320AAC8DF16C8ABB38927E0EACA,__init___581.py=services/__init___581.py
4315,crawler_facebook.py,03F1DE85F17E7F68C294818BF35F1D2537693B512258D93C6603D6DD56784A48,crawler_facebook.py=backup/SNS_24AutoProject+++0508삭제/modules/crawler_facebook.py
4320,depends.py,02D93125A2AA716506600645B278213510FE668509F88AADB762664137768233,depends.py=backup/SNS_24AutoProject+++0508삭제/.venv310/Lib/site-packages/setuptools/depends.py
4328,_htmlparser.cpython-312.py,0225B223818E1558958E614D0121E1F32FF70C7D6104D4D28C7201622A80E967,_htmlparser.cpython-312.py=core/_htmlparser.cpython-312.py
4331,expand.py,01BF1D5B95F919922E2534A5FDDDAE58F6630547EC276D7F22DFA6238D3DE780,expand.py=.venv/Lib/site-packages/setuptools/config/expand.py
4342,__init___99.py,002194751C6FE97B0697FB5B90DB62DC3A09B4C5CAF3442E9FABD14B949F20F0,__init___99.py=services/__init___99.py
