"H1","filename","sha256","target_path"
"106","admin_panel.py","75BAE8301C1D79A2DA0961596F7FEFF380C76194FBAEF77F8ABB4C63B038ADDC","admin_panel.py=logs/trace/SNS_Snapshots/SNS_24_SNAPSHOT_20250518_193739/dashboards/admin_panel.py"
"109","AccelDecel.py","C575A4A4AA14619B08C6264674E551B168CD8A9AA49F1C8BE6A66545942BCF9F","AccelDecel.py=logs/trace/SNS_Snapshots/SNS_24_SNAPSHOT_20250518_193739/modules/AccelDecel.py"
"111","accessor.py","687AABDF6FAE502B4D68962150FFCB14A451E3FF30C5E0D3B4DECAF7B40617A2","accessor.py=logs/trace/SNS_Snapshots/SNS_24_SNAPSHOT_20250518_193739/modules/accessor.py"
"112","accessors.py","045D0BDE1A093BB5AE8B33F155E497E75CF5A4F43FE411880F2AB5879932FC31","accessors.py=logs/trace/SNS_Snapshots/SNS_24_SNAPSHOT_20250518_193739/modules/accessors.py"
"113","account_6ca50dd1.py","D3DD805C529160EB62E9A1E61B8D8C09D62CEBBF48BB7CC200387E34D412518D","account_6ca50dd1.py=logs/trace/SNS_Snapshots/SNS_24_SNAPSHOT_20250518_193739/modules/account_6ca50dd1.py"
"115","accumulate.py","BD25C13652630868C1BB737FA5D91CDA33ECF3366995265A10B3CF61A8608044","accumulate.py=logs/trace/SNS_Snapshots/SNS_24_SNAPSHOT_20250518_193739/modules/accumulate.py"
"122","after.py","F35286492D7C0E120CDD8FDB8AF3C52052B591BF106BB6457F4FB54B58784A81","after.py=logs/trace/SNS_Snapshots/SNS_24_SNAPSHOT_20250518_193739/modules/after.py"
"124","algorithms.py","FC0F2E166380017F60E9EAD7ED26CD178234A267925407E4DB11AA0F4FC0FE74","algorithms.py=logs/trace/SNS_Snapshots/SNS_24_SNAPSHOT_20250518_193739/modules/algorithms.py"
"129","ansitowin32_34bddb38.py","94D277247E76C00E98B05332CB2C1ECA67F4E1FBD50FE52621F7188AFA838613","ansitowin32_34bddb38.py=logs/trace/SNS_Snapshots/SNS_24_SNAPSHOT_20250518_193739/modules/ansitowin32_34bddb38.py"
"130","api_cdbda8a9.py","A00855FC9D40CF56D1BD86ECF2C77CD10FB6890E9ABB71EE58C93E36172DE6A2","api_cdbda8a9.py=logs/trace/SNS_Snapshots/SNS_24_SNAPSHOT_20250518_193739/modules/api_cdbda8a9.py"
"131","api_login.py","C73CFE7336194D51CE58DAB8C482A381ACDCD3D529B42B2949F7677124E7D6F4","api_login.py=logs/trace/SNS_Snapshots/SNS_24_SNAPSHOT_20250518_193739/modules/api_login.py"
"132","api_login_12987cec.py","C73CFE7336194D51CE58DAB8C482A381ACDCD3D529B42B2949F7677124E7D6F4","api_login_12987cec.py=logs/trace/SNS_Snapshots/SNS_24_SNAPSHOT_20250518_193739/DELETE_TEMP_20250503/dashboards/api_login_12987cec.py"
"134","application.py","37C48F08657A77E5F208A9359CCEE61A4EF6B722E59381215443ECF3C88D1DE1","application.py=logs/trace/SNS_Snapshots/SNS_24_SNAPSHOT_20250518_193739/modules/application.py"
"135","apply.py","7187B143D2098EE86C6DFC3B7680321A794846DE2952395EE6D2815B2E7C06DB","apply.py=logs/trace/SNS_Snapshots/SNS_24_SNAPSHOT_20250518_193739/modules/apply.py"
"136","approve_thread_requests.py","B42E4FC43108AE32CB245EF6C197C9AC31AF359ADA3A2ABE927822D8A2DF6C7B","approve_thread_requests.py=logs/trace/SNS_Snapshots/SNS_24_SNAPSHOT_20250518_193739/modules/approve_thread_requests.py"
"138","archive_medias.py","EA8297CCF29E7CB70747250BE5C8C1EF32FAD50EF712E0D2B2D993E16D7B34F4","archive_medias.py=logs/trace/SNS_Snapshots/SNS_24_SNAPSHOT_20250518_193739/modules/archive_medias.py"
"141","array.py","1A24EE2148321F563DF0B2CE6686FBCA521047714ED585D9EC12C05C7FAAFE33","defchararray.py=logs/trace/SNS_Snapshots/SNS_24_SNAPSHOT_20250518_193739/modules/defchararray.py"
"142","arraylike.py","E0A247F8CE6AD3A2C1C11E1F925A57DA85C55B1E8AFD95227E469B1D7098834F","arraylike.py=logs/trace/SNS_Snapshots/SNS_24_SNAPSHOT_20250518_193739/modules/arraylike.py"
"147","array_manager.py","EB2C738D98A6923DF5F67022C16DA20410E144DEEA28B264FE2A2490DF43FB33","array_manager.py=logs/trace/SNS_Snapshots/SNS_24_SNAPSHOT_20250518_193739/modules/array_manager.py"
"148","array_ops.py","1213B049129B662C84916765322818D68F1636B82468E22AACF89CE1C70E55A7","array_ops.py=logs/trace/SNS_Snapshots/SNS_24_SNAPSHOT_20250518_193739/modules/array_ops.py"
"150","arrow_parser_wrapper.py","07640EE2E3EB513794E27601C9810A8E825DC3EFA1DD4152D7747EC3AA47762F","arrow_parser_wrapper.py=logs/trace/SNS_Snapshots/SNS_24_SNAPSHOT_20250518_193739/modules/arrow_parser_wrapper.py"
"151","ashboard_all_logs.py","4D7FF37E787063A2ABA118A5A2A63A571D2F55D72F932026CAC8AEA38F63B418","dashboard_all_logs.py=logs/trace/SNS_Snapshots/SNS_24_SNAPSHOT_20250518_193739/DELETE_TEMP_20250503/dashboards/dashboard_all_logs.py"
"153","asserters.py","4280D54558F9A7E54E6B449C2BEC25D6BC3C862397D7EEAFCB3C140FD427CFB7","asserters.py=logs/trace/SNS_Snapshots/SNS_24_SNAPSHOT_20250518_193739/modules/asserters.py"
"154","astype.py","B31CDCCC32372DCEC8C60120D02DD45889894A6D0D4FF1459823BA2FACB0F2E0","astype.py=logs/trace/SNS_Snapshots/SNS_24_SNAPSHOT_20250518_193739/modules/astype.py"
"155","audio.py","E046E6BE1CD94897E0982195BE1E10687FA9155DA75681139DF01038CBFBE724","web_audio.py=logs/trace/SNS_Snapshots/SNS_24_SNAPSHOT_20250518_193739/modules/web_audio.py"
"156","AudioClip_a8db486f.py","BCEDC0F6E1C74A4D532B7824C102FA089EE7A00D8149B9F7507A10C0E9BAD63C","AudioClip_a8db486f.py=logs/trace/SNS_Snapshots/SNS_24_SNAPSHOT_20250518_193739/modules/AudioClip_a8db486f.py"
"157","AudioDelay.py","D654703E67591E2005139999567E07A1F12E1DE8F6193D637FE80C5CFCB4BD5C","AudioDelay.py=logs/trace/SNS_Snapshots/SNS_24_SNAPSHOT_20250518_193739/modules/AudioDelay.py"
"158","AudioFadeIn.py","F3E14C2DC7B8BEFE1A6FE7BF72F9CA2F579E494E9F29F1C2F9D003B474B27CA8","AudioFadeIn.py=logs/trace/SNS_Snapshots/SNS_24_SNAPSHOT_20250518_193739/modules/AudioFadeIn.py"
"159","AudioFadeOut.py","AA92267622B778089DB2BE57172C68667E7179F6EF28DFB2189E01DABB5D3E8A","AudioFadeOut.py=logs/trace/SNS_Snapshots/SNS_24_SNAPSHOT_20250518_193739/modules/AudioFadeOut.py"
"161","AudioLoop_e9aadbbb.py","AD83777683EAD5853B776322D01FCD39008E5317CA478DBFCF0173C910803BC4","AudioLoop_e9aadbbb.py=logs/trace/SNS_Snapshots/SNS_24_SNAPSHOT_20250518_193739/modules/AudioLoop_e9aadbbb.py"
"162","AudioNormalize.py","E1F468589936F1E69DF2E3F7EB510C1F1EBC6265A9FA700007B801B65B880FC1","AudioNormalize.py=logs/trace/SNS_Snapshots/SNS_24_SNAPSHOT_20250518_193739/modules/AudioNormalize.py"
"166","auto_post.py","EE8079F6DF77B4ECF6C54F6824619AAB93171A65B62410C1B77C6F7900C84C44","auto_post.py=logs/trace/SNS_Snapshots/SNS_24_SNAPSHOT_20250518_193739/modules/auto_post.py"
"167","auto_post_e779cdbf.py","463AE560D82EA434239624496CA84555B15FF1F59C5ADB8698D10DB914BE5C95","auto_post_e779cdbf.py=logs/trace/SNS_Snapshots/SNS_24_SNAPSHOT_20250518_193739/modules/auto_post_e779cdbf.py"
"171","base64mime.py","613292A8E7C0603516476A27B5DA5484B8417D411A26CDA6090B69A2855181FF","base64mime.py=logs/trace/SNS_Snapshots/SNS_24_SNAPSHOT_20250518_193739/modules/base64mime.py"
"172","basestring.py","512E67CFFD114003AC3DFCD67373BDDFAE61F6816FD8FD6634317123F14A8044","fix_basestring.py=logs/trace/SNS_Snapshots/SNS_24_SNAPSHOT_20250518_193739/modules/fix_basestring.py"
"173","base_a87dbb56.py","E1C4B8DBE860D12DDC36EB620F2F0DA3C84D7DEB8E67495DE9C09784CA37B73A","base_a87dbb56.py=logs/trace/SNS_Snapshots/SNS_24_SNAPSHOT_20250518_193739/modules/base_a87dbb56.py"
"175","base_parser.py","AA332FB6B9AA5AB9DA7ACD2CCE5988AD0AA212268D1AE0C6C0F7A45B2A37EAB9","base_parser.py=logs/trace/SNS_Snapshots/SNS_24_SNAPSHOT_20250518_193739/modules/base_parser.py"
"176","basic_example.py","F7B2E8B68D30679270C6C1847254555AE4713BD6133568FD3B666A248E891F8C","basic_example.py=logs/trace/SNS_Snapshots/SNS_24_SNAPSHOT_20250518_193739/modules/basic_example.py"
"180","before.py","3528B23AA24F5BC1A9086C32B27715ED48D3D6FDEF2B1500E627FA51067E8A75","before.py=logs/trace/SNS_Snapshots/SNS_24_SNAPSHOT_20250518_193739/modules/before.py"
"181","before_sleep.py","0A77307EF2045DD24035EF327F401F41EAF1FE9EB2274649533AA2FCA366B973","before_sleep.py=logs/trace/SNS_Snapshots/SNS_24_SNAPSHOT_20250518_193739/modules/before_sleep.py"
"184","big5freq.py","463E6C4085B77183DE85254C31D5C5F9F6C4B0FA5439C576998CBE346E3ABC40","big5freq.py=logs/trace/SNS_Snapshots/SNS_24_SNAPSHOT_20250518_193739/modules/big5freq.py"
"185","big5prober_7db97bd0.py","732125328545EE717EFC39DE4D2623365FB467F735834A2FF36C4757B5A422AC","big5prober_7db97bd0.py=logs/trace/SNS_Snapshots/SNS_24_SNAPSHOT_20250518_193739/modules/big5prober_7db97bd0.py"
"188","BlackAndWhite.py","0334C40057750DC4075CD324E55CAF59D639C8847E64BFADB13A3D7C39100595","BlackAndWhite.py=logs/trace/SNS_Snapshots/SNS_24_SNAPSHOT_20250518_193739/modules/BlackAndWhite.py"
"189","black_white_lists_bab602db.py","52C7C79709426701B23AA89C1CEFD45CCCC3C90084338F8358F803A94DE72FBF","black_white_lists_bab602db.py=logs/trace/SNS_Snapshots/SNS_24_SNAPSHOT_20250518_193739/modules/black_white_lists_bab602db.py"
"193","blocks.py","1C20F3CC334147C118F15DF7810DCEDA932A69BBBBC6E1E3E17A04A73E3A8385","blocks.py=logs/trace/SNS_Snapshots/SNS_24_SNAPSHOT_20250518_193739/modules/blocks.py"
"194","block_bots.py","CF84FC1C1CB2702F62C1BB43F53B6E19B3932F509C48E6B3C472E0FADEFEC057","block_bots.py=logs/trace/SNS_Snapshots/SNS_24_SNAPSHOT_20250518_193739/modules/block_bots.py"
"198","boolean_ddba56b0.py","5DFCC1F32A71A30DB128E458B86E4994D36C6ED418DA54A95070093D6713D9C9","boolean_ddba56b0.py=logs/trace/SNS_Snapshots/SNS_24_SNAPSHOT_20250518_193739/modules/boolean_ddba56b0.py"
"218","boxplot.py","805A0B41B9B3D55DE6489DEC030D93810FDD56840287B3240B0FE1527EC34227","boxplot.py=logs/trace/SNS_Snapshots/SNS_24_SNAPSHOT_20250518_193739/modules/boxplot.py"
"220","buffer.py","49F19BEAC415684B98FBF769435E2FD4C14C418EA6DC1E25864EA693FC319BAD","_receivebuffer.py=logs/trace/SNS_Snapshots/SNS_24_SNAPSHOT_20250518_193739/modules/_receivebuffer.py"
"224","builtins.py","661038E0C3BCAE74E9504D6D12C492FC771DBEAC9204D0E0C2191F7298E79C97","fix_future_builtins.py=logs/trace/SNS_Snapshots/SNS_24_SNAPSHOT_20250518_193739/modules/fix_future_builtins.py"
"227","cache_storage_53afddb6.py","17550F1425F44E3A00D589264F314D33E4898C1246EBB10D4B59CF8E89D05BEF","cache_storage_53afddb6.py=logs/trace/SNS_Snapshots/SNS_24_SNAPSHOT_20250518_193739/modules/cache_storage_53afddb6.py"
"231","captions_for_medias.py","89D49633496D23B38D07B547B9F0BE5965AAC25A8E2A360108C03737A0ED1E00","captions_for_medias.py=logs/trace/SNS_Snapshots/SNS_24_SNAPSHOT_20250518_193739/modules/captions_for_medias.py"
"233","casting.py","CEDA0DE1CA647430B671E3DA848FB482A0B7BA8E59B13B2C2C0D8835EA46B4E0","casting.py=logs/trace/SNS_Snapshots/SNS_24_SNAPSHOT_20250518_193739/modules/casting.py"
"234","categorical.py","11B8ACFCE18B9DE2954E2000C5E660C41836EB007637B533C6A65D467D008F60","categorical.py=logs/trace/SNS_Snapshots/SNS_24_SNAPSHOT_20250518_193739/modules/categorical.py"
"235","category.py","F07468AD6CE9DA92724CE4A210869513C59535223B52AAF6A1481D857CDA2F0B","category.py=logs/trace/SNS_Snapshots/SNS_24_SNAPSHOT_20250518_193739/modules/category.py"
"236","cb_rules_c3adb8b8.py","ED1A2660229243062AA1E931A8B0921E383DCE23C43C319037F1BBB8796983CA","cb_rules_c3adb8b8.py=logs/trace/SNS_Snapshots/SNS_24_SNAPSHOT_20250518_193739/modules/cb_rules_c3adb8b8.py"
"244","char.py","E44C1244762F31771A4AF118DADEFEFAA5A37CC49D62C6CAAB45AB54A7AB1520","char.py=logs/trace/SNS_Snapshots/SNS_24_SNAPSHOT_20250518_193739/modules/char.py"
"245","chardetect_1dbc0df4.py","A7D8050A312AD57AA83AA1B89F6437F7EE87D97D45ED979DEABC470C1B473E32","chardetect_1dbc0df4.py=logs/trace/SNS_Snapshots/SNS_24_SNAPSHOT_20250518_193739/modules/chardetect_1dbc0df4.py"
"246","chardistribution.py","E9FF8D240984C44CD7B41FF653DEDCAD69C88B445F87F60472D83070912BCE61","chardistribution.py=logs/trace/SNS_Snapshots/SNS_24_SNAPSHOT_20250518_193739/modules/chardistribution.py"
"247","charset.py","4CC12165A608052A9E6535EB4A8412659013250FBCD85F4377A62612A7F0BA7B","charset.py=logs/trace/SNS_Snapshots/SNS_24_SNAPSHOT_20250518_193739/modules/charset.py"
"248","charsetgroupprober.py","6D8F64FB9E239FD99CE10040B6502C0F5333D7DD99D2951FECB2D1AA48B6727A","charsetgroupprober.py=logs/trace/SNS_Snapshots/SNS_24_SNAPSHOT_20250518_193739/modules/charsetgroupprober.py"
"249","charsetprober.py","E0B44933D2C0ECF0F92926493DA620C036A9CE94D23A133968882E08766193B9","mbcharsetprober.py=logs/trace/SNS_Snapshots/SNS_24_SNAPSHOT_20250518_193739/modules/mbcharsetprober.py"
"252","cleanup_old_logs.py","35F7CFE61529DEA4F41F233B7FB538487E9280A1EF09329F0A98D61AC9228D10","cleanup_old_logs.py=logs/trace/SNS_Snapshots/SNS_24_SNAPSHOT_20250518_193739/modules/cleanup_old_logs.py"
"254","client.py","2DA00E5A403D83D27BBD11880B605303B21027BA387E1CCC792E08C8D8E391D9","client.py=logs/trace/SNS_Snapshots/SNS_24_SNAPSHOT_20250518_193739/modules/client.py"
"257","clipboards.py","48615C8BB148507C44B1030C38BC7B18481F9B1FA5CB38EA4AF9BAB32B270C87","clipboards.py=logs/trace/SNS_Snapshots/SNS_24_SNAPSHOT_20250518_193739/modules/clipboards.py"
"261","codingstatemachine.py","6220C4B05DDCADC90128DEDF0D806FA1583A6F75C3E8C11F47BFFBB3CD8D9545","codingstatemachine.py=logs/trace/SNS_Snapshots/SNS_24_SNAPSHOT_20250518_193739/modules/codingstatemachine.py"
"262","codingstatemachinedict.py","A2F3ACE67DE50682345CABEBD8492E774C1BD8EAC37ED7EE44367A2DE6203881","codingstatemachinedict.py=logs/trace/SNS_Snapshots/SNS_24_SNAPSHOT_20250518_193739/modules/codingstatemachinedict.py"
"263","collections_abc.py","E5C6F131010C6951D8BA40BF6815321E353523FAAAEA73D202FB277906660E3C","collections_abc.py=logs/trace/SNS_Snapshots/SNS_24_SNAPSHOT_20250518_193739/modules/collections_abc.py"
"265","collect_stats.py","F2B856D64813521DECC9C2C12765CFCD76B5DE80ECA2D0DEAC9DD2EACDDAFFC0","collect_stats.py=logs/trace/SNS_Snapshots/SNS_24_SNAPSHOT_20250518_193739/modules/collect_stats.py"
"267","colorchooser.py","87062B34FEB18E6DB60E423B4629250470F294974BE53A61A23660A4C79FB9BC","colorchooser.py=logs/trace/SNS_Snapshots/SNS_24_SNAPSHOT_20250518_193739/modules/colorchooser.py"
"269","column.py","44859DD7D3B4088B86473397DF6E87626BF25C576576151CBCB88050FCA1AFA4","column.py=logs/trace/SNS_Snapshots/SNS_24_SNAPSHOT_20250518_193739/modules/column.py"
"273","comment_hashtags.py","75AD4AB3051B4FD8642FED022305D366A39CA2EA0413F4E1D26EB8FE190607A5","comment_hashtags.py=logs/trace/SNS_Snapshots/SNS_24_SNAPSHOT_20250518_193739/modules/comment_hashtags.py"
"274","comment_medias_by_location.py","B89B5773796740259ED25EEEBB301A3118D9D4EE87963E84ECBA6A3592B9EFCB","comment_medias_by_location.py=logs/trace/SNS_Snapshots/SNS_24_SNAPSHOT_20250518_193739/modules/comment_medias_by_location.py"
"275","comment_your_feed.py","D5C74E266BC667F4A9CF76D90FB7F4536D26317DBCBD4CE495CB553791624581","comment_your_feed.py=logs/trace/SNS_Snapshots/SNS_24_SNAPSHOT_20250518_193739/modules/comment_your_feed.py"
"280","compat_8db5c14b.py","7C7A0C498A65636BF4A648FED47FF133221775DE6E2F26B936E3EC3A385142FE","compat_8db5c14b.py=logs/trace/SNS_Snapshots/SNS_24_SNAPSHOT_20250518_193739/modules/compat_8db5c14b.py"
"284","compressors.py","F8A1E2A7B0D015552BFE3C97C9FDCA502AFAF52366A018D3B6E5BE6FFD965BE9","compressors.py=logs/trace/SNS_Snapshots/SNS_24_SNAPSHOT_20250518_193739/modules/compressors.py"
"285","concat.py","B0F63342A62BE4885B463FA61674D4C461D0C5D2BAD744465CFCD6510E4944DA","concat.py=logs/trace/SNS_Snapshots/SNS_24_SNAPSHOT_20250518_193739/modules/concat.py"
"286","concat_bee6db73.py","1EA86EB59B9593F896D2DD2E5B3E520E65C5E4D2C73A8EBAB9A55E7DC826DB77","concat_bee6db73.py=logs/trace/SNS_Snapshots/SNS_24_SNAPSHOT_20250518_193739/modules/concat_bee6db73.py"
"288","config_init_fc0498db.py","E7686880B2822819E48033DBC4DF45C1C47731E76E06AD9FD5F2DB2C45647AB9","config_init_fc0498db.py=logs/trace/SNS_Snapshots/SNS_24_SNAPSHOT_20250518_193739/modules/config_init_fc0498db.py"
"294","constraint.py","F3B58A96EE3F2E657FB31722C5EFC81ECB7B34C96B158C16EEDD4A446921D910","constraint.py=logs/trace/SNS_Snapshots/SNS_24_SNAPSHOT_20250518_193739/modules/constraint.py"
"295","construction.py","3C7FCD3DC22CF36D286655A1861757DA169BD76453D5223CCDD1037A3BE5E740","construction.py=logs/trace/SNS_Snapshots/SNS_24_SNAPSHOT_20250518_193739/modules/construction.py"
"300","contexts.py","FFC9B16FAF10DBD1BC6C1681FA5EE6E2FDDF4375F531DD7D66B8FD2350ADD941","contexts.py=logs/trace/SNS_Snapshots/SNS_24_SNAPSHOT_20250518_193739/modules/contexts.py"
"303","converter.py","D425A6D359B5C585479775CCC54455C2A19C71F0104AAB704B0C9A5FB4CED561","locator_converter.py=logs/trace/SNS_Snapshots/SNS_24_SNAPSHOT_20250518_193739/modules/locator_converter.py"
"304","cookiejar.py","C526DD0342E0E387DBA3E98F7713FCEA3A6D76B7AFDD1003405DF374D6427772","cookiejar.py=logs/trace/SNS_Snapshots/SNS_24_SNAPSHOT_20250518_193739/modules/cookiejar.py"
"308","count_logtables_rows.py","3118919727AE51B662E4DF8873BB3FF332765ACC021236AF7DFF6DD11022C660","count_logtables_rows.py=logs/trace/SNS_Snapshots/SNS_24_SNAPSHOT_20250518_193739/modules/count_logtables_rows.py"
"309","cp949prober.py","9F8CDDC77031ADFDCA03B74D2B8014B612BE0F3301DDF1BB20B601C6B1CB6AB2","cp949prober.py=logs/trace/SNS_Snapshots/SNS_24_SNAPSHOT_20250518_193739/modules/cp949prober.py"
"314","CrossFadeIn.py","648420979CE6B0025F19052F2BE8AEDC96CCAB16695818EA1831891F7B96F5BD","CrossFadeIn.py=logs/trace/SNS_Snapshots/SNS_24_SNAPSHOT_20250518_193739/modules/CrossFadeIn.py"
"315","CrossFadeOut.py","7AD2257EA15B0C933CC250E13DE10EAC5DB9D1E16E270CB914CCB53F596F1026","CrossFadeOut.py=logs/trace/SNS_Snapshots/SNS_24_SNAPSHOT_20250518_193739/modules/CrossFadeOut.py"
"318","css_match.py","D533884CAD82430CE99D9622F0964D0BD4A2101A97A41A67577B2B6AE381B6E6","css_match.py=logs/trace/SNS_Snapshots/SNS_24_SNAPSHOT_20250518_193739/modules/css_match.py"
"320","css_types.py","8BC096F9C6672C902193688FB3FB3F658EC1BB26F5C9A9794C5654D21BCB9D03","css_types.py=logs/trace/SNS_Snapshots/SNS_24_SNAPSHOT_20250518_193739/modules/css_types.py"
"321","csvs.py","BAF007332EFAC7EC9A14DF27E54302DC99AA506A152646D8D4A299B63EB681BF","csvs.py=logs/trace/SNS_Snapshots/SNS_24_SNAPSHOT_20250518_193739/modules/csvs.py"
"327","c_parser_wrapper.py","8FF141C5A9DACFAA57BFCC77FF9958FB27B712DF549CF653AE2C2AD47BC078AC","c_parser_wrapper.py=logs/trace/SNS_Snapshots/SNS_24_SNAPSHOT_20250518_193739/modules/c_parser_wrapper.py"
"328","dammit.py","3C9555CEF8C6F1CE015E799FEAA9D66B4EB955C66E924114ED5C084528B35AB9","dammit.py=logs/trace/SNS_Snapshots/SNS_24_SNAPSHOT_20250518_193739/modules/dammit.py"
"330","dashboard_command_log.py","42A411F14D1B2B52F0653470F51C6CFAB2F95FAF71ABC5B40B2366EF83E4FBD4","dashboard_command_log.py=logs/trace/SNS_Snapshots/SNS_24_SNAPSHOT_20250518_193739/DELETE_TEMP_20250503/dashboards/dashboard_command_log.py"
"331","dashboard_design_trace.py","47029EE492994C788FD9F0048EA98D605D7E4CE36904579F12C8444A5184AF84","dashboard_design_trace.py=logs/trace/SNS_Snapshots/SNS_24_SNAPSHOT_20250518_193739/modules/dashboard_design_trace.py"
"332","dashboard_disk_log.py","4BB4B9F42F416B9F626B39AF74DEEFBCF67AEFF9B67D4DFCE886D45853FF781C","dashboard_disk_log.py=logs/trace/SNS_Snapshots/SNS_24_SNAPSHOT_20250518_193739/DELETE_TEMP_20250503/dashboards/dashboard_disk_log.py"
"333","dashboard_env_log.py","615517CF2335FC21914DEFF1EFD8B0CAB7A408478086535D65F3F577FF7C1AA1","dashboard_env_log.py=logs/trace/SNS_Snapshots/SNS_24_SNAPSHOT_20250518_193739/DELETE_TEMP_20250503/dashboards/dashboard_env_log.py"
"335","dashboard_network_log.py","71F9CE468C2FD4A3B97F08850923CA45B38BCEC9BAEDEE42C56156A45815E6DC","dashboard_network_log.py=logs/trace/SNS_Snapshots/SNS_24_SNAPSHOT_20250518_193739/DELETE_TEMP_20250503/dashboards/dashboard_network_log.py"
"336","dashboard_session_integrity.py","9E73D6D962FC96E3F2B8C25EC97C098FB5FF5E0F9441E19A9324D2C982009684","dashboard_session_integrity.py=logs/trace/SNS_Snapshots/SNS_24_SNAPSHOT_20250518_193739/DELETE_TEMP_20250503/dashboards/dashboard_session_integrity.py"
"337","dashboard_session_log.py","5E0B599B464CEC4387F4DBCED9B0A5383AF6CBB22B9F0BD145BAB1D1E78998D8","dashboard_session_log.py=logs/trace/SNS_Snapshots/SNS_24_SNAPSHOT_20250518_193739/DELETE_TEMP_20250503/dashboards/dashboard_session_log.py"
"338","dashboard_trace.py","7CC798DDA955CF2C4664BB5EB728AD1A2CA7BEF74B99E16CF102A305A5AE6BC9","dashboard_trace.py=logs/trace/SNS_Snapshots/SNS_24_SNAPSHOT_20250518_193739/modules/dashboard_trace.py"
"339","dashboard_trace_git.py","069913DFCDF0EEC4ADD7D87812863F84CBBAB5ABD538C450892FA71883340526","dashboard_trace_git.py=logs/trace/SNS_Snapshots/SNS_24_SNAPSHOT_20250518_193739/modules/dashboard_trace_git.py"
"342","dataframe.py","D71A78AF60BCD56B467C45EA6F970920D03A398F86D778A604E907B56414F857","dataframe.py=logs/trace/SNS_Snapshots/SNS_24_SNAPSHOT_20250518_193739/modules/dataframe.py"
"343","dataframe_protocol.py","07D65A670AF62376F5F39F3E7A8FADFC7E27FB83E4BCAE19EA35E9D817C555B1","dataframe_protocol.py=logs/trace/SNS_Snapshots/SNS_24_SNAPSHOT_20250518_193739/modules/dataframe_protocol.py"
"344","datetimelike.py","12E34D49F094091602ED479680738B35428F57164973D4351BEB822649A91330","datetimelike.py=logs/trace/SNS_Snapshots/SNS_24_SNAPSHOT_20250518_193739/modules/datetimelike.py"
"345","datetimelike_accumulations.py","4839979B64DC0E2FEB1E79BD96E034CB18B088FF27C28A4BDA65C824C7C93B3E","datetimelike_accumulations.py=logs/trace/SNS_Snapshots/SNS_24_SNAPSHOT_20250518_193739/modules/datetimelike_accumulations.py"
"346","datetimes.py","C0011443844BC52E78C5B591F52002C35873403104AA231F09D34CB4CD16EF1B","datetimes.py=logs/trace/SNS_Snapshots/SNS_24_SNAPSHOT_20250518_193739/modules/datetimes.py"
"352","decoder.py","0B97B75E700142F30CC4C15AE5AACC71A532A4D3EF12DF420D2A94A2BC986457","decoder.py=logs/trace/SNS_Snapshots/SNS_24_SNAPSHOT_20250518_193739/modules/decoder.py"
"364","devices.py","6C2C288B1069B6106A3B4BEFEC95B3A47E481F436383A51557F11F51592EEECB","devices.py=logs/trace/SNS_Snapshots/SNS_24_SNAPSHOT_20250518_193739/modules/devices.py"
"366","device_orientation_f534db45.py","CCD8327D07225A4062AAD508990FA8035DEA7118063685AE793BE299056289EB","device_orientation_f534db45.py=logs/trace/SNS_Snapshots/SNS_24_SNAPSHOT_20250518_193739/modules/device_orientation_f534db45.py"
"370","dim2.py","C066D5F82C078BA3674A9CD50FAD5731BC054D4BEDD5EEEAE93400787543E5B9","dim2.py=logs/trace/SNS_Snapshots/SNS_24_SNAPSHOT_20250518_193739/modules/dim2.py"
"371","direct_send_photo.py","FC208CF9DAA055E52966FF5ACC57A0F773B86BF58A78DF380729E9099976228D","direct_send_photo.py=logs/trace/SNS_Snapshots/SNS_24_SNAPSHOT_20250518_193739/modules/direct_send_photo.py"
"374","disabled.py","F3BC3CB4946114E6118DC5D12E4CA60406BBADFE25424D66B04B53970C6D9230","disabled.py=logs/trace/SNS_Snapshots/SNS_24_SNAPSHOT_20250518_193739/modules/disabled.py"
"376","dispatch.py","29433284EB486443655670D60B004F2059D78E55C65FF2DEB66FB26C809C55AD","dispatch.py=logs/trace/SNS_Snapshots/SNS_24_SNAPSHOT_20250518_193739/modules/dispatch.py"
"377","display_in_notebook.py","FBFBEBACE799635188A3DB6920BCE696DA947A087002FED569667EBECBD72FC8","display_in_notebook.py=logs/trace/SNS_Snapshots/SNS_24_SNAPSHOT_20250518_193739/modules/display_in_notebook.py"
"379","dnd.py","B72FB57FB49A02AD2589C856068C2AECFEE2462B37B947BFC5C769D73A5D2301","dnd.py=logs/trace/SNS_Snapshots/SNS_24_SNAPSHOT_20250518_193739/modules/dnd.py"
"380","doc.py","AA06C84F4BA81D05CCFFA7FCD104CFBB28B64C62311DA7E17926A97681D59F7B","doc.py=logs/trace/SNS_Snapshots/SNS_24_SNAPSHOT_20250518_193739/modules/doc.py"
"381","docstrings.py","855A6A3339B485AECFDC24CC7F39EBDE7C2FE5048EC724E71B70B7C0BE69FBAC","docstrings.py=logs/trace/SNS_Snapshots/SNS_24_SNAPSHOT_20250518_193739/modules/docstrings.py"
"387","download_photos_by_hashtag.py","5D67BB76779A839E1EE83D7766854B9596A0AF03A0725E017320C74EA6A793AA","download_photos_by_hashtag.py=logs/trace/SNS_Snapshots/SNS_24_SNAPSHOT_20250518_193739/modules/download_photos_by_hashtag.py"
"388","download_photos_by_user.py","1867307AD0D6AB88A4ED2BB44435C472266E122DAE939EBD025CB1DA751F67C8","download_photos_by_user.py=logs/trace/SNS_Snapshots/SNS_24_SNAPSHOT_20250518_193739/modules/download_photos_by_user.py"
"389","download_stories_11a3db0f.py","DB19F25F980D055BED08F26EAB515CB8F6D8FFECB201B0B1D26E65DFE2D89DDE","download_stories_11a3db0f.py=logs/trace/SNS_Snapshots/SNS_24_SNAPSHOT_20250518_193739/modules/download_stories_11a3db0f.py"
"390","download_user_videos.py","1F564642AED5D6558387FE80A86FAC27AF592E360C9385A879F7FEEDF5E93350","download_user_videos.py=logs/trace/SNS_Snapshots/SNS_24_SNAPSHOT_20250518_193739/modules/download_user_videos.py"
"391","download_your_photos.py","2C68C3A136F57A0192FC677E4A6925B3C8E591925391EDA8404CE34BE33E62C9","download_your_photos.py=logs/trace/SNS_Snapshots/SNS_24_SNAPSHOT_20250518_193739/modules/download_your_photos.py"
"397","dumb.py","4CC755F6F2BDCA2807947332C3CEE322220281481045F2A830AC753E917B0468","dumb.py=logs/trace/SNS_Snapshots/SNS_24_SNAPSHOT_20250518_193739/modules/dumb.py"
"398","dump.py","9B950DE2D282CD77AF373F474499B3788984FCADA90C9E131D5056D7D384365E","_wsdump.py=logs/trace/SNS_Snapshots/SNS_24_SNAPSHOT_20250518_193739/modules/_wsdump.py"
"400","duplicate_checker.py","4EBA60E3DC9BEA85D98A013BDEE541E48D69251E97A27E6A49662F18E907A941","duplicate_checker.py=logs/trace/SNS_Snapshots/SNS_24_SNAPSHOT_20250518_193739/modules/duplicate_checker.py"
"404","Effect.py","EC9641BF76C0C892A322E736E6501934B7B4EA133A3D6115DF421269FBFF8C1A","Effect.py=logs/trace/SNS_Snapshots/SNS_24_SNAPSHOT_20250518_193739/modules/Effect.py"
"407","element.py","50A11D4C3DD064EC13AA72F6CFFACA86AC46EEAB84C02814D029EFF5FC9344B5","element.py=logs/trace/SNS_Snapshots/SNS_24_SNAPSHOT_20250518_193739/modules/element.py"
"409","emoji_db5c2b29.py","D27201E1FFC51CF76CC045483B3AA59389E5A2E5911D16746D1A9DC713A1C8A3","emoji_db5c2b29.py=logs/trace/SNS_Snapshots/SNS_24_SNAPSHOT_20250518_193739/modules/emoji_db5c2b29.py"
"411","encoder.py","775BBE5F6510154C7AC25CC825B24852309F92187082D7189E5D3AE20B174348","encoder.py=logs/trace/SNS_Snapshots/SNS_24_SNAPSHOT_20250518_193739/modules/encoder.py"
"412","encoders.py","6FCD81F9C18C11636541B46BDF3B4F28DC20BFA457C7BC26F8596E429C23496A","encoders.py=logs/trace/SNS_Snapshots/SNS_24_SNAPSHOT_20250518_193739/modules/encoders.py"
"413","encoding.py","86FD8C9EB77E7AE0B63F0F9A6430555B29AA887086E7CFF03F0E9B10463952CA","encoding.py=logs/trace/SNS_Snapshots/SNS_24_SNAPSHOT_20250518_193739/modules/encoding.py"
"414","engines_4f5c0db7.py","6683F07D15DCD9CE18338A945C9A12276529AFD767F1FF8E5440596E6AC28040","engines_4f5c0db7.py=logs/trace/SNS_Snapshots/SNS_24_SNAPSHOT_20250518_193739/modules/engines_4f5c0db7.py"
"415","entities.py","D0B7C3C609101E4BB844BDCBA93E34488A747B5D565602B63BE11FAB9B4F68C2","entities.py=logs/trace/SNS_Snapshots/SNS_24_SNAPSHOT_20250518_193739/modules/entities.py"
"417","enums.py","4875254BD4CEA2571430A5EE30FCDDCA766395626ABC1B8A1EE6904D2A72D921","enums.py=logs/trace/SNS_Snapshots/SNS_24_SNAPSHOT_20250518_193739/modules/enums.py"
"418","eoo.py","0CE4A221B757C9901DD6F896310E9E17CE3F26539D4CA0D9546167839ABCD78B","eoo.py=logs/trace/SNS_Snapshots/SNS_24_SNAPSHOT_20250518_193739/modules/eoo.py"
"424","escprober.py","0316115553ED466D9F68F2ED0D50EC2472F81CECAA7F2224954EF6B2E248BD4F","escprober.py=logs/trace/SNS_Snapshots/SNS_24_SNAPSHOT_20250518_193739/modules/escprober.py"
"425","escsm.py","113CEB111BC063752ED2D486DF9A026C655C4C2A221C4B8C5E96E0043E6913E9","escsm.py=logs/trace/SNS_Snapshots/SNS_24_SNAPSHOT_20250518_193739/modules/escsm.py"
"426","eucjpprober.py","F570744A251F31D4BBCD0F8135D57A91820C2937BF58066BC65B923DAF7FD283","eucjpprober.py=logs/trace/SNS_Snapshots/SNS_24_SNAPSHOT_20250518_193739/modules/eucjpprober.py"
"427","euckrfreq.py","0B36798C04C11CCBBF36133C0C78987B8B7E62871CB4F3024B426C97867BFA10","euckrfreq.py=logs/trace/SNS_Snapshots/SNS_24_SNAPSHOT_20250518_193739/modules/euckrfreq.py"
"428","euckrprober.py","6464F571BD99208E2AF11C37CB5CBE6BC4AE49F6FCA3F7EE59D57AD97A6E4301","euckrprober.py=logs/trace/SNS_Snapshots/SNS_24_SNAPSHOT_20250518_193739/modules/euckrprober.py"
"429","euctwfreq.py","965F1B19CE493ED822EAF97367E59AD8429F076A0F906928F1B7A84A0E7EECE1","euctwfreq.py=logs/trace/SNS_Snapshots/SNS_24_SNAPSHOT_20250518_193739/modules/euctwfreq.py"
"430","euctwprober.py","8C59A768A42D5F679C9BF460C28C4408A18E581C919119F4D13FA1242FFA9DB4","euctwprober.py=logs/trace/SNS_Snapshots/SNS_24_SNAPSHOT_20250518_193739/modules/euctwprober.py"
"431","eval.py","6FB1B8500B3AB78EA3765C5EFF28660DF63CB80B8FF2831280F8660D39C067F2","eval.py=logs/trace/SNS_Snapshots/SNS_24_SNAPSHOT_20250518_193739/modules/eval.py"
"432","EvenSize.py","38EA022F252081ECD93CC23AA33BD6AAA96834E055475C99E6593A7C23B58A16","EvenSize.py=logs/trace/SNS_Snapshots/SNS_24_SNAPSHOT_20250518_193739/modules/EvenSize.py"
"436","ewm.py","A530604E894BFF978E114D0784DF878A0F906DB9DB1062C55B84DE05885D6695","ewm.py=logs/trace/SNS_Snapshots/SNS_24_SNAPSHOT_20250518_193739/modules/ewm.py"
"438","excel.py","C1C71C6E08E7FDE9C0E5F7917CA09193D475313EB9A3799FB975517D2EEC06FC","export_logtrace_to_excel.py=data/exported_data/export_logtrace_to_excel.py"
"440","exceptions_bedb9a59.py","D96971F4B7EC13A990B25BB081F7BEE131DAAE3B8D3622A8866021B3BEC4EC72","exceptions_bedb9a59.py=logs/trace/SNS_Snapshots/SNS_24_SNAPSHOT_20250518_193739/modules/exceptions_bedb9a59.py"
"441","executor.py","B5EEE722599071F9A2D8F589D4FB937EDE455DE558112760146DDF9B4AE43928","executor.py=logs/trace/SNS_Snapshots/SNS_24_SNAPSHOT_20250518_193739/modules/executor.py"
"443","expanding.py","E887AA421F5E0136D9E1DA7A8CEB654527E51E2C947C25B465D1118C1428409D","expanding.py=logs/trace/SNS_Snapshots/SNS_24_SNAPSHOT_20250518_193739/modules/expanding.py"
"445","expr.py","485ECB0A8561A7E8BE9EE0E5A677C07A753C2C7AEB0E747985DA10DC5691B2EF","expr.py=logs/trace/SNS_Snapshots/SNS_24_SNAPSHOT_20250518_193739/modules/expr.py"
"447","expressions.py","290537B55DD3BC2F36DFD8FC851E06B0D6E0AD6DC2562BE78D01E2686A1E7FE9","expressions.py=logs/trace/SNS_Snapshots/SNS_24_SNAPSHOT_20250518_193739/modules/expressions.py"
"454","extension_types.py","5E89195D34225B801C4E7B99BC39F38088D0901ED5CF910A6B4409158CB47031","extension_types.py=logs/trace/SNS_Snapshots/SNS_24_SNAPSHOT_20250518_193739/modules/extension_types.py"
"461","fb_group_scraper.py","C8BDBBAF20467F50577963B13F1FBBD34D36C6A0CD6C0DFE320E23AC18A54810","fb_group_scraper.py=logs/trace/SNS_Snapshots/SNS_24_SNAPSHOT_20250518_193739/modules/fb_group_scraper.py"
"462","feather_format.py","07075243E100382B7B81EF95DB84502928CA03AC3DCFD5E010CC1E3B4AE59BBB","feather_format.py=logs/trace/SNS_Snapshots/SNS_24_SNAPSHOT_20250518_193739/modules/feather_format.py"
"467","feedparser.py","6D58361505CC28413321E258F0E3135F85ABADC5C9291A5A359F6233E253011C","feedparser.py=logs/trace/SNS_Snapshots/SNS_24_SNAPSHOT_20250518_193739/modules/feedparser.py"
"476","ffplay_audiopreviewer.py","2F0B517ACFD17C4EFE8C40FC63A151437450A7F3B1C425B80F82C00EBF9ED2C3","ffplay_audiopreviewer.py=logs/trace/SNS_Snapshots/SNS_24_SNAPSHOT_20250518_193739/modules/ffplay_audiopreviewer.py"
"477","ffplay_previewer.py","D25546F694367D6D1689E90AAA8E93843E1AEA936B13D0BB22B7A6AEF8F0F75E","ffplay_previewer.py=logs/trace/SNS_Snapshots/SNS_24_SNAPSHOT_20250518_193739/modules/ffplay_previewer.py"
"479","filedialog.py","1E68EFB277B6287ECEFC5E2D2BF4F7352B0629AF4D9D2A13B8ABBAD78B2556EA","filedialog.py=logs/trace/SNS_Snapshots/SNS_24_SNAPSHOT_20250518_193739/modules/filedialog.py"
"489","filter_blacklist_hashtag_medias.py","D3A1C5DC4B9A75C4B40837A4E0D8C434531C3DEFB3E39289782FC097D69BEAD2","filter_blacklist_hashtag_medias.py=logs/trace/SNS_Snapshots/SNS_24_SNAPSHOT_20250518_193739/modules/filter_blacklist_hashtag_medias.py"
"490","filter_private_profiles.py","5747D4DFEDD299857E01652A9496456C6BACB815424C15002CC54E3D7F9C6FD0","filter_private_profiles.py=logs/trace/SNS_Snapshots/SNS_24_SNAPSHOT_20250518_193739/modules/filter_private_profiles.py"
"493","fingerprint.py","DEDE6B3B42B14D00B265365440372B0AB96C6B32593F8CA6761ACD4483090628","fingerprint.py=logs/trace/SNS_Snapshots/SNS_24_SNAPSHOT_20250518_193739/modules/fingerprint.py"
"495","firefox_profile_dac90adb.py","0F81C461604FB0C4846EB2235D15E5DED5E18C60C89C813820727FF3FCFDE462","firefox_profile_dac90adb.py=logs/trace/SNS_Snapshots/SNS_24_SNAPSHOT_20250518_193739/modules/firefox_profile_dac90adb.py"
"498","fixer_util.py","330A0D8C89D3D2544E11A8BDA8BCD0ED699BB89A7F872E57670CB9787A0CEF46","fixer_util.py=logs/trace/SNS_Snapshots/SNS_24_SNAPSHOT_20250518_193739/modules/fixer_util.py"
"499","fix_absolute_import.py","7B7A53E1A9BE42FB06493E5ABA079A90CD9B9E33D2EA4CB8068E5ADFA0D6B315","fix_absolute_import.py=logs/trace/SNS_Snapshots/SNS_24_SNAPSHOT_20250518_193739/modules/fix_absolute_import.py"
"500","fix_add_all_future_builtins.py","8F9D0AFF95E2474747CF2BCB30C838CAEE24567269693362F70A85BBF41DBE32","fix_add_all_future_builtins.py=logs/trace/SNS_Snapshots/SNS_24_SNAPSHOT_20250518_193739/modules/fix_add_all_future_builtins.py"
"501","fix_add_all__future__imports_7b7db1e4.py","EF7CC859CAF0BD007AEDDA070D31C09841987AE9C77F58BBC6C8B10A6BB9F64C","fix_add_all__future__imports_7b7db1e4.py=logs/trace/SNS_Snapshots/SNS_24_SNAPSHOT_20250518_193739/modules/fix_add_all__future__imports_7b7db1e4.py"
"502","fix_add_future_standard_library_import.py","A7FE5E2654BF2136BB4C3BBC0FF701436F69790CC6F4327E6CDE1007F118AF29","fix_add_future_standard_library_import.py=logs/trace/SNS_Snapshots/SNS_24_SNAPSHOT_20250518_193739/modules/fix_add_future_standard_library_import.py"
"503","fix_add__future__imports_except_unicode_literals.py","E8486ACD46A0DA5C77473F84BA2FE44551B51B29C8F302C1ADD5993869D528D8","fix_add__future__imports_except_unicode_literals.py=logs/trace/SNS_Snapshots/SNS_24_SNAPSHOT_20250518_193739/modules/fix_add__future__imports_except_unicode_literals.py"
"504","fix_annotations.py","CAAB09D01276568545E04E8EE1188F0ADEA2C9C9316A75DA588566B472EEBF3C","fix_annotations.py=logs/trace/SNS_Snapshots/SNS_24_SNAPSHOT_20250518_193739/modules/fix_annotations.py"
"506","fix_bytes.py","AD1E4FC1DB144DDA0B8002B0BB3FD5233EF4A713643A9D8AEA90C86468E702DD","fix_bytes.py=logs/trace/SNS_Snapshots/SNS_24_SNAPSHOT_20250518_193739/modules/fix_bytes.py"
"507","fix_cmp.py","B8684791513CF7191A2291F97F7ADF573B2EBF111AD777C3BCCFD6DA5B9AE741","fix_cmp.py=logs/trace/SNS_Snapshots/SNS_24_SNAPSHOT_20250518_193739/modules/fix_cmp.py"
"508","fix_division_9acdb758.py","02D4DCA66511EF68F056D6BD87391AF6BC28E53546FF81C99296543948950DF1","fix_division_9acdb758.py=logs/trace/SNS_Snapshots/SNS_24_SNAPSHOT_20250518_193739/modules/fix_division_9acdb758.py"
"509","fix_division_safe.py","5F687006F19AA6916CE8A1FFAF970C33BB03795CE0DDD01E1C2B5A65909EF695","fix_division_safe.py=logs/trace/SNS_Snapshots/SNS_24_SNAPSHOT_20250518_193739/modules/fix_division_safe.py"
"510","fix_execfile.py","31FB3F91C80657BAF0C0E859635DDA826039DB22BA3971C1D2200FBA4B51B11E","fix_execfile.py=logs/trace/SNS_Snapshots/SNS_24_SNAPSHOT_20250518_193739/modules/fix_execfile.py"
"511","fix_features.py","C5CC318707A2A882F2FFBBC26DE721F51AC85017C924BF0A6A8EEA6932248535","fix_features.py=logs/trace/SNS_Snapshots/SNS_24_SNAPSHOT_20250518_193739/modules/fix_features.py"
"512","fix_fullargspec.py","536E95A790C0CA5D0C2EDC388DCDA4CB0B2327F883549EECDCCD05F9C00B518D","fix_fullargspec.py=logs/trace/SNS_Snapshots/SNS_24_SNAPSHOT_20250518_193739/modules/fix_fullargspec.py"
"514","fix_future_standard_library.py","EAE5E72F2A7BB632E459BE63AF22F031604BD94A4DBD34AEEF37E9F204847C09","fix_future_standard_library.py=logs/trace/SNS_Snapshots/SNS_24_SNAPSHOT_20250518_193739/modules/fix_future_standard_library.py"
"515","fix_future_standard_library_urllib.py","3F389E3BF88E2CF9A362178239D3CB24BC6F3A2F7BEAF68CF10B3A1B81AF83B3","fix_future_standard_library_urllib.py=logs/trace/SNS_Snapshots/SNS_24_SNAPSHOT_20250518_193739/modules/fix_future_standard_library_urllib.py"
"516","fix_getcwd.py","6AF7BBF514DDF30D67082BAE7BAF5DADB7C68813F858C42C2DF452B51742A7C7","fix_getcwd.py=logs/trace/SNS_Snapshots/SNS_24_SNAPSHOT_20250518_193739/modules/fix_getcwd.py"
"517","fix_imports2.py","4B0DFE445813DA0F70D8FDE6B1A0DAFEC96A0030FEC15DB0956C3DE024D8A922","fix_imports2.py=logs/trace/SNS_Snapshots/SNS_24_SNAPSHOT_20250518_193739/modules/fix_imports2.py"
"518","fix_input.py","8709F7859D16BACE45CAE9E821EA5A1F729C73484F4276F600105B7D9F9A55A1","fix_input.py=logs/trace/SNS_Snapshots/SNS_24_SNAPSHOT_20250518_193739/modules/fix_input.py"
"519","fix_kwargs.py","2EB494378960BAA3789C289F6F1013A128FA77A74BDBD3F290A0541A39E3D96A","fix_kwargs.py=logs/trace/SNS_Snapshots/SNS_24_SNAPSHOT_20250518_193739/modules/fix_kwargs.py"
"520","fix_memoryview.py","B6D19F1E0022E7A1D1FF8A56493B0A29CA7DD388EC5B08EA3AED058A7FF7663E","fix_memoryview.py=logs/trace/SNS_Snapshots/SNS_24_SNAPSHOT_20250518_193739/modules/fix_memoryview.py"
"521","fix_metaclass.py","3926A9ED43D0D5AC923B58BA8BC7D5C1B02EA9FC9038A877F9BC50CF18F21CE6","fix_metaclass.py=logs/trace/SNS_Snapshots/SNS_24_SNAPSHOT_20250518_193739/modules/fix_metaclass.py"
"522","fix_newstyle.py","F08C939C86B54C2531312583164708DC633E74370C43F67E79139D9B3CB14876","fix_newstyle.py=logs/trace/SNS_Snapshots/SNS_24_SNAPSHOT_20250518_193739/modules/fix_newstyle.py"
"523","fix_next_8be0adbe.py","D6C3B8D658E445EEF9555DF04FF88BB86E69BE0EB10BD85EC6B1F065E72094EB","fix_next_8be0adbe.py=logs/trace/SNS_Snapshots/SNS_24_SNAPSHOT_20250518_193739/modules/fix_next_8be0adbe.py"
"524","fix_next_call.py","6524E9FCE96538402847E6A787A8383FD9186EC59670D0FC23619C8DA67CB2A0","fix_next_call.py=logs/trace/SNS_Snapshots/SNS_24_SNAPSHOT_20250518_193739/modules/fix_next_call.py"
"525","fix_object.py","DDFBB7947DBEC401CB49BFD66F34A4F4F8BBBC253A9A4856EE22975723155500","fix_object.py=logs/trace/SNS_Snapshots/SNS_24_SNAPSHOT_20250518_193739/modules/fix_object.py"
"526","fix_oldstr_wrap.py","CDE4C31CEF01436E2209E713CCD391B77816550F8A66F45708A980E55AC77C8B","fix_oldstr_wrap.py=logs/trace/SNS_Snapshots/SNS_24_SNAPSHOT_20250518_193739/modules/fix_oldstr_wrap.py"
"527","fix_order___future__imports.py","74CEE3FCD23DA8B0E43B1B13FD06DB8EA8F2D131347450AF2F94015AC9AD2775","fix_order___future__imports.py=logs/trace/SNS_Snapshots/SNS_24_SNAPSHOT_20250518_193739/modules/fix_order___future__imports.py"
"528","fix_print.py","B2ADC5D2EF42623B864FE1781C59C646F235C013233E0A9ACAD6100F4922ABBC","fix_print.py=logs/trace/SNS_Snapshots/SNS_24_SNAPSHOT_20250518_193739/modules/fix_print.py"
"529","fix_printfunction.py","45510AAC239FA3DB2CE9E191C6DF3C974BE04A909770FCC22421E0AFEF8F83FC","fix_printfunction.py=logs/trace/SNS_Snapshots/SNS_24_SNAPSHOT_20250518_193739/modules/fix_printfunction.py"
"530","fix_print_with_import.py","1392A0AA57ED1A99B54390D39CE97327EE3F21FA7859127172F3E4B48D5C2DC6","fix_print_with_import.py=logs/trace/SNS_Snapshots/SNS_24_SNAPSHOT_20250518_193739/modules/fix_print_with_import.py"
"531","fix_raise.py","85F7EF3D70A879EB0ABA99173835002B85DEC1F887CC64E03540C3A7BBF8DD11","fix_raise.py=logs/trace/SNS_Snapshots/SNS_24_SNAPSHOT_20250518_193739/modules/fix_raise.py"
"532","fix_raise__dbdc47c0.py","B5DB0CA9DCCF2B2A7112684AF594C36F7C08B20037E3D7BDBB77B692D7CC7B5C","fix_raise__dbdc47c0.py=logs/trace/SNS_Snapshots/SNS_24_SNAPSHOT_20250518_193739/modules/fix_raise__dbdc47c0.py"
"533","fix_remove_old__future__imports.py","8E14439669DE25338BD4F061B214055E1EF4D1E1ABA63A6EA615EAEDB77513EC","fix_remove_old__future__imports.py=logs/trace/SNS_Snapshots/SNS_24_SNAPSHOT_20250518_193739/modules/fix_remove_old__future__imports.py"
"534","fix_throw.py","3383E6F8A4DC03868AC41A29B09E2F0AC62A204FD842B615B3EADFBECD378A6C","fix_throw.py=logs/trace/SNS_Snapshots/SNS_24_SNAPSHOT_20250518_193739/modules/fix_throw.py"
"535","fix_unicode_keep_u.py","A7BB71B0B330401D57C9F864CABE27C26322EAF70009EEE063057E47ED1BE9E9","fix_unicode_keep_u.py=logs/trace/SNS_Snapshots/SNS_24_SNAPSHOT_20250518_193739/modules/fix_unicode_keep_u.py"
"536","fix_unicode_literals_import.py","4BC64720B0735B890EEBF3DC39154E39DCCA74E0FD24F1B3BA2AF100C9FAB189","fix_unicode_literals_import.py=logs/trace/SNS_Snapshots/SNS_24_SNAPSHOT_20250518_193739/modules/fix_unicode_literals_import.py"
"537","fix_unpacking.py","16D8523EB6F8CB7E4A0F09AA680A7B1A0E8A9965247A31F23319B2B6DDB28A2D","fix_unpacking.py=logs/trace/SNS_Snapshots/SNS_24_SNAPSHOT_20250518_193739/modules/fix_unpacking.py"
"538","fix_UserDict.py","5F3E92D20FEAD0ACC3B607F0F6A52D7115938ABEA9ADC3DC5FE0EF150F97438C","fix_UserDict.py=logs/trace/SNS_Snapshots/SNS_24_SNAPSHOT_20250518_193739/modules/fix_UserDict.py"
"539","fix_xrange_with_import_fadb988e.py","B7B13F8D28CFA661D9698049C4A32A3CD14653F982F49A2D07ADEEBC5382B300","fix_xrange_with_import_fadb988e.py=logs/trace/SNS_Snapshots/SNS_24_SNAPSHOT_20250518_193739/modules/fix_xrange_with_import_fadb988e.py"
"540","flags.py","F81D1D89093E94EAC583C54E677580AFBBD17048120984AE4640965913BD5466","flags.py=logs/trace/SNS_Snapshots/SNS_24_SNAPSHOT_20250518_193739/modules/flags.py"
"543","floating.py","74466A0EED72A4074C02C92EBAF732310F101BFDB67DD7DD8EF7B170D3C64355","floating.py=logs/trace/SNS_Snapshots/SNS_24_SNAPSHOT_20250518_193739/modules/floating.py"
"544","follow_last_user_media_likers.py","D6DD92780CA7BAEAE67EC673734B671E82376E7A78BBEE7A86B40CE9116F7FD5","like_and_follow_last_user_media_likers.py=logs/trace/SNS_Snapshots/SNS_24_SNAPSHOT_20250518_193739/modules/like_and_follow_last_user_media_likers.py"
"545","follow_requests.py","1A636C49317620EFD041E1C6B3C6D70B97964A727A67EFCD39277E70964D2109","follow_requests.py=logs/trace/SNS_Snapshots/SNS_24_SNAPSHOT_20250518_193739/modules/follow_requests.py"
"546","follow_users_by_hashtag.py","52017407E262F6A839C99FF11674A7A38D2D89EF463EA8C5AA049CDE4A5B9D94","follow_users_by_hashtag.py=logs/trace/SNS_Snapshots/SNS_24_SNAPSHOT_20250518_193739/modules/follow_users_by_hashtag.py"
"547","follow_users_from_file.py","C53B1C37038C1549FB2579FC2646CCE2F669FDF6EB79BD3780A56CAA12927E51","follow_users_from_file.py=logs/trace/SNS_Snapshots/SNS_24_SNAPSHOT_20250518_193739/modules/follow_users_from_file.py"
"548","follow_user_followers.py","5DA2AFAA5673CA67F6F2F3C1B30712EBAC10EB75D9DF72C2A8F7E08B2FC26029","follow_user_followers.py=logs/trace/SNS_Snapshots/SNS_24_SNAPSHOT_20250518_193739/modules/follow_user_followers.py"
"549","follow_user_following.py","876EEFB6860ED0503C05CDDA60407047716C5BE46AC3A778AA56E2E7FD602FAA","follow_user_following.py=logs/trace/SNS_Snapshots/SNS_24_SNAPSHOT_20250518_193739/modules/follow_user_following.py"
"550","font.py","E9B2E9AA773491FE4563E2A4CC7C3E6DF404588AF595B2F36394A5B15E50665A","font.py=logs/trace/SNS_Snapshots/SNS_24_SNAPSHOT_20250518_193739/modules/font.py"
"552","forgetful.py","4A73ECF6C8921FA135A2FE832FC6B68D905A9FD037D368A5866052B5B941A904","forgetful.py=logs/trace/SNS_Snapshots/SNS_24_SNAPSHOT_20250518_193739/modules/forgetful.py"
"556","formdata.py","36A276B9BBC3208B4664C1A08D7A4E763AC851891E15FA640B04B8B3738B56BB","formdata.py=logs/trace/SNS_Snapshots/SNS_24_SNAPSHOT_20250518_193739/modules/formdata.py"
"564","FreezeRegion.py","93D7ED92A249DEF50687D98A017F6925284EE306DEC96A3BDFD9FF8569A991DE","FreezeRegion.py=logs/trace/SNS_Snapshots/SNS_24_SNAPSHOT_20250518_193739/modules/FreezeRegion.py"
"567","frequencies.py","D2773D90ECDF7DBF9BE4A0EFB67CF467EB71C74936C7C1DE6ABCE1584EE4EAFF","frequencies.py=logs/trace/SNS_Snapshots/SNS_24_SNAPSHOT_20250518_193739/modules/frequencies.py"
"569","from_dataframe.py","616B9950A26F13E372E98D48F895B3FF281E118D64BAB57025FA1FC1C9AD8512","from_dataframe.py=logs/trace/SNS_Snapshots/SNS_24_SNAPSHOT_20250518_193739/modules/from_dataframe.py"
"571","frozen.py","82B117AE2F7F2A1785CFFD671274D0809AAFC1E5CE2F33F80000DB6946F9D8E1","frozen.py=logs/trace/SNS_Snapshots/SNS_24_SNAPSHOT_20250518_193739/modules/frozen.py"
"572","FtexImagePlugin_9400dbae.py","E9206B14000A192FF5B78E9F26BFAFC16A4DC54AB39DFAD17ACCE9BD6984D0F7","FtexImagePlugin_9400dbae.py=logs/trace/SNS_Snapshots/SNS_24_SNAPSHOT_20250518_193739/modules/FtexImagePlugin_9400dbae.py"
"576","GammaCorrection.py","38A4F10C566E3F3DB0AC5F51D6000EF09308DE355B8141B71B251178565503BA","GammaCorrection.py=logs/trace/SNS_Snapshots/SNS_24_SNAPSHOT_20250518_193739/modules/GammaCorrection.py"
"577","gb2312freq.py","42BEECE128FC519FB8A6EA513D13C31F91EE03C437304B84C318547400ABB77D","gb2312freq.py=logs/trace/SNS_Snapshots/SNS_24_SNAPSHOT_20250518_193739/modules/gb2312freq.py"
"578","gb2312prober.py","6D63C4572E0643AD0652AA1AD79BFC59DB6D612816530087DCFF0B3FD173AB23","gb2312prober.py=logs/trace/SNS_Snapshots/SNS_24_SNAPSHOT_20250518_193739/modules/gb2312prober.py"
"579","gbq.py","C940070A7B1BED39734406F48A5365EE9AEBAD99D176C5D7B076E30C0B703ED4","gbq.py=logs/trace/SNS_Snapshots/SNS_24_SNAPSHOT_20250518_193739/modules/gbq.py"
"583","generate_legacy_storage_files.py","1C59083A497031ADB11261682BE98C7D66D968B557C29B903A242AD1BD03B1AF","generate_legacy_storage_files.py=logs/trace/SNS_Snapshots/SNS_24_SNAPSHOT_20250518_193739/modules/generate_legacy_storage_files.py"
"584","generate_log_summary_with_datetime.py","B40BC37D5C94F6D8A4B98EBC64C4890C6381C83F38CEA544021521A568A5E723","generate_log_summary_with_datetime.py=logs/trace/SNS_Snapshots/SNS_24_SNAPSHOT_20250518_193739/modules/generate_log_summary_with_datetime.py"
"585","generic.py","E96F59FAEB36E87ACEF68D988F8DC5A97B0A7D8FC32B5AFBDF89D493946E979F","_highlevel_generic.py=logs/trace/SNS_Snapshots/SNS_24_SNAPSHOT_20250518_193739/modules/_highlevel_generic.py"
"586","getitem.py","24690AA1942026AD0598FC0585D3DB565841B38BFCC7FB93B1DA129ED293DB9E","getitem.py=logs/trace/SNS_Snapshots/SNS_24_SNAPSHOT_20250518_193739/modules/getitem.py"
"588","get_followers_or_followings_to_file.py","358636DCCA9E5CFC2B0E0FAC387F1C2F813995D1FB49DD345E2C6211C3103D7D","get_followers_or_followings_to_file.py=logs/trace/SNS_Snapshots/SNS_24_SNAPSHOT_20250518_193739/modules/get_followers_or_followings_to_file.py"
"589","get_hashtags_from_keywords.py","6A5F5B01233328635554D5294F2DEBFABFC83737438B1CD88CAD0E47998446F7","get_hashtags_from_keywords.py=logs/trace/SNS_Snapshots/SNS_24_SNAPSHOT_20250518_193739/modules/get_hashtags_from_keywords.py"
"600","groupby.py","211DB4A1964E7917F885F1429F50617181BAF22A86C6CF10631D26F12A0352E9","groupby.py=logs/trace/SNS_Snapshots/SNS_24_SNAPSHOT_20250518_193739/modules/groupby.py"
"601","grouper.py","99228842C6A905F646EF8BA67926CE630B3E745F43C3DDF15B3375A6736C9B41","grouper.py=logs/trace/SNS_Snapshots/SNS_24_SNAPSHOT_20250518_193739/modules/grouper.py"
"602","guess.py","4451D598DE2E6D7365C430D6B6902FC82B418BA44D99DFDC2FA026C358BA50CE","guess.py=logs/trace/SNS_Snapshots/SNS_24_SNAPSHOT_20250518_193739/modules/guess.py"
"603","handler.py","71F2634B3DFB21410C25EBEB57353B904BE1353427C684AE6B61106835446988","sockshandler.py=logs/trace/SNS_Snapshots/SNS_24_SNAPSHOT_20250518_193739/modules/sockshandler.py"
"607","hashing.py","7A0B586ED4213046C53E15C9D013F98A044EF39A1EDA6D1575E3EFB51B778630","hashing.py=logs/trace/SNS_Snapshots/SNS_24_SNAPSHOT_20250518_193739/modules/hashing.py"
"608","hash_8dbecb0e.py","0BEEFC49B1989D0FFB5D35167157869522286C7AFED55FCBE1E7A952B5CA05C4","hash_8dbecb0e.py=logs/trace/SNS_Snapshots/SNS_24_SNAPSHOT_20250518_193739/modules/hash_8dbecb0e.py"
"610","HeadBlur_650fc80b.py","B01BA56DFC0D3DC294D2073CB0234CDF2E207B19F138BD33B680A28D69C25369","HeadBlur_650fc80b.py=logs/trace/SNS_Snapshots/SNS_24_SNAPSHOT_20250518_193739/modules/HeadBlur_650fc80b.py"
"611","header.py","AF3E21745083A9BD315DC908F9E425461ED567991215592131F6516C54EAD1F8","header.py=logs/trace/SNS_Snapshots/SNS_24_SNAPSHOT_20250518_193739/modules/header.py"
"612","headerregistry.py","619B835344E7A4B5761BA4D10823C05D7AECB6F131295A526E20D2B575527C77","headerregistry.py=logs/trace/SNS_Snapshots/SNS_24_SNAPSHOT_20250518_193739/modules/headerregistry.py"
"615","hebrewprober.py","316488D1D7A04CDA208752A518E4B5E4F3AFAE6DF487A500C605F4660973C845","hebrewprober.py=logs/trace/SNS_Snapshots/SNS_24_SNAPSHOT_20250518_193739/modules/hebrewprober.py"
"623","hist.py","697FD6E04DE6A3D757DD996B186412AAA8D5FD8C9558ADF5E9CC3680D7172617","hist.py=logs/trace/SNS_Snapshots/SNS_24_SNAPSHOT_20250518_193739/modules/hist.py"
"625","holiday.py","796A625292A23B52189AFB0E10F20132B043887ADEB9ACDE177067C414720D10","holiday.py=logs/trace/SNS_Snapshots/SNS_24_SNAPSHOT_20250518_193739/modules/holiday.py"
"628","hook_gitlog_to_txt.py","49E86CCA96593D2805DB97B366A4B295006EEA3CCDE298249FC4FE75FDACFC19","hook_gitlog_to_txt.py=logs/trace/SNS_Snapshots/SNS_24_SNAPSHOT_20250518_193739/modules/hook_gitlog_to_txt.py"
"629","hook_latest_git_commit.py","F4CB18CE7797F4B30736EA47ECFCDD9F0C0446F6639AC3535F2CAB6C8F40EBB6","hook_latest_git_commit.py=logs/trace/SNS_Snapshots/SNS_24_SNAPSHOT_20250518_193739/modules/hook_latest_git_commit.py"
"631","host_header_ssl.py","282B3CD4C4A3E30CFDFD4380E7ED3EA3FE006F40A87110F3FAEE5F60A359EAFE","host_header_ssl.py=logs/trace/SNS_Snapshots/SNS_24_SNAPSHOT_20250518_193739/modules/host_header_ssl.py"
"634","http_proxy_digest.py","3D038739991865DD364BFCFF1EFD85E5CB3B580F2DE976F6369C0A25472A2B36","http_proxy_digest.py=logs/trace/SNS_Snapshots/SNS_24_SNAPSHOT_20250518_193739/modules/http_proxy_digest.py"
"635","huepy.py","B008640053A3FF4C2F13CACA3C9451B0821AB85C3CE0D514A07AABE92ED18789","huepy.py=logs/trace/SNS_Snapshots/SNS_24_SNAPSHOT_20250518_193739/modules/huepy.py"
"640","ImageChops_11db484a.py","B86C423BA00426AB09882F63361297353CB6C10A48B181CE8D7E0F77DEBE1381","ImageChops_11db484a.py=logs/trace/SNS_Snapshots/SNS_24_SNAPSHOT_20250518_193739/modules/ImageChops_11db484a.py"
"657","ImageSequence_bbedbe85.py","20DC27794E688093266D0557B0B798960B794ECD6453D3B6177A21B1950FD341","ImageSequence_bbedbe85.py=logs/trace/SNS_Snapshots/SNS_24_SNAPSHOT_20250518_193739/modules/ImageSequence_bbedbe85.py"
"669","indexed_db_93d3b13c.py","244823B5BDE2A4AEC8D84549FD1B1EE90DF6FB01616B3B189C8CA769C6F5465C","indexed_db_93d3b13c.py=logs/trace/SNS_Snapshots/SNS_24_SNAPSHOT_20250518_193739/modules/indexed_db_93d3b13c.py"
"670","indexing.py","B4A516C6167424A7BF8F43293B8C5132728DB1EE3939DFD707E9715C92822058","indexing.py=logs/trace/SNS_Snapshots/SNS_24_SNAPSHOT_20250518_193739/modules/indexing.py"
"672","inference.py","D529D7813982A8CF9770881A0675394F5EA004FD1D4F1789B1AEFAEEEB500D07","inference.py=logs/trace/SNS_Snapshots/SNS_24_SNAPSHOT_20250518_193739/modules/inference.py"
"673","infinity_feedliker.py","8B631A2183F0FBBB9164BE89626D8E1907B66C451E38EAB12EEEFBE1DFE4F7AD","infinity_feedliker.py=logs/trace/SNS_Snapshots/SNS_24_SNAPSHOT_20250518_193739/modules/infinity_feedliker.py"
"674","infinity_hashtags_follower.py","E8BD0BE842E424D28F0EAC126BAA1E024DF89ED007BAF17CBC890A302A728026","infinity_hashtags_follower.py=logs/trace/SNS_Snapshots/SNS_24_SNAPSHOT_20250518_193739/modules/infinity_hashtags_follower.py"
"675","infinity_hashtags_liker.py","91351D816A364CED23C9A1899AEE13CE417588E23B0D0941FAA2E7DB52472816","infinity_hashtags_liker.py=logs/trace/SNS_Snapshots/SNS_24_SNAPSHOT_20250518_193739/modules/infinity_hashtags_liker.py"
"684","integer.py","E5E60C8226BC2615C56CCDB789C09F65DC77E26E310AE3D83B468FC452595929","integer.py=logs/trace/SNS_Snapshots/SNS_24_SNAPSHOT_20250518_193739/modules/integer.py"
"687","interface.py","9000BF23BC70798A96328DE2F71E9B945EED5ED3F0534EDC97A6CC17BCBEDF96","interface.py=logs/trace/SNS_Snapshots/SNS_24_SNAPSHOT_20250518_193739/modules/interface.py"
"689","interval.py","56742E77ACD54793E947B5FFD3E329696E88A7889A6852A6BD67FB86E3EA5B4B","interval.py=logs/trace/SNS_Snapshots/SNS_24_SNAPSHOT_20250518_193739/modules/interval.py"
"692","invalid.py","C8DD859693B48836E2008A00543EC55EFBF1888B9B23452D5A2FF83BEFB5F21C","invalid.py=logs/trace/SNS_Snapshots/SNS_24_SNAPSHOT_20250518_193739/modules/invalid.py"
"693","InvertColors.py","61899C4185CE01CF4C0E7028623B758CB4B576C79955CB725626EED5371A8B4B","InvertColors.py=logs/trace/SNS_Snapshots/SNS_24_SNAPSHOT_20250518_193739/modules/InvertColors.py"
"695","IptcImagePlugin_9e2aedb5.py","42422CBAA8E905F9C1BF9DE9F4690EFC39A9CB51A22F8B918762E83822DDC39F","IptcImagePlugin_9e2aedb5.py=logs/trace/SNS_Snapshots/SNS_24_SNAPSHOT_20250518_193739/modules/IptcImagePlugin_9e2aedb5.py"
"698","iterators.py","C3DCBAC5BD1A3F30BE3B0497F38BDF1DF8B0132130D8FB1B0D2099D97CFC0E4C","noniterators.py=logs/trace/SNS_Snapshots/SNS_24_SNAPSHOT_20250518_193739/modules/noniterators.py"
"700","jisfreq.py","7981EB9A64B064FBCE2EDF3CB593F7771F0499153E478B491BD7A9E7A37E7F98","jisfreq.py=logs/trace/SNS_Snapshots/SNS_24_SNAPSHOT_20250518_193739/modules/jisfreq.py"
"701","johabfreq.py","82C3C9E6F331457A31836952475A731BCA5F8657CA53732B0A6DC4A4F46184E9","johabfreq.py=logs/trace/SNS_Snapshots/SNS_24_SNAPSHOT_20250518_193739/modules/johabfreq.py"
"702","johabprober.py","92AAFE0ECDE12A4E78C0D8AEF5A53D28C9230807779FD78AB51C1C7CA43CF700","johabprober.py=logs/trace/SNS_Snapshots/SNS_24_SNAPSHOT_20250518_193739/modules/johabprober.py"
"703","jpcntx.py","B5F2C07BA0B33FE10F825387AEE7A9164CE0CA1F384787C15D96368C51D68D36","jpcntx.py=logs/trace/SNS_Snapshots/SNS_24_SNAPSHOT_20250518_193739/modules/jpcntx.py"
"707","json_custom.py","5C851F5D3351228D3FC43FD8EE752151650F67879FD0338465897682BD4AB735","json_custom.py=logs/trace/SNS_Snapshots/SNS_24_SNAPSHOT_20250518_193739/modules/json_custom.py"
"711","KDF_b5db61cb.py","C5D833E88908B25FEFC7D70898593BD0B211B81FCF94F947720C0C6291132898","KDF_b5db61cb.py=logs/trace/SNS_Snapshots/SNS_24_SNAPSHOT_20250518_193739/modules/KDF_b5db61cb.py"
"714","key.py","4C3CD7A903E09ED45F50DFB1AA65D3626FF3F3A9106328F5CF24DC623442B8DF","monkey.py=backup/SNS_24AutoProject+++0508삭제/.venv310/Lib/site-packages/setuptools/monkey.py"
"722","labels.py","C5361402D56E7C6749E299902175047F61E697C7401A3E3D649B03F78317D572","labels.py=logs/trace/SNS_Snapshots/SNS_24_SNAPSHOT_20250518_193739/modules/labels.py"
"724","langbulgarianmodel.py","BF7CF938B1888A5283DAB5D0B13476F590DFF0A24418E09E2880C573B692F17D","langbulgarianmodel.py=logs/trace/SNS_Snapshots/SNS_24_SNAPSHOT_20250518_193739/modules/langbulgarianmodel.py"
"725","langgreekmodel.py","E8127CC67C6DF99343B53C206798CDD1C1B1A26E52AFADBB653582BF5E4D3690","langgreekmodel.py=logs/trace/SNS_Snapshots/SNS_24_SNAPSHOT_20250518_193739/modules/langgreekmodel.py"
"726","langhebrewmodel.py","C82137FA3AC5F7F90F4608EAE218401D790AC70C301AA9179606BE53EF45B945","langhebrewmodel.py=logs/trace/SNS_Snapshots/SNS_24_SNAPSHOT_20250518_193739/modules/langhebrewmodel.py"
"727","langhungarianmodel.py","848A10B2E9D2151E9B08B1A9632AE9FDA379709DFC4FA4AF1B55805DB5726362","langhungarianmodel.py=logs/trace/SNS_Snapshots/SNS_24_SNAPSHOT_20250518_193739/modules/langhungarianmodel.py"
"728","langrussianmodel.py","33D2337F9A81475965ABA195F5C13DC1E38A147521B602A11EF64BD1034B8B91","langrussianmodel.py=logs/trace/SNS_Snapshots/SNS_24_SNAPSHOT_20250518_193739/modules/langrussianmodel.py"
"729","langthaimodel_f91a92db.py","8A474F952C491444F259C02E31F79F9F1409A07CEEB5D98B5AE87106A65AD232","langthaimodel_f91a92db.py=logs/trace/SNS_Snapshots/SNS_24_SNAPSHOT_20250518_193739/modules/langthaimodel_f91a92db.py"
"730","langturkishmodel.py","BB3B1D4BECF21F8C009FF8A6739EC439FEF991BDCF0983E8E1F85ED3327C611F","langturkishmodel.py=logs/trace/SNS_Snapshots/SNS_24_SNAPSHOT_20250518_193739/modules/langturkishmodel.py"
"731","languages.py","363D1D6D38E8DE4DCF4AE2652B3BD6A35906C75AB0E1D94C40573CB71EDF857F","languages.py=logs/trace/SNS_Snapshots/SNS_24_SNAPSHOT_20250518_193739/modules/languages.py"
"733","latin1prober.py","46B08EFE69C7FCCE029E9CD34B259DA5646AFFBE5543E49D204893C269FAFE0C","latin1prober.py=logs/trace/SNS_Snapshots/SNS_24_SNAPSHOT_20250518_193739/modules/latin1prober.py"
"734","layer_tree_2abdbf23.py","3DD826AEB46677A1680EE843BC1351C4F952E3D8D3AFB0F45A70AB7C5A70A43E","layer_tree_2abdbf23.py=logs/trace/SNS_Snapshots/SNS_24_SNAPSHOT_20250518_193739/modules/layer_tree_2abdbf23.py"
"736","lazy.py","59DE9CC3593AEE933C61C688AD1F55E40C15341498567D5046F749F778226AB4","lazy.py=logs/trace/SNS_Snapshots/SNS_24_SNAPSHOT_20250518_193739/modules/lazy.py"
"743","lib_utils_d00029fb.py","94E549D941CC69A6C9DC7C656606FF0C7D8CC367FF7A9FF091F61A315162A3E8","lib_utils_d00029fb.py=logs/trace/SNS_Snapshots/SNS_24_SNAPSHOT_20250518_193739/modules/lib_utils_d00029fb.py"
"746","like_example.py","BFBB77A9A7FB3644BF95F5E706A3CBDF2A4E198F92D06D58EFB113EE8845EC9D","like_example.py=logs/trace/SNS_Snapshots/SNS_24_SNAPSHOT_20250518_193739/modules/like_example.py"
"747","like_hashtags.py","1747968A96DC93F8B484A85270629D7C352E220A4520A8242D49FB382CC2F393","like_hashtags.py=logs/trace/SNS_Snapshots/SNS_24_SNAPSHOT_20250518_193739/modules/like_hashtags.py"
"748","like_hashtags_from_file.py","CC003F420CEAC31C681EF37D843F1F92CA67E81731DACCB3A3DEACE3D745554E","like_hashtags_from_file.py=logs/trace/SNS_Snapshots/SNS_24_SNAPSHOT_20250518_193739/modules/like_hashtags_from_file.py"
"749","like_location_feed.py","CAA69E3194AF216AD3B46F08EB8382F944E7EE965F5912F4542FA09094F458B6","like_location_feed.py=logs/trace/SNS_Snapshots/SNS_24_SNAPSHOT_20250518_193739/modules/like_location_feed.py"
"750","like_medias_by_location.py","2EEBCE0997A3BD48A21BEFB41E95DC0E6A0BA119B9991CE98F8420F17783AB15","like_medias_by_location.py=logs/trace/SNS_Snapshots/SNS_24_SNAPSHOT_20250518_193739/modules/like_medias_by_location.py"
"751","like_timeline_feed.py","CE99CCCC2A66C117FB730C29490AF429AEACF419E6945775A05BCFE70CC7FBCF","like_timeline_feed.py=logs/trace/SNS_Snapshots/SNS_24_SNAPSHOT_20250518_193739/modules/like_timeline_feed.py"
"752","like_users.py","D13F8134FB71C440A45BB1165BF62FB54F3FFCEFE8C12ADE281D263D2136BB25","like_users.py=logs/trace/SNS_Snapshots/SNS_24_SNAPSHOT_20250518_193739/modules/like_users.py"
"753","like_users_from_file.py","2B85FFA92288576C516323F4A4EE0948D42DBF9F3B64F37B273E352F3AB39E72","like_users_from_file.py=logs/trace/SNS_Snapshots/SNS_24_SNAPSHOT_20250518_193739/modules/like_users_from_file.py"
"754","like_user_followers.py","48E34C2C5AD36A2A2A18CF0C1BDE040491047661DE720AEC5C8CA13088851832","like_user_followers.py=logs/trace/SNS_Snapshots/SNS_24_SNAPSHOT_20250518_193739/modules/like_user_followers.py"
"755","like_user_following.py","793BC002609970206475EEC9148CDCC3F9011A7BDCE270D871FFB7FCCA7BACAD","like_user_following.py=logs/trace/SNS_Snapshots/SNS_24_SNAPSHOT_20250518_193739/modules/like_user_following.py"
"756","like_your_last_media_likers.py","69EC762336DE5F577C216E7B365FECB34C9B3DED04B44E780FAA7A681A9D9A41","like_your_last_media_likers.py=logs/trace/SNS_Snapshots/SNS_24_SNAPSHOT_20250518_193739/modules/like_your_last_media_likers.py"
"763","localization.py","C6AE7277F28E7A91A09644201F4AC5E1017041F63FE7135AFF44BEED4D6B947D","localization.py=logs/trace/SNS_Snapshots/SNS_24_SNAPSHOT_20250518_193739/modules/localization.py"
"768","logger_config.py","3DD1C8C02A20BCF5C5AE29552BDF6A21448DFC68EDE2D10B844C95517F01E533","logger_config.py=logs/trace/SNS_Snapshots/SNS_24_SNAPSHOT_20250518_193739/modules/logger_config.py"
"769","logger_setup.py","50B5DB65FC83C14A4701351BF97885B351AB83546BEF9D03243813BC6339CB20","logger_setup.py=logs/trace/SNS_Snapshots/SNS_24_SNAPSHOT_20250518_193739/modules/logger_setup.py"
"770","logging_setup.py","72069AC673CF19A912CBDE893F03447A1A42BBB7B053A2AB440B0109463053AA","logging_setup.py=logs/trace/SNS_Snapshots/SNS_24_SNAPSHOT_20250518_193739/modules/logging_setup.py"
"771","login_and_permissions.py","68B4B7E9D8AC30171005220B8978BEFA16E3DC7A193FBB0BF52A11757F797DA1","login_and_permissions.py=logs/trace/SNS_Snapshots/SNS_24_SNAPSHOT_20250518_193739/modules/login_and_permissions.py"
"772","login_and_permission_dashboard.py","14107DF65A32A15B784074E4913D74561C506EE9EC889055F75B447B1B750F0F","login_and_permission_dashboard.py=logs/trace/SNS_Snapshots/SNS_24_SNAPSHOT_20250518_193739/modules/login_and_permission_dashboard.py"
"773","login_system.py","441F16F3D08DAEA49409FD17BDAACF998B94F34B0E4F63ECD4BB90359ECF45F7","streamlit_login_system.py=logs/trace/SNS_Snapshots/SNS_24_SNAPSHOT_20250518_193739/modules/streamlit_login_system.py"
"774","login_system_dashboard.py","025B094FEFBF88476EB78B3379BE5E558B788C4AD45199BE11E431DC35FD6FA3","login_system_dashboard.py=logs/trace/SNS_Snapshots/SNS_24_SNAPSHOT_20250518_193739/modules/login_system_dashboard.py"
"775","log_dashboard.py","9CC19E9396D8521C16FB0507639BBAA41D3D922B0CD1F6F72F3F0725B92BFE2E","log_dashboard.py=logs/trace/SNS_Snapshots/SNS_24_SNAPSHOT_20250518_193739/modules/log_dashboard.py"
"776","log_table_row_counts.py","E681D2BD00C5DCED94E02D8F2A0E5072C792F00F2E525249AE175A8BC326035D","log_table_row_counts.py=logs/trace/SNS_Snapshots/SNS_24_SNAPSHOT_20250518_193739/modules/log_table_row_counts.py"
"779","lowlevel_e3dbf284.py","01D61DCDF90F4CCC1F4292E908C7AF54FB3956ADD11A5EE9FF8A21DBD924210B","lowlevel_e3dbf284.py=logs/trace/SNS_Snapshots/SNS_24_SNAPSHOT_20250518_193739/modules/lowlevel_e3dbf284.py"
"781","LumContrast.py","B0272C096988C3F0B05EFBE3CBF70BC1330CEFB86C94C37467F0A5D5F9E6E1DB","LumContrast.py=logs/trace/SNS_Snapshots/SNS_24_SNAPSHOT_20250518_193739/modules/LumContrast.py"
"785","macromanprober.py","6F505F43ECFBF73B3B854301DC9ABE0BAAE1CD984F23FE86B6676D0716F06AB3","macromanprober.py=logs/trace/SNS_Snapshots/SNS_24_SNAPSHOT_20250518_193739/modules/macromanprober.py"
"788","MakeLoopable.py","0687473893733B44E58DD9E2304CB6AECA6C5AE762CE32B8F074CF5A6EC95D40","MakeLoopable.py=logs/trace/SNS_Snapshots/SNS_24_SNAPSHOT_20250518_193739/modules/MakeLoopable.py"
"789","managers.py","CF0260F4C5B523C3B183956C30485DD9CBC2A36EE897E2EDFCBCDCCDF12C9815","managers.py=logs/trace/SNS_Snapshots/SNS_24_SNAPSHOT_20250518_193739/modules/managers.py"
"794","MaskColor.py","8D73D688216B81DA0B0267A3227FE0AD49A7562F89398CDD7B2BF8FBFEC8488C","MaskColor.py=logs/trace/SNS_Snapshots/SNS_24_SNAPSHOT_20250518_193739/modules/MaskColor.py"
"795","masked.py","CE737A9AFE5A7B8EC4BE2647089B54E20FC6CDACE03DBD947334B845278DCDA8","masked.py=logs/trace/SNS_Snapshots/SNS_24_SNAPSHOT_20250518_193739/modules/masked.py"
"796","masked_accumulations.py","7EC8F12A5199EB0D7D9CC4426FD785FF75E4BDFBA1D6F6EFF2F2F82129D54C05","masked_accumulations.py=logs/trace/SNS_Snapshots/SNS_24_SNAPSHOT_20250518_193739/modules/masked_accumulations.py"
"797","masked_reductions.py","AF023C92B087C813D1B15AA16C5C96F578298FB262AE71BAFDE55B6CFCB01C2D","masked_reductions.py=logs/trace/SNS_Snapshots/SNS_24_SNAPSHOT_20250518_193739/modules/masked_reductions.py"
"798","masked_shared.py","505B02226E3141F559AFF50A408E30F64CC46A8E8AE764C397FF13E6DD22D88E","masked_shared.py=logs/trace/SNS_Snapshots/SNS_24_SNAPSHOT_20250518_193739/modules/masked_shared.py"
"799","MasksAnd.py","5AD572FB09CFE65696365BAA9F28AFAE7F244950A03F291916FC6A0C36556AA7","MasksAnd.py=logs/trace/SNS_Snapshots/SNS_24_SNAPSHOT_20250518_193739/modules/MasksAnd.py"
"800","MasksOr.py","596A885A7C0D51474C5C79E262FD8942E5EE045D8BE095588B93D35B69242C4A","MasksOr.py=logs/trace/SNS_Snapshots/SNS_24_SNAPSHOT_20250518_193739/modules/MasksOr.py"
"801","mask_ops.py","7F021F6C1AC99C16BCFD4C7FECC531749B2A483E9995B8F4F13A4DDB5A7EEC4E","mask_ops.py=logs/trace/SNS_Snapshots/SNS_24_SNAPSHOT_20250518_193739/modules/mask_ops.py"
"802","matchers.py","9689B3BB30D6539A23608388BE529ADD21B6E36F16ECF1A5A81DF7DEB2BD37D8","matchers.py=logs/trace/SNS_Snapshots/SNS_24_SNAPSHOT_20250518_193739/modules/matchers.py"
"805","mbcsgroupprober.py","40EE10AC8F7E77A8FA458B645A0C27FB271FB9FBF7898C5228957DA42B06C77C","mbcsgroupprober.py=logs/trace/SNS_Snapshots/SNS_24_SNAPSHOT_20250518_193739/modules/mbcsgroupprober.py"
"806","mbcssm.py","6B4D959321668AF184BC17F4B5800952ED3D7FD890C62DB453786F2C693FCF33","mbcssm.py=logs/trace/SNS_Snapshots/SNS_24_SNAPSHOT_20250518_193739/modules/mbcssm.py"
"807","McIdasImagePlugin_0dba5bb4.py","8196213A704453F900C6F7A735923B4938AD9F11AEA6B8F7CC9185F9F9104D35","McIdasImagePlugin_0dba5bb4.py=logs/trace/SNS_Snapshots/SNS_24_SNAPSHOT_20250518_193739/modules/McIdasImagePlugin_0dba5bb4.py"
"812","mean_.py","F18663A5C42463120D52A4DF38FA47C25A8F12F3A69774E534E9ED43001387FB","mean_.py=logs/trace/SNS_Snapshots/SNS_24_SNAPSHOT_20250518_193739/modules/mean_.py"
"815","melt.py","20B1A0EBDB5B5C72EC901FA86A6F7BD4B5D271D91EC9B935A6E35061A1BA8568","melt.py=logs/trace/SNS_Snapshots/SNS_24_SNAPSHOT_20250518_193739/modules/melt.py"
"816","memmap_dbdcc403.py","4AD9B05E1893A52E27303BD10048C8BE010C93B0A4F1B0C43ED859EA51557798","memmap_dbdcc403.py=logs/trace/SNS_Snapshots/SNS_24_SNAPSHOT_20250518_193739/modules/memmap_dbdcc403.py"
"819","merge.py","7F777F2EDE978CF009F1D6D1B5A96726426D70E97D581D6D523EE417E4CFFF83","merge.py=logs/trace/SNS_Snapshots/SNS_24_SNAPSHOT_20250518_193739/modules/merge.py"
"820","message.py","A55ECB1C85DDAD56C934784A9B19727628FC82E7092CAA18E2E96BABFAABE880","welcome_message.py=logs/trace/SNS_Snapshots/SNS_24_SNAPSHOT_20250518_193739/modules/welcome_message.py"
"821","messagebox.py","477FB2A93BE98BA6B5AA6907081B7A3CDD8EAEE08AC5C8820D3F43C90F0A4C22","messagebox.py=logs/trace/SNS_Snapshots/SNS_24_SNAPSHOT_20250518_193739/modules/messagebox.py"
"822","message_users_3a6a25db.py","03C4C2340DF4E5BE445521135339D3A3397A74951CB010F43D2BCFA004651113","message_users_3a6a25db.py=logs/trace/SNS_Snapshots/SNS_24_SNAPSHOT_20250518_193739/modules/message_users_3a6a25db.py"
"824","metadata_13f8edb2.py","2D289691ECAD26989C380D7529AB5930D07AB311A93AE2C199553FAFEFFE643F","metadata_13f8edb2.py=logs/trace/SNS_Snapshots/SNS_24_SNAPSHOT_20250518_193739/modules/metadata_13f8edb2.py"
"827","methods.py","DF1936101FBFA3E3E90D84D82D279735AFEBDF89C6BAAC95E6CC32963091A405","_request_methods.py=logs/trace/SNS_Snapshots/SNS_24_SNAPSHOT_20250518_193739/modules/_request_methods.py"
"828","methods_ea715db2.py","DF1936101FBFA3E3E90D84D82D279735AFEBDF89C6BAAC95E6CC32963091A405","methods_ea715db2.py=logs/trace/SNS_Snapshots/SNS_24_SNAPSHOT_20250518_193739/modules/methods_ea715db2.py"
"830","min_max_.py","49551A0598B9ACC5F49A59DCB40E379B472B69D2335182CA1ADE0D67B878B102","min_max_.py=logs/trace/SNS_Snapshots/SNS_24_SNAPSHOT_20250518_193739/modules/min_max_.py"
"831","MirrorX.py","856D38CDD3124E6BF28E8640AACF651F4EC44C1AFE5AB5851EDD2263F8CA7259","MirrorX.py=logs/trace/SNS_Snapshots/SNS_24_SNAPSHOT_20250518_193739/modules/MirrorX.py"
"832","MirrorY.py","25A508816FCF94939F8ECE7AE7C13867A78BABF35512F1186A8644B4EE2B10B0","MirrorY.py=logs/trace/SNS_Snapshots/SNS_24_SNAPSHOT_20250518_193739/modules/MirrorY.py"
"834","missing.py","56A54765E70AB6B9A485CE07E8DAC1AE6523A083A76BDD62504D7976B5EE6A36","missing.py=logs/trace/SNS_Snapshots/SNS_24_SNAPSHOT_20250518_193739/modules/missing.py"
"836","mklabels.py","EF58D1426351622800B4AEC6DCCC5D3334F3971C84421D6D609854AA038CC680","mklabels.py=logs/trace/SNS_Snapshots/SNS_24_SNAPSHOT_20250518_193739/modules/mklabels.py"
"849","multi.py","39F00E1965D73EF230A5476534AED03522B5FF90AD8BFDE18FBD22A2EAE54188","pillowmulti.py=logs/trace/SNS_Snapshots/SNS_24_SNAPSHOT_20250518_193739/modules/pillowmulti.py"
"851","multipart.py","C5EFD4F637874328EC9A4F9F6ADAA44C9D35DC309D49BD503ED8BA0B62DEEA3F","multipart.py=logs/trace/SNS_Snapshots/SNS_24_SNAPSHOT_20250518_193739/modules/multipart.py"
"852","MultiplyColor.py","4E1A3A4BE53347707BB197513B83CD895EE42C9AAF0F92F0D92F53A7390D5EB8","MultiplyColor.py=logs/trace/SNS_Snapshots/SNS_24_SNAPSHOT_20250518_193739/modules/MultiplyColor.py"
"853","MultiplySpeed_22c4dbf7.py","29FEBBA11F5F6209B9E919B1785CF1AFC809FB1035AF97A749688D48118F402A","MultiplySpeed_22c4dbf7.py=logs/trace/SNS_Snapshots/SNS_24_SNAPSHOT_20250518_193739/modules/MultiplySpeed_22c4dbf7.py"
"854","MultiplyStereoVolume_87dbc961.py","8B19C650B02D587A60F615640541A2505F71E33081F99EBFD95C3808DBA95ED3","MultiplyStereoVolume_87dbc961.py=logs/trace/SNS_Snapshots/SNS_24_SNAPSHOT_20250518_193739/modules/MultiplyStereoVolume_87dbc961.py"
"855","MultiplyVolume.py","FB786C5A08712A7A0621E4B31D6015D8B40879CC27ED57D856A7AA6FDB664F7E","MultiplyVolume.py=logs/trace/SNS_Snapshots/SNS_24_SNAPSHOT_20250518_193739/modules/MultiplyVolume.py"
"856","multiprocessing.py","2A6D66CA1BCB19FD18D5E44F06EE4217643CB3A3F71B650C20A3F913A1E9842B","multiprocessing.py=logs/trace/SNS_Snapshots/SNS_24_SNAPSHOT_20250518_193739/modules/multiprocessing.py"
"860","namedtype.py","62EB15264B8899EAF067AF88D60BF1769F0A1CDCE0F8319C2976C5544A2E6102","namedtype.py=logs/trace/SNS_Snapshots/SNS_24_SNAPSHOT_20250518_193739/modules/namedtype.py"
"861","namedval.py","7D73EE4AC85073CD29C5F28BFBDC063602FA49A7D2D1F0358E0DF778E664ACD6","namedval.py=logs/trace/SNS_Snapshots/SNS_24_SNAPSHOT_20250518_193739/modules/namedval.py"
"862","nanops.py","9FBB1BFB27806A518B59826E1FDB751EB1F0A18D20A8735E712D7A0E060AEF8B","nanops.py=logs/trace/SNS_Snapshots/SNS_24_SNAPSHOT_20250518_193739/modules/nanops.py"
"863","nap.py","05298DC4234F25BA1C209DE98FD2519341B408D620A5D7158C8521B378D52EB7","nap.py=logs/trace/SNS_Snapshots/SNS_24_SNAPSHOT_20250518_193739/modules/nap.py"
"867","ndbm_9a539617.py","DD7963E2DBDC2759601D37817527C4164DED33961D344B62DF175575DB788E95","ndbm_9a539617.py=logs/trace/SNS_Snapshots/SNS_24_SNAPSHOT_20250518_193739/modules/ndbm_9a539617.py"
"870","newbytes.py","055AF689141926D0E11B32AB358928BEA02F2E8FDA0C2B70F796F5B5F65D54A4","newbytes.py=logs/trace/SNS_Snapshots/SNS_24_SNAPSHOT_20250518_193739/modules/newbytes.py"
"871","newdict.py","457EF38D37DBF7006CF97D7CB7EBB0ED9CC52241AB0EB143EE506D934769BA73","newdict.py=logs/trace/SNS_Snapshots/SNS_24_SNAPSHOT_20250518_193739/modules/newdict.py"
"872","newint.py","D3D907F11111678D0525836513A75F817DE622480465B9E3CBB6685BD97382AF","newint.py=logs/trace/SNS_Snapshots/SNS_24_SNAPSHOT_20250518_193739/modules/newint.py"
"873","newlist.py","E147E9077ADBCC4E54C9B56CB9A299AF804C795A456E3231FADE14DCE1CFE18A","newlist.py=logs/trace/SNS_Snapshots/SNS_24_SNAPSHOT_20250518_193739/modules/newlist.py"
"874","newmemoryview_db02c114.py","F1297D239DED90AE5302B97B5E8A10A28B574CA55789AA4F13A23F68E3903538","newmemoryview_db02c114.py=logs/trace/SNS_Snapshots/SNS_24_SNAPSHOT_20250518_193739/modules/newmemoryview_db02c114.py"
"875","newnext.py","8D65B50D0A11D714EDC20867AFE77C90207D936E7E0F910506625CF92D0E0153","newnext.py=logs/trace/SNS_Snapshots/SNS_24_SNAPSHOT_20250518_193739/modules/newnext.py"
"876","newobject.py","C3A2932741FDC6D5427E6CF776F0663A0352958DE44588553EA24EF2F65B959A","newobject.py=logs/trace/SNS_Snapshots/SNS_24_SNAPSHOT_20250518_193739/modules/newobject.py"
"877","newopen.py","84AE9FE7CD57A3E749EE355C82D0F41B2A990FC15F4214275DC94F38C71F7D35","newopen.py=logs/trace/SNS_Snapshots/SNS_24_SNAPSHOT_20250518_193739/modules/newopen.py"
"878","newrange.py","47046F87D15EE96C03F698A2DB35D55F6594ADFC71A3E6FD93E96C041F59D3C7","newrange.py=logs/trace/SNS_Snapshots/SNS_24_SNAPSHOT_20250518_193739/modules/newrange.py"
"879","newround.py","CC9A8A6DC6E42A0F4C8A594689804436EB167D5DF1B170F47D4496742CFFDDC6","newround.py=logs/trace/SNS_Snapshots/SNS_24_SNAPSHOT_20250518_193739/modules/newround.py"
"880","newstr.py","D73FFB6383DECC51B80FFA786B720AF6974D772E27C2C7ECFB3A7195A8461743","newstr.py=logs/trace/SNS_Snapshots/SNS_24_SNAPSHOT_20250518_193739/modules/newstr.py"
"881","newsuper.py","7F782CB0F493124DEA69AB46C0076C5CB668CBED36FE9A419D770D077BC6CF7B","newsuper.py=logs/trace/SNS_Snapshots/SNS_24_SNAPSHOT_20250518_193739/modules/newsuper.py"
"882","new_min_max.py","72E5E1BCA40A982AEA0F9715CCAA7069A86704A980165CDC3E72EA3221E3A83A","new_min_max.py=logs/trace/SNS_Snapshots/SNS_24_SNAPSHOT_20250518_193739/modules/new_min_max.py"
"884","nonmultipart.py","78CE0B4158F495397B2F7A2F15898C4B1CB425D3A99FD9D3FB8C0058F27EE470","nonmultipart.py=logs/trace/SNS_Snapshots/SNS_24_SNAPSHOT_20250518_193739/modules/nonmultipart.py"
"888","numba_.py","502E8F2DE0EC5F15A5861A7A8FA0CBBBE4B6A2B08F0A66E7F38535E41A729FE6","numba_.py=logs/trace/SNS_Snapshots/SNS_24_SNAPSHOT_20250518_193739/modules/numba_.py"
"892","numpy_.py","564ABE9BA7A37C81A4DFA8BE3398A0EFB0813EE6C349546A679521D7A49E668C","numpy_.py=logs/trace/SNS_Snapshots/SNS_24_SNAPSHOT_20250518_193739/modules/numpy_.py"
"894","objects.py","5ABD1A49E0E8DD3BED0F9D847C33F3F3093404EF20D78E25B16E5C9A86FFD12D","objects.py=logs/trace/SNS_Snapshots/SNS_24_SNAPSHOT_20250518_193739/modules/objects.py"
"895","object_array.py","5232C23D5315BE0F343EC3F22847267CAD1DA52763AD18E9E5C7F0859CBF0157","object_array.py=logs/trace/SNS_Snapshots/SNS_24_SNAPSHOT_20250518_193739/modules/object_array.py"
"896","offsets.py","288567399DE65FB0C39E6DC03FC3C45545BA9FC51C8B0974EC06E1C0D5CEC264","offsets.py=logs/trace/SNS_Snapshots/SNS_24_SNAPSHOT_20250518_193739/modules/offsets.py"
"897","olddict.py","5D78973E68B753FB07733AF577F47620617AF125E7F02AB7EEE68684113226E6","olddict.py=logs/trace/SNS_Snapshots/SNS_24_SNAPSHOT_20250518_193739/modules/olddict.py"
"898","oldstr.py","5BC869A3F4A3994965E4BFD2971499DA2DFA1006EE7449F082E3EEAD023CD052","oldstr.py=logs/trace/SNS_Snapshots/SNS_24_SNAPSHOT_20250518_193739/modules/oldstr.py"
"899","online.py","492FE40988CC0944549732DA52612F5396A0B49D71E3C56C169605E59B333FDE","online.py=logs/trace/SNS_Snapshots/SNS_24_SNAPSHOT_20250518_193739/modules/online.py"
"901","opentype.py","3BCE789D1E64B4C4C2A31DF381251A60976921C9D692A238DA1D89FCCC7A30DE","opentype.py=logs/trace/SNS_Snapshots/SNS_24_SNAPSHOT_20250518_193739/modules/opentype.py"
"903","ops.py","961FB7610ADDEB3E3CEC99346711C7457A51E3A42561DA7641732A66B3978683","ops.py=logs/trace/SNS_Snapshots/SNS_24_SNAPSHOT_20250518_193739/modules/ops.py"
"906","orc.py","A4280CA6F3DA331552DA2D172BD3D2B9DA2DB87AAA276C631F643DAEE82F4FB4","orc.py=logs/trace/SNS_Snapshots/SNS_24_SNAPSHOT_20250518_193739/modules/orc.py"
"923","parallel.py","2F861CC0ACB7687307862ACBC5129E040A6D01436F2B35A6CCFCD7F5DCA813F6","parallel.py=logs/trace/SNS_Snapshots/SNS_24_SNAPSHOT_20250518_193739/modules/parallel.py"
"924","parquet.py","E6F1B8F8D7D5741146618A4AE967FBD3C1C85F23555E2381DA3702E3F8EB0240","parquet.py=logs/trace/SNS_Snapshots/SNS_24_SNAPSHOT_20250518_193739/modules/parquet.py"
"929","pathlib_custom.py","DB7A0C4C08F340E05E8657F84EBE58895C3B92BDE475AF4E5AED374F3FC5775E","pathlib_custom.py=logs/trace/SNS_Snapshots/SNS_24_SNAPSHOT_20250518_193739/modules/pathlib_custom.py"
"938","period.py","D766781E1D53DA58D317CABE579B3683AC78A01B9B20943B32B75A54CC8A6D5B","period.py=logs/trace/SNS_Snapshots/SNS_24_SNAPSHOT_20250518_193739/modules/period.py"
"940","pickle_compat.py","BEB6FD2CB783D9FB4E7C04C93A55943997719835F818FE324CC4E6902DC65398","pickle_compat.py=logs/trace/SNS_Snapshots/SNS_24_SNAPSHOT_20250518_193739/modules/pickle_compat.py"
"945","pivot.py","8EBA6B5AC4C67EA504242399955638AE4EE3F8464E5759B55D1FAAF3D4D45EEA","pivot.py=logs/trace/SNS_Snapshots/SNS_24_SNAPSHOT_20250518_193739/modules/pivot.py"
"947","pkcs1.py","EB4B6B18561954C75C12B21A0BF21EB5AAF022ADD33AD1BCBEABB3C3734DC5A0","pkcs1.py=logs/trace/SNS_Snapshots/SNS_24_SNAPSHOT_20250518_193739/modules/pkcs1.py"
"950","pkcs1_v2_2197b3db.py","C66C8FD157CBAFCF212E4ABBF04162E546794479ED891DB185C90E4B75959D7D","pkcs1_v2_2197b3db.py=logs/trace/SNS_Snapshots/SNS_24_SNAPSHOT_20250518_193739/modules/pkcs1_v2_2197b3db.py"
"958","policy.py","D9A7D42FA46C6668E4D3E8F008BA2F544FB20F0FC7DF9B20DCD1EB6B7EA9982B","policy.py=logs/trace/SNS_Snapshots/SNS_24_SNAPSHOT_20250518_193739/modules/policy.py"
"962","polyutils_53d7f5f4.py","2FFCA6DFFB33442D117221FC924C92D004996B77B4A7EB63F683C62F80E8E679","polyutils_53d7f5f4.py=logs/trace/SNS_Snapshots/SNS_24_SNAPSHOT_20250518_193739/modules/polyutils_53d7f5f4.py"
"969","prime.py","7D5BC20C897377AB2F4CBD701F2BE9504A27A1F3D7C52A73398C6E9A1473389D","prime.py=logs/trace/SNS_Snapshots/SNS_24_SNAPSHOT_20250518_193739/modules/prime.py"
"970","printing.py","801578BD5FF773144832A3204662BCAA72E52D78EAE5082225D0468139BCBA60","printing.py=logs/trace/SNS_Snapshots/SNS_24_SNAPSHOT_20250518_193739/modules/printing.py"
"979","proj_asyncio_backup.py","F16552EE991970274509D9D7AD20C520B0DA1DB6B3775AC708268D99081796E5","proj_asyncio_backup.py=logs/trace/SNS_Snapshots/SNS_24_SNAPSHOT_20250518_193739/modules/proj_asyncio_backup.py"
"981","proj_xml_tools.py","3D296F67AA57FE4D803DEC4F78F4BD6D2BDBC957C83B8D36997DE73AB0444805","proj_xml_tools.py=logs/trace/SNS_Snapshots/SNS_24_SNAPSHOT_20250518_193739/modules/proj_xml_tools.py"
"988","proxy_manager.py","D34735B7940DC1A47C324A95A3F25A92220709A2B31F1AEFB2D6711EF89FFD97","proxy_manager.py=logs/trace/SNS_Snapshots/SNS_24_SNAPSHOT_20250518_193739/modules/proxy_manager.py"
"991","putmask.py","34384AE75C8505A6501B73910B410D522A2EE4CE2ECB48BA657F99A83687CB5B","putmask.py=logs/trace/SNS_Snapshots/SNS_24_SNAPSHOT_20250518_193739/modules/putmask.py"
"992","pwa_adb22dc2.py","E38BB8A31FA57F6A5FF7B3747E9FD2EC6BB155D229307CA6C1690BA4D394D6A2","pwa_adb22dc2.py=logs/trace/SNS_Snapshots/SNS_24_SNAPSHOT_20250518_193739/modules/pwa_adb22dc2.py"
"996","PyAccess.py","D0BD0EB65A78FBF980D2031754B5BAD81F33EA0A92C35577A038B57A515AB80E","PyAccess.py=logs/trace/SNS_Snapshots/SNS_24_SNAPSHOT_20250518_193739/modules/PyAccess.py"
"997","pyarrow.py","D676AF89B3B79A74569EBF82460205261B27392C4799ECF87B2744061C64AE1E","pyarrow.py=logs/trace/SNS_Snapshots/SNS_24_SNAPSHOT_20250518_193739/modules/pyarrow.py"
"1002","pystone.py","14CD5541E73D24912EC8655475120B31AD85361CDAC104316A3CE7443893A0CE","pystone.py=logs/trace/SNS_Snapshots/SNS_24_SNAPSHOT_20250518_193739/modules/pystone.py"
"1003","pytables.py","0A9DE67F03768EA25ABE9D18145D6381E3E5C513FA15B99B48BD985E027BF9FD","pytables.py=logs/trace/SNS_Snapshots/SNS_24_SNAPSHOT_20250518_193739/modules/pytables.py"
"1004","pytester_assertions_be186db3.py","FB49113EFFEAE3ACF24A90E8E2F1F0EA4625960E9B0DFE02DB10BDF2AE40C988","pytester_assertions_be186db3.py=logs/trace/SNS_Snapshots/SNS_24_SNAPSHOT_20250518_193739/modules/pytester_assertions_be186db3.py"
"1006","python_parser.py","9CD6EFFAD4C8CA69B12F4F8C65429F9631AF8D2C349BFE035D2BD5CE1933A00D","python_parser.py=logs/trace/SNS_Snapshots/SNS_24_SNAPSHOT_20250518_193739/modules/python_parser.py"
"1008","quantile.py","ED5F1E1EFF4428D3E5AB97923B44A24ACB008E85360AB4B6F5E687D7DCE711E7","quantile.py=logs/trace/SNS_Snapshots/SNS_24_SNAPSHOT_20250518_193739/modules/quantile.py"
"1009","quoprimime.py","48EC1EB508F2D71F3450887CB53F9165D96FE9EBEC93804150F6DB2C3BBD8486","quoprimime.py=logs/trace/SNS_Snapshots/SNS_24_SNAPSHOT_20250518_193739/modules/quoprimime.py"
"1011","randnum.py","8CCCE9D4DE098B1CA35C8CAEB5CB27C1DC890877B17F1938B331ACCBEA745995","randnum.py=logs/trace/SNS_Snapshots/SNS_24_SNAPSHOT_20250518_193739/modules/randnum.py"
"1012","rand_util_core_backup.py","BBCA8DF51FDD9513B2CF52B19574E37D1AD2405905E54A72359574B8AD4A6870","rand_util_core_backup.py=logs/trace/SNS_Snapshots/SNS_24_SNAPSHOT_20250518_193739/modules/rand_util_core_backup.py"
"1017","readme_example.py","4FF47804F84DAFF03AD4CAC72F32C4B902C75469AD45C722E5DD04241BAEB90C","readme_example.py=logs/trace/SNS_Snapshots/SNS_24_SNAPSHOT_20250518_193739/modules/readme_example.py"
"1021","redis_cache_1e0dbd6c.py","6564320E22F3980BDA33FA9118F87FC9C6DDEF2087E9DFB324FDCDAAEE922B19","redis_cache_1e0dbd6c.py=logs/trace/SNS_Snapshots/SNS_24_SNAPSHOT_20250518_193739/modules/redis_cache_1e0dbd6c.py"
"1022","reduce.py","E69C26F8B2BD39327D9883A44CD9BB2C1A24C6E13A4B428CDFF1A85628DA76BC","reduce.py=logs/trace/SNS_Snapshots/SNS_24_SNAPSHOT_20250518_193739/modules/reduce.py"
"1023","reference.py","452E4EE6B18194D0AA730FAC99BEE8DBE69CD327CA107947CB6F01A3041B891C","reference.py=logs/trace/SNS_Snapshots/SNS_24_SNAPSHOT_20250518_193739/modules/reference.py"
"1026","registries.py","05A86A3D115380A2E293F76C5A8DDB6373F23698F78F7B4DCDD7CCAC1938E498","registries.py=logs/trace/SNS_Snapshots/SNS_24_SNAPSHOT_20250518_193739/modules/registries.py"
"1029","replace.py","4E42F449D23CEAAB6B913F09FD376AF8A6E9782B0E4DD87243AD9A1D95D0282E","replace.py=logs/trace/SNS_Snapshots/SNS_24_SNAPSHOT_20250518_193739/modules/replace.py"
"1030","reply_to_media_comments.py","99FC98D5F183F12428BA2EADD4BB0C2F69138474817C3D1813239A0BA23227C0","reply_to_media_comments.py=logs/trace/SNS_Snapshots/SNS_24_SNAPSHOT_20250518_193739/modules/reply_to_media_comments.py"
"1034","repost_photo.py","F700B1CC4F5FB230DCCC7C53F5CE81D1A80CD7DA4227B5C28EA9F517F48E2D32","repost_photo.py=logs/trace/SNS_Snapshots/SNS_24_SNAPSHOT_20250518_193739/modules/repost_photo.py"
"1043","resample.py","473990904C7567747D5D4781543256C4885FA09E1EF1587A22B27C0EE81F6888","resample.py=logs/trace/SNS_Snapshots/SNS_24_SNAPSHOT_20250518_193739/modules/resample.py"
"1044","reset_following.py","0A9986937105EFA4A96960FDFB8CD151F524B6725713235977BD70F2921A944B","reset_following.py=logs/trace/SNS_Snapshots/SNS_24_SNAPSHOT_20250518_193739/modules/reset_following.py"
"1045","reshape.py","91FB0602A5BD8BB5996ACEF5086F6FB59CAC34D71353981DBD54177938F77147","reshape.py=logs/trace/SNS_Snapshots/SNS_24_SNAPSHOT_20250518_193739/modules/reshape.py"
"1046","reshaping.py","156C65CFD0C308D7173FF0E670AAE7773F3E0ABA6236B75ED59158E213D9ECA7","reshaping.py=logs/trace/SNS_Snapshots/SNS_24_SNAPSHOT_20250518_193739/modules/reshaping.py"
"1049","resolvers.py","6BBD6EDA36C9698FA5EDD73B2DDE6C4B704A59512221A524B70A08ABFA9971BC","resolvers.py=logs/trace/SNS_Snapshots/SNS_24_SNAPSHOT_20250518_193739/modules/resolvers.py"
"1052","response_2db98846.py","062AA40B94CBD8916A5046E6C0BA0ED415463963CCF5BA43799CEDCEF24098DC","response_2db98846.py=logs/trace/SNS_Snapshots/SNS_24_SNAPSHOT_20250518_193739/modules/response_2db98846.py"
"1053","resultdict.py","612EE7E06A65DC61D69E45E3B75456E40F82D3679B7655E04C2E2EFD6C2F5495","resultdict.py=logs/trace/SNS_Snapshots/SNS_24_SNAPSHOT_20250518_193739/modules/resultdict.py"
"1058","robotparser.py","77C71A3FBC70BB5519A409EB89BCA5C0CAD3834F93E35833CA4D0D446F92B59C","robotparser.py=logs/trace/SNS_Snapshots/SNS_24_SNAPSHOT_20250518_193739/modules/robotparser.py"
"1059","rolling.py","4349EE7CE05F077249575F24DFAF71C94A4826EFAAC925F4DF74EE0504A15909","rolling.py=logs/trace/SNS_Snapshots/SNS_24_SNAPSHOT_20250518_193739/modules/rolling.py"
"1060","roperator.py","A593749B9827C0E600AF8BE5D97A9B90E0390761F40CEF2A620DCA5095968454","roperator.py=logs/trace/SNS_Snapshots/SNS_24_SNAPSHOT_20250518_193739/modules/roperator.py"
"1067","runner_c2a8182a.py","E522252F4DB3E1BAB4C77BBA50CF316C8EE79F1393F1364A48CB1A094778B072","runner_c2a8182a.py=logs/trace/SNS_Snapshots/SNS_24_SNAPSHOT_20250518_193739/modules/runner_c2a8182a.py"
"1072","sas7bdat.py","E20B383787847B80474E25E0EC250BE5B3066E9E7FD1246B4A217B85D8AD00E9","sas7bdat.py=logs/trace/SNS_Snapshots/SNS_24_SNAPSHOT_20250518_193739/modules/sas7bdat.py"
"1073","sasreader.py","279591E65518E53E3D1FAA3852A024EAB0AAA890C4094FBA40F6615E9319D0C8","sasreader.py=logs/trace/SNS_Snapshots/SNS_24_SNAPSHOT_20250518_193739/modules/sasreader.py"
"1075","sas_xport.py","2F10A693FC940F5059540869F2D4AFB97502213F8A43B80CC03C155093BB0E2E","sas_xport.py=logs/trace/SNS_Snapshots/SNS_24_SNAPSHOT_20250518_193739/modules/sas_xport.py"
"1076","save_unfollowers_into_file.py","3E1F46F291C12ADEB10DE5B5E1F88A8DA8AD36D609568295587E8A6B8ED8746A","save_unfollowers_into_file.py=logs/trace/SNS_Snapshots/SNS_24_SNAPSHOT_20250518_193739/modules/save_unfollowers_into_file.py"
"1077","save_users_followers_into_file.py","8596E7F93190B02EFB5295F68E9C88385A8B3E649C4197401BD68D377E70860B","save_users_followers_into_file.py=logs/trace/SNS_Snapshots/SNS_24_SNAPSHOT_20250518_193739/modules/save_users_followers_into_file.py"
"1078","save_users_following_into_file_df0db014.py","E563DFFE319DC1BAE4D8D0ABB7009687AF27A3E398B413433A953CE3CB37AD46","save_users_following_into_file_df0db014.py=logs/trace/SNS_Snapshots/SNS_24_SNAPSHOT_20250518_193739/modules/save_users_following_into_file_df0db014.py"
"1079","sbcharsetprober.py","A3DD0E8FBDA1767B194AAE71990345183FF11F9C37BAB5FDD20FE40AEAC4D995","sbcharsetprober.py=logs/trace/SNS_Snapshots/SNS_24_SNAPSHOT_20250518_193739/modules/sbcharsetprober.py"
"1080","sbcsgroupprober.py","191132586EA543DB2AE440DA1CEB2865E22928D4F5A2AC0F960040F3B880C059","sbcsgroupprober.py=logs/trace/SNS_Snapshots/SNS_24_SNAPSHOT_20250518_193739/modules/sbcsgroupprober.py"
"1083","scheduler.py","06AA4426922B9C10E04B7B5E9D1356EE025272A7FA32ABE9CA3B3DCB7FF38944","scheduler.py=logs/trace/SNS_Snapshots/SNS_24_SNAPSHOT_20250518_193739/modules/scheduler.py"
"1086","scimath_059dbc2d.py","6EAC652D06649ED01CB08B1AB7E4A02602EC2EE835EFFE19FAF5592667F6AFD3","scimath_059dbc2d.py=logs/trace/SNS_Snapshots/SNS_24_SNAPSHOT_20250518_193739/modules/scimath_059dbc2d.py"
"1087","scipy_sparse.py","A9BD18ED5BC9BAB2DEF25299628CCD1B233F9AEF5B6C4CAB3CEA4837BD77897C","scipy_sparse.py=logs/trace/SNS_Snapshots/SNS_24_SNAPSHOT_20250518_193739/modules/scipy_sparse.py"
"1093","scrolledtext.py","131476204C24E67158ACD6932315C0141F4160B3B3F935F90834418625263E57","scrolledtext.py=logs/trace/SNS_Snapshots/SNS_24_SNAPSHOT_20250518_193739/modules/scrolledtext.py"
"1098","SecretSharing_a3962db9.py","C46BDBDA4C957AF0C08AECBED8B2F410E4E1582672FB2CFE3D84ECE722B8249D","SecretSharing_a3962db9.py=logs/trace/SNS_Snapshots/SNS_24_SNAPSHOT_20250518_193739/modules/SecretSharing_a3962db9.py"
"1102","selection_prefs_53a3cdb2.py","EFE50788C6864DD275EFF3AB4BD996BCEFE0C8F6F4ED1FAF52C20D3BC25EC4E3","selection_prefs_53a3cdb2.py=logs/trace/SNS_Snapshots/SNS_24_SNAPSHOT_20250518_193739/modules/selection_prefs_53a3cdb2.py"
"1103","selectn.py","002FB5BABEF53C0B0B8B6FD8C91C3F50936962AB8D38E013A59F62775591F4BE","selectn.py=logs/trace/SNS_Snapshots/SNS_24_SNAPSHOT_20250518_193739/modules/selectn.py"
"1104","select_custom.py","ECBC8E421B0C751E548EC51E4E55D70316563719E54E750E7CFD78AA232ED3E2","select_custom.py=logs/trace/SNS_Snapshots/SNS_24_SNAPSHOT_20250518_193739/modules/select_custom.py"
"1109","series.py","09D49B4DE672EC29F78DB0EA8427FECBE624E68D1D1CAD12856B26574B8345B5","timeseries.py=logs/trace/SNS_Snapshots/SNS_24_SNAPSHOT_20250518_193739/modules/timeseries.py"
"1114","setitem.py","0365123D5440A24ED02253454C41295A205095E62F5D8FA0D5E4E0443DCCB8CC","setitem.py=logs/trace/SNS_Snapshots/SNS_24_SNAPSHOT_20250518_193739/modules/setitem.py"
"1133","shared.py","D0EEFDFBA3AEAF4E2BCAC412EC2391AE04D5615708E664EDF83D098E9CE57647","shared.py=logs/trace/SNS_Snapshots/SNS_24_SNAPSHOT_20250518_193739/modules/shared.py"
"1134","shared_docs.py","B944AD93724C9C0C6ADEAF43F2750DE4999817A1B75D72A02DD7897146B2BF3F","shared_docs.py=logs/trace/SNS_Snapshots/SNS_24_SNAPSHOT_20250518_193739/modules/shared_docs.py"
"1137","simpledialog.py","E752B162045A2DB83FED1B5D1573657B0810D7E60E321E814FA3163477437CE9","simpledialog.py=logs/trace/SNS_Snapshots/SNS_24_SNAPSHOT_20250518_193739/modules/simpledialog.py"
"1140","singleton.py","D199AA0A6448D2E0006735A9641EDC7C241C100EF442D6E27CAE5BE2793E2956","singleton.py=logs/trace/SNS_Snapshots/SNS_24_SNAPSHOT_20250518_193739/modules/singleton.py"
"1142","sjisprober.py","F32A1F0D4489C16338F391391D16B8ACF80B7568A8FE4344644B17A993AB2AF9","sjisprober.py=logs/trace/SNS_Snapshots/SNS_24_SNAPSHOT_20250518_193739/modules/sjisprober.py"
"1144","SlideIn.py","BD5CB84563F9CC14770641097AB4A8B6F4CC331177869956FD2BED1092CF22FC","SlideIn.py=logs/trace/SNS_Snapshots/SNS_24_SNAPSHOT_20250518_193739/modules/SlideIn.py"
"1145","SlideOut.py","5652E6F99B29964278FFF2763913FF86E596854D5822D9B6978CC680C89E9D73","SlideOut.py=logs/trace/SNS_Snapshots/SNS_24_SNAPSHOT_20250518_193739/modules/SlideOut.py"
"1147","socket_custom.py","2B53F2C4F4C7070DA654B01B79FAF47265CB1563CC333FFEDCAAD3CCA46B291C","socket_custom.py=logs/trace/SNS_Snapshots/SNS_24_SNAPSHOT_20250518_193739/modules/socket_custom.py"
"1148","socket_options.py","C1A8CFBB3E58FDE2F4FBC0CBA4D7BA53C017A904673AFD80C4BAB8781F40709E","socket_options.py=logs/trace/SNS_Snapshots/SNS_24_SNAPSHOT_20250518_193739/modules/socket_options.py"
"1154","sorting.py","8EEAA47F2E289CAAC8643CF22BA182AC2C1AE48DB56B1ED329695F992D96C02E","sorting.py=logs/trace/SNS_Snapshots/SNS_24_SNAPSHOT_20250518_193739/modules/sorting.py"
"1157","source_cdba5f46.py","7749EBFEA3E47B4925A2942C6BC5C9410684B02B4C6B616138055FF432168A10","source_cdba5f46.py=logs/trace/SNS_Snapshots/SNS_24_SNAPSHOT_20250518_193739/modules/source_cdba5f46.py"
"1162","spinner_62dbce11.py","856A4CA0CCC0109BF90E304CAB632441A4D35D4F1728D3877D657B862BD038B3","spinner_62dbce11.py=logs/trace/SNS_Snapshots/SNS_24_SNAPSHOT_20250518_193739/modules/spinner_62dbce11.py"
"1163","spss.py","9804B93856DE39C9DF68BC47135C93A4002D571D7724EC472A1265C9901358BD","spss.py=logs/trace/SNS_Snapshots/SNS_24_SNAPSHOT_20250518_193739/modules/spss.py"
"1173","stop.py","FD9C48B306844740A86B653CABD15EC2B39A9663E8262BB57798D213F1E1EDF0","stop.py=logs/trace/SNS_Snapshots/SNS_24_SNAPSHOT_20250518_193739/modules/stop.py"
"1175","stream.py","B4B908FF755676317E158F947D3592CB7F0762AEADD256126989FA63EC0AF41F","stream.py=logs/trace/SNS_Snapshots/SNS_24_SNAPSHOT_20250518_193739/modules/stream.py"
"1176","streaming.py","F57F5FEF3348F201B700D20AAB23D6C5C12537816B4EB1495CCFB8EBCA114064","streaming.py=logs/trace/SNS_Snapshots/SNS_24_SNAPSHOT_20250518_193739/modules/streaming.py"
"1177","streaming_iterator.py","E01EFA637464628160EE147216BC611353A6C26F055494573D19B4C85BAEEA34","streaming_iterator.py=logs/trace/SNS_Snapshots/SNS_24_SNAPSHOT_20250518_193739/modules/streaming_iterator.py"
"1181","string_.py","EBD2E193ADAD38CFF331DAAAE40E6748E29BD4BBED2F6ABDE55DF98A2E29931A","string_.py=logs/trace/SNS_Snapshots/SNS_24_SNAPSHOT_20250518_193739/modules/string_.py"
"1182","string_arrow.py","8DF8B7EB0BDD1541EDFA03A9AE5B7E1368A6AD130FBFAF64A8AF274B3871B4C0","string_arrow.py=logs/trace/SNS_Snapshots/SNS_24_SNAPSHOT_20250518_193739/modules/string_arrow.py"
"1183","string_custom.py","87E2A195AE73A510E0EE9947359AE67970B4086566AE590F3B3CCE98767F30C0","string_custom.py=logs/trace/SNS_Snapshots/SNS_24_SNAPSHOT_20250518_193739/modules/string_custom.py"
"1188","style_render.py","A43615723C529637B18F87746656AC516E44D03D430D08C84DC97CD098C44E7E","style_render.py=logs/trace/SNS_Snapshots/SNS_24_SNAPSHOT_20250518_193739/modules/style_render.py"
"1190","subprocess_custom.py","C04C317400A93F73FC02788396C14C706F789DFFEF246BB5455EBCDA8B8945C8","subprocess_custom.py=logs/trace/SNS_Snapshots/SNS_24_SNAPSHOT_20250518_193739/modules/subprocess_custom.py"
"1191","subtitles_17db718e.py","2C6251268057B6557BB83CA7AFCC9E80BA7B4771B414FC0402EADBC06EDDB711","subtitles_17db718e.py=logs/trace/SNS_Snapshots/SNS_24_SNAPSHOT_20250518_193739/modules/subtitles_17db718e.py"
"1193","sum_.py","AFA2D92C6FE7EF97BA9FDEBD6EDC5BC789BC2BE170CFA8D4CE20007DEC6D59DD","sum_.py=logs/trace/SNS_Snapshots/SNS_24_SNAPSHOT_20250518_193739/modules/sum_.py"
"1194","SunImagePlugin_fa3db123.py","E504ECB2352E87542064570B9241171F3F36170D5BF991AFFF958524C633149D","SunImagePlugin_fa3db123.py=logs/trace/SNS_Snapshots/SNS_24_SNAPSHOT_20250518_193739/modules/SunImagePlugin_fa3db123.py"
"1196","support.py","517AE89E23F456219108DDBB3BA0B8FEB380A23DFC5D92F5C4F67465AEB2B9DB","support.py=logs/trace/SNS_Snapshots/SNS_24_SNAPSHOT_20250518_193739/modules/support.py"
"1197","surrogateescape.py","70D033560D5F05351F6C8EDA598C070AF25A59A693AB7F348813621C144C5277","surrogateescape.py=logs/trace/SNS_Snapshots/SNS_24_SNAPSHOT_20250518_193739/modules/surrogateescape.py"
"1203","sys.py","601F70BF804EBCDB1A14789339C51CB902B520F506554E9C7D119CA454E5797C","sys.py=logs/trace/SNS_Snapshots/SNS_24_SNAPSHOT_20250518_193739/modules/sys.py"
"1207","tagmap.py","34B6A3DB95A193450E7E96C01DC1D9B516F53431F91CD0B542C898F634DF3274","tagmap.py=logs/trace/SNS_Snapshots/SNS_24_SNAPSHOT_20250518_193739/modules/tagmap.py"
"1210","take.py","62477E39FC884A517C115DFB5525A5EDB10A90049E2FEDCF3BB54D8029D3F581","take.py=logs/trace/SNS_Snapshots/SNS_24_SNAPSHOT_20250518_193739/modules/take.py"
"1215","tee.py","47009F891AC1E1EF2973652ACAD52EB687899BD06E4567565E884A3C6A568217","tee.py=logs/trace/SNS_Snapshots/SNS_24_SNAPSHOT_20250518_193739/modules/tee.py"
"1222","tests.py","5E015F1C55F72707BC0463BA8EC05C16BF41283C6792DD3C5F3A122D3A340D82","auto_generate_tests.py=modules/auto_generate_tests.py"
"1223","testutils_adc87c1a.py","721E3C35B1878106B4A85D192DBE0D3F852D4911F4EC345E8168C49D65A16BC5","testutils_adc87c1a.py=logs/trace/SNS_Snapshots/SNS_24_SNAPSHOT_20250518_193739/modules/testutils_adc87c1a.py"
"1235","timedeltas.py","AF052E98DA93F140E4347E7E928D5358BB3C3E78B886B71EEE823E07573EC2C6","timedeltas.py=logs/trace/SNS_Snapshots/SNS_24_SNAPSHOT_20250518_193739/modules/timedeltas.py"
"1236","TimeMirror.py","4CEDD692BB4CA10B6C29A5D6945AFF1072F3E1590FA618194A3FDF917C2119E7","TimeMirror.py=logs/trace/SNS_Snapshots/SNS_24_SNAPSHOT_20250518_193739/modules/TimeMirror.py"
"1240","times.py","B79810C4174CBCFCA83C04BA450C52010F17DE3205ED4C5A69CD666905653FA1","times.py=logs/trace/SNS_Snapshots/SNS_24_SNAPSHOT_20250518_193739/modules/times.py"
"1242","TimeSymmetrize.py","62E729C4511A883717A5431022DFC25FAB0BEF9055E56E5BD413DC8944A169D2","TimeSymmetrize.py=logs/trace/SNS_Snapshots/SNS_24_SNAPSHOT_20250518_193739/modules/TimeSymmetrize.py"
"1244","tix.py","06B4D643F24DE84FA49BBB5CEB0311AA87D38690E36D3F659E9E6C0E86F3CA86","tix.py=logs/trace/SNS_Snapshots/SNS_24_SNAPSHOT_20250518_193739/modules/tix.py"
"1246","token_custom.py","E9B8A61F95CEC4A29A999081A07E178640776799F82323D05A1BCDBAB5836DDD","token_custom.py=logs/trace/SNS_Snapshots/SNS_24_SNAPSHOT_20250518_193739/modules/token_custom.py"
"1248","tornadoweb.py","601046A93FF96ACD014C9E701A0379689868D01620CB753EA4E42512727AD685","tornadoweb.py=logs/trace/SNS_Snapshots/SNS_24_SNAPSHOT_20250518_193739/modules/tornadoweb.py"
"1249","total_ordering.py","177379CEFDE1A0E9BD1D7B001D775958674757D1F30BBDF998CA28B92EC138C9","total_ordering.py=logs/trace/SNS_Snapshots/SNS_24_SNAPSHOT_20250518_193739/modules/total_ordering.py"
"1250","to_dict.py","45F7DC6612BDB3464A4E57265B530F926D67384E6A197D88D70142624F82222F","to_dict.py=logs/trace/SNS_Snapshots/SNS_24_SNAPSHOT_20250518_193739/modules/to_dict.py"
"1252","traceback_custom.py","DA36C55A14253D9780A0E73150FB23C742447929180FDBF9A9A4D2295FA25511","traceback_custom.py=logs/trace/SNS_Snapshots/SNS_24_SNAPSHOT_20250518_193739/modules/traceback_custom.py"
"1254","transform.py","98A0BABCF9018584B8CD99CF0932EDAF2CFE77E90361633366C621F3DF4B3CF4","transform.py=logs/trace/SNS_Snapshots/SNS_24_SNAPSHOT_20250518_193739/modules/transform.py"
"1255","transforms.py","AEF6DC1B19DEB56BC6502BA34416ED53915BB9D8D5E3AC373056DF913FE10ADB","transforms.py=logs/trace/SNS_Snapshots/SNS_24_SNAPSHOT_20250518_193739/modules/transforms.py"
"1256","translate.py","858432124265E245A5790BB9EE1BDB5D8037CD7317B47CF06009DD1473523E02","translate.py=logs/trace/SNS_Snapshots/SNS_24_SNAPSHOT_20250518_193739/modules/translate.py"
"1258","ttk.py","CC71E5C18108104AD27CCC8EE5D4AC186F3FE4B192861C999C0005C0C0A7086D","ttk.py=logs/trace/SNS_Snapshots/SNS_24_SNAPSHOT_20250518_193739/modules/ttk.py"
"1264","tzinfo.py","BA2267EA62F79E83C4B1E5D9051688263A34894B43DB905B0BC5D9F30A2E37BC","tzinfo.py=logs/trace/SNS_Snapshots/SNS_24_SNAPSHOT_20250518_193739/modules/tzinfo.py"
"1269","ultimate.py","6F022969271C1A153EC70F09A93D37FF1EE02403A1567D9462936225579A36D5","ultimate.py=logs/trace/SNS_Snapshots/SNS_24_SNAPSHOT_20250518_193739/modules/ultimate.py"
"1271","unarchive_your_medias.py","4B6C448F5775864E385EEA1AEC40D8D7E453331D04366187E732CA61D6CEAB3B","unarchive_your_medias.py=logs/trace/SNS_Snapshots/SNS_24_SNAPSHOT_20250518_193739/modules/unarchive_your_medias.py"
"1272","unfollow_everyone.py","D7428AD33033FC6E9210FDADC048D6800B5966D18158D40827F99E0160B0E02E","unfollow_everyone.py=logs/trace/SNS_Snapshots/SNS_24_SNAPSHOT_20250518_193739/modules/unfollow_everyone.py"
"1273","unfollow_non_followers.py","776CB2825DF7EF1ED92B775C36942154570D89BC4DADEBE4AFD559A8117977A6","unfollow_non_followers.py=logs/trace/SNS_Snapshots/SNS_24_SNAPSHOT_20250518_193739/modules/unfollow_non_followers.py"
"1278","univ.py","23EF1151064A1EE45BDCB5EAC63CD46076569F88B85FE5E6275870403C09E707","univ.py=logs/trace/SNS_Snapshots/SNS_24_SNAPSHOT_20250518_193739/modules/univ.py"
"1279","universaldetector.py","01B054BD56F479A368113CE109FB66ACF794B5A66BEBF1D8CD0AD640171C493E","universaldetector.py=logs/trace/SNS_Snapshots/SNS_24_SNAPSHOT_20250518_193739/modules/universaldetector.py"
"1281","unlike_users.py","56AD019D6A09CFC198BA4E01D42A12ECB53F3BB7534233730BD20B7FCF3A391B","unlike_users.py=logs/trace/SNS_Snapshots/SNS_24_SNAPSHOT_20250518_193739/modules/unlike_users.py"
"1284","upload_photos_653db6e6.py","6A92B39EA0E145AEE39D79B1DF1BBD6357BF79926E1DA5ED6D34C2F134B29863","upload_photos_653db6e6.py=logs/trace/SNS_Snapshots/SNS_24_SNAPSHOT_20250518_193739/modules/upload_photos_653db6e6.py"
"1285","upload_story_photo.py","BB7712FE28E439162A6EF48E2BFA2CB6E26DB87B96C0D4505F489C746DA8ECDB","upload_story_photo.py=logs/trace/SNS_Snapshots/SNS_24_SNAPSHOT_20250518_193739/modules/upload_story_photo.py"
"1288","useful.py","DF392B90B975B2723604408CF2B8A0B1C1A3AC8BA2FFA8FF2472597682895E83","useful.py=logs/trace/SNS_Snapshots/SNS_24_SNAPSHOT_20250518_193739/modules/useful.py"
"1289","user_agent.py","A90A712120EDB44C168D1ED3238FC8D38DF0A406D394986310A09F37D7796213","user_agent.py=logs/trace/SNS_Snapshots/SNS_24_SNAPSHOT_20250518_193739/modules/user_agent.py"
"1291","user_login_with_error_handling.py","9886D4CCFE6DDCB61737C4AB6B0B5298A2A283AB58554FB3001A069F097AFE48","user_login_with_error_handling.py=logs/trace/SNS_Snapshots/SNS_24_SNAPSHOT_20250518_193739/modules/user_login_with_error_handling.py"
"1292","user_management.py","3D99F4CC9521D0C6DF69CA09021234094203A38F429F58F8F4D21BEE43F234EF","user_management.py=logs/trace/SNS_Snapshots/SNS_24_SNAPSHOT_20250518_193739/modules/user_management.py"
"1294","utf1632prober.py","FA9DB3390992D7B018C5408C5A26326026275730B26760785C640B9EDE391F28","utf1632prober.py=logs/trace/SNS_Snapshots/SNS_24_SNAPSHOT_20250518_193739/modules/utf1632prober.py"
"1295","utf8prober_dbc41224.py","3C7E57F909A559241EB834989F4C12534C962DF0835EF22E5F030B62A87751BE","utf8prober_dbc41224.py=logs/trace/SNS_Snapshots/SNS_24_SNAPSHOT_20250518_193739/modules/utf8prober_dbc41224.py"
"1298","utils_0ce60892.py","C53F7082FB740C4D8FCE66EC4654F8EAA507F5DA5EA0B26FA8D998029CBEE1A6","utils_0ce60892.py=logs/trace/SNS_Snapshots/SNS_24_SNAPSHOT_20250518_193739/modules/utils_0ce60892.py"
"1299","utils_2282f9b4.py","01385E78A79A6029A7AB244A4E539B04F678861C2873CDFDF192E7D5BF09CA1D","utils_2282f9b4.py=logs/trace/SNS_Snapshots/SNS_24_SNAPSHOT_20250518_193739/modules/utils_2282f9b4.py"
"1300","utils_22f1a958.py","A04FFDC5804E1B7266CEE0FA3D6DC8AD9349C387FEF8BE50AF5CCA2D6CC40F1F","utils_22f1a958.py=logs/trace/SNS_Snapshots/SNS_24_SNAPSHOT_20250518_193739/modules/utils_22f1a958.py"
"1301","utils_3daa4505.py","17D39D636F01244F023D7041ACBC5909592668C99DF96CD899B17E18A51E5D42","utils_3daa4505.py=logs/trace/SNS_Snapshots/SNS_24_SNAPSHOT_20250518_193739/modules/utils_3daa4505.py"
"1302","utils_4557d5e1.py","6CA470A6203D8F56A8EE028EDF5104CCA9340B9E22BCDC46A8EC64E096DF741B","utils_4557d5e1.py=logs/trace/SNS_Snapshots/SNS_24_SNAPSHOT_20250518_193739/modules/utils_4557d5e1.py"
"1303","utils_4efd31c6.py","2BD3E308D815522FC9825C8B44EB68BF33C5CA855C9A93F5E5110A5173CE248F","utils_4efd31c6.py=logs/trace/SNS_Snapshots/SNS_24_SNAPSHOT_20250518_193739/modules/utils_4efd31c6.py"
"1304","utils_5996053a.py","C07A5CA24B4FB7DB71B86220F15CE535F655E5B7194D2875BA4A031C50CFF22D","utils_5996053a.py=logs/trace/SNS_Snapshots/SNS_24_SNAPSHOT_20250518_193739/modules/utils_5996053a.py"
"1305","utils_75f91840.py","48ED95C2404681926D7A41F707528599E47DB005DC6A3D6D690B496E03B2ED51","utils_75f91840.py=logs/trace/SNS_Snapshots/SNS_24_SNAPSHOT_20250518_193739/modules/utils_75f91840.py"
"1306","utils_77c78794.py","9C3867110ABD4AAF87F77B55FAD5E3AE5C0AF4A02190CF60020B0F9127A8772E","utils_77c78794.py=logs/trace/SNS_Snapshots/SNS_24_SNAPSHOT_20250518_193739/modules/utils_77c78794.py"
"1307","utils_7e8c7df0.py","4DA1DABA02CF3F51C9523B72D173182001F95F3035701BB144FDA5EC7A10C8ED","utils_7e8c7df0.py=logs/trace/SNS_Snapshots/SNS_24_SNAPSHOT_20250518_193739/modules/utils_7e8c7df0.py"
"1308","utils_7fbf2255.py","D4CA70673F86935AF2E27E95748E42B360D05F3E1E456EDD0371DE357EDE06F4","utils_7fbf2255.py=logs/trace/SNS_Snapshots/SNS_24_SNAPSHOT_20250518_193739/modules/utils_7fbf2255.py"
"1309","utils_8673d95b.py","2E9143C34E310905B63B6D1EE772AB3D515D2E9A1FEA337F1059AAC43626A0FC","utils_8673d95b.py=logs/trace/SNS_Snapshots/SNS_24_SNAPSHOT_20250518_193739/modules/utils_8673d95b.py"
"1310","utils_9ac89786.py","3D217AB38836DBA9EFB1A993388DB8AFA7BA28B0F5C63431D4513A935B4A37E0","utils_9ac89786.py=logs/trace/SNS_Snapshots/SNS_24_SNAPSHOT_20250518_193739/modules/utils_9ac89786.py"
"1311","utils_e3e49c7b.py","61D6F788A3A62B71CCB57F862BB4585ADFC02D128A03913BB2E4A5306785C348","utils_e3e49c7b.py=logs/trace/SNS_Snapshots/SNS_24_SNAPSHOT_20250518_193739/modules/utils_e3e49c7b.py"
"1312","utils_worker_923b651d.py","968F8772AFA3ADC43DBFA3C1C50DE631B90EAF499EAFBB8AFDE68222D3AC6D7D","utils_worker_923b651d.py=logs/trace/SNS_Snapshots/SNS_24_SNAPSHOT_20250518_193739/modules/utils_worker_923b651d.py"
"1318","var_.py","8ED2733B509D7C644879859A6C37D6A44B5A927FAE6029D8497005987902746C","var_.py=logs/trace/SNS_Snapshots/SNS_24_SNAPSHOT_20250518_193739/modules/var_.py"
"1348","winreg.py","EC742EFA540260575AC324DB37B0933CF361446C180E8F52B7FA8F1B28E384EB","winreg.py=logs/trace/SNS_Snapshots/SNS_24_SNAPSHOT_20250518_193739/modules/winreg.py"
"1352","x509.py","67DFAF51F67BCF85FAFCD9F23546B6E41DFFF748D2287C667C2227F909D2268C","x509.py=logs/trace/SNS_Snapshots/SNS_24_SNAPSHOT_20250518_193739/modules/x509.py"
"1357","x_user_defined.py","BA1D4B27DBB1B8BD1DCEBE9BFDA7B8BBF9B342693DF9220B8B96889E925BCD6C","x_user_defined.py=logs/trace/SNS_Snapshots/SNS_24_SNAPSHOT_20250518_193739/modules/x_user_defined.py"
"1372","_array_utils_impl_6de7eda5.py","35E2C421B6609C2F2267E6A870CFAD04D7A7B6382D6251228534507DCCD0A925","_array_utils_impl_6de7eda5.py=logs/trace/SNS_Snapshots/SNS_24_SNAPSHOT_20250518_193739/modules/_array_utils_impl_6de7eda5.py"
"1373","_arrow_string_mixins.py","03F9A1460ECB2E4C5C6F3F1049AE8E91E84FA75F626016557D3CD45BDAA586FD","_arrow_string_mixins.py=logs/trace/SNS_Snapshots/SNS_24_SNAPSHOT_20250518_193739/modules/_arrow_string_mixins.py"
"1374","_arrow_utils_b4425065.py","32AB360E8E1BEDBCA830763CBC731EBCAF2F7C91B338D4AF8FBAD07280AA0A25","_arrow_utils_b4425065.py=logs/trace/SNS_Snapshots/SNS_24_SNAPSHOT_20250518_193739/modules/_arrow_utils_b4425065.py"
"1375","_asarray_7dbc59f0.py","AE85F56C0C59897444585354E9477ED4B290E882C5C72372C933652259C940E7","_asarray_7dbc59f0.py=logs/trace/SNS_Snapshots/SNS_24_SNAPSHOT_20250518_193739/modules/_asarray_7dbc59f0.py"
"1381","_calamine_cac1dba7.py","918AD7412F11B5E3288E8F31342AEE9FB9F1877664BE5A36C7F70B939C36267D","_calamine_cac1dba7.py=logs/trace/SNS_Snapshots/SNS_24_SNAPSHOT_20250518_193739/modules/_calamine_cac1dba7.py"
"1389","_color_data.py","79CED0BF3D18CAC45A30949FD9709DA2D0896F58CE5C5692A83B311D1ECF2218","_color_data.py=logs/trace/SNS_Snapshots/SNS_24_SNAPSHOT_20250518_193739/modules/_color_data.py"
"1398","_cpu_features_737db4dc.py","CAE9689E8611DB9672D9CFCBAFD3609E832B12D86803D41142485A3CB4FEDBA1","_cpu_features_737db4dc.py=logs/trace/SNS_Snapshots/SNS_24_SNAPSHOT_20250518_193739/modules/_cpu_features_737db4dc.py"
"1406","_digest_auth_compat.py","FD3485DD95671EF1B9A03DC700EC27809BCD85737CA40B75228827748C866D3E","_digest_auth_compat.py=logs/trace/SNS_Snapshots/SNS_24_SNAPSHOT_20250518_193739/modules/_digest_auth_compat.py"
"1410","_distutils_f7c000df.py","D6CEA4610A795ED86D534CCE6BFBB328A80AAFB791D2DDA5AE86E968C62C52D0","_distutils_f7c000df.py=logs/trace/SNS_Snapshots/SNS_24_SNAPSHOT_20250518_193739/modules/_distutils_f7c000df.py"
"1412","_doctools.py","83A018AD774B13C6AECA4CA79DA2012181BE0AD4BD881EEB3D016843FBE59363","_doctools.py=logs/trace/SNS_Snapshots/SNS_24_SNAPSHOT_20250518_193739/modules/_doctools.py"
"1416","_dummy_thread.py","06927D7A8F70FB5D8DE70D34B8DC071FA47EDCB91CFD51052D32C28B3062A895","_dummy_thread.py=logs/trace/SNS_Snapshots/SNS_24_SNAPSHOT_20250518_193739/modules/_dummy_thread.py"
"1422","_encoded_words.py","AF9F928D4F9A14279B114735395FB2D2C300ECC86AEA7D0919DEAF0E6295DD2B","_encoded_words.py=logs/trace/SNS_Snapshots/SNS_24_SNAPSHOT_20250518_193739/modules/_encoded_words.py"
"1437","_generated_io_epoll_aedbd8e1.py","08C4CB6B864D5E6657E6C241AF2D69F44A71C3C68A79AC5BABF17D93AAE183C5","_generated_io_epoll_aedbd8e1.py=logs/trace/SNS_Snapshots/SNS_24_SNAPSHOT_20250518_193739/modules/_generated_io_epoll_aedbd8e1.py"
"1444","_header_value_parser.py","0F63529ACFE4A3A7765F84FF39E658AE8BBE15A53F3E5DF60EAEAF93ABD2217C","_header_value_parser.py=logs/trace/SNS_Snapshots/SNS_24_SNAPSHOT_20250518_193739/modules/_header_value_parser.py"
"1455","_html5lib.py","40F45FFC1E6F67FAFB90CA0E1D04F51A8CD8A873EDD90385869EABC0C57AC3DF","_html5lib.py=logs/trace/SNS_Snapshots/SNS_24_SNAPSHOT_20250518_193739/modules/_html5lib.py"
"1456","_htmlparser.py","C4D4C6FC058CECD6D6CAB47202BB2C1EF16C77FCA00FD788210A63E2E93306A3","_htmlparser.py=logs/trace/SNS_Snapshots/SNS_24_SNAPSHOT_20250518_193739/modules/_htmlparser.py"
"1458","_hypothesis.py","DCB16320FF44B0279AC8576C3670F168842CB2D4E255083ADFEE797D41E7574C","_hypothesis.py=logs/trace/SNS_Snapshots/SNS_24_SNAPSHOT_20250518_193739/modules/_hypothesis.py"
"1467","_internal_utils_e9c7b59e.py","E7FBD279BF7DF238756849761FA685EDCCA50B5EEEABA8D6079BE6D8D710B4CF","_internal_utils_e9c7b59e.py=logs/trace/SNS_Snapshots/SNS_24_SNAPSHOT_20250518_193739/modules/_internal_utils_e9c7b59e.py"
"1485","_lxml.py","AF570AA91183937A54130A3A185BBDEED2769442567D49F10BD2B88E13954FF9","_lxml.py=logs/trace/SNS_Snapshots/SNS_24_SNAPSHOT_20250518_193739/modules/_lxml.py"
"1492","_markupbase.py","8F8C46712B391C50685064B1BF1AED213251477E32FEB610323F3E700615AD2B","_markupbase.py=logs/trace/SNS_Snapshots/SNS_24_SNAPSHOT_20250518_193739/modules/_markupbase.py"
"1497","_mixins.py","F456882320FC970F7E8DECF948F868F35ED1F7C07DE379298D5464BC5DA0E4C0","_mixins.py=logs/trace/SNS_Snapshots/SNS_24_SNAPSHOT_20250518_193739/modules/_mixins.py"
"1519","_nested_sequence_1db8f3ad.py","DAAF9A139B13E55732675E8902EF511E44C0744AE3164FEA9C97F6FB773D78F6","_nested_sequence_1db8f3ad.py=logs/trace/SNS_Snapshots/SNS_24_SNAPSHOT_20250518_193739/modules/_nested_sequence_1db8f3ad.py"
"1522","_normalize.py","DE038BF504E9873335C19EF902BCEEC3F2E29A0F02926FFBC321A30E8A35CB31","_normalize.py=logs/trace/SNS_Snapshots/SNS_24_SNAPSHOT_20250518_193739/modules/_normalize.py"
"1525","_odfreader.py","E3AB6B7E26F2B96F1215427AFD428580976D1DE621ABF7E004972BCA119C7111","_odfreader.py=logs/trace/SNS_Snapshots/SNS_24_SNAPSHOT_20250518_193739/modules/_odfreader.py"
"1526","_odswriter.py","748D43B36177798C6B1824CBCF0CEC32EEB7D48C5FC379ABC643E3C7E615B6C6","_odswriter.py=logs/trace/SNS_Snapshots/SNS_24_SNAPSHOT_20250518_193739/modules/_odswriter.py"
"1527","_openpyxl.py","2DAE26EEAA0659EC9A00DE8D6DC85546DC2FD024F53F12F64221DA88253E26B0","_openpyxl.py=logs/trace/SNS_Snapshots/SNS_24_SNAPSHOT_20250518_193739/modules/_openpyxl.py"
"1530","_optional.py","E2237ACC4B8248889FF8FA0EEBA4703B78DD74687AC566E690A461AC625D0AEB","_optional.py=logs/trace/SNS_Snapshots/SNS_24_SNAPSHOT_20250518_193739/modules/_optional.py"
"1534","_parseaddr.py","91EA2056BD5F7FF7925A50EF95220513BE2BE32A80B55761E6DC465EA950359D","_parseaddr.py=logs/trace/SNS_Snapshots/SNS_24_SNAPSHOT_20250518_193739/modules/_parseaddr.py"
"1544","_policybase.py","BB0994C6FAFA5B2F736417423398BBA565A01EE73E5607E53913C2421F5BDF8F","_policybase.py=logs/trace/SNS_Snapshots/SNS_24_SNAPSHOT_20250518_193739/modules/_policybase.py"
"1547","_print_versions.py","F2A3947A98A08D58287F44DBB75D46E3DC7CD7F64F8FF4E4A761857EA964884A","_print_versions.py=logs/trace/SNS_Snapshots/SNS_24_SNAPSHOT_20250518_193739/modules/_print_versions.py"
"1549","_pyxlsb.py","136BBD79239E0FD59010D1E01BFDA203F6D006E870721AD7F9197748DE3F53EE","_pyxlsb.py=logs/trace/SNS_Snapshots/SNS_24_SNAPSHOT_20250518_193739/modules/_pyxlsb.py"
"1551","_ranges.py","88F0A52B0824AFDC3B0DE14CD830FF29279467A3FD2EA2A8BFF7370A2BFAE891","_ranges.py=logs/trace/SNS_Snapshots/SNS_24_SNAPSHOT_20250518_193739/modules/_ranges.py"
"1557","_recorder.py","7504F41B94275B6CFCA33BC40255F9FFAFE100AF877626D0FCA4E859697BCC66","_recorder.py=logs/trace/SNS_Snapshots/SNS_24_SNAPSHOT_20250518_193739/modules/_recorder.py"
"1585","_tester.py","8622AC760526D260A2B60071920F4C55AC7002DD68112D66B52E3F6F43CCFB69","_tester.py=logs/trace/SNS_Snapshots/SNS_24_SNAPSHOT_20250518_193739/DELETE_TEMP_20250503/modules/_tester.py"
"1587","_thread.py","300CE8C215DC63B31B0518C363D8FA8DCD623592FA9577B1958BF1DAFDDF7974","_thread.py=logs/trace/SNS_Snapshots/SNS_24_SNAPSHOT_20250518_193739/modules/_thread.py"
"1610","_utils_6895b3f9.py","523B277D972C3042F3A2028CC14E6FAE92FDEF488B2DAE24E63EA715773CE984","_utils_6895b3f9.py=logs/trace/SNS_Snapshots/SNS_24_SNAPSHOT_20250518_193739/modules/_utils_6895b3f9.py"
"1611","_utils_6e986f67.py","D1332110CCE2969DF82272529B925067E623890CB250388A6A3C97D60E695585","_utils_6e986f67.py=logs/trace/SNS_Snapshots/SNS_24_SNAPSHOT_20250518_193739/modules/_utils_6e986f67.py"
"1612","_utils_9d9c261f.py","65AE5C990AC9860AECDA2CA7CAF69E7A635617C27BD082647E8C1C25FF1231BF","_utils_9d9c261f.py=logs/trace/SNS_Snapshots/SNS_24_SNAPSHOT_20250518_193739/modules/_utils_9d9c261f.py"
"1613","_utils_bea270e7.py","DA382EE3C92B7A6815D2A7180FB6D246C2199564549236ACFB07375A170397A2","_utils_bea270e7.py=logs/trace/SNS_Snapshots/SNS_24_SNAPSHOT_20250518_193739/modules/_utils_bea270e7.py"
"1614","_utils_ff9db2af.py","7371FAB4FA1ED4102FC520DF7A6ECB049DAA0B5687F7CE5CB1365C6B7C88C401","_utils_ff9db2af.py=logs/trace/SNS_Snapshots/SNS_24_SNAPSHOT_20250518_193739/modules/_utils_ff9db2af.py"
"1615","_utils_impl_091bf2c0.py","93254C2AC917349D1C5E448F6B26A8852FE6BC922956A759F64DD13CE14BD353","_utils_impl_091bf2c0.py=logs/trace/SNS_Snapshots/SNS_24_SNAPSHOT_20250518_193739/modules/_utils_impl_091bf2c0.py"
"1618","_version_2ba8db45.py","E1FAB4A0FE5612DA2D4E022634AECE6CAAA9049D1D63531B6012F1A28C88C510","_version_2ba8db45.py=logs/trace/SNS_Snapshots/SNS_24_SNAPSHOT_20250518_193739/modules/_version_2ba8db45.py"
"1619","_version_meson.py","F7EBD17714DE4BCABE989014970B8072A17B3D34255273EB6FFFE8E0E427E80D","_version_meson.py=logs/trace/SNS_Snapshots/SNS_24_SNAPSHOT_20250518_193739/modules/_version_meson.py"
"1631","_xlrd_5b4edb67.py","686CE1F57A0939EE4061F16E618E2B9A547E0085C8DC04B86DFF014181DD4FE7","_xlrd_5b4edb67.py=logs/trace/SNS_Snapshots/SNS_24_SNAPSHOT_20250518_193739/modules/_xlrd_5b4edb67.py"
"1632","_xlsxwriter.py","C0EE996A6B0D809E2815893616B0AF2A594BDB4D7193A8BDC32136C78B2B11D0","_xlsxwriter.py=logs/trace/SNS_Snapshots/SNS_24_SNAPSHOT_20250518_193739/modules/_xlsxwriter.py"
"1634","__config___e5dbb061.py","AAF8FD6C0742B4D86BCC010ED5E625F1E11B60F39B9E7D0CA18B9B681AC8495A","__config___e5dbb061.py=logs/trace/SNS_Snapshots/SNS_24_SNAPSHOT_20250518_193739/modules/__config___e5dbb061.py"
"1636","__init___692db9ec.py","4B3D335A45886A6F49428462CBF8CD86F11481026844DDB756D3C648A7AFFD24","__init___692db9ec.py=logs/trace/SNS_Snapshots/SNS_24_SNAPSHOT_20250518_193739/modules/__init___692db9ec.py"
"1637","__init___7db50b7f.py","7308658AFCDBE1C34B8709492DBB4E78FDEEE593B4F100E7CC3527F7B0531399","__init___7db50b7f.py=logs/trace/SNS_Snapshots/SNS_24_SNAPSHOT_20250518_193739/modules/__init___7db50b7f.py"
"1639","__init___a911ddb7.py","0B55C4A0197BC5D25C054778B7D15441F81BEB8B710199B298FFCAFC11FC9CA8","__init___a911ddb7.py=logs/trace/SNS_Snapshots/SNS_24_SNAPSHOT_20250518_193739/modules/__init___a911ddb7.py"
"1640","__init___dbfceb12.py","CDC31A8CCEE8AC0696D6747D1025F8AE2A4828B4EE650BEF86FD35AAD36F42F4","__init___dbfceb12.py=backup/err0518_SNS_24AutoProject/DELETE_TEMP/__init___dbfceb12.py"
"1642","__local_copyreg.py","9B35931C3740076006DC09D99D4291B3EC2A946B3FAF4E478AE69205250F76CD","__local_copyreg.py=logs/trace/SNS_Snapshots/SNS_24_SNAPSHOT_20250518_193739/DELETE_TEMP_20250503/modules/__local_copyreg.py"
"1644","__local_inspect.py","8755A1FDDE3B27BEBE5A5DF79F4C1E5AF12D253D7A3E80B99324C455D9216FBB","__local_inspect.py=logs/trace/SNS_Snapshots/SNS_24_SNAPSHOT_20250518_193739/modules/__local_inspect.py"
"1645","__local_reprlib.py","D1E70A88E098807AD077F9D81C410EB78CECC2E20040FE24A8BF32F2612AC968","__local_reprlib.py=logs/trace/SNS_Snapshots/SNS_24_SNAPSHOT_20250518_193739/modules/__local_reprlib.py"
"1646","__local_types.py","CB0BC6CACEB82DD1FB48658783E5262E874F68CD59F809B9A6310E2C0FA8DAF4","__local_types.py=logs/trace/SNS_Snapshots/SNS_24_SNAPSHOT_20250518_193739/modules/__local_types.py"
"1649","__meta__.py","3F32E79B70D1BE3CC248AF325839AEB67435324D2CF90CDD7DCB654C7E1DCDDE","__meta__.py=logs/trace/SNS_Snapshots/SNS_24_SNAPSHOT_20250518_193739/modules/__meta__.py"
"1650","__pip-runner___f41e864e.py","B64ECA3E0AEE4BE065512BA73EBA82A3931612BC7D541725E3C6E51A892BE0FB","__pip-runner___f41e864e.py=logs/trace/SNS_Snapshots/SNS_24_SNAPSHOT_20250518_193739/modules/__pip-runner___f41e864e.py"
"1653","auto_backup_run.py","93916AC882E948FD3F56E27BFF5E7FCE44C62D7EEFA7B3A45A65ECD431278DAA","auto_backup_run.py=logs/trace/SNS_Snapshots/SNS_24_SNAPSHOT_20250518_193739/DELETE_TEMP_20250503/0516/auto_backup_run.py"
"1654","final_backup.py","AD4732F8FC28BAC66542F07DD642954C6D2FC070D00355481981D2B4AD26D1D7","final_backup.py=logs/trace/SNS_Snapshots/SNS_24_SNAPSHOT_20250518_193739/DELETE_TEMP_20250503/0516/final_backup.py"
"1662","api_photo.py","463B5D17598A6CF7C5F4D194A55851E98219A85139C3D55213C27E9E01F39A9A","api_photo.py=logs/trace/SNS_Snapshots/SNS_24_SNAPSHOT_20250518_193739/modules/api_photo.py"
"1663","api_story.py","B36D673870F5ABC042FE801E2EA194BD245B73D0E29BB16DB51E05ED969D6E3A","api_story.py=logs/trace/SNS_Snapshots/SNS_24_SNAPSHOT_20250518_193739/modules/api_story.py"
"1664","api_video.py","63AEB52D4494B1770A345B49D97101C0F0FE8466B0EB2B2D992DC1D74CD5A8E1","api_video.py=logs/trace/SNS_Snapshots/SNS_24_SNAPSHOT_20250518_193739/modules/api_video.py"
"1672","backports.py","A0A5DCA71D3766812244E187029E866720F94ECFC070DA998CAF540B2FD87370","backports.py=logs/trace/SNS_Snapshots/SNS_24_SNAPSHOT_20250518_193739/modules/backports.py"
"1717","display.py","66EDD558FEDB2D61A0123499837D1257B40F96DA711A2A446648759D9C829574","display.py=logs/trace/SNS_Snapshots/SNS_24_SNAPSHOT_20250518_193739/modules/display.py"
"1738","fix_imports.py","14336CB2BA9E4CDAC36ACE2E1628AAF5D47F132434C93F1837D6989CD7D9177C","fix_imports.py=logs/trace/SNS_Snapshots/SNS_24_SNAPSHOT_20250518_193739/modules/fix_imports.py"
"1742","generator.py","49973D18793FA77F9951A1FF54460295C22A1443678740C61987A4F0B74EF1F8","generator.py=logs/trace/SNS_Snapshots/SNS_24_SNAPSHOT_20250518_193739/modules/generator.py"
"1765","like_and_follow_media_likers.py","2E1AE227C81812805316FFB751413C507824CBDF8B113032F22365CA8CD20857","like_and_follow_media_likers.py=logs/trace/SNS_Snapshots/SNS_24_SNAPSHOT_20250518_193739/modules/like_and_follow_media_likers.py"
"1766","like_and_follow_your_last_media_likers.py","10B3563366A01AB78ECE145F8DBEFB8527C047FF2E90F9322DD8B3EBBE86D86C","like_and_follow_your_last_media_likers.py=logs/trace/SNS_Snapshots/SNS_24_SNAPSHOT_20250518_193739/modules/like_and_follow_your_last_media_likers.py"
"1777","main_4d09a3db.py","130B3EDE41A806F9EB18BDB49B322AEE2F500085AB8C3AC84BBAB3B3A680BBA1","main_4d09a3db.py=logs/trace/SNS_Snapshots/SNS_24_SNAPSHOT_20250518_193739/modules/main_4d09a3db.py"
"1784","mock.py","E13A3204315335EBEA831226333CF237E1A659C92A51C27EF0AE502732157CEE","mock.py=logs/trace/SNS_Snapshots/SNS_24_SNAPSHOT_20250518_193739/modules/mock.py"
"1787","multi_script_CLI.py","5AF28836BD2EEA64F795DA2132E9327C439B3EE06986AB6ED764D65CEC6881A6","multi_script_CLI.py=logs/trace/SNS_Snapshots/SNS_24_SNAPSHOT_20250518_193739/modules/multi_script_CLI.py"
"1820","python_path.py","FED8D4EFC9FD08BD14F954FA08C24CA8DCB1CE98FF4FCF05827F9A07E1029EAD","python_path.py=logs/trace/SNS_Snapshots/SNS_24_SNAPSHOT_20250518_193739/modules/python_path.py"
"1825","repost_best_photos_from_users.py","74B079BAD983E8FB8F7A484B050E79DC408D327D3676B51FAF14A22F59D3F16C","repost_best_photos_from_users.py=logs/trace/SNS_Snapshots/SNS_24_SNAPSHOT_20250518_193739/modules/repost_best_photos_from_users.py"
"1866","ssl_servers.py","190F2B785D189B806CECC7AAFC2E928CC00BF63659FA24FCD69B75C64D897071","ssl_servers.py=logs/trace/SNS_Snapshots/SNS_24_SNAPSHOT_20250518_193739/modules/ssl_servers.py"
"1891","tzfile.py","077485848323F6CDE58DEF885DADB29396582DC9DF987812614FFE3798A64730","tzfile.py=logs/trace/SNS_Snapshots/SNS_24_SNAPSHOT_20250518_193739/modules/tzfile.py"
"1896","upload_video.py","5EF76EB3DD3363DB6B5EF6B8185464744E15CBCA7B26064F147FCAD19CABA65B","upload_video.py=logs/trace/SNS_Snapshots/SNS_24_SNAPSHOT_20250518_193739/modules/upload_video.py"
"1901","utils_bb8e63e5.py","26A02B8BF92B717175105C32ACB315E0C4FC02419E003809C90091DBB80744B8","utils_bb8e63e5.py=logs/trace/SNS_Snapshots/SNS_24_SNAPSHOT_20250518_193739/modules/utils_bb8e63e5.py"
"1905","watch_user_likers_stories.py","F66E3884CD79959D2974F7AC8F58CC53116B1E84FEE8CCBBE2163ACA6635BD2C","watch_user_likers_stories.py=logs/trace/SNS_Snapshots/SNS_24_SNAPSHOT_20250518_193739/modules/watch_user_likers_stories.py"
"1909","whitelist_generator.py","CE4B53375CF2C48809B283FA99758A7852BF71C1F723B799892D3C8804912894","whitelist_generator.py=logs/trace/SNS_Snapshots/SNS_24_SNAPSHOT_20250518_193739/modules/whitelist_generator.py"
"1912","_asyncio.py","5BBBCD44C0A5D3314FAADFC18B81BA90AF77BFE8EF9EB25866D97862687DCAD0","_asyncio.py=logs/trace/SNS_Snapshots/SNS_24_SNAPSHOT_20250518_193739/modules/_asyncio.py"
"1924","_impl_d1fdb034.py","2695831D7DDC4B70FEAC1FE07C4344AF8CA72AE6B7F91E5FD77291B64FCF5FEA","_impl_d1fdb034.py=logs/trace/SNS_Snapshots/SNS_24_SNAPSHOT_20250518_193739/modules/_impl_d1fdb034.py"
"1950","__init___64bdb0b7.py","DF066853DA8D86B8174802620A7F9C4276664DC6EDCA5DF7AADF025624C48B14","__init___64bdb0b7.py=logs/trace/SNS_Snapshots/SNS_24_SNAPSHOT_20250518_193739/modules/__init___64bdb0b7.py"
"1952","__local_warnings.py","0D43F487FAF5B81E16A19C30DF2E27393329600BECC3A3ADB679594411198732","__local_warnings.py=logs/trace/SNS_Snapshots/SNS_24_SNAPSHOT_20250518_193739/modules/__local_warnings.py"
"1968","pickle.py","4FA830D185B6E3674847E9147AFEF0AC4CBA3B1EBD8BB9338BCAC536500A2F35","pickle.py=logs/trace/SNS_Snapshots/SNS_24_SNAPSHOT_20250518_193739/DELETE_TEMP_20250503/modules/pickle.py"
"1973","ssl.py","1B155452330125752C6BE2C7E2CAF2DC63659933ED71F8D15B09589D3787FC72","ssl.py=logs/trace/SNS_Snapshots/SNS_24_SNAPSHOT_20250518_193739/DELETE_TEMP_20250503/modules/ssl.py"
"1986","app_streamlit.py","FFF06E75F5F96216A48ED6707D14CFA2F89E3E8133B2168D37A316A38F092262","app_streamlit.py=logs/trace/SNS_Snapshots/SNS_24_SNAPSHOT_20250518_193739/modules/app_streamlit.py"
"1998","conflict_guard.py","B870376D0E845234BDB0ADD923250DAB19BBC3E61A28048A5BE3918AB69328FB","conflict_guard.py=logs/trace/SNS_Snapshots/SNS_24_SNAPSHOT_20250518_193739/modules/conflict_guard.py"
"2003","delete_all_posts.py","0C67C016D3EF9C5F5167C6A0D802EB789DD0C419F78347003DAD016CBD56DE9B","delete_all_posts.py=logs/trace/SNS_Snapshots/SNS_24_SNAPSHOT_20250518_193739/modules/delete_all_posts.py"
"2008","duplicate_detector.py","609D4B8D7D548CC56F1C84D9926EF5AE84EFD15C10FF87FDF45A6FCF1022F821","duplicate_detector.py=logs/trace/SNS_Snapshots/SNS_24_SNAPSHOT_20250518_193739/modules/duplicate_detector.py"
"2011","external_connector.py","7C6C96D291C3863D80271ECEFC05B963C1EFB4BBDDA59A1790F11E4F08E81017","external_connector.py=logs/trace/SNS_Snapshots/SNS_24_SNAPSHOT_20250518_193739/modules/external_connector.py"
"2029","meta_log_manual_insert.py","E9F9585F37011F2FC19B473EBA50191C26D7BD8B4F1DAE3D70F19C9404A87018","meta_log_manual_insert.py=logs/trace/SNS_Snapshots/SNS_24_SNAPSHOT_20250518_193739/modules/meta_log_manual_insert.py"
"2041","proj_queue_util.py","D04E44E2C119EF5D6C8F9A9B6722393E4361C2150C374FF0BE5F908348C4F28A","proj_queue_util.py=logs/trace/SNS_Snapshots/SNS_24_SNAPSHOT_20250518_193739/modules/proj_queue_util.py"
"2048","report_generator.py","3A47FE83BC82E9FF23B8CF8DC6D57F957FD80C2D2D5DB52266BE9B5399148C76","report_generator.py=logs/trace/SNS_Snapshots/SNS_24_SNAPSHOT_20250518_193739/modules/report_generator.py"
"2054","RUN-01.py","CEF4B15F9D518F22AC2F1967084626C16E8DFC5C8DAB842C1263B35C0067A238","RUN-01.py=logs/trace/SNS_Snapshots/SNS_24_SNAPSHOT_20250518_193739/modules/RUN-01.py"
"2055","RUN-02.py","5D7ED1314F9F6BD473E9A7ABCB1A5B96EB97441EDE896038E7F5789683EA45AA","RUN-02.py=logs/trace/SNS_Snapshots/SNS_24_SNAPSHOT_20250518_193739/modules/RUN-02.py"
"2056","RUN-03.py","4974858D312C46DC4E2DD8DE8B7C97B2FA52FEFF218975007B3843486EF12C78","RUN-03.py=logs/trace/SNS_Snapshots/SNS_24_SNAPSHOT_20250518_193739/modules/RUN-03.py"
"2074","user_config.py","F10DF7974E255A02C650A80DFD789E8E286406FDDA6F58225388DA1B83A24AB1","user_config.py=logs/trace/SNS_Snapshots/SNS_24_SNAPSHOT_20250518_193739/modules/user_config.py"
"2075","user_manager_pro.py","F5C8CE8FF562C89752720F8339E4B0EE37D23117980CCA55145CADE87DA5E598","user_manager_pro.py=logs/trace/SNS_Snapshots/SNS_24_SNAPSHOT_20250518_193739/modules/user_manager_pro.py"
"2110","devtool.py","FF1E41A20735CF652B06DD5DF2DE709DC338815A05CAC95EA78AA899AF8484A1","devtool.py=backup/SNS_24AutoProject+++0508삭제/.venv310/Lib/site-packages/undetected_chromedriver/devtool.py"
"2111","__init___48.py","FF1650203D8A972E4830229D0C913126549D224D7096F819756B7B7CDE175442","__init___48.py=services/__init___48.py"
"2122","__init___78.py","FE308005F0B9C4E00E0180B8B32F40A4E06074837C43E535166700717A4FFA87","__init___78.py=services/__init___78.py"
"2125","latin1prober.cpython-312.py","FE01E2A787D2A8F63FF4DDB3C15FBB112D7D3277E70534C5375885D1EB479BB6","latin1prober.cpython-312.py=core/latin1prober.cpython-312.py"
"2130","uri.py","FD9856833B8BFDE906586BBC405A1D7BFD2B80B376B68CFDBB530FBB9A290DAF","uri.py=backup/SNS_24AutoProject+++0508삭제/.venv310/Lib/site-packages/websockets/uri.py"
"2132","chardistribution.cpython-312.py","FD898E63A51CCE15476D825BB58AD2C4AD87C9C1E5C5DD6592F2DB487E2A02E5","chardistribution.cpython-312.py=core/chardistribution.cpython-312.py"
"2142","py35compat.py","FCE12BCD8BA38BF02B52BA4C16A8E16C268E3604675781F74BF3FD50F4F4EE75","py35compat.py=backup/SNS_24AutoProject+++0508삭제/.venv310/Lib/site-packages/setuptools/_distutils/py35compat.py"
"2143","__init___50.py","FCC88D6AEC270DF23613481DCCD21A75D2AE85140BCC2EA001DE557E29C6B1C9","__init___50.py=services/__init___50.py"
"2162","diagnose.cpython-312.py","F9D5B1FC37F3F0523463C6AD302B35B9172884C198F0872CC1F6820BC3E61658","diagnose.cpython-312.py=core/diagnose.cpython-312.py"
"2163","__init___232.py","F9C89702FBEF18992FFE1E237B567640BDB1A96C85011734A9DCB7AC50475FAE","__init___232.py=services/__init___232.py"
"2166","__init___321.py","F9AEA5D035ECDAF00E8A67A5B1DD80AAD8BE4ED016106834F431F6921FC6C27C","__init___321.py=services/__init___321.py"
"2174","backup_session_log.py","F905797387077C9EEE3930A5CCB3DD244EA6006849D38A91BFC339554B686485","backup_session_log.py=backup/backup_session_log.py"
"2181","__init___137.py","F831F2B4613EA28A1537E38837CF54856BB14D036FB8CE2271D6387C21D2A923","__init___137.py=services/__init___137.py"
"2193","__init___332.py","F6DAB1B3CBD28767D79AB382F4537327EDD6129D50F228E31AE13EC0B7A02DC3","__init___332.py=services/__init___332.py"
"2194","__init___526.py","F6C1CA7224F0815A22E7BDFAF53211A6D9AE69F046796B731BAF8EFD264754ED","__init___526.py=services/__init___526.py"
"2203","__init___353.py","F59F701CF643761DEA8F2C4AF8B73B4C0585C0A98351CCA11C9E019DA3973DA8","__init___353.py=services/__init___353.py"
"2206","escsm.cpython-312.py","F4C9234C1774B1A898DF70D7EC6E63A9F0CB016B1EBE2C7240104825B5CB70A4","escsm.cpython-312.py=core/escsm.cpython-312.py"
"2218","__init___589.py","F2E95651D73E1812D134DAF33B066FD4B01DE6B8B53D6412B32B292D401D81FC","__init___589.py=services/__init___589.py"
"2230","backup_trace_log_snapshot.py","F1235E2C9BD3BB2231A6E58CA55CD74A753AC4924C922C12A4D1422A5946A3FC","backup_trace_log_snapshot.py=backup/backup_trace_log_snapshot.py"
"2250","__init___393.py","EE7C30080FF905E460DF4367F456093ABE53B83472EC00CE82B1BC40C4ABE024","__init___393.py=services/__init___393.py"
"2251","__init___579.py","EE264F7C9E99D1C08D3E7363A3D3B8233B1574124F52D10564F9E84BDAFFD22E","__init___579.py=services/__init___579.py"
"2254","__init___299.py","ED909CE8FA79A251F950F40D3220776C977895E786D932D11F2A1C1C8489E218","__init___299.py=services/__init___299.py"
"2257","__init___500.py","ED4574BAFD50E52C8FE376B9A2D6ED15818C004C040D13F1AAD0DC03110F266D","__init___500.py=services/__init___500.py"
"2261","__init___542.py","ECDB9F251190F55E961CBC44AC073AD9A2F1670FF3E72BA2D263A7ABF52F4EF0","__init___542.py=services/__init___542.py"
"2265","__init___489.py","EC615CDC914ACD4C6A26E505A99AC272760D1B06A234FA3F7796B536D16A25A9","__init___489.py=services/__init___489.py"
"2275","utf1632prober.cpython-312.py","EB0BCFF1CE2ADB03527C10265EE3F500DC5C9E3ABB5D90EF648CC45B358C12F9","utf1632prober.cpython-312.py=core/utf1632prober.cpython-312.py"
"2278","__init___585.py","EAB513977360FC97BCABF3095D28339B2DB9A158084544F2CA886367E6B97F0B","__init___585.py=services/__init___585.py"
"2287","big5freq.cpython-312.py","EA0B91FA308B3484CCF26002738866643286893BCC05451C6560F3ED2267D2E0","big5freq.cpython-312.py=core/big5freq.cpython-312.py"
"2292","__init___513.py","E9901BBBA368A835898D83D60AD9FC3DA663BA500482CF91D179E0AB6675EF84","__init___513.py=services/__init___513.py"
"2294","__init___359.py","E961F0B18CA54EFF92DB03F9756323710AA0D12D7716BC70A2C6F5A7C7216164","__init___359.py=services/__init___359.py"
"2300","distutils_args.py","E8DAA7D316702E838E7695A2AF1CFBF062045B42CD436E13FEF7857983ABBBA8","distutils_args.py=.venv/Lib/site-packages/pip/_internal/utils/distutils_args.py"
"2306","__init___34.py","E8723C6CAEE9FC44646AD27B330DE363691D39887C26F31D5576B1FD78F86660","__init___34.py=services/__init___34.py"
"2308","langthaimodel.cpython-312.py","E8505AB23DF84CB40B50AB37C095AAAC5C324B97BCCB5AB174A868496DBAA119","langthaimodel.cpython-312.py=core/langthaimodel.cpython-312.py"
"2322","__init___391.py","E6B761A020DD3ACF9DD282181E9D8A61F56FC02C4ED5B04D89AFA0F4EC447CCF","__init___391.py=services/__init___391.py"
"2325","css.cpython-312.py","E661060A0FEF1B384DE650AE8B097D6EA3081B650504656E5B8FCFF38DCF33F2","css.cpython-312.py=core/css.cpython-312.py"
"2326","langhebrewmodel.cpython-312.py","E65B4C9A30E5E9361C9299012B2DC12C164B19A663B446360B617C6D853C6865","langhebrewmodel.cpython-312.py=core/langhebrewmodel.cpython-312.py"
"2327","codingstatemachine.cpython-312.py","E62906790D71F6B7373EB7543B36E96DF0F2E6E6C73378575590D82887B0E253","codingstatemachine.cpython-312.py=core/codingstatemachine.cpython-312.py"
"2336","chardetect.cpython-312.py","E54FB31A7311502811686927837808C11BDE39EDA987FB4A4E34848A99164D5B","chardetect.cpython-312.py=core/chardetect.cpython-312.py"
"2339","__init___390.py","E5418240CB13A8B7935C663C505A0D42DC227F1FA0E8DB0A18D798FC20864580","__init___390.py=services/__init___390.py"
"2343","resultdict.cpython-312.py","E50CBF588D63EB3DCA52FBAD5F4A39EC93CC391FC21B7FA18DE4171399C9FAE2","resultdict.cpython-312.py=core/resultdict.cpython-312.py"
"2346","__init___491.py","E4F6B3FB3A02658D65CE391E8F63DE58AECBC659153A4A6F69312644D42D11F1","__init___491.py=services/__init___491.py"
"2348","auto_rebind.py","E4A52B791508BF6489A922686E8460EB864BE50C4366BB013A2BFF3FB47B8715","auto_rebind.py=auto_rebind.py"
"2353","euckrprober.cpython-312.py","E420E1A2701FD8DCCC8D5FD0AF5A5904324B22291F7AB146891CAEEDB789E752","euckrprober.cpython-312.py=core/euckrprober.cpython-312.py"
"2361","__init___43.py","E2CDBE5F8C1353297F84C6791D6F00F9E2087E47AA8978BA637828AF27429042","__init___43.py=services/__init___43.py"
"2365","big5prober.cpython-312.py","E28119C5A76FA536B65B940F32FB8C1C3985E7857656EF7E2062F6F8368095B7","big5prober.cpython-312.py=core/big5prober.cpython-312.py"
"2366","__init___580.py","E25F44D8C51117BFDE4A1694FD9ED1AF5467468DCB55EB6B513731AC966AE2B5","__init___580.py=services/__init___580.py"
"2367","__init___514.py","E23A186F9B116BDC30ECC0A1A9999FEACB970919B434BDDA3CB591A4B43E5E9B","__init___514.py=services/__init___514.py"
"2374","__init___145.py","E17760D0C1FC3241D77F71A134BEC721C34084C71F1DD83E0C17344F925E44E7","__init___145.py=services/__init___145.py"
"2376","__init___317.py","E1366401665343B22A1B1D603BEFF5678DBA6E541B8E8D4DF4F0931DABA7B6FC","__init___317.py=services/__init___317.py"
"2381","recovery_routine.py","E0FF616F00B64DE10BC91CC71A08D42CE3179FF2E5C0A7046A5D9D90185572FC","recovery_routine.py=recovery_routine.py"
"2391","__init___535.py","E01DF19773462BC74AEB01848F0AE9D69E47945EFA7604C9000704E579BFD5E2","__init___535.py=services/__init___535.py"
"2396","__init___204.py","DF856DAED3856782E7398DF22EBD446264F6433676F1ACEA2B0A0FE105A07E4C","__init___204.py=services/__init___204.py"
"2404","__init___333.py","DED17BEDEBCB25EFEF8A251DB0E80400060D5B40157933EC17CA7E87046AA449","__init___333.py=services/__init___333.py"
"2431","bdist_msi.py","DBEDE8C20B4BB4963CFFB8FDC69DE2D21EFECB8B31B7DDCBC31AD464AE4B4C58","bdist_msi.py=backup/SNS_24AutoProject+++0508삭제/.venv310/Lib/site-packages/setuptools/_distutils/command/bdist_msi.py"
"2451","backup_exported_excel_6.py","D9DBF8E59710392921CE860935486C477F463C75589D5930A09045F2B8D31A7D","backup_exported_excel_6.py=backup/backup_exported_excel_6.py"
"2455","headers.py","D9715B504D01CC421FB41476292DB281E491218CCF07E6BEAB7E637DD719D4C0","headers.py=backup/SNS_24AutoProject+++0508삭제/.venv310/Lib/site-packages/websockets/headers.py"
"2466","__init___368.py","D83245B8A36683DE3AED14DB2100E5AA77E382E8F10D93C164A5B3313F73B466","__init___368.py=services/__init___368.py"
"2478","__init___148.py","D6BCE650770F828E2ACC8468BA770C36543A21D5F06133D48E9FA65C5A286194","__init___148.py=services/__init___148.py"
"2484","__init___312.py","D5DB53DEF969D45ACFFE773219CCB5FC9BFE205AE4E154FA50F87EDA24F3B29D","__init___312.py=services/__init___312.py"
"2494","__init___301.py","D497AC24022636FD0B4023F8BA5916A58524152D3C6FF0F2D66E386C4E250C99","__init___301.py=services/__init___301.py"
"2499","__init___324.py","D3F318AA4704DF2B9CF2281896197688ACBD4B00F3AF82A83E034EDE0C2C9893","__init___324.py=services/__init___324.py"
"2507","dprocess.py","D25989962C9D1BBE5F675A534F45E061F2B620F00F5A43EB897D91C5EA230F57","dprocess.py=backup/SNS_24AutoProject+++0508삭제/.venv310/Lib/site-packages/undetected_chromedriver/dprocess.py"
"2523","__init___149.py","D10D2E8662BD1EF6AF6197E1D8CE97CA354D35F3D9C9959A0EFD248DE74D0052","__init___149.py=services/__init___149.py"
"2525","__init___492.py","D0D4FC3078BB48AAB78EE32A61F39DAE4CE38AC2B42FBDE59DE3471F8A9A500B","__init___492.py=services/__init___492.py"
"2527","__init___250.py","D0CFE7179B2D8146B470D450F7ED093DD4990F559FB90CF4DB18F9597B58CCCC","__init___250.py=services/__init___250.py"
"2539","__init___392.py","CF8B96DE1B1BBC53F45C08AFF1AE37F9225EA287F89133A3DC7603EA1863F166","__init___392.py=services/__init___392.py"
"2571","__init___147.py","CBC02ADAE923135FBD857A387726E2B1B41DF750708B480164C35C0195F3B12F","__init___147.py=services/__init___147.py"
"2580","__init___308.py","CADFCBE515EE1E01BEA5F3CA857060956DF5AF475858E57406DF1E10A90D26C7","__init___308.py=services/__init___308.py"
"2583","__init___575.py","CA1E4ED558E507CD68AD56A404F56375FA671EB0A9540A4DB6C397ADE5249411","__init___575.py=services/__init___575.py"
"2589","__init___255.py","C97A792312015E75122BC79B2997A9E2928A34610C62F696F55DD4651943F4A2","__init___255.py=services/__init___255.py"
"2601","__init___63.py","C80FBC1356F41132463B6E37D71AE92CAEF912CDBBFE620D9A6544CE076A9C75","__init___63.py=services/__init___63.py"
"2605","jisfreq.cpython-312.py","C7A780464B2D7EDDDDDC0535884AFE43909DD6EEE8D6A27DF55BAADE0654E2E0","jisfreq.cpython-312.py=core/jisfreq.cpython-312.py"
"2609","__init___139.py","C72B5C54326A5E5BDAF6984B4798156641810F7BF75BA8EB786895520F28E949","__init___139.py=services/__init___139.py"
"2619","__init___512.py","C564E9FA6DD3E3544BA5410C10724281F7D7277E87A35617BE907749CC212BDD","__init___512.py=services/__init___512.py"
"2623","backup_disk_log.py","C4B90060E9FDFF6F41C6050103004C4069553566AB49808A9EC3B845B671F87E","backup_disk_log.py=backup/backup_disk_log.py"
"2670","__init___231.py","BF9698AE5A05460DFEBC2CA91E89A58BC333DE607EB78A699D96604201F3210F","__init___231.py=services/__init___231.py"
"2671","__init___320.py","BF91B080F90EF9859B838E77546077F464B0791FD5CD6383B7DBB45F9DBF77F0","__init___320.py=services/__init___320.py"
"2675","contact_cleaner.py","BF45DAF479E5A7F8A5B168C05BEFA0597BEB38172AD339F0B5CD5E453F26CA5C","contact_cleaner.py=backup/SNS_24AutoProject+++0508삭제/modules/filters/contact_cleaner.py"
"2677","__init___229.py","BF30A77A561EBC4B6951FD6AC0967DCD4ACB54DD64B42E948E5E70E9B93D9A6A","__init___229.py=services/__init___229.py"
"2689","langturkishmodel.cpython-312.py","BD3B8E49E856DB22286A8198FD67F8B22EEB3DDDD298FB69DB62FCFF8036BA83","langturkishmodel.cpython-312.py=core/langturkishmodel.cpython-312.py"
"2690","__init___316.py","BD2F552B8D915D2B7A45B33CD20D6150566772B9FD286A14F6EC4B9506541584","__init___316.py=services/__init___316.py"
"2698","__init___583.py","BC8F8F9B29323F0EF2456F9E6C0AF17F17B93B2E5A0BE62FBE389A61A80B75D0","__init___583.py=services/__init___583.py"
"2702","pyparsing.py","BBC9F33A160F1AD7E8A995CE4BB625A8C7A49CA4C66C2FD36EC24EF52C955B32","pyparsing.py=backup/SNS_24AutoProject+++0508삭제/.venv310/Lib/site-packages/setuptools/_vendor/pyparsing.py"
"2707","exceptions.cpython-312.py","BB7104838379F07BAFE64B5B3FB6EB979E4F496D445CF9214D1CE460B5B906B9","exceptions.cpython-312.py=core/exceptions.cpython-312.py"
"2709","cp949prober.cpython-312.py","BB461826C78927A6F1396AD47AFB67D676A14C834DDE308A2817D32660CD743E","cp949prober.cpython-312.py=core/cp949prober.cpython-312.py"
"2713","__init___226.py","BAB3CCDBD148227DFE9C6180EC109FB74AECA21AC742A1C82B8506CA48439251","__init___226.py=services/__init___226.py"
"2723","__init___298.py","B97924F274A43A4191A6C43B75CAC160E77F055D859A86851EB620B22576270E","__init___298.py=services/__init___298.py"
"2732","__init___380.py","B8F1697155C299746CEB2A9EB52BDA2959B5B33094A87002917B3CFE89C946AD","__init___380.py=services/__init___380.py"
"2735","__init___350.py","B8C868808C6707D0B8DBFD05BB3C06380074CD61D5D57B6AA263AEFE56AC63D8","__init___350.py=services/__init___350.py"
"2738","__init___58.py","B7FF4EECD08750DB0BC851C2F1019AEEBE524AC97F3F4DCB731443BAD7458CC4","__init___58.py=services/__init___58.py"
"2745","py31compat.py","B734067BEC3C83B1845DBE8ECF0DBEBFC647688CA00039B0D0B020AE26333C07","py31compat.py=.venv/Lib/site-packages/pip/_vendor/pkg_resources/py31compat.py"
"2748","johabprober.cpython-312.py","B711DE9D5FA66C9921EE0DEDF0E07F3FA379D9F78985BD4778480D962F11599D","johabprober.cpython-312.py=core/johabprober.cpython-312.py"
"2749","__init___51.py","B6EA1C94F600BB2A03EC21AC6489A6081B112C03ED8182651A34DB4E4D54C254","__init___51.py=services/__init___51.py"
"2778","backup_trace_db.py","B37575617FA454B59A2FC03D555BE84F2F27EE24CB02CAB2773DF8CA2CC0C9A4","backup_trace_db.py=backup/backup_trace_db.py"
"2794","__init___89.py","B1C53196A4B79572EB542487606420080E1847E35294F60FD61D545D379DCA94","__init___89.py=services/__init___89.py"
"2813","http11.py","AFC15A76FAA15AC533E747F3D3F331FEAB928B2BB62718A50A6E17F1F5E6C135","http11.py=backup/SNS_24AutoProject+++0508삭제/.venv310/Lib/site-packages/websockets/http11.py"
"2815","__init___518.py","AF9AF4BD392FDB083DEA5BD93DCC38C8293808D8272726B8B9EB47C0C2A305C7","__init___518.py=services/__init___518.py"
"2817","__init___97.py","AF68E64E5600116ACFBE1208BDA0F3D27DCA1FF5E1984878153EACB1E51A31C4","__init___97.py=services/__init___97.py"
"2818","__init___582.py","AF33A5846E697F3C9F31D94ACAE170196529F3A6FA910FDE20C6E2B0CC040DCA","__init___582.py=services/__init___582.py"
"2820","euctwfreq.cpython-312.py","AF2484F20E6AA6B320CB29AE453E185F084C58968D3F608CF3541C688AE6510B","euctwfreq.cpython-312.py=core/euctwfreq.cpython-312.py"
"2822","main_candidate_1.py","AF089BF544B7070A8D8487E67C5A02E5CC9F61FD4B820CD4C27B7906CB39DAD0","main_candidate_1.py=backup/main_candidate_1.py"
"2830","__init___305.py","AEC1BB6FB541A798606231610BC3618F127D9020D0120FB8E2EBB6ABF7CA259F","__init___305.py=services/__init___305.py"
"2832","backup_env_log.py","AE98BA3F9F26951D93013529A8E045297DDB3969E146E0C3C00763CEF2511762","backup_env_log.py=backup/backup_env_log.py"
"2835","langbulgarianmodel.cpython-312.py","AE59B2C29AE6183A3333A35870009D7AEF52CD1E434E4AC418CB3BEFDE2451C3","langbulgarianmodel.cpython-312.py=core/langbulgarianmodel.cpython-312.py"
"2843","__init___86.py","AD5B2E030E978D470451A62023D68C6E639800281C84E54A53969D2B9ACB20DD","__init___86.py=services/__init___86.py"
"2846","__init___151.py","AD2562A98ED4E46951B1C6675752CEE8C28DAC44FA51DB32F7FE5E3D87EA975C","__init___151.py=services/__init___151.py"
"2868","__init___530.py","AA1BD7F74F5E451CCD6F0860E78806910763672C8980FEC6EA8698834B19977C","__init___530.py=services/__init___530.py"
"2871","__init___146.py","A982B4E29E7223825AEEBA1FC799D737070D8E8E1BFE44F06C647590737833FE","__init___146.py=services/__init___146.py"
"2872","frames.py","A9768252DD87716BF4B59479CB6BD10A7300AF2C0100B20D15EE6C5C362FAD5C","frames.py=backup/SNS_24AutoProject+++0508삭제/.venv310/Lib/site-packages/websockets/frames.py"
"2873","__init___498.py","A974FAFC8F7C41E1ED1A4242AF82B56B57960C4150059AEA5FBA50D4709E2689","__init___498.py=services/__init___498.py"
"2874","backup_exported_excel.py","A948AEE32ED7B9F9C4B11A747912BC0643685696180EA825AE1DA1F66AFF5159","backup_exported_excel.py=backup/backup_exported_excel.py"
"2876","__init___81.py","A918F3E95C6BD964BE6D07001833CFE3198CA69973ACC152F0D2042799BF1EDB","__init___81.py=services/__init___81.py"
"2887","__init___76.py","A80359F51323DB70D28DA783832A1764C47C68810AA9B8072ED99BBBA629E7E0","__init___76.py=services/__init___76.py"
"2892","__init___532.py","A7C261C738FA66E7B89197678083433EFD8D7250770ECDFE82DE747AE498BDA1","__init___532.py=services/__init___532.py"
"2897","euckrfreq.cpython-312.py","A75C4FC708050FA971165DDB54C43C94230A45FCC5E3383D9DBC1445A4F05BF4","euckrfreq.cpython-312.py=core/euckrfreq.cpython-312.py"
"2899","__init___592.py","A72482B3B20EBDC6D84B7CAE60D289182DCA2F61F088DE97E13F9C3EC43CDFE3","__init___592.py=services/__init___592.py"
"2906","__init___521.py","A641E1A21C0EBF1105F0422FF919816CBCB8D88CC1D2D8D332E2BB40498523F7","__init___521.py=services/__init___521.py"
"2908","__init___153.py","A5A297156ED8EBA050B8737011EC714C6F0355AF90A6856F5DA50E8F7459809A","__init___153.py=services/__init___153.py"
"2910","macromanprober.cpython-312.py","A56D44E90A1186815C5FD0BEEDD211FCD46881F2521EFE60FEC140AF889EF41C","macromanprober.cpython-312.py=core/macromanprober.cpython-312.py"
"2912","__init___355.py","A55CD82F0F8443D7AE5259521A17FFCAC4AB7A06239752D55B042DC9190E5770","__init___355.py=services/__init___355.py"
"2913","__init___132.py","A549978C25F515FCC6C9C6EC1D898C61205515EEF3D6805A777843AC2B95482C","__init___132.py=services/__init___132.py"
"2917","export_trace_log_backup.py","A5248AB455ABD25673FEC3AA70778B4D4885012256CB75E6D372F4577FDF254A","export_trace_log_backup.py=data/exported_data/export_trace_log_backup.py"
"2919","__init___547.py","A50D97827FEA2277D8C282362C8710A3DA6DE0D9DB475ACCD735B96BBB95DCC5","__init___547.py=services/__init___547.py"
"2938","__init___338.py","A398B99B0185AA808AB2B294730B407F9A10E3C812A0088E23277918098FF904","__init___338.py=services/__init___338.py"
"2943","__init___371.py","A2D004080834DF6A5CCF36334EC7C8A918D83A1238C896E256851B68084E529E","__init___371.py=services/__init___371.py"
"2945","patcher.py","A2A3FEB02D9C8BCE053D61D2A9E248F55F0094E9E2A1176D2A483A3ADD539C75","patcher.py=backup/SNS_24AutoProject+++0508삭제/.venv310/Lib/site-packages/undetected_chromedriver/patcher.py"
"2946","__init___372.py","A28659B5D1A9859A0B420B9671A161E0CF8215E5BA97DD15EB84A675E49D139A","__init___372.py=services/__init___372.py"
"2948","backup_trace_log.py","A26F995CF4E6117B8B09695CF03EBDFF07B6643E711CE1254A911BA3DB70677E","backup_trace_log.py=backup/backup_trace_log.py"
"2954","_warnings.cpython-312.py","A15D3C353F39CFDE843F06BE628EDDD547113E97EE7CF5DF720B985119905A87","_warnings.cpython-312.py=core/_warnings.cpython-312.py"
"2957","__init___302.py","A1065200EB3BAC799EE82C5F74BF67ADA611348DCD535F0C8F343891098ADA40","__init___302.py=services/__init___302.py"
"2960","formatter.cpython-312.py","A06EB1940A552A8A8AB0A547EF5571C456CD7794D32AB2BC51A5C58710D26EFB","formatter.cpython-312.py=core/formatter.cpython-312.py"
"2968","backup_all_logs.py","9FEBEB3D4C28CD58EE6CCCBDF0C794C0D413FB053CAFFDFD425BE7415CDA8498","backup_all_logs.py=backup/backup_all_logs.py"
"2979","__init___326.py","9EF4FC337BC8A925D689DA51E2252ECD702446BA07886FE186459E3C7E35B573","__init___326.py=services/__init___326.py"
"2989","sample_test.py","9D9020EE3BE34262DD3FEB1DF38908899F5F39FE121FDC8F27CACDB81E940392","sample_test.py=modules/common/sample_test.py"
"2990","__init___214.py","9D86F684B18562741E64F8D56E51B5EC3257AF0A8272F75D63CC38AED3E53769","__init___214.py=services/__init___214.py"
"2992","dammit.cpython-312.py","9D4393F82BC50CB7EDE994E945F7E851EECBE32EFEF7F6708620D0B119D00CF9","dammit.cpython-312.py=core/dammit.cpython-312.py"
"3005","__init___577.py","9A139CF6BF38BB2D9AD57549EA7653AAE8CEE6D5B2A461FDD1797F97648CCB5C","__init___577.py=services/__init___577.py"
"3011","__init___374.py","99B96BCCC537C932964D9FF0BEE274F6369F8BB3BD0A243D89587B3B50C4BF1A","__init___374.py=services/__init___374.py"
"3012","__init___244.py","998F94C418DBB8F31F52F6B672B3FF3C387215C2B6FAFA7A4C764D5D7DAEB354","__init___244.py=services/__init___244.py"
"3017","__init___309.py","99287A51EC5A626F78E123BD6DAB8F71092BD0C751E3783D49B260F3A94D452D","__init___309.py=services/__init___309.py"
"3031","__init___225.py","97C661CDE8DD04F4D983951CED71D753A87C3CCD05C22475DB4AE4F17A0B26A5","__init___225.py=services/__init___225.py"
"3037","__init___152.py","96B7A2BE766AC55345C4ADBBA923858AC287F172816244EB36A977399FA08FE8","__init___152.py=services/__init___152.py"
"3041","__init___346.py","9619663A3C6990776C1F59E02A289CA0E5062F62E1051FB2F72E0CB8B9ADCF06","__init___346.py=services/__init___346.py"
"3042","__init___487.py","960F974546C6F08C8E6385C5B402738B870074252A98DF0895751F48EDC13728","__init___487.py=services/__init___487.py"
"3043","compatibility.py","95DE65A5B06027C606022DED73584C888C6E2DE4160E0EA928360155B490325E","compatibility.py=backup/SNS_24AutoProject+++0508삭제/.venv310/Lib/site-packages/websockets/asyncio/compatibility.py"
"3051","__init___543.py","94E3C2E33CF6DE00CBAFC90E5A3688383A160175A8AA4373760CA98D3681D391","__init___543.py=services/__init___543.py"
"3059","__init___230.py","944804374F74D11D0758D195475E378B7276B8213AC86223D2397F575202DB89","__init___230.py=services/__init___230.py"
"3072","__init___44.py","92A8DB8B57EA1D0032F423EA841813DCB7213D5D56699C329EAB92B4E5C93BA6","__init___44.py=services/__init___44.py"
"3076","__init___306.py","925342D11963180F1AD52B53DD07FAF0868A5C1D658DFE50BFFB60B674851F52","__init___306.py=services/__init___306.py"
"3077","_html5lib.cpython-312.py","9202E8326124836508D135E734C4C2989E53A53903FA012F7D7969638EA492FD","_html5lib.cpython-312.py=core/_html5lib.cpython-312.py"
"3081","__init___352.py","918D1AA2AFA5B9FFBF513F2F38FADBBF18DE57752B0A613CB4300D15EE643156","__init___352.py=services/__init___352.py"
"3084","__init___96.py","912127BF40380DB5EAB9777379FB68F118C267BB62FFCEDBE1BCA02514E11A0D","__init___96.py=services/__init___96.py"
"3087","__init___227.py","9100E49241A336506B31AC5C6905841BDD6656DD5147D82DD65C0619D0B834DF","__init___227.py=services/__init___227.py"
"3089","sbcsgroupprober.cpython-312.py","90A9F7F9AB7E5605796060DCB79372AEB780A37F6E91565FAA7F8A8CD85CA9BA","sbcsgroupprober.cpython-312.py=core/sbcsgroupprober.cpython-312.py"
"3098","gb2312prober.cpython-312.py","8F6C4954C72456803E3656D762F54E5B6E2FD11851E6AC29576BF8E7FD12ABEC","gb2312prober.cpython-312.py=core/gb2312prober.cpython-312.py"
"3102","__init___401.py","8F07CB8470F2FDEC718B0FB804B7C6480ED5A2B20F1291ED3E3951239764A668","__init___401.py=services/__init___401.py"
"3106","scan_tree_fixed.py","8E7104885635633E29BEF93E325B28BF9E4158BBB5A2ED084435087AA7A8F6C4","scan_tree_fixed.py=tools/scan_tree_fixed.py"
"3108","__init___220.py","8E25363CC95D5FC12AC070189FA68CC4AA9B192E872C1108D241319BA98CE0FC","__init___220.py=services/__init___220.py"
"3110","langgreekmodel.cpython-312.py","8E0542D496DDD6BFD99E7D9D56753A199DE4110A447FD2A98F0D6F1F579ECA20","langgreekmodel.cpython-312.py=core/langgreekmodel.cpython-312.py"
"3118","euctwprober.cpython-312.py","8CC48912A9F21706124C5E67976858DECA39B12718BCFE081EB2C380DD7792CD","euctwprober.cpython-312.py=core/euctwprober.cpython-312.py"
"3124","backup_network_log.py","8C35538FE12985C6AAB6311705D3988CC294DCCF31EE8C73683044AF11CCC1A2","backup_network_log.py=backup/backup_network_log.py"
"3131","__init___174.py","8BC7BD4E1F4EB37AA1C3DFFF18CC97B099851935BABAEB10F760006BF48D5CD8","__init___174.py=services/__init___174.py"
"3133","__init___343.py","8BAD89724442DF4BD5AA252E5B5B5D856CE89C50E8FC300708000077648C8AE1","__init___343.py=services/__init___343.py"
"3137","__init___92.py","8AEC329C6D606BCB71EA571BCB6A58525A1D9C75E4571341920A3DA7468B5553","__init___92.py=services/__init___92.py"
"3140","__init___251.py","8A6A267EC39670EA2EEF7C850747D9FD71DEBC4DA5F3F76C2134260B6488ED5D","__init___251.py=services/__init___251.py"
"3148","__init___322.py","8917FED883E70F07E66771DEB3884B703C576DAA0BE83E8184239DABF13813BF","__init___322.py=services/__init___322.py"
"3160","__init___548.py","87827999DB13431E3F5816D399703DD65B86E3613667C6A9702CEF49E1470288","__init___548.py=services/__init___548.py"
"3164","__init___52.py","86E04877D141B70EBC126A9A5712B9EBB82A328335A34F9B9396BC5340B74C65","__init___52.py=services/__init___52.py"
"3175","__init___571.py","85864E762F9734A2D9CFF2E98B88CCCE75408536746EA5046B3694542CB58A57","__init___571.py=services/__init___571.py"
"3177","__init___80.py","8554B5E3D1EE2E97016718AB79548F4194182472E6800AE545CB3B4933FB8406","__init___80.py=services/__init___80.py"
"3192","__init___224.py","835722D80F4D3DE037D6672705C9595D99D6E831A3D6C1F0CF9EC15202CD98BF","__init___224.py=services/__init___224.py"
"3204","__init___586.py","8276756BCAA1AD65550A569FEE51AA91255000F3E6F9C499DE4DF9DB97E8CDA6","__init___586.py=services/__init___586.py"
"3212","__init___136.py","81688159317C54F7F275D505876893FAE1CABFA3283D3EE533B31017B29525CA","__init___136.py=services/__init___136.py"
"3214","__init___60.py","811AE80BA5E8BA6B02AC4CDFEB36B11BE65A8D763F802F06EE329516A40113AE","__init___60.py=services/__init___60.py"
"3218","__init___506.py","80977DEAA5546EE0936D5638D73694DB0E0EFBF6B3D2B1FFA29F11FE53458DF6","__init___506.py=services/__init___506.py"
"3221","__init___347.py","805522BADCAF6AD8B3E3847404A6AA4D582F2E5C765CB1346EB34D27068430D2","__init___347.py=services/__init___347.py"
"3225","inject_securetransport.py","7FE18EC85D4AA9155BB521EA996F9490B8C1A21BB2A68A5812636BBD28F7A98F","inject_securetransport.py=.venv/Lib/site-packages/pip/_internal/utils/inject_securetransport.py"
"3227","eucjpprober.cpython-312.py","7F7DA60271CD0BD591E81E2BFF447ECA3948E7EA4F13BE8FACE65D61F2A517CA","eucjpprober.cpython-312.py=core/eucjpprober.cpython-312.py"
"3234","__init___511.py","7E2A1F6BA3685642B4E965B2B9A5402A1D4CF07365AB1E0440633A75951BA63F","__init___511.py=services/__init___511.py"
"3235","scan_tree_hashname_only.py","7E277651D131ED715FA0B3CB4052C0BD50F7451A2189CFCC16D0DCFF83CD32CC","﻿# scan_tree_hashname_only.py=tools/# scan_tree_hashname_only.py"
"3246","__init___242.py","7CC6827660264F707BFE6F6F430C2013C60567F3740369B73B92BA7103C1A37C","__init___242.py=services/__init___242.py"
"3253","__init___358.py","7C0BD0C6876668354032CBE45C51DEB9427BBC9B202FCBA9CFBAD072271124B7","__init___358.py=services/__init___358.py"
"3265","__init___142.py","7B3209BF43C90A7C93E2835F52DCBD58F729CA7BB478AE60BAEED23728D5DF4B","__init___142.py=services/__init___142.py"
"3267","__init___566.py","7B217E0BFFDE86CE7681A9424EE8DC86637DAA127AAC3104BB6A5945EA6DC721","__init___566.py=services/__init___566.py"
"3277","__init___46.py","7A2C80060EDA648F46EA721F25BA301F4858F854ED638BE817B0FD68D5F4EA33","__init___46.py=services/__init___46.py"
"3285","__init___300.py","7977DD38DF884C60158E9A6B9E36D90BD92F728EDCF9A02895CDFBEC3DA5A961","__init___300.py=services/__init___300.py"
"3286","__init___55.py","7973C980182854BDF27209F14578A7748F78A851DC7C796A3E2F830638804644","__init___55.py=services/__init___55.py"
"3287","__init___568.py","794B7C049B68765030738C057B38B8BE030439ED19115F63EB3264CE98C61F97","__init___568.py=services/__init___568.py"
"3290","johabfreq.cpython-312.py","7908F0198719576F75F11113E44A039769276DFDD7AF258E402C4D2E64A2EF0E","johabfreq.cpython-312.py=core/johabfreq.cpython-312.py"
"3291","__init___340.py","790616FBD5712AA6696139409FC79623E0CD24F7345AA67214B0B974FC803084","__init___340.py=services/__init___340.py"
"3292","__init___354.py","78D497B9FE9B28AB92CD08092A22A8F86D9869331A154CD60CA2338C1D8BCB68","__init___354.py=services/__init___354.py"
"3294","__init___366.py","788D5813A37EBE66CA547A0789B1137A8164F678B15AFF38E5B6085030833362","__init___366.py=services/__init___366.py"
"3297","__init___182.py","78097198CA76C947285686D8CA8F0E99D250C2A0A3955C458B18568B63FFC9CC","__init___182.py=services/__init___182.py"
"3300","__init___493.py","77D314C7ED55FEA0F7C7D8A0232E094F8A02E42534CA3BA593B4326567911618","__init___493.py=services/__init___493.py"
"3301","mbcharsetprober.cpython-312.py","77D14A7FFE4F8D0F6830D90B21DEB9FE487EFEFA6E96EA5FCEBCF497943EB37B","mbcharsetprober.cpython-312.py=core/mbcharsetprober.cpython-312.py"
"3310","sjisprober.cpython-312.py","7756FFD3BE31A65EE51D4747D1FE73B76CAEA6BE02FF8E83C11C56D039445A58","sjisprober.cpython-312.py=core/sjisprober.cpython-312.py"
"3320","__init___297.py","75F708EB29A1C12BE5AFE07FE17B8818387FEC24E3471E5756DC0D3B15D47634","__init___297.py=services/__init___297.py"
"3327","mbcssm.cpython-312.py","755661F14C2F6971B863EE6574FE7E074843C5B098726F64154B0F204F11CCE0","mbcssm.cpython-312.py=core/mbcssm.cpython-312.py"
"3343","__init___307.py","73A04B6B563506377D9F2A3850AD9368EB0CD5D2C0A0FF5FCF09C2E90D20848A","__init___307.py=services/__init___307.py"
"3357","escprober.cpython-312.py","71EC3EACC5577A9414101DFE21C165CC720DDAE7AF049530B45862CD1BE132E5","escprober.cpython-312.py=core/escprober.cpython-312.py"
"3362","webhook_sender.py","718B1F1220D8B84D59A0B279C147AC646A979F0679F65C117DAF050A65E1DB68","webhook_sender.py=backup/SNS_24AutoProject_FINAL_20250516_1002/modules_unused/webhook_sender.py"
"3365","codingstatemachinedict.cpython-312.py","713D9E5A665CD577B5CD54E28239B62B11C51EB78EC642859D8C6E2A769C7E2C","codingstatemachinedict.cpython-312.py=core/codingstatemachinedict.cpython-312.py"
"3370","__init___196.py","7058BD5442C31C173152D5BBD0D40F604DF7CDF566B78AEFD17DCA2058A42743","__init___196.py=services/__init___196.py"
"3371","__init___373.py","701E488CF7D17CB317F88111E27E0BCA32553CEF7A197E571290230B871ADC4E","__init___373.py=services/__init___373.py"
"3375","__init___499.py","6F7DF025B5EE5617DCB6EBD6388C480FC6B26CD2D4F81EC8714EEEE09B999984","__init___499.py=services/__init___499.py"
"3391","__init___246.py","6E7DBBDFDD810CF72BD45BA385D3807E9911F82F73B873E47FE004C6160B3679","__init___246.py=services/__init___246.py"
"3394","__init___57.py","6E2CA7FFC01B9941953C5BC20C8D551E95B61AD6A7242C15D1E2F44B514CF467","__init___57.py=services/__init___57.py"
"3411","__init___236.py","6C9679FDCD4457A423FB7C18D635F8520D89F8387755DFDC0BD9358EA3258883","__init___236.py=services/__init___236.py"
"3412","universaldetector.cpython-312.py","6C82441C56C57A3B443F297A8AF417B30D98F7749D77D2EE12914A93E4890484","universaldetector.cpython-312.py=core/universaldetector.cpython-312.py"
"3419","__init___536.py","6AE8006D92BE52CF9D8F9EB5718FEFD0FE13FEACB2EA829BCB6C9024EE543C13","__init___536.py=services/__init___536.py"
"3435","enums.cpython-312.py","68DE755884DCBBC424F3FA7729CFC49096417D27118A1DA80860FF9248AD7EC4","enums.cpython-312.py=core/enums.cpython-312.py"
"3437","__init___349.py","6874C11D75EE9FA9F479C76EB3C4E806F86CFB86628A7DB81EE35B27D657137A","__init___349.py=services/__init___349.py"
"3447","__init___59.py","671ABC62358B11208B22E1CF5E9ED9B1E607D9F9A8AE7F25638306E89598D945","__init___59.py=services/__init___59.py"
"3448","filter.cpython-312.py","67196E98DC9861302F86072EDC62E0BDBA110C002DA3A3279356E560E31E391C","filter.cpython-312.py=core/filter.cpython-312.py"
"3450","__init___77.py","66FEB4B3646E6E22F91ED29E8E2166468DD91A3457AC05B1D24E7542F2194690","__init___77.py=services/__init___77.py"
"3453","__init___144.py","6602A6E7AA4C4A5F56D3D957EB1313BAFCB1A5AB1638E7D08BE721A6175EDFCB","__init___144.py=services/__init___144.py"
"3465","__init___497.py","642BF13E1D1D3A900BCA1379B54F0CE0CF755BFBFDF951C19A7EB77B9A430329","__init___497.py=services/__init___497.py"
"3476","__init___361.py","62F744F147FDB2ED103FF6916182578A5327AE4593F16DA6D1DC5B14F30C832C","__init___361.py=services/__init___361.py"
"3480","__init___79.py","626F897CC50CB85B858A8D2F22AF4C84C52F8D276117B602B1DD19620D238F54","__init___79.py=services/__init___79.py"
"3486","__init___524.py","61B51628B0EE51277E35DA811159A28DC706BD717A24168DD68299F126956E93","__init___524.py=services/__init___524.py"
"3488","languages.cpython-312.py","618685F8880E86D03B19D08B1E243154C71C517C258D276F388024B01DDE94E1","languages.cpython-312.py=core/languages.cpython-312.py"
"3490","__init___503.py","616288E1E91BB4034410D33480A4366CF529BA46787F268C73C4E7539F3A241D","__init___503.py=services/__init___503.py"
"3503","__init___574.py","6047C987514C628446AE4510751A41AC1425BC318A7C64650B99E2D6678C8CF2","__init___574.py=services/__init___574.py"
"3512","__init___323.py","5F773B98C79ECD0FE811694D2FA29891AD94A299F80F2AA1207AE7C2DEA62760","__init___323.py=services/__init___323.py"
"3528","recovery_launcher.py","5DE87EA8CD00BF7F961ED0F1E7C7D47C5987069EA80758BDC242517CA759B63A","recovery_launcher.py=recovery_launcher.py"
"3529","backup_env_log_6.py","5DDA5047226AEAEA8079CCE8B7A419B6A3249DB6BE33970E3F54DB335C92BE0F","backup_env_log_6.py=backup/backup_env_log_6.py"
"3535","__init___135.py","5CFAEFC260654426809F81B39646D17FA29793651033E8919DBEE0EE94D037B7","__init___135.py=services/__init___135.py"
"3538","__init___138.py","5C91075094D9D20DF6D73F6F6788D664CD844E5E386C0F181BD9EA5F2C76015D","__init___138.py=services/__init___138.py"
"3541","__init___357.py","5C3AF91E5E9B00850972E78F89873513E81A4486F81A607721157969A32B2245","__init___357.py=services/__init___357.py"
"3546","__init___239.py","5BBD4C8CED714604F5D61D82998924E725C52EA88E2B33FD9799040C4F7790A0","__init___239.py=services/__init___239.py"
"3547","messages.py","5BA63E0591E0CAE43A854443B19DA2B5EC22E6500C27D95DED7D300255766649","messages.py=backup/SNS_24AutoProject+++0508삭제/.venv310/Lib/site-packages/websockets/sync/messages.py"
"3553","__init___247.py","5B4C7D01FE59EE0FA0CAA8A58199653B4A04784D45987CDD45E8D812369FF9A1","__init___247.py=services/__init___247.py"
"3571","__init___67.py","5995BFA781EA596923EA602FF56DBFC941E047C2B81DF8C3E1C8C335ADE97B6E","__init___67.py=services/__init___67.py"
"3578","__init___515.py","5889C3DF00D0C82639C6006C821D99286F85DDBDEB451FEE8DF12E59ADD86F3B","__init___515.py=services/__init___515.py"
"3593","__init___156.py","56BD36C9B6FCF63EF4CF77BA6B57D39B8CBA791A6A0B73086A4388EA936D1CAD","__init___156.py=services/__init___156.py"
"3605","__init___588.py","552E6644FEE84B791709C5D7EC5DEF3D42E65CF162E1573229B9EFF0B935F0C6","__init___588.py=services/__init___588.py"
"3618","__init___49.py","53BD44B9A64157BF93AE9182E4B70943CA14DA6ADB5CE0374E178E9035FBEFC4","__init___49.py=services/__init___49.py"
"3628","__init___400.py","522B598F5EC342A8DFA397593B6DB63DB8F766CBEE4ADDDAE7D31485FDDE1561","__init___400.py=services/__init___400.py"
"3631","__init___82.py","52069AEEFB58DAD898781D8BDE183FFDA18FAAE11F17ACE8CE83368CAB863FB1","__init___82.py=services/__init___82.py"
"3633","__init___538.py","51E8FA104724E12D594E69F240C89852D13F31A0B71CD783DA9C82EDA756527C","__init___538.py=services/__init___538.py"
"3646","__init___490.py","50902AD99F2D495C9F5E81AD5DB37353B29B0F508C2225683BACD376CE77C030","__init___490.py=services/__init___490.py"
"3651","__init___310.py","503BB3F7D645F8E19204F1BE93A44080FBCE96699363F9FBBF85936C153EBB20","__init___310.py=services/__init___310.py"
"3661","__init___389.py","4F0851DBF4A1BBB6382C25E44447B1A4C6304EA44CAF1AA2410A9AB300EAC090","__init___389.py=services/__init___389.py"
"3669","__init___303.py","4E0C5E00EE8C9C14EE2A0164B7D6C7E6EA9DF694329E8EE5C025B94A6344C06F","__init___303.py=services/__init___303.py"
"3675","jpcntx.cpython-312.py","4D5D459C2406FB43B58875A9B5EF12CDD6AA772B9C28260D1E4E04BE4068944E","jpcntx.cpython-312.py=core/jpcntx.cpython-312.py"
"3677","langhungarianmodel.cpython-312.py","4D4E3D01807436434273E85FD3AD07BCB4276296C4C8469A36CAC532B0525220","langhungarianmodel.cpython-312.py=core/langhungarianmodel.cpython-312.py"
"3682","__init___65.py","4C83AA63D8E48DD34B26B31B82D76F64FFB2BB023FF1E5DF8C6F4EA6841D616D","__init___65.py=services/__init___65.py"
"3688","version.cpython-312.py","4B9CB7DDF56DBC61783F2FB1048427523CE2D66EBB515F8DFA07C50FE6A913F5","version.cpython-312.py=core/version.cpython-312.py"
"3709","__init___314.py","48C33AF40F94CD7E4B0FA2714985CEF8CF6DE20AF0CD172A4805D7B8C5393D26","__init___314.py=services/__init___314.py"
"3719","_lxml.cpython-312.py","476D4E5848EAA1574FDF23253DFC0E2F544A2E733DB58A39C235A46391DCB22E","_lxml.cpython-312.py=core/_lxml.cpython-312.py"
"3723","__init___569.py","46FB0BC085AD9E9CE40E08FA59243A5D60D64AC495E17386F6640A73A038EF62","__init___569.py=services/__init___569.py"
"3724","__init___570.py","46D97B5D981D4320C5BAB39FE2EF53587F1433CF98EA9342F667CDD503F93596","__init___570.py=services/__init___570.py"
"3727","collections.py","465BDB2ED08FA0B6E8545D566DC9B8EFC68A57DD4CD8CDF502DA91BA1B7EF96C","collections.py=backup/dele0527/collections.py"
"3735","__init___45.py","4582A18558BBAAD43F6017DD2B7A7A51C5549216116DBA94722977F0886971A3","__init___45.py=services/__init___45.py"
"3739","__init___64.py","4497C091F192B24A803E645E6C3964F5DDC1AA6B689A8B1C359027A672216028","__init___64.py=services/__init___64.py"
"3743","__init___545.py","43DF72DB850E5F5751D022BDF01D02DFA07C7A6E10645A73E80F1ECCD2B02511","__init___545.py=services/__init___545.py"
"3755","__init___356.py","41DA6C48CFCC7A920A8D79E21582840A3BD6D68419AD78CC066DE4E05FCE7E24","__init___356.py=services/__init___356.py"
"3767","__init___345.py","40A7D6A5AFE03C9BC6BE5EDDD4B5BC8993373180572285EDEB2A4876DF07019E","__init___345.py=services/__init___345.py"
"3768","__init___219.py","408F806C8420F6E7A41FD60C4A52ED3DE86190654974940AEFE896C50AEA9B7A","__init___219.py=services/__init___219.py"
"3789","mbcsgroupprober.cpython-312.py","3E1417F0C539D082EB51BD73262AF90406BDCAD7EE813BE0C3399FDD502D83AC","mbcsgroupprober.cpython-312.py=core/mbcsgroupprober.cpython-312.py"
"3804","__init___304.py","3B9079A3FEFE1FF42DF0CFBF8456AE78B0CA6545BC3C92A6DDEC8F967EA6D9B9","__init___304.py=services/__init___304.py"
"3805","framing.py","3B8C7782773EA13F1250582A195CB19F00430959BAD67AAC1977BB62EB7AF07A","framing.py=backup/SNS_24AutoProject+++0508삭제/.venv310/Lib/site-packages/websockets/legacy/framing.py"
"3808","__init___154.py","3B61886A95C5A9ACDA0CF426F911C866C08523EA24D4613D1F9E5266B0C15F78","__init___154.py=services/__init___154.py"
"3816","copyreg.py","3A982B989890A3AC54C7B3DB576749B7097C5F8898FE8726EA58D55E8913AD47","copyreg.py=backup/dele0527/copyreg.py"
"3817","__init___245.py","3A47374B4775D44C9F174CD0D8C5C46054C52320111F3146AA7F527A603C1577","__init___245.py=services/__init___245.py"
"3818","__init___9.py","3A4667BCD8C481C2BA68D10FB386F1F5D14543FB7A78E72CD1BB9A4E1B5FCB10","__init___9.py=services/__init___9.py"
"3823","__init___223.py","39D51B570ABAD5B710A7145522497B233BAE486FAD3CE900B1B8BBB48F2315A5","__init___223.py=services/__init___223.py"
"3825","__init___573.py","39859BE620A1983F8364ED277C69ACEFAA9C97CED9C3A4819B3303CD1FB7BF1E","__init___573.py=services/__init___573.py"
"3829","charsetprober.cpython-312.py","3901646A6EE2C3445A315283D5A88272C110D2160DBA5DC54A1167B07F32D165","sbcharsetprober.cpython-312.py=core/sbcharsetprober.cpython-312.py"
"3843","__init___254.py","3788D6C720509200933F085E4F336E3C4BFD2B08AD597B1EC819B1C79A6CC28B","__init___254.py=services/__init___254.py"
"3844","__init___398.py","3770B93D3388178D269AA2FE24D98AC1BEFA11A625634345C7F8213CDCF1E77A","__init___398.py=services/__init___398.py"
"3846","__init___176.py","37681EC52F2DF0CE05CED83878599E69E5423B965C49420E9BA9C9B229C4E75D","__init___176.py=services/__init___176.py"
"3850","__init___62.py","37308933DEFE64B6CC786C9FE202A3381A2D8741BA36706533B33CB4C22D376F","__init___62.py=services/__init___62.py"
"3864","__init___95.py","35CB6BA9A5A6E4F45078EBFAA7A85EFFB1DE84CE89B74693DBAE6A8C8ADEDC8B","__init___95.py=services/__init___95.py"
"3875","__init___98.py","35109FE0BE66C1129894BF74BBE6BEEEEB9344A95A4B166E2523D4B20ACDCECC","__init___98.py=services/__init___98.py"
"3877","__init___143.py","34E02E6C25738A65E598568D3FBB01BF63C33CB4D5AF309D17BC3C1B89DBCEE9","__init___143.py=services/__init___143.py"
"3878","__init___386.py","34D8713F459B01C8818D7BFA4B0683D5BD40266BB2257D92AE6AEFC7485719FE","__init___386.py=services/__init___386.py"
"3879","__init___248.py","34D1ABE54FBC8D27C6A5E44889EBAF61BDB04F1CFB53249F709C521A545A6BEC","__init___248.py=services/__init___248.py"
"3880","__init___315.py","34B17185A767E75DD30177FC920560B82BE6CB35E73F5269567349B6A7C4AD7E","__init___315.py=services/__init___315.py"
"3883","__init___228.py","343F3693F2B4231074748B8193411DBA86B8FC469D688CD54B43EFB514B8A5C1","__init___228.py=services/__init___228.py"
"3885","__init___249.py","342C344D5EE3CBA9AF385C08326561648811366BFF97E032E9BCE74B9CC389C9","__init___249.py=services/__init___249.py"
"3892","__init___83.py","32D649FEF124AC779AA4AC6A0CF379F280BF618704CD0D783A23F2D17FB24CB7","__init___83.py=services/__init___83.py"
"3898","__init___311.py","3259B49B578E485F2ACE94E9A766AEB77B7FB89A58835CC7AFE30507474D5128","__init___311.py=services/__init___311.py"
"3905","__init___576.py","31B325918FA78B0AB1637B63B8841C40BA54D1B2EB6A28104D8528314FE8DDE4","__init___576.py=services/__init___576.py"
"3908","__init___150.py","312CDD0720CA0223D7D0F6E955B26E35F55A725278DDFF1EBBA055B26B68F78E","__init___150.py=services/__init___150.py"
"3909","__init___578.py","311D5B47FF77C03146CA5045A77C9F14F53C7E612489666BCFA94B89001189DB","__init___578.py=services/__init___578.py"
"3911","__init__.cpython-312.py","30FBE89F42ADF539A4AE3398EB677DD6316F991CD4C0C189CFDDCDA6E846D81F","__init__.cpython-312.py=core/__init__.cpython-312.py"
"3913","__init___502.py","30C015D26CA3382E886B3DBBB9EE21E54A456D8783F765059E0857E62A048EE7","__init___502.py=services/__init___502.py"
"3934","__init___584.py","2E8A35B7280D321A89D9769C4BAA58FC6B793368E60C989FB94757923E9FEA76","__init___584.py=services/__init___584.py"
"3936","__init___85.py","2E725071F5BAC2ED60F24F7C613098DC1574C8035368F771AAEEF54937B95E4F","__init___85.py=services/__init___85.py"
"3946","__init___53.py","2DA50D8BCFAB8C36CF13999BF000D62B6667284D87BD16FC5E699D317404FAE2","__init___53.py=services/__init___53.py"
"3951","__init___508.py","2D37B7217D7FDE2BFA0205897551760ED6FBEF669A171AF6C440240A6A91B588","__init___508.py=services/__init___508.py"
"3958","__init___313.py","2CA4B53EE30310F8D81026EE6A8A6D0B50E9585373E92A2DD23C3E55076E58A7","__init___313.py=services/__init___313.py"
"3960","__init___572.py","2C7F6EC81A189906A44EE9491F71E691FFCE5A88D7B056BC69DF137676CF1903","__init___572.py=services/__init___572.py"
"3980","__init___238.py","2AD7D32BFCD622B5234CA3E15F07E2525FCC0FE73CBAC17E60B210BF1A5707ED","__init___238.py=services/__init___238.py"
"3982","__init___544.py","2A7E8B38E9304692087BECEF0F63D4FB3E603D31605242C6C6DED4370500B143","__init___544.py=services/__init___544.py"
"3987","__init___61.py","29B8AC8559A40EAFC146BB6C48B5952453ED6D970DC994D3045EECCCC0D571B4","__init___61.py=services/__init___61.py"
"3989","__init___84.py","29A018D53663B7AB7E7EA0565C287ABC0AD108F8099E8DC85FCE727A91ABF984","__init___84.py=services/__init___84.py"
"3999","__init___360.py","28E88D4173EE869B314B5F319E4E38755DE86AE2607421DA06C6A8AAEBC3C6C4","__init___360.py=services/__init___360.py"
"4016","__init___546.py","266DFC6BF35AB27212A27C13121B20EF6E4D17F9846F4B7413C224D68E5A89A9","__init___546.py=services/__init___546.py"
"4035","datastructures.py","2475323EA34900213DF79ED2940327614EE59663F544310530319044A66EBC30","datastructures.py=backup/SNS_24AutoProject+++0508삭제/.venv310/Lib/site-packages/websockets/datastructures.py"
"4040","__init___234.py","23D879B6DE97CBA5D6BBD115ECB09EC4258357F82FA64C0528DA024480D8DCF0","__init___234.py=services/__init___234.py"
"4041","__init___56.py","23A544F9EC4970275F3AEB65AF533F34029A9039B72E1A821C9D88F3F0D1E9F7","__init___56.py=services/__init___56.py"
"4067","__init___93.py","200290F77EEE1CB7F34208F32CDD574CE8959906B3FCF36C491F1966B2006F7B","__init___93.py=services/__init___93.py"
"4068","reactor.py","1FFEDD7447A17239B866AF5795B6E2511B6084A278EFADF26455E7B01E1F1C72","reactor.py=backup/SNS_24AutoProject+++0508삭제/.venv310/Lib/site-packages/undetected_chromedriver/reactor.py"
"4081","__init___70.py","1F5F9DBF30CF46EE3E35DB286996BD56FCAB044E3567BB20EE587EF38AAF66E1","__init___70.py=services/__init___70.py"
"4091","hebrewprober.cpython-312.py","1E46B93D0DC5CB6E1C8B3D148C89A5A6A0D387098282850D3B9C81F9F2CF7804","hebrewprober.cpython-312.py=core/hebrewprober.cpython-312.py"
"4094","_typing.cpython-312.py","1DFAEAE269273B2CA164F835E96EBDDFEDDEACD0822AAAFF0B74D51D4E14FD88","_typing.cpython-312.py=core/_typing.cpython-312.py"
"4095","__init___587.py","1DD41A4213959024794495512971B95E66FA70CA4084B68A8118A4611CCEEB81","__init___587.py=services/__init___587.py"
"4096","utf8prober.cpython-312.py","1D9737A7B789DEC2E969E696E08AD65916F4D10A6BCC17168B2FB73E8905BCA4","utf8prober.cpython-312.py=core/utf8prober.cpython-312.py"
"4103","element.cpython-312.py","1CBFAE81B7471924E61105E9222031D3DD5B1BCD8192AFDF9DC1113C236B0821","element.cpython-312.py=core/element.cpython-312.py"
"4105","share_post_module.py","1C8E2CC872D83273AE6DA57C98F93150281DC4B3434F31FB05802F0983938F09","share_post_module.py=backup/SNS_24AutoProject+++0508삭제/modules/actions/share_post_module.py"
"4108","__init___213.py","1C1E75AC57ABAEAA1B636918AADC5E30226F8EB09644A08C9AAF5AC0E3CDFEFF","__init___213.py=services/__init___213.py"
"4124","__init___68.py","1A2B0FF393D50896D04E8A0B7DF6341042C195E549E9AE10213DE1FCBF3CB187","__init___68.py=services/__init___68.py"
"4128","gb2312freq.cpython-312.py","19AFFBBBD3765183233CF60BD689B1D2A654A754EDFB4B92300F898627786F6C","gb2312freq.cpython-312.py=core/gb2312freq.cpython-312.py"
"4132","__init___91.py","1905BB70A3687FC3BC75961B7CD385FF38A4AD88AFE064D2EB21F86822BE56A1","__init___91.py=services/__init___91.py"
"4136","__init___243.py","1886186C820ACAD88BCC0CC0F739DF9FC8D2911CF87BAD7F94D60D7AE577076B","__init___243.py=services/__init___243.py"
"4142","_deprecation.cpython-312.py","17D7BE023FA651C528E950168405CC06D54672F1B5303AF72708DAF15104F058","_deprecation.cpython-312.py=core/_deprecation.cpython-312.py"
"4152","__init___367.py","16D7DCCF1B36956C7E00424D9FD1EE8117649F75B5BE4439FDF907F3A8906685","__init___367.py=services/__init___367.py"
"4156","https_debugger.py","16217246FA761E8FAD34D1152C812F5D862A42B03D1025D76657FBACFF2790D4","https_debugger.py=backup/SNS_24AutoProject_FINAL_20250516_1002/modules_unused/https_debugger.py"
"4158","bdist_wininst.py","15FF0FEB5662CB5A6488691F1A0059340855057FF0A0E03C2CAD66A3E494F715","bdist_wininst.py=backup/SNS_24AutoProject+++0508삭제/.venv310/Lib/site-packages/setuptools/_distutils/command/bdist_wininst.py"
"4159","__init___47.py","15F2B26649785A3F1F01368FDB4A5B937551A89F5B7A0A6CA16EEF713BC8CF87","__init___47.py=services/__init___47.py"
"4166","__init___155.py","152EC4E923CD6DD3F052191DFA90D25B7C32150BBCF76C1113002F3EAA7522B5","__init___155.py=services/__init___155.py"
"4168","backup_command_log.py","15238537EF0D1BF4DC6999066F572875B04C9D02081390555A4871E0D6FE34B8","backup_command_log.py=backup/backup_command_log.py"
"4181","router.py","13A8758AF2D433D0EC9074019FB2D665086F577C9B62A705204A6C438525943F","router.py=backup/SNS_24AutoProject+++0508삭제/.venv310/Lib/site-packages/websockets/sync/router.py"
"4190","social_action_module.py","1247CAF3FFE3169723C762535D8A6DAF83CFA78124538240B4FA414FAAEB133E","social_action_module.py=backup/SNS_24AutoProject+++0508삭제/modules/legacy_refined/social_action_module.py"
"4192","__init___540.py","11C816C31304A20961ED7A3F8C037BF6CAE3C8F335BC8B22BDA0D2014B415D43","__init___540.py=services/__init___540.py"
"4194","__init___134.py","119CE12755ED25208EF08A38BD81D0BA93D42975823686289BCF32FE332F8A24","__init___134.py=services/__init___134.py"
"4204","permessage_deflate.py","10D5819DDB0198F4B60F0E7060A9DAFDC03B129D3BAB4C7BE9A0EC16804EB4E5","permessage_deflate.py=backup/SNS_24AutoProject+++0508삭제/.venv310/Lib/site-packages/websockets/extensions/permessage_deflate.py"
"4215","__init___66.py","0FFACFB052B622E7AAE9D748982B6AE90CC0F73FCAB88CB74009EE460D16E714","__init___66.py=services/__init___66.py"
"4232","__init___69.py","0D5F8A7415F5B9BBF63508770F59FD51D3DD84023AE2AA6E9851FCCF26355006","__init___69.py=services/__init___69.py"
"4233","__init___157.py","0D5B4E6FB19838D76AB2FCF082CDC2630D7F6A01BC0D2F2275E8A622B023F6B7","__init___157.py=services/__init___157.py"
"4237","charsetgroupprober.cpython-312.py","0CC93F7D48A98A2C5711E8C3CABD0B65694E36BD3C0F317346B76201120ED188","charsetgroupprober.cpython-312.py=core/charsetgroupprober.cpython-312.py"
"4240","__init___133.py","0C8D874C2EF862A92C35CA6D87F9B414E200AF55D12BBBA87EB9A6F33FCE9D47","__init___133.py=services/__init___133.py"
"4249","__init___253.py","0ADFBB60E19A36F53BFE4838B1CA1F0372D51BD852D353D032AF5C0CAF4695E9","__init___253.py=services/__init___253.py"
"4252","__init___341.py","0ABDA683F32F8C1262CD0F6D406CAE57D83F43CFD67C46DEB7148F95018DB581","__init___341.py=services/__init___341.py"
"4263","__init___158.py","09A30CD0D2D4D2A689E8C19F5389858A106D2D123BA9D349A717A25053C80D01","__init___158.py=services/__init___158.py"
"4264","__init___141.py","094616E00CDDD4B4F164D7E8AA0EA6E08A82C4C4D0630948B459F19347090CB6","__init___141.py=services/__init___141.py"
"4266","__init___488.py","08AF5C65054BC9EBB6EFE0D06A2CE85B197A22C668D4837973DDDC41E9D74E36","__init___488.py=services/__init___488.py"
"4269","__init___140.py","0857890E6DB7C0BE4CBCBB0806E6250FA671DF1F1C15EFA7D59166D697B4B9EF","__init___140.py=services/__init___140.py"
"4271","__init___516.py","083086D2C556220DC470F54456E15BB34B4669FE2B2D776314EC3B9B49F09362","__init___516.py=services/__init___516.py"
"4286","__init___567.py","069D8127BB61310602C345609730B7DF082ECFF0160FAA847EA53840F29AB985","__init___567.py=services/__init___567.py"
"4300","langrussianmodel.cpython-312.py","056BFF3561ECA3EE56FA1593E2E3ECCFE0803CA1F3513E8B7B3FBA9376C6CD3C","langrussianmodel.cpython-312.py=core/langrussianmodel.cpython-312.py"
"4306","__init___363.py","04D2705B16131FDEDAC8C076FA4A386A3383157365415FDF2783C9C2FFE3C041","__init___363.py=services/__init___363.py"
"4310","__init___581.py","04409A45A42F8C38C436E898A24928F14F021320AAC8DF16C8ABB38927E0EACA","__init___581.py=services/__init___581.py"
"4315","crawler_facebook.py","03F1DE85F17E7F68C294818BF35F1D2537693B512258D93C6603D6DD56784A48","crawler_facebook.py=backup/SNS_24AutoProject+++0508삭제/modules/crawler_facebook.py"
"4328","_htmlparser.cpython-312.py","0225B223818E1558958E614D0121E1F32FF70C7D6104D4D28C7201622A80E967","_htmlparser.cpython-312.py=core/_htmlparser.cpython-312.py"
"4342","__init___99.py","002194751C6FE97B0697FB5B90DB62DC3A09B4C5CAF3442E9FABD14B949F20F0","__init___99.py=services/__init___99.py"
