"File","EOL"
"C:\SNS_24AutoProject_250723\configs\recovery_config.py","LF"
"C:\SNS_24AutoProject_250723\configs\settings.py","LF"
"C:\SNS_24AutoProject_250723\core\add_docstrings.py","LF"
"C:\SNS_24AutoProject_250723\core\db.py","LF"
"C:\SNS_24AutoProject_250723\core\run_engine.py","LF"
"C:\SNS_24AutoProject_250723\core\task_router.py","LF"
"C:\SNS_24AutoProject_250723\data\exported_data\export_all_logtables_to_excel.py","LF"
"C:\SNS_24AutoProject_250723\data\exported_data\export_all_tables_with_datetime.py","LF"
"C:\SNS_24AutoProject_250723\data\exported_data\export_all_table_row_counts.py","LF"
"C:\SNS_24AutoProject_250723\data\exported_data\export_logtrace_to_csv.py","LF"
"C:\SNS_24AutoProject_250723\data\exported_data\export_log_summary.py","LF"
"C:\SNS_24AutoProject_250723\data\exported_data\export_log_summary_csv_with_datetime.py","LF"
"C:\SNS_24AutoProject_250723\data\exported_data\export_session_results_with_datetime_excel.py","LF"
"C:\SNS_24AutoProject_250723\db\init_check_create_logtable.py","LF"
"C:\SNS_24AutoProject_250723\db\init_user_table.py","LF"
"C:\SNS_24AutoProject_250723\db\init_user_table_2.py","LF"
"C:\SNS_24AutoProject_250723\db\init_user_table_with_role.py","LF"
"C:\SNS_24AutoProject_250723\db\init_user_table_with_role_2.py","LF"
"C:\SNS_24AutoProject_250723\db\insert_command_log.py","LF"
"C:\SNS_24AutoProject_250723\db\insert_command_log_6.py","LF"
"C:\SNS_24AutoProject_250723\db\insert_disk_log.py","LF"
"C:\SNS_24AutoProject_250723\db\insert_disk_log_6.py","LF"
"C:\SNS_24AutoProject_250723\db\insert_env_log.py","LF"
"C:\SNS_24AutoProject_250723\db\insert_env_log_6.py","LF"
"C:\SNS_24AutoProject_250723\db\insert_function_log.py","LF"
"C:\SNS_24AutoProject_250723\db\insert_git_log.py","LF"
"C:\SNS_24AutoProject_250723\db\insert_git_log_to_db.py","LF"
"C:\SNS_24AutoProject_250723\db\insert_git_log_to_db_6.py","LF"
"C:\SNS_24AutoProject_250723\db\insert_network_log.py","LF"
"C:\SNS_24AutoProject_250723\db\insert_network_log_6.py","LF"
"C:\SNS_24AutoProject_250723\db\insert_session_result.py","LF"
"C:\SNS_24AutoProject_250723\db\insert_session_result_6.py","LF"
"C:\SNS_24AutoProject_250723\db\insert_viewer_user.py","LF"
"C:\SNS_24AutoProject_250723\db\insert_viewer_user_2.py","LF"
"C:\SNS_24AutoProject_250723\decorators\log_trace.py","UNKNOWN"
"C:\SNS_24AutoProject_250723\launcher\main.py","LF"
"C:\SNS_24AutoProject_250723\locator\hash_file_locator.py","LF"
"C:\SNS_24AutoProject_250723\modules\actions\add_friend.py","LF"
"C:\SNS_24AutoProject_250723\modules\common\instabot_env\lib\python3.12\site-packages\numpy\f2py\setup.cfg","LF"
"C:\SNS_24AutoProject_250723\modules\common\instabot_env\lib\python3.12\site-packages\numpy\_core\lib\npy-pkg-config\mlib.ini","LF"
"C:\SNS_24AutoProject_250723\modules\common\instabot_env\lib\python3.12\site-packages\numpy\_core\lib\npy-pkg-config\npymath.ini","LF"
"C:\SNS_24AutoProject_250723\modules\common\asyncio_custom.py","LF"
"C:\SNS_24AutoProject_250723\modules\common\audits_1.py","LF"
"C:\SNS_24AutoProject_250723\modules\common\backup_full_db.py","LF"
"C:\SNS_24AutoProject_250723\modules\common\backup_trace_log_db.py","LF"
"C:\SNS_24AutoProject_250723\modules\common\bluetooth_emulation_1.py","LF"
"C:\SNS_24AutoProject_250723\modules\common\browser_2.py","LF"
"C:\SNS_24AutoProject_250723\modules\common\browser_3.py","LF"
"C:\SNS_24AutoProject_250723\modules\common\browsing_context_1.py","LF"
"C:\SNS_24AutoProject_250723\modules\common\commondialog_1.py","LF"
"C:\SNS_24AutoProject_250723\modules\common\commontypes_1.py","LF"
"C:\SNS_24AutoProject_250723\modules\common\common_18.py","LF"
"C:\SNS_24AutoProject_250723\modules\common\common_19.py","LF"
"C:\SNS_24AutoProject_250723\modules\common\common_20.py","LF"
"C:\SNS_24AutoProject_250723\modules\common\common_28.py","LF"
"C:\SNS_24AutoProject_250723\modules\common\common_29.py","LF"
"C:\SNS_24AutoProject_250723\modules\common\common_3.py","LF"
"C:\SNS_24AutoProject_250723\modules\common\common_30.py","LF"
"C:\SNS_24AutoProject_250723\modules\common\common_31.py","LF"
"C:\SNS_24AutoProject_250723\modules\common\common_32.py","LF"
"C:\SNS_24AutoProject_250723\modules\common\common_33.py","LF"
"C:\SNS_24AutoProject_250723\modules\common\common_34.py","LF"
"C:\SNS_24AutoProject_250723\modules\common\common_35.py","LF"
"C:\SNS_24AutoProject_250723\modules\common\common_4.py","LF"
"C:\SNS_24AutoProject_250723\modules\common\common_5.py","LF"
"C:\SNS_24AutoProject_250723\modules\common\common_6.py","LF"
"C:\SNS_24AutoProject_250723\modules\common\common_7.py","LF"
"C:\SNS_24AutoProject_250723\modules\common\common_8.py","LF"
"C:\SNS_24AutoProject_250723\modules\common\common_9.py","LF"
"C:\SNS_24AutoProject_250723\modules\common\common_rules_2.py","LF"
"C:\SNS_24AutoProject_250723\modules\common\common_rules_3.py","LF"
"C:\SNS_24AutoProject_250723\modules\common\create_trace_db.py","LF"
"C:\SNS_24AutoProject_250723\modules\common\css_1.py","LF"
"C:\SNS_24AutoProject_250723\modules\common\db.py","LF"
"C:\SNS_24AutoProject_250723\modules\common\emulation_1.py","LF"
"C:\SNS_24AutoProject_250723\modules\common\export_env_log.py","LF"
"C:\SNS_24AutoProject_250723\modules\common\export_env_log_1.py","LF"
"C:\SNS_24AutoProject_250723\modules\common\extensions_1.py","LF"
"C:\SNS_24AutoProject_250723\modules\common\feature_base.py","LF"
"C:\SNS_24AutoProject_250723\modules\common\frame_protocol.py","LF"
"C:\SNS_24AutoProject_250723\modules\common\handshake.py","LF"
"C:\SNS_24AutoProject_250723\modules\common\hook_status_logger.py","LF"
"C:\SNS_24AutoProject_250723\modules\common\image_generator.py","LF"
"C:\SNS_24AutoProject_250723\modules\common\import_csv_to_db.py","LF"
"C:\SNS_24AutoProject_250723\modules\common\insert_env_log.py","LF"
"C:\SNS_24AutoProject_250723\modules\common\insert_env_log_1.py","LF"
"C:\SNS_24AutoProject_250723\modules\common\insert_env_log_2.py","LF"
"C:\SNS_24AutoProject_250723\modules\common\insert_env_log_3.py","LF"
"C:\SNS_24AutoProject_250723\modules\common\insert_env_log_4.py","LF"
"C:\SNS_24AutoProject_250723\modules\common\insert_env_log_5.py","LF"
"C:\SNS_24AutoProject_250723\modules\common\insert_env_log_6.py","LF"
"C:\SNS_24AutoProject_250723\modules\common\KMAC128_3dd47cdb.py","LF"
"C:\SNS_24AutoProject_250723\modules\common\logger.py","LF"
"C:\SNS_24AutoProject_250723\modules\common\log_1.py","LF"
"C:\SNS_24AutoProject_250723\modules\common\my_configparser.py","LF"
"C:\SNS_24AutoProject_250723\modules\common\network_2.py","LF"
"C:\SNS_24AutoProject_250723\modules\common\network_3.py","LF"
"C:\SNS_24AutoProject_250723\modules\common\net_socket_engine.py","LF"
"C:\SNS_24AutoProject_250723\modules\common\optimize_trace_log_db.py","LF"
"C:\SNS_24AutoProject_250723\modules\common\page_1.py","LF"
"C:\SNS_24AutoProject_250723\modules\common\polyutils.py","LF"
"C:\SNS_24AutoProject_250723\modules\common\preload_1.py","LF"
"C:\SNS_24AutoProject_250723\modules\common\proj_concurrent.py","LF"
"C:\SNS_24AutoProject_250723\modules\common\proxy_accf0cdb.py","LF"
"C:\SNS_24AutoProject_250723\modules\common\random_custom.py","LF"
"C:\SNS_24AutoProject_250723\modules\common\rand_util_core.py","LF"
"C:\SNS_24AutoProject_250723\modules\common\safe_ssl.py","LF"
"C:\SNS_24AutoProject_250723\modules\common\script_1.py","LF"
"C:\SNS_24AutoProject_250723\modules\common\session_1.py","LF"
"C:\SNS_24AutoProject_250723\modules\common\std.py","LF"
"C:\SNS_24AutoProject_250723\modules\common\storage_1.py","LF"
"C:\SNS_24AutoProject_250723\modules\common\st_common_2.py","LF"
"C:\SNS_24AutoProject_250723\modules\common\st_common_3.py","LF"
"C:\SNS_24AutoProject_250723\modules\common\tags_344cfcdb.py","LF"
"C:\SNS_24AutoProject_250723\modules\common\time_helper.py","LF"
"C:\SNS_24AutoProject_250723\modules\common\unicode_utils.py","LF"
"C:\SNS_24AutoProject_250723\modules\common\utils.py","LF"
"C:\SNS_24AutoProject_250723\modules\common\_core.py","LF"
"C:\SNS_24AutoProject_250723\modules\common\_distutils.py","LF"
"C:\SNS_24AutoProject_250723\modules\common\_io_common_1.py","LF"
"C:\SNS_24AutoProject_250723\modules\common\_mapping_04f7dcdb.py","LF"
"C:\SNS_24AutoProject_250723\modules\common\_mode_cfb_61b4dddb.py","LF"
"C:\SNS_24AutoProject_250723\modules\common\_monitor.py","LF"
"C:\SNS_24AutoProject_250723\modules\common\_shimmed_dist_utils.py","LF"
"C:\SNS_24AutoProject_250723\modules\common\_utils.py","LF"
"C:\SNS_24AutoProject_250723\modules\common\__init__.py","UNKNOWN"
"C:\SNS_24AutoProject_250723\modules\common\__init___a3f0ecdb.py","LF"
"C:\SNS_24AutoProject_250723\modules\common\__local_datetime.py","LF"
"C:\SNS_24AutoProject_250723\modules\core\checkpoint.py","LF"
"C:\SNS_24AutoProject_250723\modules\core\main_features.py","LF"
"C:\SNS_24AutoProject_250723\modules\core\parking_lot.py","LF"
"C:\SNS_24AutoProject_250723\modules\core\__init__.py","LF"
"C:\SNS_24AutoProject_250723\modules\deprecated_conflict\exceptions.py","LF"
"C:\SNS_24AutoProject_250723\modules\dm\bot.py","LF"
"C:\SNS_24AutoProject_250723\modules\dm\bot_archive.py","LF"
"C:\SNS_24AutoProject_250723\modules\dm\bot_block.py","LF"
"C:\SNS_24AutoProject_250723\modules\dm\bot_cache.py","LF"
"C:\SNS_24AutoProject_250723\modules\dm\bot_checkpoint.py","LF"
"C:\SNS_24AutoProject_250723\modules\dm\bot_comment.py","LF"
"C:\SNS_24AutoProject_250723\modules\dm\bot_delete.py","LF"
"C:\SNS_24AutoProject_250723\modules\dm\bot_direct.py","LF"
"C:\SNS_24AutoProject_250723\modules\dm\bot_filter.py","LF"
"C:\SNS_24AutoProject_250723\modules\dm\bot_follow.py","LF"
"C:\SNS_24AutoProject_250723\modules\dm\bot_get.py","LF"
"C:\SNS_24AutoProject_250723\modules\dm\bot_like.py","LF"
"C:\SNS_24AutoProject_250723\modules\dm\bot_like_6dbb9223.py","LF"
"C:\SNS_24AutoProject_250723\modules\dm\bot_photo.py","LF"
"C:\SNS_24AutoProject_250723\modules\dm\bot_state.py","LF"
"C:\SNS_24AutoProject_250723\modules\dm\bot_stats.py","LF"
"C:\SNS_24AutoProject_250723\modules\dm\bot_story.py","LF"
"C:\SNS_24AutoProject_250723\modules\dm\bot_support.py","LF"
"C:\SNS_24AutoProject_250723\modules\dm\bot_unfollow.py","LF"
"C:\SNS_24AutoProject_250723\modules\dm\bot_unlike.py","LF"
"C:\SNS_24AutoProject_250723\modules\dm\bot_video.py","LF"
"C:\SNS_24AutoProject_250723\modules\dm\interact_DM.py","LF"
"C:\SNS_24AutoProject_250723\modules\dm\logger.py","LF"
"C:\SNS_24AutoProject_250723\modules\dm\mention_handler.py","LF"
"C:\SNS_24AutoProject_250723\modules\dm\queue.py","CRLF"
"C:\SNS_24AutoProject_250723\modules\dm\rules.py","LF"
"C:\SNS_24AutoProject_250723\modules\dm\types.py","LF"
"C:\SNS_24AutoProject_250723\modules\dm\__init__.py","CRLF"
"C:\SNS_24AutoProject_250723\modules\filters\post_filter.py","LF"
"C:\SNS_24AutoProject_250723\modules\metrics\collector.py","LF"
"C:\SNS_24AutoProject_250723\modules\metrics\__init__.py","UNKNOWN"
"C:\SNS_24AutoProject_250723\modules\queue\_entry_queue.py","LF"
"C:\SNS_24AutoProject_250723\modules\queue\_unbounded_queue.py","LF"
"C:\SNS_24AutoProject_250723\modules\queue\_wakeup_socketpair.py","LF"
"C:\SNS_24AutoProject_250723\modules\queue\__init__.py","UNKNOWN"
"C:\SNS_24AutoProject_250723\modules\sns\bot_archive.py","LF"
"C:\SNS_24AutoProject_250723\modules\sns\bot_block.py","LF"
"C:\SNS_24AutoProject_250723\modules\sns\bot_cache.py","LF"
"C:\SNS_24AutoProject_250723\modules\sns\bot_checkpoint.py","LF"
"C:\SNS_24AutoProject_250723\modules\sns\bot_comment.py","LF"
"C:\SNS_24AutoProject_250723\modules\sns\bot_delete.py","LF"
"C:\SNS_24AutoProject_250723\modules\sns\bot_direct.py","LF"
"C:\SNS_24AutoProject_250723\modules\sns\bot_filter.py","LF"
"C:\SNS_24AutoProject_250723\modules\sns\bot_follow.py","LF"
"C:\SNS_24AutoProject_250723\modules\sns\bot_get.py","LF"
"C:\SNS_24AutoProject_250723\modules\sns\bot_like.py","LF"
"C:\SNS_24AutoProject_250723\modules\sns\bot_photo.py","LF"
"C:\SNS_24AutoProject_250723\modules\sns\bot_state.py","LF"
"C:\SNS_24AutoProject_250723\modules\sns\bot_stats.py","LF"
"C:\SNS_24AutoProject_250723\modules\sns\bot_story.py","LF"
"C:\SNS_24AutoProject_250723\modules\sns\bot_support.py","LF"
"C:\SNS_24AutoProject_250723\modules\sns\bot_unfollow.py","LF"
"C:\SNS_24AutoProject_250723\modules\sns\bot_unlike.py","LF"
"C:\SNS_24AutoProject_250723\modules\sns\bot_video.py","LF"
"C:\SNS_24AutoProject_250723\modules\sns\facebook_crawler.py","LF"
"C:\SNS_24AutoProject_250723\modules\sns\insta_dm_sender.py","LF"
"C:\SNS_24AutoProject_250723\modules\sns\uploader_instagram.py","LF"
"C:\SNS_24AutoProject_250723\modules\sns\wf_instagram_scheduler.py","LF"
"C:\SNS_24AutoProject_250723\modules\translate\translate_google.py","LF"
"C:\SNS_24AutoProject_250723\modules\utils\hash_encoder.py","LF"
"C:\SNS_24AutoProject_250723\modules\utils\json_adapter.py","LF"
"C:\SNS_24AutoProject_250723\modules\utils\type_util.py","LF"
"C:\SNS_24AutoProject_250723\modules\utils\__init__.py","UNKNOWN"
"C:\SNS_24AutoProject_250723\modules\account_runner.py","LF"
"C:\SNS_24AutoProject_250723\modules\api.py","LF"
"C:\SNS_24AutoProject_250723\modules\ast_graph_builder.py","LF"
"C:\SNS_24AutoProject_250723\modules\auto_generate_tests.py","LF"
"C:\SNS_24AutoProject_250723\modules\cfg_loader.py","LF"
"C:\SNS_24AutoProject_250723\modules\cfg_local.py","LF"
"C:\SNS_24AutoProject_250723\modules\log_trace.py","LF"
"C:\SNS_24AutoProject_250723\modules\pickle_serializer.py","LF"
"C:\SNS_24AutoProject_250723\modules\pprint_util_custom.py","LF"
"C:\SNS_24AutoProject_250723\modules\reset_db.py","LF"
"C:\SNS_24AutoProject_250723\modules\sample.py","LF"
"C:\SNS_24AutoProject_250723\modules\six_util_custom.py","LF"
"C:\SNS_24AutoProject_250723\modules\ssl_handler.py","LF"
"C:\SNS_24AutoProject_250723\modules\task_queue_mgr.py","LF"
"C:\SNS_24AutoProject_250723\modules\__init__.py","UNKNOWN"
"C:\SNS_24AutoProject_250723\recovery\recovery_file_restorer.py","LF"
"C:\SNS_24AutoProject_250723\reports\gen_exports.py","LF"
"C:\SNS_24AutoProject_250723\reports\gen_exports_1761c9be.py","LF"
"C:\SNS_24AutoProject_250723\reports\gen_exports_6.py","LF"
"C:\SNS_24AutoProject_250723\reports\summary_report_writer.py","LF"
"C:\SNS_24AutoProject_250723\scripts\auto_backup_logtrace_6.py","LF"
"C:\SNS_24AutoProject_250723\scripts\auto_send_gitlog_webhook_2.py","LF"
"C:\SNS_24AutoProject_250723\scripts\build_scripts.py","LF"
"C:\SNS_24AutoProject_250723\scripts\create_release_package_2.py","LF"
"C:\SNS_24AutoProject_250723\scripts\enerate_log_statistics_6.py","LF"
"C:\SNS_24AutoProject_250723\scripts\export_all_logtables.py","LF"
"C:\SNS_24AutoProject_250723\scripts\export_all_logtables_1.py","LF"
"C:\SNS_24AutoProject_250723\scripts\export_all_logtables_to_excel.py","LF"
"C:\SNS_24AutoProject_250723\scripts\export_all_logtables_to_excel_1.py","LF"
"C:\SNS_24AutoProject_250723\scripts\export_all_logtables_to_excel_2.py","LF"
"C:\SNS_24AutoProject_250723\scripts\export_all_logtables_to_excel_3.py","LF"
"C:\SNS_24AutoProject_250723\scripts\export_all_logtables_to_excel_4.py","LF"
"C:\SNS_24AutoProject_250723\scripts\export_all_logtables_to_excel_5.py","LF"
"C:\SNS_24AutoProject_250723\scripts\export_all_logtables_to_excel_6.py","LF"
"C:\SNS_24AutoProject_250723\scripts\export_all_tables_with_datetime.py","LF"
"C:\SNS_24AutoProject_250723\scripts\export_all_tables_with_datetime_1.py","LF"
"C:\SNS_24AutoProject_250723\scripts\export_all_tables_with_datetime_2.py","LF"
"C:\SNS_24AutoProject_250723\scripts\export_all_tables_with_datetime_3.py","LF"
"C:\SNS_24AutoProject_250723\scripts\export_all_tables_with_datetime_4.py","LF"
"C:\SNS_24AutoProject_250723\scripts\export_all_tables_with_datetime_5.py","LF"
"C:\SNS_24AutoProject_250723\scripts\export_all_tables_with_datetime_6.py","LF"
"C:\SNS_24AutoProject_250723\scripts\export_all_table_row_counts.py","LF"
"C:\SNS_24AutoProject_250723\scripts\export_all_table_row_counts_1.py","LF"
"C:\SNS_24AutoProject_250723\scripts\export_all_table_row_counts_2.py","LF"
"C:\SNS_24AutoProject_250723\scripts\export_all_table_row_counts_3.py","LF"
"C:\SNS_24AutoProject_250723\scripts\export_all_table_row_counts_4.py","LF"
"C:\SNS_24AutoProject_250723\scripts\export_all_table_row_counts_5.py","LF"
"C:\SNS_24AutoProject_250723\scripts\export_all_table_row_counts_6.py","LF"
"C:\SNS_24AutoProject_250723\scripts\export_command_log.py","LF"
"C:\SNS_24AutoProject_250723\scripts\export_command_log_1.py","LF"
"C:\SNS_24AutoProject_250723\scripts\export_command_log_2.py","LF"
"C:\SNS_24AutoProject_250723\scripts\export_command_log_3.py","LF"
"C:\SNS_24AutoProject_250723\scripts\export_command_log_4.py","LF"
"C:\SNS_24AutoProject_250723\scripts\export_command_log_5.py","LF"
"C:\SNS_24AutoProject_250723\scripts\export_command_log_6.py","LF"
"C:\SNS_24AutoProject_250723\scripts\export_db_schema_to_csv.py","LF"
"C:\SNS_24AutoProject_250723\scripts\export_db_snapshot_excel.py","LF"
"C:\SNS_24AutoProject_250723\scripts\export_disk_log.py","LF"
"C:\SNS_24AutoProject_250723\scripts\export_disk_log_1.py","LF"
"C:\SNS_24AutoProject_250723\scripts\export_disk_log_2.py","LF"
"C:\SNS_24AutoProject_250723\scripts\export_disk_log_3.py","LF"
"C:\SNS_24AutoProject_250723\scripts\export_disk_log_4.py","LF"
"C:\SNS_24AutoProject_250723\scripts\export_disk_log_5.py","LF"
"C:\SNS_24AutoProject_250723\scripts\export_disk_log_6.py","LF"
"C:\SNS_24AutoProject_250723\scripts\export_env_log.py","LF"
"C:\SNS_24AutoProject_250723\scripts\export_env_log_1.py","LF"
"C:\SNS_24AutoProject_250723\scripts\export_env_log_2.py","LF"
"C:\SNS_24AutoProject_250723\scripts\export_env_log_3.py","LF"
"C:\SNS_24AutoProject_250723\scripts\export_env_log_4.py","LF"
"C:\SNS_24AutoProject_250723\scripts\export_env_log_5.py","LF"
"C:\SNS_24AutoProject_250723\scripts\export_env_log_6.py","LF"
"C:\SNS_24AutoProject_250723\scripts\export_feedback_log.py","LF"
"C:\SNS_24AutoProject_250723\scripts\export_feedback_log_1.py","LF"
"C:\SNS_24AutoProject_250723\scripts\export_git_commits_to_csv.py","LF"
"C:\SNS_24AutoProject_250723\scripts\export_hook_logs_to_csv.py","LF"
"C:\SNS_24AutoProject_250723\scripts\export_hook_logs_to_csv_1.py","LF"
"C:\SNS_24AutoProject_250723\scripts\export_hook_logs_to_csv_2.py","LF"
"C:\SNS_24AutoProject_250723\scripts\export_hook_logs_to_csv_3.py","LF"
"C:\SNS_24AutoProject_250723\scripts\export_hook_logs_to_csv_4.py","LF"
"C:\SNS_24AutoProject_250723\scripts\export_hook_logs_to_csv_5.py","LF"
"C:\SNS_24AutoProject_250723\scripts\export_hook_logs_to_csv_6.py","LF"
"C:\SNS_24AutoProject_250723\scripts\export_logtrace.py","LF"
"C:\SNS_24AutoProject_250723\scripts\export_logtrace_1.py","LF"
"C:\SNS_24AutoProject_250723\scripts\export_logtrace_2.py","LF"
"C:\SNS_24AutoProject_250723\scripts\export_logtrace_3.py","LF"
"C:\SNS_24AutoProject_250723\scripts\export_logtrace_4.py","LF"
"C:\SNS_24AutoProject_250723\scripts\export_logtrace_5.py","LF"
"C:\SNS_24AutoProject_250723\scripts\export_logtrace_6.py","LF"
"C:\SNS_24AutoProject_250723\scripts\export_logtrace_table.py","LF"
"C:\SNS_24AutoProject_250723\scripts\export_logtrace_table_1.py","LF"
"C:\SNS_24AutoProject_250723\scripts\export_logtrace_to_csv.py","LF"
"C:\SNS_24AutoProject_250723\scripts\export_logtrace_to_csv_1.py","LF"
"C:\SNS_24AutoProject_250723\scripts\export_logtrace_to_csv_2.py","LF"
"C:\SNS_24AutoProject_250723\scripts\export_logtrace_to_csv_3.py","LF"
"C:\SNS_24AutoProject_250723\scripts\export_logtrace_to_csv_4.py","LF"
"C:\SNS_24AutoProject_250723\scripts\export_logtrace_to_csv_5.py","LF"
"C:\SNS_24AutoProject_250723\scripts\export_logtrace_to_csv_6.py","LF"
"C:\SNS_24AutoProject_250723\scripts\export_logtrace_to_csv_with_datetime.py","LF"
"C:\SNS_24AutoProject_250723\scripts\export_logtrace_to_csv_with_datetime_1.py","LF"
"C:\SNS_24AutoProject_250723\scripts\export_logtrace_to_csv_with_datetime_2.py","LF"
"C:\SNS_24AutoProject_250723\scripts\export_logtrace_to_csv_with_datetime_3.py","LF"
"C:\SNS_24AutoProject_250723\scripts\export_logtrace_to_csv_with_datetime_4.py","LF"
"C:\SNS_24AutoProject_250723\scripts\export_logtrace_to_csv_with_datetime_5.py","LF"
"C:\SNS_24AutoProject_250723\scripts\export_logtrace_to_csv_with_datetime_6.py","LF"
"C:\SNS_24AutoProject_250723\scripts\export_logtrace_to_excel.py","LF"
"C:\SNS_24AutoProject_250723\scripts\export_logtrace_to_excel_1.py","LF"
"C:\SNS_24AutoProject_250723\scripts\export_logtrace_to_excel_2.py","LF"
"C:\SNS_24AutoProject_250723\scripts\export_logtrace_to_excel_3.py","LF"
"C:\SNS_24AutoProject_250723\scripts\export_logtrace_to_excel_4.py","LF"
"C:\SNS_24AutoProject_250723\scripts\export_logtrace_to_excel_5.py","LF"
"C:\SNS_24AutoProject_250723\scripts\export_logtrace_to_excel_6.py","LF"
"C:\SNS_24AutoProject_250723\scripts\export_logtrace_to_excel_with_datetime.py","LF"
"C:\SNS_24AutoProject_250723\scripts\export_logtrace_to_excel_with_datetime_1.py","LF"
"C:\SNS_24AutoProject_250723\scripts\export_logtrace_to_excel_with_datetime_2.py","LF"
"C:\SNS_24AutoProject_250723\scripts\export_logtrace_to_excel_with_datetime_3.py","LF"
"C:\SNS_24AutoProject_250723\scripts\export_logtrace_to_excel_with_datetime_4.py","LF"
"C:\SNS_24AutoProject_250723\scripts\export_logtrace_to_excel_with_datetime_5.py","LF"
"C:\SNS_24AutoProject_250723\scripts\export_logtrace_to_excel_with_datetime_6.py","LF"
"C:\SNS_24AutoProject_250723\scripts\export_logtrace_with_datetime.py","LF"
"C:\SNS_24AutoProject_250723\scripts\export_logtrace_with_datetime_1.py","LF"
"C:\SNS_24AutoProject_250723\scripts\export_logtrace_with_datetime_2.py","LF"
"C:\SNS_24AutoProject_250723\scripts\export_logtrace_with_datetime_3.py","LF"
"C:\SNS_24AutoProject_250723\scripts\export_logtrace_with_datetime_4.py","LF"
"C:\SNS_24AutoProject_250723\scripts\export_logtrace_with_datetime_5.py","LF"
"C:\SNS_24AutoProject_250723\scripts\export_logtrace_with_datetime_6.py","LF"
"C:\SNS_24AutoProject_250723\scripts\export_logtrace_with_datetime_csv.py","LF"
"C:\SNS_24AutoProject_250723\scripts\export_logtrace_with_datetime_csv_1.py","LF"
"C:\SNS_24AutoProject_250723\scripts\export_logtrace_with_datetime_csv_2.py","LF"
"C:\SNS_24AutoProject_250723\scripts\export_logtrace_with_datetime_csv_3.py","LF"
"C:\SNS_24AutoProject_250723\scripts\export_logtrace_with_datetime_csv_4.py","LF"
"C:\SNS_24AutoProject_250723\scripts\export_logtrace_with_datetime_csv_5.py","LF"
"C:\SNS_24AutoProject_250723\scripts\export_logtrace_with_datetime_csv_6.py","LF"
"C:\SNS_24AutoProject_250723\scripts\export_logtrace_with_os_path.py","LF"
"C:\SNS_24AutoProject_250723\scripts\export_logtrace_with_os_path_1.py","LF"
"C:\SNS_24AutoProject_250723\scripts\export_logtrace_with_os_path_2.py","LF"
"C:\SNS_24AutoProject_250723\scripts\export_logtrace_with_os_path_3.py","LF"
"C:\SNS_24AutoProject_250723\scripts\export_logtrace_with_os_path_4.py","LF"
"C:\SNS_24AutoProject_250723\scripts\export_logtrace_with_os_path_5.py","LF"
"C:\SNS_24AutoProject_250723\scripts\export_logtrace_with_os_path_6.py","LF"
"C:\SNS_24AutoProject_250723\scripts\export_log_summary.py","LF"
"C:\SNS_24AutoProject_250723\scripts\export_log_summary_1.py","LF"
"C:\SNS_24AutoProject_250723\scripts\export_log_summary_2.py","LF"
"C:\SNS_24AutoProject_250723\scripts\export_log_summary_csv_with_datetime.py","LF"
"C:\SNS_24AutoProject_250723\scripts\export_log_summary_csv_with_datetime_1.py","LF"
"C:\SNS_24AutoProject_250723\scripts\export_log_summary_csv_with_datetime_2.py","LF"
"C:\SNS_24AutoProject_250723\scripts\export_log_summary_csv_with_datetime_3.py","LF"
"C:\SNS_24AutoProject_250723\scripts\export_log_summary_csv_with_datetime_4.py","LF"
"C:\SNS_24AutoProject_250723\scripts\export_log_summary_csv_with_datetime_5.py","LF"
"C:\SNS_24AutoProject_250723\scripts\export_log_summary_csv_with_datetime_6.py","LF"
"C:\SNS_24AutoProject_250723\scripts\export_network_log.py","LF"
"C:\SNS_24AutoProject_250723\scripts\export_network_log_1.py","LF"
"C:\SNS_24AutoProject_250723\scripts\export_network_log_2.py","LF"
"C:\SNS_24AutoProject_250723\scripts\export_network_log_3.py","LF"
"C:\SNS_24AutoProject_250723\scripts\export_network_log_4.py","LF"
"C:\SNS_24AutoProject_250723\scripts\export_network_log_5.py","LF"
"C:\SNS_24AutoProject_250723\scripts\export_network_log_6.py","LF"
"C:\SNS_24AutoProject_250723\scripts\export_session_log.py","LF"
"C:\SNS_24AutoProject_250723\scripts\export_session_log_1.py","LF"
"C:\SNS_24AutoProject_250723\scripts\export_session_log_2.py","LF"
"C:\SNS_24AutoProject_250723\scripts\export_session_log_3.py","LF"
"C:\SNS_24AutoProject_250723\scripts\export_session_log_4.py","LF"
"C:\SNS_24AutoProject_250723\scripts\export_session_log_5.py","LF"
"C:\SNS_24AutoProject_250723\scripts\export_session_log_6.py","LF"
"C:\SNS_24AutoProject_250723\scripts\export_session_qasummary.py","LF"
"C:\SNS_24AutoProject_250723\scripts\export_session_results_to_csv.py","LF"
"C:\SNS_24AutoProject_250723\scripts\export_session_results_to_csv_1.py","LF"
"C:\SNS_24AutoProject_250723\scripts\export_session_results_to_csv_2.py","LF"
"C:\SNS_24AutoProject_250723\scripts\export_session_results_to_csv_3.py","LF"
"C:\SNS_24AutoProject_250723\scripts\export_session_results_to_csv_4.py","LF"
"C:\SNS_24AutoProject_250723\scripts\export_session_results_to_csv_5.py","LF"
"C:\SNS_24AutoProject_250723\scripts\export_session_results_to_csv_6.py","LF"
"C:\SNS_24AutoProject_250723\scripts\export_session_results_to_csv_with_datetime.py","LF"
"C:\SNS_24AutoProject_250723\scripts\export_session_results_to_csv_with_datetime_1.py","LF"
"C:\SNS_24AutoProject_250723\scripts\export_session_results_to_csv_with_datetime_2.py","LF"
"C:\SNS_24AutoProject_250723\scripts\export_session_results_to_csv_with_datetime_3.py","LF"
"C:\SNS_24AutoProject_250723\scripts\export_session_results_to_csv_with_datetime_4.py","LF"
"C:\SNS_24AutoProject_250723\scripts\export_session_results_to_csv_with_datetime_5.py","LF"
"C:\SNS_24AutoProject_250723\scripts\export_session_results_to_csv_with_datetime_6.py","LF"
"C:\SNS_24AutoProject_250723\scripts\export_session_results_with_datetime.py","LF"
"C:\SNS_24AutoProject_250723\scripts\export_session_results_with_datetime_1.py","LF"
"C:\SNS_24AutoProject_250723\scripts\export_session_results_with_datetime_2.py","LF"
"C:\SNS_24AutoProject_250723\scripts\export_session_results_with_datetime_3.py","LF"
"C:\SNS_24AutoProject_250723\scripts\export_session_results_with_datetime_4.py","LF"
"C:\SNS_24AutoProject_250723\scripts\export_session_results_with_datetime_5.py","LF"
"C:\SNS_24AutoProject_250723\scripts\export_session_results_with_datetime_6.py","LF"
"C:\SNS_24AutoProject_250723\scripts\export_session_results_with_datetime_excel.py","LF"
"C:\SNS_24AutoProject_250723\scripts\export_session_results_with_datetime_excel_1.py","LF"
"C:\SNS_24AutoProject_250723\scripts\export_session_results_with_datetime_excel_2.py","LF"
"C:\SNS_24AutoProject_250723\scripts\export_session_results_with_datetime_excel_3.py","LF"
"C:\SNS_24AutoProject_250723\scripts\export_session_results_with_datetime_excel_4.py","LF"
"C:\SNS_24AutoProject_250723\scripts\export_session_results_with_datetime_excel_5.py","LF"
"C:\SNS_24AutoProject_250723\scripts\export_session_results_with_datetime_excel_6.py","LF"
"C:\SNS_24AutoProject_250723\scripts\generate_log_statistics_6.py","LF"
"C:\SNS_24AutoProject_250723\scripts\generate_log_summary_5.py","LF"
"C:\SNS_24AutoProject_250723\scripts\generate_log_summary_6.py","LF"
"C:\SNS_24AutoProject_250723\scripts\generate_manuals_2.py","LF"
"C:\SNS_24AutoProject_250723\scripts\generate_operational_plan_2.py","LF"
"C:\SNS_24AutoProject_250723\scripts\generate_qa_review_2.py","LF"
"C:\SNS_24AutoProject_250723\scripts\generate_readme_5.py","LF"
"C:\SNS_24AutoProject_250723\scripts\generate_release_info_2.py","LF"
"C:\SNS_24AutoProject_250723\scripts\insert_function_log.py","LF"
"C:\SNS_24AutoProject_250723\scripts\inspect_db_schema_6.py","LF"
"C:\SNS_24AutoProject_250723\scripts\inspect_users_table_2.py","LF"
"C:\SNS_24AutoProject_250723\scripts\install_scripts.py","LF"
"C:\SNS_24AutoProject_250723\scripts\install_scripts_1.py","LF"
"C:\SNS_24AutoProject_250723\scripts\log_final_run_check_2.py","LF"
"C:\SNS_24AutoProject_250723\scripts\scripts.py","LF"
"C:\SNS_24AutoProject_250723\scripts\send_email_report_1.py","LF"
"C:\SNS_24AutoProject_250723\scripts\send_log_webhook_2.py","LF"
"C:\SNS_24AutoProject_250723\scripts\send_summary_email_1.py","LF"
"C:\SNS_24AutoProject_250723\scripts\upgrade_users_add_role_2.py","LF"
"C:\SNS_24AutoProject_250723\scripts\verify_session_integrity_6.py","LF"
"C:\SNS_24AutoProject_250723\scripts\zip_log_exports_6.py","LF"
"C:\SNS_24AutoProject_250723\scripts\_export_format_8fa3e61b_6.py","LF"
"C:\SNS_24AutoProject_250723\tests\generated\test_account_runner.py","LF"
"C:\SNS_24AutoProject_250723\tests\generated\test_api.py","LF"
"C:\SNS_24AutoProject_250723\tests\generated\test_auto_generate_tests.py","LF"
"C:\SNS_24AutoProject_250723\tests\generated\test_cfg_local.py","LF"
"C:\SNS_24AutoProject_250723\tests\generated\test_empty.py","LF"
"C:\SNS_24AutoProject_250723\tests\generated\test_log_trace.py","LF"
"C:\SNS_24AutoProject_250723\tests\generated\test_pprint_util_custom.py","LF"
"C:\SNS_24AutoProject_250723\tests\generated\test_sample.py","LF"
"C:\SNS_24AutoProject_250723\tests\generated\test_should_not_exist.py","LF"
"C:\SNS_24AutoProject_250723\tests\generated\test_six_util_custom.py","LF"
"C:\SNS_24AutoProject_250723\tests\generated\test_ssl_handler.py","LF"
"C:\SNS_24AutoProject_250723\tests\generated\test_task_queue_mgr.py","LF"
"C:\SNS_24AutoProject_250723\tests\test_account_runner.py","LF"
"C:\SNS_24AutoProject_250723\tests\test_account_runner_log_coverage.py","LF"
"C:\SNS_24AutoProject_250723\tests\test_api.py","LF"
"C:\SNS_24AutoProject_250723\tests\test_auto_generate_tests.py","LF"
"C:\SNS_24AutoProject_250723\tests\test_cfg_local.py","LF"
"C:\SNS_24AutoProject_250723\tests\test_dm_pipeline.py","LF"
"C:\SNS_24AutoProject_250723\tests\test_dm_rules.py","LF"
"C:\SNS_24AutoProject_250723\tests\test_entry_queue.py","LF"
"C:\SNS_24AutoProject_250723\tests\test_insta_dm_sender.py","LF"
"C:\SNS_24AutoProject_250723\tests\test_log_trace.py","LF"
"C:\SNS_24AutoProject_250723\tests\test_pprint_util_custom.py","LF"
"C:\SNS_24AutoProject_250723\tests\test_six_util_custom.py","LF"
"C:\SNS_24AutoProject_250723\tests\test_ssl_handler.py","LF"
"C:\SNS_24AutoProject_250723\tests\test_task_queue_mgr.py","LF"
"C:\SNS_24AutoProject_250723\tests\test_time_helper.py","LF"
"C:\SNS_24AutoProject_250723\tests\test_unbounded_queue.py","LF"
"C:\SNS_24AutoProject_250723\tests\test_uploader_instagram.py","LF"
"C:\SNS_24AutoProject_250723\tests\__init__.py","UNKNOWN"
"C:\SNS_24AutoProject_250723\tools\integrity\move_by_relocation.py","LF"
"C:\SNS_24AutoProject_250723\tools\integrity\sha256_integrity_mastertree.py","LF"
"C:\SNS_24AutoProject_250723\tools\integrity\verify_integrity_and_identify_unnecessary.py","LF"
"C:\SNS_24AutoProject_250723\tools\test_generator\auto_generate_tests.py","LF"
"C:\SNS_24AutoProject_250723\tools\add_docstrings_auto.py","LF"
"C:\SNS_24AutoProject_250723\tools\analyze_missing_usage.py","LF"
"C:\SNS_24AutoProject_250723\tools\analyze_pylint_report.py","LF"
"C:\SNS_24AutoProject_250723\tools\auto_generate_tests.py","LF"
"C:\SNS_24AutoProject_250723\tools\ci_verify_integrity.py","LF"
"C:\SNS_24AutoProject_250723\tools\diff_hashlist.py","LF"
"C:\SNS_24AutoProject_250723\tools\filter_needed_files.py","LF"
"C:\SNS_24AutoProject_250723\tools\fix_e0001_indent_errors.py","LF"
"C:\SNS_24AutoProject_250723\tools\fix_import_errors.py","LF"
"C:\SNS_24AutoProject_250723\tools\generate_fingerprint.py","LF"
"C:\SNS_24AutoProject_250723\tools\generate_master_hash.py","LF"
"C:\SNS_24AutoProject_250723\tools\hash_verify.py","LF"
"C:\SNS_24AutoProject_250723\tools\layout_sim.py","LF"
"C:\SNS_24AutoProject_250723\tools\map_recent_to_mastertree.py","LF"
"C:\SNS_24AutoProject_250723\tools\module_trace_auto_recovery.py","LF"
"C:\SNS_24AutoProject_250723\tools\needed_files_by_name.py","LF"
"C:\SNS_24AutoProject_250723\tools\needed_files_from_imports.py","LF"
"C:\SNS_24AutoProject_250723\tools\parse_functions.py","LF"
"C:\SNS_24AutoProject_250723\tools\remove_bom_normalize.py","LF"
"C:\SNS_24AutoProject_250723\tools\scan_tree.py","LF"
"C:\SNS_24AutoProject_250723\tools\test_safety_checker.py","LF"
"C:\SNS_24AutoProject_250723\tools\tree_checker.py","LF"
"C:\SNS_24AutoProject_250723\ui\dashboard_full_tabs.py","LF"
"C:\SNS_24AutoProject_250723\utils\env_loader.py","LF"
"C:\SNS_24AutoProject_250723\validator\check_and_insert_log.py","LF"
"C:\SNS_24AutoProject_250723\validator\check_and_insert_log_2.py","LF"
"C:\SNS_24AutoProject_250723\validator\check_command_log.py","LF"
"C:\SNS_24AutoProject_250723\validator\check_command_log_6.py","LF"
"C:\SNS_24AutoProject_250723\validator\check_conflicting_modules.py","LF"
"C:\SNS_24AutoProject_250723\validator\check_disk_log.py","LF"
"C:\SNS_24AutoProject_250723\validator\check_disk_log_6.py","LF"
"C:\SNS_24AutoProject_250723\validator\check_env_log.py","LF"
"C:\SNS_24AutoProject_250723\validator\check_env_log_6.py","LF"
"C:\SNS_24AutoProject_250723\validator\check_network_log.py","LF"
"C:\SNS_24AutoProject_250723\validator\check_network_log_6.py","LF"
"C:\SNS_24AutoProject_250723\validator\check_run_ready.py","LF"
"C:\SNS_24AutoProject_250723\validator\check_session_log.py","LF"
"C:\SNS_24AutoProject_250723\validator\check_session_log_6.py","LF"
"C:\SNS_24AutoProject_250723\validator\check_type_completeness.py","LF"
"C:\SNS_24AutoProject_250723\validator\check_wraps.py","LF"
"C:\SNS_24AutoProject_250723\validator\check_wt07_status.py","LF"
"C:\SNS_24AutoProject_250723\validator\check_wt07_status_6.py","LF"
"C:\SNS_24AutoProject_250723\venv\Lib\site-packages\annotated_types\test_cases.py","LF"
"C:\SNS_24AutoProject_250723\venv\Lib\site-packages\annotated_types\__init__.py","LF"
"C:\SNS_24AutoProject_250723\venv\Lib\site-packages\astor\codegen.py","LF"
"C:\SNS_24AutoProject_250723\venv\Lib\site-packages\astor\code_gen.py","LF"
"C:\SNS_24AutoProject_250723\venv\Lib\site-packages\astor\file_util.py","LF"
"C:\SNS_24AutoProject_250723\venv\Lib\site-packages\astor\node_util.py","LF"
"C:\SNS_24AutoProject_250723\venv\Lib\site-packages\astor\op_util.py","LF"
"C:\SNS_24AutoProject_250723\venv\Lib\site-packages\astor\rtrip.py","LF"
"C:\SNS_24AutoProject_250723\venv\Lib\site-packages\astor\source_repr.py","LF"
"C:\SNS_24AutoProject_250723\venv\Lib\site-packages\astor\string_repr.py","LF"
"C:\SNS_24AutoProject_250723\venv\Lib\site-packages\astor\tree_walk.py","LF"
"C:\SNS_24AutoProject_250723\venv\Lib\site-packages\astor\__init__.py","LF"
"C:\SNS_24AutoProject_250723\venv\Lib\site-packages\attr\converters.py","LF"
"C:\SNS_24AutoProject_250723\venv\Lib\site-packages\attr\exceptions.py","LF"
"C:\SNS_24AutoProject_250723\venv\Lib\site-packages\attr\filters.py","LF"
"C:\SNS_24AutoProject_250723\venv\Lib\site-packages\attr\setters.py","LF"
"C:\SNS_24AutoProject_250723\venv\Lib\site-packages\attr\validators.py","LF"
"C:\SNS_24AutoProject_250723\venv\Lib\site-packages\attr\_cmp.py","LF"
"C:\SNS_24AutoProject_250723\venv\Lib\site-packages\attr\_compat.py","LF"
"C:\SNS_24AutoProject_250723\venv\Lib\site-packages\attr\_config.py","LF"
"C:\SNS_24AutoProject_250723\venv\Lib\site-packages\attr\_funcs.py","LF"
"C:\SNS_24AutoProject_250723\venv\Lib\site-packages\attr\_make.py","LF"
"C:\SNS_24AutoProject_250723\venv\Lib\site-packages\attr\_next_gen.py","LF"
"C:\SNS_24AutoProject_250723\venv\Lib\site-packages\attr\_version_info.py","LF"
"C:\SNS_24AutoProject_250723\venv\Lib\site-packages\attr\__init__.py","LF"
"C:\SNS_24AutoProject_250723\venv\Lib\site-packages\attrs\converters.py","LF"
"C:\SNS_24AutoProject_250723\venv\Lib\site-packages\attrs\exceptions.py","LF"
"C:\SNS_24AutoProject_250723\venv\Lib\site-packages\attrs\filters.py","LF"
"C:\SNS_24AutoProject_250723\venv\Lib\site-packages\attrs\setters.py","LF"
"C:\SNS_24AutoProject_250723\venv\Lib\site-packages\attrs\validators.py","LF"
"C:\SNS_24AutoProject_250723\venv\Lib\site-packages\attrs\__init__.py","LF"
"C:\SNS_24AutoProject_250723\venv\Lib\site-packages\backports\asyncio\runner\runner.py","LF"
"C:\SNS_24AutoProject_250723\venv\Lib\site-packages\backports\asyncio\runner\tasks.py","LF"
"C:\SNS_24AutoProject_250723\venv\Lib\site-packages\backports\asyncio\runner\_int_to_enum.py","LF"
"C:\SNS_24AutoProject_250723\venv\Lib\site-packages\backports\asyncio\runner\_patch.py","LF"
"C:\SNS_24AutoProject_250723\venv\Lib\site-packages\backports\asyncio\runner\__init__.py","LF"
"C:\SNS_24AutoProject_250723\venv\Lib\site-packages\certifi\core.py","LF"
"C:\SNS_24AutoProject_250723\venv\Lib\site-packages\certifi\__init__.py","LF"
"C:\SNS_24AutoProject_250723\venv\Lib\site-packages\certifi\__main__.py","LF"
"C:\SNS_24AutoProject_250723\venv\Lib\site-packages\cffi\api.py","LF"
"C:\SNS_24AutoProject_250723\venv\Lib\site-packages\cffi\backend_ctypes.py","LF"
"C:\SNS_24AutoProject_250723\venv\Lib\site-packages\cffi\cffi_opcode.py","LF"
"C:\SNS_24AutoProject_250723\venv\Lib\site-packages\cffi\commontypes.py","LF"
"C:\SNS_24AutoProject_250723\venv\Lib\site-packages\cffi\cparser.py","LF"
"C:\SNS_24AutoProject_250723\venv\Lib\site-packages\cffi\error.py","LF"
"C:\SNS_24AutoProject_250723\venv\Lib\site-packages\cffi\ffiplatform.py","LF"
"C:\SNS_24AutoProject_250723\venv\Lib\site-packages\cffi\lock.py","LF"
"C:\SNS_24AutoProject_250723\venv\Lib\site-packages\cffi\model.py","LF"
"C:\SNS_24AutoProject_250723\venv\Lib\site-packages\cffi\pkgconfig.py","LF"
"C:\SNS_24AutoProject_250723\venv\Lib\site-packages\cffi\recompiler.py","LF"
"C:\SNS_24AutoProject_250723\venv\Lib\site-packages\cffi\setuptools_ext.py","LF"
"C:\SNS_24AutoProject_250723\venv\Lib\site-packages\cffi\vengine_cpy.py","LF"
"C:\SNS_24AutoProject_250723\venv\Lib\site-packages\cffi\vengine_gen.py","LF"
"C:\SNS_24AutoProject_250723\venv\Lib\site-packages\cffi\verifier.py","LF"
"C:\SNS_24AutoProject_250723\venv\Lib\site-packages\cffi\_imp_emulation.py","LF"
"C:\SNS_24AutoProject_250723\venv\Lib\site-packages\cffi\_shimmed_dist_utils.py","LF"
"C:\SNS_24AutoProject_250723\venv\Lib\site-packages\cffi\__init__.py","LF"
"C:\SNS_24AutoProject_250723\venv\Lib\site-packages\charset_normalizer\cli\__init__.py","LF"
"C:\SNS_24AutoProject_250723\venv\Lib\site-packages\charset_normalizer\cli\__main__.py","LF"
"C:\SNS_24AutoProject_250723\venv\Lib\site-packages\charset_normalizer\api.py","LF"
"C:\SNS_24AutoProject_250723\venv\Lib\site-packages\charset_normalizer\cd.py","LF"
"C:\SNS_24AutoProject_250723\venv\Lib\site-packages\charset_normalizer\constant.py","LF"
"C:\SNS_24AutoProject_250723\venv\Lib\site-packages\charset_normalizer\legacy.py","LF"
"C:\SNS_24AutoProject_250723\venv\Lib\site-packages\charset_normalizer\md.py","LF"
"C:\SNS_24AutoProject_250723\venv\Lib\site-packages\charset_normalizer\models.py","LF"
"C:\SNS_24AutoProject_250723\venv\Lib\site-packages\charset_normalizer\utils.py","LF"
"C:\SNS_24AutoProject_250723\venv\Lib\site-packages\charset_normalizer\version.py","LF"
"C:\SNS_24AutoProject_250723\venv\Lib\site-packages\charset_normalizer\__init__.py","LF"
"C:\SNS_24AutoProject_250723\venv\Lib\site-packages\charset_normalizer\__main__.py","LF"
"C:\SNS_24AutoProject_250723\venv\Lib\site-packages\colorama\tests\ansitowin32_test.py","LF"
"C:\SNS_24AutoProject_250723\venv\Lib\site-packages\colorama\tests\ansi_test.py","LF"
"C:\SNS_24AutoProject_250723\venv\Lib\site-packages\colorama\tests\initialise_test.py","LF"
"C:\SNS_24AutoProject_250723\venv\Lib\site-packages\colorama\tests\isatty_test.py","LF"
"C:\SNS_24AutoProject_250723\venv\Lib\site-packages\colorama\tests\utils.py","LF"
"C:\SNS_24AutoProject_250723\venv\Lib\site-packages\colorama\tests\winterm_test.py","LF"
"C:\SNS_24AutoProject_250723\venv\Lib\site-packages\colorama\tests\__init__.py","LF"
"C:\SNS_24AutoProject_250723\venv\Lib\site-packages\colorama\ansi.py","LF"
"C:\SNS_24AutoProject_250723\venv\Lib\site-packages\colorama\ansitowin32.py","LF"
"C:\SNS_24AutoProject_250723\venv\Lib\site-packages\colorama\initialise.py","LF"
"C:\SNS_24AutoProject_250723\venv\Lib\site-packages\colorama\win32.py","LF"
"C:\SNS_24AutoProject_250723\venv\Lib\site-packages\colorama\winterm.py","LF"
"C:\SNS_24AutoProject_250723\venv\Lib\site-packages\colorama\__init__.py","LF"
"C:\SNS_24AutoProject_250723\venv\Lib\site-packages\coverage\annotate.py","LF"
"C:\SNS_24AutoProject_250723\venv\Lib\site-packages\coverage\bytecode.py","LF"
"C:\SNS_24AutoProject_250723\venv\Lib\site-packages\coverage\cmdline.py","LF"
"C:\SNS_24AutoProject_250723\venv\Lib\site-packages\coverage\collector.py","LF"
"C:\SNS_24AutoProject_250723\venv\Lib\site-packages\coverage\config.py","LF"
"C:\SNS_24AutoProject_250723\venv\Lib\site-packages\coverage\context.py","LF"
"C:\SNS_24AutoProject_250723\venv\Lib\site-packages\coverage\control.py","LF"
"C:\SNS_24AutoProject_250723\venv\Lib\site-packages\coverage\core.py","LF"
"C:\SNS_24AutoProject_250723\venv\Lib\site-packages\coverage\data.py","LF"
"C:\SNS_24AutoProject_250723\venv\Lib\site-packages\coverage\debug.py","LF"
"C:\SNS_24AutoProject_250723\venv\Lib\site-packages\coverage\disposition.py","LF"
"C:\SNS_24AutoProject_250723\venv\Lib\site-packages\coverage\env.py","LF"
"C:\SNS_24AutoProject_250723\venv\Lib\site-packages\coverage\exceptions.py","LF"
"C:\SNS_24AutoProject_250723\venv\Lib\site-packages\coverage\execfile.py","LF"
"C:\SNS_24AutoProject_250723\venv\Lib\site-packages\coverage\files.py","LF"
"C:\SNS_24AutoProject_250723\venv\Lib\site-packages\coverage\html.py","LF"
"C:\SNS_24AutoProject_250723\venv\Lib\site-packages\coverage\inorout.py","LF"
"C:\SNS_24AutoProject_250723\venv\Lib\site-packages\coverage\jsonreport.py","LF"
"C:\SNS_24AutoProject_250723\venv\Lib\site-packages\coverage\lcovreport.py","LF"
"C:\SNS_24AutoProject_250723\venv\Lib\site-packages\coverage\misc.py","LF"
"C:\SNS_24AutoProject_250723\venv\Lib\site-packages\coverage\multiproc.py","LF"
"C:\SNS_24AutoProject_250723\venv\Lib\site-packages\coverage\numbits.py","LF"
"C:\SNS_24AutoProject_250723\venv\Lib\site-packages\coverage\parser.py","LF"
"C:\SNS_24AutoProject_250723\venv\Lib\site-packages\coverage\patch.py","LF"
"C:\SNS_24AutoProject_250723\venv\Lib\site-packages\coverage\phystokens.py","LF"
"C:\SNS_24AutoProject_250723\venv\Lib\site-packages\coverage\plugin.py","LF"
"C:\SNS_24AutoProject_250723\venv\Lib\site-packages\coverage\plugin_support.py","LF"
"C:\SNS_24AutoProject_250723\venv\Lib\site-packages\coverage\python.py","LF"
"C:\SNS_24AutoProject_250723\venv\Lib\site-packages\coverage\pytracer.py","LF"
"C:\SNS_24AutoProject_250723\venv\Lib\site-packages\coverage\regions.py","LF"
"C:\SNS_24AutoProject_250723\venv\Lib\site-packages\coverage\report.py","LF"
"C:\SNS_24AutoProject_250723\venv\Lib\site-packages\coverage\report_core.py","LF"
"C:\SNS_24AutoProject_250723\venv\Lib\site-packages\coverage\results.py","LF"
"C:\SNS_24AutoProject_250723\venv\Lib\site-packages\coverage\sqldata.py","LF"
"C:\SNS_24AutoProject_250723\venv\Lib\site-packages\coverage\sqlitedb.py","LF"
"C:\SNS_24AutoProject_250723\venv\Lib\site-packages\coverage\sysmon.py","LF"
"C:\SNS_24AutoProject_250723\venv\Lib\site-packages\coverage\templite.py","LF"
"C:\SNS_24AutoProject_250723\venv\Lib\site-packages\coverage\tomlconfig.py","LF"
"C:\SNS_24AutoProject_250723\venv\Lib\site-packages\coverage\types.py","LF"
"C:\SNS_24AutoProject_250723\venv\Lib\site-packages\coverage\version.py","LF"
"C:\SNS_24AutoProject_250723\venv\Lib\site-packages\coverage\xmlreport.py","LF"
"C:\SNS_24AutoProject_250723\venv\Lib\site-packages\coverage\__init__.py","LF"
"C:\SNS_24AutoProject_250723\venv\Lib\site-packages\coverage\__main__.py","LF"
"C:\SNS_24AutoProject_250723\venv\Lib\site-packages\Cryptodome\Cipher\AES.py","LF"
"C:\SNS_24AutoProject_250723\venv\Lib\site-packages\Cryptodome\Cipher\ARC2.py","LF"
"C:\SNS_24AutoProject_250723\venv\Lib\site-packages\Cryptodome\Cipher\ARC4.py","LF"
"C:\SNS_24AutoProject_250723\venv\Lib\site-packages\Cryptodome\Cipher\Blowfish.py","LF"
"C:\SNS_24AutoProject_250723\venv\Lib\site-packages\Cryptodome\Cipher\CAST.py","LF"
"C:\SNS_24AutoProject_250723\venv\Lib\site-packages\Cryptodome\Cipher\ChaCha20.py","LF"
"C:\SNS_24AutoProject_250723\venv\Lib\site-packages\Cryptodome\Cipher\ChaCha20_Poly1305.py","LF"
"C:\SNS_24AutoProject_250723\venv\Lib\site-packages\Cryptodome\Cipher\DES.py","LF"
"C:\SNS_24AutoProject_250723\venv\Lib\site-packages\Cryptodome\Cipher\DES3.py","LF"
"C:\SNS_24AutoProject_250723\venv\Lib\site-packages\Cryptodome\Cipher\PKCS1_OAEP.py","LF"
"C:\SNS_24AutoProject_250723\venv\Lib\site-packages\Cryptodome\Cipher\PKCS1_v1_5.py","LF"
"C:\SNS_24AutoProject_250723\venv\Lib\site-packages\Cryptodome\Cipher\Salsa20.py","LF"
"C:\SNS_24AutoProject_250723\venv\Lib\site-packages\Cryptodome\Cipher\_EKSBlowfish.py","LF"
"C:\SNS_24AutoProject_250723\venv\Lib\site-packages\Cryptodome\Cipher\_mode_cbc.py","LF"
"C:\SNS_24AutoProject_250723\venv\Lib\site-packages\Cryptodome\Cipher\_mode_ccm.py","LF"
"C:\SNS_24AutoProject_250723\venv\Lib\site-packages\Cryptodome\Cipher\_mode_cfb.py","LF"
"C:\SNS_24AutoProject_250723\venv\Lib\site-packages\Cryptodome\Cipher\_mode_ctr.py","LF"
"C:\SNS_24AutoProject_250723\venv\Lib\site-packages\Cryptodome\Cipher\_mode_eax.py","LF"
"C:\SNS_24AutoProject_250723\venv\Lib\site-packages\Cryptodome\Cipher\_mode_ecb.py","LF"
"C:\SNS_24AutoProject_250723\venv\Lib\site-packages\Cryptodome\Cipher\_mode_gcm.py","LF"
"C:\SNS_24AutoProject_250723\venv\Lib\site-packages\Cryptodome\Cipher\_mode_kw.py","LF"
"C:\SNS_24AutoProject_250723\venv\Lib\site-packages\Cryptodome\Cipher\_mode_kwp.py","LF"
"C:\SNS_24AutoProject_250723\venv\Lib\site-packages\Cryptodome\Cipher\_mode_ocb.py","LF"
"C:\SNS_24AutoProject_250723\venv\Lib\site-packages\Cryptodome\Cipher\_mode_ofb.py","LF"
"C:\SNS_24AutoProject_250723\venv\Lib\site-packages\Cryptodome\Cipher\_mode_openpgp.py","LF"
"C:\SNS_24AutoProject_250723\venv\Lib\site-packages\Cryptodome\Cipher\_mode_siv.py","LF"
"C:\SNS_24AutoProject_250723\venv\Lib\site-packages\Cryptodome\Cipher\_pkcs1_oaep_decode.py","LF"
"C:\SNS_24AutoProject_250723\venv\Lib\site-packages\Cryptodome\Cipher\__init__.py","LF"
"C:\SNS_24AutoProject_250723\venv\Lib\site-packages\Cryptodome\Hash\BLAKE2b.py","LF"
"C:\SNS_24AutoProject_250723\venv\Lib\site-packages\Cryptodome\Hash\BLAKE2s.py","LF"
"C:\SNS_24AutoProject_250723\venv\Lib\site-packages\Cryptodome\Hash\CMAC.py","LF"
"C:\SNS_24AutoProject_250723\venv\Lib\site-packages\Cryptodome\Hash\cSHAKE128.py","LF"
"C:\SNS_24AutoProject_250723\venv\Lib\site-packages\Cryptodome\Hash\cSHAKE256.py","LF"
"C:\SNS_24AutoProject_250723\venv\Lib\site-packages\Cryptodome\Hash\HMAC.py","LF"
"C:\SNS_24AutoProject_250723\venv\Lib\site-packages\Cryptodome\Hash\KangarooTwelve.py","LF"
"C:\SNS_24AutoProject_250723\venv\Lib\site-packages\Cryptodome\Hash\keccak.py","LF"
"C:\SNS_24AutoProject_250723\venv\Lib\site-packages\Cryptodome\Hash\KMAC128.py","LF"
"C:\SNS_24AutoProject_250723\venv\Lib\site-packages\Cryptodome\Hash\KMAC256.py","LF"
"C:\SNS_24AutoProject_250723\venv\Lib\site-packages\Cryptodome\Hash\MD2.py","LF"
"C:\SNS_24AutoProject_250723\venv\Lib\site-packages\Cryptodome\Hash\MD4.py","LF"
"C:\SNS_24AutoProject_250723\venv\Lib\site-packages\Cryptodome\Hash\MD5.py","LF"
"C:\SNS_24AutoProject_250723\venv\Lib\site-packages\Cryptodome\Hash\Poly1305.py","LF"
"C:\SNS_24AutoProject_250723\venv\Lib\site-packages\Cryptodome\Hash\RIPEMD.py","LF"
"C:\SNS_24AutoProject_250723\venv\Lib\site-packages\Cryptodome\Hash\RIPEMD160.py","LF"
"C:\SNS_24AutoProject_250723\venv\Lib\site-packages\Cryptodome\Hash\SHA.py","LF"
"C:\SNS_24AutoProject_250723\venv\Lib\site-packages\Cryptodome\Hash\SHA1.py","LF"
"C:\SNS_24AutoProject_250723\venv\Lib\site-packages\Cryptodome\Hash\SHA224.py","LF"
"C:\SNS_24AutoProject_250723\venv\Lib\site-packages\Cryptodome\Hash\SHA256.py","LF"
"C:\SNS_24AutoProject_250723\venv\Lib\site-packages\Cryptodome\Hash\SHA384.py","LF"
"C:\SNS_24AutoProject_250723\venv\Lib\site-packages\Cryptodome\Hash\SHA3_224.py","LF"
"C:\SNS_24AutoProject_250723\venv\Lib\site-packages\Cryptodome\Hash\SHA3_256.py","LF"
"C:\SNS_24AutoProject_250723\venv\Lib\site-packages\Cryptodome\Hash\SHA3_384.py","LF"
"C:\SNS_24AutoProject_250723\venv\Lib\site-packages\Cryptodome\Hash\SHA3_512.py","LF"
"C:\SNS_24AutoProject_250723\venv\Lib\site-packages\Cryptodome\Hash\SHA512.py","LF"
"C:\SNS_24AutoProject_250723\venv\Lib\site-packages\Cryptodome\Hash\SHAKE128.py","LF"
"C:\SNS_24AutoProject_250723\venv\Lib\site-packages\Cryptodome\Hash\SHAKE256.py","LF"
"C:\SNS_24AutoProject_250723\venv\Lib\site-packages\Cryptodome\Hash\TupleHash128.py","LF"
"C:\SNS_24AutoProject_250723\venv\Lib\site-packages\Cryptodome\Hash\TupleHash256.py","LF"
"C:\SNS_24AutoProject_250723\venv\Lib\site-packages\Cryptodome\Hash\TurboSHAKE128.py","LF"
"C:\SNS_24AutoProject_250723\venv\Lib\site-packages\Cryptodome\Hash\TurboSHAKE256.py","LF"
"C:\SNS_24AutoProject_250723\venv\Lib\site-packages\Cryptodome\Hash\__init__.py","LF"
"C:\SNS_24AutoProject_250723\venv\Lib\site-packages\Cryptodome\IO\PEM.py","LF"
"C:\SNS_24AutoProject_250723\venv\Lib\site-packages\Cryptodome\IO\PKCS8.py","LF"
"C:\SNS_24AutoProject_250723\venv\Lib\site-packages\Cryptodome\IO\_PBES.py","LF"
"C:\SNS_24AutoProject_250723\venv\Lib\site-packages\Cryptodome\IO\__init__.py","LF"
"C:\SNS_24AutoProject_250723\venv\Lib\site-packages\Cryptodome\Math\Numbers.py","LF"
"C:\SNS_24AutoProject_250723\venv\Lib\site-packages\Cryptodome\Math\Primality.py","LF"
"C:\SNS_24AutoProject_250723\venv\Lib\site-packages\Cryptodome\Math\_IntegerBase.py","LF"
"C:\SNS_24AutoProject_250723\venv\Lib\site-packages\Cryptodome\Math\_IntegerCustom.py","LF"
"C:\SNS_24AutoProject_250723\venv\Lib\site-packages\Cryptodome\Math\_IntegerGMP.py","LF"
"C:\SNS_24AutoProject_250723\venv\Lib\site-packages\Cryptodome\Math\_IntegerNative.py","LF"
"C:\SNS_24AutoProject_250723\venv\Lib\site-packages\Cryptodome\Math\__init__.py","UNKNOWN"
"C:\SNS_24AutoProject_250723\venv\Lib\site-packages\Cryptodome\Protocol\DH.py","LF"
"C:\SNS_24AutoProject_250723\venv\Lib\site-packages\Cryptodome\Protocol\HPKE.py","LF"
"C:\SNS_24AutoProject_250723\venv\Lib\site-packages\Cryptodome\Protocol\KDF.py","LF"
"C:\SNS_24AutoProject_250723\venv\Lib\site-packages\Cryptodome\Protocol\SecretSharing.py","LF"
"C:\SNS_24AutoProject_250723\venv\Lib\site-packages\Cryptodome\Protocol\__init__.py","LF"
"C:\SNS_24AutoProject_250723\venv\Lib\site-packages\Cryptodome\PublicKey\DSA.py","LF"
"C:\SNS_24AutoProject_250723\venv\Lib\site-packages\Cryptodome\PublicKey\ECC.py","LF"
"C:\SNS_24AutoProject_250723\venv\Lib\site-packages\Cryptodome\PublicKey\ElGamal.py","LF"
"C:\SNS_24AutoProject_250723\venv\Lib\site-packages\Cryptodome\PublicKey\RSA.py","LF"
"C:\SNS_24AutoProject_250723\venv\Lib\site-packages\Cryptodome\PublicKey\_curve.py","LF"
"C:\SNS_24AutoProject_250723\venv\Lib\site-packages\Cryptodome\PublicKey\_edwards.py","LF"
"C:\SNS_24AutoProject_250723\venv\Lib\site-packages\Cryptodome\PublicKey\_montgomery.py","LF"
"C:\SNS_24AutoProject_250723\venv\Lib\site-packages\Cryptodome\PublicKey\_nist_ecc.py","LF"
"C:\SNS_24AutoProject_250723\venv\Lib\site-packages\Cryptodome\PublicKey\_openssh.py","LF"
"C:\SNS_24AutoProject_250723\venv\Lib\site-packages\Cryptodome\PublicKey\_point.py","LF"
"C:\SNS_24AutoProject_250723\venv\Lib\site-packages\Cryptodome\PublicKey\__init__.py","LF"
"C:\SNS_24AutoProject_250723\venv\Lib\site-packages\Cryptodome\Random\random.py","LF"
"C:\SNS_24AutoProject_250723\venv\Lib\site-packages\Cryptodome\Random\__init__.py","LF"
"C:\SNS_24AutoProject_250723\venv\Lib\site-packages\Cryptodome\SelfTest\Cipher\common.py","LF"
"C:\SNS_24AutoProject_250723\venv\Lib\site-packages\Cryptodome\SelfTest\Cipher\test_AES.py","LF"
"C:\SNS_24AutoProject_250723\venv\Lib\site-packages\Cryptodome\SelfTest\Cipher\test_ARC2.py","LF"
"C:\SNS_24AutoProject_250723\venv\Lib\site-packages\Cryptodome\SelfTest\Cipher\test_ARC4.py","LF"
"C:\SNS_24AutoProject_250723\venv\Lib\site-packages\Cryptodome\SelfTest\Cipher\test_Blowfish.py","LF"
"C:\SNS_24AutoProject_250723\venv\Lib\site-packages\Cryptodome\SelfTest\Cipher\test_CAST.py","LF"
"C:\SNS_24AutoProject_250723\venv\Lib\site-packages\Cryptodome\SelfTest\Cipher\test_CBC.py","LF"
"C:\SNS_24AutoProject_250723\venv\Lib\site-packages\Cryptodome\SelfTest\Cipher\test_CCM.py","LF"
"C:\SNS_24AutoProject_250723\venv\Lib\site-packages\Cryptodome\SelfTest\Cipher\test_CFB.py","LF"
"C:\SNS_24AutoProject_250723\venv\Lib\site-packages\Cryptodome\SelfTest\Cipher\test_ChaCha20.py","LF"
"C:\SNS_24AutoProject_250723\venv\Lib\site-packages\Cryptodome\SelfTest\Cipher\test_ChaCha20_Poly1305.py","LF"
"C:\SNS_24AutoProject_250723\venv\Lib\site-packages\Cryptodome\SelfTest\Cipher\test_CTR.py","LF"
"C:\SNS_24AutoProject_250723\venv\Lib\site-packages\Cryptodome\SelfTest\Cipher\test_DES.py","LF"
"C:\SNS_24AutoProject_250723\venv\Lib\site-packages\Cryptodome\SelfTest\Cipher\test_DES3.py","LF"
"C:\SNS_24AutoProject_250723\venv\Lib\site-packages\Cryptodome\SelfTest\Cipher\test_EAX.py","LF"
"C:\SNS_24AutoProject_250723\venv\Lib\site-packages\Cryptodome\SelfTest\Cipher\test_GCM.py","LF"
"C:\SNS_24AutoProject_250723\venv\Lib\site-packages\Cryptodome\SelfTest\Cipher\test_KW.py","LF"
"C:\SNS_24AutoProject_250723\venv\Lib\site-packages\Cryptodome\SelfTest\Cipher\test_OCB.py","LF"
"C:\SNS_24AutoProject_250723\venv\Lib\site-packages\Cryptodome\SelfTest\Cipher\test_OFB.py","LF"
"C:\SNS_24AutoProject_250723\venv\Lib\site-packages\Cryptodome\SelfTest\Cipher\test_OpenPGP.py","LF"
"C:\SNS_24AutoProject_250723\venv\Lib\site-packages\Cryptodome\SelfTest\Cipher\test_pkcs1_15.py","LF"
"C:\SNS_24AutoProject_250723\venv\Lib\site-packages\Cryptodome\SelfTest\Cipher\test_pkcs1_oaep.py","LF"
"C:\SNS_24AutoProject_250723\venv\Lib\site-packages\Cryptodome\SelfTest\Cipher\test_Salsa20.py","LF"
"C:\SNS_24AutoProject_250723\venv\Lib\site-packages\Cryptodome\SelfTest\Cipher\test_SIV.py","LF"
"C:\SNS_24AutoProject_250723\venv\Lib\site-packages\Cryptodome\SelfTest\Cipher\__init__.py","LF"
"C:\SNS_24AutoProject_250723\venv\Lib\site-packages\Cryptodome\SelfTest\Hash\common.py","LF"
"C:\SNS_24AutoProject_250723\venv\Lib\site-packages\Cryptodome\SelfTest\Hash\test_BLAKE2.py","LF"
"C:\SNS_24AutoProject_250723\venv\Lib\site-packages\Cryptodome\SelfTest\Hash\test_CMAC.py","LF"
"C:\SNS_24AutoProject_250723\venv\Lib\site-packages\Cryptodome\SelfTest\Hash\test_cSHAKE.py","LF"
"C:\SNS_24AutoProject_250723\venv\Lib\site-packages\Cryptodome\SelfTest\Hash\test_HMAC.py","LF"
"C:\SNS_24AutoProject_250723\venv\Lib\site-packages\Cryptodome\SelfTest\Hash\test_KangarooTwelve.py","LF"
"C:\SNS_24AutoProject_250723\venv\Lib\site-packages\Cryptodome\SelfTest\Hash\test_keccak.py","LF"
"C:\SNS_24AutoProject_250723\venv\Lib\site-packages\Cryptodome\SelfTest\Hash\test_KMAC.py","LF"
"C:\SNS_24AutoProject_250723\venv\Lib\site-packages\Cryptodome\SelfTest\Hash\test_MD2.py","LF"
"C:\SNS_24AutoProject_250723\venv\Lib\site-packages\Cryptodome\SelfTest\Hash\test_MD4.py","LF"
"C:\SNS_24AutoProject_250723\venv\Lib\site-packages\Cryptodome\SelfTest\Hash\test_MD5.py","LF"
"C:\SNS_24AutoProject_250723\venv\Lib\site-packages\Cryptodome\SelfTest\Hash\test_Poly1305.py","LF"
"C:\SNS_24AutoProject_250723\venv\Lib\site-packages\Cryptodome\SelfTest\Hash\test_RIPEMD160.py","LF"
"C:\SNS_24AutoProject_250723\venv\Lib\site-packages\Cryptodome\SelfTest\Hash\test_SHA1.py","LF"
"C:\SNS_24AutoProject_250723\venv\Lib\site-packages\Cryptodome\SelfTest\Hash\test_SHA224.py","LF"
"C:\SNS_24AutoProject_250723\venv\Lib\site-packages\Cryptodome\SelfTest\Hash\test_SHA256.py","LF"
"C:\SNS_24AutoProject_250723\venv\Lib\site-packages\Cryptodome\SelfTest\Hash\test_SHA384.py","LF"
"C:\SNS_24AutoProject_250723\venv\Lib\site-packages\Cryptodome\SelfTest\Hash\test_SHA3_224.py","LF"
"C:\SNS_24AutoProject_250723\venv\Lib\site-packages\Cryptodome\SelfTest\Hash\test_SHA3_256.py","LF"
"C:\SNS_24AutoProject_250723\venv\Lib\site-packages\Cryptodome\SelfTest\Hash\test_SHA3_384.py","LF"
"C:\SNS_24AutoProject_250723\venv\Lib\site-packages\Cryptodome\SelfTest\Hash\test_SHA3_512.py","LF"
"C:\SNS_24AutoProject_250723\venv\Lib\site-packages\Cryptodome\SelfTest\Hash\test_SHA512.py","LF"
"C:\SNS_24AutoProject_250723\venv\Lib\site-packages\Cryptodome\SelfTest\Hash\test_SHAKE.py","LF"
"C:\SNS_24AutoProject_250723\venv\Lib\site-packages\Cryptodome\SelfTest\Hash\test_TupleHash.py","LF"
"C:\SNS_24AutoProject_250723\venv\Lib\site-packages\Cryptodome\SelfTest\Hash\test_TurboSHAKE.py","LF"
"C:\SNS_24AutoProject_250723\venv\Lib\site-packages\Cryptodome\SelfTest\Hash\__init__.py","LF"
"C:\SNS_24AutoProject_250723\venv\Lib\site-packages\Cryptodome\SelfTest\IO\test_PBES.py","LF"
"C:\SNS_24AutoProject_250723\venv\Lib\site-packages\Cryptodome\SelfTest\IO\test_PKCS8.py","LF"
"C:\SNS_24AutoProject_250723\venv\Lib\site-packages\Cryptodome\SelfTest\IO\__init__.py","LF"
"C:\SNS_24AutoProject_250723\venv\Lib\site-packages\Cryptodome\SelfTest\Math\test_modexp.py","LF"
"C:\SNS_24AutoProject_250723\venv\Lib\site-packages\Cryptodome\SelfTest\Math\test_modmult.py","LF"
"C:\SNS_24AutoProject_250723\venv\Lib\site-packages\Cryptodome\SelfTest\Math\test_Numbers.py","LF"
"C:\SNS_24AutoProject_250723\venv\Lib\site-packages\Cryptodome\SelfTest\Math\test_Primality.py","LF"
"C:\SNS_24AutoProject_250723\venv\Lib\site-packages\Cryptodome\SelfTest\Math\__init__.py","LF"
"C:\SNS_24AutoProject_250723\venv\Lib\site-packages\Cryptodome\SelfTest\Protocol\test_ecdh.py","LF"
"C:\SNS_24AutoProject_250723\venv\Lib\site-packages\Cryptodome\SelfTest\Protocol\test_HPKE.py","LF"
"C:\SNS_24AutoProject_250723\venv\Lib\site-packages\Cryptodome\SelfTest\Protocol\test_KDF.py","LF"
"C:\SNS_24AutoProject_250723\venv\Lib\site-packages\Cryptodome\SelfTest\Protocol\test_rfc1751.py","LF"
"C:\SNS_24AutoProject_250723\venv\Lib\site-packages\Cryptodome\SelfTest\Protocol\test_SecretSharing.py","LF"
"C:\SNS_24AutoProject_250723\venv\Lib\site-packages\Cryptodome\SelfTest\Protocol\__init__.py","LF"
"C:\SNS_24AutoProject_250723\venv\Lib\site-packages\Cryptodome\SelfTest\PublicKey\test_DSA.py","LF"
"C:\SNS_24AutoProject_250723\venv\Lib\site-packages\Cryptodome\SelfTest\PublicKey\test_ECC_Curve25519.py","LF"
"C:\SNS_24AutoProject_250723\venv\Lib\site-packages\Cryptodome\SelfTest\PublicKey\test_ECC_Curve448.py","LF"
"C:\SNS_24AutoProject_250723\venv\Lib\site-packages\Cryptodome\SelfTest\PublicKey\test_ECC_Ed25519.py","LF"
"C:\SNS_24AutoProject_250723\venv\Lib\site-packages\Cryptodome\SelfTest\PublicKey\test_ECC_Ed448.py","LF"
"C:\SNS_24AutoProject_250723\venv\Lib\site-packages\Cryptodome\SelfTest\PublicKey\test_ECC_NIST.py","LF"
"C:\SNS_24AutoProject_250723\venv\Lib\site-packages\Cryptodome\SelfTest\PublicKey\test_ElGamal.py","LF"
"C:\SNS_24AutoProject_250723\venv\Lib\site-packages\Cryptodome\SelfTest\PublicKey\test_import_Curve25519.py","LF"
"C:\SNS_24AutoProject_250723\venv\Lib\site-packages\Cryptodome\SelfTest\PublicKey\test_import_Curve448.py","LF"
"C:\SNS_24AutoProject_250723\venv\Lib\site-packages\Cryptodome\SelfTest\PublicKey\test_import_DSA.py","LF"
"C:\SNS_24AutoProject_250723\venv\Lib\site-packages\Cryptodome\SelfTest\PublicKey\test_import_ECC.py","LF"
"C:\SNS_24AutoProject_250723\venv\Lib\site-packages\Cryptodome\SelfTest\PublicKey\test_import_RSA.py","LF"
"C:\SNS_24AutoProject_250723\venv\Lib\site-packages\Cryptodome\SelfTest\PublicKey\test_RSA.py","LF"
"C:\SNS_24AutoProject_250723\venv\Lib\site-packages\Cryptodome\SelfTest\PublicKey\__init__.py","LF"
"C:\SNS_24AutoProject_250723\venv\Lib\site-packages\Cryptodome\SelfTest\Random\test_random.py","LF"
"C:\SNS_24AutoProject_250723\venv\Lib\site-packages\Cryptodome\SelfTest\Random\__init__.py","LF"
"C:\SNS_24AutoProject_250723\venv\Lib\site-packages\Cryptodome\SelfTest\Signature\test_dss.py","LF"
"C:\SNS_24AutoProject_250723\venv\Lib\site-packages\Cryptodome\SelfTest\Signature\test_eddsa.py","LF"
"C:\SNS_24AutoProject_250723\venv\Lib\site-packages\Cryptodome\SelfTest\Signature\test_pkcs1_15.py","LF"
"C:\SNS_24AutoProject_250723\venv\Lib\site-packages\Cryptodome\SelfTest\Signature\test_pss.py","LF"
"C:\SNS_24AutoProject_250723\venv\Lib\site-packages\Cryptodome\SelfTest\Signature\__init__.py","LF"
"C:\SNS_24AutoProject_250723\venv\Lib\site-packages\Cryptodome\SelfTest\Util\test_asn1.py","LF"
"C:\SNS_24AutoProject_250723\venv\Lib\site-packages\Cryptodome\SelfTest\Util\test_Counter.py","LF"
"C:\SNS_24AutoProject_250723\venv\Lib\site-packages\Cryptodome\SelfTest\Util\test_number.py","LF"
"C:\SNS_24AutoProject_250723\venv\Lib\site-packages\Cryptodome\SelfTest\Util\test_Padding.py","LF"
"C:\SNS_24AutoProject_250723\venv\Lib\site-packages\Cryptodome\SelfTest\Util\test_rfc1751.py","LF"
"C:\SNS_24AutoProject_250723\venv\Lib\site-packages\Cryptodome\SelfTest\Util\test_strxor.py","LF"
"C:\SNS_24AutoProject_250723\venv\Lib\site-packages\Cryptodome\SelfTest\Util\__init__.py","LF"
"C:\SNS_24AutoProject_250723\venv\Lib\site-packages\Cryptodome\SelfTest\loader.py","LF"
"C:\SNS_24AutoProject_250723\venv\Lib\site-packages\Cryptodome\SelfTest\st_common.py","LF"
"C:\SNS_24AutoProject_250723\venv\Lib\site-packages\Cryptodome\SelfTest\__init__.py","LF"
"C:\SNS_24AutoProject_250723\venv\Lib\site-packages\Cryptodome\SelfTest\__main__.py","LF"
"C:\SNS_24AutoProject_250723\venv\Lib\site-packages\Cryptodome\Signature\DSS.py","LF"
"C:\SNS_24AutoProject_250723\venv\Lib\site-packages\Cryptodome\Signature\eddsa.py","LF"
"C:\SNS_24AutoProject_250723\venv\Lib\site-packages\Cryptodome\Signature\pkcs1_15.py","LF"
"C:\SNS_24AutoProject_250723\venv\Lib\site-packages\Cryptodome\Signature\PKCS1_PSS.py","LF"
"C:\SNS_24AutoProject_250723\venv\Lib\site-packages\Cryptodome\Signature\PKCS1_v1_5.py","LF"
"C:\SNS_24AutoProject_250723\venv\Lib\site-packages\Cryptodome\Signature\pss.py","LF"
"C:\SNS_24AutoProject_250723\venv\Lib\site-packages\Cryptodome\Signature\__init__.py","LF"
"C:\SNS_24AutoProject_250723\venv\Lib\site-packages\Cryptodome\Util\asn1.py","LF"
"C:\SNS_24AutoProject_250723\venv\Lib\site-packages\Cryptodome\Util\Counter.py","LF"
"C:\SNS_24AutoProject_250723\venv\Lib\site-packages\Cryptodome\Util\number.py","LF"
"C:\SNS_24AutoProject_250723\venv\Lib\site-packages\Cryptodome\Util\Padding.py","LF"
"C:\SNS_24AutoProject_250723\venv\Lib\site-packages\Cryptodome\Util\py3compat.py","LF"
"C:\SNS_24AutoProject_250723\venv\Lib\site-packages\Cryptodome\Util\RFC1751.py","LF"
"C:\SNS_24AutoProject_250723\venv\Lib\site-packages\Cryptodome\Util\strxor.py","LF"
"C:\SNS_24AutoProject_250723\venv\Lib\site-packages\Cryptodome\Util\_cpu_features.py","LF"
"C:\SNS_24AutoProject_250723\venv\Lib\site-packages\Cryptodome\Util\_file_system.py","LF"
"C:\SNS_24AutoProject_250723\venv\Lib\site-packages\Cryptodome\Util\_raw_api.py","LF"
"C:\SNS_24AutoProject_250723\venv\Lib\site-packages\Cryptodome\Util\__init__.py","LF"
"C:\SNS_24AutoProject_250723\venv\Lib\site-packages\Cryptodome\__init__.py","LF"
"C:\SNS_24AutoProject_250723\venv\Lib\site-packages\distlib\compat.py","LF"
"C:\SNS_24AutoProject_250723\venv\Lib\site-packages\distlib\database.py","LF"
"C:\SNS_24AutoProject_250723\venv\Lib\site-packages\distlib\index.py","LF"
"C:\SNS_24AutoProject_250723\venv\Lib\site-packages\distlib\locators.py","LF"
"C:\SNS_24AutoProject_250723\venv\Lib\site-packages\distlib\manifest.py","LF"
"C:\SNS_24AutoProject_250723\venv\Lib\site-packages\distlib\markers.py","LF"
"C:\SNS_24AutoProject_250723\venv\Lib\site-packages\distlib\metadata.py","LF"
"C:\SNS_24AutoProject_250723\venv\Lib\site-packages\distlib\resources.py","LF"
"C:\SNS_24AutoProject_250723\venv\Lib\site-packages\distlib\scripts.py","LF"
"C:\SNS_24AutoProject_250723\venv\Lib\site-packages\distlib\util.py","LF"
"C:\SNS_24AutoProject_250723\venv\Lib\site-packages\distlib\version.py","LF"
"C:\SNS_24AutoProject_250723\venv\Lib\site-packages\distlib\wheel.py","LF"
"C:\SNS_24AutoProject_250723\venv\Lib\site-packages\distlib\__init__.py","LF"
"C:\SNS_24AutoProject_250723\venv\Lib\site-packages\dotenv\cli.py","LF"
"C:\SNS_24AutoProject_250723\venv\Lib\site-packages\dotenv\ipython.py","LF"
"C:\SNS_24AutoProject_250723\venv\Lib\site-packages\dotenv\main.py","LF"
"C:\SNS_24AutoProject_250723\venv\Lib\site-packages\dotenv\parser.py","LF"
"C:\SNS_24AutoProject_250723\venv\Lib\site-packages\dotenv\variables.py","LF"
"C:\SNS_24AutoProject_250723\venv\Lib\site-packages\dotenv\version.py","LF"
"C:\SNS_24AutoProject_250723\venv\Lib\site-packages\dotenv\__init__.py","LF"
"C:\SNS_24AutoProject_250723\venv\Lib\site-packages\dotenv\__main__.py","LF"
"C:\SNS_24AutoProject_250723\venv\Lib\site-packages\exceptiongroup\_catch.py","LF"
"C:\SNS_24AutoProject_250723\venv\Lib\site-packages\exceptiongroup\_exceptions.py","LF"
"C:\SNS_24AutoProject_250723\venv\Lib\site-packages\exceptiongroup\_formatting.py","LF"
"C:\SNS_24AutoProject_250723\venv\Lib\site-packages\exceptiongroup\_suppress.py","LF"
"C:\SNS_24AutoProject_250723\venv\Lib\site-packages\exceptiongroup\_version.py","LF"
"C:\SNS_24AutoProject_250723\venv\Lib\site-packages\exceptiongroup\__init__.py","LF"
"C:\SNS_24AutoProject_250723\venv\Lib\site-packages\filelock\asyncio.py","LF"
"C:\SNS_24AutoProject_250723\venv\Lib\site-packages\filelock\version.py","LF"
"C:\SNS_24AutoProject_250723\venv\Lib\site-packages\filelock\_api.py","LF"
"C:\SNS_24AutoProject_250723\venv\Lib\site-packages\filelock\_error.py","LF"
"C:\SNS_24AutoProject_250723\venv\Lib\site-packages\filelock\_soft.py","LF"
"C:\SNS_24AutoProject_250723\venv\Lib\site-packages\filelock\_unix.py","LF"
"C:\SNS_24AutoProject_250723\venv\Lib\site-packages\filelock\_util.py","LF"
"C:\SNS_24AutoProject_250723\venv\Lib\site-packages\filelock\_windows.py","LF"
"C:\SNS_24AutoProject_250723\venv\Lib\site-packages\filelock\__init__.py","LF"
"C:\SNS_24AutoProject_250723\venv\Lib\site-packages\h11\_abnf.py","LF"
"C:\SNS_24AutoProject_250723\venv\Lib\site-packages\h11\_connection.py","LF"
"C:\SNS_24AutoProject_250723\venv\Lib\site-packages\h11\_events.py","LF"
"C:\SNS_24AutoProject_250723\venv\Lib\site-packages\h11\_headers.py","LF"
"C:\SNS_24AutoProject_250723\venv\Lib\site-packages\h11\_readers.py","LF"
"C:\SNS_24AutoProject_250723\venv\Lib\site-packages\h11\_receivebuffer.py","LF"
"C:\SNS_24AutoProject_250723\venv\Lib\site-packages\h11\_state.py","LF"
"C:\SNS_24AutoProject_250723\venv\Lib\site-packages\h11\_util.py","LF"
"C:\SNS_24AutoProject_250723\venv\Lib\site-packages\h11\_version.py","LF"
"C:\SNS_24AutoProject_250723\venv\Lib\site-packages\h11\_writers.py","LF"
"C:\SNS_24AutoProject_250723\venv\Lib\site-packages\h11\__init__.py","LF"
"C:\SNS_24AutoProject_250723\venv\Lib\site-packages\identify\vendor\licenses.py","LF"
"C:\SNS_24AutoProject_250723\venv\Lib\site-packages\identify\vendor\__init__.py","UNKNOWN"
"C:\SNS_24AutoProject_250723\venv\Lib\site-packages\identify\cli.py","LF"
"C:\SNS_24AutoProject_250723\venv\Lib\site-packages\identify\extensions.py","LF"
"C:\SNS_24AutoProject_250723\venv\Lib\site-packages\identify\identify.py","LF"
"C:\SNS_24AutoProject_250723\venv\Lib\site-packages\identify\interpreters.py","LF"
"C:\SNS_24AutoProject_250723\venv\Lib\site-packages\identify\__init__.py","UNKNOWN"
"C:\SNS_24AutoProject_250723\venv\Lib\site-packages\idna\codec.py","LF"
"C:\SNS_24AutoProject_250723\venv\Lib\site-packages\idna\compat.py","LF"
"C:\SNS_24AutoProject_250723\venv\Lib\site-packages\idna\core.py","LF"
"C:\SNS_24AutoProject_250723\venv\Lib\site-packages\idna\idnadata.py","LF"
"C:\SNS_24AutoProject_250723\venv\Lib\site-packages\idna\intranges.py","LF"
"C:\SNS_24AutoProject_250723\venv\Lib\site-packages\idna\package_data.py","LF"
"C:\SNS_24AutoProject_250723\venv\Lib\site-packages\idna\uts46data.py","LF"
"C:\SNS_24AutoProject_250723\venv\Lib\site-packages\idna\__init__.py","LF"
"C:\SNS_24AutoProject_250723\venv\Lib\site-packages\imageio\config\extensions.py","LF"
"C:\SNS_24AutoProject_250723\venv\Lib\site-packages\imageio\config\plugins.py","LF"
"C:\SNS_24AutoProject_250723\venv\Lib\site-packages\imageio\config\__init__.py","LF"
"C:\SNS_24AutoProject_250723\venv\Lib\site-packages\imageio\core\fetching.py","LF"
"C:\SNS_24AutoProject_250723\venv\Lib\site-packages\imageio\core\findlib.py","LF"
"C:\SNS_24AutoProject_250723\venv\Lib\site-packages\imageio\core\format.py","LF"
"C:\SNS_24AutoProject_250723\venv\Lib\site-packages\imageio\core\imopen.py","LF"
"C:\SNS_24AutoProject_250723\venv\Lib\site-packages\imageio\core\legacy_plugin_wrapper.py","LF"
"C:\SNS_24AutoProject_250723\venv\Lib\site-packages\imageio\core\request.py","LF"
"C:\SNS_24AutoProject_250723\venv\Lib\site-packages\imageio\core\util.py","LF"
"C:\SNS_24AutoProject_250723\venv\Lib\site-packages\imageio\core\v3_plugin_api.py","LF"
"C:\SNS_24AutoProject_250723\venv\Lib\site-packages\imageio\core\__init__.py","LF"
"C:\SNS_24AutoProject_250723\venv\Lib\site-packages\imageio\plugins\bsdf.py","LF"
"C:\SNS_24AutoProject_250723\venv\Lib\site-packages\imageio\plugins\dicom.py","LF"
"C:\SNS_24AutoProject_250723\venv\Lib\site-packages\imageio\plugins\example.py","LF"
"C:\SNS_24AutoProject_250723\venv\Lib\site-packages\imageio\plugins\feisem.py","LF"
"C:\SNS_24AutoProject_250723\venv\Lib\site-packages\imageio\plugins\ffmpeg.py","LF"
"C:\SNS_24AutoProject_250723\venv\Lib\site-packages\imageio\plugins\fits.py","LF"
"C:\SNS_24AutoProject_250723\venv\Lib\site-packages\imageio\plugins\freeimage.py","LF"
"C:\SNS_24AutoProject_250723\venv\Lib\site-packages\imageio\plugins\freeimagemulti.py","LF"
"C:\SNS_24AutoProject_250723\venv\Lib\site-packages\imageio\plugins\gdal.py","LF"
"C:\SNS_24AutoProject_250723\venv\Lib\site-packages\imageio\plugins\grab.py","LF"
"C:\SNS_24AutoProject_250723\venv\Lib\site-packages\imageio\plugins\lytro.py","LF"
"C:\SNS_24AutoProject_250723\venv\Lib\site-packages\imageio\plugins\npz.py","LF"
"C:\SNS_24AutoProject_250723\venv\Lib\site-packages\imageio\plugins\opencv.py","LF"
"C:\SNS_24AutoProject_250723\venv\Lib\site-packages\imageio\plugins\pillow.py","LF"
"C:\SNS_24AutoProject_250723\venv\Lib\site-packages\imageio\plugins\pillowmulti.py","LF"
"C:\SNS_24AutoProject_250723\venv\Lib\site-packages\imageio\plugins\pillow_info.py","LF"
"C:\SNS_24AutoProject_250723\venv\Lib\site-packages\imageio\plugins\pillow_legacy.py","LF"
"C:\SNS_24AutoProject_250723\venv\Lib\site-packages\imageio\plugins\pyav.py","LF"
"C:\SNS_24AutoProject_250723\venv\Lib\site-packages\imageio\plugins\rawpy.py","LF"
"C:\SNS_24AutoProject_250723\venv\Lib\site-packages\imageio\plugins\simpleitk.py","LF"
"C:\SNS_24AutoProject_250723\venv\Lib\site-packages\imageio\plugins\spe.py","LF"
"C:\SNS_24AutoProject_250723\venv\Lib\site-packages\imageio\plugins\swf.py","LF"
"C:\SNS_24AutoProject_250723\venv\Lib\site-packages\imageio\plugins\tifffile.py","LF"
"C:\SNS_24AutoProject_250723\venv\Lib\site-packages\imageio\plugins\tifffile_v3.py","LF"
"C:\SNS_24AutoProject_250723\venv\Lib\site-packages\imageio\plugins\_bsdf.py","LF"
"C:\SNS_24AutoProject_250723\venv\Lib\site-packages\imageio\plugins\_dicom.py","LF"
"C:\SNS_24AutoProject_250723\venv\Lib\site-packages\imageio\plugins\_freeimage.py","LF"
"C:\SNS_24AutoProject_250723\venv\Lib\site-packages\imageio\plugins\_swf.py","LF"
"C:\SNS_24AutoProject_250723\venv\Lib\site-packages\imageio\plugins\_tifffile.py","LF"
"C:\SNS_24AutoProject_250723\venv\Lib\site-packages\imageio\plugins\__init__.py","LF"
"C:\SNS_24AutoProject_250723\venv\Lib\site-packages\imageio\freeze.py","LF"
"C:\SNS_24AutoProject_250723\venv\Lib\site-packages\imageio\testing.py","LF"
"C:\SNS_24AutoProject_250723\venv\Lib\site-packages\imageio\typing.py","LF"
"C:\SNS_24AutoProject_250723\venv\Lib\site-packages\imageio\v2.py","LF"
"C:\SNS_24AutoProject_250723\venv\Lib\site-packages\imageio\v3.py","LF"
"C:\SNS_24AutoProject_250723\venv\Lib\site-packages\imageio\__init__.py","LF"
"C:\SNS_24AutoProject_250723\venv\Lib\site-packages\imageio\__main__.py","LF"
"C:\SNS_24AutoProject_250723\venv\Lib\site-packages\imageio_ffmpeg\binaries\__init__.py","LF"
"C:\SNS_24AutoProject_250723\venv\Lib\site-packages\imageio_ffmpeg\_definitions.py","LF"
"C:\SNS_24AutoProject_250723\venv\Lib\site-packages\imageio_ffmpeg\_io.py","LF"
"C:\SNS_24AutoProject_250723\venv\Lib\site-packages\imageio_ffmpeg\_parsing.py","LF"
"C:\SNS_24AutoProject_250723\venv\Lib\site-packages\imageio_ffmpeg\_utils.py","LF"
"C:\SNS_24AutoProject_250723\venv\Lib\site-packages\imageio_ffmpeg\__init__.py","LF"
"C:\SNS_24AutoProject_250723\venv\Lib\site-packages\iniconfig\exceptions.py","LF"
"C:\SNS_24AutoProject_250723\venv\Lib\site-packages\iniconfig\_parse.py","LF"
"C:\SNS_24AutoProject_250723\venv\Lib\site-packages\iniconfig\_version.py","LF"
"C:\SNS_24AutoProject_250723\venv\Lib\site-packages\iniconfig\__init__.py","LF"
"C:\SNS_24AutoProject_250723\venv\Lib\site-packages\instagrapi\mixins\account.py","LF"
"C:\SNS_24AutoProject_250723\venv\Lib\site-packages\instagrapi\mixins\album.py","LF"
"C:\SNS_24AutoProject_250723\venv\Lib\site-packages\instagrapi\mixins\auth.py","LF"
"C:\SNS_24AutoProject_250723\venv\Lib\site-packages\instagrapi\mixins\bloks.py","LF"
"C:\SNS_24AutoProject_250723\venv\Lib\site-packages\instagrapi\mixins\captcha.py","LF"
"C:\SNS_24AutoProject_250723\venv\Lib\site-packages\instagrapi\mixins\challenge.py","LF"
"C:\SNS_24AutoProject_250723\venv\Lib\site-packages\instagrapi\mixins\clip.py","LF"
"C:\SNS_24AutoProject_250723\venv\Lib\site-packages\instagrapi\mixins\collection.py","LF"
"C:\SNS_24AutoProject_250723\venv\Lib\site-packages\instagrapi\mixins\comment.py","LF"
"C:\SNS_24AutoProject_250723\venv\Lib\site-packages\instagrapi\mixins\direct.py","LF"
"C:\SNS_24AutoProject_250723\venv\Lib\site-packages\instagrapi\mixins\explore.py","LF"
"C:\SNS_24AutoProject_250723\venv\Lib\site-packages\instagrapi\mixins\fbsearch.py","LF"
"C:\SNS_24AutoProject_250723\venv\Lib\site-packages\instagrapi\mixins\fundraiser.py","LF"
"C:\SNS_24AutoProject_250723\venv\Lib\site-packages\instagrapi\mixins\hashtag.py","LF"
"C:\SNS_24AutoProject_250723\venv\Lib\site-packages\instagrapi\mixins\highlight.py","LF"
"C:\SNS_24AutoProject_250723\venv\Lib\site-packages\instagrapi\mixins\igtv.py","LF"
"C:\SNS_24AutoProject_250723\venv\Lib\site-packages\instagrapi\mixins\insights.py","LF"
"C:\SNS_24AutoProject_250723\venv\Lib\site-packages\instagrapi\mixins\location.py","LF"
"C:\SNS_24AutoProject_250723\venv\Lib\site-packages\instagrapi\mixins\media.py","LF"
"C:\SNS_24AutoProject_250723\venv\Lib\site-packages\instagrapi\mixins\multiple_accounts.py","LF"
"C:\SNS_24AutoProject_250723\venv\Lib\site-packages\instagrapi\mixins\note.py","LF"
"C:\SNS_24AutoProject_250723\venv\Lib\site-packages\instagrapi\mixins\notification.py","LF"
"C:\SNS_24AutoProject_250723\venv\Lib\site-packages\instagrapi\mixins\password.py","LF"
"C:\SNS_24AutoProject_250723\venv\Lib\site-packages\instagrapi\mixins\photo.py","LF"
"C:\SNS_24AutoProject_250723\venv\Lib\site-packages\instagrapi\mixins\private.py","LF"
"C:\SNS_24AutoProject_250723\venv\Lib\site-packages\instagrapi\mixins\public.py","LF"
"C:\SNS_24AutoProject_250723\venv\Lib\site-packages\instagrapi\mixins\share.py","LF"
"C:\SNS_24AutoProject_250723\venv\Lib\site-packages\instagrapi\mixins\signup.py","LF"
"C:\SNS_24AutoProject_250723\venv\Lib\site-packages\instagrapi\mixins\story.py","LF"
"C:\SNS_24AutoProject_250723\venv\Lib\site-packages\instagrapi\mixins\timeline.py","LF"
"C:\SNS_24AutoProject_250723\venv\Lib\site-packages\instagrapi\mixins\totp.py","LF"
"C:\SNS_24AutoProject_250723\venv\Lib\site-packages\instagrapi\mixins\track.py","LF"
"C:\SNS_24AutoProject_250723\venv\Lib\site-packages\instagrapi\mixins\user.py","LF"
"C:\SNS_24AutoProject_250723\venv\Lib\site-packages\instagrapi\mixins\video.py","LF"
"C:\SNS_24AutoProject_250723\venv\Lib\site-packages\instagrapi\mixins\__init__.py","UNKNOWN"
"C:\SNS_24AutoProject_250723\venv\Lib\site-packages\instagrapi\config.py","LF"
"C:\SNS_24AutoProject_250723\venv\Lib\site-packages\instagrapi\exceptions.py","LF"
"C:\SNS_24AutoProject_250723\venv\Lib\site-packages\instagrapi\extractors.py","LF"
"C:\SNS_24AutoProject_250723\venv\Lib\site-packages\instagrapi\image_util.py","LF"
"C:\SNS_24AutoProject_250723\venv\Lib\site-packages\instagrapi\story.py","LF"
"C:\SNS_24AutoProject_250723\venv\Lib\site-packages\instagrapi\types.py","LF"
"C:\SNS_24AutoProject_250723\venv\Lib\site-packages\instagrapi\utils.py","LF"
"C:\SNS_24AutoProject_250723\venv\Lib\site-packages\instagrapi\zones.py","LF"
"C:\SNS_24AutoProject_250723\venv\Lib\site-packages\instagrapi\__init__.py","LF"
"C:\SNS_24AutoProject_250723\venv\Lib\site-packages\moviepy\audio\fx\all\__init__.py","LF"
"C:\SNS_24AutoProject_250723\venv\Lib\site-packages\moviepy\audio\fx\audio_fadein.py","LF"
"C:\SNS_24AutoProject_250723\venv\Lib\site-packages\moviepy\audio\fx\audio_fadeout.py","LF"
"C:\SNS_24AutoProject_250723\venv\Lib\site-packages\moviepy\audio\fx\audio_left_right.py","LF"
"C:\SNS_24AutoProject_250723\venv\Lib\site-packages\moviepy\audio\fx\audio_loop.py","LF"
"C:\SNS_24AutoProject_250723\venv\Lib\site-packages\moviepy\audio\fx\audio_normalize.py","LF"
"C:\SNS_24AutoProject_250723\venv\Lib\site-packages\moviepy\audio\fx\volumex.py","LF"
"C:\SNS_24AutoProject_250723\venv\Lib\site-packages\moviepy\audio\fx\__init__.py","LF"
"C:\SNS_24AutoProject_250723\venv\Lib\site-packages\moviepy\audio\io\AudioFileClip.py","LF"
"C:\SNS_24AutoProject_250723\venv\Lib\site-packages\moviepy\audio\io\ffmpeg_audiowriter.py","LF"
"C:\SNS_24AutoProject_250723\venv\Lib\site-packages\moviepy\audio\io\preview.py","LF"
"C:\SNS_24AutoProject_250723\venv\Lib\site-packages\moviepy\audio\io\readers.py","LF"
"C:\SNS_24AutoProject_250723\venv\Lib\site-packages\moviepy\audio\io\__init__.py","LF"
"C:\SNS_24AutoProject_250723\venv\Lib\site-packages\moviepy\audio\tools\cuts.py","LF"
"C:\SNS_24AutoProject_250723\venv\Lib\site-packages\moviepy\audio\tools\__init__.py","LF"
"C:\SNS_24AutoProject_250723\venv\Lib\site-packages\moviepy\audio\AudioClip.py","LF"
"C:\SNS_24AutoProject_250723\venv\Lib\site-packages\moviepy\audio\__init__.py","UNKNOWN"
"C:\SNS_24AutoProject_250723\venv\Lib\site-packages\moviepy\video\compositing\CompositeVideoClip.py","LF"
"C:\SNS_24AutoProject_250723\venv\Lib\site-packages\moviepy\video\compositing\concatenate.py","LF"
"C:\SNS_24AutoProject_250723\venv\Lib\site-packages\moviepy\video\compositing\on_color.py","LF"
"C:\SNS_24AutoProject_250723\venv\Lib\site-packages\moviepy\video\compositing\positioning.py","LF"
"C:\SNS_24AutoProject_250723\venv\Lib\site-packages\moviepy\video\compositing\transitions.py","LF"
"C:\SNS_24AutoProject_250723\venv\Lib\site-packages\moviepy\video\compositing\__init__.py","UNKNOWN"
"C:\SNS_24AutoProject_250723\venv\Lib\site-packages\moviepy\video\fx\all\__init__.py","LF"
"C:\SNS_24AutoProject_250723\venv\Lib\site-packages\moviepy\video\fx\accel_decel.py","LF"
"C:\SNS_24AutoProject_250723\venv\Lib\site-packages\moviepy\video\fx\blackwhite.py","LF"
"C:\SNS_24AutoProject_250723\venv\Lib\site-packages\moviepy\video\fx\blink.py","LF"
"C:\SNS_24AutoProject_250723\venv\Lib\site-packages\moviepy\video\fx\colorx.py","LF"
"C:\SNS_24AutoProject_250723\venv\Lib\site-packages\moviepy\video\fx\crop.py","LF"
"C:\SNS_24AutoProject_250723\venv\Lib\site-packages\moviepy\video\fx\even_size.py","LF"
"C:\SNS_24AutoProject_250723\venv\Lib\site-packages\moviepy\video\fx\fadein.py","LF"
"C:\SNS_24AutoProject_250723\venv\Lib\site-packages\moviepy\video\fx\fadeout.py","LF"
"C:\SNS_24AutoProject_250723\venv\Lib\site-packages\moviepy\video\fx\freeze.py","LF"
"C:\SNS_24AutoProject_250723\venv\Lib\site-packages\moviepy\video\fx\freeze_region.py","LF"
"C:\SNS_24AutoProject_250723\venv\Lib\site-packages\moviepy\video\fx\gamma_corr.py","LF"
"C:\SNS_24AutoProject_250723\venv\Lib\site-packages\moviepy\video\fx\headblur.py","LF"
"C:\SNS_24AutoProject_250723\venv\Lib\site-packages\moviepy\video\fx\invert_colors.py","LF"
"C:\SNS_24AutoProject_250723\venv\Lib\site-packages\moviepy\video\fx\loop.py","LF"
"C:\SNS_24AutoProject_250723\venv\Lib\site-packages\moviepy\video\fx\lum_contrast.py","LF"
"C:\SNS_24AutoProject_250723\venv\Lib\site-packages\moviepy\video\fx\make_loopable.py","LF"
"C:\SNS_24AutoProject_250723\venv\Lib\site-packages\moviepy\video\fx\margin.py","LF"
"C:\SNS_24AutoProject_250723\venv\Lib\site-packages\moviepy\video\fx\mask_and.py","LF"
"C:\SNS_24AutoProject_250723\venv\Lib\site-packages\moviepy\video\fx\mask_color.py","LF"
"C:\SNS_24AutoProject_250723\venv\Lib\site-packages\moviepy\video\fx\mask_or.py","LF"
"C:\SNS_24AutoProject_250723\venv\Lib\site-packages\moviepy\video\fx\mirror_x.py","LF"
"C:\SNS_24AutoProject_250723\venv\Lib\site-packages\moviepy\video\fx\mirror_y.py","LF"
"C:\SNS_24AutoProject_250723\venv\Lib\site-packages\moviepy\video\fx\painting.py","LF"
"C:\SNS_24AutoProject_250723\venv\Lib\site-packages\moviepy\video\fx\resize.py","LF"
"C:\SNS_24AutoProject_250723\venv\Lib\site-packages\moviepy\video\fx\rotate.py","LF"
"C:\SNS_24AutoProject_250723\venv\Lib\site-packages\moviepy\video\fx\scroll.py","LF"
"C:\SNS_24AutoProject_250723\venv\Lib\site-packages\moviepy\video\fx\speedx.py","LF"
"C:\SNS_24AutoProject_250723\venv\Lib\site-packages\moviepy\video\fx\supersample.py","LF"
"C:\SNS_24AutoProject_250723\venv\Lib\site-packages\moviepy\video\fx\time_mirror.py","LF"
"C:\SNS_24AutoProject_250723\venv\Lib\site-packages\moviepy\video\fx\time_symmetrize.py","LF"
"C:\SNS_24AutoProject_250723\venv\Lib\site-packages\moviepy\video\fx\__init__.py","LF"
"C:\SNS_24AutoProject_250723\venv\Lib\site-packages\moviepy\video\io\bindings.py","LF"
"C:\SNS_24AutoProject_250723\venv\Lib\site-packages\moviepy\video\io\downloader.py","LF"
"C:\SNS_24AutoProject_250723\venv\Lib\site-packages\moviepy\video\io\ffmpeg_reader.py","LF"
"C:\SNS_24AutoProject_250723\venv\Lib\site-packages\moviepy\video\io\ffmpeg_tools.py","LF"
"C:\SNS_24AutoProject_250723\venv\Lib\site-packages\moviepy\video\io\ffmpeg_writer.py","LF"
"C:\SNS_24AutoProject_250723\venv\Lib\site-packages\moviepy\video\io\gif_writers.py","LF"
"C:\SNS_24AutoProject_250723\venv\Lib\site-packages\moviepy\video\io\html_tools.py","LF"
"C:\SNS_24AutoProject_250723\venv\Lib\site-packages\moviepy\video\io\ImageSequenceClip.py","LF"
"C:\SNS_24AutoProject_250723\venv\Lib\site-packages\moviepy\video\io\preview.py","LF"
"C:\SNS_24AutoProject_250723\venv\Lib\site-packages\moviepy\video\io\sliders.py","LF"
"C:\SNS_24AutoProject_250723\venv\Lib\site-packages\moviepy\video\io\VideoFileClip.py","LF"
"C:\SNS_24AutoProject_250723\venv\Lib\site-packages\moviepy\video\io\__init__.py","LF"
"C:\SNS_24AutoProject_250723\venv\Lib\site-packages\moviepy\video\tools\credits.py","LF"
"C:\SNS_24AutoProject_250723\venv\Lib\site-packages\moviepy\video\tools\cuts.py","LF"
"C:\SNS_24AutoProject_250723\venv\Lib\site-packages\moviepy\video\tools\drawing.py","LF"
"C:\SNS_24AutoProject_250723\venv\Lib\site-packages\moviepy\video\tools\interpolators.py","LF"
"C:\SNS_24AutoProject_250723\venv\Lib\site-packages\moviepy\video\tools\segmenting.py","LF"
"C:\SNS_24AutoProject_250723\venv\Lib\site-packages\moviepy\video\tools\subtitles.py","LF"
"C:\SNS_24AutoProject_250723\venv\Lib\site-packages\moviepy\video\tools\tracking.py","LF"
"C:\SNS_24AutoProject_250723\venv\Lib\site-packages\moviepy\video\tools\__init__.py","UNKNOWN"
"C:\SNS_24AutoProject_250723\venv\Lib\site-packages\moviepy\video\VideoClip.py","LF"
"C:\SNS_24AutoProject_250723\venv\Lib\site-packages\moviepy\video\__init__.py","UNKNOWN"
"C:\SNS_24AutoProject_250723\venv\Lib\site-packages\moviepy\Clip.py","LF"
"C:\SNS_24AutoProject_250723\venv\Lib\site-packages\moviepy\compat.py","LF"
"C:\SNS_24AutoProject_250723\venv\Lib\site-packages\moviepy\config.py","LF"
"C:\SNS_24AutoProject_250723\venv\Lib\site-packages\moviepy\config_defaults.py","LF"
"C:\SNS_24AutoProject_250723\venv\Lib\site-packages\moviepy\decorators.py","LF"
"C:\SNS_24AutoProject_250723\venv\Lib\site-packages\moviepy\editor.py","LF"
"C:\SNS_24AutoProject_250723\venv\Lib\site-packages\moviepy\tools.py","LF"
"C:\SNS_24AutoProject_250723\venv\Lib\site-packages\moviepy\utils.py","LF"
"C:\SNS_24AutoProject_250723\venv\Lib\site-packages\moviepy\version.py","LF"
"C:\SNS_24AutoProject_250723\venv\Lib\site-packages\moviepy\__init__.py","LF"
"C:\SNS_24AutoProject_250723\venv\Lib\site-packages\numpy\char\__init__.py","LF"
"C:\SNS_24AutoProject_250723\venv\Lib\site-packages\numpy\compat\tests\__init__.py","UNKNOWN"
"C:\SNS_24AutoProject_250723\venv\Lib\site-packages\numpy\compat\py3k.py","LF"
"C:\SNS_24AutoProject_250723\venv\Lib\site-packages\numpy\compat\__init__.py","LF"
"C:\SNS_24AutoProject_250723\venv\Lib\site-packages\numpy\core\arrayprint.py","LF"
"C:\SNS_24AutoProject_250723\venv\Lib\site-packages\numpy\core\defchararray.py","LF"
"C:\SNS_24AutoProject_250723\venv\Lib\site-packages\numpy\core\einsumfunc.py","LF"
"C:\SNS_24AutoProject_250723\venv\Lib\site-packages\numpy\core\fromnumeric.py","LF"
"C:\SNS_24AutoProject_250723\venv\Lib\site-packages\numpy\core\function_base.py","LF"
"C:\SNS_24AutoProject_250723\venv\Lib\site-packages\numpy\core\getlimits.py","LF"
"C:\SNS_24AutoProject_250723\venv\Lib\site-packages\numpy\core\multiarray.py","LF"
"C:\SNS_24AutoProject_250723\venv\Lib\site-packages\numpy\core\numeric.py","LF"
"C:\SNS_24AutoProject_250723\venv\Lib\site-packages\numpy\core\numerictypes.py","LF"
"C:\SNS_24AutoProject_250723\venv\Lib\site-packages\numpy\core\overrides.py","LF"
"C:\SNS_24AutoProject_250723\venv\Lib\site-packages\numpy\core\records.py","LF"
"C:\SNS_24AutoProject_250723\venv\Lib\site-packages\numpy\core\shape_base.py","LF"
"C:\SNS_24AutoProject_250723\venv\Lib\site-packages\numpy\core\umath.py","LF"
"C:\SNS_24AutoProject_250723\venv\Lib\site-packages\numpy\core\_dtype.py","LF"
"C:\SNS_24AutoProject_250723\venv\Lib\site-packages\numpy\core\_dtype_ctypes.py","LF"
"C:\SNS_24AutoProject_250723\venv\Lib\site-packages\numpy\core\_internal.py","LF"
"C:\SNS_24AutoProject_250723\venv\Lib\site-packages\numpy\core\_multiarray_umath.py","LF"
"C:\SNS_24AutoProject_250723\venv\Lib\site-packages\numpy\core\_utils.py","LF"
"C:\SNS_24AutoProject_250723\venv\Lib\site-packages\numpy\core\__init__.py","LF"
"C:\SNS_24AutoProject_250723\venv\Lib\site-packages\numpy\distutils\command\autodist.py","LF"
"C:\SNS_24AutoProject_250723\venv\Lib\site-packages\numpy\distutils\command\bdist_rpm.py","LF"
"C:\SNS_24AutoProject_250723\venv\Lib\site-packages\numpy\distutils\command\build.py","LF"
"C:\SNS_24AutoProject_250723\venv\Lib\site-packages\numpy\distutils\command\build_clib.py","LF"
"C:\SNS_24AutoProject_250723\venv\Lib\site-packages\numpy\distutils\command\build_ext.py","LF"
"C:\SNS_24AutoProject_250723\venv\Lib\site-packages\numpy\distutils\command\build_py.py","LF"
"C:\SNS_24AutoProject_250723\venv\Lib\site-packages\numpy\distutils\command\build_scripts.py","LF"
"C:\SNS_24AutoProject_250723\venv\Lib\site-packages\numpy\distutils\command\build_src.py","LF"
"C:\SNS_24AutoProject_250723\venv\Lib\site-packages\numpy\distutils\command\config.py","LF"
"C:\SNS_24AutoProject_250723\venv\Lib\site-packages\numpy\distutils\command\config_compiler.py","LF"
"C:\SNS_24AutoProject_250723\venv\Lib\site-packages\numpy\distutils\command\develop.py","LF"
"C:\SNS_24AutoProject_250723\venv\Lib\site-packages\numpy\distutils\command\egg_info.py","LF"
"C:\SNS_24AutoProject_250723\venv\Lib\site-packages\numpy\distutils\command\install.py","LF"
"C:\SNS_24AutoProject_250723\venv\Lib\site-packages\numpy\distutils\command\install_clib.py","LF"
"C:\SNS_24AutoProject_250723\venv\Lib\site-packages\numpy\distutils\command\install_data.py","LF"
"C:\SNS_24AutoProject_250723\venv\Lib\site-packages\numpy\distutils\command\install_headers.py","LF"
"C:\SNS_24AutoProject_250723\venv\Lib\site-packages\numpy\distutils\command\sdist.py","LF"
"C:\SNS_24AutoProject_250723\venv\Lib\site-packages\numpy\distutils\command\__init__.py","LF"
"C:\SNS_24AutoProject_250723\venv\Lib\site-packages\numpy\distutils\fcompiler\absoft.py","LF"
"C:\SNS_24AutoProject_250723\venv\Lib\site-packages\numpy\distutils\fcompiler\arm.py","LF"
"C:\SNS_24AutoProject_250723\venv\Lib\site-packages\numpy\distutils\fcompiler\compaq.py","LF"
"C:\SNS_24AutoProject_250723\venv\Lib\site-packages\numpy\distutils\fcompiler\environment.py","LF"
"C:\SNS_24AutoProject_250723\venv\Lib\site-packages\numpy\distutils\fcompiler\fujitsu.py","LF"
"C:\SNS_24AutoProject_250723\venv\Lib\site-packages\numpy\distutils\fcompiler\g95.py","LF"
"C:\SNS_24AutoProject_250723\venv\Lib\site-packages\numpy\distutils\fcompiler\gnu.py","LF"
"C:\SNS_24AutoProject_250723\venv\Lib\site-packages\numpy\distutils\fcompiler\hpux.py","LF"
"C:\SNS_24AutoProject_250723\venv\Lib\site-packages\numpy\distutils\fcompiler\ibm.py","LF"
"C:\SNS_24AutoProject_250723\venv\Lib\site-packages\numpy\distutils\fcompiler\intel.py","LF"
"C:\SNS_24AutoProject_250723\venv\Lib\site-packages\numpy\distutils\fcompiler\lahey.py","LF"
"C:\SNS_24AutoProject_250723\venv\Lib\site-packages\numpy\distutils\fcompiler\mips.py","LF"
"C:\SNS_24AutoProject_250723\venv\Lib\site-packages\numpy\distutils\fcompiler\nag.py","LF"
"C:\SNS_24AutoProject_250723\venv\Lib\site-packages\numpy\distutils\fcompiler\none.py","LF"
"C:\SNS_24AutoProject_250723\venv\Lib\site-packages\numpy\distutils\fcompiler\nv.py","LF"
"C:\SNS_24AutoProject_250723\venv\Lib\site-packages\numpy\distutils\fcompiler\pathf95.py","LF"
"C:\SNS_24AutoProject_250723\venv\Lib\site-packages\numpy\distutils\fcompiler\pg.py","LF"
"C:\SNS_24AutoProject_250723\venv\Lib\site-packages\numpy\distutils\fcompiler\sun.py","LF"
"C:\SNS_24AutoProject_250723\venv\Lib\site-packages\numpy\distutils\fcompiler\vast.py","LF"
"C:\SNS_24AutoProject_250723\venv\Lib\site-packages\numpy\distutils\fcompiler\__init__.py","LF"
"C:\SNS_24AutoProject_250723\venv\Lib\site-packages\numpy\distutils\tests\test_build_ext.py","LF"
"C:\SNS_24AutoProject_250723\venv\Lib\site-packages\numpy\distutils\tests\test_ccompiler_opt.py","LF"
"C:\SNS_24AutoProject_250723\venv\Lib\site-packages\numpy\distutils\tests\test_ccompiler_opt_conf.py","LF"
"C:\SNS_24AutoProject_250723\venv\Lib\site-packages\numpy\distutils\tests\test_exec_command.py","LF"
"C:\SNS_24AutoProject_250723\venv\Lib\site-packages\numpy\distutils\tests\test_fcompiler.py","LF"
"C:\SNS_24AutoProject_250723\venv\Lib\site-packages\numpy\distutils\tests\test_fcompiler_gnu.py","LF"
"C:\SNS_24AutoProject_250723\venv\Lib\site-packages\numpy\distutils\tests\test_fcompiler_intel.py","LF"
"C:\SNS_24AutoProject_250723\venv\Lib\site-packages\numpy\distutils\tests\test_fcompiler_nagfor.py","LF"
"C:\SNS_24AutoProject_250723\venv\Lib\site-packages\numpy\distutils\tests\test_from_template.py","LF"
"C:\SNS_24AutoProject_250723\venv\Lib\site-packages\numpy\distutils\tests\test_log.py","LF"
"C:\SNS_24AutoProject_250723\venv\Lib\site-packages\numpy\distutils\tests\test_mingw32ccompiler.py","LF"
"C:\SNS_24AutoProject_250723\venv\Lib\site-packages\numpy\distutils\tests\test_misc_util.py","LF"
"C:\SNS_24AutoProject_250723\venv\Lib\site-packages\numpy\distutils\tests\test_npy_pkg_config.py","LF"
"C:\SNS_24AutoProject_250723\venv\Lib\site-packages\numpy\distutils\tests\test_shell_utils.py","LF"
"C:\SNS_24AutoProject_250723\venv\Lib\site-packages\numpy\distutils\tests\test_system_info.py","LF"
"C:\SNS_24AutoProject_250723\venv\Lib\site-packages\numpy\distutils\tests\utilities.py","LF"
"C:\SNS_24AutoProject_250723\venv\Lib\site-packages\numpy\distutils\tests\__init__.py","UNKNOWN"
"C:\SNS_24AutoProject_250723\venv\Lib\site-packages\numpy\distutils\armccompiler.py","LF"
"C:\SNS_24AutoProject_250723\venv\Lib\site-packages\numpy\distutils\ccompiler.py","LF"
"C:\SNS_24AutoProject_250723\venv\Lib\site-packages\numpy\distutils\ccompiler_opt.py","LF"
"C:\SNS_24AutoProject_250723\venv\Lib\site-packages\numpy\distutils\conv_template.py","LF"
"C:\SNS_24AutoProject_250723\venv\Lib\site-packages\numpy\distutils\core.py","LF"
"C:\SNS_24AutoProject_250723\venv\Lib\site-packages\numpy\distutils\cpuinfo.py","LF"
"C:\SNS_24AutoProject_250723\venv\Lib\site-packages\numpy\distutils\exec_command.py","LF"
"C:\SNS_24AutoProject_250723\venv\Lib\site-packages\numpy\distutils\extension.py","LF"
"C:\SNS_24AutoProject_250723\venv\Lib\site-packages\numpy\distutils\from_template.py","LF"
"C:\SNS_24AutoProject_250723\venv\Lib\site-packages\numpy\distutils\fujitsuccompiler.py","LF"
"C:\SNS_24AutoProject_250723\venv\Lib\site-packages\numpy\distutils\intelccompiler.py","LF"
"C:\SNS_24AutoProject_250723\venv\Lib\site-packages\numpy\distutils\lib2def.py","LF"
"C:\SNS_24AutoProject_250723\venv\Lib\site-packages\numpy\distutils\line_endings.py","LF"
"C:\SNS_24AutoProject_250723\venv\Lib\site-packages\numpy\distutils\log.py","LF"
"C:\SNS_24AutoProject_250723\venv\Lib\site-packages\numpy\distutils\mingw32ccompiler.py","LF"
"C:\SNS_24AutoProject_250723\venv\Lib\site-packages\numpy\distutils\misc_util.py","LF"
"C:\SNS_24AutoProject_250723\venv\Lib\site-packages\numpy\distutils\msvc9compiler.py","LF"
"C:\SNS_24AutoProject_250723\venv\Lib\site-packages\numpy\distutils\msvccompiler.py","LF"
"C:\SNS_24AutoProject_250723\venv\Lib\site-packages\numpy\distutils\npy_pkg_config.py","LF"
"C:\SNS_24AutoProject_250723\venv\Lib\site-packages\numpy\distutils\numpy_distribution.py","LF"
"C:\SNS_24AutoProject_250723\venv\Lib\site-packages\numpy\distutils\pathccompiler.py","LF"
"C:\SNS_24AutoProject_250723\venv\Lib\site-packages\numpy\distutils\system_info.py","LF"
"C:\SNS_24AutoProject_250723\venv\Lib\site-packages\numpy\distutils\unixccompiler.py","LF"
"C:\SNS_24AutoProject_250723\venv\Lib\site-packages\numpy\distutils\_shell_utils.py","LF"
"C:\SNS_24AutoProject_250723\venv\Lib\site-packages\numpy\distutils\__init__.py","LF"
"C:\SNS_24AutoProject_250723\venv\Lib\site-packages\numpy\doc\ufuncs.py","LF"
"C:\SNS_24AutoProject_250723\venv\Lib\site-packages\numpy\f2py\tests\test_abstract_interface.py","LF"
"C:\SNS_24AutoProject_250723\venv\Lib\site-packages\numpy\f2py\tests\test_array_from_pyobj.py","LF"
"C:\SNS_24AutoProject_250723\venv\Lib\site-packages\numpy\f2py\tests\test_assumed_shape.py","LF"
"C:\SNS_24AutoProject_250723\venv\Lib\site-packages\numpy\f2py\tests\test_block_docstring.py","LF"
"C:\SNS_24AutoProject_250723\venv\Lib\site-packages\numpy\f2py\tests\test_callback.py","LF"
"C:\SNS_24AutoProject_250723\venv\Lib\site-packages\numpy\f2py\tests\test_character.py","LF"
"C:\SNS_24AutoProject_250723\venv\Lib\site-packages\numpy\f2py\tests\test_common.py","LF"
"C:\SNS_24AutoProject_250723\venv\Lib\site-packages\numpy\f2py\tests\test_crackfortran.py","LF"
"C:\SNS_24AutoProject_250723\venv\Lib\site-packages\numpy\f2py\tests\test_data.py","LF"
"C:\SNS_24AutoProject_250723\venv\Lib\site-packages\numpy\f2py\tests\test_docs.py","LF"
"C:\SNS_24AutoProject_250723\venv\Lib\site-packages\numpy\f2py\tests\test_f2cmap.py","LF"
"C:\SNS_24AutoProject_250723\venv\Lib\site-packages\numpy\f2py\tests\test_f2py2e.py","LF"
"C:\SNS_24AutoProject_250723\venv\Lib\site-packages\numpy\f2py\tests\test_isoc.py","LF"
"C:\SNS_24AutoProject_250723\venv\Lib\site-packages\numpy\f2py\tests\test_kind.py","LF"
"C:\SNS_24AutoProject_250723\venv\Lib\site-packages\numpy\f2py\tests\test_mixed.py","LF"
"C:\SNS_24AutoProject_250723\venv\Lib\site-packages\numpy\f2py\tests\test_modules.py","LF"
"C:\SNS_24AutoProject_250723\venv\Lib\site-packages\numpy\f2py\tests\test_parameter.py","LF"
"C:\SNS_24AutoProject_250723\venv\Lib\site-packages\numpy\f2py\tests\test_pyf_src.py","LF"
"C:\SNS_24AutoProject_250723\venv\Lib\site-packages\numpy\f2py\tests\test_quoted_character.py","LF"
"C:\SNS_24AutoProject_250723\venv\Lib\site-packages\numpy\f2py\tests\test_regression.py","LF"
"C:\SNS_24AutoProject_250723\venv\Lib\site-packages\numpy\f2py\tests\test_return_character.py","LF"
"C:\SNS_24AutoProject_250723\venv\Lib\site-packages\numpy\f2py\tests\test_return_complex.py","LF"
"C:\SNS_24AutoProject_250723\venv\Lib\site-packages\numpy\f2py\tests\test_return_integer.py","LF"
"C:\SNS_24AutoProject_250723\venv\Lib\site-packages\numpy\f2py\tests\test_return_logical.py","LF"
"C:\SNS_24AutoProject_250723\venv\Lib\site-packages\numpy\f2py\tests\test_return_real.py","LF"
"C:\SNS_24AutoProject_250723\venv\Lib\site-packages\numpy\f2py\tests\test_routines.py","LF"
"C:\SNS_24AutoProject_250723\venv\Lib\site-packages\numpy\f2py\tests\test_semicolon_split.py","LF"
"C:\SNS_24AutoProject_250723\venv\Lib\site-packages\numpy\f2py\tests\test_size.py","LF"
"C:\SNS_24AutoProject_250723\venv\Lib\site-packages\numpy\f2py\tests\test_string.py","LF"
"C:\SNS_24AutoProject_250723\venv\Lib\site-packages\numpy\f2py\tests\test_symbolic.py","LF"
"C:\SNS_24AutoProject_250723\venv\Lib\site-packages\numpy\f2py\tests\test_value_attrspec.py","LF"
"C:\SNS_24AutoProject_250723\venv\Lib\site-packages\numpy\f2py\tests\util.py","LF"
"C:\SNS_24AutoProject_250723\venv\Lib\site-packages\numpy\f2py\tests\__init__.py","LF"
"C:\SNS_24AutoProject_250723\venv\Lib\site-packages\numpy\f2py\_backends\_backend.py","LF"
"C:\SNS_24AutoProject_250723\venv\Lib\site-packages\numpy\f2py\_backends\_distutils.py","LF"
"C:\SNS_24AutoProject_250723\venv\Lib\site-packages\numpy\f2py\_backends\_meson.py","LF"
"C:\SNS_24AutoProject_250723\venv\Lib\site-packages\numpy\f2py\_backends\__init__.py","LF"
"C:\SNS_24AutoProject_250723\venv\Lib\site-packages\numpy\f2py\auxfuncs.py","LF"
"C:\SNS_24AutoProject_250723\venv\Lib\site-packages\numpy\f2py\capi_maps.py","LF"
"C:\SNS_24AutoProject_250723\venv\Lib\site-packages\numpy\f2py\cb_rules.py","LF"
"C:\SNS_24AutoProject_250723\venv\Lib\site-packages\numpy\f2py\cfuncs.py","LF"
"C:\SNS_24AutoProject_250723\venv\Lib\site-packages\numpy\f2py\common_rules.py","LF"
"C:\SNS_24AutoProject_250723\venv\Lib\site-packages\numpy\f2py\crackfortran.py","LF"
"C:\SNS_24AutoProject_250723\venv\Lib\site-packages\numpy\f2py\diagnose.py","LF"
"C:\SNS_24AutoProject_250723\venv\Lib\site-packages\numpy\f2py\f2py2e.py","LF"
"C:\SNS_24AutoProject_250723\venv\Lib\site-packages\numpy\f2py\f90mod_rules.py","LF"
"C:\SNS_24AutoProject_250723\venv\Lib\site-packages\numpy\f2py\func2subr.py","LF"
"C:\SNS_24AutoProject_250723\venv\Lib\site-packages\numpy\f2py\rules.py","LF"
"C:\SNS_24AutoProject_250723\venv\Lib\site-packages\numpy\f2py\setup.cfg","CRLF"
"C:\SNS_24AutoProject_250723\venv\Lib\site-packages\numpy\f2py\symbolic.py","LF"
"C:\SNS_24AutoProject_250723\venv\Lib\site-packages\numpy\f2py\use_rules.py","LF"
"C:\SNS_24AutoProject_250723\venv\Lib\site-packages\numpy\f2py\_isocbind.py","LF"
"C:\SNS_24AutoProject_250723\venv\Lib\site-packages\numpy\f2py\_src_pyf.py","LF"
"C:\SNS_24AutoProject_250723\venv\Lib\site-packages\numpy\f2py\__init__.py","LF"
"C:\SNS_24AutoProject_250723\venv\Lib\site-packages\numpy\f2py\__main__.py","LF"
"C:\SNS_24AutoProject_250723\venv\Lib\site-packages\numpy\f2py\__version__.py","LF"
"C:\SNS_24AutoProject_250723\venv\Lib\site-packages\numpy\fft\tests\test_helper.py","LF"
"C:\SNS_24AutoProject_250723\venv\Lib\site-packages\numpy\fft\tests\test_pocketfft.py","LF"
"C:\SNS_24AutoProject_250723\venv\Lib\site-packages\numpy\fft\tests\__init__.py","UNKNOWN"
"C:\SNS_24AutoProject_250723\venv\Lib\site-packages\numpy\fft\helper.py","LF"
"C:\SNS_24AutoProject_250723\venv\Lib\site-packages\numpy\fft\_helper.py","LF"
"C:\SNS_24AutoProject_250723\venv\Lib\site-packages\numpy\fft\_pocketfft.py","LF"
"C:\SNS_24AutoProject_250723\venv\Lib\site-packages\numpy\fft\__init__.py","LF"
"C:\SNS_24AutoProject_250723\venv\Lib\site-packages\numpy\lib\tests\test_arraypad.py","LF"
"C:\SNS_24AutoProject_250723\venv\Lib\site-packages\numpy\lib\tests\test_arraysetops.py","LF"
"C:\SNS_24AutoProject_250723\venv\Lib\site-packages\numpy\lib\tests\test_arrayterator.py","LF"
"C:\SNS_24AutoProject_250723\venv\Lib\site-packages\numpy\lib\tests\test_array_utils.py","LF"
"C:\SNS_24AutoProject_250723\venv\Lib\site-packages\numpy\lib\tests\test_format.py","LF"
"C:\SNS_24AutoProject_250723\venv\Lib\site-packages\numpy\lib\tests\test_function_base.py","LF"
"C:\SNS_24AutoProject_250723\venv\Lib\site-packages\numpy\lib\tests\test_histograms.py","LF"
"C:\SNS_24AutoProject_250723\venv\Lib\site-packages\numpy\lib\tests\test_index_tricks.py","LF"
"C:\SNS_24AutoProject_250723\venv\Lib\site-packages\numpy\lib\tests\test_io.py","LF"
"C:\SNS_24AutoProject_250723\venv\Lib\site-packages\numpy\lib\tests\test_loadtxt.py","LF"
"C:\SNS_24AutoProject_250723\venv\Lib\site-packages\numpy\lib\tests\test_mixins.py","LF"
"C:\SNS_24AutoProject_250723\venv\Lib\site-packages\numpy\lib\tests\test_nanfunctions.py","LF"
"C:\SNS_24AutoProject_250723\venv\Lib\site-packages\numpy\lib\tests\test_packbits.py","LF"
"C:\SNS_24AutoProject_250723\venv\Lib\site-packages\numpy\lib\tests\test_polynomial.py","LF"
"C:\SNS_24AutoProject_250723\venv\Lib\site-packages\numpy\lib\tests\test_recfunctions.py","LF"
"C:\SNS_24AutoProject_250723\venv\Lib\site-packages\numpy\lib\tests\test_regression.py","LF"
"C:\SNS_24AutoProject_250723\venv\Lib\site-packages\numpy\lib\tests\test_shape_base.py","LF"
"C:\SNS_24AutoProject_250723\venv\Lib\site-packages\numpy\lib\tests\test_stride_tricks.py","LF"
"C:\SNS_24AutoProject_250723\venv\Lib\site-packages\numpy\lib\tests\test_twodim_base.py","LF"
"C:\SNS_24AutoProject_250723\venv\Lib\site-packages\numpy\lib\tests\test_type_check.py","LF"
"C:\SNS_24AutoProject_250723\venv\Lib\site-packages\numpy\lib\tests\test_ufunclike.py","LF"
"C:\SNS_24AutoProject_250723\venv\Lib\site-packages\numpy\lib\tests\test_utils.py","LF"
"C:\SNS_24AutoProject_250723\venv\Lib\site-packages\numpy\lib\tests\test__datasource.py","LF"
"C:\SNS_24AutoProject_250723\venv\Lib\site-packages\numpy\lib\tests\test__iotools.py","LF"
"C:\SNS_24AutoProject_250723\venv\Lib\site-packages\numpy\lib\tests\test__version.py","LF"
"C:\SNS_24AutoProject_250723\venv\Lib\site-packages\numpy\lib\tests\__init__.py","UNKNOWN"
"C:\SNS_24AutoProject_250723\venv\Lib\site-packages\numpy\lib\array_utils.py","LF"
"C:\SNS_24AutoProject_250723\venv\Lib\site-packages\numpy\lib\format.py","LF"
"C:\SNS_24AutoProject_250723\venv\Lib\site-packages\numpy\lib\introspect.py","LF"
"C:\SNS_24AutoProject_250723\venv\Lib\site-packages\numpy\lib\mixins.py","LF"
"C:\SNS_24AutoProject_250723\venv\Lib\site-packages\numpy\lib\npyio.py","LF"
"C:\SNS_24AutoProject_250723\venv\Lib\site-packages\numpy\lib\recfunctions.py","LF"
"C:\SNS_24AutoProject_250723\venv\Lib\site-packages\numpy\lib\scimath.py","LF"
"C:\SNS_24AutoProject_250723\venv\Lib\site-packages\numpy\lib\stride_tricks.py","LF"
"C:\SNS_24AutoProject_250723\venv\Lib\site-packages\numpy\lib\user_array.py","LF"
"C:\SNS_24AutoProject_250723\venv\Lib\site-packages\numpy\lib\_arraypad_impl.py","LF"
"C:\SNS_24AutoProject_250723\venv\Lib\site-packages\numpy\lib\_arraysetops_impl.py","LF"
"C:\SNS_24AutoProject_250723\venv\Lib\site-packages\numpy\lib\_arrayterator_impl.py","LF"
"C:\SNS_24AutoProject_250723\venv\Lib\site-packages\numpy\lib\_array_utils_impl.py","LF"
"C:\SNS_24AutoProject_250723\venv\Lib\site-packages\numpy\lib\_datasource.py","LF"
"C:\SNS_24AutoProject_250723\venv\Lib\site-packages\numpy\lib\_function_base_impl.py","LF"
"C:\SNS_24AutoProject_250723\venv\Lib\site-packages\numpy\lib\_histograms_impl.py","LF"
"C:\SNS_24AutoProject_250723\venv\Lib\site-packages\numpy\lib\_index_tricks_impl.py","LF"
"C:\SNS_24AutoProject_250723\venv\Lib\site-packages\numpy\lib\_iotools.py","LF"
"C:\SNS_24AutoProject_250723\venv\Lib\site-packages\numpy\lib\_nanfunctions_impl.py","LF"
"C:\SNS_24AutoProject_250723\venv\Lib\site-packages\numpy\lib\_npyio_impl.py","LF"
"C:\SNS_24AutoProject_250723\venv\Lib\site-packages\numpy\lib\_polynomial_impl.py","LF"
"C:\SNS_24AutoProject_250723\venv\Lib\site-packages\numpy\lib\_scimath_impl.py","LF"
"C:\SNS_24AutoProject_250723\venv\Lib\site-packages\numpy\lib\_shape_base_impl.py","LF"
"C:\SNS_24AutoProject_250723\venv\Lib\site-packages\numpy\lib\_stride_tricks_impl.py","LF"
"C:\SNS_24AutoProject_250723\venv\Lib\site-packages\numpy\lib\_twodim_base_impl.py","LF"
"C:\SNS_24AutoProject_250723\venv\Lib\site-packages\numpy\lib\_type_check_impl.py","LF"
"C:\SNS_24AutoProject_250723\venv\Lib\site-packages\numpy\lib\_ufunclike_impl.py","LF"
"C:\SNS_24AutoProject_250723\venv\Lib\site-packages\numpy\lib\_user_array_impl.py","LF"
"C:\SNS_24AutoProject_250723\venv\Lib\site-packages\numpy\lib\_utils_impl.py","LF"
"C:\SNS_24AutoProject_250723\venv\Lib\site-packages\numpy\lib\_version.py","LF"
"C:\SNS_24AutoProject_250723\venv\Lib\site-packages\numpy\lib\__init__.py","LF"
"C:\SNS_24AutoProject_250723\venv\Lib\site-packages\numpy\linalg\tests\test_deprecations.py","LF"
"C:\SNS_24AutoProject_250723\venv\Lib\site-packages\numpy\linalg\tests\test_linalg.py","LF"
"C:\SNS_24AutoProject_250723\venv\Lib\site-packages\numpy\linalg\tests\test_regression.py","LF"
"C:\SNS_24AutoProject_250723\venv\Lib\site-packages\numpy\linalg\tests\__init__.py","UNKNOWN"
"C:\SNS_24AutoProject_250723\venv\Lib\site-packages\numpy\linalg\linalg.py","LF"
"C:\SNS_24AutoProject_250723\venv\Lib\site-packages\numpy\linalg\_linalg.py","LF"
"C:\SNS_24AutoProject_250723\venv\Lib\site-packages\numpy\linalg\__init__.py","LF"
"C:\SNS_24AutoProject_250723\venv\Lib\site-packages\numpy\ma\tests\test_arrayobject.py","LF"
"C:\SNS_24AutoProject_250723\venv\Lib\site-packages\numpy\ma\tests\test_core.py","LF"
"C:\SNS_24AutoProject_250723\venv\Lib\site-packages\numpy\ma\tests\test_deprecations.py","LF"
"C:\SNS_24AutoProject_250723\venv\Lib\site-packages\numpy\ma\tests\test_extras.py","LF"
"C:\SNS_24AutoProject_250723\venv\Lib\site-packages\numpy\ma\tests\test_mrecords.py","LF"
"C:\SNS_24AutoProject_250723\venv\Lib\site-packages\numpy\ma\tests\test_old_ma.py","LF"
"C:\SNS_24AutoProject_250723\venv\Lib\site-packages\numpy\ma\tests\test_regression.py","LF"
"C:\SNS_24AutoProject_250723\venv\Lib\site-packages\numpy\ma\tests\test_subclassing.py","LF"
"C:\SNS_24AutoProject_250723\venv\Lib\site-packages\numpy\ma\tests\__init__.py","UNKNOWN"
"C:\SNS_24AutoProject_250723\venv\Lib\site-packages\numpy\ma\core.py","LF"
"C:\SNS_24AutoProject_250723\venv\Lib\site-packages\numpy\ma\extras.py","LF"
"C:\SNS_24AutoProject_250723\venv\Lib\site-packages\numpy\ma\mrecords.py","LF"
"C:\SNS_24AutoProject_250723\venv\Lib\site-packages\numpy\ma\testutils.py","LF"
"C:\SNS_24AutoProject_250723\venv\Lib\site-packages\numpy\ma\timer_comparison.py","LF"
"C:\SNS_24AutoProject_250723\venv\Lib\site-packages\numpy\ma\__init__.py","LF"
"C:\SNS_24AutoProject_250723\venv\Lib\site-packages\numpy\matrixlib\tests\test_defmatrix.py","LF"
"C:\SNS_24AutoProject_250723\venv\Lib\site-packages\numpy\matrixlib\tests\test_interaction.py","LF"
"C:\SNS_24AutoProject_250723\venv\Lib\site-packages\numpy\matrixlib\tests\test_masked_matrix.py","LF"
"C:\SNS_24AutoProject_250723\venv\Lib\site-packages\numpy\matrixlib\tests\test_matrix_linalg.py","LF"
"C:\SNS_24AutoProject_250723\venv\Lib\site-packages\numpy\matrixlib\tests\test_multiarray.py","LF"
"C:\SNS_24AutoProject_250723\venv\Lib\site-packages\numpy\matrixlib\tests\test_numeric.py","LF"
"C:\SNS_24AutoProject_250723\venv\Lib\site-packages\numpy\matrixlib\tests\test_regression.py","LF"
"C:\SNS_24AutoProject_250723\venv\Lib\site-packages\numpy\matrixlib\tests\__init__.py","UNKNOWN"
"C:\SNS_24AutoProject_250723\venv\Lib\site-packages\numpy\matrixlib\defmatrix.py","LF"
"C:\SNS_24AutoProject_250723\venv\Lib\site-packages\numpy\matrixlib\__init__.py","LF"
"C:\SNS_24AutoProject_250723\venv\Lib\site-packages\numpy\polynomial\tests\test_chebyshev.py","LF"
"C:\SNS_24AutoProject_250723\venv\Lib\site-packages\numpy\polynomial\tests\test_classes.py","LF"
"C:\SNS_24AutoProject_250723\venv\Lib\site-packages\numpy\polynomial\tests\test_hermite.py","LF"
"C:\SNS_24AutoProject_250723\venv\Lib\site-packages\numpy\polynomial\tests\test_hermite_e.py","LF"
"C:\SNS_24AutoProject_250723\venv\Lib\site-packages\numpy\polynomial\tests\test_laguerre.py","LF"
"C:\SNS_24AutoProject_250723\venv\Lib\site-packages\numpy\polynomial\tests\test_legendre.py","LF"
"C:\SNS_24AutoProject_250723\venv\Lib\site-packages\numpy\polynomial\tests\test_polynomial.py","LF"
"C:\SNS_24AutoProject_250723\venv\Lib\site-packages\numpy\polynomial\tests\test_polyutils.py","LF"
"C:\SNS_24AutoProject_250723\venv\Lib\site-packages\numpy\polynomial\tests\test_printing.py","LF"
"C:\SNS_24AutoProject_250723\venv\Lib\site-packages\numpy\polynomial\tests\test_symbol.py","LF"
"C:\SNS_24AutoProject_250723\venv\Lib\site-packages\numpy\polynomial\tests\__init__.py","UNKNOWN"
"C:\SNS_24AutoProject_250723\venv\Lib\site-packages\numpy\polynomial\chebyshev.py","LF"
"C:\SNS_24AutoProject_250723\venv\Lib\site-packages\numpy\polynomial\hermite.py","LF"
"C:\SNS_24AutoProject_250723\venv\Lib\site-packages\numpy\polynomial\hermite_e.py","LF"
"C:\SNS_24AutoProject_250723\venv\Lib\site-packages\numpy\polynomial\laguerre.py","LF"
"C:\SNS_24AutoProject_250723\venv\Lib\site-packages\numpy\polynomial\legendre.py","LF"
"C:\SNS_24AutoProject_250723\venv\Lib\site-packages\numpy\polynomial\polynomial.py","LF"
"C:\SNS_24AutoProject_250723\venv\Lib\site-packages\numpy\polynomial\polyutils.py","LF"
"C:\SNS_24AutoProject_250723\venv\Lib\site-packages\numpy\polynomial\_polybase.py","LF"
"C:\SNS_24AutoProject_250723\venv\Lib\site-packages\numpy\polynomial\__init__.py","LF"
"C:\SNS_24AutoProject_250723\venv\Lib\site-packages\numpy\random\tests\data\__init__.py","UNKNOWN"
"C:\SNS_24AutoProject_250723\venv\Lib\site-packages\numpy\random\tests\test_direct.py","LF"
"C:\SNS_24AutoProject_250723\venv\Lib\site-packages\numpy\random\tests\test_extending.py","LF"
"C:\SNS_24AutoProject_250723\venv\Lib\site-packages\numpy\random\tests\test_generator_mt19937.py","LF"
"C:\SNS_24AutoProject_250723\venv\Lib\site-packages\numpy\random\tests\test_generator_mt19937_regressions.py","LF"
"C:\SNS_24AutoProject_250723\venv\Lib\site-packages\numpy\random\tests\test_random.py","LF"
"C:\SNS_24AutoProject_250723\venv\Lib\site-packages\numpy\random\tests\test_randomstate.py","LF"
"C:\SNS_24AutoProject_250723\venv\Lib\site-packages\numpy\random\tests\test_randomstate_regression.py","LF"
"C:\SNS_24AutoProject_250723\venv\Lib\site-packages\numpy\random\tests\test_regression.py","LF"
"C:\SNS_24AutoProject_250723\venv\Lib\site-packages\numpy\random\tests\test_seed_sequence.py","LF"
"C:\SNS_24AutoProject_250723\venv\Lib\site-packages\numpy\random\tests\test_smoke.py","LF"
"C:\SNS_24AutoProject_250723\venv\Lib\site-packages\numpy\random\tests\__init__.py","UNKNOWN"
"C:\SNS_24AutoProject_250723\venv\Lib\site-packages\numpy\random\_examples\cffi\extending.py","LF"
"C:\SNS_24AutoProject_250723\venv\Lib\site-packages\numpy\random\_examples\cffi\parse.py","LF"
"C:\SNS_24AutoProject_250723\venv\Lib\site-packages\numpy\random\_examples\numba\extending.py","LF"
"C:\SNS_24AutoProject_250723\venv\Lib\site-packages\numpy\random\_examples\numba\extending_distributions.py","LF"
"C:\SNS_24AutoProject_250723\venv\Lib\site-packages\numpy\random\_pickle.py","LF"
"C:\SNS_24AutoProject_250723\venv\Lib\site-packages\numpy\random\__init__.py","LF"
"C:\SNS_24AutoProject_250723\venv\Lib\site-packages\numpy\rec\__init__.py","LF"
"C:\SNS_24AutoProject_250723\venv\Lib\site-packages\numpy\strings\__init__.py","LF"
"C:\SNS_24AutoProject_250723\venv\Lib\site-packages\numpy\testing\tests\test_utils.py","LF"
"C:\SNS_24AutoProject_250723\venv\Lib\site-packages\numpy\testing\tests\__init__.py","UNKNOWN"
"C:\SNS_24AutoProject_250723\venv\Lib\site-packages\numpy\testing\_private\extbuild.py","LF"
"C:\SNS_24AutoProject_250723\venv\Lib\site-packages\numpy\testing\_private\utils.py","LF"
"C:\SNS_24AutoProject_250723\venv\Lib\site-packages\numpy\testing\_private\__init__.py","UNKNOWN"
"C:\SNS_24AutoProject_250723\venv\Lib\site-packages\numpy\testing\overrides.py","LF"
"C:\SNS_24AutoProject_250723\venv\Lib\site-packages\numpy\testing\print_coercion_tables.py","LF"
"C:\SNS_24AutoProject_250723\venv\Lib\site-packages\numpy\testing\__init__.py","LF"
"C:\SNS_24AutoProject_250723\venv\Lib\site-packages\numpy\tests\test_configtool.py","LF"
"C:\SNS_24AutoProject_250723\venv\Lib\site-packages\numpy\tests\test_ctypeslib.py","LF"
"C:\SNS_24AutoProject_250723\venv\Lib\site-packages\numpy\tests\test_lazyloading.py","LF"
"C:\SNS_24AutoProject_250723\venv\Lib\site-packages\numpy\tests\test_matlib.py","LF"
"C:\SNS_24AutoProject_250723\venv\Lib\site-packages\numpy\tests\test_numpy_config.py","LF"
"C:\SNS_24AutoProject_250723\venv\Lib\site-packages\numpy\tests\test_numpy_version.py","LF"
"C:\SNS_24AutoProject_250723\venv\Lib\site-packages\numpy\tests\test_public_api.py","LF"
"C:\SNS_24AutoProject_250723\venv\Lib\site-packages\numpy\tests\test_reloading.py","LF"
"C:\SNS_24AutoProject_250723\venv\Lib\site-packages\numpy\tests\test_scripts.py","LF"
"C:\SNS_24AutoProject_250723\venv\Lib\site-packages\numpy\tests\test_warnings.py","LF"
"C:\SNS_24AutoProject_250723\venv\Lib\site-packages\numpy\tests\test__all__.py","LF"
"C:\SNS_24AutoProject_250723\venv\Lib\site-packages\numpy\tests\__init__.py","UNKNOWN"
"C:\SNS_24AutoProject_250723\venv\Lib\site-packages\numpy\typing\tests\data\pass\arithmetic.py","LF"
"C:\SNS_24AutoProject_250723\venv\Lib\site-packages\numpy\typing\tests\data\pass\arrayprint.py","LF"
"C:\SNS_24AutoProject_250723\venv\Lib\site-packages\numpy\typing\tests\data\pass\arrayterator.py","LF"
"C:\SNS_24AutoProject_250723\venv\Lib\site-packages\numpy\typing\tests\data\pass\array_constructors.py","LF"
"C:\SNS_24AutoProject_250723\venv\Lib\site-packages\numpy\typing\tests\data\pass\array_like.py","LF"
"C:\SNS_24AutoProject_250723\venv\Lib\site-packages\numpy\typing\tests\data\pass\bitwise_ops.py","LF"
"C:\SNS_24AutoProject_250723\venv\Lib\site-packages\numpy\typing\tests\data\pass\comparisons.py","LF"
"C:\SNS_24AutoProject_250723\venv\Lib\site-packages\numpy\typing\tests\data\pass\dtype.py","LF"
"C:\SNS_24AutoProject_250723\venv\Lib\site-packages\numpy\typing\tests\data\pass\einsumfunc.py","LF"
"C:\SNS_24AutoProject_250723\venv\Lib\site-packages\numpy\typing\tests\data\pass\flatiter.py","LF"
"C:\SNS_24AutoProject_250723\venv\Lib\site-packages\numpy\typing\tests\data\pass\fromnumeric.py","LF"
"C:\SNS_24AutoProject_250723\venv\Lib\site-packages\numpy\typing\tests\data\pass\index_tricks.py","LF"
"C:\SNS_24AutoProject_250723\venv\Lib\site-packages\numpy\typing\tests\data\pass\lib_user_array.py","LF"
"C:\SNS_24AutoProject_250723\venv\Lib\site-packages\numpy\typing\tests\data\pass\lib_utils.py","LF"
"C:\SNS_24AutoProject_250723\venv\Lib\site-packages\numpy\typing\tests\data\pass\lib_version.py","LF"
"C:\SNS_24AutoProject_250723\venv\Lib\site-packages\numpy\typing\tests\data\pass\literal.py","LF"
"C:\SNS_24AutoProject_250723\venv\Lib\site-packages\numpy\typing\tests\data\pass\ma.py","LF"
"C:\SNS_24AutoProject_250723\venv\Lib\site-packages\numpy\typing\tests\data\pass\mod.py","LF"
"C:\SNS_24AutoProject_250723\venv\Lib\site-packages\numpy\typing\tests\data\pass\modules.py","LF"
"C:\SNS_24AutoProject_250723\venv\Lib\site-packages\numpy\typing\tests\data\pass\multiarray.py","LF"
"C:\SNS_24AutoProject_250723\venv\Lib\site-packages\numpy\typing\tests\data\pass\ndarray_conversion.py","LF"
"C:\SNS_24AutoProject_250723\venv\Lib\site-packages\numpy\typing\tests\data\pass\ndarray_misc.py","LF"
"C:\SNS_24AutoProject_250723\venv\Lib\site-packages\numpy\typing\tests\data\pass\ndarray_shape_manipulation.py","LF"
"C:\SNS_24AutoProject_250723\venv\Lib\site-packages\numpy\typing\tests\data\pass\nditer.py","LF"
"C:\SNS_24AutoProject_250723\venv\Lib\site-packages\numpy\typing\tests\data\pass\numeric.py","LF"
"C:\SNS_24AutoProject_250723\venv\Lib\site-packages\numpy\typing\tests\data\pass\numerictypes.py","LF"
"C:\SNS_24AutoProject_250723\venv\Lib\site-packages\numpy\typing\tests\data\pass\random.py","LF"
"C:\SNS_24AutoProject_250723\venv\Lib\site-packages\numpy\typing\tests\data\pass\recfunctions.py","LF"
"C:\SNS_24AutoProject_250723\venv\Lib\site-packages\numpy\typing\tests\data\pass\scalars.py","LF"
"C:\SNS_24AutoProject_250723\venv\Lib\site-packages\numpy\typing\tests\data\pass\shape.py","LF"
"C:\SNS_24AutoProject_250723\venv\Lib\site-packages\numpy\typing\tests\data\pass\simple.py","LF"
"C:\SNS_24AutoProject_250723\venv\Lib\site-packages\numpy\typing\tests\data\pass\simple_py3.py","LF"
"C:\SNS_24AutoProject_250723\venv\Lib\site-packages\numpy\typing\tests\data\pass\ufunclike.py","LF"
"C:\SNS_24AutoProject_250723\venv\Lib\site-packages\numpy\typing\tests\data\pass\ufuncs.py","LF"
"C:\SNS_24AutoProject_250723\venv\Lib\site-packages\numpy\typing\tests\data\pass\ufunc_config.py","LF"
"C:\SNS_24AutoProject_250723\venv\Lib\site-packages\numpy\typing\tests\data\pass\warnings_and_errors.py","LF"
"C:\SNS_24AutoProject_250723\venv\Lib\site-packages\numpy\typing\tests\data\mypy.ini","CRLF"
"C:\SNS_24AutoProject_250723\venv\Lib\site-packages\numpy\typing\tests\test_isfile.py","LF"
"C:\SNS_24AutoProject_250723\venv\Lib\site-packages\numpy\typing\tests\test_runtime.py","LF"
"C:\SNS_24AutoProject_250723\venv\Lib\site-packages\numpy\typing\tests\test_typing.py","LF"
"C:\SNS_24AutoProject_250723\venv\Lib\site-packages\numpy\typing\tests\__init__.py","UNKNOWN"
"C:\SNS_24AutoProject_250723\venv\Lib\site-packages\numpy\typing\mypy_plugin.py","LF"
"C:\SNS_24AutoProject_250723\venv\Lib\site-packages\numpy\typing\__init__.py","LF"
"C:\SNS_24AutoProject_250723\venv\Lib\site-packages\numpy\_core\lib\npy-pkg-config\mlib.ini","CRLF"
"C:\SNS_24AutoProject_250723\venv\Lib\site-packages\numpy\_core\lib\npy-pkg-config\npymath.ini","CRLF"
"C:\SNS_24AutoProject_250723\venv\Lib\site-packages\numpy\_core\tests\examples\cython\setup.py","LF"
"C:\SNS_24AutoProject_250723\venv\Lib\site-packages\numpy\_core\tests\examples\limited_api\setup.py","LF"
"C:\SNS_24AutoProject_250723\venv\Lib\site-packages\numpy\_core\tests\test_abc.py","LF"
"C:\SNS_24AutoProject_250723\venv\Lib\site-packages\numpy\_core\tests\test_api.py","LF"
"C:\SNS_24AutoProject_250723\venv\Lib\site-packages\numpy\_core\tests\test_argparse.py","LF"
"C:\SNS_24AutoProject_250723\venv\Lib\site-packages\numpy\_core\tests\test_arraymethod.py","LF"
"C:\SNS_24AutoProject_250723\venv\Lib\site-packages\numpy\_core\tests\test_arrayobject.py","LF"
"C:\SNS_24AutoProject_250723\venv\Lib\site-packages\numpy\_core\tests\test_arrayprint.py","LF"
"C:\SNS_24AutoProject_250723\venv\Lib\site-packages\numpy\_core\tests\test_array_api_info.py","LF"
"C:\SNS_24AutoProject_250723\venv\Lib\site-packages\numpy\_core\tests\test_array_coercion.py","LF"
"C:\SNS_24AutoProject_250723\venv\Lib\site-packages\numpy\_core\tests\test_array_interface.py","LF"
"C:\SNS_24AutoProject_250723\venv\Lib\site-packages\numpy\_core\tests\test_casting_floatingpoint_errors.py","LF"
"C:\SNS_24AutoProject_250723\venv\Lib\site-packages\numpy\_core\tests\test_casting_unittests.py","LF"
"C:\SNS_24AutoProject_250723\venv\Lib\site-packages\numpy\_core\tests\test_conversion_utils.py","LF"
"C:\SNS_24AutoProject_250723\venv\Lib\site-packages\numpy\_core\tests\test_cpu_dispatcher.py","LF"
"C:\SNS_24AutoProject_250723\venv\Lib\site-packages\numpy\_core\tests\test_cpu_features.py","LF"
"C:\SNS_24AutoProject_250723\venv\Lib\site-packages\numpy\_core\tests\test_custom_dtypes.py","LF"
"C:\SNS_24AutoProject_250723\venv\Lib\site-packages\numpy\_core\tests\test_cython.py","LF"
"C:\SNS_24AutoProject_250723\venv\Lib\site-packages\numpy\_core\tests\test_datetime.py","LF"
"C:\SNS_24AutoProject_250723\venv\Lib\site-packages\numpy\_core\tests\test_defchararray.py","LF"
"C:\SNS_24AutoProject_250723\venv\Lib\site-packages\numpy\_core\tests\test_deprecations.py","LF"
"C:\SNS_24AutoProject_250723\venv\Lib\site-packages\numpy\_core\tests\test_dlpack.py","LF"
"C:\SNS_24AutoProject_250723\venv\Lib\site-packages\numpy\_core\tests\test_dtype.py","LF"
"C:\SNS_24AutoProject_250723\venv\Lib\site-packages\numpy\_core\tests\test_einsum.py","LF"
"C:\SNS_24AutoProject_250723\venv\Lib\site-packages\numpy\_core\tests\test_errstate.py","LF"
"C:\SNS_24AutoProject_250723\venv\Lib\site-packages\numpy\_core\tests\test_extint128.py","LF"
"C:\SNS_24AutoProject_250723\venv\Lib\site-packages\numpy\_core\tests\test_function_base.py","LF"
"C:\SNS_24AutoProject_250723\venv\Lib\site-packages\numpy\_core\tests\test_getlimits.py","LF"
"C:\SNS_24AutoProject_250723\venv\Lib\site-packages\numpy\_core\tests\test_half.py","LF"
"C:\SNS_24AutoProject_250723\venv\Lib\site-packages\numpy\_core\tests\test_hashtable.py","LF"
"C:\SNS_24AutoProject_250723\venv\Lib\site-packages\numpy\_core\tests\test_indexerrors.py","LF"
"C:\SNS_24AutoProject_250723\venv\Lib\site-packages\numpy\_core\tests\test_indexing.py","LF"
"C:\SNS_24AutoProject_250723\venv\Lib\site-packages\numpy\_core\tests\test_item_selection.py","LF"
"C:\SNS_24AutoProject_250723\venv\Lib\site-packages\numpy\_core\tests\test_limited_api.py","LF"
"C:\SNS_24AutoProject_250723\venv\Lib\site-packages\numpy\_core\tests\test_longdouble.py","LF"
"C:\SNS_24AutoProject_250723\venv\Lib\site-packages\numpy\_core\tests\test_machar.py","LF"
"C:\SNS_24AutoProject_250723\venv\Lib\site-packages\numpy\_core\tests\test_memmap.py","LF"
"C:\SNS_24AutoProject_250723\venv\Lib\site-packages\numpy\_core\tests\test_mem_overlap.py","LF"
"C:\SNS_24AutoProject_250723\venv\Lib\site-packages\numpy\_core\tests\test_mem_policy.py","LF"
"C:\SNS_24AutoProject_250723\venv\Lib\site-packages\numpy\_core\tests\test_multiarray.py","LF"
"C:\SNS_24AutoProject_250723\venv\Lib\site-packages\numpy\_core\tests\test_multithreading.py","LF"
"C:\SNS_24AutoProject_250723\venv\Lib\site-packages\numpy\_core\tests\test_nditer.py","LF"
"C:\SNS_24AutoProject_250723\venv\Lib\site-packages\numpy\_core\tests\test_nep50_promotions.py","LF"
"C:\SNS_24AutoProject_250723\venv\Lib\site-packages\numpy\_core\tests\test_numeric.py","LF"
"C:\SNS_24AutoProject_250723\venv\Lib\site-packages\numpy\_core\tests\test_numerictypes.py","LF"
"C:\SNS_24AutoProject_250723\venv\Lib\site-packages\numpy\_core\tests\test_overrides.py","LF"
"C:\SNS_24AutoProject_250723\venv\Lib\site-packages\numpy\_core\tests\test_print.py","LF"
"C:\SNS_24AutoProject_250723\venv\Lib\site-packages\numpy\_core\tests\test_protocols.py","LF"
"C:\SNS_24AutoProject_250723\venv\Lib\site-packages\numpy\_core\tests\test_records.py","LF"
"C:\SNS_24AutoProject_250723\venv\Lib\site-packages\numpy\_core\tests\test_regression.py","LF"
"C:\SNS_24AutoProject_250723\venv\Lib\site-packages\numpy\_core\tests\test_scalarbuffer.py","LF"
"C:\SNS_24AutoProject_250723\venv\Lib\site-packages\numpy\_core\tests\test_scalarinherit.py","LF"
"C:\SNS_24AutoProject_250723\venv\Lib\site-packages\numpy\_core\tests\test_scalarmath.py","LF"
"C:\SNS_24AutoProject_250723\venv\Lib\site-packages\numpy\_core\tests\test_scalarprint.py","LF"
"C:\SNS_24AutoProject_250723\venv\Lib\site-packages\numpy\_core\tests\test_scalar_ctors.py","LF"
"C:\SNS_24AutoProject_250723\venv\Lib\site-packages\numpy\_core\tests\test_scalar_methods.py","LF"
"C:\SNS_24AutoProject_250723\venv\Lib\site-packages\numpy\_core\tests\test_shape_base.py","LF"
"C:\SNS_24AutoProject_250723\venv\Lib\site-packages\numpy\_core\tests\test_simd.py","LF"
"C:\SNS_24AutoProject_250723\venv\Lib\site-packages\numpy\_core\tests\test_simd_module.py","LF"
"C:\SNS_24AutoProject_250723\venv\Lib\site-packages\numpy\_core\tests\test_stringdtype.py","LF"
"C:\SNS_24AutoProject_250723\venv\Lib\site-packages\numpy\_core\tests\test_strings.py","LF"
"C:\SNS_24AutoProject_250723\venv\Lib\site-packages\numpy\_core\tests\test_ufunc.py","LF"
"C:\SNS_24AutoProject_250723\venv\Lib\site-packages\numpy\_core\tests\test_umath.py","LF"
"C:\SNS_24AutoProject_250723\venv\Lib\site-packages\numpy\_core\tests\test_umath_accuracy.py","LF"
"C:\SNS_24AutoProject_250723\venv\Lib\site-packages\numpy\_core\tests\test_umath_complex.py","LF"
"C:\SNS_24AutoProject_250723\venv\Lib\site-packages\numpy\_core\tests\test_unicode.py","LF"
"C:\SNS_24AutoProject_250723\venv\Lib\site-packages\numpy\_core\tests\test__exceptions.py","LF"
"C:\SNS_24AutoProject_250723\venv\Lib\site-packages\numpy\_core\tests\_locales.py","LF"
"C:\SNS_24AutoProject_250723\venv\Lib\site-packages\numpy\_core\tests\_natype.py","LF"
"C:\SNS_24AutoProject_250723\venv\Lib\site-packages\numpy\_core\arrayprint.py","LF"
"C:\SNS_24AutoProject_250723\venv\Lib\site-packages\numpy\_core\cversions.py","LF"
"C:\SNS_24AutoProject_250723\venv\Lib\site-packages\numpy\_core\defchararray.py","LF"
"C:\SNS_24AutoProject_250723\venv\Lib\site-packages\numpy\_core\einsumfunc.py","LF"
"C:\SNS_24AutoProject_250723\venv\Lib\site-packages\numpy\_core\fromnumeric.py","LF"
"C:\SNS_24AutoProject_250723\venv\Lib\site-packages\numpy\_core\function_base.py","LF"
"C:\SNS_24AutoProject_250723\venv\Lib\site-packages\numpy\_core\getlimits.py","LF"
"C:\SNS_24AutoProject_250723\venv\Lib\site-packages\numpy\_core\memmap.py","LF"
"C:\SNS_24AutoProject_250723\venv\Lib\site-packages\numpy\_core\multiarray.py","LF"
"C:\SNS_24AutoProject_250723\venv\Lib\site-packages\numpy\_core\numeric.py","LF"
"C:\SNS_24AutoProject_250723\venv\Lib\site-packages\numpy\_core\numerictypes.py","LF"
"C:\SNS_24AutoProject_250723\venv\Lib\site-packages\numpy\_core\overrides.py","LF"
"C:\SNS_24AutoProject_250723\venv\Lib\site-packages\numpy\_core\printoptions.py","LF"
"C:\SNS_24AutoProject_250723\venv\Lib\site-packages\numpy\_core\records.py","LF"
"C:\SNS_24AutoProject_250723\venv\Lib\site-packages\numpy\_core\shape_base.py","LF"
"C:\SNS_24AutoProject_250723\venv\Lib\site-packages\numpy\_core\strings.py","LF"
"C:\SNS_24AutoProject_250723\venv\Lib\site-packages\numpy\_core\umath.py","LF"
"C:\SNS_24AutoProject_250723\venv\Lib\site-packages\numpy\_core\_add_newdocs.py","LF"
"C:\SNS_24AutoProject_250723\venv\Lib\site-packages\numpy\_core\_add_newdocs_scalars.py","LF"
"C:\SNS_24AutoProject_250723\venv\Lib\site-packages\numpy\_core\_asarray.py","LF"
"C:\SNS_24AutoProject_250723\venv\Lib\site-packages\numpy\_core\_dtype.py","LF"
"C:\SNS_24AutoProject_250723\venv\Lib\site-packages\numpy\_core\_dtype_ctypes.py","LF"
"C:\SNS_24AutoProject_250723\venv\Lib\site-packages\numpy\_core\_exceptions.py","LF"
"C:\SNS_24AutoProject_250723\venv\Lib\site-packages\numpy\_core\_internal.py","LF"
"C:\SNS_24AutoProject_250723\venv\Lib\site-packages\numpy\_core\_machar.py","LF"
"C:\SNS_24AutoProject_250723\venv\Lib\site-packages\numpy\_core\_methods.py","LF"
"C:\SNS_24AutoProject_250723\venv\Lib\site-packages\numpy\_core\_string_helpers.py","LF"
"C:\SNS_24AutoProject_250723\venv\Lib\site-packages\numpy\_core\_type_aliases.py","LF"
"C:\SNS_24AutoProject_250723\venv\Lib\site-packages\numpy\_core\_ufunc_config.py","LF"
"C:\SNS_24AutoProject_250723\venv\Lib\site-packages\numpy\_core\__init__.py","LF"
"C:\SNS_24AutoProject_250723\venv\Lib\site-packages\numpy\_pyinstaller\tests\pyinstaller-smoke.py","LF"
"C:\SNS_24AutoProject_250723\venv\Lib\site-packages\numpy\_pyinstaller\tests\test_pyinstaller.py","LF"
"C:\SNS_24AutoProject_250723\venv\Lib\site-packages\numpy\_pyinstaller\tests\__init__.py","LF"
"C:\SNS_24AutoProject_250723\venv\Lib\site-packages\numpy\_pyinstaller\hook-numpy.py","LF"
"C:\SNS_24AutoProject_250723\venv\Lib\site-packages\numpy\_pyinstaller\__init__.py","UNKNOWN"
"C:\SNS_24AutoProject_250723\venv\Lib\site-packages\numpy\_typing\_add_docstring.py","LF"
"C:\SNS_24AutoProject_250723\venv\Lib\site-packages\numpy\_typing\_array_like.py","LF"
"C:\SNS_24AutoProject_250723\venv\Lib\site-packages\numpy\_typing\_char_codes.py","LF"
"C:\SNS_24AutoProject_250723\venv\Lib\site-packages\numpy\_typing\_dtype_like.py","LF"
"C:\SNS_24AutoProject_250723\venv\Lib\site-packages\numpy\_typing\_extended_precision.py","LF"
"C:\SNS_24AutoProject_250723\venv\Lib\site-packages\numpy\_typing\_nbit.py","LF"
"C:\SNS_24AutoProject_250723\venv\Lib\site-packages\numpy\_typing\_nbit_base.py","LF"
"C:\SNS_24AutoProject_250723\venv\Lib\site-packages\numpy\_typing\_nested_sequence.py","LF"
"C:\SNS_24AutoProject_250723\venv\Lib\site-packages\numpy\_typing\_scalars.py","LF"
"C:\SNS_24AutoProject_250723\venv\Lib\site-packages\numpy\_typing\_shape.py","LF"
"C:\SNS_24AutoProject_250723\venv\Lib\site-packages\numpy\_typing\_ufunc.py","LF"
"C:\SNS_24AutoProject_250723\venv\Lib\site-packages\numpy\_typing\__init__.py","LF"
"C:\SNS_24AutoProject_250723\venv\Lib\site-packages\numpy\_utils\_convertions.py","LF"
"C:\SNS_24AutoProject_250723\venv\Lib\site-packages\numpy\_utils\_inspect.py","LF"
"C:\SNS_24AutoProject_250723\venv\Lib\site-packages\numpy\_utils\_pep440.py","LF"
"C:\SNS_24AutoProject_250723\venv\Lib\site-packages\numpy\_utils\__init__.py","LF"
"C:\SNS_24AutoProject_250723\venv\Lib\site-packages\numpy\conftest.py","LF"
"C:\SNS_24AutoProject_250723\venv\Lib\site-packages\numpy\ctypeslib.py","LF"
"C:\SNS_24AutoProject_250723\venv\Lib\site-packages\numpy\dtypes.py","LF"
"C:\SNS_24AutoProject_250723\venv\Lib\site-packages\numpy\exceptions.py","LF"
"C:\SNS_24AutoProject_250723\venv\Lib\site-packages\numpy\matlib.py","LF"
"C:\SNS_24AutoProject_250723\venv\Lib\site-packages\numpy\version.py","LF"
"C:\SNS_24AutoProject_250723\venv\Lib\site-packages\numpy\_array_api_info.py","LF"
"C:\SNS_24AutoProject_250723\venv\Lib\site-packages\numpy\_configtool.py","LF"
"C:\SNS_24AutoProject_250723\venv\Lib\site-packages\numpy\_distributor_init.py","LF"
"C:\SNS_24AutoProject_250723\venv\Lib\site-packages\numpy\_expired_attrs_2_0.py","LF"
"C:\SNS_24AutoProject_250723\venv\Lib\site-packages\numpy\_globals.py","LF"
"C:\SNS_24AutoProject_250723\venv\Lib\site-packages\numpy\_pytesttester.py","LF"
"C:\SNS_24AutoProject_250723\venv\Lib\site-packages\numpy\__config__.py","LF"
"C:\SNS_24AutoProject_250723\venv\Lib\site-packages\numpy\__init__.py","LF"
"C:\SNS_24AutoProject_250723\venv\Lib\site-packages\outcome\_impl.py","LF"
"C:\SNS_24AutoProject_250723\venv\Lib\site-packages\outcome\_util.py","LF"
"C:\SNS_24AutoProject_250723\venv\Lib\site-packages\outcome\_version.py","LF"
"C:\SNS_24AutoProject_250723\venv\Lib\site-packages\outcome\__init__.py","LF"
"C:\SNS_24AutoProject_250723\venv\Lib\site-packages\packaging\licenses\_spdx.py","LF"
"C:\SNS_24AutoProject_250723\venv\Lib\site-packages\packaging\licenses\__init__.py","LF"
"C:\SNS_24AutoProject_250723\venv\Lib\site-packages\packaging\markers.py","LF"
"C:\SNS_24AutoProject_250723\venv\Lib\site-packages\packaging\metadata.py","LF"
"C:\SNS_24AutoProject_250723\venv\Lib\site-packages\packaging\requirements.py","LF"
"C:\SNS_24AutoProject_250723\venv\Lib\site-packages\packaging\specifiers.py","LF"
"C:\SNS_24AutoProject_250723\venv\Lib\site-packages\packaging\tags.py","LF"
"C:\SNS_24AutoProject_250723\venv\Lib\site-packages\packaging\utils.py","LF"
"C:\SNS_24AutoProject_250723\venv\Lib\site-packages\packaging\version.py","LF"
"C:\SNS_24AutoProject_250723\venv\Lib\site-packages\packaging\_elffile.py","LF"
"C:\SNS_24AutoProject_250723\venv\Lib\site-packages\packaging\_manylinux.py","LF"
"C:\SNS_24AutoProject_250723\venv\Lib\site-packages\packaging\_musllinux.py","LF"
"C:\SNS_24AutoProject_250723\venv\Lib\site-packages\packaging\_parser.py","LF"
"C:\SNS_24AutoProject_250723\venv\Lib\site-packages\packaging\_structures.py","LF"
"C:\SNS_24AutoProject_250723\venv\Lib\site-packages\packaging\_tokenizer.py","LF"
"C:\SNS_24AutoProject_250723\venv\Lib\site-packages\packaging\__init__.py","LF"
"C:\SNS_24AutoProject_250723\venv\Lib\site-packages\PIL\AvifImagePlugin.py","LF"
"C:\SNS_24AutoProject_250723\venv\Lib\site-packages\PIL\BdfFontFile.py","LF"
"C:\SNS_24AutoProject_250723\venv\Lib\site-packages\PIL\BlpImagePlugin.py","LF"
"C:\SNS_24AutoProject_250723\venv\Lib\site-packages\PIL\BmpImagePlugin.py","LF"
"C:\SNS_24AutoProject_250723\venv\Lib\site-packages\PIL\BufrStubImagePlugin.py","LF"
"C:\SNS_24AutoProject_250723\venv\Lib\site-packages\PIL\ContainerIO.py","LF"
"C:\SNS_24AutoProject_250723\venv\Lib\site-packages\PIL\CurImagePlugin.py","LF"
"C:\SNS_24AutoProject_250723\venv\Lib\site-packages\PIL\DcxImagePlugin.py","LF"
"C:\SNS_24AutoProject_250723\venv\Lib\site-packages\PIL\DdsImagePlugin.py","LF"
"C:\SNS_24AutoProject_250723\venv\Lib\site-packages\PIL\EpsImagePlugin.py","LF"
"C:\SNS_24AutoProject_250723\venv\Lib\site-packages\PIL\ExifTags.py","LF"
"C:\SNS_24AutoProject_250723\venv\Lib\site-packages\PIL\features.py","LF"
"C:\SNS_24AutoProject_250723\venv\Lib\site-packages\PIL\FitsImagePlugin.py","LF"
"C:\SNS_24AutoProject_250723\venv\Lib\site-packages\PIL\FliImagePlugin.py","LF"
"C:\SNS_24AutoProject_250723\venv\Lib\site-packages\PIL\FontFile.py","LF"
"C:\SNS_24AutoProject_250723\venv\Lib\site-packages\PIL\FpxImagePlugin.py","LF"
"C:\SNS_24AutoProject_250723\venv\Lib\site-packages\PIL\FtexImagePlugin.py","LF"
"C:\SNS_24AutoProject_250723\venv\Lib\site-packages\PIL\GbrImagePlugin.py","LF"
"C:\SNS_24AutoProject_250723\venv\Lib\site-packages\PIL\GdImageFile.py","LF"
"C:\SNS_24AutoProject_250723\venv\Lib\site-packages\PIL\GifImagePlugin.py","LF"
"C:\SNS_24AutoProject_250723\venv\Lib\site-packages\PIL\GimpGradientFile.py","LF"
"C:\SNS_24AutoProject_250723\venv\Lib\site-packages\PIL\GimpPaletteFile.py","LF"
"C:\SNS_24AutoProject_250723\venv\Lib\site-packages\PIL\GribStubImagePlugin.py","LF"
"C:\SNS_24AutoProject_250723\venv\Lib\site-packages\PIL\Hdf5StubImagePlugin.py","LF"
"C:\SNS_24AutoProject_250723\venv\Lib\site-packages\PIL\IcnsImagePlugin.py","LF"
"C:\SNS_24AutoProject_250723\venv\Lib\site-packages\PIL\IcoImagePlugin.py","LF"
"C:\SNS_24AutoProject_250723\venv\Lib\site-packages\PIL\Image.py","LF"
"C:\SNS_24AutoProject_250723\venv\Lib\site-packages\PIL\ImageChops.py","LF"
"C:\SNS_24AutoProject_250723\venv\Lib\site-packages\PIL\ImageCms.py","LF"
"C:\SNS_24AutoProject_250723\venv\Lib\site-packages\PIL\ImageColor.py","LF"
"C:\SNS_24AutoProject_250723\venv\Lib\site-packages\PIL\ImageDraw.py","LF"
"C:\SNS_24AutoProject_250723\venv\Lib\site-packages\PIL\ImageDraw2.py","LF"
"C:\SNS_24AutoProject_250723\venv\Lib\site-packages\PIL\ImageEnhance.py","LF"
"C:\SNS_24AutoProject_250723\venv\Lib\site-packages\PIL\ImageFile.py","LF"
"C:\SNS_24AutoProject_250723\venv\Lib\site-packages\PIL\ImageFilter.py","LF"
"C:\SNS_24AutoProject_250723\venv\Lib\site-packages\PIL\ImageFont.py","LF"
"C:\SNS_24AutoProject_250723\venv\Lib\site-packages\PIL\ImageGrab.py","LF"
"C:\SNS_24AutoProject_250723\venv\Lib\site-packages\PIL\ImageMath.py","LF"
"C:\SNS_24AutoProject_250723\venv\Lib\site-packages\PIL\ImageMode.py","LF"
"C:\SNS_24AutoProject_250723\venv\Lib\site-packages\PIL\ImageMorph.py","LF"
"C:\SNS_24AutoProject_250723\venv\Lib\site-packages\PIL\ImageOps.py","LF"
"C:\SNS_24AutoProject_250723\venv\Lib\site-packages\PIL\ImagePalette.py","LF"
"C:\SNS_24AutoProject_250723\venv\Lib\site-packages\PIL\ImagePath.py","LF"
"C:\SNS_24AutoProject_250723\venv\Lib\site-packages\PIL\ImageQt.py","LF"
"C:\SNS_24AutoProject_250723\venv\Lib\site-packages\PIL\ImageSequence.py","LF"
"C:\SNS_24AutoProject_250723\venv\Lib\site-packages\PIL\ImageShow.py","LF"
"C:\SNS_24AutoProject_250723\venv\Lib\site-packages\PIL\ImageStat.py","LF"
"C:\SNS_24AutoProject_250723\venv\Lib\site-packages\PIL\ImageTk.py","LF"
"C:\SNS_24AutoProject_250723\venv\Lib\site-packages\PIL\ImageTransform.py","LF"
"C:\SNS_24AutoProject_250723\venv\Lib\site-packages\PIL\ImageWin.py","LF"
"C:\SNS_24AutoProject_250723\venv\Lib\site-packages\PIL\ImImagePlugin.py","LF"
"C:\SNS_24AutoProject_250723\venv\Lib\site-packages\PIL\ImtImagePlugin.py","LF"
"C:\SNS_24AutoProject_250723\venv\Lib\site-packages\PIL\IptcImagePlugin.py","LF"
"C:\SNS_24AutoProject_250723\venv\Lib\site-packages\PIL\Jpeg2KImagePlugin.py","LF"
"C:\SNS_24AutoProject_250723\venv\Lib\site-packages\PIL\JpegImagePlugin.py","LF"
"C:\SNS_24AutoProject_250723\venv\Lib\site-packages\PIL\JpegPresets.py","LF"
"C:\SNS_24AutoProject_250723\venv\Lib\site-packages\PIL\McIdasImagePlugin.py","LF"
"C:\SNS_24AutoProject_250723\venv\Lib\site-packages\PIL\MicImagePlugin.py","LF"
"C:\SNS_24AutoProject_250723\venv\Lib\site-packages\PIL\MpegImagePlugin.py","LF"
"C:\SNS_24AutoProject_250723\venv\Lib\site-packages\PIL\MpoImagePlugin.py","LF"
"C:\SNS_24AutoProject_250723\venv\Lib\site-packages\PIL\MspImagePlugin.py","LF"
"C:\SNS_24AutoProject_250723\venv\Lib\site-packages\PIL\PaletteFile.py","LF"
"C:\SNS_24AutoProject_250723\venv\Lib\site-packages\PIL\PalmImagePlugin.py","LF"
"C:\SNS_24AutoProject_250723\venv\Lib\site-packages\PIL\PcdImagePlugin.py","LF"
"C:\SNS_24AutoProject_250723\venv\Lib\site-packages\PIL\PcfFontFile.py","LF"
"C:\SNS_24AutoProject_250723\venv\Lib\site-packages\PIL\PcxImagePlugin.py","LF"
"C:\SNS_24AutoProject_250723\venv\Lib\site-packages\PIL\PdfImagePlugin.py","LF"
"C:\SNS_24AutoProject_250723\venv\Lib\site-packages\PIL\PdfParser.py","LF"
"C:\SNS_24AutoProject_250723\venv\Lib\site-packages\PIL\PixarImagePlugin.py","LF"
"C:\SNS_24AutoProject_250723\venv\Lib\site-packages\PIL\PngImagePlugin.py","LF"
"C:\SNS_24AutoProject_250723\venv\Lib\site-packages\PIL\PpmImagePlugin.py","LF"
"C:\SNS_24AutoProject_250723\venv\Lib\site-packages\PIL\PsdImagePlugin.py","LF"
"C:\SNS_24AutoProject_250723\venv\Lib\site-packages\PIL\PSDraw.py","LF"
"C:\SNS_24AutoProject_250723\venv\Lib\site-packages\PIL\QoiImagePlugin.py","LF"
"C:\SNS_24AutoProject_250723\venv\Lib\site-packages\PIL\report.py","LF"
"C:\SNS_24AutoProject_250723\venv\Lib\site-packages\PIL\SgiImagePlugin.py","LF"
"C:\SNS_24AutoProject_250723\venv\Lib\site-packages\PIL\SpiderImagePlugin.py","LF"
"C:\SNS_24AutoProject_250723\venv\Lib\site-packages\PIL\SunImagePlugin.py","LF"
"C:\SNS_24AutoProject_250723\venv\Lib\site-packages\PIL\TarIO.py","LF"
"C:\SNS_24AutoProject_250723\venv\Lib\site-packages\PIL\TgaImagePlugin.py","LF"
"C:\SNS_24AutoProject_250723\venv\Lib\site-packages\PIL\TiffImagePlugin.py","LF"
"C:\SNS_24AutoProject_250723\venv\Lib\site-packages\PIL\TiffTags.py","LF"
"C:\SNS_24AutoProject_250723\venv\Lib\site-packages\PIL\WalImageFile.py","LF"
"C:\SNS_24AutoProject_250723\venv\Lib\site-packages\PIL\WebPImagePlugin.py","LF"
"C:\SNS_24AutoProject_250723\venv\Lib\site-packages\PIL\WmfImagePlugin.py","LF"
"C:\SNS_24AutoProject_250723\venv\Lib\site-packages\PIL\XbmImagePlugin.py","LF"
"C:\SNS_24AutoProject_250723\venv\Lib\site-packages\PIL\XpmImagePlugin.py","LF"
"C:\SNS_24AutoProject_250723\venv\Lib\site-packages\PIL\XVThumbImagePlugin.py","LF"
"C:\SNS_24AutoProject_250723\venv\Lib\site-packages\PIL\_binary.py","LF"
"C:\SNS_24AutoProject_250723\venv\Lib\site-packages\PIL\_deprecate.py","LF"
"C:\SNS_24AutoProject_250723\venv\Lib\site-packages\PIL\_tkinter_finder.py","LF"
"C:\SNS_24AutoProject_250723\venv\Lib\site-packages\PIL\_typing.py","LF"
"C:\SNS_24AutoProject_250723\venv\Lib\site-packages\PIL\_util.py","LF"
"C:\SNS_24AutoProject_250723\venv\Lib\site-packages\PIL\_version.py","LF"
"C:\SNS_24AutoProject_250723\venv\Lib\site-packages\PIL\__init__.py","LF"
"C:\SNS_24AutoProject_250723\venv\Lib\site-packages\PIL\__main__.py","LF"
"C:\SNS_24AutoProject_250723\venv\Lib\site-packages\pip\_internal\cli\autocompletion.py","LF"
"C:\SNS_24AutoProject_250723\venv\Lib\site-packages\pip\_internal\cli\base_command.py","LF"
"C:\SNS_24AutoProject_250723\venv\Lib\site-packages\pip\_internal\cli\cmdoptions.py","LF"
"C:\SNS_24AutoProject_250723\venv\Lib\site-packages\pip\_internal\cli\command_context.py","LF"
"C:\SNS_24AutoProject_250723\venv\Lib\site-packages\pip\_internal\cli\index_command.py","LF"
"C:\SNS_24AutoProject_250723\venv\Lib\site-packages\pip\_internal\cli\main.py","LF"
"C:\SNS_24AutoProject_250723\venv\Lib\site-packages\pip\_internal\cli\main_parser.py","LF"
"C:\SNS_24AutoProject_250723\venv\Lib\site-packages\pip\_internal\cli\parser.py","LF"
"C:\SNS_24AutoProject_250723\venv\Lib\site-packages\pip\_internal\cli\progress_bars.py","LF"
"C:\SNS_24AutoProject_250723\venv\Lib\site-packages\pip\_internal\cli\req_command.py","LF"
"C:\SNS_24AutoProject_250723\venv\Lib\site-packages\pip\_internal\cli\spinners.py","LF"
"C:\SNS_24AutoProject_250723\venv\Lib\site-packages\pip\_internal\cli\status_codes.py","LF"
"C:\SNS_24AutoProject_250723\venv\Lib\site-packages\pip\_internal\cli\__init__.py","LF"
"C:\SNS_24AutoProject_250723\venv\Lib\site-packages\pip\_internal\commands\cache.py","LF"
"C:\SNS_24AutoProject_250723\venv\Lib\site-packages\pip\_internal\commands\check.py","LF"
"C:\SNS_24AutoProject_250723\venv\Lib\site-packages\pip\_internal\commands\completion.py","LF"
"C:\SNS_24AutoProject_250723\venv\Lib\site-packages\pip\_internal\commands\configuration.py","LF"
"C:\SNS_24AutoProject_250723\venv\Lib\site-packages\pip\_internal\commands\debug.py","LF"
"C:\SNS_24AutoProject_250723\venv\Lib\site-packages\pip\_internal\commands\download.py","LF"
"C:\SNS_24AutoProject_250723\venv\Lib\site-packages\pip\_internal\commands\freeze.py","LF"
"C:\SNS_24AutoProject_250723\venv\Lib\site-packages\pip\_internal\commands\hash.py","LF"
"C:\SNS_24AutoProject_250723\venv\Lib\site-packages\pip\_internal\commands\help.py","LF"
"C:\SNS_24AutoProject_250723\venv\Lib\site-packages\pip\_internal\commands\index.py","LF"
"C:\SNS_24AutoProject_250723\venv\Lib\site-packages\pip\_internal\commands\inspect.py","LF"
"C:\SNS_24AutoProject_250723\venv\Lib\site-packages\pip\_internal\commands\install.py","LF"
"C:\SNS_24AutoProject_250723\venv\Lib\site-packages\pip\_internal\commands\list.py","LF"
"C:\SNS_24AutoProject_250723\venv\Lib\site-packages\pip\_internal\commands\lock.py","LF"
"C:\SNS_24AutoProject_250723\venv\Lib\site-packages\pip\_internal\commands\search.py","LF"
"C:\SNS_24AutoProject_250723\venv\Lib\site-packages\pip\_internal\commands\show.py","LF"
"C:\SNS_24AutoProject_250723\venv\Lib\site-packages\pip\_internal\commands\uninstall.py","LF"
"C:\SNS_24AutoProject_250723\venv\Lib\site-packages\pip\_internal\commands\wheel.py","LF"
"C:\SNS_24AutoProject_250723\venv\Lib\site-packages\pip\_internal\commands\__init__.py","LF"
"C:\SNS_24AutoProject_250723\venv\Lib\site-packages\pip\_internal\distributions\base.py","LF"
"C:\SNS_24AutoProject_250723\venv\Lib\site-packages\pip\_internal\distributions\installed.py","LF"
"C:\SNS_24AutoProject_250723\venv\Lib\site-packages\pip\_internal\distributions\sdist.py","LF"
"C:\SNS_24AutoProject_250723\venv\Lib\site-packages\pip\_internal\distributions\wheel.py","LF"
"C:\SNS_24AutoProject_250723\venv\Lib\site-packages\pip\_internal\distributions\__init__.py","LF"
"C:\SNS_24AutoProject_250723\venv\Lib\site-packages\pip\_internal\index\collector.py","LF"
"C:\SNS_24AutoProject_250723\venv\Lib\site-packages\pip\_internal\index\package_finder.py","LF"
"C:\SNS_24AutoProject_250723\venv\Lib\site-packages\pip\_internal\index\sources.py","LF"
"C:\SNS_24AutoProject_250723\venv\Lib\site-packages\pip\_internal\index\__init__.py","LF"
"C:\SNS_24AutoProject_250723\venv\Lib\site-packages\pip\_internal\locations\base.py","LF"
"C:\SNS_24AutoProject_250723\venv\Lib\site-packages\pip\_internal\locations\_distutils.py","LF"
"C:\SNS_24AutoProject_250723\venv\Lib\site-packages\pip\_internal\locations\_sysconfig.py","LF"
"C:\SNS_24AutoProject_250723\venv\Lib\site-packages\pip\_internal\locations\__init__.py","LF"
"C:\SNS_24AutoProject_250723\venv\Lib\site-packages\pip\_internal\metadata\importlib\_compat.py","LF"
"C:\SNS_24AutoProject_250723\venv\Lib\site-packages\pip\_internal\metadata\importlib\_dists.py","LF"
"C:\SNS_24AutoProject_250723\venv\Lib\site-packages\pip\_internal\metadata\importlib\_envs.py","LF"
"C:\SNS_24AutoProject_250723\venv\Lib\site-packages\pip\_internal\metadata\importlib\__init__.py","LF"
"C:\SNS_24AutoProject_250723\venv\Lib\site-packages\pip\_internal\metadata\base.py","LF"
"C:\SNS_24AutoProject_250723\venv\Lib\site-packages\pip\_internal\metadata\pkg_resources.py","LF"
"C:\SNS_24AutoProject_250723\venv\Lib\site-packages\pip\_internal\metadata\_json.py","LF"
"C:\SNS_24AutoProject_250723\venv\Lib\site-packages\pip\_internal\metadata\__init__.py","LF"
"C:\SNS_24AutoProject_250723\venv\Lib\site-packages\pip\_internal\models\candidate.py","LF"
"C:\SNS_24AutoProject_250723\venv\Lib\site-packages\pip\_internal\models\direct_url.py","LF"
"C:\SNS_24AutoProject_250723\venv\Lib\site-packages\pip\_internal\models\format_control.py","LF"
"C:\SNS_24AutoProject_250723\venv\Lib\site-packages\pip\_internal\models\index.py","LF"
"C:\SNS_24AutoProject_250723\venv\Lib\site-packages\pip\_internal\models\installation_report.py","LF"
"C:\SNS_24AutoProject_250723\venv\Lib\site-packages\pip\_internal\models\link.py","LF"
"C:\SNS_24AutoProject_250723\venv\Lib\site-packages\pip\_internal\models\pylock.py","LF"
"C:\SNS_24AutoProject_250723\venv\Lib\site-packages\pip\_internal\models\scheme.py","LF"
"C:\SNS_24AutoProject_250723\venv\Lib\site-packages\pip\_internal\models\search_scope.py","LF"
"C:\SNS_24AutoProject_250723\venv\Lib\site-packages\pip\_internal\models\selection_prefs.py","LF"
"C:\SNS_24AutoProject_250723\venv\Lib\site-packages\pip\_internal\models\target_python.py","LF"
"C:\SNS_24AutoProject_250723\venv\Lib\site-packages\pip\_internal\models\wheel.py","LF"
"C:\SNS_24AutoProject_250723\venv\Lib\site-packages\pip\_internal\models\__init__.py","LF"
"C:\SNS_24AutoProject_250723\venv\Lib\site-packages\pip\_internal\network\auth.py","LF"
"C:\SNS_24AutoProject_250723\venv\Lib\site-packages\pip\_internal\network\cache.py","LF"
"C:\SNS_24AutoProject_250723\venv\Lib\site-packages\pip\_internal\network\download.py","LF"
"C:\SNS_24AutoProject_250723\venv\Lib\site-packages\pip\_internal\network\lazy_wheel.py","LF"
"C:\SNS_24AutoProject_250723\venv\Lib\site-packages\pip\_internal\network\session.py","LF"
"C:\SNS_24AutoProject_250723\venv\Lib\site-packages\pip\_internal\network\utils.py","LF"
"C:\SNS_24AutoProject_250723\venv\Lib\site-packages\pip\_internal\network\xmlrpc.py","LF"
"C:\SNS_24AutoProject_250723\venv\Lib\site-packages\pip\_internal\network\__init__.py","LF"
"C:\SNS_24AutoProject_250723\venv\Lib\site-packages\pip\_internal\operations\build\build_tracker.py","LF"
"C:\SNS_24AutoProject_250723\venv\Lib\site-packages\pip\_internal\operations\build\metadata.py","LF"
"C:\SNS_24AutoProject_250723\venv\Lib\site-packages\pip\_internal\operations\build\metadata_editable.py","LF"
"C:\SNS_24AutoProject_250723\venv\Lib\site-packages\pip\_internal\operations\build\metadata_legacy.py","LF"
"C:\SNS_24AutoProject_250723\venv\Lib\site-packages\pip\_internal\operations\build\wheel.py","LF"
"C:\SNS_24AutoProject_250723\venv\Lib\site-packages\pip\_internal\operations\build\wheel_editable.py","LF"
"C:\SNS_24AutoProject_250723\venv\Lib\site-packages\pip\_internal\operations\build\wheel_legacy.py","LF"
"C:\SNS_24AutoProject_250723\venv\Lib\site-packages\pip\_internal\operations\build\__init__.py","UNKNOWN"
"C:\SNS_24AutoProject_250723\venv\Lib\site-packages\pip\_internal\operations\install\editable_legacy.py","LF"
"C:\SNS_24AutoProject_250723\venv\Lib\site-packages\pip\_internal\operations\install\wheel.py","LF"
"C:\SNS_24AutoProject_250723\venv\Lib\site-packages\pip\_internal\operations\install\__init__.py","LF"
"C:\SNS_24AutoProject_250723\venv\Lib\site-packages\pip\_internal\operations\check.py","LF"
"C:\SNS_24AutoProject_250723\venv\Lib\site-packages\pip\_internal\operations\freeze.py","LF"
"C:\SNS_24AutoProject_250723\venv\Lib\site-packages\pip\_internal\operations\prepare.py","LF"
"C:\SNS_24AutoProject_250723\venv\Lib\site-packages\pip\_internal\operations\__init__.py","UNKNOWN"
"C:\SNS_24AutoProject_250723\venv\Lib\site-packages\pip\_internal\req\constructors.py","LF"
"C:\SNS_24AutoProject_250723\venv\Lib\site-packages\pip\_internal\req\req_dependency_group.py","LF"
"C:\SNS_24AutoProject_250723\venv\Lib\site-packages\pip\_internal\req\req_file.py","LF"
"C:\SNS_24AutoProject_250723\venv\Lib\site-packages\pip\_internal\req\req_install.py","LF"
"C:\SNS_24AutoProject_250723\venv\Lib\site-packages\pip\_internal\req\req_set.py","LF"
"C:\SNS_24AutoProject_250723\venv\Lib\site-packages\pip\_internal\req\req_uninstall.py","LF"
"C:\SNS_24AutoProject_250723\venv\Lib\site-packages\pip\_internal\req\__init__.py","LF"
"C:\SNS_24AutoProject_250723\venv\Lib\site-packages\pip\_internal\resolution\legacy\resolver.py","LF"
"C:\SNS_24AutoProject_250723\venv\Lib\site-packages\pip\_internal\resolution\legacy\__init__.py","UNKNOWN"
"C:\SNS_24AutoProject_250723\venv\Lib\site-packages\pip\_internal\resolution\resolvelib\base.py","LF"
"C:\SNS_24AutoProject_250723\venv\Lib\site-packages\pip\_internal\resolution\resolvelib\candidates.py","LF"
"C:\SNS_24AutoProject_250723\venv\Lib\site-packages\pip\_internal\resolution\resolvelib\factory.py","LF"
"C:\SNS_24AutoProject_250723\venv\Lib\site-packages\pip\_internal\resolution\resolvelib\found_candidates.py","LF"
"C:\SNS_24AutoProject_250723\venv\Lib\site-packages\pip\_internal\resolution\resolvelib\provider.py","LF"
"C:\SNS_24AutoProject_250723\venv\Lib\site-packages\pip\_internal\resolution\resolvelib\reporter.py","LF"
"C:\SNS_24AutoProject_250723\venv\Lib\site-packages\pip\_internal\resolution\resolvelib\requirements.py","LF"
"C:\SNS_24AutoProject_250723\venv\Lib\site-packages\pip\_internal\resolution\resolvelib\resolver.py","LF"
"C:\SNS_24AutoProject_250723\venv\Lib\site-packages\pip\_internal\resolution\resolvelib\__init__.py","UNKNOWN"
"C:\SNS_24AutoProject_250723\venv\Lib\site-packages\pip\_internal\resolution\base.py","LF"
"C:\SNS_24AutoProject_250723\venv\Lib\site-packages\pip\_internal\resolution\__init__.py","UNKNOWN"
"C:\SNS_24AutoProject_250723\venv\Lib\site-packages\pip\_internal\utils\appdirs.py","LF"
"C:\SNS_24AutoProject_250723\venv\Lib\site-packages\pip\_internal\utils\compat.py","LF"
"C:\SNS_24AutoProject_250723\venv\Lib\site-packages\pip\_internal\utils\compatibility_tags.py","LF"
"C:\SNS_24AutoProject_250723\venv\Lib\site-packages\pip\_internal\utils\datetime.py","LF"
"C:\SNS_24AutoProject_250723\venv\Lib\site-packages\pip\_internal\utils\deprecation.py","LF"
"C:\SNS_24AutoProject_250723\venv\Lib\site-packages\pip\_internal\utils\direct_url_helpers.py","LF"
"C:\SNS_24AutoProject_250723\venv\Lib\site-packages\pip\_internal\utils\egg_link.py","LF"
"C:\SNS_24AutoProject_250723\venv\Lib\site-packages\pip\_internal\utils\entrypoints.py","LF"
"C:\SNS_24AutoProject_250723\venv\Lib\site-packages\pip\_internal\utils\filesystem.py","LF"
"C:\SNS_24AutoProject_250723\venv\Lib\site-packages\pip\_internal\utils\filetypes.py","LF"
"C:\SNS_24AutoProject_250723\venv\Lib\site-packages\pip\_internal\utils\glibc.py","LF"
"C:\SNS_24AutoProject_250723\venv\Lib\site-packages\pip\_internal\utils\hashes.py","LF"
"C:\SNS_24AutoProject_250723\venv\Lib\site-packages\pip\_internal\utils\logging.py","LF"
"C:\SNS_24AutoProject_250723\venv\Lib\site-packages\pip\_internal\utils\misc.py","LF"
"C:\SNS_24AutoProject_250723\venv\Lib\site-packages\pip\_internal\utils\packaging.py","LF"
"C:\SNS_24AutoProject_250723\venv\Lib\site-packages\pip\_internal\utils\retry.py","LF"
"C:\SNS_24AutoProject_250723\venv\Lib\site-packages\pip\_internal\utils\setuptools_build.py","LF"
"C:\SNS_24AutoProject_250723\venv\Lib\site-packages\pip\_internal\utils\subprocess.py","LF"
"C:\SNS_24AutoProject_250723\venv\Lib\site-packages\pip\_internal\utils\temp_dir.py","LF"
"C:\SNS_24AutoProject_250723\venv\Lib\site-packages\pip\_internal\utils\unpacking.py","LF"
"C:\SNS_24AutoProject_250723\venv\Lib\site-packages\pip\_internal\utils\urls.py","LF"
"C:\SNS_24AutoProject_250723\venv\Lib\site-packages\pip\_internal\utils\virtualenv.py","LF"
"C:\SNS_24AutoProject_250723\venv\Lib\site-packages\pip\_internal\utils\wheel.py","LF"
"C:\SNS_24AutoProject_250723\venv\Lib\site-packages\pip\_internal\utils\_jaraco_text.py","LF"
"C:\SNS_24AutoProject_250723\venv\Lib\site-packages\pip\_internal\utils\_log.py","LF"
"C:\SNS_24AutoProject_250723\venv\Lib\site-packages\pip\_internal\utils\__init__.py","UNKNOWN"
"C:\SNS_24AutoProject_250723\venv\Lib\site-packages\pip\_internal\vcs\bazaar.py","LF"
"C:\SNS_24AutoProject_250723\venv\Lib\site-packages\pip\_internal\vcs\git.py","LF"
"C:\SNS_24AutoProject_250723\venv\Lib\site-packages\pip\_internal\vcs\mercurial.py","LF"
"C:\SNS_24AutoProject_250723\venv\Lib\site-packages\pip\_internal\vcs\subversion.py","LF"
"C:\SNS_24AutoProject_250723\venv\Lib\site-packages\pip\_internal\vcs\versioncontrol.py","LF"
"C:\SNS_24AutoProject_250723\venv\Lib\site-packages\pip\_internal\vcs\__init__.py","LF"
"C:\SNS_24AutoProject_250723\venv\Lib\site-packages\pip\_internal\build_env.py","LF"
"C:\SNS_24AutoProject_250723\venv\Lib\site-packages\pip\_internal\cache.py","LF"
"C:\SNS_24AutoProject_250723\venv\Lib\site-packages\pip\_internal\configuration.py","LF"
"C:\SNS_24AutoProject_250723\venv\Lib\site-packages\pip\_internal\exceptions.py","LF"
"C:\SNS_24AutoProject_250723\venv\Lib\site-packages\pip\_internal\main.py","LF"
"C:\SNS_24AutoProject_250723\venv\Lib\site-packages\pip\_internal\pyproject.py","LF"
"C:\SNS_24AutoProject_250723\venv\Lib\site-packages\pip\_internal\self_outdated_check.py","LF"
"C:\SNS_24AutoProject_250723\venv\Lib\site-packages\pip\_internal\wheel_builder.py","LF"
"C:\SNS_24AutoProject_250723\venv\Lib\site-packages\pip\_internal\__init__.py","LF"
"C:\SNS_24AutoProject_250723\venv\Lib\site-packages\pip\_vendor\cachecontrol\caches\file_cache.py","LF"
"C:\SNS_24AutoProject_250723\venv\Lib\site-packages\pip\_vendor\cachecontrol\caches\redis_cache.py","LF"
"C:\SNS_24AutoProject_250723\venv\Lib\site-packages\pip\_vendor\cachecontrol\caches\__init__.py","LF"
"C:\SNS_24AutoProject_250723\venv\Lib\site-packages\pip\_vendor\cachecontrol\adapter.py","LF"
"C:\SNS_24AutoProject_250723\venv\Lib\site-packages\pip\_vendor\cachecontrol\cache.py","LF"
"C:\SNS_24AutoProject_250723\venv\Lib\site-packages\pip\_vendor\cachecontrol\controller.py","LF"
"C:\SNS_24AutoProject_250723\venv\Lib\site-packages\pip\_vendor\cachecontrol\filewrapper.py","LF"
"C:\SNS_24AutoProject_250723\venv\Lib\site-packages\pip\_vendor\cachecontrol\heuristics.py","LF"
"C:\SNS_24AutoProject_250723\venv\Lib\site-packages\pip\_vendor\cachecontrol\serialize.py","LF"
"C:\SNS_24AutoProject_250723\venv\Lib\site-packages\pip\_vendor\cachecontrol\wrapper.py","LF"
"C:\SNS_24AutoProject_250723\venv\Lib\site-packages\pip\_vendor\cachecontrol\_cmd.py","LF"
"C:\SNS_24AutoProject_250723\venv\Lib\site-packages\pip\_vendor\cachecontrol\__init__.py","LF"
"C:\SNS_24AutoProject_250723\venv\Lib\site-packages\pip\_vendor\certifi\core.py","LF"
"C:\SNS_24AutoProject_250723\venv\Lib\site-packages\pip\_vendor\certifi\__init__.py","LF"
"C:\SNS_24AutoProject_250723\venv\Lib\site-packages\pip\_vendor\certifi\__main__.py","LF"
"C:\SNS_24AutoProject_250723\venv\Lib\site-packages\pip\_vendor\dependency_groups\_implementation.py","LF"
"C:\SNS_24AutoProject_250723\venv\Lib\site-packages\pip\_vendor\dependency_groups\_lint_dependency_groups.py","LF"
"C:\SNS_24AutoProject_250723\venv\Lib\site-packages\pip\_vendor\dependency_groups\_pip_wrapper.py","LF"
"C:\SNS_24AutoProject_250723\venv\Lib\site-packages\pip\_vendor\dependency_groups\_toml_compat.py","LF"
"C:\SNS_24AutoProject_250723\venv\Lib\site-packages\pip\_vendor\dependency_groups\__init__.py","LF"
"C:\SNS_24AutoProject_250723\venv\Lib\site-packages\pip\_vendor\dependency_groups\__main__.py","LF"
"C:\SNS_24AutoProject_250723\venv\Lib\site-packages\pip\_vendor\distlib\compat.py","LF"
"C:\SNS_24AutoProject_250723\venv\Lib\site-packages\pip\_vendor\distlib\resources.py","LF"
"C:\SNS_24AutoProject_250723\venv\Lib\site-packages\pip\_vendor\distlib\scripts.py","LF"
"C:\SNS_24AutoProject_250723\venv\Lib\site-packages\pip\_vendor\distlib\util.py","LF"
"C:\SNS_24AutoProject_250723\venv\Lib\site-packages\pip\_vendor\distlib\__init__.py","LF"
"C:\SNS_24AutoProject_250723\venv\Lib\site-packages\pip\_vendor\distro\distro.py","LF"
"C:\SNS_24AutoProject_250723\venv\Lib\site-packages\pip\_vendor\distro\__init__.py","LF"
"C:\SNS_24AutoProject_250723\venv\Lib\site-packages\pip\_vendor\distro\__main__.py","LF"
"C:\SNS_24AutoProject_250723\venv\Lib\site-packages\pip\_vendor\idna\codec.py","LF"
"C:\SNS_24AutoProject_250723\venv\Lib\site-packages\pip\_vendor\idna\compat.py","LF"
"C:\SNS_24AutoProject_250723\venv\Lib\site-packages\pip\_vendor\idna\core.py","LF"
"C:\SNS_24AutoProject_250723\venv\Lib\site-packages\pip\_vendor\idna\idnadata.py","LF"
"C:\SNS_24AutoProject_250723\venv\Lib\site-packages\pip\_vendor\idna\intranges.py","LF"
"C:\SNS_24AutoProject_250723\venv\Lib\site-packages\pip\_vendor\idna\package_data.py","LF"
"C:\SNS_24AutoProject_250723\venv\Lib\site-packages\pip\_vendor\idna\uts46data.py","LF"
"C:\SNS_24AutoProject_250723\venv\Lib\site-packages\pip\_vendor\idna\__init__.py","LF"
"C:\SNS_24AutoProject_250723\venv\Lib\site-packages\pip\_vendor\msgpack\exceptions.py","LF"
"C:\SNS_24AutoProject_250723\venv\Lib\site-packages\pip\_vendor\msgpack\ext.py","LF"
"C:\SNS_24AutoProject_250723\venv\Lib\site-packages\pip\_vendor\msgpack\fallback.py","LF"
"C:\SNS_24AutoProject_250723\venv\Lib\site-packages\pip\_vendor\msgpack\__init__.py","LF"
"C:\SNS_24AutoProject_250723\venv\Lib\site-packages\pip\_vendor\packaging\licenses\_spdx.py","LF"
"C:\SNS_24AutoProject_250723\venv\Lib\site-packages\pip\_vendor\packaging\licenses\__init__.py","LF"
"C:\SNS_24AutoProject_250723\venv\Lib\site-packages\pip\_vendor\packaging\markers.py","LF"
"C:\SNS_24AutoProject_250723\venv\Lib\site-packages\pip\_vendor\packaging\metadata.py","LF"
"C:\SNS_24AutoProject_250723\venv\Lib\site-packages\pip\_vendor\packaging\requirements.py","LF"
"C:\SNS_24AutoProject_250723\venv\Lib\site-packages\pip\_vendor\packaging\specifiers.py","LF"
"C:\SNS_24AutoProject_250723\venv\Lib\site-packages\pip\_vendor\packaging\tags.py","LF"
"C:\SNS_24AutoProject_250723\venv\Lib\site-packages\pip\_vendor\packaging\utils.py","LF"
"C:\SNS_24AutoProject_250723\venv\Lib\site-packages\pip\_vendor\packaging\version.py","LF"
"C:\SNS_24AutoProject_250723\venv\Lib\site-packages\pip\_vendor\packaging\_elffile.py","LF"
"C:\SNS_24AutoProject_250723\venv\Lib\site-packages\pip\_vendor\packaging\_manylinux.py","LF"
"C:\SNS_24AutoProject_250723\venv\Lib\site-packages\pip\_vendor\packaging\_musllinux.py","LF"
"C:\SNS_24AutoProject_250723\venv\Lib\site-packages\pip\_vendor\packaging\_parser.py","LF"
"C:\SNS_24AutoProject_250723\venv\Lib\site-packages\pip\_vendor\packaging\_structures.py","LF"
"C:\SNS_24AutoProject_250723\venv\Lib\site-packages\pip\_vendor\packaging\_tokenizer.py","LF"
"C:\SNS_24AutoProject_250723\venv\Lib\site-packages\pip\_vendor\packaging\__init__.py","LF"
"C:\SNS_24AutoProject_250723\venv\Lib\site-packages\pip\_vendor\pkg_resources\__init__.py","LF"
"C:\SNS_24AutoProject_250723\venv\Lib\site-packages\pip\_vendor\platformdirs\android.py","LF"
"C:\SNS_24AutoProject_250723\venv\Lib\site-packages\pip\_vendor\platformdirs\api.py","LF"
"C:\SNS_24AutoProject_250723\venv\Lib\site-packages\pip\_vendor\platformdirs\macos.py","LF"
"C:\SNS_24AutoProject_250723\venv\Lib\site-packages\pip\_vendor\platformdirs\unix.py","LF"
"C:\SNS_24AutoProject_250723\venv\Lib\site-packages\pip\_vendor\platformdirs\version.py","LF"
"C:\SNS_24AutoProject_250723\venv\Lib\site-packages\pip\_vendor\platformdirs\windows.py","LF"
"C:\SNS_24AutoProject_250723\venv\Lib\site-packages\pip\_vendor\platformdirs\__init__.py","LF"
"C:\SNS_24AutoProject_250723\venv\Lib\site-packages\pip\_vendor\platformdirs\__main__.py","LF"
"C:\SNS_24AutoProject_250723\venv\Lib\site-packages\pip\_vendor\pygments\filters\__init__.py","LF"
"C:\SNS_24AutoProject_250723\venv\Lib\site-packages\pip\_vendor\pygments\formatters\_mapping.py","LF"
"C:\SNS_24AutoProject_250723\venv\Lib\site-packages\pip\_vendor\pygments\formatters\__init__.py","LF"
"C:\SNS_24AutoProject_250723\venv\Lib\site-packages\pip\_vendor\pygments\lexers\python.py","LF"
"C:\SNS_24AutoProject_250723\venv\Lib\site-packages\pip\_vendor\pygments\lexers\_mapping.py","LF"
"C:\SNS_24AutoProject_250723\venv\Lib\site-packages\pip\_vendor\pygments\lexers\__init__.py","LF"
"C:\SNS_24AutoProject_250723\venv\Lib\site-packages\pip\_vendor\pygments\styles\_mapping.py","LF"
"C:\SNS_24AutoProject_250723\venv\Lib\site-packages\pip\_vendor\pygments\styles\__init__.py","LF"
"C:\SNS_24AutoProject_250723\venv\Lib\site-packages\pip\_vendor\pygments\console.py","LF"
"C:\SNS_24AutoProject_250723\venv\Lib\site-packages\pip\_vendor\pygments\filter.py","LF"
"C:\SNS_24AutoProject_250723\venv\Lib\site-packages\pip\_vendor\pygments\formatter.py","LF"
"C:\SNS_24AutoProject_250723\venv\Lib\site-packages\pip\_vendor\pygments\lexer.py","LF"
"C:\SNS_24AutoProject_250723\venv\Lib\site-packages\pip\_vendor\pygments\modeline.py","LF"
"C:\SNS_24AutoProject_250723\venv\Lib\site-packages\pip\_vendor\pygments\plugin.py","LF"
"C:\SNS_24AutoProject_250723\venv\Lib\site-packages\pip\_vendor\pygments\regexopt.py","LF"
"C:\SNS_24AutoProject_250723\venv\Lib\site-packages\pip\_vendor\pygments\scanner.py","LF"
"C:\SNS_24AutoProject_250723\venv\Lib\site-packages\pip\_vendor\pygments\sphinxext.py","LF"
"C:\SNS_24AutoProject_250723\venv\Lib\site-packages\pip\_vendor\pygments\style.py","LF"
"C:\SNS_24AutoProject_250723\venv\Lib\site-packages\pip\_vendor\pygments\token.py","LF"
"C:\SNS_24AutoProject_250723\venv\Lib\site-packages\pip\_vendor\pygments\unistring.py","LF"
"C:\SNS_24AutoProject_250723\venv\Lib\site-packages\pip\_vendor\pygments\util.py","LF"
"C:\SNS_24AutoProject_250723\venv\Lib\site-packages\pip\_vendor\pygments\__init__.py","LF"
"C:\SNS_24AutoProject_250723\venv\Lib\site-packages\pip\_vendor\pygments\__main__.py","LF"
"C:\SNS_24AutoProject_250723\venv\Lib\site-packages\pip\_vendor\pyproject_hooks\_in_process\_in_process.py","LF"
"C:\SNS_24AutoProject_250723\venv\Lib\site-packages\pip\_vendor\pyproject_hooks\_in_process\__init__.py","LF"
"C:\SNS_24AutoProject_250723\venv\Lib\site-packages\pip\_vendor\pyproject_hooks\_impl.py","LF"
"C:\SNS_24AutoProject_250723\venv\Lib\site-packages\pip\_vendor\pyproject_hooks\__init__.py","LF"
"C:\SNS_24AutoProject_250723\venv\Lib\site-packages\pip\_vendor\requests\adapters.py","LF"
"C:\SNS_24AutoProject_250723\venv\Lib\site-packages\pip\_vendor\requests\api.py","LF"
"C:\SNS_24AutoProject_250723\venv\Lib\site-packages\pip\_vendor\requests\auth.py","LF"
"C:\SNS_24AutoProject_250723\venv\Lib\site-packages\pip\_vendor\requests\certs.py","LF"
"C:\SNS_24AutoProject_250723\venv\Lib\site-packages\pip\_vendor\requests\compat.py","LF"
"C:\SNS_24AutoProject_250723\venv\Lib\site-packages\pip\_vendor\requests\cookies.py","LF"
"C:\SNS_24AutoProject_250723\venv\Lib\site-packages\pip\_vendor\requests\exceptions.py","LF"
"C:\SNS_24AutoProject_250723\venv\Lib\site-packages\pip\_vendor\requests\help.py","LF"
"C:\SNS_24AutoProject_250723\venv\Lib\site-packages\pip\_vendor\requests\hooks.py","LF"
"C:\SNS_24AutoProject_250723\venv\Lib\site-packages\pip\_vendor\requests\models.py","LF"
"C:\SNS_24AutoProject_250723\venv\Lib\site-packages\pip\_vendor\requests\packages.py","LF"
"C:\SNS_24AutoProject_250723\venv\Lib\site-packages\pip\_vendor\requests\sessions.py","LF"
"C:\SNS_24AutoProject_250723\venv\Lib\site-packages\pip\_vendor\requests\status_codes.py","LF"
"C:\SNS_24AutoProject_250723\venv\Lib\site-packages\pip\_vendor\requests\structures.py","LF"
"C:\SNS_24AutoProject_250723\venv\Lib\site-packages\pip\_vendor\requests\utils.py","LF"
"C:\SNS_24AutoProject_250723\venv\Lib\site-packages\pip\_vendor\requests\_internal_utils.py","LF"
"C:\SNS_24AutoProject_250723\venv\Lib\site-packages\pip\_vendor\requests\__init__.py","LF"
"C:\SNS_24AutoProject_250723\venv\Lib\site-packages\pip\_vendor\requests\__version__.py","LF"
"C:\SNS_24AutoProject_250723\venv\Lib\site-packages\pip\_vendor\resolvelib\resolvers\abstract.py","LF"
"C:\SNS_24AutoProject_250723\venv\Lib\site-packages\pip\_vendor\resolvelib\resolvers\criterion.py","LF"
"C:\SNS_24AutoProject_250723\venv\Lib\site-packages\pip\_vendor\resolvelib\resolvers\exceptions.py","LF"
"C:\SNS_24AutoProject_250723\venv\Lib\site-packages\pip\_vendor\resolvelib\resolvers\resolution.py","LF"
"C:\SNS_24AutoProject_250723\venv\Lib\site-packages\pip\_vendor\resolvelib\resolvers\__init__.py","LF"
"C:\SNS_24AutoProject_250723\venv\Lib\site-packages\pip\_vendor\resolvelib\providers.py","LF"
"C:\SNS_24AutoProject_250723\venv\Lib\site-packages\pip\_vendor\resolvelib\reporters.py","LF"
"C:\SNS_24AutoProject_250723\venv\Lib\site-packages\pip\_vendor\resolvelib\structs.py","LF"
"C:\SNS_24AutoProject_250723\venv\Lib\site-packages\pip\_vendor\resolvelib\__init__.py","LF"
"C:\SNS_24AutoProject_250723\venv\Lib\site-packages\pip\_vendor\rich\abc.py","LF"
"C:\SNS_24AutoProject_250723\venv\Lib\site-packages\pip\_vendor\rich\align.py","LF"
"C:\SNS_24AutoProject_250723\venv\Lib\site-packages\pip\_vendor\rich\ansi.py","LF"
"C:\SNS_24AutoProject_250723\venv\Lib\site-packages\pip\_vendor\rich\bar.py","LF"
"C:\SNS_24AutoProject_250723\venv\Lib\site-packages\pip\_vendor\rich\box.py","LF"
"C:\SNS_24AutoProject_250723\venv\Lib\site-packages\pip\_vendor\rich\cells.py","LF"
"C:\SNS_24AutoProject_250723\venv\Lib\site-packages\pip\_vendor\rich\color.py","LF"
"C:\SNS_24AutoProject_250723\venv\Lib\site-packages\pip\_vendor\rich\color_triplet.py","LF"
"C:\SNS_24AutoProject_250723\venv\Lib\site-packages\pip\_vendor\rich\columns.py","LF"
"C:\SNS_24AutoProject_250723\venv\Lib\site-packages\pip\_vendor\rich\console.py","LF"
"C:\SNS_24AutoProject_250723\venv\Lib\site-packages\pip\_vendor\rich\constrain.py","LF"
"C:\SNS_24AutoProject_250723\venv\Lib\site-packages\pip\_vendor\rich\containers.py","LF"
"C:\SNS_24AutoProject_250723\venv\Lib\site-packages\pip\_vendor\rich\control.py","LF"
"C:\SNS_24AutoProject_250723\venv\Lib\site-packages\pip\_vendor\rich\default_styles.py","LF"
"C:\SNS_24AutoProject_250723\venv\Lib\site-packages\pip\_vendor\rich\diagnose.py","LF"
"C:\SNS_24AutoProject_250723\venv\Lib\site-packages\pip\_vendor\rich\emoji.py","LF"
"C:\SNS_24AutoProject_250723\venv\Lib\site-packages\pip\_vendor\rich\errors.py","LF"
"C:\SNS_24AutoProject_250723\venv\Lib\site-packages\pip\_vendor\rich\filesize.py","LF"
"C:\SNS_24AutoProject_250723\venv\Lib\site-packages\pip\_vendor\rich\file_proxy.py","LF"
"C:\SNS_24AutoProject_250723\venv\Lib\site-packages\pip\_vendor\rich\highlighter.py","LF"
"C:\SNS_24AutoProject_250723\venv\Lib\site-packages\pip\_vendor\rich\json.py","LF"
"C:\SNS_24AutoProject_250723\venv\Lib\site-packages\pip\_vendor\rich\jupyter.py","LF"
"C:\SNS_24AutoProject_250723\venv\Lib\site-packages\pip\_vendor\rich\layout.py","LF"
"C:\SNS_24AutoProject_250723\venv\Lib\site-packages\pip\_vendor\rich\live.py","LF"
"C:\SNS_24AutoProject_250723\venv\Lib\site-packages\pip\_vendor\rich\live_render.py","LF"
"C:\SNS_24AutoProject_250723\venv\Lib\site-packages\pip\_vendor\rich\logging.py","LF"
"C:\SNS_24AutoProject_250723\venv\Lib\site-packages\pip\_vendor\rich\markup.py","LF"
"C:\SNS_24AutoProject_250723\venv\Lib\site-packages\pip\_vendor\rich\measure.py","LF"
"C:\SNS_24AutoProject_250723\venv\Lib\site-packages\pip\_vendor\rich\padding.py","LF"
"C:\SNS_24AutoProject_250723\venv\Lib\site-packages\pip\_vendor\rich\pager.py","LF"
"C:\SNS_24AutoProject_250723\venv\Lib\site-packages\pip\_vendor\rich\palette.py","LF"
"C:\SNS_24AutoProject_250723\venv\Lib\site-packages\pip\_vendor\rich\panel.py","LF"
"C:\SNS_24AutoProject_250723\venv\Lib\site-packages\pip\_vendor\rich\pretty.py","LF"
"C:\SNS_24AutoProject_250723\venv\Lib\site-packages\pip\_vendor\rich\progress.py","LF"
"C:\SNS_24AutoProject_250723\venv\Lib\site-packages\pip\_vendor\rich\progress_bar.py","LF"
"C:\SNS_24AutoProject_250723\venv\Lib\site-packages\pip\_vendor\rich\prompt.py","LF"
"C:\SNS_24AutoProject_250723\venv\Lib\site-packages\pip\_vendor\rich\protocol.py","LF"
"C:\SNS_24AutoProject_250723\venv\Lib\site-packages\pip\_vendor\rich\region.py","LF"
"C:\SNS_24AutoProject_250723\venv\Lib\site-packages\pip\_vendor\rich\repr.py","LF"
"C:\SNS_24AutoProject_250723\venv\Lib\site-packages\pip\_vendor\rich\rule.py","LF"
"C:\SNS_24AutoProject_250723\venv\Lib\site-packages\pip\_vendor\rich\scope.py","LF"
"C:\SNS_24AutoProject_250723\venv\Lib\site-packages\pip\_vendor\rich\screen.py","LF"
"C:\SNS_24AutoProject_250723\venv\Lib\site-packages\pip\_vendor\rich\segment.py","LF"
"C:\SNS_24AutoProject_250723\venv\Lib\site-packages\pip\_vendor\rich\spinner.py","LF"
"C:\SNS_24AutoProject_250723\venv\Lib\site-packages\pip\_vendor\rich\status.py","LF"
"C:\SNS_24AutoProject_250723\venv\Lib\site-packages\pip\_vendor\rich\style.py","LF"
"C:\SNS_24AutoProject_250723\venv\Lib\site-packages\pip\_vendor\rich\styled.py","LF"
"C:\SNS_24AutoProject_250723\venv\Lib\site-packages\pip\_vendor\rich\syntax.py","LF"
"C:\SNS_24AutoProject_250723\venv\Lib\site-packages\pip\_vendor\rich\table.py","LF"
"C:\SNS_24AutoProject_250723\venv\Lib\site-packages\pip\_vendor\rich\terminal_theme.py","LF"
"C:\SNS_24AutoProject_250723\venv\Lib\site-packages\pip\_vendor\rich\text.py","LF"
"C:\SNS_24AutoProject_250723\venv\Lib\site-packages\pip\_vendor\rich\theme.py","LF"
"C:\SNS_24AutoProject_250723\venv\Lib\site-packages\pip\_vendor\rich\themes.py","LF"
"C:\SNS_24AutoProject_250723\venv\Lib\site-packages\pip\_vendor\rich\traceback.py","LF"
"C:\SNS_24AutoProject_250723\venv\Lib\site-packages\pip\_vendor\rich\tree.py","LF"
"C:\SNS_24AutoProject_250723\venv\Lib\site-packages\pip\_vendor\rich\_cell_widths.py","LF"
"C:\SNS_24AutoProject_250723\venv\Lib\site-packages\pip\_vendor\rich\_emoji_codes.py","LF"
"C:\SNS_24AutoProject_250723\venv\Lib\site-packages\pip\_vendor\rich\_emoji_replace.py","LF"
"C:\SNS_24AutoProject_250723\venv\Lib\site-packages\pip\_vendor\rich\_export_format.py","LF"
"C:\SNS_24AutoProject_250723\venv\Lib\site-packages\pip\_vendor\rich\_extension.py","LF"
"C:\SNS_24AutoProject_250723\venv\Lib\site-packages\pip\_vendor\rich\_fileno.py","LF"
"C:\SNS_24AutoProject_250723\venv\Lib\site-packages\pip\_vendor\rich\_inspect.py","LF"
"C:\SNS_24AutoProject_250723\venv\Lib\site-packages\pip\_vendor\rich\_log_render.py","LF"
"C:\SNS_24AutoProject_250723\venv\Lib\site-packages\pip\_vendor\rich\_loop.py","LF"
"C:\SNS_24AutoProject_250723\venv\Lib\site-packages\pip\_vendor\rich\_null_file.py","LF"
"C:\SNS_24AutoProject_250723\venv\Lib\site-packages\pip\_vendor\rich\_palettes.py","LF"
"C:\SNS_24AutoProject_250723\venv\Lib\site-packages\pip\_vendor\rich\_pick.py","LF"
"C:\SNS_24AutoProject_250723\venv\Lib\site-packages\pip\_vendor\rich\_ratio.py","LF"
"C:\SNS_24AutoProject_250723\venv\Lib\site-packages\pip\_vendor\rich\_spinners.py","LF"
"C:\SNS_24AutoProject_250723\venv\Lib\site-packages\pip\_vendor\rich\_stack.py","LF"
"C:\SNS_24AutoProject_250723\venv\Lib\site-packages\pip\_vendor\rich\_timer.py","LF"
"C:\SNS_24AutoProject_250723\venv\Lib\site-packages\pip\_vendor\rich\_win32_console.py","LF"
"C:\SNS_24AutoProject_250723\venv\Lib\site-packages\pip\_vendor\rich\_windows.py","LF"
"C:\SNS_24AutoProject_250723\venv\Lib\site-packages\pip\_vendor\rich\_windows_renderer.py","LF"
"C:\SNS_24AutoProject_250723\venv\Lib\site-packages\pip\_vendor\rich\_wrap.py","LF"
"C:\SNS_24AutoProject_250723\venv\Lib\site-packages\pip\_vendor\rich\__init__.py","LF"
"C:\SNS_24AutoProject_250723\venv\Lib\site-packages\pip\_vendor\rich\__main__.py","LF"
"C:\SNS_24AutoProject_250723\venv\Lib\site-packages\pip\_vendor\tomli\_parser.py","LF"
"C:\SNS_24AutoProject_250723\venv\Lib\site-packages\pip\_vendor\tomli\_re.py","LF"
"C:\SNS_24AutoProject_250723\venv\Lib\site-packages\pip\_vendor\tomli\_types.py","LF"
"C:\SNS_24AutoProject_250723\venv\Lib\site-packages\pip\_vendor\tomli\__init__.py","LF"
"C:\SNS_24AutoProject_250723\venv\Lib\site-packages\pip\_vendor\tomli_w\_writer.py","LF"
"C:\SNS_24AutoProject_250723\venv\Lib\site-packages\pip\_vendor\tomli_w\__init__.py","LF"
"C:\SNS_24AutoProject_250723\venv\Lib\site-packages\pip\_vendor\truststore\_api.py","LF"
"C:\SNS_24AutoProject_250723\venv\Lib\site-packages\pip\_vendor\truststore\_macos.py","LF"
"C:\SNS_24AutoProject_250723\venv\Lib\site-packages\pip\_vendor\truststore\_openssl.py","LF"
"C:\SNS_24AutoProject_250723\venv\Lib\site-packages\pip\_vendor\truststore\_ssl_constants.py","LF"
"C:\SNS_24AutoProject_250723\venv\Lib\site-packages\pip\_vendor\truststore\_windows.py","LF"
"C:\SNS_24AutoProject_250723\venv\Lib\site-packages\pip\_vendor\truststore\__init__.py","LF"
"C:\SNS_24AutoProject_250723\venv\Lib\site-packages\pip\_vendor\urllib3\contrib\_securetransport\bindings.py","LF"
"C:\SNS_24AutoProject_250723\venv\Lib\site-packages\pip\_vendor\urllib3\contrib\_securetransport\low_level.py","LF"
"C:\SNS_24AutoProject_250723\venv\Lib\site-packages\pip\_vendor\urllib3\contrib\_securetransport\__init__.py","UNKNOWN"
"C:\SNS_24AutoProject_250723\venv\Lib\site-packages\pip\_vendor\urllib3\contrib\appengine.py","LF"
"C:\SNS_24AutoProject_250723\venv\Lib\site-packages\pip\_vendor\urllib3\contrib\ntlmpool.py","LF"
"C:\SNS_24AutoProject_250723\venv\Lib\site-packages\pip\_vendor\urllib3\contrib\pyopenssl.py","LF"
"C:\SNS_24AutoProject_250723\venv\Lib\site-packages\pip\_vendor\urllib3\contrib\securetransport.py","LF"
"C:\SNS_24AutoProject_250723\venv\Lib\site-packages\pip\_vendor\urllib3\contrib\socks.py","LF"
"C:\SNS_24AutoProject_250723\venv\Lib\site-packages\pip\_vendor\urllib3\contrib\_appengine_environ.py","LF"
"C:\SNS_24AutoProject_250723\venv\Lib\site-packages\pip\_vendor\urllib3\contrib\__init__.py","UNKNOWN"
"C:\SNS_24AutoProject_250723\venv\Lib\site-packages\pip\_vendor\urllib3\packages\backports\makefile.py","LF"
"C:\SNS_24AutoProject_250723\venv\Lib\site-packages\pip\_vendor\urllib3\packages\backports\weakref_finalize.py","LF"
"C:\SNS_24AutoProject_250723\venv\Lib\site-packages\pip\_vendor\urllib3\packages\backports\__init__.py","UNKNOWN"
"C:\SNS_24AutoProject_250723\venv\Lib\site-packages\pip\_vendor\urllib3\packages\six.py","LF"
"C:\SNS_24AutoProject_250723\venv\Lib\site-packages\pip\_vendor\urllib3\packages\__init__.py","UNKNOWN"
"C:\SNS_24AutoProject_250723\venv\Lib\site-packages\pip\_vendor\urllib3\util\connection.py","LF"
"C:\SNS_24AutoProject_250723\venv\Lib\site-packages\pip\_vendor\urllib3\util\proxy.py","LF"
"C:\SNS_24AutoProject_250723\venv\Lib\site-packages\pip\_vendor\urllib3\util\queue.py","LF"
"C:\SNS_24AutoProject_250723\venv\Lib\site-packages\pip\_vendor\urllib3\util\request.py","LF"
"C:\SNS_24AutoProject_250723\venv\Lib\site-packages\pip\_vendor\urllib3\util\response.py","LF"
"C:\SNS_24AutoProject_250723\venv\Lib\site-packages\pip\_vendor\urllib3\util\retry.py","LF"
"C:\SNS_24AutoProject_250723\venv\Lib\site-packages\pip\_vendor\urllib3\util\ssltransport.py","LF"
"C:\SNS_24AutoProject_250723\venv\Lib\site-packages\pip\_vendor\urllib3\util\ssl_.py","LF"
"C:\SNS_24AutoProject_250723\venv\Lib\site-packages\pip\_vendor\urllib3\util\ssl_match_hostname.py","LF"
"C:\SNS_24AutoProject_250723\venv\Lib\site-packages\pip\_vendor\urllib3\util\timeout.py","LF"
"C:\SNS_24AutoProject_250723\venv\Lib\site-packages\pip\_vendor\urllib3\util\url.py","LF"
"C:\SNS_24AutoProject_250723\venv\Lib\site-packages\pip\_vendor\urllib3\util\wait.py","LF"
"C:\SNS_24AutoProject_250723\venv\Lib\site-packages\pip\_vendor\urllib3\util\__init__.py","LF"
"C:\SNS_24AutoProject_250723\venv\Lib\site-packages\pip\_vendor\urllib3\connection.py","LF"
"C:\SNS_24AutoProject_250723\venv\Lib\site-packages\pip\_vendor\urllib3\connectionpool.py","LF"
"C:\SNS_24AutoProject_250723\venv\Lib\site-packages\pip\_vendor\urllib3\exceptions.py","LF"
"C:\SNS_24AutoProject_250723\venv\Lib\site-packages\pip\_vendor\urllib3\fields.py","LF"
"C:\SNS_24AutoProject_250723\venv\Lib\site-packages\pip\_vendor\urllib3\filepost.py","LF"
"C:\SNS_24AutoProject_250723\venv\Lib\site-packages\pip\_vendor\urllib3\poolmanager.py","LF"
"C:\SNS_24AutoProject_250723\venv\Lib\site-packages\pip\_vendor\urllib3\request.py","LF"
"C:\SNS_24AutoProject_250723\venv\Lib\site-packages\pip\_vendor\urllib3\response.py","LF"
"C:\SNS_24AutoProject_250723\venv\Lib\site-packages\pip\_vendor\urllib3\_collections.py","LF"
"C:\SNS_24AutoProject_250723\venv\Lib\site-packages\pip\_vendor\urllib3\_version.py","LF"
"C:\SNS_24AutoProject_250723\venv\Lib\site-packages\pip\_vendor\urllib3\__init__.py","LF"
"C:\SNS_24AutoProject_250723\venv\Lib\site-packages\pip\_vendor\__init__.py","LF"
"C:\SNS_24AutoProject_250723\venv\Lib\site-packages\pip\__init__.py","LF"
"C:\SNS_24AutoProject_250723\venv\Lib\site-packages\pip\__main__.py","LF"
"C:\SNS_24AutoProject_250723\venv\Lib\site-packages\pip\__pip-runner__.py","LF"
"C:\SNS_24AutoProject_250723\venv\Lib\site-packages\pkg_resources\extern\__init__.py","LF"
"C:\SNS_24AutoProject_250723\venv\Lib\site-packages\pkg_resources\_vendor\importlib_resources\abc.py","LF"
"C:\SNS_24AutoProject_250723\venv\Lib\site-packages\pkg_resources\_vendor\importlib_resources\readers.py","LF"
"C:\SNS_24AutoProject_250723\venv\Lib\site-packages\pkg_resources\_vendor\importlib_resources\simple.py","LF"
"C:\SNS_24AutoProject_250723\venv\Lib\site-packages\pkg_resources\_vendor\importlib_resources\_adapters.py","LF"
"C:\SNS_24AutoProject_250723\venv\Lib\site-packages\pkg_resources\_vendor\importlib_resources\_common.py","LF"
"C:\SNS_24AutoProject_250723\venv\Lib\site-packages\pkg_resources\_vendor\importlib_resources\_compat.py","LF"
"C:\SNS_24AutoProject_250723\venv\Lib\site-packages\pkg_resources\_vendor\importlib_resources\_itertools.py","LF"
"C:\SNS_24AutoProject_250723\venv\Lib\site-packages\pkg_resources\_vendor\importlib_resources\_legacy.py","LF"
"C:\SNS_24AutoProject_250723\venv\Lib\site-packages\pkg_resources\_vendor\importlib_resources\__init__.py","LF"
"C:\SNS_24AutoProject_250723\venv\Lib\site-packages\pkg_resources\_vendor\jaraco\text\__init__.py","LF"
"C:\SNS_24AutoProject_250723\venv\Lib\site-packages\pkg_resources\_vendor\jaraco\context.py","LF"
"C:\SNS_24AutoProject_250723\venv\Lib\site-packages\pkg_resources\_vendor\jaraco\functools.py","LF"
"C:\SNS_24AutoProject_250723\venv\Lib\site-packages\pkg_resources\_vendor\jaraco\__init__.py","UNKNOWN"
"C:\SNS_24AutoProject_250723\venv\Lib\site-packages\pkg_resources\_vendor\more_itertools\more.py","LF"
"C:\SNS_24AutoProject_250723\venv\Lib\site-packages\pkg_resources\_vendor\more_itertools\recipes.py","LF"
"C:\SNS_24AutoProject_250723\venv\Lib\site-packages\pkg_resources\_vendor\more_itertools\__init__.py","LF"
"C:\SNS_24AutoProject_250723\venv\Lib\site-packages\pkg_resources\_vendor\packaging\markers.py","LF"
"C:\SNS_24AutoProject_250723\venv\Lib\site-packages\pkg_resources\_vendor\packaging\requirements.py","LF"
"C:\SNS_24AutoProject_250723\venv\Lib\site-packages\pkg_resources\_vendor\packaging\specifiers.py","LF"
"C:\SNS_24AutoProject_250723\venv\Lib\site-packages\pkg_resources\_vendor\packaging\tags.py","LF"
"C:\SNS_24AutoProject_250723\venv\Lib\site-packages\pkg_resources\_vendor\packaging\utils.py","LF"
"C:\SNS_24AutoProject_250723\venv\Lib\site-packages\pkg_resources\_vendor\packaging\version.py","LF"
"C:\SNS_24AutoProject_250723\venv\Lib\site-packages\pkg_resources\_vendor\packaging\_manylinux.py","LF"
"C:\SNS_24AutoProject_250723\venv\Lib\site-packages\pkg_resources\_vendor\packaging\_musllinux.py","LF"
"C:\SNS_24AutoProject_250723\venv\Lib\site-packages\pkg_resources\_vendor\packaging\_structures.py","LF"
"C:\SNS_24AutoProject_250723\venv\Lib\site-packages\pkg_resources\_vendor\packaging\__about__.py","LF"
"C:\SNS_24AutoProject_250723\venv\Lib\site-packages\pkg_resources\_vendor\packaging\__init__.py","LF"
"C:\SNS_24AutoProject_250723\venv\Lib\site-packages\pkg_resources\_vendor\pyparsing\diagram\__init__.py","LF"
"C:\SNS_24AutoProject_250723\venv\Lib\site-packages\pkg_resources\_vendor\pyparsing\actions.py","LF"
"C:\SNS_24AutoProject_250723\venv\Lib\site-packages\pkg_resources\_vendor\pyparsing\common.py","LF"
"C:\SNS_24AutoProject_250723\venv\Lib\site-packages\pkg_resources\_vendor\pyparsing\core.py","LF"
"C:\SNS_24AutoProject_250723\venv\Lib\site-packages\pkg_resources\_vendor\pyparsing\exceptions.py","LF"
"C:\SNS_24AutoProject_250723\venv\Lib\site-packages\pkg_resources\_vendor\pyparsing\helpers.py","LF"
"C:\SNS_24AutoProject_250723\venv\Lib\site-packages\pkg_resources\_vendor\pyparsing\results.py","LF"
"C:\SNS_24AutoProject_250723\venv\Lib\site-packages\pkg_resources\_vendor\pyparsing\testing.py","LF"
"C:\SNS_24AutoProject_250723\venv\Lib\site-packages\pkg_resources\_vendor\pyparsing\unicode.py","LF"
"C:\SNS_24AutoProject_250723\venv\Lib\site-packages\pkg_resources\_vendor\pyparsing\util.py","LF"
"C:\SNS_24AutoProject_250723\venv\Lib\site-packages\pkg_resources\_vendor\pyparsing\__init__.py","LF"
"C:\SNS_24AutoProject_250723\venv\Lib\site-packages\pkg_resources\_vendor\appdirs.py","LF"
"C:\SNS_24AutoProject_250723\venv\Lib\site-packages\pkg_resources\_vendor\zipp.py","LF"
"C:\SNS_24AutoProject_250723\venv\Lib\site-packages\pkg_resources\_vendor\__init__.py","UNKNOWN"
"C:\SNS_24AutoProject_250723\venv\Lib\site-packages\pkg_resources\__init__.py","LF"
"C:\SNS_24AutoProject_250723\venv\Lib\site-packages\platformdirs\android.py","LF"
"C:\SNS_24AutoProject_250723\venv\Lib\site-packages\platformdirs\api.py","LF"
"C:\SNS_24AutoProject_250723\venv\Lib\site-packages\platformdirs\macos.py","LF"
"C:\SNS_24AutoProject_250723\venv\Lib\site-packages\platformdirs\unix.py","LF"
"C:\SNS_24AutoProject_250723\venv\Lib\site-packages\platformdirs\version.py","LF"
"C:\SNS_24AutoProject_250723\venv\Lib\site-packages\platformdirs\windows.py","LF"
"C:\SNS_24AutoProject_250723\venv\Lib\site-packages\platformdirs\__init__.py","LF"
"C:\SNS_24AutoProject_250723\venv\Lib\site-packages\platformdirs\__main__.py","LF"
"C:\SNS_24AutoProject_250723\venv\Lib\site-packages\pluggy\_callers.py","LF"
"C:\SNS_24AutoProject_250723\venv\Lib\site-packages\pluggy\_hooks.py","LF"
"C:\SNS_24AutoProject_250723\venv\Lib\site-packages\pluggy\_manager.py","LF"
"C:\SNS_24AutoProject_250723\venv\Lib\site-packages\pluggy\_result.py","LF"
"C:\SNS_24AutoProject_250723\venv\Lib\site-packages\pluggy\_tracing.py","LF"
"C:\SNS_24AutoProject_250723\venv\Lib\site-packages\pluggy\_version.py","LF"
"C:\SNS_24AutoProject_250723\venv\Lib\site-packages\pluggy\_warnings.py","LF"
"C:\SNS_24AutoProject_250723\venv\Lib\site-packages\pluggy\__init__.py","LF"
"C:\SNS_24AutoProject_250723\venv\Lib\site-packages\pre_commit\commands\autoupdate.py","LF"
"C:\SNS_24AutoProject_250723\venv\Lib\site-packages\pre_commit\commands\clean.py","LF"
"C:\SNS_24AutoProject_250723\venv\Lib\site-packages\pre_commit\commands\gc.py","LF"
"C:\SNS_24AutoProject_250723\venv\Lib\site-packages\pre_commit\commands\hook_impl.py","LF"
"C:\SNS_24AutoProject_250723\venv\Lib\site-packages\pre_commit\commands\init_templatedir.py","LF"
"C:\SNS_24AutoProject_250723\venv\Lib\site-packages\pre_commit\commands\install_uninstall.py","LF"
"C:\SNS_24AutoProject_250723\venv\Lib\site-packages\pre_commit\commands\migrate_config.py","LF"
"C:\SNS_24AutoProject_250723\venv\Lib\site-packages\pre_commit\commands\run.py","LF"
"C:\SNS_24AutoProject_250723\venv\Lib\site-packages\pre_commit\commands\sample_config.py","LF"
"C:\SNS_24AutoProject_250723\venv\Lib\site-packages\pre_commit\commands\try_repo.py","LF"
"C:\SNS_24AutoProject_250723\venv\Lib\site-packages\pre_commit\commands\validate_config.py","LF"
"C:\SNS_24AutoProject_250723\venv\Lib\site-packages\pre_commit\commands\validate_manifest.py","LF"
"C:\SNS_24AutoProject_250723\venv\Lib\site-packages\pre_commit\commands\__init__.py","UNKNOWN"
"C:\SNS_24AutoProject_250723\venv\Lib\site-packages\pre_commit\languages\conda.py","LF"
"C:\SNS_24AutoProject_250723\venv\Lib\site-packages\pre_commit\languages\coursier.py","LF"
"C:\SNS_24AutoProject_250723\venv\Lib\site-packages\pre_commit\languages\dart.py","LF"
"C:\SNS_24AutoProject_250723\venv\Lib\site-packages\pre_commit\languages\docker.py","LF"
"C:\SNS_24AutoProject_250723\venv\Lib\site-packages\pre_commit\languages\docker_image.py","LF"
"C:\SNS_24AutoProject_250723\venv\Lib\site-packages\pre_commit\languages\dotnet.py","LF"
"C:\SNS_24AutoProject_250723\venv\Lib\site-packages\pre_commit\languages\fail.py","LF"
"C:\SNS_24AutoProject_250723\venv\Lib\site-packages\pre_commit\languages\golang.py","LF"
"C:\SNS_24AutoProject_250723\venv\Lib\site-packages\pre_commit\languages\haskell.py","LF"
"C:\SNS_24AutoProject_250723\venv\Lib\site-packages\pre_commit\languages\julia.py","LF"
"C:\SNS_24AutoProject_250723\venv\Lib\site-packages\pre_commit\languages\lua.py","LF"
"C:\SNS_24AutoProject_250723\venv\Lib\site-packages\pre_commit\languages\node.py","LF"
"C:\SNS_24AutoProject_250723\venv\Lib\site-packages\pre_commit\languages\perl.py","LF"
"C:\SNS_24AutoProject_250723\venv\Lib\site-packages\pre_commit\languages\pygrep.py","LF"
"C:\SNS_24AutoProject_250723\venv\Lib\site-packages\pre_commit\languages\python.py","LF"
"C:\SNS_24AutoProject_250723\venv\Lib\site-packages\pre_commit\languages\r.py","LF"
"C:\SNS_24AutoProject_250723\venv\Lib\site-packages\pre_commit\languages\ruby.py","LF"
"C:\SNS_24AutoProject_250723\venv\Lib\site-packages\pre_commit\languages\rust.py","LF"
"C:\SNS_24AutoProject_250723\venv\Lib\site-packages\pre_commit\languages\script.py","LF"
"C:\SNS_24AutoProject_250723\venv\Lib\site-packages\pre_commit\languages\swift.py","LF"
"C:\SNS_24AutoProject_250723\venv\Lib\site-packages\pre_commit\languages\system.py","LF"
"C:\SNS_24AutoProject_250723\venv\Lib\site-packages\pre_commit\languages\__init__.py","UNKNOWN"
"C:\SNS_24AutoProject_250723\venv\Lib\site-packages\pre_commit\meta_hooks\check_hooks_apply.py","LF"
"C:\SNS_24AutoProject_250723\venv\Lib\site-packages\pre_commit\meta_hooks\check_useless_excludes.py","LF"
"C:\SNS_24AutoProject_250723\venv\Lib\site-packages\pre_commit\meta_hooks\identity.py","LF"
"C:\SNS_24AutoProject_250723\venv\Lib\site-packages\pre_commit\meta_hooks\__init__.py","UNKNOWN"
"C:\SNS_24AutoProject_250723\venv\Lib\site-packages\pre_commit\resources\empty_template_Cargo.toml","CRLF"
"C:\SNS_24AutoProject_250723\venv\Lib\site-packages\pre_commit\resources\empty_template_environment.yml","CRLF"
"C:\SNS_24AutoProject_250723\venv\Lib\site-packages\pre_commit\resources\empty_template_pubspec.yaml","CRLF"
"C:\SNS_24AutoProject_250723\venv\Lib\site-packages\pre_commit\resources\empty_template_setup.py","LF"
"C:\SNS_24AutoProject_250723\venv\Lib\site-packages\pre_commit\resources\__init__.py","UNKNOWN"
"C:\SNS_24AutoProject_250723\venv\Lib\site-packages\pre_commit\all_languages.py","LF"
"C:\SNS_24AutoProject_250723\venv\Lib\site-packages\pre_commit\clientlib.py","LF"
"C:\SNS_24AutoProject_250723\venv\Lib\site-packages\pre_commit\color.py","LF"
"C:\SNS_24AutoProject_250723\venv\Lib\site-packages\pre_commit\constants.py","LF"
"C:\SNS_24AutoProject_250723\venv\Lib\site-packages\pre_commit\envcontext.py","LF"
"C:\SNS_24AutoProject_250723\venv\Lib\site-packages\pre_commit\errors.py","LF"
"C:\SNS_24AutoProject_250723\venv\Lib\site-packages\pre_commit\error_handler.py","LF"
"C:\SNS_24AutoProject_250723\venv\Lib\site-packages\pre_commit\file_lock.py","LF"
"C:\SNS_24AutoProject_250723\venv\Lib\site-packages\pre_commit\git.py","LF"
"C:\SNS_24AutoProject_250723\venv\Lib\site-packages\pre_commit\hook.py","LF"
"C:\SNS_24AutoProject_250723\venv\Lib\site-packages\pre_commit\lang_base.py","LF"
"C:\SNS_24AutoProject_250723\venv\Lib\site-packages\pre_commit\logging_handler.py","LF"
"C:\SNS_24AutoProject_250723\venv\Lib\site-packages\pre_commit\main.py","LF"
"C:\SNS_24AutoProject_250723\venv\Lib\site-packages\pre_commit\output.py","LF"
"C:\SNS_24AutoProject_250723\venv\Lib\site-packages\pre_commit\parse_shebang.py","LF"
"C:\SNS_24AutoProject_250723\venv\Lib\site-packages\pre_commit\prefix.py","LF"
"C:\SNS_24AutoProject_250723\venv\Lib\site-packages\pre_commit\repository.py","LF"
"C:\SNS_24AutoProject_250723\venv\Lib\site-packages\pre_commit\staged_files_only.py","LF"
"C:\SNS_24AutoProject_250723\venv\Lib\site-packages\pre_commit\store.py","LF"
"C:\SNS_24AutoProject_250723\venv\Lib\site-packages\pre_commit\util.py","LF"
"C:\SNS_24AutoProject_250723\venv\Lib\site-packages\pre_commit\xargs.py","LF"
"C:\SNS_24AutoProject_250723\venv\Lib\site-packages\pre_commit\yaml.py","LF"
"C:\SNS_24AutoProject_250723\venv\Lib\site-packages\pre_commit\yaml_rewrite.py","LF"
"C:\SNS_24AutoProject_250723\venv\Lib\site-packages\pre_commit\__init__.py","UNKNOWN"
"C:\SNS_24AutoProject_250723\venv\Lib\site-packages\pre_commit\__main__.py","LF"
"C:\SNS_24AutoProject_250723\venv\Lib\site-packages\proglog\proglog.py","LF"
"C:\SNS_24AutoProject_250723\venv\Lib\site-packages\proglog\version.py","LF"
"C:\SNS_24AutoProject_250723\venv\Lib\site-packages\proglog\__init__.py","LF"
"C:\SNS_24AutoProject_250723\venv\Lib\site-packages\pycparser\ply\cpp.py","LF"
"C:\SNS_24AutoProject_250723\venv\Lib\site-packages\pycparser\ply\ctokens.py","LF"
"C:\SNS_24AutoProject_250723\venv\Lib\site-packages\pycparser\ply\lex.py","LF"
"C:\SNS_24AutoProject_250723\venv\Lib\site-packages\pycparser\ply\yacc.py","LF"
"C:\SNS_24AutoProject_250723\venv\Lib\site-packages\pycparser\ply\ygen.py","LF"
"C:\SNS_24AutoProject_250723\venv\Lib\site-packages\pycparser\ply\__init__.py","LF"
"C:\SNS_24AutoProject_250723\venv\Lib\site-packages\pycparser\ast_transforms.py","LF"
"C:\SNS_24AutoProject_250723\venv\Lib\site-packages\pycparser\c_ast.py","LF"
"C:\SNS_24AutoProject_250723\venv\Lib\site-packages\pycparser\c_generator.py","LF"
"C:\SNS_24AutoProject_250723\venv\Lib\site-packages\pycparser\c_lexer.py","LF"
"C:\SNS_24AutoProject_250723\venv\Lib\site-packages\pycparser\c_parser.py","LF"
"C:\SNS_24AutoProject_250723\venv\Lib\site-packages\pycparser\lextab.py","LF"
"C:\SNS_24AutoProject_250723\venv\Lib\site-packages\pycparser\plyparser.py","LF"
"C:\SNS_24AutoProject_250723\venv\Lib\site-packages\pycparser\yacctab.py","LF"
"C:\SNS_24AutoProject_250723\venv\Lib\site-packages\pycparser\_ast_gen.py","LF"
"C:\SNS_24AutoProject_250723\venv\Lib\site-packages\pycparser\_build_tables.py","LF"
"C:\SNS_24AutoProject_250723\venv\Lib\site-packages\pycparser\_c_ast.cfg","CRLF"
"C:\SNS_24AutoProject_250723\venv\Lib\site-packages\pycparser\__init__.py","LF"
"C:\SNS_24AutoProject_250723\venv\Lib\site-packages\pydantic\deprecated\class_validators.py","LF"
"C:\SNS_24AutoProject_250723\venv\Lib\site-packages\pydantic\deprecated\config.py","LF"
"C:\SNS_24AutoProject_250723\venv\Lib\site-packages\pydantic\deprecated\copy_internals.py","LF"
"C:\SNS_24AutoProject_250723\venv\Lib\site-packages\pydantic\deprecated\decorator.py","LF"
"C:\SNS_24AutoProject_250723\venv\Lib\site-packages\pydantic\deprecated\json.py","LF"
"C:\SNS_24AutoProject_250723\venv\Lib\site-packages\pydantic\deprecated\parse.py","LF"
"C:\SNS_24AutoProject_250723\venv\Lib\site-packages\pydantic\deprecated\tools.py","LF"
"C:\SNS_24AutoProject_250723\venv\Lib\site-packages\pydantic\deprecated\__init__.py","UNKNOWN"
"C:\SNS_24AutoProject_250723\venv\Lib\site-packages\pydantic\experimental\arguments_schema.py","LF"
"C:\SNS_24AutoProject_250723\venv\Lib\site-packages\pydantic\experimental\pipeline.py","LF"
"C:\SNS_24AutoProject_250723\venv\Lib\site-packages\pydantic\experimental\__init__.py","LF"
"C:\SNS_24AutoProject_250723\venv\Lib\site-packages\pydantic\plugin\_loader.py","LF"
"C:\SNS_24AutoProject_250723\venv\Lib\site-packages\pydantic\plugin\_schema_validator.py","LF"
"C:\SNS_24AutoProject_250723\venv\Lib\site-packages\pydantic\plugin\__init__.py","LF"
"C:\SNS_24AutoProject_250723\venv\Lib\site-packages\pydantic\v1\annotated_types.py","LF"
"C:\SNS_24AutoProject_250723\venv\Lib\site-packages\pydantic\v1\class_validators.py","LF"
"C:\SNS_24AutoProject_250723\venv\Lib\site-packages\pydantic\v1\color.py","LF"
"C:\SNS_24AutoProject_250723\venv\Lib\site-packages\pydantic\v1\config.py","LF"
"C:\SNS_24AutoProject_250723\venv\Lib\site-packages\pydantic\v1\dataclasses.py","LF"
"C:\SNS_24AutoProject_250723\venv\Lib\site-packages\pydantic\v1\datetime_parse.py","LF"
"C:\SNS_24AutoProject_250723\venv\Lib\site-packages\pydantic\v1\decorator.py","LF"
"C:\SNS_24AutoProject_250723\venv\Lib\site-packages\pydantic\v1\env_settings.py","LF"
"C:\SNS_24AutoProject_250723\venv\Lib\site-packages\pydantic\v1\errors.py","LF"
"C:\SNS_24AutoProject_250723\venv\Lib\site-packages\pydantic\v1\error_wrappers.py","LF"
"C:\SNS_24AutoProject_250723\venv\Lib\site-packages\pydantic\v1\fields.py","LF"
"C:\SNS_24AutoProject_250723\venv\Lib\site-packages\pydantic\v1\generics.py","LF"
"C:\SNS_24AutoProject_250723\venv\Lib\site-packages\pydantic\v1\json.py","LF"
"C:\SNS_24AutoProject_250723\venv\Lib\site-packages\pydantic\v1\main.py","LF"
"C:\SNS_24AutoProject_250723\venv\Lib\site-packages\pydantic\v1\mypy.py","LF"
"C:\SNS_24AutoProject_250723\venv\Lib\site-packages\pydantic\v1\networks.py","LF"
"C:\SNS_24AutoProject_250723\venv\Lib\site-packages\pydantic\v1\parse.py","LF"
"C:\SNS_24AutoProject_250723\venv\Lib\site-packages\pydantic\v1\schema.py","LF"
"C:\SNS_24AutoProject_250723\venv\Lib\site-packages\pydantic\v1\tools.py","LF"
"C:\SNS_24AutoProject_250723\venv\Lib\site-packages\pydantic\v1\types.py","LF"
"C:\SNS_24AutoProject_250723\venv\Lib\site-packages\pydantic\v1\typing.py","LF"
"C:\SNS_24AutoProject_250723\venv\Lib\site-packages\pydantic\v1\utils.py","LF"
"C:\SNS_24AutoProject_250723\venv\Lib\site-packages\pydantic\v1\validators.py","LF"
"C:\SNS_24AutoProject_250723\venv\Lib\site-packages\pydantic\v1\version.py","LF"
"C:\SNS_24AutoProject_250723\venv\Lib\site-packages\pydantic\v1\_hypothesis_plugin.py","LF"
"C:\SNS_24AutoProject_250723\venv\Lib\site-packages\pydantic\v1\__init__.py","LF"
"C:\SNS_24AutoProject_250723\venv\Lib\site-packages\pydantic\_internal\_config.py","LF"
"C:\SNS_24AutoProject_250723\venv\Lib\site-packages\pydantic\_internal\_core_metadata.py","LF"
"C:\SNS_24AutoProject_250723\venv\Lib\site-packages\pydantic\_internal\_core_utils.py","LF"
"C:\SNS_24AutoProject_250723\venv\Lib\site-packages\pydantic\_internal\_dataclasses.py","LF"
"C:\SNS_24AutoProject_250723\venv\Lib\site-packages\pydantic\_internal\_decorators.py","LF"
"C:\SNS_24AutoProject_250723\venv\Lib\site-packages\pydantic\_internal\_decorators_v1.py","LF"
"C:\SNS_24AutoProject_250723\venv\Lib\site-packages\pydantic\_internal\_discriminated_union.py","LF"
"C:\SNS_24AutoProject_250723\venv\Lib\site-packages\pydantic\_internal\_docs_extraction.py","LF"
"C:\SNS_24AutoProject_250723\venv\Lib\site-packages\pydantic\_internal\_fields.py","LF"
"C:\SNS_24AutoProject_250723\venv\Lib\site-packages\pydantic\_internal\_forward_ref.py","LF"
"C:\SNS_24AutoProject_250723\venv\Lib\site-packages\pydantic\_internal\_generate_schema.py","LF"
"C:\SNS_24AutoProject_250723\venv\Lib\site-packages\pydantic\_internal\_generics.py","LF"
"C:\SNS_24AutoProject_250723\venv\Lib\site-packages\pydantic\_internal\_git.py","LF"
"C:\SNS_24AutoProject_250723\venv\Lib\site-packages\pydantic\_internal\_import_utils.py","LF"
"C:\SNS_24AutoProject_250723\venv\Lib\site-packages\pydantic\_internal\_internal_dataclass.py","LF"
"C:\SNS_24AutoProject_250723\venv\Lib\site-packages\pydantic\_internal\_known_annotated_metadata.py","LF"
"C:\SNS_24AutoProject_250723\venv\Lib\site-packages\pydantic\_internal\_mock_val_ser.py","LF"
"C:\SNS_24AutoProject_250723\venv\Lib\site-packages\pydantic\_internal\_model_construction.py","LF"
"C:\SNS_24AutoProject_250723\venv\Lib\site-packages\pydantic\_internal\_namespace_utils.py","LF"
"C:\SNS_24AutoProject_250723\venv\Lib\site-packages\pydantic\_internal\_repr.py","LF"
"C:\SNS_24AutoProject_250723\venv\Lib\site-packages\pydantic\_internal\_schema_gather.py","LF"
"C:\SNS_24AutoProject_250723\venv\Lib\site-packages\pydantic\_internal\_schema_generation_shared.py","LF"
"C:\SNS_24AutoProject_250723\venv\Lib\site-packages\pydantic\_internal\_serializers.py","LF"
"C:\SNS_24AutoProject_250723\venv\Lib\site-packages\pydantic\_internal\_signature.py","LF"
"C:\SNS_24AutoProject_250723\venv\Lib\site-packages\pydantic\_internal\_typing_extra.py","LF"
"C:\SNS_24AutoProject_250723\venv\Lib\site-packages\pydantic\_internal\_utils.py","LF"
"C:\SNS_24AutoProject_250723\venv\Lib\site-packages\pydantic\_internal\_validate_call.py","LF"
"C:\SNS_24AutoProject_250723\venv\Lib\site-packages\pydantic\_internal\_validators.py","LF"
"C:\SNS_24AutoProject_250723\venv\Lib\site-packages\pydantic\_internal\__init__.py","UNKNOWN"
"C:\SNS_24AutoProject_250723\venv\Lib\site-packages\pydantic\aliases.py","LF"
"C:\SNS_24AutoProject_250723\venv\Lib\site-packages\pydantic\alias_generators.py","LF"
"C:\SNS_24AutoProject_250723\venv\Lib\site-packages\pydantic\annotated_handlers.py","LF"
"C:\SNS_24AutoProject_250723\venv\Lib\site-packages\pydantic\class_validators.py","LF"
"C:\SNS_24AutoProject_250723\venv\Lib\site-packages\pydantic\color.py","LF"
"C:\SNS_24AutoProject_250723\venv\Lib\site-packages\pydantic\config.py","LF"
"C:\SNS_24AutoProject_250723\venv\Lib\site-packages\pydantic\dataclasses.py","LF"
"C:\SNS_24AutoProject_250723\venv\Lib\site-packages\pydantic\datetime_parse.py","LF"
"C:\SNS_24AutoProject_250723\venv\Lib\site-packages\pydantic\decorator.py","LF"
"C:\SNS_24AutoProject_250723\venv\Lib\site-packages\pydantic\env_settings.py","LF"
"C:\SNS_24AutoProject_250723\venv\Lib\site-packages\pydantic\errors.py","LF"
"C:\SNS_24AutoProject_250723\venv\Lib\site-packages\pydantic\error_wrappers.py","LF"
"C:\SNS_24AutoProject_250723\venv\Lib\site-packages\pydantic\fields.py","LF"
"C:\SNS_24AutoProject_250723\venv\Lib\site-packages\pydantic\functional_serializers.py","LF"
"C:\SNS_24AutoProject_250723\venv\Lib\site-packages\pydantic\functional_validators.py","LF"
"C:\SNS_24AutoProject_250723\venv\Lib\site-packages\pydantic\generics.py","LF"
"C:\SNS_24AutoProject_250723\venv\Lib\site-packages\pydantic\json.py","LF"
"C:\SNS_24AutoProject_250723\venv\Lib\site-packages\pydantic\json_schema.py","LF"
"C:\SNS_24AutoProject_250723\venv\Lib\site-packages\pydantic\main.py","LF"
"C:\SNS_24AutoProject_250723\venv\Lib\site-packages\pydantic\mypy.py","LF"
"C:\SNS_24AutoProject_250723\venv\Lib\site-packages\pydantic\networks.py","LF"
"C:\SNS_24AutoProject_250723\venv\Lib\site-packages\pydantic\parse.py","LF"
"C:\SNS_24AutoProject_250723\venv\Lib\site-packages\pydantic\root_model.py","LF"
"C:\SNS_24AutoProject_250723\venv\Lib\site-packages\pydantic\schema.py","LF"
"C:\SNS_24AutoProject_250723\venv\Lib\site-packages\pydantic\tools.py","LF"
"C:\SNS_24AutoProject_250723\venv\Lib\site-packages\pydantic\types.py","LF"
"C:\SNS_24AutoProject_250723\venv\Lib\site-packages\pydantic\type_adapter.py","LF"
"C:\SNS_24AutoProject_250723\venv\Lib\site-packages\pydantic\typing.py","LF"
"C:\SNS_24AutoProject_250723\venv\Lib\site-packages\pydantic\utils.py","LF"
"C:\SNS_24AutoProject_250723\venv\Lib\site-packages\pydantic\validate_call_decorator.py","LF"
"C:\SNS_24AutoProject_250723\venv\Lib\site-packages\pydantic\validators.py","LF"
"C:\SNS_24AutoProject_250723\venv\Lib\site-packages\pydantic\version.py","LF"
"C:\SNS_24AutoProject_250723\venv\Lib\site-packages\pydantic\warnings.py","LF"
"C:\SNS_24AutoProject_250723\venv\Lib\site-packages\pydantic\_migration.py","LF"
"C:\SNS_24AutoProject_250723\venv\Lib\site-packages\pydantic\__init__.py","LF"
"C:\SNS_24AutoProject_250723\venv\Lib\site-packages\pydantic_core\core_schema.py","LF"
"C:\SNS_24AutoProject_250723\venv\Lib\site-packages\pydantic_core\__init__.py","LF"
"C:\SNS_24AutoProject_250723\venv\Lib\site-packages\pygments\filters\__init__.py","LF"
"C:\SNS_24AutoProject_250723\venv\Lib\site-packages\pygments\formatters\bbcode.py","LF"
"C:\SNS_24AutoProject_250723\venv\Lib\site-packages\pygments\formatters\groff.py","LF"
"C:\SNS_24AutoProject_250723\venv\Lib\site-packages\pygments\formatters\html.py","LF"
"C:\SNS_24AutoProject_250723\venv\Lib\site-packages\pygments\formatters\img.py","LF"
"C:\SNS_24AutoProject_250723\venv\Lib\site-packages\pygments\formatters\irc.py","LF"
"C:\SNS_24AutoProject_250723\venv\Lib\site-packages\pygments\formatters\latex.py","LF"
"C:\SNS_24AutoProject_250723\venv\Lib\site-packages\pygments\formatters\other.py","LF"
"C:\SNS_24AutoProject_250723\venv\Lib\site-packages\pygments\formatters\pangomarkup.py","LF"
"C:\SNS_24AutoProject_250723\venv\Lib\site-packages\pygments\formatters\rtf.py","LF"
"C:\SNS_24AutoProject_250723\venv\Lib\site-packages\pygments\formatters\svg.py","LF"
"C:\SNS_24AutoProject_250723\venv\Lib\site-packages\pygments\formatters\terminal.py","LF"
"C:\SNS_24AutoProject_250723\venv\Lib\site-packages\pygments\formatters\terminal256.py","LF"
"C:\SNS_24AutoProject_250723\venv\Lib\site-packages\pygments\formatters\_mapping.py","LF"
"C:\SNS_24AutoProject_250723\venv\Lib\site-packages\pygments\formatters\__init__.py","LF"
"C:\SNS_24AutoProject_250723\venv\Lib\site-packages\pygments\lexers\actionscript.py","LF"
"C:\SNS_24AutoProject_250723\venv\Lib\site-packages\pygments\lexers\ada.py","LF"
"C:\SNS_24AutoProject_250723\venv\Lib\site-packages\pygments\lexers\agile.py","LF"
"C:\SNS_24AutoProject_250723\venv\Lib\site-packages\pygments\lexers\algebra.py","LF"
"C:\SNS_24AutoProject_250723\venv\Lib\site-packages\pygments\lexers\ambient.py","LF"
"C:\SNS_24AutoProject_250723\venv\Lib\site-packages\pygments\lexers\amdgpu.py","LF"
"C:\SNS_24AutoProject_250723\venv\Lib\site-packages\pygments\lexers\ampl.py","LF"
"C:\SNS_24AutoProject_250723\venv\Lib\site-packages\pygments\lexers\apdlexer.py","LF"
"C:\SNS_24AutoProject_250723\venv\Lib\site-packages\pygments\lexers\apl.py","LF"
"C:\SNS_24AutoProject_250723\venv\Lib\site-packages\pygments\lexers\archetype.py","LF"
"C:\SNS_24AutoProject_250723\venv\Lib\site-packages\pygments\lexers\arrow.py","LF"
"C:\SNS_24AutoProject_250723\venv\Lib\site-packages\pygments\lexers\arturo.py","LF"
"C:\SNS_24AutoProject_250723\venv\Lib\site-packages\pygments\lexers\asc.py","LF"
"C:\SNS_24AutoProject_250723\venv\Lib\site-packages\pygments\lexers\asm.py","LF"
"C:\SNS_24AutoProject_250723\venv\Lib\site-packages\pygments\lexers\asn1.py","LF"
"C:\SNS_24AutoProject_250723\venv\Lib\site-packages\pygments\lexers\automation.py","LF"
"C:\SNS_24AutoProject_250723\venv\Lib\site-packages\pygments\lexers\bare.py","LF"
"C:\SNS_24AutoProject_250723\venv\Lib\site-packages\pygments\lexers\basic.py","LF"
"C:\SNS_24AutoProject_250723\venv\Lib\site-packages\pygments\lexers\bdd.py","LF"
"C:\SNS_24AutoProject_250723\venv\Lib\site-packages\pygments\lexers\berry.py","LF"
"C:\SNS_24AutoProject_250723\venv\Lib\site-packages\pygments\lexers\bibtex.py","LF"
"C:\SNS_24AutoProject_250723\venv\Lib\site-packages\pygments\lexers\blueprint.py","LF"
"C:\SNS_24AutoProject_250723\venv\Lib\site-packages\pygments\lexers\boa.py","LF"
"C:\SNS_24AutoProject_250723\venv\Lib\site-packages\pygments\lexers\bqn.py","LF"
"C:\SNS_24AutoProject_250723\venv\Lib\site-packages\pygments\lexers\business.py","LF"
"C:\SNS_24AutoProject_250723\venv\Lib\site-packages\pygments\lexers\capnproto.py","LF"
"C:\SNS_24AutoProject_250723\venv\Lib\site-packages\pygments\lexers\carbon.py","LF"
"C:\SNS_24AutoProject_250723\venv\Lib\site-packages\pygments\lexers\cddl.py","LF"
"C:\SNS_24AutoProject_250723\venv\Lib\site-packages\pygments\lexers\chapel.py","LF"
"C:\SNS_24AutoProject_250723\venv\Lib\site-packages\pygments\lexers\clean.py","LF"
"C:\SNS_24AutoProject_250723\venv\Lib\site-packages\pygments\lexers\codeql.py","LF"
"C:\SNS_24AutoProject_250723\venv\Lib\site-packages\pygments\lexers\comal.py","LF"
"C:\SNS_24AutoProject_250723\venv\Lib\site-packages\pygments\lexers\compiled.py","LF"
"C:\SNS_24AutoProject_250723\venv\Lib\site-packages\pygments\lexers\configs.py","LF"
"C:\SNS_24AutoProject_250723\venv\Lib\site-packages\pygments\lexers\console.py","LF"
"C:\SNS_24AutoProject_250723\venv\Lib\site-packages\pygments\lexers\cplint.py","LF"
"C:\SNS_24AutoProject_250723\venv\Lib\site-packages\pygments\lexers\crystal.py","LF"
"C:\SNS_24AutoProject_250723\venv\Lib\site-packages\pygments\lexers\csound.py","LF"
"C:\SNS_24AutoProject_250723\venv\Lib\site-packages\pygments\lexers\css.py","LF"
"C:\SNS_24AutoProject_250723\venv\Lib\site-packages\pygments\lexers\c_cpp.py","LF"
"C:\SNS_24AutoProject_250723\venv\Lib\site-packages\pygments\lexers\c_like.py","LF"
"C:\SNS_24AutoProject_250723\venv\Lib\site-packages\pygments\lexers\d.py","LF"
"C:\SNS_24AutoProject_250723\venv\Lib\site-packages\pygments\lexers\dalvik.py","LF"
"C:\SNS_24AutoProject_250723\venv\Lib\site-packages\pygments\lexers\data.py","LF"
"C:\SNS_24AutoProject_250723\venv\Lib\site-packages\pygments\lexers\dax.py","LF"
"C:\SNS_24AutoProject_250723\venv\Lib\site-packages\pygments\lexers\devicetree.py","LF"
"C:\SNS_24AutoProject_250723\venv\Lib\site-packages\pygments\lexers\diff.py","LF"
"C:\SNS_24AutoProject_250723\venv\Lib\site-packages\pygments\lexers\dns.py","LF"
"C:\SNS_24AutoProject_250723\venv\Lib\site-packages\pygments\lexers\dotnet.py","LF"
"C:\SNS_24AutoProject_250723\venv\Lib\site-packages\pygments\lexers\dsls.py","LF"
"C:\SNS_24AutoProject_250723\venv\Lib\site-packages\pygments\lexers\dylan.py","LF"
"C:\SNS_24AutoProject_250723\venv\Lib\site-packages\pygments\lexers\ecl.py","LF"
"C:\SNS_24AutoProject_250723\venv\Lib\site-packages\pygments\lexers\eiffel.py","LF"
"C:\SNS_24AutoProject_250723\venv\Lib\site-packages\pygments\lexers\elm.py","LF"
"C:\SNS_24AutoProject_250723\venv\Lib\site-packages\pygments\lexers\elpi.py","LF"
"C:\SNS_24AutoProject_250723\venv\Lib\site-packages\pygments\lexers\email.py","LF"
"C:\SNS_24AutoProject_250723\venv\Lib\site-packages\pygments\lexers\erlang.py","LF"
"C:\SNS_24AutoProject_250723\venv\Lib\site-packages\pygments\lexers\esoteric.py","LF"
"C:\SNS_24AutoProject_250723\venv\Lib\site-packages\pygments\lexers\ezhil.py","LF"
"C:\SNS_24AutoProject_250723\venv\Lib\site-packages\pygments\lexers\factor.py","LF"
"C:\SNS_24AutoProject_250723\venv\Lib\site-packages\pygments\lexers\fantom.py","LF"
"C:\SNS_24AutoProject_250723\venv\Lib\site-packages\pygments\lexers\felix.py","LF"
"C:\SNS_24AutoProject_250723\venv\Lib\site-packages\pygments\lexers\fift.py","LF"
"C:\SNS_24AutoProject_250723\venv\Lib\site-packages\pygments\lexers\floscript.py","LF"
"C:\SNS_24AutoProject_250723\venv\Lib\site-packages\pygments\lexers\forth.py","LF"
"C:\SNS_24AutoProject_250723\venv\Lib\site-packages\pygments\lexers\fortran.py","LF"
"C:\SNS_24AutoProject_250723\venv\Lib\site-packages\pygments\lexers\foxpro.py","LF"
"C:\SNS_24AutoProject_250723\venv\Lib\site-packages\pygments\lexers\freefem.py","LF"
"C:\SNS_24AutoProject_250723\venv\Lib\site-packages\pygments\lexers\func.py","LF"
"C:\SNS_24AutoProject_250723\venv\Lib\site-packages\pygments\lexers\functional.py","LF"
"C:\SNS_24AutoProject_250723\venv\Lib\site-packages\pygments\lexers\futhark.py","LF"
"C:\SNS_24AutoProject_250723\venv\Lib\site-packages\pygments\lexers\gcodelexer.py","LF"
"C:\SNS_24AutoProject_250723\venv\Lib\site-packages\pygments\lexers\gdscript.py","LF"
"C:\SNS_24AutoProject_250723\venv\Lib\site-packages\pygments\lexers\gleam.py","LF"
"C:\SNS_24AutoProject_250723\venv\Lib\site-packages\pygments\lexers\go.py","LF"
"C:\SNS_24AutoProject_250723\venv\Lib\site-packages\pygments\lexers\grammar_notation.py","LF"
"C:\SNS_24AutoProject_250723\venv\Lib\site-packages\pygments\lexers\graph.py","LF"
"C:\SNS_24AutoProject_250723\venv\Lib\site-packages\pygments\lexers\graphics.py","LF"
"C:\SNS_24AutoProject_250723\venv\Lib\site-packages\pygments\lexers\graphql.py","LF"
"C:\SNS_24AutoProject_250723\venv\Lib\site-packages\pygments\lexers\graphviz.py","LF"
"C:\SNS_24AutoProject_250723\venv\Lib\site-packages\pygments\lexers\gsql.py","LF"
"C:\SNS_24AutoProject_250723\venv\Lib\site-packages\pygments\lexers\hare.py","LF"
"C:\SNS_24AutoProject_250723\venv\Lib\site-packages\pygments\lexers\haskell.py","LF"
"C:\SNS_24AutoProject_250723\venv\Lib\site-packages\pygments\lexers\haxe.py","LF"
"C:\SNS_24AutoProject_250723\venv\Lib\site-packages\pygments\lexers\hdl.py","LF"
"C:\SNS_24AutoProject_250723\venv\Lib\site-packages\pygments\lexers\hexdump.py","LF"
"C:\SNS_24AutoProject_250723\venv\Lib\site-packages\pygments\lexers\html.py","LF"
"C:\SNS_24AutoProject_250723\venv\Lib\site-packages\pygments\lexers\idl.py","LF"
"C:\SNS_24AutoProject_250723\venv\Lib\site-packages\pygments\lexers\igor.py","LF"
"C:\SNS_24AutoProject_250723\venv\Lib\site-packages\pygments\lexers\inferno.py","LF"
"C:\SNS_24AutoProject_250723\venv\Lib\site-packages\pygments\lexers\installers.py","LF"
"C:\SNS_24AutoProject_250723\venv\Lib\site-packages\pygments\lexers\int_fiction.py","LF"
"C:\SNS_24AutoProject_250723\venv\Lib\site-packages\pygments\lexers\iolang.py","LF"
"C:\SNS_24AutoProject_250723\venv\Lib\site-packages\pygments\lexers\j.py","LF"
"C:\SNS_24AutoProject_250723\venv\Lib\site-packages\pygments\lexers\javascript.py","LF"
"C:\SNS_24AutoProject_250723\venv\Lib\site-packages\pygments\lexers\jmespath.py","LF"
"C:\SNS_24AutoProject_250723\venv\Lib\site-packages\pygments\lexers\jslt.py","LF"
"C:\SNS_24AutoProject_250723\venv\Lib\site-packages\pygments\lexers\json5.py","LF"
"C:\SNS_24AutoProject_250723\venv\Lib\site-packages\pygments\lexers\jsonnet.py","LF"
"C:\SNS_24AutoProject_250723\venv\Lib\site-packages\pygments\lexers\jsx.py","LF"
"C:\SNS_24AutoProject_250723\venv\Lib\site-packages\pygments\lexers\julia.py","LF"
"C:\SNS_24AutoProject_250723\venv\Lib\site-packages\pygments\lexers\jvm.py","LF"
"C:\SNS_24AutoProject_250723\venv\Lib\site-packages\pygments\lexers\kuin.py","LF"
"C:\SNS_24AutoProject_250723\venv\Lib\site-packages\pygments\lexers\kusto.py","LF"
"C:\SNS_24AutoProject_250723\venv\Lib\site-packages\pygments\lexers\ldap.py","LF"
"C:\SNS_24AutoProject_250723\venv\Lib\site-packages\pygments\lexers\lean.py","LF"
"C:\SNS_24AutoProject_250723\venv\Lib\site-packages\pygments\lexers\lilypond.py","LF"
"C:\SNS_24AutoProject_250723\venv\Lib\site-packages\pygments\lexers\lisp.py","LF"
"C:\SNS_24AutoProject_250723\venv\Lib\site-packages\pygments\lexers\macaulay2.py","LF"
"C:\SNS_24AutoProject_250723\venv\Lib\site-packages\pygments\lexers\make.py","LF"
"C:\SNS_24AutoProject_250723\venv\Lib\site-packages\pygments\lexers\maple.py","LF"
"C:\SNS_24AutoProject_250723\venv\Lib\site-packages\pygments\lexers\markup.py","LF"
"C:\SNS_24AutoProject_250723\venv\Lib\site-packages\pygments\lexers\math.py","LF"
"C:\SNS_24AutoProject_250723\venv\Lib\site-packages\pygments\lexers\matlab.py","LF"
"C:\SNS_24AutoProject_250723\venv\Lib\site-packages\pygments\lexers\maxima.py","LF"
"C:\SNS_24AutoProject_250723\venv\Lib\site-packages\pygments\lexers\meson.py","LF"
"C:\SNS_24AutoProject_250723\venv\Lib\site-packages\pygments\lexers\mime.py","LF"
"C:\SNS_24AutoProject_250723\venv\Lib\site-packages\pygments\lexers\minecraft.py","LF"
"C:\SNS_24AutoProject_250723\venv\Lib\site-packages\pygments\lexers\mips.py","LF"
"C:\SNS_24AutoProject_250723\venv\Lib\site-packages\pygments\lexers\ml.py","LF"
"C:\SNS_24AutoProject_250723\venv\Lib\site-packages\pygments\lexers\modeling.py","LF"
"C:\SNS_24AutoProject_250723\venv\Lib\site-packages\pygments\lexers\modula2.py","LF"
"C:\SNS_24AutoProject_250723\venv\Lib\site-packages\pygments\lexers\mojo.py","LF"
"C:\SNS_24AutoProject_250723\venv\Lib\site-packages\pygments\lexers\monte.py","LF"
"C:\SNS_24AutoProject_250723\venv\Lib\site-packages\pygments\lexers\mosel.py","LF"
"C:\SNS_24AutoProject_250723\venv\Lib\site-packages\pygments\lexers\ncl.py","LF"
"C:\SNS_24AutoProject_250723\venv\Lib\site-packages\pygments\lexers\nimrod.py","LF"
"C:\SNS_24AutoProject_250723\venv\Lib\site-packages\pygments\lexers\nit.py","LF"
"C:\SNS_24AutoProject_250723\venv\Lib\site-packages\pygments\lexers\nix.py","LF"
"C:\SNS_24AutoProject_250723\venv\Lib\site-packages\pygments\lexers\numbair.py","LF"
"C:\SNS_24AutoProject_250723\venv\Lib\site-packages\pygments\lexers\oberon.py","LF"
"C:\SNS_24AutoProject_250723\venv\Lib\site-packages\pygments\lexers\objective.py","LF"
"C:\SNS_24AutoProject_250723\venv\Lib\site-packages\pygments\lexers\ooc.py","LF"
"C:\SNS_24AutoProject_250723\venv\Lib\site-packages\pygments\lexers\openscad.py","LF"
"C:\SNS_24AutoProject_250723\venv\Lib\site-packages\pygments\lexers\other.py","LF"
"C:\SNS_24AutoProject_250723\venv\Lib\site-packages\pygments\lexers\parasail.py","LF"
"C:\SNS_24AutoProject_250723\venv\Lib\site-packages\pygments\lexers\parsers.py","LF"
"C:\SNS_24AutoProject_250723\venv\Lib\site-packages\pygments\lexers\pascal.py","LF"
"C:\SNS_24AutoProject_250723\venv\Lib\site-packages\pygments\lexers\pawn.py","LF"
"C:\SNS_24AutoProject_250723\venv\Lib\site-packages\pygments\lexers\pddl.py","LF"
"C:\SNS_24AutoProject_250723\venv\Lib\site-packages\pygments\lexers\perl.py","LF"
"C:\SNS_24AutoProject_250723\venv\Lib\site-packages\pygments\lexers\phix.py","LF"
"C:\SNS_24AutoProject_250723\venv\Lib\site-packages\pygments\lexers\php.py","LF"
"C:\SNS_24AutoProject_250723\venv\Lib\site-packages\pygments\lexers\pointless.py","LF"
"C:\SNS_24AutoProject_250723\venv\Lib\site-packages\pygments\lexers\pony.py","LF"
"C:\SNS_24AutoProject_250723\venv\Lib\site-packages\pygments\lexers\praat.py","LF"
"C:\SNS_24AutoProject_250723\venv\Lib\site-packages\pygments\lexers\procfile.py","LF"
"C:\SNS_24AutoProject_250723\venv\Lib\site-packages\pygments\lexers\prolog.py","LF"
"C:\SNS_24AutoProject_250723\venv\Lib\site-packages\pygments\lexers\promql.py","LF"
"C:\SNS_24AutoProject_250723\venv\Lib\site-packages\pygments\lexers\prql.py","LF"
"C:\SNS_24AutoProject_250723\venv\Lib\site-packages\pygments\lexers\ptx.py","LF"
"C:\SNS_24AutoProject_250723\venv\Lib\site-packages\pygments\lexers\python.py","LF"
"C:\SNS_24AutoProject_250723\venv\Lib\site-packages\pygments\lexers\q.py","LF"
"C:\SNS_24AutoProject_250723\venv\Lib\site-packages\pygments\lexers\qlik.py","LF"
"C:\SNS_24AutoProject_250723\venv\Lib\site-packages\pygments\lexers\qvt.py","LF"
"C:\SNS_24AutoProject_250723\venv\Lib\site-packages\pygments\lexers\r.py","LF"
"C:\SNS_24AutoProject_250723\venv\Lib\site-packages\pygments\lexers\rdf.py","LF"
"C:\SNS_24AutoProject_250723\venv\Lib\site-packages\pygments\lexers\rebol.py","LF"
"C:\SNS_24AutoProject_250723\venv\Lib\site-packages\pygments\lexers\rego.py","LF"
"C:\SNS_24AutoProject_250723\venv\Lib\site-packages\pygments\lexers\resource.py","LF"
"C:\SNS_24AutoProject_250723\venv\Lib\site-packages\pygments\lexers\ride.py","LF"
"C:\SNS_24AutoProject_250723\venv\Lib\site-packages\pygments\lexers\rita.py","LF"
"C:\SNS_24AutoProject_250723\venv\Lib\site-packages\pygments\lexers\rnc.py","LF"
"C:\SNS_24AutoProject_250723\venv\Lib\site-packages\pygments\lexers\roboconf.py","LF"
"C:\SNS_24AutoProject_250723\venv\Lib\site-packages\pygments\lexers\robotframework.py","LF"
"C:\SNS_24AutoProject_250723\venv\Lib\site-packages\pygments\lexers\ruby.py","LF"
"C:\SNS_24AutoProject_250723\venv\Lib\site-packages\pygments\lexers\rust.py","LF"
"C:\SNS_24AutoProject_250723\venv\Lib\site-packages\pygments\lexers\sas.py","LF"
"C:\SNS_24AutoProject_250723\venv\Lib\site-packages\pygments\lexers\savi.py","LF"
"C:\SNS_24AutoProject_250723\venv\Lib\site-packages\pygments\lexers\scdoc.py","LF"
"C:\SNS_24AutoProject_250723\venv\Lib\site-packages\pygments\lexers\scripting.py","LF"
"C:\SNS_24AutoProject_250723\venv\Lib\site-packages\pygments\lexers\sgf.py","LF"
"C:\SNS_24AutoProject_250723\venv\Lib\site-packages\pygments\lexers\shell.py","LF"
"C:\SNS_24AutoProject_250723\venv\Lib\site-packages\pygments\lexers\sieve.py","LF"
"C:\SNS_24AutoProject_250723\venv\Lib\site-packages\pygments\lexers\slash.py","LF"
"C:\SNS_24AutoProject_250723\venv\Lib\site-packages\pygments\lexers\smalltalk.py","LF"
"C:\SNS_24AutoProject_250723\venv\Lib\site-packages\pygments\lexers\smithy.py","LF"
"C:\SNS_24AutoProject_250723\venv\Lib\site-packages\pygments\lexers\smv.py","LF"
"C:\SNS_24AutoProject_250723\venv\Lib\site-packages\pygments\lexers\snobol.py","LF"
"C:\SNS_24AutoProject_250723\venv\Lib\site-packages\pygments\lexers\solidity.py","LF"
"C:\SNS_24AutoProject_250723\venv\Lib\site-packages\pygments\lexers\soong.py","LF"
"C:\SNS_24AutoProject_250723\venv\Lib\site-packages\pygments\lexers\sophia.py","LF"
"C:\SNS_24AutoProject_250723\venv\Lib\site-packages\pygments\lexers\special.py","LF"
"C:\SNS_24AutoProject_250723\venv\Lib\site-packages\pygments\lexers\spice.py","LF"
"C:\SNS_24AutoProject_250723\venv\Lib\site-packages\pygments\lexers\sql.py","LF"
"C:\SNS_24AutoProject_250723\venv\Lib\site-packages\pygments\lexers\srcinfo.py","LF"
"C:\SNS_24AutoProject_250723\venv\Lib\site-packages\pygments\lexers\stata.py","LF"
"C:\SNS_24AutoProject_250723\venv\Lib\site-packages\pygments\lexers\supercollider.py","LF"
"C:\SNS_24AutoProject_250723\venv\Lib\site-packages\pygments\lexers\tablegen.py","LF"
"C:\SNS_24AutoProject_250723\venv\Lib\site-packages\pygments\lexers\tact.py","LF"
"C:\SNS_24AutoProject_250723\venv\Lib\site-packages\pygments\lexers\tal.py","LF"
"C:\SNS_24AutoProject_250723\venv\Lib\site-packages\pygments\lexers\tcl.py","LF"
"C:\SNS_24AutoProject_250723\venv\Lib\site-packages\pygments\lexers\teal.py","LF"
"C:\SNS_24AutoProject_250723\venv\Lib\site-packages\pygments\lexers\templates.py","LF"
"C:\SNS_24AutoProject_250723\venv\Lib\site-packages\pygments\lexers\teraterm.py","LF"
"C:\SNS_24AutoProject_250723\venv\Lib\site-packages\pygments\lexers\testing.py","LF"
"C:\SNS_24AutoProject_250723\venv\Lib\site-packages\pygments\lexers\text.py","LF"
"C:\SNS_24AutoProject_250723\venv\Lib\site-packages\pygments\lexers\textedit.py","LF"
"C:\SNS_24AutoProject_250723\venv\Lib\site-packages\pygments\lexers\textfmts.py","LF"
"C:\SNS_24AutoProject_250723\venv\Lib\site-packages\pygments\lexers\theorem.py","LF"
"C:\SNS_24AutoProject_250723\venv\Lib\site-packages\pygments\lexers\thingsdb.py","LF"
"C:\SNS_24AutoProject_250723\venv\Lib\site-packages\pygments\lexers\tlb.py","LF"
"C:\SNS_24AutoProject_250723\venv\Lib\site-packages\pygments\lexers\tls.py","LF"
"C:\SNS_24AutoProject_250723\venv\Lib\site-packages\pygments\lexers\tnt.py","LF"
"C:\SNS_24AutoProject_250723\venv\Lib\site-packages\pygments\lexers\trafficscript.py","LF"
"C:\SNS_24AutoProject_250723\venv\Lib\site-packages\pygments\lexers\typoscript.py","LF"
"C:\SNS_24AutoProject_250723\venv\Lib\site-packages\pygments\lexers\typst.py","LF"
"C:\SNS_24AutoProject_250723\venv\Lib\site-packages\pygments\lexers\ul4.py","LF"
"C:\SNS_24AutoProject_250723\venv\Lib\site-packages\pygments\lexers\unicon.py","LF"
"C:\SNS_24AutoProject_250723\venv\Lib\site-packages\pygments\lexers\urbi.py","LF"
"C:\SNS_24AutoProject_250723\venv\Lib\site-packages\pygments\lexers\usd.py","LF"
"C:\SNS_24AutoProject_250723\venv\Lib\site-packages\pygments\lexers\varnish.py","LF"
"C:\SNS_24AutoProject_250723\venv\Lib\site-packages\pygments\lexers\verification.py","LF"
"C:\SNS_24AutoProject_250723\venv\Lib\site-packages\pygments\lexers\verifpal.py","LF"
"C:\SNS_24AutoProject_250723\venv\Lib\site-packages\pygments\lexers\vip.py","LF"
"C:\SNS_24AutoProject_250723\venv\Lib\site-packages\pygments\lexers\vyper.py","LF"
"C:\SNS_24AutoProject_250723\venv\Lib\site-packages\pygments\lexers\web.py","LF"
"C:\SNS_24AutoProject_250723\venv\Lib\site-packages\pygments\lexers\webassembly.py","LF"
"C:\SNS_24AutoProject_250723\venv\Lib\site-packages\pygments\lexers\webidl.py","LF"
"C:\SNS_24AutoProject_250723\venv\Lib\site-packages\pygments\lexers\webmisc.py","LF"
"C:\SNS_24AutoProject_250723\venv\Lib\site-packages\pygments\lexers\wgsl.py","LF"
"C:\SNS_24AutoProject_250723\venv\Lib\site-packages\pygments\lexers\whiley.py","LF"
"C:\SNS_24AutoProject_250723\venv\Lib\site-packages\pygments\lexers\wowtoc.py","LF"
"C:\SNS_24AutoProject_250723\venv\Lib\site-packages\pygments\lexers\wren.py","LF"
"C:\SNS_24AutoProject_250723\venv\Lib\site-packages\pygments\lexers\x10.py","LF"
"C:\SNS_24AutoProject_250723\venv\Lib\site-packages\pygments\lexers\xorg.py","LF"
"C:\SNS_24AutoProject_250723\venv\Lib\site-packages\pygments\lexers\yang.py","LF"
"C:\SNS_24AutoProject_250723\venv\Lib\site-packages\pygments\lexers\yara.py","LF"
"C:\SNS_24AutoProject_250723\venv\Lib\site-packages\pygments\lexers\zig.py","LF"
"C:\SNS_24AutoProject_250723\venv\Lib\site-packages\pygments\lexers\_ada_builtins.py","LF"
"C:\SNS_24AutoProject_250723\venv\Lib\site-packages\pygments\lexers\_asy_builtins.py","LF"
"C:\SNS_24AutoProject_250723\venv\Lib\site-packages\pygments\lexers\_cl_builtins.py","LF"
"C:\SNS_24AutoProject_250723\venv\Lib\site-packages\pygments\lexers\_cocoa_builtins.py","LF"
"C:\SNS_24AutoProject_250723\venv\Lib\site-packages\pygments\lexers\_csound_builtins.py","LF"
"C:\SNS_24AutoProject_250723\venv\Lib\site-packages\pygments\lexers\_css_builtins.py","LF"
"C:\SNS_24AutoProject_250723\venv\Lib\site-packages\pygments\lexers\_googlesql_builtins.py","LF"
"C:\SNS_24AutoProject_250723\venv\Lib\site-packages\pygments\lexers\_julia_builtins.py","LF"
"C:\SNS_24AutoProject_250723\venv\Lib\site-packages\pygments\lexers\_lasso_builtins.py","LF"
"C:\SNS_24AutoProject_250723\venv\Lib\site-packages\pygments\lexers\_lilypond_builtins.py","LF"
"C:\SNS_24AutoProject_250723\venv\Lib\site-packages\pygments\lexers\_luau_builtins.py","LF"
"C:\SNS_24AutoProject_250723\venv\Lib\site-packages\pygments\lexers\_lua_builtins.py","LF"
"C:\SNS_24AutoProject_250723\venv\Lib\site-packages\pygments\lexers\_mapping.py","LF"
"C:\SNS_24AutoProject_250723\venv\Lib\site-packages\pygments\lexers\_mql_builtins.py","LF"
"C:\SNS_24AutoProject_250723\venv\Lib\site-packages\pygments\lexers\_mysql_builtins.py","LF"
"C:\SNS_24AutoProject_250723\venv\Lib\site-packages\pygments\lexers\_openedge_builtins.py","LF"
"C:\SNS_24AutoProject_250723\venv\Lib\site-packages\pygments\lexers\_php_builtins.py","LF"
"C:\SNS_24AutoProject_250723\venv\Lib\site-packages\pygments\lexers\_postgres_builtins.py","LF"
"C:\SNS_24AutoProject_250723\venv\Lib\site-packages\pygments\lexers\_qlik_builtins.py","LF"
"C:\SNS_24AutoProject_250723\venv\Lib\site-packages\pygments\lexers\_scheme_builtins.py","LF"
"C:\SNS_24AutoProject_250723\venv\Lib\site-packages\pygments\lexers\_scilab_builtins.py","LF"
"C:\SNS_24AutoProject_250723\venv\Lib\site-packages\pygments\lexers\_sourcemod_builtins.py","LF"
"C:\SNS_24AutoProject_250723\venv\Lib\site-packages\pygments\lexers\_sql_builtins.py","LF"
"C:\SNS_24AutoProject_250723\venv\Lib\site-packages\pygments\lexers\_stan_builtins.py","LF"
"C:\SNS_24AutoProject_250723\venv\Lib\site-packages\pygments\lexers\_stata_builtins.py","LF"
"C:\SNS_24AutoProject_250723\venv\Lib\site-packages\pygments\lexers\_tsql_builtins.py","LF"
"C:\SNS_24AutoProject_250723\venv\Lib\site-packages\pygments\lexers\_usd_builtins.py","LF"
"C:\SNS_24AutoProject_250723\venv\Lib\site-packages\pygments\lexers\_vbscript_builtins.py","LF"
"C:\SNS_24AutoProject_250723\venv\Lib\site-packages\pygments\lexers\_vim_builtins.py","LF"
"C:\SNS_24AutoProject_250723\venv\Lib\site-packages\pygments\lexers\__init__.py","LF"
"C:\SNS_24AutoProject_250723\venv\Lib\site-packages\pygments\styles\abap.py","LF"
"C:\SNS_24AutoProject_250723\venv\Lib\site-packages\pygments\styles\algol.py","LF"
"C:\SNS_24AutoProject_250723\venv\Lib\site-packages\pygments\styles\algol_nu.py","LF"
"C:\SNS_24AutoProject_250723\venv\Lib\site-packages\pygments\styles\arduino.py","LF"
"C:\SNS_24AutoProject_250723\venv\Lib\site-packages\pygments\styles\autumn.py","LF"
"C:\SNS_24AutoProject_250723\venv\Lib\site-packages\pygments\styles\borland.py","LF"
"C:\SNS_24AutoProject_250723\venv\Lib\site-packages\pygments\styles\bw.py","LF"
"C:\SNS_24AutoProject_250723\venv\Lib\site-packages\pygments\styles\coffee.py","LF"
"C:\SNS_24AutoProject_250723\venv\Lib\site-packages\pygments\styles\colorful.py","LF"
"C:\SNS_24AutoProject_250723\venv\Lib\site-packages\pygments\styles\default.py","LF"
"C:\SNS_24AutoProject_250723\venv\Lib\site-packages\pygments\styles\dracula.py","LF"
"C:\SNS_24AutoProject_250723\venv\Lib\site-packages\pygments\styles\emacs.py","LF"
"C:\SNS_24AutoProject_250723\venv\Lib\site-packages\pygments\styles\friendly.py","LF"
"C:\SNS_24AutoProject_250723\venv\Lib\site-packages\pygments\styles\friendly_grayscale.py","LF"
"C:\SNS_24AutoProject_250723\venv\Lib\site-packages\pygments\styles\fruity.py","LF"
"C:\SNS_24AutoProject_250723\venv\Lib\site-packages\pygments\styles\gh_dark.py","LF"
"C:\SNS_24AutoProject_250723\venv\Lib\site-packages\pygments\styles\gruvbox.py","LF"
"C:\SNS_24AutoProject_250723\venv\Lib\site-packages\pygments\styles\igor.py","LF"
"C:\SNS_24AutoProject_250723\venv\Lib\site-packages\pygments\styles\inkpot.py","LF"
"C:\SNS_24AutoProject_250723\venv\Lib\site-packages\pygments\styles\lightbulb.py","LF"
"C:\SNS_24AutoProject_250723\venv\Lib\site-packages\pygments\styles\lilypond.py","LF"
"C:\SNS_24AutoProject_250723\venv\Lib\site-packages\pygments\styles\lovelace.py","LF"
"C:\SNS_24AutoProject_250723\venv\Lib\site-packages\pygments\styles\manni.py","LF"
"C:\SNS_24AutoProject_250723\venv\Lib\site-packages\pygments\styles\material.py","LF"
"C:\SNS_24AutoProject_250723\venv\Lib\site-packages\pygments\styles\monokai.py","LF"
"C:\SNS_24AutoProject_250723\venv\Lib\site-packages\pygments\styles\murphy.py","LF"
"C:\SNS_24AutoProject_250723\venv\Lib\site-packages\pygments\styles\native.py","LF"
"C:\SNS_24AutoProject_250723\venv\Lib\site-packages\pygments\styles\nord.py","LF"
"C:\SNS_24AutoProject_250723\venv\Lib\site-packages\pygments\styles\onedark.py","LF"
"C:\SNS_24AutoProject_250723\venv\Lib\site-packages\pygments\styles\paraiso_dark.py","LF"
"C:\SNS_24AutoProject_250723\venv\Lib\site-packages\pygments\styles\paraiso_light.py","LF"
"C:\SNS_24AutoProject_250723\venv\Lib\site-packages\pygments\styles\pastie.py","LF"
"C:\SNS_24AutoProject_250723\venv\Lib\site-packages\pygments\styles\perldoc.py","LF"
"C:\SNS_24AutoProject_250723\venv\Lib\site-packages\pygments\styles\rainbow_dash.py","LF"
"C:\SNS_24AutoProject_250723\venv\Lib\site-packages\pygments\styles\rrt.py","LF"
"C:\SNS_24AutoProject_250723\venv\Lib\site-packages\pygments\styles\sas.py","LF"
"C:\SNS_24AutoProject_250723\venv\Lib\site-packages\pygments\styles\solarized.py","LF"
"C:\SNS_24AutoProject_250723\venv\Lib\site-packages\pygments\styles\staroffice.py","LF"
"C:\SNS_24AutoProject_250723\venv\Lib\site-packages\pygments\styles\stata_dark.py","LF"
"C:\SNS_24AutoProject_250723\venv\Lib\site-packages\pygments\styles\stata_light.py","LF"
"C:\SNS_24AutoProject_250723\venv\Lib\site-packages\pygments\styles\tango.py","LF"
"C:\SNS_24AutoProject_250723\venv\Lib\site-packages\pygments\styles\trac.py","LF"
"C:\SNS_24AutoProject_250723\venv\Lib\site-packages\pygments\styles\vim.py","LF"
"C:\SNS_24AutoProject_250723\venv\Lib\site-packages\pygments\styles\vs.py","LF"
"C:\SNS_24AutoProject_250723\venv\Lib\site-packages\pygments\styles\xcode.py","LF"
"C:\SNS_24AutoProject_250723\venv\Lib\site-packages\pygments\styles\zenburn.py","LF"
"C:\SNS_24AutoProject_250723\venv\Lib\site-packages\pygments\styles\_mapping.py","LF"
"C:\SNS_24AutoProject_250723\venv\Lib\site-packages\pygments\styles\__init__.py","LF"
"C:\SNS_24AutoProject_250723\venv\Lib\site-packages\pygments\cmdline.py","LF"
"C:\SNS_24AutoProject_250723\venv\Lib\site-packages\pygments\console.py","LF"
"C:\SNS_24AutoProject_250723\venv\Lib\site-packages\pygments\filter.py","LF"
"C:\SNS_24AutoProject_250723\venv\Lib\site-packages\pygments\formatter.py","LF"
"C:\SNS_24AutoProject_250723\venv\Lib\site-packages\pygments\lexer.py","LF"
"C:\SNS_24AutoProject_250723\venv\Lib\site-packages\pygments\modeline.py","LF"
"C:\SNS_24AutoProject_250723\venv\Lib\site-packages\pygments\plugin.py","LF"
"C:\SNS_24AutoProject_250723\venv\Lib\site-packages\pygments\regexopt.py","LF"
"C:\SNS_24AutoProject_250723\venv\Lib\site-packages\pygments\scanner.py","LF"
"C:\SNS_24AutoProject_250723\venv\Lib\site-packages\pygments\sphinxext.py","LF"
"C:\SNS_24AutoProject_250723\venv\Lib\site-packages\pygments\style.py","LF"
"C:\SNS_24AutoProject_250723\venv\Lib\site-packages\pygments\token.py","LF"
"C:\SNS_24AutoProject_250723\venv\Lib\site-packages\pygments\unistring.py","LF"
"C:\SNS_24AutoProject_250723\venv\Lib\site-packages\pygments\util.py","LF"
"C:\SNS_24AutoProject_250723\venv\Lib\site-packages\pygments\__init__.py","LF"
"C:\SNS_24AutoProject_250723\venv\Lib\site-packages\pygments\__main__.py","LF"
"C:\SNS_24AutoProject_250723\venv\Lib\site-packages\pytest\__init__.py","LF"
"C:\SNS_24AutoProject_250723\venv\Lib\site-packages\pytest\__main__.py","LF"
"C:\SNS_24AutoProject_250723\venv\Lib\site-packages\pytest_asyncio\plugin.py","LF"
"C:\SNS_24AutoProject_250723\venv\Lib\site-packages\pytest_asyncio\_version.py","LF"
"C:\SNS_24AutoProject_250723\venv\Lib\site-packages\pytest_asyncio\__init__.py","LF"
"C:\SNS_24AutoProject_250723\venv\Lib\site-packages\pytest_cov\compat.py","LF"
"C:\SNS_24AutoProject_250723\venv\Lib\site-packages\pytest_cov\embed.py","LF"
"C:\SNS_24AutoProject_250723\venv\Lib\site-packages\pytest_cov\engine.py","LF"
"C:\SNS_24AutoProject_250723\venv\Lib\site-packages\pytest_cov\plugin.py","LF"
"C:\SNS_24AutoProject_250723\venv\Lib\site-packages\pytest_cov\__init__.py","LF"
"C:\SNS_24AutoProject_250723\venv\Lib\site-packages\requests\adapters.py","LF"
"C:\SNS_24AutoProject_250723\venv\Lib\site-packages\requests\api.py","LF"
"C:\SNS_24AutoProject_250723\venv\Lib\site-packages\requests\auth.py","LF"
"C:\SNS_24AutoProject_250723\venv\Lib\site-packages\requests\certs.py","LF"
"C:\SNS_24AutoProject_250723\venv\Lib\site-packages\requests\compat.py","LF"
"C:\SNS_24AutoProject_250723\venv\Lib\site-packages\requests\cookies.py","LF"
"C:\SNS_24AutoProject_250723\venv\Lib\site-packages\requests\exceptions.py","LF"
"C:\SNS_24AutoProject_250723\venv\Lib\site-packages\requests\help.py","LF"
"C:\SNS_24AutoProject_250723\venv\Lib\site-packages\requests\hooks.py","LF"
"C:\SNS_24AutoProject_250723\venv\Lib\site-packages\requests\models.py","LF"
"C:\SNS_24AutoProject_250723\venv\Lib\site-packages\requests\packages.py","LF"
"C:\SNS_24AutoProject_250723\venv\Lib\site-packages\requests\sessions.py","LF"
"C:\SNS_24AutoProject_250723\venv\Lib\site-packages\requests\status_codes.py","LF"
"C:\SNS_24AutoProject_250723\venv\Lib\site-packages\requests\structures.py","LF"
"C:\SNS_24AutoProject_250723\venv\Lib\site-packages\requests\utils.py","LF"
"C:\SNS_24AutoProject_250723\venv\Lib\site-packages\requests\_internal_utils.py","LF"
"C:\SNS_24AutoProject_250723\venv\Lib\site-packages\requests\__init__.py","LF"
"C:\SNS_24AutoProject_250723\venv\Lib\site-packages\requests\__version__.py","LF"
"C:\SNS_24AutoProject_250723\venv\Lib\site-packages\requests-stubs\METADATA.toml","CRLF"
"C:\SNS_24AutoProject_250723\venv\Lib\site-packages\selenium\common\exceptions.py","LF"
"C:\SNS_24AutoProject_250723\venv\Lib\site-packages\selenium\common\__init__.py","LF"
"C:\SNS_24AutoProject_250723\venv\Lib\site-packages\selenium\webdriver\chrome\options.py","LF"
"C:\SNS_24AutoProject_250723\venv\Lib\site-packages\selenium\webdriver\chrome\remote_connection.py","LF"
"C:\SNS_24AutoProject_250723\venv\Lib\site-packages\selenium\webdriver\chrome\service.py","LF"
"C:\SNS_24AutoProject_250723\venv\Lib\site-packages\selenium\webdriver\chrome\webdriver.py","LF"
"C:\SNS_24AutoProject_250723\venv\Lib\site-packages\selenium\webdriver\chrome\__init__.py","LF"
"C:\SNS_24AutoProject_250723\venv\Lib\site-packages\selenium\webdriver\chromium\options.py","LF"
"C:\SNS_24AutoProject_250723\venv\Lib\site-packages\selenium\webdriver\chromium\remote_connection.py","LF"
"C:\SNS_24AutoProject_250723\venv\Lib\site-packages\selenium\webdriver\chromium\service.py","LF"
"C:\SNS_24AutoProject_250723\venv\Lib\site-packages\selenium\webdriver\chromium\webdriver.py","LF"
"C:\SNS_24AutoProject_250723\venv\Lib\site-packages\selenium\webdriver\chromium\__init__.py","LF"
"C:\SNS_24AutoProject_250723\venv\Lib\site-packages\selenium\webdriver\common\actions\action_builder.py","LF"
"C:\SNS_24AutoProject_250723\venv\Lib\site-packages\selenium\webdriver\common\actions\input_device.py","LF"
"C:\SNS_24AutoProject_250723\venv\Lib\site-packages\selenium\webdriver\common\actions\interaction.py","LF"
"C:\SNS_24AutoProject_250723\venv\Lib\site-packages\selenium\webdriver\common\actions\key_actions.py","LF"
"C:\SNS_24AutoProject_250723\venv\Lib\site-packages\selenium\webdriver\common\actions\key_input.py","LF"
"C:\SNS_24AutoProject_250723\venv\Lib\site-packages\selenium\webdriver\common\actions\mouse_button.py","LF"
"C:\SNS_24AutoProject_250723\venv\Lib\site-packages\selenium\webdriver\common\actions\pointer_actions.py","LF"
"C:\SNS_24AutoProject_250723\venv\Lib\site-packages\selenium\webdriver\common\actions\pointer_input.py","LF"
"C:\SNS_24AutoProject_250723\venv\Lib\site-packages\selenium\webdriver\common\actions\wheel_actions.py","LF"
"C:\SNS_24AutoProject_250723\venv\Lib\site-packages\selenium\webdriver\common\actions\wheel_input.py","LF"
"C:\SNS_24AutoProject_250723\venv\Lib\site-packages\selenium\webdriver\common\actions\__init__.py","LF"
"C:\SNS_24AutoProject_250723\venv\Lib\site-packages\selenium\webdriver\common\bidi\browser.py","LF"
"C:\SNS_24AutoProject_250723\venv\Lib\site-packages\selenium\webdriver\common\bidi\browsing_context.py","LF"
"C:\SNS_24AutoProject_250723\venv\Lib\site-packages\selenium\webdriver\common\bidi\cdp.py","LF"
"C:\SNS_24AutoProject_250723\venv\Lib\site-packages\selenium\webdriver\common\bidi\common.py","LF"
"C:\SNS_24AutoProject_250723\venv\Lib\site-packages\selenium\webdriver\common\bidi\console.py","LF"
"C:\SNS_24AutoProject_250723\venv\Lib\site-packages\selenium\webdriver\common\bidi\log.py","LF"
"C:\SNS_24AutoProject_250723\venv\Lib\site-packages\selenium\webdriver\common\bidi\network.py","LF"
"C:\SNS_24AutoProject_250723\venv\Lib\site-packages\selenium\webdriver\common\bidi\permissions.py","LF"
"C:\SNS_24AutoProject_250723\venv\Lib\site-packages\selenium\webdriver\common\bidi\script.py","LF"
"C:\SNS_24AutoProject_250723\venv\Lib\site-packages\selenium\webdriver\common\bidi\session.py","LF"
"C:\SNS_24AutoProject_250723\venv\Lib\site-packages\selenium\webdriver\common\bidi\storage.py","LF"
"C:\SNS_24AutoProject_250723\venv\Lib\site-packages\selenium\webdriver\common\bidi\webextension.py","LF"
"C:\SNS_24AutoProject_250723\venv\Lib\site-packages\selenium\webdriver\common\bidi\__init__.py","LF"
"C:\SNS_24AutoProject_250723\venv\Lib\site-packages\selenium\webdriver\common\devtools\v136\accessibility.py","LF"
"C:\SNS_24AutoProject_250723\venv\Lib\site-packages\selenium\webdriver\common\devtools\v136\animation.py","LF"
"C:\SNS_24AutoProject_250723\venv\Lib\site-packages\selenium\webdriver\common\devtools\v136\audits.py","LF"
"C:\SNS_24AutoProject_250723\venv\Lib\site-packages\selenium\webdriver\common\devtools\v136\autofill.py","LF"
"C:\SNS_24AutoProject_250723\venv\Lib\site-packages\selenium\webdriver\common\devtools\v136\background_service.py","LF"
"C:\SNS_24AutoProject_250723\venv\Lib\site-packages\selenium\webdriver\common\devtools\v136\bluetooth_emulation.py","LF"
"C:\SNS_24AutoProject_250723\venv\Lib\site-packages\selenium\webdriver\common\devtools\v136\browser.py","LF"
"C:\SNS_24AutoProject_250723\venv\Lib\site-packages\selenium\webdriver\common\devtools\v136\cache_storage.py","LF"
"C:\SNS_24AutoProject_250723\venv\Lib\site-packages\selenium\webdriver\common\devtools\v136\cast.py","LF"
"C:\SNS_24AutoProject_250723\venv\Lib\site-packages\selenium\webdriver\common\devtools\v136\console.py","LF"
"C:\SNS_24AutoProject_250723\venv\Lib\site-packages\selenium\webdriver\common\devtools\v136\css.py","LF"
"C:\SNS_24AutoProject_250723\venv\Lib\site-packages\selenium\webdriver\common\devtools\v136\debugger.py","LF"
"C:\SNS_24AutoProject_250723\venv\Lib\site-packages\selenium\webdriver\common\devtools\v136\device_access.py","LF"
"C:\SNS_24AutoProject_250723\venv\Lib\site-packages\selenium\webdriver\common\devtools\v136\device_orientation.py","LF"
"C:\SNS_24AutoProject_250723\venv\Lib\site-packages\selenium\webdriver\common\devtools\v136\dom.py","LF"
"C:\SNS_24AutoProject_250723\venv\Lib\site-packages\selenium\webdriver\common\devtools\v136\dom_debugger.py","LF"
"C:\SNS_24AutoProject_250723\venv\Lib\site-packages\selenium\webdriver\common\devtools\v136\dom_snapshot.py","LF"
"C:\SNS_24AutoProject_250723\venv\Lib\site-packages\selenium\webdriver\common\devtools\v136\dom_storage.py","LF"
"C:\SNS_24AutoProject_250723\venv\Lib\site-packages\selenium\webdriver\common\devtools\v136\emulation.py","LF"
"C:\SNS_24AutoProject_250723\venv\Lib\site-packages\selenium\webdriver\common\devtools\v136\event_breakpoints.py","LF"
"C:\SNS_24AutoProject_250723\venv\Lib\site-packages\selenium\webdriver\common\devtools\v136\extensions.py","LF"
"C:\SNS_24AutoProject_250723\venv\Lib\site-packages\selenium\webdriver\common\devtools\v136\fed_cm.py","LF"
"C:\SNS_24AutoProject_250723\venv\Lib\site-packages\selenium\webdriver\common\devtools\v136\fetch.py","LF"
"C:\SNS_24AutoProject_250723\venv\Lib\site-packages\selenium\webdriver\common\devtools\v136\file_system.py","LF"
"C:\SNS_24AutoProject_250723\venv\Lib\site-packages\selenium\webdriver\common\devtools\v136\headless_experimental.py","LF"
"C:\SNS_24AutoProject_250723\venv\Lib\site-packages\selenium\webdriver\common\devtools\v136\heap_profiler.py","LF"
"C:\SNS_24AutoProject_250723\venv\Lib\site-packages\selenium\webdriver\common\devtools\v136\indexed_db.py","LF"
"C:\SNS_24AutoProject_250723\venv\Lib\site-packages\selenium\webdriver\common\devtools\v136\input_.py","LF"
"C:\SNS_24AutoProject_250723\venv\Lib\site-packages\selenium\webdriver\common\devtools\v136\inspector.py","LF"
"C:\SNS_24AutoProject_250723\venv\Lib\site-packages\selenium\webdriver\common\devtools\v136\io.py","LF"
"C:\SNS_24AutoProject_250723\venv\Lib\site-packages\selenium\webdriver\common\devtools\v136\layer_tree.py","LF"
"C:\SNS_24AutoProject_250723\venv\Lib\site-packages\selenium\webdriver\common\devtools\v136\log.py","LF"
"C:\SNS_24AutoProject_250723\venv\Lib\site-packages\selenium\webdriver\common\devtools\v136\media.py","LF"
"C:\SNS_24AutoProject_250723\venv\Lib\site-packages\selenium\webdriver\common\devtools\v136\memory.py","LF"
"C:\SNS_24AutoProject_250723\venv\Lib\site-packages\selenium\webdriver\common\devtools\v136\network.py","LF"
"C:\SNS_24AutoProject_250723\venv\Lib\site-packages\selenium\webdriver\common\devtools\v136\overlay.py","LF"
"C:\SNS_24AutoProject_250723\venv\Lib\site-packages\selenium\webdriver\common\devtools\v136\page.py","LF"
"C:\SNS_24AutoProject_250723\venv\Lib\site-packages\selenium\webdriver\common\devtools\v136\performance.py","LF"
"C:\SNS_24AutoProject_250723\venv\Lib\site-packages\selenium\webdriver\common\devtools\v136\performance_timeline.py","LF"
"C:\SNS_24AutoProject_250723\venv\Lib\site-packages\selenium\webdriver\common\devtools\v136\preload.py","LF"
"C:\SNS_24AutoProject_250723\venv\Lib\site-packages\selenium\webdriver\common\devtools\v136\profiler.py","LF"
"C:\SNS_24AutoProject_250723\venv\Lib\site-packages\selenium\webdriver\common\devtools\v136\pwa.py","LF"
"C:\SNS_24AutoProject_250723\venv\Lib\site-packages\selenium\webdriver\common\devtools\v136\runtime.py","LF"
"C:\SNS_24AutoProject_250723\venv\Lib\site-packages\selenium\webdriver\common\devtools\v136\schema.py","LF"
"C:\SNS_24AutoProject_250723\venv\Lib\site-packages\selenium\webdriver\common\devtools\v136\security.py","LF"
"C:\SNS_24AutoProject_250723\venv\Lib\site-packages\selenium\webdriver\common\devtools\v136\service_worker.py","LF"
"C:\SNS_24AutoProject_250723\venv\Lib\site-packages\selenium\webdriver\common\devtools\v136\storage.py","LF"
"C:\SNS_24AutoProject_250723\venv\Lib\site-packages\selenium\webdriver\common\devtools\v136\system_info.py","LF"
"C:\SNS_24AutoProject_250723\venv\Lib\site-packages\selenium\webdriver\common\devtools\v136\target.py","LF"
"C:\SNS_24AutoProject_250723\venv\Lib\site-packages\selenium\webdriver\common\devtools\v136\tethering.py","LF"
"C:\SNS_24AutoProject_250723\venv\Lib\site-packages\selenium\webdriver\common\devtools\v136\tracing.py","LF"
"C:\SNS_24AutoProject_250723\venv\Lib\site-packages\selenium\webdriver\common\devtools\v136\util.py","LF"
"C:\SNS_24AutoProject_250723\venv\Lib\site-packages\selenium\webdriver\common\devtools\v136\web_audio.py","LF"
"C:\SNS_24AutoProject_250723\venv\Lib\site-packages\selenium\webdriver\common\devtools\v136\web_authn.py","LF"
"C:\SNS_24AutoProject_250723\venv\Lib\site-packages\selenium\webdriver\common\devtools\v136\__init__.py","LF"
"C:\SNS_24AutoProject_250723\venv\Lib\site-packages\selenium\webdriver\common\devtools\v137\accessibility.py","LF"
"C:\SNS_24AutoProject_250723\venv\Lib\site-packages\selenium\webdriver\common\devtools\v137\animation.py","LF"
"C:\SNS_24AutoProject_250723\venv\Lib\site-packages\selenium\webdriver\common\devtools\v137\audits.py","LF"
"C:\SNS_24AutoProject_250723\venv\Lib\site-packages\selenium\webdriver\common\devtools\v137\autofill.py","LF"
"C:\SNS_24AutoProject_250723\venv\Lib\site-packages\selenium\webdriver\common\devtools\v137\background_service.py","LF"
"C:\SNS_24AutoProject_250723\venv\Lib\site-packages\selenium\webdriver\common\devtools\v137\bluetooth_emulation.py","LF"
"C:\SNS_24AutoProject_250723\venv\Lib\site-packages\selenium\webdriver\common\devtools\v137\browser.py","LF"
"C:\SNS_24AutoProject_250723\venv\Lib\site-packages\selenium\webdriver\common\devtools\v137\cache_storage.py","LF"
"C:\SNS_24AutoProject_250723\venv\Lib\site-packages\selenium\webdriver\common\devtools\v137\cast.py","LF"
"C:\SNS_24AutoProject_250723\venv\Lib\site-packages\selenium\webdriver\common\devtools\v137\console.py","LF"
"C:\SNS_24AutoProject_250723\venv\Lib\site-packages\selenium\webdriver\common\devtools\v137\css.py","LF"
"C:\SNS_24AutoProject_250723\venv\Lib\site-packages\selenium\webdriver\common\devtools\v137\debugger.py","LF"
"C:\SNS_24AutoProject_250723\venv\Lib\site-packages\selenium\webdriver\common\devtools\v137\device_access.py","LF"
"C:\SNS_24AutoProject_250723\venv\Lib\site-packages\selenium\webdriver\common\devtools\v137\device_orientation.py","LF"
"C:\SNS_24AutoProject_250723\venv\Lib\site-packages\selenium\webdriver\common\devtools\v137\dom.py","LF"
"C:\SNS_24AutoProject_250723\venv\Lib\site-packages\selenium\webdriver\common\devtools\v137\dom_debugger.py","LF"
"C:\SNS_24AutoProject_250723\venv\Lib\site-packages\selenium\webdriver\common\devtools\v137\dom_snapshot.py","LF"
"C:\SNS_24AutoProject_250723\venv\Lib\site-packages\selenium\webdriver\common\devtools\v137\dom_storage.py","LF"
"C:\SNS_24AutoProject_250723\venv\Lib\site-packages\selenium\webdriver\common\devtools\v137\emulation.py","LF"
"C:\SNS_24AutoProject_250723\venv\Lib\site-packages\selenium\webdriver\common\devtools\v137\event_breakpoints.py","LF"
"C:\SNS_24AutoProject_250723\venv\Lib\site-packages\selenium\webdriver\common\devtools\v137\extensions.py","LF"
"C:\SNS_24AutoProject_250723\venv\Lib\site-packages\selenium\webdriver\common\devtools\v137\fed_cm.py","LF"
"C:\SNS_24AutoProject_250723\venv\Lib\site-packages\selenium\webdriver\common\devtools\v137\fetch.py","LF"
"C:\SNS_24AutoProject_250723\venv\Lib\site-packages\selenium\webdriver\common\devtools\v137\file_system.py","LF"
"C:\SNS_24AutoProject_250723\venv\Lib\site-packages\selenium\webdriver\common\devtools\v137\headless_experimental.py","LF"
"C:\SNS_24AutoProject_250723\venv\Lib\site-packages\selenium\webdriver\common\devtools\v137\heap_profiler.py","LF"
"C:\SNS_24AutoProject_250723\venv\Lib\site-packages\selenium\webdriver\common\devtools\v137\indexed_db.py","LF"
"C:\SNS_24AutoProject_250723\venv\Lib\site-packages\selenium\webdriver\common\devtools\v137\input_.py","LF"
"C:\SNS_24AutoProject_250723\venv\Lib\site-packages\selenium\webdriver\common\devtools\v137\inspector.py","LF"
"C:\SNS_24AutoProject_250723\venv\Lib\site-packages\selenium\webdriver\common\devtools\v137\io.py","LF"
"C:\SNS_24AutoProject_250723\venv\Lib\site-packages\selenium\webdriver\common\devtools\v137\layer_tree.py","LF"
"C:\SNS_24AutoProject_250723\venv\Lib\site-packages\selenium\webdriver\common\devtools\v137\log.py","LF"
"C:\SNS_24AutoProject_250723\venv\Lib\site-packages\selenium\webdriver\common\devtools\v137\media.py","LF"
"C:\SNS_24AutoProject_250723\venv\Lib\site-packages\selenium\webdriver\common\devtools\v137\memory.py","LF"
"C:\SNS_24AutoProject_250723\venv\Lib\site-packages\selenium\webdriver\common\devtools\v137\network.py","LF"
"C:\SNS_24AutoProject_250723\venv\Lib\site-packages\selenium\webdriver\common\devtools\v137\overlay.py","LF"
"C:\SNS_24AutoProject_250723\venv\Lib\site-packages\selenium\webdriver\common\devtools\v137\page.py","LF"
"C:\SNS_24AutoProject_250723\venv\Lib\site-packages\selenium\webdriver\common\devtools\v137\performance.py","LF"
"C:\SNS_24AutoProject_250723\venv\Lib\site-packages\selenium\webdriver\common\devtools\v137\performance_timeline.py","LF"
"C:\SNS_24AutoProject_250723\venv\Lib\site-packages\selenium\webdriver\common\devtools\v137\preload.py","LF"
"C:\SNS_24AutoProject_250723\venv\Lib\site-packages\selenium\webdriver\common\devtools\v137\profiler.py","LF"
"C:\SNS_24AutoProject_250723\venv\Lib\site-packages\selenium\webdriver\common\devtools\v137\pwa.py","LF"
"C:\SNS_24AutoProject_250723\venv\Lib\site-packages\selenium\webdriver\common\devtools\v137\runtime.py","LF"
"C:\SNS_24AutoProject_250723\venv\Lib\site-packages\selenium\webdriver\common\devtools\v137\schema.py","LF"
"C:\SNS_24AutoProject_250723\venv\Lib\site-packages\selenium\webdriver\common\devtools\v137\security.py","LF"
"C:\SNS_24AutoProject_250723\venv\Lib\site-packages\selenium\webdriver\common\devtools\v137\service_worker.py","LF"
"C:\SNS_24AutoProject_250723\venv\Lib\site-packages\selenium\webdriver\common\devtools\v137\storage.py","LF"
"C:\SNS_24AutoProject_250723\venv\Lib\site-packages\selenium\webdriver\common\devtools\v137\system_info.py","LF"
"C:\SNS_24AutoProject_250723\venv\Lib\site-packages\selenium\webdriver\common\devtools\v137\target.py","LF"
"C:\SNS_24AutoProject_250723\venv\Lib\site-packages\selenium\webdriver\common\devtools\v137\tethering.py","LF"
"C:\SNS_24AutoProject_250723\venv\Lib\site-packages\selenium\webdriver\common\devtools\v137\tracing.py","LF"
"C:\SNS_24AutoProject_250723\venv\Lib\site-packages\selenium\webdriver\common\devtools\v137\util.py","LF"
"C:\SNS_24AutoProject_250723\venv\Lib\site-packages\selenium\webdriver\common\devtools\v137\web_audio.py","LF"
"C:\SNS_24AutoProject_250723\venv\Lib\site-packages\selenium\webdriver\common\devtools\v137\web_authn.py","LF"
"C:\SNS_24AutoProject_250723\venv\Lib\site-packages\selenium\webdriver\common\devtools\v137\__init__.py","LF"
"C:\SNS_24AutoProject_250723\venv\Lib\site-packages\selenium\webdriver\common\devtools\v138\accessibility.py","LF"
"C:\SNS_24AutoProject_250723\venv\Lib\site-packages\selenium\webdriver\common\devtools\v138\animation.py","LF"
"C:\SNS_24AutoProject_250723\venv\Lib\site-packages\selenium\webdriver\common\devtools\v138\audits.py","LF"
"C:\SNS_24AutoProject_250723\venv\Lib\site-packages\selenium\webdriver\common\devtools\v138\autofill.py","LF"
"C:\SNS_24AutoProject_250723\venv\Lib\site-packages\selenium\webdriver\common\devtools\v138\background_service.py","LF"
"C:\SNS_24AutoProject_250723\venv\Lib\site-packages\selenium\webdriver\common\devtools\v138\bluetooth_emulation.py","LF"
"C:\SNS_24AutoProject_250723\venv\Lib\site-packages\selenium\webdriver\common\devtools\v138\browser.py","LF"
"C:\SNS_24AutoProject_250723\venv\Lib\site-packages\selenium\webdriver\common\devtools\v138\cache_storage.py","LF"
"C:\SNS_24AutoProject_250723\venv\Lib\site-packages\selenium\webdriver\common\devtools\v138\cast.py","LF"
"C:\SNS_24AutoProject_250723\venv\Lib\site-packages\selenium\webdriver\common\devtools\v138\console.py","LF"
"C:\SNS_24AutoProject_250723\venv\Lib\site-packages\selenium\webdriver\common\devtools\v138\css.py","LF"
"C:\SNS_24AutoProject_250723\venv\Lib\site-packages\selenium\webdriver\common\devtools\v138\debugger.py","LF"
"C:\SNS_24AutoProject_250723\venv\Lib\site-packages\selenium\webdriver\common\devtools\v138\device_access.py","LF"
"C:\SNS_24AutoProject_250723\venv\Lib\site-packages\selenium\webdriver\common\devtools\v138\device_orientation.py","LF"
"C:\SNS_24AutoProject_250723\venv\Lib\site-packages\selenium\webdriver\common\devtools\v138\dom.py","LF"
"C:\SNS_24AutoProject_250723\venv\Lib\site-packages\selenium\webdriver\common\devtools\v138\dom_debugger.py","LF"
"C:\SNS_24AutoProject_250723\venv\Lib\site-packages\selenium\webdriver\common\devtools\v138\dom_snapshot.py","LF"
"C:\SNS_24AutoProject_250723\venv\Lib\site-packages\selenium\webdriver\common\devtools\v138\dom_storage.py","LF"
"C:\SNS_24AutoProject_250723\venv\Lib\site-packages\selenium\webdriver\common\devtools\v138\emulation.py","LF"
"C:\SNS_24AutoProject_250723\venv\Lib\site-packages\selenium\webdriver\common\devtools\v138\event_breakpoints.py","LF"
"C:\SNS_24AutoProject_250723\venv\Lib\site-packages\selenium\webdriver\common\devtools\v138\extensions.py","LF"
"C:\SNS_24AutoProject_250723\venv\Lib\site-packages\selenium\webdriver\common\devtools\v138\fed_cm.py","LF"
"C:\SNS_24AutoProject_250723\venv\Lib\site-packages\selenium\webdriver\common\devtools\v138\fetch.py","LF"
"C:\SNS_24AutoProject_250723\venv\Lib\site-packages\selenium\webdriver\common\devtools\v138\file_system.py","LF"
"C:\SNS_24AutoProject_250723\venv\Lib\site-packages\selenium\webdriver\common\devtools\v138\headless_experimental.py","LF"
"C:\SNS_24AutoProject_250723\venv\Lib\site-packages\selenium\webdriver\common\devtools\v138\heap_profiler.py","LF"
"C:\SNS_24AutoProject_250723\venv\Lib\site-packages\selenium\webdriver\common\devtools\v138\indexed_db.py","LF"
"C:\SNS_24AutoProject_250723\venv\Lib\site-packages\selenium\webdriver\common\devtools\v138\input_.py","LF"
"C:\SNS_24AutoProject_250723\venv\Lib\site-packages\selenium\webdriver\common\devtools\v138\inspector.py","LF"
"C:\SNS_24AutoProject_250723\venv\Lib\site-packages\selenium\webdriver\common\devtools\v138\io.py","LF"
"C:\SNS_24AutoProject_250723\venv\Lib\site-packages\selenium\webdriver\common\devtools\v138\layer_tree.py","LF"
"C:\SNS_24AutoProject_250723\venv\Lib\site-packages\selenium\webdriver\common\devtools\v138\log.py","LF"
"C:\SNS_24AutoProject_250723\venv\Lib\site-packages\selenium\webdriver\common\devtools\v138\media.py","LF"
"C:\SNS_24AutoProject_250723\venv\Lib\site-packages\selenium\webdriver\common\devtools\v138\memory.py","LF"
"C:\SNS_24AutoProject_250723\venv\Lib\site-packages\selenium\webdriver\common\devtools\v138\network.py","LF"
"C:\SNS_24AutoProject_250723\venv\Lib\site-packages\selenium\webdriver\common\devtools\v138\overlay.py","LF"
"C:\SNS_24AutoProject_250723\venv\Lib\site-packages\selenium\webdriver\common\devtools\v138\page.py","LF"
"C:\SNS_24AutoProject_250723\venv\Lib\site-packages\selenium\webdriver\common\devtools\v138\performance.py","LF"
"C:\SNS_24AutoProject_250723\venv\Lib\site-packages\selenium\webdriver\common\devtools\v138\performance_timeline.py","LF"
"C:\SNS_24AutoProject_250723\venv\Lib\site-packages\selenium\webdriver\common\devtools\v138\preload.py","LF"
"C:\SNS_24AutoProject_250723\venv\Lib\site-packages\selenium\webdriver\common\devtools\v138\profiler.py","LF"
"C:\SNS_24AutoProject_250723\venv\Lib\site-packages\selenium\webdriver\common\devtools\v138\pwa.py","LF"
"C:\SNS_24AutoProject_250723\venv\Lib\site-packages\selenium\webdriver\common\devtools\v138\runtime.py","LF"
"C:\SNS_24AutoProject_250723\venv\Lib\site-packages\selenium\webdriver\common\devtools\v138\schema.py","LF"
"C:\SNS_24AutoProject_250723\venv\Lib\site-packages\selenium\webdriver\common\devtools\v138\security.py","LF"
"C:\SNS_24AutoProject_250723\venv\Lib\site-packages\selenium\webdriver\common\devtools\v138\service_worker.py","LF"
"C:\SNS_24AutoProject_250723\venv\Lib\site-packages\selenium\webdriver\common\devtools\v138\storage.py","LF"
"C:\SNS_24AutoProject_250723\venv\Lib\site-packages\selenium\webdriver\common\devtools\v138\system_info.py","LF"
"C:\SNS_24AutoProject_250723\venv\Lib\site-packages\selenium\webdriver\common\devtools\v138\target.py","LF"
"C:\SNS_24AutoProject_250723\venv\Lib\site-packages\selenium\webdriver\common\devtools\v138\tethering.py","LF"
"C:\SNS_24AutoProject_250723\venv\Lib\site-packages\selenium\webdriver\common\devtools\v138\tracing.py","LF"
"C:\SNS_24AutoProject_250723\venv\Lib\site-packages\selenium\webdriver\common\devtools\v138\util.py","LF"
"C:\SNS_24AutoProject_250723\venv\Lib\site-packages\selenium\webdriver\common\devtools\v138\web_audio.py","LF"
"C:\SNS_24AutoProject_250723\venv\Lib\site-packages\selenium\webdriver\common\devtools\v138\web_authn.py","LF"
"C:\SNS_24AutoProject_250723\venv\Lib\site-packages\selenium\webdriver\common\devtools\v138\__init__.py","LF"
"C:\SNS_24AutoProject_250723\venv\Lib\site-packages\selenium\webdriver\common\fedcm\account.py","LF"
"C:\SNS_24AutoProject_250723\venv\Lib\site-packages\selenium\webdriver\common\fedcm\dialog.py","LF"
"C:\SNS_24AutoProject_250723\venv\Lib\site-packages\selenium\webdriver\common\fedcm\__init__.py","LF"
"C:\SNS_24AutoProject_250723\venv\Lib\site-packages\selenium\webdriver\common\action_chains.py","LF"
"C:\SNS_24AutoProject_250723\venv\Lib\site-packages\selenium\webdriver\common\alert.py","LF"
"C:\SNS_24AutoProject_250723\venv\Lib\site-packages\selenium\webdriver\common\by.py","LF"
"C:\SNS_24AutoProject_250723\venv\Lib\site-packages\selenium\webdriver\common\desired_capabilities.py","LF"
"C:\SNS_24AutoProject_250723\venv\Lib\site-packages\selenium\webdriver\common\driver_finder.py","LF"
"C:\SNS_24AutoProject_250723\venv\Lib\site-packages\selenium\webdriver\common\keys.py","LF"
"C:\SNS_24AutoProject_250723\venv\Lib\site-packages\selenium\webdriver\common\log.py","LF"
"C:\SNS_24AutoProject_250723\venv\Lib\site-packages\selenium\webdriver\common\options.py","LF"
"C:\SNS_24AutoProject_250723\venv\Lib\site-packages\selenium\webdriver\common\print_page_options.py","LF"
"C:\SNS_24AutoProject_250723\venv\Lib\site-packages\selenium\webdriver\common\proxy.py","LF"
"C:\SNS_24AutoProject_250723\venv\Lib\site-packages\selenium\webdriver\common\selenium_manager.py","LF"
"C:\SNS_24AutoProject_250723\venv\Lib\site-packages\selenium\webdriver\common\service.py","LF"
"C:\SNS_24AutoProject_250723\venv\Lib\site-packages\selenium\webdriver\common\timeouts.py","LF"
"C:\SNS_24AutoProject_250723\venv\Lib\site-packages\selenium\webdriver\common\utils.py","LF"
"C:\SNS_24AutoProject_250723\venv\Lib\site-packages\selenium\webdriver\common\virtual_authenticator.py","LF"
"C:\SNS_24AutoProject_250723\venv\Lib\site-packages\selenium\webdriver\common\window.py","LF"
"C:\SNS_24AutoProject_250723\venv\Lib\site-packages\selenium\webdriver\common\__init__.py","LF"
"C:\SNS_24AutoProject_250723\venv\Lib\site-packages\selenium\webdriver\edge\options.py","LF"
"C:\SNS_24AutoProject_250723\venv\Lib\site-packages\selenium\webdriver\edge\remote_connection.py","LF"
"C:\SNS_24AutoProject_250723\venv\Lib\site-packages\selenium\webdriver\edge\service.py","LF"
"C:\SNS_24AutoProject_250723\venv\Lib\site-packages\selenium\webdriver\edge\webdriver.py","LF"
"C:\SNS_24AutoProject_250723\venv\Lib\site-packages\selenium\webdriver\edge\__init__.py","LF"
"C:\SNS_24AutoProject_250723\venv\Lib\site-packages\selenium\webdriver\firefox\firefox_binary.py","LF"
"C:\SNS_24AutoProject_250723\venv\Lib\site-packages\selenium\webdriver\firefox\firefox_profile.py","LF"
"C:\SNS_24AutoProject_250723\venv\Lib\site-packages\selenium\webdriver\firefox\options.py","LF"
"C:\SNS_24AutoProject_250723\venv\Lib\site-packages\selenium\webdriver\firefox\remote_connection.py","LF"
"C:\SNS_24AutoProject_250723\venv\Lib\site-packages\selenium\webdriver\firefox\service.py","LF"
"C:\SNS_24AutoProject_250723\venv\Lib\site-packages\selenium\webdriver\firefox\webdriver.py","LF"
"C:\SNS_24AutoProject_250723\venv\Lib\site-packages\selenium\webdriver\firefox\__init__.py","LF"
"C:\SNS_24AutoProject_250723\venv\Lib\site-packages\selenium\webdriver\ie\options.py","LF"
"C:\SNS_24AutoProject_250723\venv\Lib\site-packages\selenium\webdriver\ie\service.py","LF"
"C:\SNS_24AutoProject_250723\venv\Lib\site-packages\selenium\webdriver\ie\webdriver.py","LF"
"C:\SNS_24AutoProject_250723\venv\Lib\site-packages\selenium\webdriver\ie\__init__.py","LF"
"C:\SNS_24AutoProject_250723\venv\Lib\site-packages\selenium\webdriver\remote\bidi_connection.py","LF"
"C:\SNS_24AutoProject_250723\venv\Lib\site-packages\selenium\webdriver\remote\client_config.py","LF"
"C:\SNS_24AutoProject_250723\venv\Lib\site-packages\selenium\webdriver\remote\command.py","LF"
"C:\SNS_24AutoProject_250723\venv\Lib\site-packages\selenium\webdriver\remote\errorhandler.py","LF"
"C:\SNS_24AutoProject_250723\venv\Lib\site-packages\selenium\webdriver\remote\fedcm.py","LF"
"C:\SNS_24AutoProject_250723\venv\Lib\site-packages\selenium\webdriver\remote\file_detector.py","LF"
"C:\SNS_24AutoProject_250723\venv\Lib\site-packages\selenium\webdriver\remote\locator_converter.py","LF"
"C:\SNS_24AutoProject_250723\venv\Lib\site-packages\selenium\webdriver\remote\mobile.py","LF"
"C:\SNS_24AutoProject_250723\venv\Lib\site-packages\selenium\webdriver\remote\remote_connection.py","LF"
"C:\SNS_24AutoProject_250723\venv\Lib\site-packages\selenium\webdriver\remote\script_key.py","LF"
"C:\SNS_24AutoProject_250723\venv\Lib\site-packages\selenium\webdriver\remote\server.py","LF"
"C:\SNS_24AutoProject_250723\venv\Lib\site-packages\selenium\webdriver\remote\shadowroot.py","LF"
"C:\SNS_24AutoProject_250723\venv\Lib\site-packages\selenium\webdriver\remote\switch_to.py","LF"
"C:\SNS_24AutoProject_250723\venv\Lib\site-packages\selenium\webdriver\remote\utils.py","LF"
"C:\SNS_24AutoProject_250723\venv\Lib\site-packages\selenium\webdriver\remote\webdriver.py","LF"
"C:\SNS_24AutoProject_250723\venv\Lib\site-packages\selenium\webdriver\remote\webelement.py","LF"
"C:\SNS_24AutoProject_250723\venv\Lib\site-packages\selenium\webdriver\remote\websocket_connection.py","LF"
"C:\SNS_24AutoProject_250723\venv\Lib\site-packages\selenium\webdriver\remote\__init__.py","LF"
"C:\SNS_24AutoProject_250723\venv\Lib\site-packages\selenium\webdriver\safari\options.py","LF"
"C:\SNS_24AutoProject_250723\venv\Lib\site-packages\selenium\webdriver\safari\permissions.py","LF"
"C:\SNS_24AutoProject_250723\venv\Lib\site-packages\selenium\webdriver\safari\remote_connection.py","LF"
"C:\SNS_24AutoProject_250723\venv\Lib\site-packages\selenium\webdriver\safari\service.py","LF"
"C:\SNS_24AutoProject_250723\venv\Lib\site-packages\selenium\webdriver\safari\webdriver.py","LF"
"C:\SNS_24AutoProject_250723\venv\Lib\site-packages\selenium\webdriver\safari\__init__.py","LF"
"C:\SNS_24AutoProject_250723\venv\Lib\site-packages\selenium\webdriver\support\abstract_event_listener.py","LF"
"C:\SNS_24AutoProject_250723\venv\Lib\site-packages\selenium\webdriver\support\color.py","LF"
"C:\SNS_24AutoProject_250723\venv\Lib\site-packages\selenium\webdriver\support\events.py","LF"
"C:\SNS_24AutoProject_250723\venv\Lib\site-packages\selenium\webdriver\support\event_firing_webdriver.py","LF"
"C:\SNS_24AutoProject_250723\venv\Lib\site-packages\selenium\webdriver\support\expected_conditions.py","LF"
"C:\SNS_24AutoProject_250723\venv\Lib\site-packages\selenium\webdriver\support\relative_locator.py","LF"
"C:\SNS_24AutoProject_250723\venv\Lib\site-packages\selenium\webdriver\support\select.py","LF"
"C:\SNS_24AutoProject_250723\venv\Lib\site-packages\selenium\webdriver\support\ui.py","LF"
"C:\SNS_24AutoProject_250723\venv\Lib\site-packages\selenium\webdriver\support\wait.py","LF"
"C:\SNS_24AutoProject_250723\venv\Lib\site-packages\selenium\webdriver\support\__init__.py","LF"
"C:\SNS_24AutoProject_250723\venv\Lib\site-packages\selenium\webdriver\webkitgtk\options.py","LF"
"C:\SNS_24AutoProject_250723\venv\Lib\site-packages\selenium\webdriver\webkitgtk\service.py","LF"
"C:\SNS_24AutoProject_250723\venv\Lib\site-packages\selenium\webdriver\webkitgtk\webdriver.py","LF"
"C:\SNS_24AutoProject_250723\venv\Lib\site-packages\selenium\webdriver\webkitgtk\__init__.py","LF"
"C:\SNS_24AutoProject_250723\venv\Lib\site-packages\selenium\webdriver\wpewebkit\options.py","LF"
"C:\SNS_24AutoProject_250723\venv\Lib\site-packages\selenium\webdriver\wpewebkit\service.py","LF"
"C:\SNS_24AutoProject_250723\venv\Lib\site-packages\selenium\webdriver\wpewebkit\webdriver.py","LF"
"C:\SNS_24AutoProject_250723\venv\Lib\site-packages\selenium\webdriver\wpewebkit\__init__.py","LF"
"C:\SNS_24AutoProject_250723\venv\Lib\site-packages\selenium\webdriver\__init__.py","LF"
"C:\SNS_24AutoProject_250723\venv\Lib\site-packages\selenium\types.py","LF"
"C:\SNS_24AutoProject_250723\venv\Lib\site-packages\selenium\__init__.py","LF"
"C:\SNS_24AutoProject_250723\venv\Lib\site-packages\setuptools\command\alias.py","LF"
"C:\SNS_24AutoProject_250723\venv\Lib\site-packages\setuptools\command\bdist_egg.py","LF"
"C:\SNS_24AutoProject_250723\venv\Lib\site-packages\setuptools\command\bdist_rpm.py","LF"
"C:\SNS_24AutoProject_250723\venv\Lib\site-packages\setuptools\command\build.py","LF"
"C:\SNS_24AutoProject_250723\venv\Lib\site-packages\setuptools\command\build_clib.py","LF"
"C:\SNS_24AutoProject_250723\venv\Lib\site-packages\setuptools\command\build_ext.py","LF"
"C:\SNS_24AutoProject_250723\venv\Lib\site-packages\setuptools\command\build_py.py","LF"
"C:\SNS_24AutoProject_250723\venv\Lib\site-packages\setuptools\command\develop.py","LF"
"C:\SNS_24AutoProject_250723\venv\Lib\site-packages\setuptools\command\dist_info.py","LF"
"C:\SNS_24AutoProject_250723\venv\Lib\site-packages\setuptools\command\easy_install.py","LF"
"C:\SNS_24AutoProject_250723\venv\Lib\site-packages\setuptools\command\editable_wheel.py","LF"
"C:\SNS_24AutoProject_250723\venv\Lib\site-packages\setuptools\command\egg_info.py","LF"
"C:\SNS_24AutoProject_250723\venv\Lib\site-packages\setuptools\command\install.py","LF"
"C:\SNS_24AutoProject_250723\venv\Lib\site-packages\setuptools\command\install_egg_info.py","LF"
"C:\SNS_24AutoProject_250723\venv\Lib\site-packages\setuptools\command\install_lib.py","LF"
"C:\SNS_24AutoProject_250723\venv\Lib\site-packages\setuptools\command\install_scripts.py","LF"
"C:\SNS_24AutoProject_250723\venv\Lib\site-packages\setuptools\command\py36compat.py","LF"
"C:\SNS_24AutoProject_250723\venv\Lib\site-packages\setuptools\command\register.py","LF"
"C:\SNS_24AutoProject_250723\venv\Lib\site-packages\setuptools\command\rotate.py","LF"
"C:\SNS_24AutoProject_250723\venv\Lib\site-packages\setuptools\command\saveopts.py","LF"
"C:\SNS_24AutoProject_250723\venv\Lib\site-packages\setuptools\command\sdist.py","LF"
"C:\SNS_24AutoProject_250723\venv\Lib\site-packages\setuptools\command\setopt.py","LF"
"C:\SNS_24AutoProject_250723\venv\Lib\site-packages\setuptools\command\test.py","LF"
"C:\SNS_24AutoProject_250723\venv\Lib\site-packages\setuptools\command\upload.py","LF"
"C:\SNS_24AutoProject_250723\venv\Lib\site-packages\setuptools\command\upload_docs.py","LF"
"C:\SNS_24AutoProject_250723\venv\Lib\site-packages\setuptools\command\__init__.py","LF"
"C:\SNS_24AutoProject_250723\venv\Lib\site-packages\setuptools\config\_validate_pyproject\error_reporting.py","LF"
"C:\SNS_24AutoProject_250723\venv\Lib\site-packages\setuptools\config\_validate_pyproject\extra_validations.py","LF"
"C:\SNS_24AutoProject_250723\venv\Lib\site-packages\setuptools\config\_validate_pyproject\fastjsonschema_exceptions.py","LF"
"C:\SNS_24AutoProject_250723\venv\Lib\site-packages\setuptools\config\_validate_pyproject\fastjsonschema_validations.py","LF"
"C:\SNS_24AutoProject_250723\venv\Lib\site-packages\setuptools\config\_validate_pyproject\formats.py","LF"
"C:\SNS_24AutoProject_250723\venv\Lib\site-packages\setuptools\config\_validate_pyproject\__init__.py","LF"
"C:\SNS_24AutoProject_250723\venv\Lib\site-packages\setuptools\config\expand.py","LF"
"C:\SNS_24AutoProject_250723\venv\Lib\site-packages\setuptools\config\pyprojecttoml.py","LF"
"C:\SNS_24AutoProject_250723\venv\Lib\site-packages\setuptools\config\setupcfg.py","LF"
"C:\SNS_24AutoProject_250723\venv\Lib\site-packages\setuptools\config\_apply_pyprojecttoml.py","LF"
"C:\SNS_24AutoProject_250723\venv\Lib\site-packages\setuptools\config\__init__.py","LF"
"C:\SNS_24AutoProject_250723\venv\Lib\site-packages\setuptools\extern\__init__.py","LF"
"C:\SNS_24AutoProject_250723\venv\Lib\site-packages\setuptools\_distutils\command\bdist.py","LF"
"C:\SNS_24AutoProject_250723\venv\Lib\site-packages\setuptools\_distutils\command\bdist_dumb.py","LF"
"C:\SNS_24AutoProject_250723\venv\Lib\site-packages\setuptools\_distutils\command\bdist_rpm.py","LF"
"C:\SNS_24AutoProject_250723\venv\Lib\site-packages\setuptools\_distutils\command\build.py","LF"
"C:\SNS_24AutoProject_250723\venv\Lib\site-packages\setuptools\_distutils\command\build_clib.py","LF"
"C:\SNS_24AutoProject_250723\venv\Lib\site-packages\setuptools\_distutils\command\build_ext.py","LF"
"C:\SNS_24AutoProject_250723\venv\Lib\site-packages\setuptools\_distutils\command\build_py.py","LF"
"C:\SNS_24AutoProject_250723\venv\Lib\site-packages\setuptools\_distutils\command\build_scripts.py","LF"
"C:\SNS_24AutoProject_250723\venv\Lib\site-packages\setuptools\_distutils\command\check.py","LF"
"C:\SNS_24AutoProject_250723\venv\Lib\site-packages\setuptools\_distutils\command\clean.py","LF"
"C:\SNS_24AutoProject_250723\venv\Lib\site-packages\setuptools\_distutils\command\config.py","LF"
"C:\SNS_24AutoProject_250723\venv\Lib\site-packages\setuptools\_distutils\command\install.py","LF"
"C:\SNS_24AutoProject_250723\venv\Lib\site-packages\setuptools\_distutils\command\install_data.py","LF"
"C:\SNS_24AutoProject_250723\venv\Lib\site-packages\setuptools\_distutils\command\install_egg_info.py","LF"
"C:\SNS_24AutoProject_250723\venv\Lib\site-packages\setuptools\_distutils\command\install_headers.py","LF"
"C:\SNS_24AutoProject_250723\venv\Lib\site-packages\setuptools\_distutils\command\install_lib.py","LF"
"C:\SNS_24AutoProject_250723\venv\Lib\site-packages\setuptools\_distutils\command\install_scripts.py","LF"
"C:\SNS_24AutoProject_250723\venv\Lib\site-packages\setuptools\_distutils\command\py37compat.py","LF"
"C:\SNS_24AutoProject_250723\venv\Lib\site-packages\setuptools\_distutils\command\register.py","LF"
"C:\SNS_24AutoProject_250723\venv\Lib\site-packages\setuptools\_distutils\command\sdist.py","LF"
"C:\SNS_24AutoProject_250723\venv\Lib\site-packages\setuptools\_distutils\command\upload.py","LF"
"C:\SNS_24AutoProject_250723\venv\Lib\site-packages\setuptools\_distutils\command\_framework_compat.py","LF"
"C:\SNS_24AutoProject_250723\venv\Lib\site-packages\setuptools\_distutils\command\__init__.py","LF"
"C:\SNS_24AutoProject_250723\venv\Lib\site-packages\setuptools\_distutils\archive_util.py","LF"
"C:\SNS_24AutoProject_250723\venv\Lib\site-packages\setuptools\_distutils\bcppcompiler.py","LF"
"C:\SNS_24AutoProject_250723\venv\Lib\site-packages\setuptools\_distutils\ccompiler.py","LF"
"C:\SNS_24AutoProject_250723\venv\Lib\site-packages\setuptools\_distutils\cmd.py","LF"
"C:\SNS_24AutoProject_250723\venv\Lib\site-packages\setuptools\_distutils\config.py","LF"
"C:\SNS_24AutoProject_250723\venv\Lib\site-packages\setuptools\_distutils\core.py","LF"
"C:\SNS_24AutoProject_250723\venv\Lib\site-packages\setuptools\_distutils\cygwinccompiler.py","LF"
"C:\SNS_24AutoProject_250723\venv\Lib\site-packages\setuptools\_distutils\debug.py","LF"
"C:\SNS_24AutoProject_250723\venv\Lib\site-packages\setuptools\_distutils\dep_util.py","LF"
"C:\SNS_24AutoProject_250723\venv\Lib\site-packages\setuptools\_distutils\dir_util.py","LF"
"C:\SNS_24AutoProject_250723\venv\Lib\site-packages\setuptools\_distutils\dist.py","LF"
"C:\SNS_24AutoProject_250723\venv\Lib\site-packages\setuptools\_distutils\errors.py","LF"
"C:\SNS_24AutoProject_250723\venv\Lib\site-packages\setuptools\_distutils\extension.py","LF"
"C:\SNS_24AutoProject_250723\venv\Lib\site-packages\setuptools\_distutils\fancy_getopt.py","LF"
"C:\SNS_24AutoProject_250723\venv\Lib\site-packages\setuptools\_distutils\filelist.py","LF"
"C:\SNS_24AutoProject_250723\venv\Lib\site-packages\setuptools\_distutils\file_util.py","LF"
"C:\SNS_24AutoProject_250723\venv\Lib\site-packages\setuptools\_distutils\log.py","LF"
"C:\SNS_24AutoProject_250723\venv\Lib\site-packages\setuptools\_distutils\msvc9compiler.py","LF"
"C:\SNS_24AutoProject_250723\venv\Lib\site-packages\setuptools\_distutils\msvccompiler.py","LF"
"C:\SNS_24AutoProject_250723\venv\Lib\site-packages\setuptools\_distutils\py38compat.py","LF"
"C:\SNS_24AutoProject_250723\venv\Lib\site-packages\setuptools\_distutils\py39compat.py","LF"
"C:\SNS_24AutoProject_250723\venv\Lib\site-packages\setuptools\_distutils\spawn.py","LF"
"C:\SNS_24AutoProject_250723\venv\Lib\site-packages\setuptools\_distutils\sysconfig.py","LF"
"C:\SNS_24AutoProject_250723\venv\Lib\site-packages\setuptools\_distutils\text_file.py","LF"
"C:\SNS_24AutoProject_250723\venv\Lib\site-packages\setuptools\_distutils\unixccompiler.py","LF"
"C:\SNS_24AutoProject_250723\venv\Lib\site-packages\setuptools\_distutils\util.py","LF"
"C:\SNS_24AutoProject_250723\venv\Lib\site-packages\setuptools\_distutils\version.py","LF"
"C:\SNS_24AutoProject_250723\venv\Lib\site-packages\setuptools\_distutils\versionpredicate.py","LF"
"C:\SNS_24AutoProject_250723\venv\Lib\site-packages\setuptools\_distutils\_collections.py","LF"
"C:\SNS_24AutoProject_250723\venv\Lib\site-packages\setuptools\_distutils\_functools.py","LF"
"C:\SNS_24AutoProject_250723\venv\Lib\site-packages\setuptools\_distutils\_macos_compat.py","LF"
"C:\SNS_24AutoProject_250723\venv\Lib\site-packages\setuptools\_distutils\_msvccompiler.py","LF"
"C:\SNS_24AutoProject_250723\venv\Lib\site-packages\setuptools\_distutils\__init__.py","LF"
"C:\SNS_24AutoProject_250723\venv\Lib\site-packages\setuptools\_vendor\importlib_metadata\_adapters.py","LF"
"C:\SNS_24AutoProject_250723\venv\Lib\site-packages\setuptools\_vendor\importlib_metadata\_collections.py","LF"
"C:\SNS_24AutoProject_250723\venv\Lib\site-packages\setuptools\_vendor\importlib_metadata\_compat.py","LF"
"C:\SNS_24AutoProject_250723\venv\Lib\site-packages\setuptools\_vendor\importlib_metadata\_functools.py","LF"
"C:\SNS_24AutoProject_250723\venv\Lib\site-packages\setuptools\_vendor\importlib_metadata\_itertools.py","LF"
"C:\SNS_24AutoProject_250723\venv\Lib\site-packages\setuptools\_vendor\importlib_metadata\_meta.py","LF"
"C:\SNS_24AutoProject_250723\venv\Lib\site-packages\setuptools\_vendor\importlib_metadata\_text.py","LF"
"C:\SNS_24AutoProject_250723\venv\Lib\site-packages\setuptools\_vendor\importlib_metadata\__init__.py","LF"
"C:\SNS_24AutoProject_250723\venv\Lib\site-packages\setuptools\_vendor\importlib_resources\abc.py","LF"
"C:\SNS_24AutoProject_250723\venv\Lib\site-packages\setuptools\_vendor\importlib_resources\readers.py","LF"
"C:\SNS_24AutoProject_250723\venv\Lib\site-packages\setuptools\_vendor\importlib_resources\simple.py","LF"
"C:\SNS_24AutoProject_250723\venv\Lib\site-packages\setuptools\_vendor\importlib_resources\_adapters.py","LF"
"C:\SNS_24AutoProject_250723\venv\Lib\site-packages\setuptools\_vendor\importlib_resources\_common.py","LF"
"C:\SNS_24AutoProject_250723\venv\Lib\site-packages\setuptools\_vendor\importlib_resources\_compat.py","LF"
"C:\SNS_24AutoProject_250723\venv\Lib\site-packages\setuptools\_vendor\importlib_resources\_itertools.py","LF"
"C:\SNS_24AutoProject_250723\venv\Lib\site-packages\setuptools\_vendor\importlib_resources\_legacy.py","LF"
"C:\SNS_24AutoProject_250723\venv\Lib\site-packages\setuptools\_vendor\importlib_resources\__init__.py","LF"
"C:\SNS_24AutoProject_250723\venv\Lib\site-packages\setuptools\_vendor\jaraco\text\__init__.py","LF"
"C:\SNS_24AutoProject_250723\venv\Lib\site-packages\setuptools\_vendor\jaraco\context.py","LF"
"C:\SNS_24AutoProject_250723\venv\Lib\site-packages\setuptools\_vendor\jaraco\functools.py","LF"
"C:\SNS_24AutoProject_250723\venv\Lib\site-packages\setuptools\_vendor\jaraco\__init__.py","UNKNOWN"
"C:\SNS_24AutoProject_250723\venv\Lib\site-packages\setuptools\_vendor\more_itertools\more.py","LF"
"C:\SNS_24AutoProject_250723\venv\Lib\site-packages\setuptools\_vendor\more_itertools\recipes.py","LF"
"C:\SNS_24AutoProject_250723\venv\Lib\site-packages\setuptools\_vendor\more_itertools\__init__.py","LF"
"C:\SNS_24AutoProject_250723\venv\Lib\site-packages\setuptools\_vendor\packaging\markers.py","LF"
"C:\SNS_24AutoProject_250723\venv\Lib\site-packages\setuptools\_vendor\packaging\requirements.py","LF"
"C:\SNS_24AutoProject_250723\venv\Lib\site-packages\setuptools\_vendor\packaging\specifiers.py","LF"
"C:\SNS_24AutoProject_250723\venv\Lib\site-packages\setuptools\_vendor\packaging\tags.py","LF"
"C:\SNS_24AutoProject_250723\venv\Lib\site-packages\setuptools\_vendor\packaging\utils.py","LF"
"C:\SNS_24AutoProject_250723\venv\Lib\site-packages\setuptools\_vendor\packaging\version.py","LF"
"C:\SNS_24AutoProject_250723\venv\Lib\site-packages\setuptools\_vendor\packaging\_manylinux.py","LF"
"C:\SNS_24AutoProject_250723\venv\Lib\site-packages\setuptools\_vendor\packaging\_musllinux.py","LF"
"C:\SNS_24AutoProject_250723\venv\Lib\site-packages\setuptools\_vendor\packaging\_structures.py","LF"
"C:\SNS_24AutoProject_250723\venv\Lib\site-packages\setuptools\_vendor\packaging\__about__.py","LF"
"C:\SNS_24AutoProject_250723\venv\Lib\site-packages\setuptools\_vendor\packaging\__init__.py","LF"
"C:\SNS_24AutoProject_250723\venv\Lib\site-packages\setuptools\_vendor\pyparsing\diagram\__init__.py","LF"
"C:\SNS_24AutoProject_250723\venv\Lib\site-packages\setuptools\_vendor\pyparsing\actions.py","LF"
"C:\SNS_24AutoProject_250723\venv\Lib\site-packages\setuptools\_vendor\pyparsing\common.py","LF"
"C:\SNS_24AutoProject_250723\venv\Lib\site-packages\setuptools\_vendor\pyparsing\core.py","LF"
"C:\SNS_24AutoProject_250723\venv\Lib\site-packages\setuptools\_vendor\pyparsing\exceptions.py","LF"
"C:\SNS_24AutoProject_250723\venv\Lib\site-packages\setuptools\_vendor\pyparsing\helpers.py","LF"
"C:\SNS_24AutoProject_250723\venv\Lib\site-packages\setuptools\_vendor\pyparsing\results.py","LF"
"C:\SNS_24AutoProject_250723\venv\Lib\site-packages\setuptools\_vendor\pyparsing\testing.py","LF"
"C:\SNS_24AutoProject_250723\venv\Lib\site-packages\setuptools\_vendor\pyparsing\unicode.py","LF"
"C:\SNS_24AutoProject_250723\venv\Lib\site-packages\setuptools\_vendor\pyparsing\util.py","LF"
"C:\SNS_24AutoProject_250723\venv\Lib\site-packages\setuptools\_vendor\pyparsing\__init__.py","LF"
"C:\SNS_24AutoProject_250723\venv\Lib\site-packages\setuptools\_vendor\tomli\_parser.py","LF"
"C:\SNS_24AutoProject_250723\venv\Lib\site-packages\setuptools\_vendor\tomli\_re.py","LF"
"C:\SNS_24AutoProject_250723\venv\Lib\site-packages\setuptools\_vendor\tomli\_types.py","LF"
"C:\SNS_24AutoProject_250723\venv\Lib\site-packages\setuptools\_vendor\tomli\__init__.py","LF"
"C:\SNS_24AutoProject_250723\venv\Lib\site-packages\setuptools\_vendor\ordered_set.py","LF"
"C:\SNS_24AutoProject_250723\venv\Lib\site-packages\setuptools\_vendor\typing_extensions.py","LF"
"C:\SNS_24AutoProject_250723\venv\Lib\site-packages\setuptools\_vendor\zipp.py","LF"
"C:\SNS_24AutoProject_250723\venv\Lib\site-packages\setuptools\_vendor\__init__.py","UNKNOWN"
"C:\SNS_24AutoProject_250723\venv\Lib\site-packages\setuptools\archive_util.py","LF"
"C:\SNS_24AutoProject_250723\venv\Lib\site-packages\setuptools\build_meta.py","LF"
"C:\SNS_24AutoProject_250723\venv\Lib\site-packages\setuptools\depends.py","LF"
"C:\SNS_24AutoProject_250723\venv\Lib\site-packages\setuptools\dep_util.py","LF"
"C:\SNS_24AutoProject_250723\venv\Lib\site-packages\setuptools\discovery.py","LF"
"C:\SNS_24AutoProject_250723\venv\Lib\site-packages\setuptools\dist.py","LF"
"C:\SNS_24AutoProject_250723\venv\Lib\site-packages\setuptools\errors.py","LF"
"C:\SNS_24AutoProject_250723\venv\Lib\site-packages\setuptools\extension.py","LF"
"C:\SNS_24AutoProject_250723\venv\Lib\site-packages\setuptools\glob.py","LF"
"C:\SNS_24AutoProject_250723\venv\Lib\site-packages\setuptools\installer.py","LF"
"C:\SNS_24AutoProject_250723\venv\Lib\site-packages\setuptools\launch.py","LF"
"C:\SNS_24AutoProject_250723\venv\Lib\site-packages\setuptools\logging.py","LF"
"C:\SNS_24AutoProject_250723\venv\Lib\site-packages\setuptools\monkey.py","LF"
"C:\SNS_24AutoProject_250723\venv\Lib\site-packages\setuptools\msvc.py","LF"
"C:\SNS_24AutoProject_250723\venv\Lib\site-packages\setuptools\namespaces.py","LF"
"C:\SNS_24AutoProject_250723\venv\Lib\site-packages\setuptools\package_index.py","LF"
"C:\SNS_24AutoProject_250723\venv\Lib\site-packages\setuptools\py34compat.py","LF"
"C:\SNS_24AutoProject_250723\venv\Lib\site-packages\setuptools\sandbox.py","LF"
"C:\SNS_24AutoProject_250723\venv\Lib\site-packages\setuptools\unicode_utils.py","LF"
"C:\SNS_24AutoProject_250723\venv\Lib\site-packages\setuptools\version.py","LF"
"C:\SNS_24AutoProject_250723\venv\Lib\site-packages\setuptools\wheel.py","LF"
"C:\SNS_24AutoProject_250723\venv\Lib\site-packages\setuptools\windows_support.py","LF"
"C:\SNS_24AutoProject_250723\venv\Lib\site-packages\setuptools\_deprecation_warning.py","LF"
"C:\SNS_24AutoProject_250723\venv\Lib\site-packages\setuptools\_entry_points.py","LF"
"C:\SNS_24AutoProject_250723\venv\Lib\site-packages\setuptools\_imp.py","LF"
"C:\SNS_24AutoProject_250723\venv\Lib\site-packages\setuptools\_importlib.py","LF"
"C:\SNS_24AutoProject_250723\venv\Lib\site-packages\setuptools\_itertools.py","LF"
"C:\SNS_24AutoProject_250723\venv\Lib\site-packages\setuptools\_path.py","LF"
"C:\SNS_24AutoProject_250723\venv\Lib\site-packages\setuptools\_reqs.py","LF"
"C:\SNS_24AutoProject_250723\venv\Lib\site-packages\setuptools\__init__.py","LF"
"C:\SNS_24AutoProject_250723\venv\Lib\site-packages\sniffio\_tests\test_sniffio.py","LF"
"C:\SNS_24AutoProject_250723\venv\Lib\site-packages\sniffio\_tests\__init__.py","UNKNOWN"
"C:\SNS_24AutoProject_250723\venv\Lib\site-packages\sniffio\_impl.py","LF"
"C:\SNS_24AutoProject_250723\venv\Lib\site-packages\sniffio\_version.py","LF"
"C:\SNS_24AutoProject_250723\venv\Lib\site-packages\sniffio\__init__.py","LF"
"C:\SNS_24AutoProject_250723\venv\Lib\site-packages\sortedcontainers\sorteddict.py","LF"
"C:\SNS_24AutoProject_250723\venv\Lib\site-packages\sortedcontainers\sortedlist.py","LF"
"C:\SNS_24AutoProject_250723\venv\Lib\site-packages\sortedcontainers\sortedset.py","LF"
"C:\SNS_24AutoProject_250723\venv\Lib\site-packages\sortedcontainers\__init__.py","LF"
"C:\SNS_24AutoProject_250723\venv\Lib\site-packages\tomli\_parser.py","LF"
"C:\SNS_24AutoProject_250723\venv\Lib\site-packages\tomli\_re.py","LF"
"C:\SNS_24AutoProject_250723\venv\Lib\site-packages\tomli\_types.py","LF"
"C:\SNS_24AutoProject_250723\venv\Lib\site-packages\tomli\__init__.py","LF"
"C:\SNS_24AutoProject_250723\venv\Lib\site-packages\tqdm\contrib\bells.py","LF"
"C:\SNS_24AutoProject_250723\venv\Lib\site-packages\tqdm\contrib\concurrent.py","LF"
"C:\SNS_24AutoProject_250723\venv\Lib\site-packages\tqdm\contrib\discord.py","LF"
"C:\SNS_24AutoProject_250723\venv\Lib\site-packages\tqdm\contrib\itertools.py","LF"
"C:\SNS_24AutoProject_250723\venv\Lib\site-packages\tqdm\contrib\logging.py","LF"
"C:\SNS_24AutoProject_250723\venv\Lib\site-packages\tqdm\contrib\slack.py","LF"
"C:\SNS_24AutoProject_250723\venv\Lib\site-packages\tqdm\contrib\telegram.py","LF"
"C:\SNS_24AutoProject_250723\venv\Lib\site-packages\tqdm\contrib\utils_worker.py","LF"
"C:\SNS_24AutoProject_250723\venv\Lib\site-packages\tqdm\contrib\__init__.py","LF"
"C:\SNS_24AutoProject_250723\venv\Lib\site-packages\tqdm\asyncio.py","LF"
"C:\SNS_24AutoProject_250723\venv\Lib\site-packages\tqdm\auto.py","LF"
"C:\SNS_24AutoProject_250723\venv\Lib\site-packages\tqdm\autonotebook.py","LF"
"C:\SNS_24AutoProject_250723\venv\Lib\site-packages\tqdm\cli.py","LF"
"C:\SNS_24AutoProject_250723\venv\Lib\site-packages\tqdm\dask.py","LF"
"C:\SNS_24AutoProject_250723\venv\Lib\site-packages\tqdm\gui.py","LF"
"C:\SNS_24AutoProject_250723\venv\Lib\site-packages\tqdm\keras.py","LF"
"C:\SNS_24AutoProject_250723\venv\Lib\site-packages\tqdm\notebook.py","LF"
"C:\SNS_24AutoProject_250723\venv\Lib\site-packages\tqdm\rich.py","LF"
"C:\SNS_24AutoProject_250723\venv\Lib\site-packages\tqdm\std.py","LF"
"C:\SNS_24AutoProject_250723\venv\Lib\site-packages\tqdm\tk.py","LF"
"C:\SNS_24AutoProject_250723\venv\Lib\site-packages\tqdm\utils.py","LF"
"C:\SNS_24AutoProject_250723\venv\Lib\site-packages\tqdm\version.py","LF"
"C:\SNS_24AutoProject_250723\venv\Lib\site-packages\tqdm\_dist_ver.py","LF"
"C:\SNS_24AutoProject_250723\venv\Lib\site-packages\tqdm\_main.py","LF"
"C:\SNS_24AutoProject_250723\venv\Lib\site-packages\tqdm\_monitor.py","LF"
"C:\SNS_24AutoProject_250723\venv\Lib\site-packages\tqdm\_tqdm.py","LF"
"C:\SNS_24AutoProject_250723\venv\Lib\site-packages\tqdm\_tqdm_gui.py","LF"
"C:\SNS_24AutoProject_250723\venv\Lib\site-packages\tqdm\_tqdm_notebook.py","LF"
"C:\SNS_24AutoProject_250723\venv\Lib\site-packages\tqdm\_tqdm_pandas.py","LF"
"C:\SNS_24AutoProject_250723\venv\Lib\site-packages\tqdm\_utils.py","LF"
"C:\SNS_24AutoProject_250723\venv\Lib\site-packages\tqdm\__init__.py","LF"
"C:\SNS_24AutoProject_250723\venv\Lib\site-packages\tqdm\__main__.py","LF"
"C:\SNS_24AutoProject_250723\venv\Lib\site-packages\trio\testing\_checkpoints.py","LF"
"C:\SNS_24AutoProject_250723\venv\Lib\site-packages\trio\testing\_check_streams.py","LF"
"C:\SNS_24AutoProject_250723\venv\Lib\site-packages\trio\testing\_fake_net.py","LF"
"C:\SNS_24AutoProject_250723\venv\Lib\site-packages\trio\testing\_memory_streams.py","LF"
"C:\SNS_24AutoProject_250723\venv\Lib\site-packages\trio\testing\_network.py","LF"
"C:\SNS_24AutoProject_250723\venv\Lib\site-packages\trio\testing\_raises_group.py","LF"
"C:\SNS_24AutoProject_250723\venv\Lib\site-packages\trio\testing\_sequencer.py","LF"
"C:\SNS_24AutoProject_250723\venv\Lib\site-packages\trio\testing\_trio_test.py","LF"
"C:\SNS_24AutoProject_250723\venv\Lib\site-packages\trio\testing\__init__.py","LF"
"C:\SNS_24AutoProject_250723\venv\Lib\site-packages\trio\_core\_tests\type_tests\nursery_start.py","LF"
"C:\SNS_24AutoProject_250723\venv\Lib\site-packages\trio\_core\_tests\type_tests\run.py","LF"
"C:\SNS_24AutoProject_250723\venv\Lib\site-packages\trio\_core\_tests\test_asyncgen.py","LF"
"C:\SNS_24AutoProject_250723\venv\Lib\site-packages\trio\_core\_tests\test_exceptiongroup_gc.py","LF"
"C:\SNS_24AutoProject_250723\venv\Lib\site-packages\trio\_core\_tests\test_guest_mode.py","LF"
"C:\SNS_24AutoProject_250723\venv\Lib\site-packages\trio\_core\_tests\test_instrumentation.py","LF"
"C:\SNS_24AutoProject_250723\venv\Lib\site-packages\trio\_core\_tests\test_io.py","LF"
"C:\SNS_24AutoProject_250723\venv\Lib\site-packages\trio\_core\_tests\test_ki.py","LF"
"C:\SNS_24AutoProject_250723\venv\Lib\site-packages\trio\_core\_tests\test_local.py","LF"
"C:\SNS_24AutoProject_250723\venv\Lib\site-packages\trio\_core\_tests\test_mock_clock.py","LF"
"C:\SNS_24AutoProject_250723\venv\Lib\site-packages\trio\_core\_tests\test_parking_lot.py","LF"
"C:\SNS_24AutoProject_250723\venv\Lib\site-packages\trio\_core\_tests\test_run.py","LF"
"C:\SNS_24AutoProject_250723\venv\Lib\site-packages\trio\_core\_tests\test_thread_cache.py","LF"
"C:\SNS_24AutoProject_250723\venv\Lib\site-packages\trio\_core\_tests\test_tutil.py","LF"
"C:\SNS_24AutoProject_250723\venv\Lib\site-packages\trio\_core\_tests\test_unbounded_queue.py","LF"
"C:\SNS_24AutoProject_250723\venv\Lib\site-packages\trio\_core\_tests\test_windows.py","LF"
"C:\SNS_24AutoProject_250723\venv\Lib\site-packages\trio\_core\_tests\tutil.py","LF"
"C:\SNS_24AutoProject_250723\venv\Lib\site-packages\trio\_core\_tests\__init__.py","UNKNOWN"
"C:\SNS_24AutoProject_250723\venv\Lib\site-packages\trio\_core\_asyncgens.py","LF"
"C:\SNS_24AutoProject_250723\venv\Lib\site-packages\trio\_core\_concat_tb.py","LF"
"C:\SNS_24AutoProject_250723\venv\Lib\site-packages\trio\_core\_entry_queue.py","LF"
"C:\SNS_24AutoProject_250723\venv\Lib\site-packages\trio\_core\_exceptions.py","LF"
"C:\SNS_24AutoProject_250723\venv\Lib\site-packages\trio\_core\_generated_instrumentation.py","LF"
"C:\SNS_24AutoProject_250723\venv\Lib\site-packages\trio\_core\_generated_io_epoll.py","LF"
"C:\SNS_24AutoProject_250723\venv\Lib\site-packages\trio\_core\_generated_io_kqueue.py","LF"
"C:\SNS_24AutoProject_250723\venv\Lib\site-packages\trio\_core\_generated_io_windows.py","LF"
"C:\SNS_24AutoProject_250723\venv\Lib\site-packages\trio\_core\_generated_run.py","LF"
"C:\SNS_24AutoProject_250723\venv\Lib\site-packages\trio\_core\_instrumentation.py","LF"
"C:\SNS_24AutoProject_250723\venv\Lib\site-packages\trio\_core\_io_common.py","LF"
"C:\SNS_24AutoProject_250723\venv\Lib\site-packages\trio\_core\_io_epoll.py","LF"
"C:\SNS_24AutoProject_250723\venv\Lib\site-packages\trio\_core\_io_kqueue.py","LF"
"C:\SNS_24AutoProject_250723\venv\Lib\site-packages\trio\_core\_io_windows.py","LF"
"C:\SNS_24AutoProject_250723\venv\Lib\site-packages\trio\_core\_ki.py","LF"
"C:\SNS_24AutoProject_250723\venv\Lib\site-packages\trio\_core\_local.py","LF"
"C:\SNS_24AutoProject_250723\venv\Lib\site-packages\trio\_core\_mock_clock.py","LF"
"C:\SNS_24AutoProject_250723\venv\Lib\site-packages\trio\_core\_parking_lot.py","LF"
"C:\SNS_24AutoProject_250723\venv\Lib\site-packages\trio\_core\_run.py","LF"
"C:\SNS_24AutoProject_250723\venv\Lib\site-packages\trio\_core\_run_context.py","LF"
"C:\SNS_24AutoProject_250723\venv\Lib\site-packages\trio\_core\_thread_cache.py","LF"
"C:\SNS_24AutoProject_250723\venv\Lib\site-packages\trio\_core\_traps.py","LF"
"C:\SNS_24AutoProject_250723\venv\Lib\site-packages\trio\_core\_unbounded_queue.py","LF"
"C:\SNS_24AutoProject_250723\venv\Lib\site-packages\trio\_core\_wakeup_socketpair.py","LF"
"C:\SNS_24AutoProject_250723\venv\Lib\site-packages\trio\_core\_windows_cffi.py","LF"
"C:\SNS_24AutoProject_250723\venv\Lib\site-packages\trio\_core\__init__.py","LF"
"C:\SNS_24AutoProject_250723\venv\Lib\site-packages\trio\_subprocess_platform\kqueue.py","LF"
"C:\SNS_24AutoProject_250723\venv\Lib\site-packages\trio\_subprocess_platform\waitid.py","LF"
"C:\SNS_24AutoProject_250723\venv\Lib\site-packages\trio\_subprocess_platform\windows.py","LF"
"C:\SNS_24AutoProject_250723\venv\Lib\site-packages\trio\_subprocess_platform\__init__.py","LF"
"C:\SNS_24AutoProject_250723\venv\Lib\site-packages\trio\_tests\tools\test_gen_exports.py","LF"
"C:\SNS_24AutoProject_250723\venv\Lib\site-packages\trio\_tests\tools\test_mypy_annotate.py","LF"
"C:\SNS_24AutoProject_250723\venv\Lib\site-packages\trio\_tests\tools\__init__.py","UNKNOWN"
"C:\SNS_24AutoProject_250723\venv\Lib\site-packages\trio\_tests\type_tests\check_wraps.py","LF"
"C:\SNS_24AutoProject_250723\venv\Lib\site-packages\trio\_tests\type_tests\open_memory_channel.py","LF"
"C:\SNS_24AutoProject_250723\venv\Lib\site-packages\trio\_tests\type_tests\path.py","LF"
"C:\SNS_24AutoProject_250723\venv\Lib\site-packages\trio\_tests\type_tests\raisesgroup.py","LF"
"C:\SNS_24AutoProject_250723\venv\Lib\site-packages\trio\_tests\type_tests\subprocesses.py","LF"
"C:\SNS_24AutoProject_250723\venv\Lib\site-packages\trio\_tests\type_tests\task_status.py","LF"
"C:\SNS_24AutoProject_250723\venv\Lib\site-packages\trio\_tests\check_type_completeness.py","LF"
"C:\SNS_24AutoProject_250723\venv\Lib\site-packages\trio\_tests\module_with_deprecations.py","LF"
"C:\SNS_24AutoProject_250723\venv\Lib\site-packages\trio\_tests\pytest_plugin.py","LF"
"C:\SNS_24AutoProject_250723\venv\Lib\site-packages\trio\_tests\test_abc.py","LF"
"C:\SNS_24AutoProject_250723\venv\Lib\site-packages\trio\_tests\test_channel.py","LF"
"C:\SNS_24AutoProject_250723\venv\Lib\site-packages\trio\_tests\test_contextvars.py","LF"
"C:\SNS_24AutoProject_250723\venv\Lib\site-packages\trio\_tests\test_deprecate.py","LF"
"C:\SNS_24AutoProject_250723\venv\Lib\site-packages\trio\_tests\test_deprecate_strict_exception_groups_false.py","LF"
"C:\SNS_24AutoProject_250723\venv\Lib\site-packages\trio\_tests\test_dtls.py","LF"
"C:\SNS_24AutoProject_250723\venv\Lib\site-packages\trio\_tests\test_exports.py","LF"
"C:\SNS_24AutoProject_250723\venv\Lib\site-packages\trio\_tests\test_fakenet.py","LF"
"C:\SNS_24AutoProject_250723\venv\Lib\site-packages\trio\_tests\test_file_io.py","LF"
"C:\SNS_24AutoProject_250723\venv\Lib\site-packages\trio\_tests\test_highlevel_generic.py","LF"
"C:\SNS_24AutoProject_250723\venv\Lib\site-packages\trio\_tests\test_highlevel_open_tcp_listeners.py","LF"
"C:\SNS_24AutoProject_250723\venv\Lib\site-packages\trio\_tests\test_highlevel_open_tcp_stream.py","LF"
"C:\SNS_24AutoProject_250723\venv\Lib\site-packages\trio\_tests\test_highlevel_open_unix_stream.py","LF"
"C:\SNS_24AutoProject_250723\venv\Lib\site-packages\trio\_tests\test_highlevel_serve_listeners.py","LF"
"C:\SNS_24AutoProject_250723\venv\Lib\site-packages\trio\_tests\test_highlevel_socket.py","LF"
"C:\SNS_24AutoProject_250723\venv\Lib\site-packages\trio\_tests\test_highlevel_ssl_helpers.py","LF"
"C:\SNS_24AutoProject_250723\venv\Lib\site-packages\trio\_tests\test_path.py","LF"
"C:\SNS_24AutoProject_250723\venv\Lib\site-packages\trio\_tests\test_repl.py","LF"
"C:\SNS_24AutoProject_250723\venv\Lib\site-packages\trio\_tests\test_scheduler_determinism.py","LF"
"C:\SNS_24AutoProject_250723\venv\Lib\site-packages\trio\_tests\test_signals.py","LF"
"C:\SNS_24AutoProject_250723\venv\Lib\site-packages\trio\_tests\test_socket.py","LF"
"C:\SNS_24AutoProject_250723\venv\Lib\site-packages\trio\_tests\test_ssl.py","LF"
"C:\SNS_24AutoProject_250723\venv\Lib\site-packages\trio\_tests\test_subprocess.py","LF"
"C:\SNS_24AutoProject_250723\venv\Lib\site-packages\trio\_tests\test_sync.py","LF"
"C:\SNS_24AutoProject_250723\venv\Lib\site-packages\trio\_tests\test_testing.py","LF"
"C:\SNS_24AutoProject_250723\venv\Lib\site-packages\trio\_tests\test_testing_raisesgroup.py","LF"
"C:\SNS_24AutoProject_250723\venv\Lib\site-packages\trio\_tests\test_threads.py","LF"
"C:\SNS_24AutoProject_250723\venv\Lib\site-packages\trio\_tests\test_timeouts.py","LF"
"C:\SNS_24AutoProject_250723\venv\Lib\site-packages\trio\_tests\test_tracing.py","LF"
"C:\SNS_24AutoProject_250723\venv\Lib\site-packages\trio\_tests\test_trio.py","LF"
"C:\SNS_24AutoProject_250723\venv\Lib\site-packages\trio\_tests\test_unix_pipes.py","LF"
"C:\SNS_24AutoProject_250723\venv\Lib\site-packages\trio\_tests\test_util.py","LF"
"C:\SNS_24AutoProject_250723\venv\Lib\site-packages\trio\_tests\test_wait_for_object.py","LF"
"C:\SNS_24AutoProject_250723\venv\Lib\site-packages\trio\_tests\test_windows_pipes.py","LF"
"C:\SNS_24AutoProject_250723\venv\Lib\site-packages\trio\_tests\__init__.py","UNKNOWN"
"C:\SNS_24AutoProject_250723\venv\Lib\site-packages\trio\_tools\gen_exports.py","LF"
"C:\SNS_24AutoProject_250723\venv\Lib\site-packages\trio\_tools\mypy_annotate.py","LF"
"C:\SNS_24AutoProject_250723\venv\Lib\site-packages\trio\_tools\__init__.py","UNKNOWN"
"C:\SNS_24AutoProject_250723\venv\Lib\site-packages\trio\abc.py","LF"
"C:\SNS_24AutoProject_250723\venv\Lib\site-packages\trio\from_thread.py","LF"
"C:\SNS_24AutoProject_250723\venv\Lib\site-packages\trio\lowlevel.py","LF"
"C:\SNS_24AutoProject_250723\venv\Lib\site-packages\trio\socket.py","LF"
"C:\SNS_24AutoProject_250723\venv\Lib\site-packages\trio\to_thread.py","LF"
"C:\SNS_24AutoProject_250723\venv\Lib\site-packages\trio\_abc.py","LF"
"C:\SNS_24AutoProject_250723\venv\Lib\site-packages\trio\_channel.py","LF"
"C:\SNS_24AutoProject_250723\venv\Lib\site-packages\trio\_deprecate.py","LF"
"C:\SNS_24AutoProject_250723\venv\Lib\site-packages\trio\_dtls.py","LF"
"C:\SNS_24AutoProject_250723\venv\Lib\site-packages\trio\_file_io.py","LF"
"C:\SNS_24AutoProject_250723\venv\Lib\site-packages\trio\_highlevel_generic.py","LF"
"C:\SNS_24AutoProject_250723\venv\Lib\site-packages\trio\_highlevel_open_tcp_listeners.py","LF"
"C:\SNS_24AutoProject_250723\venv\Lib\site-packages\trio\_highlevel_open_tcp_stream.py","LF"
"C:\SNS_24AutoProject_250723\venv\Lib\site-packages\trio\_highlevel_open_unix_stream.py","LF"
"C:\SNS_24AutoProject_250723\venv\Lib\site-packages\trio\_highlevel_serve_listeners.py","LF"
"C:\SNS_24AutoProject_250723\venv\Lib\site-packages\trio\_highlevel_socket.py","LF"
"C:\SNS_24AutoProject_250723\venv\Lib\site-packages\trio\_highlevel_ssl_helpers.py","LF"
"C:\SNS_24AutoProject_250723\venv\Lib\site-packages\trio\_path.py","LF"
"C:\SNS_24AutoProject_250723\venv\Lib\site-packages\trio\_repl.py","LF"
"C:\SNS_24AutoProject_250723\venv\Lib\site-packages\trio\_signals.py","LF"
"C:\SNS_24AutoProject_250723\venv\Lib\site-packages\trio\_socket.py","LF"
"C:\SNS_24AutoProject_250723\venv\Lib\site-packages\trio\_ssl.py","LF"
"C:\SNS_24AutoProject_250723\venv\Lib\site-packages\trio\_subprocess.py","LF"
"C:\SNS_24AutoProject_250723\venv\Lib\site-packages\trio\_sync.py","LF"
"C:\SNS_24AutoProject_250723\venv\Lib\site-packages\trio\_threads.py","LF"
"C:\SNS_24AutoProject_250723\venv\Lib\site-packages\trio\_timeouts.py","LF"
"C:\SNS_24AutoProject_250723\venv\Lib\site-packages\trio\_unix_pipes.py","LF"
"C:\SNS_24AutoProject_250723\venv\Lib\site-packages\trio\_util.py","LF"
"C:\SNS_24AutoProject_250723\venv\Lib\site-packages\trio\_version.py","LF"
"C:\SNS_24AutoProject_250723\venv\Lib\site-packages\trio\_wait_for_object.py","LF"
"C:\SNS_24AutoProject_250723\venv\Lib\site-packages\trio\_windows_pipes.py","LF"
"C:\SNS_24AutoProject_250723\venv\Lib\site-packages\trio\__init__.py","LF"
"C:\SNS_24AutoProject_250723\venv\Lib\site-packages\trio\__main__.py","LF"
"C:\SNS_24AutoProject_250723\venv\Lib\site-packages\trio_websocket\_impl.py","LF"
"C:\SNS_24AutoProject_250723\venv\Lib\site-packages\trio_websocket\_version.py","LF"
"C:\SNS_24AutoProject_250723\venv\Lib\site-packages\trio_websocket\__init__.py","LF"
"C:\SNS_24AutoProject_250723\venv\Lib\site-packages\typing_inspection\introspection.py","LF"
"C:\SNS_24AutoProject_250723\venv\Lib\site-packages\typing_inspection\typing_objects.py","LF"
"C:\SNS_24AutoProject_250723\venv\Lib\site-packages\typing_inspection\__init__.py","UNKNOWN"
"C:\SNS_24AutoProject_250723\venv\Lib\site-packages\urllib3\contrib\emscripten\connection.py","LF"
"C:\SNS_24AutoProject_250723\venv\Lib\site-packages\urllib3\contrib\emscripten\fetch.py","LF"
"C:\SNS_24AutoProject_250723\venv\Lib\site-packages\urllib3\contrib\emscripten\request.py","LF"
"C:\SNS_24AutoProject_250723\venv\Lib\site-packages\urllib3\contrib\emscripten\response.py","LF"
"C:\SNS_24AutoProject_250723\venv\Lib\site-packages\urllib3\contrib\emscripten\__init__.py","LF"
"C:\SNS_24AutoProject_250723\venv\Lib\site-packages\urllib3\contrib\pyopenssl.py","LF"
"C:\SNS_24AutoProject_250723\venv\Lib\site-packages\urllib3\contrib\socks.py","LF"
"C:\SNS_24AutoProject_250723\venv\Lib\site-packages\urllib3\contrib\__init__.py","UNKNOWN"
"C:\SNS_24AutoProject_250723\venv\Lib\site-packages\urllib3\http2\connection.py","LF"
"C:\SNS_24AutoProject_250723\venv\Lib\site-packages\urllib3\http2\probe.py","LF"
"C:\SNS_24AutoProject_250723\venv\Lib\site-packages\urllib3\http2\__init__.py","LF"
"C:\SNS_24AutoProject_250723\venv\Lib\site-packages\urllib3\util\connection.py","LF"
"C:\SNS_24AutoProject_250723\venv\Lib\site-packages\urllib3\util\proxy.py","LF"
"C:\SNS_24AutoProject_250723\venv\Lib\site-packages\urllib3\util\request.py","LF"
"C:\SNS_24AutoProject_250723\venv\Lib\site-packages\urllib3\util\response.py","LF"
"C:\SNS_24AutoProject_250723\venv\Lib\site-packages\urllib3\util\retry.py","LF"
"C:\SNS_24AutoProject_250723\venv\Lib\site-packages\urllib3\util\ssltransport.py","LF"
"C:\SNS_24AutoProject_250723\venv\Lib\site-packages\urllib3\util\ssl_.py","LF"
"C:\SNS_24AutoProject_250723\venv\Lib\site-packages\urllib3\util\ssl_match_hostname.py","LF"
"C:\SNS_24AutoProject_250723\venv\Lib\site-packages\urllib3\util\timeout.py","LF"
"C:\SNS_24AutoProject_250723\venv\Lib\site-packages\urllib3\util\url.py","LF"
"C:\SNS_24AutoProject_250723\venv\Lib\site-packages\urllib3\util\util.py","LF"
"C:\SNS_24AutoProject_250723\venv\Lib\site-packages\urllib3\util\wait.py","LF"
"C:\SNS_24AutoProject_250723\venv\Lib\site-packages\urllib3\util\__init__.py","LF"
"C:\SNS_24AutoProject_250723\venv\Lib\site-packages\urllib3\connection.py","LF"
"C:\SNS_24AutoProject_250723\venv\Lib\site-packages\urllib3\connectionpool.py","LF"
"C:\SNS_24AutoProject_250723\venv\Lib\site-packages\urllib3\exceptions.py","LF"
"C:\SNS_24AutoProject_250723\venv\Lib\site-packages\urllib3\fields.py","LF"
"C:\SNS_24AutoProject_250723\venv\Lib\site-packages\urllib3\filepost.py","LF"
"C:\SNS_24AutoProject_250723\venv\Lib\site-packages\urllib3\poolmanager.py","LF"
"C:\SNS_24AutoProject_250723\venv\Lib\site-packages\urllib3\response.py","LF"
"C:\SNS_24AutoProject_250723\venv\Lib\site-packages\urllib3\_base_connection.py","LF"
"C:\SNS_24AutoProject_250723\venv\Lib\site-packages\urllib3\_collections.py","LF"
"C:\SNS_24AutoProject_250723\venv\Lib\site-packages\urllib3\_request_methods.py","LF"
"C:\SNS_24AutoProject_250723\venv\Lib\site-packages\urllib3\_version.py","LF"
"C:\SNS_24AutoProject_250723\venv\Lib\site-packages\urllib3\__init__.py","LF"
"C:\SNS_24AutoProject_250723\venv\Lib\site-packages\urllib3-stubs\METADATA.toml","CRLF"
"C:\SNS_24AutoProject_250723\venv\Lib\site-packages\virtualenv\activation\bash\__init__.py","LF"
"C:\SNS_24AutoProject_250723\venv\Lib\site-packages\virtualenv\activation\batch\__init__.py","LF"
"C:\SNS_24AutoProject_250723\venv\Lib\site-packages\virtualenv\activation\cshell\__init__.py","LF"
"C:\SNS_24AutoProject_250723\venv\Lib\site-packages\virtualenv\activation\fish\__init__.py","LF"
"C:\SNS_24AutoProject_250723\venv\Lib\site-packages\virtualenv\activation\nushell\__init__.py","LF"
"C:\SNS_24AutoProject_250723\venv\Lib\site-packages\virtualenv\activation\powershell\__init__.py","LF"
"C:\SNS_24AutoProject_250723\venv\Lib\site-packages\virtualenv\activation\python\activate_this.py","LF"
"C:\SNS_24AutoProject_250723\venv\Lib\site-packages\virtualenv\activation\python\__init__.py","LF"
"C:\SNS_24AutoProject_250723\venv\Lib\site-packages\virtualenv\activation\activator.py","LF"
"C:\SNS_24AutoProject_250723\venv\Lib\site-packages\virtualenv\activation\via_template.py","LF"
"C:\SNS_24AutoProject_250723\venv\Lib\site-packages\virtualenv\activation\__init__.py","LF"
"C:\SNS_24AutoProject_250723\venv\Lib\site-packages\virtualenv\app_data\base.py","LF"
"C:\SNS_24AutoProject_250723\venv\Lib\site-packages\virtualenv\app_data\na.py","LF"
"C:\SNS_24AutoProject_250723\venv\Lib\site-packages\virtualenv\app_data\read_only.py","LF"
"C:\SNS_24AutoProject_250723\venv\Lib\site-packages\virtualenv\app_data\via_disk_folder.py","LF"
"C:\SNS_24AutoProject_250723\venv\Lib\site-packages\virtualenv\app_data\via_tempdir.py","LF"
"C:\SNS_24AutoProject_250723\venv\Lib\site-packages\virtualenv\app_data\__init__.py","LF"
"C:\SNS_24AutoProject_250723\venv\Lib\site-packages\virtualenv\config\cli\parser.py","LF"
"C:\SNS_24AutoProject_250723\venv\Lib\site-packages\virtualenv\config\cli\__init__.py","UNKNOWN"
"C:\SNS_24AutoProject_250723\venv\Lib\site-packages\virtualenv\config\convert.py","LF"
"C:\SNS_24AutoProject_250723\venv\Lib\site-packages\virtualenv\config\env_var.py","LF"
"C:\SNS_24AutoProject_250723\venv\Lib\site-packages\virtualenv\config\ini.py","LF"
"C:\SNS_24AutoProject_250723\venv\Lib\site-packages\virtualenv\config\__init__.py","UNKNOWN"
"C:\SNS_24AutoProject_250723\venv\Lib\site-packages\virtualenv\create\via_global_ref\builtin\cpython\common.py","LF"
"C:\SNS_24AutoProject_250723\venv\Lib\site-packages\virtualenv\create\via_global_ref\builtin\cpython\cpython3.py","LF"
"C:\SNS_24AutoProject_250723\venv\Lib\site-packages\virtualenv\create\via_global_ref\builtin\cpython\mac_os.py","LF"
"C:\SNS_24AutoProject_250723\venv\Lib\site-packages\virtualenv\create\via_global_ref\builtin\cpython\__init__.py","UNKNOWN"
"C:\SNS_24AutoProject_250723\venv\Lib\site-packages\virtualenv\create\via_global_ref\builtin\graalpy\__init__.py","LF"
"C:\SNS_24AutoProject_250723\venv\Lib\site-packages\virtualenv\create\via_global_ref\builtin\pypy\common.py","LF"
"C:\SNS_24AutoProject_250723\venv\Lib\site-packages\virtualenv\create\via_global_ref\builtin\pypy\pypy3.py","LF"
"C:\SNS_24AutoProject_250723\venv\Lib\site-packages\virtualenv\create\via_global_ref\builtin\pypy\__init__.py","UNKNOWN"
"C:\SNS_24AutoProject_250723\venv\Lib\site-packages\virtualenv\create\via_global_ref\builtin\builtin_way.py","LF"
"C:\SNS_24AutoProject_250723\venv\Lib\site-packages\virtualenv\create\via_global_ref\builtin\ref.py","LF"
"C:\SNS_24AutoProject_250723\venv\Lib\site-packages\virtualenv\create\via_global_ref\builtin\via_global_self_do.py","LF"
"C:\SNS_24AutoProject_250723\venv\Lib\site-packages\virtualenv\create\via_global_ref\builtin\__init__.py","UNKNOWN"
"C:\SNS_24AutoProject_250723\venv\Lib\site-packages\virtualenv\create\via_global_ref\api.py","LF"
"C:\SNS_24AutoProject_250723\venv\Lib\site-packages\virtualenv\create\via_global_ref\store.py","LF"
"C:\SNS_24AutoProject_250723\venv\Lib\site-packages\virtualenv\create\via_global_ref\venv.py","LF"
"C:\SNS_24AutoProject_250723\venv\Lib\site-packages\virtualenv\create\via_global_ref\_virtualenv.py","LF"
"C:\SNS_24AutoProject_250723\venv\Lib\site-packages\virtualenv\create\via_global_ref\__init__.py","UNKNOWN"
"C:\SNS_24AutoProject_250723\venv\Lib\site-packages\virtualenv\create\creator.py","LF"
"C:\SNS_24AutoProject_250723\venv\Lib\site-packages\virtualenv\create\debug.py","LF"
"C:\SNS_24AutoProject_250723\venv\Lib\site-packages\virtualenv\create\describe.py","LF"
"C:\SNS_24AutoProject_250723\venv\Lib\site-packages\virtualenv\create\pyenv_cfg.py","LF"
"C:\SNS_24AutoProject_250723\venv\Lib\site-packages\virtualenv\create\__init__.py","UNKNOWN"
"C:\SNS_24AutoProject_250723\venv\Lib\site-packages\virtualenv\discovery\windows\pep514.py","LF"
"C:\SNS_24AutoProject_250723\venv\Lib\site-packages\virtualenv\discovery\windows\__init__.py","LF"
"C:\SNS_24AutoProject_250723\venv\Lib\site-packages\virtualenv\discovery\builtin.py","LF"
"C:\SNS_24AutoProject_250723\venv\Lib\site-packages\virtualenv\discovery\cached_py_info.py","LF"
"C:\SNS_24AutoProject_250723\venv\Lib\site-packages\virtualenv\discovery\discover.py","LF"
"C:\SNS_24AutoProject_250723\venv\Lib\site-packages\virtualenv\discovery\py_info.py","LF"
"C:\SNS_24AutoProject_250723\venv\Lib\site-packages\virtualenv\discovery\py_spec.py","LF"
"C:\SNS_24AutoProject_250723\venv\Lib\site-packages\virtualenv\discovery\__init__.py","UNKNOWN"
"C:\SNS_24AutoProject_250723\venv\Lib\site-packages\virtualenv\run\plugin\activators.py","LF"
"C:\SNS_24AutoProject_250723\venv\Lib\site-packages\virtualenv\run\plugin\base.py","LF"
"C:\SNS_24AutoProject_250723\venv\Lib\site-packages\virtualenv\run\plugin\creators.py","LF"
"C:\SNS_24AutoProject_250723\venv\Lib\site-packages\virtualenv\run\plugin\discovery.py","LF"
"C:\SNS_24AutoProject_250723\venv\Lib\site-packages\virtualenv\run\plugin\seeders.py","LF"
"C:\SNS_24AutoProject_250723\venv\Lib\site-packages\virtualenv\run\plugin\__init__.py","UNKNOWN"
"C:\SNS_24AutoProject_250723\venv\Lib\site-packages\virtualenv\run\session.py","LF"
"C:\SNS_24AutoProject_250723\venv\Lib\site-packages\virtualenv\run\__init__.py","LF"
"C:\SNS_24AutoProject_250723\venv\Lib\site-packages\virtualenv\seed\embed\via_app_data\pip_install\base.py","LF"
"C:\SNS_24AutoProject_250723\venv\Lib\site-packages\virtualenv\seed\embed\via_app_data\pip_install\copy.py","LF"
"C:\SNS_24AutoProject_250723\venv\Lib\site-packages\virtualenv\seed\embed\via_app_data\pip_install\symlink.py","LF"
"C:\SNS_24AutoProject_250723\venv\Lib\site-packages\virtualenv\seed\embed\via_app_data\pip_install\__init__.py","UNKNOWN"
"C:\SNS_24AutoProject_250723\venv\Lib\site-packages\virtualenv\seed\embed\via_app_data\via_app_data.py","LF"
"C:\SNS_24AutoProject_250723\venv\Lib\site-packages\virtualenv\seed\embed\via_app_data\__init__.py","UNKNOWN"
"C:\SNS_24AutoProject_250723\venv\Lib\site-packages\virtualenv\seed\embed\base_embed.py","LF"
"C:\SNS_24AutoProject_250723\venv\Lib\site-packages\virtualenv\seed\embed\pip_invoke.py","LF"
"C:\SNS_24AutoProject_250723\venv\Lib\site-packages\virtualenv\seed\embed\__init__.py","UNKNOWN"
"C:\SNS_24AutoProject_250723\venv\Lib\site-packages\virtualenv\seed\wheels\embed\__init__.py","LF"
"C:\SNS_24AutoProject_250723\venv\Lib\site-packages\virtualenv\seed\wheels\acquire.py","LF"
"C:\SNS_24AutoProject_250723\venv\Lib\site-packages\virtualenv\seed\wheels\bundle.py","LF"
"C:\SNS_24AutoProject_250723\venv\Lib\site-packages\virtualenv\seed\wheels\periodic_update.py","LF"
"C:\SNS_24AutoProject_250723\venv\Lib\site-packages\virtualenv\seed\wheels\util.py","LF"
"C:\SNS_24AutoProject_250723\venv\Lib\site-packages\virtualenv\seed\wheels\__init__.py","LF"
"C:\SNS_24AutoProject_250723\venv\Lib\site-packages\virtualenv\seed\seeder.py","LF"
"C:\SNS_24AutoProject_250723\venv\Lib\site-packages\virtualenv\seed\__init__.py","UNKNOWN"
"C:\SNS_24AutoProject_250723\venv\Lib\site-packages\virtualenv\util\path\_permission.py","LF"
"C:\SNS_24AutoProject_250723\venv\Lib\site-packages\virtualenv\util\path\_sync.py","LF"
"C:\SNS_24AutoProject_250723\venv\Lib\site-packages\virtualenv\util\path\_win.py","LF"
"C:\SNS_24AutoProject_250723\venv\Lib\site-packages\virtualenv\util\path\__init__.py","LF"
"C:\SNS_24AutoProject_250723\venv\Lib\site-packages\virtualenv\util\subprocess\__init__.py","LF"
"C:\SNS_24AutoProject_250723\venv\Lib\site-packages\virtualenv\util\error.py","LF"
"C:\SNS_24AutoProject_250723\venv\Lib\site-packages\virtualenv\util\lock.py","LF"
"C:\SNS_24AutoProject_250723\venv\Lib\site-packages\virtualenv\util\zipapp.py","LF"
"C:\SNS_24AutoProject_250723\venv\Lib\site-packages\virtualenv\util\__init__.py","UNKNOWN"
"C:\SNS_24AutoProject_250723\venv\Lib\site-packages\virtualenv\info.py","LF"
"C:\SNS_24AutoProject_250723\venv\Lib\site-packages\virtualenv\report.py","LF"
"C:\SNS_24AutoProject_250723\venv\Lib\site-packages\virtualenv\version.py","LF"
"C:\SNS_24AutoProject_250723\venv\Lib\site-packages\virtualenv\__init__.py","LF"
"C:\SNS_24AutoProject_250723\venv\Lib\site-packages\virtualenv\__main__.py","LF"
"C:\SNS_24AutoProject_250723\venv\Lib\site-packages\websocket\tests\echo-server.py","LF"
"C:\SNS_24AutoProject_250723\venv\Lib\site-packages\websocket\tests\test_abnf.py","LF"
"C:\SNS_24AutoProject_250723\venv\Lib\site-packages\websocket\tests\test_app.py","LF"
"C:\SNS_24AutoProject_250723\venv\Lib\site-packages\websocket\tests\test_cookiejar.py","LF"
"C:\SNS_24AutoProject_250723\venv\Lib\site-packages\websocket\tests\test_http.py","LF"
"C:\SNS_24AutoProject_250723\venv\Lib\site-packages\websocket\tests\test_url.py","LF"
"C:\SNS_24AutoProject_250723\venv\Lib\site-packages\websocket\tests\test_websocket.py","LF"
"C:\SNS_24AutoProject_250723\venv\Lib\site-packages\websocket\tests\__init__.py","UNKNOWN"
"C:\SNS_24AutoProject_250723\venv\Lib\site-packages\websocket\_abnf.py","LF"
"C:\SNS_24AutoProject_250723\venv\Lib\site-packages\websocket\_app.py","LF"
"C:\SNS_24AutoProject_250723\venv\Lib\site-packages\websocket\_cookiejar.py","LF"
"C:\SNS_24AutoProject_250723\venv\Lib\site-packages\websocket\_core.py","LF"
"C:\SNS_24AutoProject_250723\venv\Lib\site-packages\websocket\_exceptions.py","LF"
"C:\SNS_24AutoProject_250723\venv\Lib\site-packages\websocket\_handshake.py","LF"
"C:\SNS_24AutoProject_250723\venv\Lib\site-packages\websocket\_http.py","LF"
"C:\SNS_24AutoProject_250723\venv\Lib\site-packages\websocket\_logging.py","LF"
"C:\SNS_24AutoProject_250723\venv\Lib\site-packages\websocket\_socket.py","LF"
"C:\SNS_24AutoProject_250723\venv\Lib\site-packages\websocket\_ssl_compat.py","LF"
"C:\SNS_24AutoProject_250723\venv\Lib\site-packages\websocket\_url.py","LF"
"C:\SNS_24AutoProject_250723\venv\Lib\site-packages\websocket\_utils.py","LF"
"C:\SNS_24AutoProject_250723\venv\Lib\site-packages\websocket\_wsdump.py","LF"
"C:\SNS_24AutoProject_250723\venv\Lib\site-packages\websocket\__init__.py","LF"
"C:\SNS_24AutoProject_250723\venv\Lib\site-packages\wheel\cli\convert.py","LF"
"C:\SNS_24AutoProject_250723\venv\Lib\site-packages\wheel\cli\pack.py","LF"
"C:\SNS_24AutoProject_250723\venv\Lib\site-packages\wheel\cli\tags.py","LF"
"C:\SNS_24AutoProject_250723\venv\Lib\site-packages\wheel\cli\unpack.py","LF"
"C:\SNS_24AutoProject_250723\venv\Lib\site-packages\wheel\cli\__init__.py","LF"
"C:\SNS_24AutoProject_250723\venv\Lib\site-packages\wheel\vendored\packaging\markers.py","LF"
"C:\SNS_24AutoProject_250723\venv\Lib\site-packages\wheel\vendored\packaging\requirements.py","LF"
"C:\SNS_24AutoProject_250723\venv\Lib\site-packages\wheel\vendored\packaging\specifiers.py","LF"
"C:\SNS_24AutoProject_250723\venv\Lib\site-packages\wheel\vendored\packaging\tags.py","LF"
"C:\SNS_24AutoProject_250723\venv\Lib\site-packages\wheel\vendored\packaging\utils.py","LF"
"C:\SNS_24AutoProject_250723\venv\Lib\site-packages\wheel\vendored\packaging\version.py","LF"
"C:\SNS_24AutoProject_250723\venv\Lib\site-packages\wheel\vendored\packaging\_elffile.py","LF"
"C:\SNS_24AutoProject_250723\venv\Lib\site-packages\wheel\vendored\packaging\_manylinux.py","LF"
"C:\SNS_24AutoProject_250723\venv\Lib\site-packages\wheel\vendored\packaging\_musllinux.py","LF"
"C:\SNS_24AutoProject_250723\venv\Lib\site-packages\wheel\vendored\packaging\_parser.py","LF"
"C:\SNS_24AutoProject_250723\venv\Lib\site-packages\wheel\vendored\packaging\_structures.py","LF"
"C:\SNS_24AutoProject_250723\venv\Lib\site-packages\wheel\vendored\packaging\_tokenizer.py","LF"
"C:\SNS_24AutoProject_250723\venv\Lib\site-packages\wheel\vendored\packaging\__init__.py","UNKNOWN"
"C:\SNS_24AutoProject_250723\venv\Lib\site-packages\wheel\vendored\__init__.py","UNKNOWN"
"C:\SNS_24AutoProject_250723\venv\Lib\site-packages\wheel\bdist_wheel.py","LF"
"C:\SNS_24AutoProject_250723\venv\Lib\site-packages\wheel\macosx_libfile.py","LF"
"C:\SNS_24AutoProject_250723\venv\Lib\site-packages\wheel\metadata.py","LF"
"C:\SNS_24AutoProject_250723\venv\Lib\site-packages\wheel\util.py","LF"
"C:\SNS_24AutoProject_250723\venv\Lib\site-packages\wheel\wheelfile.py","LF"
"C:\SNS_24AutoProject_250723\venv\Lib\site-packages\wheel\_bdist_wheel.py","LF"
"C:\SNS_24AutoProject_250723\venv\Lib\site-packages\wheel\_setuptools_logging.py","LF"
"C:\SNS_24AutoProject_250723\venv\Lib\site-packages\wheel\__init__.py","LF"
"C:\SNS_24AutoProject_250723\venv\Lib\site-packages\wheel\__main__.py","LF"
"C:\SNS_24AutoProject_250723\venv\Lib\site-packages\wsproto\connection.py","LF"
"C:\SNS_24AutoProject_250723\venv\Lib\site-packages\wsproto\events.py","LF"
"C:\SNS_24AutoProject_250723\venv\Lib\site-packages\wsproto\extensions.py","LF"
"C:\SNS_24AutoProject_250723\venv\Lib\site-packages\wsproto\frame_protocol.py","LF"
"C:\SNS_24AutoProject_250723\venv\Lib\site-packages\wsproto\handshake.py","LF"
"C:\SNS_24AutoProject_250723\venv\Lib\site-packages\wsproto\typing.py","LF"
"C:\SNS_24AutoProject_250723\venv\Lib\site-packages\wsproto\utilities.py","LF"
"C:\SNS_24AutoProject_250723\venv\Lib\site-packages\wsproto\__init__.py","LF"
"C:\SNS_24AutoProject_250723\venv\Lib\site-packages\yaml\composer.py","LF"
"C:\SNS_24AutoProject_250723\venv\Lib\site-packages\yaml\constructor.py","LF"
"C:\SNS_24AutoProject_250723\venv\Lib\site-packages\yaml\cyaml.py","LF"
"C:\SNS_24AutoProject_250723\venv\Lib\site-packages\yaml\dumper.py","LF"
"C:\SNS_24AutoProject_250723\venv\Lib\site-packages\yaml\emitter.py","LF"
"C:\SNS_24AutoProject_250723\venv\Lib\site-packages\yaml\error.py","LF"
"C:\SNS_24AutoProject_250723\venv\Lib\site-packages\yaml\events.py","LF"
"C:\SNS_24AutoProject_250723\venv\Lib\site-packages\yaml\loader.py","LF"
"C:\SNS_24AutoProject_250723\venv\Lib\site-packages\yaml\nodes.py","LF"
"C:\SNS_24AutoProject_250723\venv\Lib\site-packages\yaml\parser.py","LF"
"C:\SNS_24AutoProject_250723\venv\Lib\site-packages\yaml\reader.py","LF"
"C:\SNS_24AutoProject_250723\venv\Lib\site-packages\yaml\representer.py","LF"
"C:\SNS_24AutoProject_250723\venv\Lib\site-packages\yaml\resolver.py","LF"
"C:\SNS_24AutoProject_250723\venv\Lib\site-packages\yaml\scanner.py","LF"
"C:\SNS_24AutoProject_250723\venv\Lib\site-packages\yaml\serializer.py","LF"
"C:\SNS_24AutoProject_250723\venv\Lib\site-packages\yaml\tokens.py","LF"
"C:\SNS_24AutoProject_250723\venv\Lib\site-packages\yaml\__init__.py","LF"
"C:\SNS_24AutoProject_250723\venv\Lib\site-packages\_distutils_hack\override.py","LF"
"C:\SNS_24AutoProject_250723\venv\Lib\site-packages\_distutils_hack\__init__.py","LF"
"C:\SNS_24AutoProject_250723\venv\Lib\site-packages\_pytest\assertion\rewrite.py","LF"
"C:\SNS_24AutoProject_250723\venv\Lib\site-packages\_pytest\assertion\truncate.py","LF"
"C:\SNS_24AutoProject_250723\venv\Lib\site-packages\_pytest\assertion\util.py","LF"
"C:\SNS_24AutoProject_250723\venv\Lib\site-packages\_pytest\assertion\__init__.py","LF"
"C:\SNS_24AutoProject_250723\venv\Lib\site-packages\_pytest\config\argparsing.py","LF"
"C:\SNS_24AutoProject_250723\venv\Lib\site-packages\_pytest\config\compat.py","LF"
"C:\SNS_24AutoProject_250723\venv\Lib\site-packages\_pytest\config\exceptions.py","LF"
"C:\SNS_24AutoProject_250723\venv\Lib\site-packages\_pytest\config\findpaths.py","LF"
"C:\SNS_24AutoProject_250723\venv\Lib\site-packages\_pytest\config\__init__.py","LF"
"C:\SNS_24AutoProject_250723\venv\Lib\site-packages\_pytest\mark\expression.py","LF"
"C:\SNS_24AutoProject_250723\venv\Lib\site-packages\_pytest\mark\structures.py","LF"
"C:\SNS_24AutoProject_250723\venv\Lib\site-packages\_pytest\mark\__init__.py","LF"
"C:\SNS_24AutoProject_250723\venv\Lib\site-packages\_pytest\_code\code.py","LF"
"C:\SNS_24AutoProject_250723\venv\Lib\site-packages\_pytest\_code\source.py","LF"
"C:\SNS_24AutoProject_250723\venv\Lib\site-packages\_pytest\_code\__init__.py","LF"
"C:\SNS_24AutoProject_250723\venv\Lib\site-packages\_pytest\_io\pprint.py","LF"
"C:\SNS_24AutoProject_250723\venv\Lib\site-packages\_pytest\_io\saferepr.py","LF"
"C:\SNS_24AutoProject_250723\venv\Lib\site-packages\_pytest\_io\terminalwriter.py","LF"
"C:\SNS_24AutoProject_250723\venv\Lib\site-packages\_pytest\_io\wcwidth.py","LF"
"C:\SNS_24AutoProject_250723\venv\Lib\site-packages\_pytest\_io\__init__.py","LF"
"C:\SNS_24AutoProject_250723\venv\Lib\site-packages\_pytest\_py\error.py","LF"
"C:\SNS_24AutoProject_250723\venv\Lib\site-packages\_pytest\_py\path.py","LF"
"C:\SNS_24AutoProject_250723\venv\Lib\site-packages\_pytest\_py\__init__.py","UNKNOWN"
"C:\SNS_24AutoProject_250723\venv\Lib\site-packages\_pytest\cacheprovider.py","LF"
"C:\SNS_24AutoProject_250723\venv\Lib\site-packages\_pytest\capture.py","LF"
"C:\SNS_24AutoProject_250723\venv\Lib\site-packages\_pytest\compat.py","LF"
"C:\SNS_24AutoProject_250723\venv\Lib\site-packages\_pytest\debugging.py","LF"
"C:\SNS_24AutoProject_250723\venv\Lib\site-packages\_pytest\deprecated.py","LF"
"C:\SNS_24AutoProject_250723\venv\Lib\site-packages\_pytest\doctest.py","LF"
"C:\SNS_24AutoProject_250723\venv\Lib\site-packages\_pytest\faulthandler.py","LF"
"C:\SNS_24AutoProject_250723\venv\Lib\site-packages\_pytest\fixtures.py","LF"
"C:\SNS_24AutoProject_250723\venv\Lib\site-packages\_pytest\freeze_support.py","LF"
"C:\SNS_24AutoProject_250723\venv\Lib\site-packages\_pytest\helpconfig.py","LF"
"C:\SNS_24AutoProject_250723\venv\Lib\site-packages\_pytest\hookspec.py","LF"
"C:\SNS_24AutoProject_250723\venv\Lib\site-packages\_pytest\junitxml.py","LF"
"C:\SNS_24AutoProject_250723\venv\Lib\site-packages\_pytest\legacypath.py","LF"
"C:\SNS_24AutoProject_250723\venv\Lib\site-packages\_pytest\logging.py","LF"
"C:\SNS_24AutoProject_250723\venv\Lib\site-packages\_pytest\main.py","LF"
"C:\SNS_24AutoProject_250723\venv\Lib\site-packages\_pytest\monkeypatch.py","LF"
"C:\SNS_24AutoProject_250723\venv\Lib\site-packages\_pytest\nodes.py","LF"
"C:\SNS_24AutoProject_250723\venv\Lib\site-packages\_pytest\outcomes.py","LF"
"C:\SNS_24AutoProject_250723\venv\Lib\site-packages\_pytest\pastebin.py","LF"
"C:\SNS_24AutoProject_250723\venv\Lib\site-packages\_pytest\pathlib.py","LF"
"C:\SNS_24AutoProject_250723\venv\Lib\site-packages\_pytest\pytester.py","LF"
"C:\SNS_24AutoProject_250723\venv\Lib\site-packages\_pytest\pytester_assertions.py","LF"
"C:\SNS_24AutoProject_250723\venv\Lib\site-packages\_pytest\python.py","LF"
"C:\SNS_24AutoProject_250723\venv\Lib\site-packages\_pytest\python_api.py","LF"
"C:\SNS_24AutoProject_250723\venv\Lib\site-packages\_pytest\raises.py","LF"
"C:\SNS_24AutoProject_250723\venv\Lib\site-packages\_pytest\recwarn.py","LF"
"C:\SNS_24AutoProject_250723\venv\Lib\site-packages\_pytest\reports.py","LF"
"C:\SNS_24AutoProject_250723\venv\Lib\site-packages\_pytest\runner.py","LF"
"C:\SNS_24AutoProject_250723\venv\Lib\site-packages\_pytest\scope.py","LF"
"C:\SNS_24AutoProject_250723\venv\Lib\site-packages\_pytest\setuponly.py","LF"
"C:\SNS_24AutoProject_250723\venv\Lib\site-packages\_pytest\setupplan.py","LF"
"C:\SNS_24AutoProject_250723\venv\Lib\site-packages\_pytest\skipping.py","LF"
"C:\SNS_24AutoProject_250723\venv\Lib\site-packages\_pytest\stash.py","LF"
"C:\SNS_24AutoProject_250723\venv\Lib\site-packages\_pytest\stepwise.py","LF"
"C:\SNS_24AutoProject_250723\venv\Lib\site-packages\_pytest\terminal.py","LF"
"C:\SNS_24AutoProject_250723\venv\Lib\site-packages\_pytest\threadexception.py","LF"
"C:\SNS_24AutoProject_250723\venv\Lib\site-packages\_pytest\timing.py","LF"
"C:\SNS_24AutoProject_250723\venv\Lib\site-packages\_pytest\tmpdir.py","LF"
"C:\SNS_24AutoProject_250723\venv\Lib\site-packages\_pytest\tracemalloc.py","LF"
"C:\SNS_24AutoProject_250723\venv\Lib\site-packages\_pytest\unittest.py","LF"
"C:\SNS_24AutoProject_250723\venv\Lib\site-packages\_pytest\unraisableexception.py","LF"
"C:\SNS_24AutoProject_250723\venv\Lib\site-packages\_pytest\warnings.py","LF"
"C:\SNS_24AutoProject_250723\venv\Lib\site-packages\_pytest\warning_types.py","LF"
"C:\SNS_24AutoProject_250723\venv\Lib\site-packages\_pytest\_argcomplete.py","LF"
"C:\SNS_24AutoProject_250723\venv\Lib\site-packages\_pytest\_version.py","LF"
"C:\SNS_24AutoProject_250723\venv\Lib\site-packages\_pytest\__init__.py","LF"
"C:\SNS_24AutoProject_250723\venv\Lib\site-packages\_yaml\__init__.py","LF"
"C:\SNS_24AutoProject_250723\venv\Lib\site-packages\cfgv.py","LF"
"C:\SNS_24AutoProject_250723\venv\Lib\site-packages\decorator.py","LF"
"C:\SNS_24AutoProject_250723\venv\Lib\site-packages\nodeenv.py","LF"
"C:\SNS_24AutoProject_250723\venv\Lib\site-packages\py.py","LF"
"C:\SNS_24AutoProject_250723\venv\Lib\site-packages\socks.py","LF"
"C:\SNS_24AutoProject_250723\venv\Lib\site-packages\sockshandler.py","LF"
"C:\SNS_24AutoProject_250723\venv\Lib\site-packages\typing_extensions.py","LF"
"C:\SNS_24AutoProject_250723\venv\pyvenv.cfg","CRLF"
"C:\SNS_24AutoProject_250723\.pre-commit-config.yaml","CRLF"
"C:\SNS_24AutoProject_250723\check_schema.py","LF"
"C:\SNS_24AutoProject_250723\check_tables.py","LF"
"C:\SNS_24AutoProject_250723\conftest.py","LF"
"C:\SNS_24AutoProject_250723\datetime_util.py","LF"
"C:\SNS_24AutoProject_250723\fix_error_files.py","CRLF"
"C:\SNS_24AutoProject_250723\get-pip.py","LF"
"C:\SNS_24AutoProject_250723\rand_util_core.py","LF"
"C:\SNS_24AutoProject_250723\reset_db.py","LF"
"C:\SNS_24AutoProject_250723\sample.py","LF"
"C:\SNS_24AutoProject_250723\type_util.py","LF"
