"Hash","Removed"
"E3B0C44298FC1C149AFBF4C8996FB92427AE41E4649B934CA495991B7852B855","C:\SNS_24AutoProject_250723\requirements.txt"
"E3B0C44298FC1C149AFBF4C8996FB92427AE41E4649B934CA495991B7852B855","C:\SNS_24AutoProject_250723\decorators\log_trace.py"
"E3B0C44298FC1C149AFBF4C8996FB92427AE41E4649B934CA495991B7852B855","C:\SNS_24AutoProject_250723\modules\__init__.py"
"E3B0C44298FC1C149AFBF4C8996FB92427AE41E4649B934CA495991B7852B855","C:\SNS_24AutoProject_250723\modules\common\__init__.py"
"E3B0C44298FC1C149AFBF4C8996FB92427AE41E4649B934CA495991B7852B855","C:\SNS_24AutoProject_250723\modules\common\instabot_env\lib\python3.12\site-packages\future\backports\test\nullcert.pem"
"E3B0C44298FC1C149AFBF4C8996FB92427AE41E4649B934CA495991B7852B855","C:\SNS_24AutoProject_250723\modules\common\instabot_env\lib\python3.12\site-packages\pyasn1-0.6.1.dist-info\zip-safe"
"E3B0C44298FC1C149AFBF4C8996FB92427AE41E4649B934CA495991B7852B855","C:\SNS_24AutoProject_250723\modules\metrics\__init__.py"
"E3B0C44298FC1C149AFBF4C8996FB92427AE41E4649B934CA495991B7852B855","C:\SNS_24AutoProject_250723\modules\queue\__init__.py"
"E3B0C44298FC1C149AFBF4C8996FB92427AE41E4649B934CA495991B7852B855","C:\SNS_24AutoProject_250723\modules\utils\__init__.py"
"E3B0C44298FC1C149AFBF4C8996FB92427AE41E4649B934CA495991B7852B855","C:\SNS_24AutoProject_250723\tests\__init__.py"
"E3B0C44298FC1C149AFBF4C8996FB92427AE41E4649B934CA495991B7852B855","C:\SNS_24AutoProject_250723\venv\Lib\site-packages\numpy-2.2.6-cp310-cp310-win_amd64.whl"
"E3B0C44298FC1C149AFBF4C8996FB92427AE41E4649B934CA495991B7852B855","C:\SNS_24AutoProject_250723\venv\Lib\site-packages\annotated_types\py.typed"
"E3B0C44298FC1C149AFBF4C8996FB92427AE41E4649B934CA495991B7852B855","C:\SNS_24AutoProject_250723\venv\Lib\site-packages\astor-0.8.1.dist-info\REQUESTED"
"E3B0C44298FC1C149AFBF4C8996FB92427AE41E4649B934CA495991B7852B855","C:\SNS_24AutoProject_250723\venv\Lib\site-packages\attr\py.typed"
"E3B0C44298FC1C149AFBF4C8996FB92427AE41E4649B934CA495991B7852B855","C:\SNS_24AutoProject_250723\venv\Lib\site-packages\attrs\py.typed"
"E3B0C44298FC1C149AFBF4C8996FB92427AE41E4649B934CA495991B7852B855","C:\SNS_24AutoProject_250723\venv\Lib\site-packages\backports\asyncio\runner\py.typed"
"E3B0C44298FC1C149AFBF4C8996FB92427AE41E4649B934CA495991B7852B855","C:\SNS_24AutoProject_250723\venv\Lib\site-packages\certifi\py.typed"
"E3B0C44298FC1C149AFBF4C8996FB92427AE41E4649B934CA495991B7852B855","C:\SNS_24AutoProject_250723\venv\Lib\site-packages\charset_normalizer\py.typed"
"E3B0C44298FC1C149AFBF4C8996FB92427AE41E4649B934CA495991B7852B855","C:\SNS_24AutoProject_250723\venv\Lib\site-packages\Cryptodome\py.typed"
"E3B0C44298FC1C149AFBF4C8996FB92427AE41E4649B934CA495991B7852B855","C:\SNS_24AutoProject_250723\venv\Lib\site-packages\Cryptodome\Cipher\__init__.pyi"
"E3B0C44298FC1C149AFBF4C8996FB92427AE41E4649B934CA495991B7852B855","C:\SNS_24AutoProject_250723\venv\Lib\site-packages\Cryptodome\Math\__init__.py"
"E3B0C44298FC1C149AFBF4C8996FB92427AE41E4649B934CA495991B7852B855","C:\SNS_24AutoProject_250723\venv\Lib\site-packages\Cryptodome\PublicKey\__init__.pyi"
"E3B0C44298FC1C149AFBF4C8996FB92427AE41E4649B934CA495991B7852B855","C:\SNS_24AutoProject_250723\venv\Lib\site-packages\exceptiongroup\py.typed"
"E3B0C44298FC1C149AFBF4C8996FB92427AE41E4649B934CA495991B7852B855","C:\SNS_24AutoProject_250723\venv\Lib\site-packages\filelock\py.typed"
"E3B0C44298FC1C149AFBF4C8996FB92427AE41E4649B934CA495991B7852B855","C:\SNS_24AutoProject_250723\venv\Lib\site-packages\identify\py.typed"
"E3B0C44298FC1C149AFBF4C8996FB92427AE41E4649B934CA495991B7852B855","C:\SNS_24AutoProject_250723\venv\Lib\site-packages\identify\__init__.py"
"E3B0C44298FC1C149AFBF4C8996FB92427AE41E4649B934CA495991B7852B855","C:\SNS_24AutoProject_250723\venv\Lib\site-packages\identify\vendor\__init__.py"
"E3B0C44298FC1C149AFBF4C8996FB92427AE41E4649B934CA495991B7852B855","C:\SNS_24AutoProject_250723\venv\Lib\site-packages\idna\py.typed"
"E3B0C44298FC1C149AFBF4C8996FB92427AE41E4649B934CA495991B7852B855","C:\SNS_24AutoProject_250723\venv\Lib\site-packages\imageio\py.typed"
"E3B0C44298FC1C149AFBF4C8996FB92427AE41E4649B934CA495991B7852B855","C:\SNS_24AutoProject_250723\venv\Lib\site-packages\iniconfig\py.typed"
"E3B0C44298FC1C149AFBF4C8996FB92427AE41E4649B934CA495991B7852B855","C:\SNS_24AutoProject_250723\venv\Lib\site-packages\instagrapi\mixins\__init__.py"
"E3B0C44298FC1C149AFBF4C8996FB92427AE41E4649B934CA495991B7852B855","C:\SNS_24AutoProject_250723\venv\Lib\site-packages\instagrapi-2.2.1.dist-info\REQUESTED"
"E3B0C44298FC1C149AFBF4C8996FB92427AE41E4649B934CA495991B7852B855","C:\SNS_24AutoProject_250723\venv\Lib\site-packages\moviepy\audio\__init__.py"
"E3B0C44298FC1C149AFBF4C8996FB92427AE41E4649B934CA495991B7852B855","C:\SNS_24AutoProject_250723\venv\Lib\site-packages\moviepy\video\__init__.py"
"E3B0C44298FC1C149AFBF4C8996FB92427AE41E4649B934CA495991B7852B855","C:\SNS_24AutoProject_250723\venv\Lib\site-packages\moviepy\video\compositing\__init__.py"
"E3B0C44298FC1C149AFBF4C8996FB92427AE41E4649B934CA495991B7852B855","C:\SNS_24AutoProject_250723\venv\Lib\site-packages\moviepy\video\tools\__init__.py"
"E3B0C44298FC1C149AFBF4C8996FB92427AE41E4649B934CA495991B7852B855","C:\SNS_24AutoProject_250723\venv\Lib\site-packages\numpy\py.typed"
"E3B0C44298FC1C149AFBF4C8996FB92427AE41E4649B934CA495991B7852B855","C:\SNS_24AutoProject_250723\venv\Lib\site-packages\numpy\compat\tests\__init__.py"
"E3B0C44298FC1C149AFBF4C8996FB92427AE41E4649B934CA495991B7852B855","C:\SNS_24AutoProject_250723\venv\Lib\site-packages\numpy\core\_dtype.pyi"
"E3B0C44298FC1C149AFBF4C8996FB92427AE41E4649B934CA495991B7852B855","C:\SNS_24AutoProject_250723\venv\Lib\site-packages\numpy\core\_dtype_ctypes.pyi"
"E3B0C44298FC1C149AFBF4C8996FB92427AE41E4649B934CA495991B7852B855","C:\SNS_24AutoProject_250723\venv\Lib\site-packages\numpy\core\__init__.pyi"
"E3B0C44298FC1C149AFBF4C8996FB92427AE41E4649B934CA495991B7852B855","C:\SNS_24AutoProject_250723\venv\Lib\site-packages\numpy\distutils\tests\__init__.py"
"E3B0C44298FC1C149AFBF4C8996FB92427AE41E4649B934CA495991B7852B855","C:\SNS_24AutoProject_250723\venv\Lib\site-packages\numpy\fft\tests\__init__.py"
"E3B0C44298FC1C149AFBF4C8996FB92427AE41E4649B934CA495991B7852B855","C:\SNS_24AutoProject_250723\venv\Lib\site-packages\numpy\lib\tests\__init__.py"
"E3B0C44298FC1C149AFBF4C8996FB92427AE41E4649B934CA495991B7852B855","C:\SNS_24AutoProject_250723\venv\Lib\site-packages\numpy\linalg\tests\__init__.py"
"E3B0C44298FC1C149AFBF4C8996FB92427AE41E4649B934CA495991B7852B855","C:\SNS_24AutoProject_250723\venv\Lib\site-packages\numpy\ma\tests\__init__.py"
"E3B0C44298FC1C149AFBF4C8996FB92427AE41E4649B934CA495991B7852B855","C:\SNS_24AutoProject_250723\venv\Lib\site-packages\numpy\matrixlib\tests\__init__.py"
"E3B0C44298FC1C149AFBF4C8996FB92427AE41E4649B934CA495991B7852B855","C:\SNS_24AutoProject_250723\venv\Lib\site-packages\numpy\polynomial\tests\__init__.py"
"E3B0C44298FC1C149AFBF4C8996FB92427AE41E4649B934CA495991B7852B855","C:\SNS_24AutoProject_250723\venv\Lib\site-packages\numpy\random\tests\__init__.py"
"E3B0C44298FC1C149AFBF4C8996FB92427AE41E4649B934CA495991B7852B855","C:\SNS_24AutoProject_250723\venv\Lib\site-packages\numpy\random\tests\data\__init__.py"
"E3B0C44298FC1C149AFBF4C8996FB92427AE41E4649B934CA495991B7852B855","C:\SNS_24AutoProject_250723\venv\Lib\site-packages\numpy\testing\tests\__init__.py"
"E3B0C44298FC1C149AFBF4C8996FB92427AE41E4649B934CA495991B7852B855","C:\SNS_24AutoProject_250723\venv\Lib\site-packages\numpy\testing\_private\__init__.py"
"E3B0C44298FC1C149AFBF4C8996FB92427AE41E4649B934CA495991B7852B855","C:\SNS_24AutoProject_250723\venv\Lib\site-packages\numpy\testing\_private\__init__.pyi"
"E3B0C44298FC1C149AFBF4C8996FB92427AE41E4649B934CA495991B7852B855","C:\SNS_24AutoProject_250723\venv\Lib\site-packages\numpy\tests\__init__.py"
"E3B0C44298FC1C149AFBF4C8996FB92427AE41E4649B934CA495991B7852B855","C:\SNS_24AutoProject_250723\venv\Lib\site-packages\numpy\typing\tests\__init__.py"
"E3B0C44298FC1C149AFBF4C8996FB92427AE41E4649B934CA495991B7852B855","C:\SNS_24AutoProject_250723\venv\Lib\site-packages\numpy\_pyinstaller\__init__.py"
"E3B0C44298FC1C149AFBF4C8996FB92427AE41E4649B934CA495991B7852B855","C:\SNS_24AutoProject_250723\venv\Lib\site-packages\numpy\_pyinstaller\__init__.pyi"
"E3B0C44298FC1C149AFBF4C8996FB92427AE41E4649B934CA495991B7852B855","C:\SNS_24AutoProject_250723\venv\Lib\site-packages\outcome\py.typed"
"E3B0C44298FC1C149AFBF4C8996FB92427AE41E4649B934CA495991B7852B855","C:\SNS_24AutoProject_250723\venv\Lib\site-packages\packaging\py.typed"
"E3B0C44298FC1C149AFBF4C8996FB92427AE41E4649B934CA495991B7852B855","C:\SNS_24AutoProject_250723\venv\Lib\site-packages\PIL\py.typed"
"E3B0C44298FC1C149AFBF4C8996FB92427AE41E4649B934CA495991B7852B855","C:\SNS_24AutoProject_250723\venv\Lib\site-packages\pip\_internal\operations\__init__.py"
"E3B0C44298FC1C149AFBF4C8996FB92427AE41E4649B934CA495991B7852B855","C:\SNS_24AutoProject_250723\venv\Lib\site-packages\pip\_internal\operations\build\__init__.py"
"E3B0C44298FC1C149AFBF4C8996FB92427AE41E4649B934CA495991B7852B855","C:\SNS_24AutoProject_250723\venv\Lib\site-packages\pip\_internal\resolution\__init__.py"
"E3B0C44298FC1C149AFBF4C8996FB92427AE41E4649B934CA495991B7852B855","C:\SNS_24AutoProject_250723\venv\Lib\site-packages\pip\_internal\resolution\legacy\__init__.py"
"E3B0C44298FC1C149AFBF4C8996FB92427AE41E4649B934CA495991B7852B855","C:\SNS_24AutoProject_250723\venv\Lib\site-packages\pip\_internal\resolution\resolvelib\__init__.py"
"E3B0C44298FC1C149AFBF4C8996FB92427AE41E4649B934CA495991B7852B855","C:\SNS_24AutoProject_250723\venv\Lib\site-packages\pip\_internal\utils\__init__.py"
"E3B0C44298FC1C149AFBF4C8996FB92427AE41E4649B934CA495991B7852B855","C:\SNS_24AutoProject_250723\venv\Lib\site-packages\pip\_vendor\cachecontrol\py.typed"
"E3B0C44298FC1C149AFBF4C8996FB92427AE41E4649B934CA495991B7852B855","C:\SNS_24AutoProject_250723\venv\Lib\site-packages\pip\_vendor\certifi\py.typed"
"E3B0C44298FC1C149AFBF4C8996FB92427AE41E4649B934CA495991B7852B855","C:\SNS_24AutoProject_250723\venv\Lib\site-packages\pip\_vendor\dependency_groups\py.typed"
"E3B0C44298FC1C149AFBF4C8996FB92427AE41E4649B934CA495991B7852B855","C:\SNS_24AutoProject_250723\venv\Lib\site-packages\pip\_vendor\distro\py.typed"
"E3B0C44298FC1C149AFBF4C8996FB92427AE41E4649B934CA495991B7852B855","C:\SNS_24AutoProject_250723\venv\Lib\site-packages\pip\_vendor\idna\py.typed"
"E3B0C44298FC1C149AFBF4C8996FB92427AE41E4649B934CA495991B7852B855","C:\SNS_24AutoProject_250723\venv\Lib\site-packages\pip\_vendor\packaging\py.typed"
"E3B0C44298FC1C149AFBF4C8996FB92427AE41E4649B934CA495991B7852B855","C:\SNS_24AutoProject_250723\venv\Lib\site-packages\pip\_vendor\platformdirs\py.typed"
"E3B0C44298FC1C149AFBF4C8996FB92427AE41E4649B934CA495991B7852B855","C:\SNS_24AutoProject_250723\venv\Lib\site-packages\pip\_vendor\pyproject_hooks\py.typed"
"E3B0C44298FC1C149AFBF4C8996FB92427AE41E4649B934CA495991B7852B855","C:\SNS_24AutoProject_250723\venv\Lib\site-packages\pip\_vendor\resolvelib\py.typed"
"E3B0C44298FC1C149AFBF4C8996FB92427AE41E4649B934CA495991B7852B855","C:\SNS_24AutoProject_250723\venv\Lib\site-packages\pip\_vendor\rich\py.typed"
"E3B0C44298FC1C149AFBF4C8996FB92427AE41E4649B934CA495991B7852B855","C:\SNS_24AutoProject_250723\venv\Lib\site-packages\pip\_vendor\truststore\py.typed"
"E3B0C44298FC1C149AFBF4C8996FB92427AE41E4649B934CA495991B7852B855","C:\SNS_24AutoProject_250723\venv\Lib\site-packages\pip\_vendor\urllib3\contrib\__init__.py"
"E3B0C44298FC1C149AFBF4C8996FB92427AE41E4649B934CA495991B7852B855","C:\SNS_24AutoProject_250723\venv\Lib\site-packages\pip\_vendor\urllib3\contrib\_securetransport\__init__.py"
"E3B0C44298FC1C149AFBF4C8996FB92427AE41E4649B934CA495991B7852B855","C:\SNS_24AutoProject_250723\venv\Lib\site-packages\pip\_vendor\urllib3\packages\__init__.py"
"E3B0C44298FC1C149AFBF4C8996FB92427AE41E4649B934CA495991B7852B855","C:\SNS_24AutoProject_250723\venv\Lib\site-packages\pip\_vendor\urllib3\packages\backports\__init__.py"
"E3B0C44298FC1C149AFBF4C8996FB92427AE41E4649B934CA495991B7852B855","C:\SNS_24AutoProject_250723\venv\Lib\site-packages\pip-25.2.dist-info\REQUESTED"
"E3B0C44298FC1C149AFBF4C8996FB92427AE41E4649B934CA495991B7852B855","C:\SNS_24AutoProject_250723\venv\Lib\site-packages\pkg_resources\_vendor\__init__.py"
"E3B0C44298FC1C149AFBF4C8996FB92427AE41E4649B934CA495991B7852B855","C:\SNS_24AutoProject_250723\venv\Lib\site-packages\pkg_resources\_vendor\jaraco\__init__.py"
"E3B0C44298FC1C149AFBF4C8996FB92427AE41E4649B934CA495991B7852B855","C:\SNS_24AutoProject_250723\venv\Lib\site-packages\platformdirs\py.typed"
"E3B0C44298FC1C149AFBF4C8996FB92427AE41E4649B934CA495991B7852B855","C:\SNS_24AutoProject_250723\venv\Lib\site-packages\pluggy\py.typed"
"E3B0C44298FC1C149AFBF4C8996FB92427AE41E4649B934CA495991B7852B855","C:\SNS_24AutoProject_250723\venv\Lib\site-packages\pre_commit\__init__.py"
"E3B0C44298FC1C149AFBF4C8996FB92427AE41E4649B934CA495991B7852B855","C:\SNS_24AutoProject_250723\venv\Lib\site-packages\pre_commit\commands\__init__.py"
"E3B0C44298FC1C149AFBF4C8996FB92427AE41E4649B934CA495991B7852B855","C:\SNS_24AutoProject_250723\venv\Lib\site-packages\pre_commit\languages\__init__.py"
"E3B0C44298FC1C149AFBF4C8996FB92427AE41E4649B934CA495991B7852B855","C:\SNS_24AutoProject_250723\venv\Lib\site-packages\pre_commit\meta_hooks\__init__.py"
"E3B0C44298FC1C149AFBF4C8996FB92427AE41E4649B934CA495991B7852B855","C:\SNS_24AutoProject_250723\venv\Lib\site-packages\pre_commit\resources\__init__.py"
"E3B0C44298FC1C149AFBF4C8996FB92427AE41E4649B934CA495991B7852B855","C:\SNS_24AutoProject_250723\venv\Lib\site-packages\pre_commit-4.2.0.dist-info\REQUESTED"
"E3B0C44298FC1C149AFBF4C8996FB92427AE41E4649B934CA495991B7852B855","C:\SNS_24AutoProject_250723\venv\Lib\site-packages\pydantic\py.typed"
"E3B0C44298FC1C149AFBF4C8996FB92427AE41E4649B934CA495991B7852B855","C:\SNS_24AutoProject_250723\venv\Lib\site-packages\pydantic\deprecated\__init__.py"
"E3B0C44298FC1C149AFBF4C8996FB92427AE41E4649B934CA495991B7852B855","C:\SNS_24AutoProject_250723\venv\Lib\site-packages\pydantic\v1\py.typed"
"E3B0C44298FC1C149AFBF4C8996FB92427AE41E4649B934CA495991B7852B855","C:\SNS_24AutoProject_250723\venv\Lib\site-packages\pydantic\_internal\__init__.py"
"E3B0C44298FC1C149AFBF4C8996FB92427AE41E4649B934CA495991B7852B855","C:\SNS_24AutoProject_250723\venv\Lib\site-packages\pydantic_core\py.typed"
"E3B0C44298FC1C149AFBF4C8996FB92427AE41E4649B934CA495991B7852B855","C:\SNS_24AutoProject_250723\venv\Lib\site-packages\pytest\py.typed"
"E3B0C44298FC1C149AFBF4C8996FB92427AE41E4649B934CA495991B7852B855","C:\SNS_24AutoProject_250723\venv\Lib\site-packages\pytest_asyncio\py.typed"
"E3B0C44298FC1C149AFBF4C8996FB92427AE41E4649B934CA495991B7852B855","C:\SNS_24AutoProject_250723\venv\Lib\site-packages\pytest_asyncio-1.1.0.dist-info\REQUESTED"
"E3B0C44298FC1C149AFBF4C8996FB92427AE41E4649B934CA495991B7852B855","C:\SNS_24AutoProject_250723\venv\Lib\site-packages\pytest_cov-6.2.1.dist-info\REQUESTED"
"E3B0C44298FC1C149AFBF4C8996FB92427AE41E4649B934CA495991B7852B855","C:\SNS_24AutoProject_250723\venv\Lib\site-packages\python_dotenv-1.1.1.dist-info\REQUESTED"
"E3B0C44298FC1C149AFBF4C8996FB92427AE41E4649B934CA495991B7852B855","C:\SNS_24AutoProject_250723\venv\Lib\site-packages\requests-stubs\py.typed"
"E3B0C44298FC1C149AFBF4C8996FB92427AE41E4649B934CA495991B7852B855","C:\SNS_24AutoProject_250723\venv\Lib\site-packages\selenium\py.typed"
"E3B0C44298FC1C149AFBF4C8996FB92427AE41E4649B934CA495991B7852B855","C:\SNS_24AutoProject_250723\venv\Lib\site-packages\selenium\webdriver\common\devtools\v136\py.typed"
"E3B0C44298FC1C149AFBF4C8996FB92427AE41E4649B934CA495991B7852B855","C:\SNS_24AutoProject_250723\venv\Lib\site-packages\selenium\webdriver\common\devtools\v137\py.typed"
"E3B0C44298FC1C149AFBF4C8996FB92427AE41E4649B934CA495991B7852B855","C:\SNS_24AutoProject_250723\venv\Lib\site-packages\selenium\webdriver\common\devtools\v138\py.typed"
"E3B0C44298FC1C149AFBF4C8996FB92427AE41E4649B934CA495991B7852B855","C:\SNS_24AutoProject_250723\venv\Lib\site-packages\selenium-4.34.2.dist-info\REQUESTED"
"E3B0C44298FC1C149AFBF4C8996FB92427AE41E4649B934CA495991B7852B855","C:\SNS_24AutoProject_250723\venv\Lib\site-packages\setuptools\_vendor\__init__.py"
"E3B0C44298FC1C149AFBF4C8996FB92427AE41E4649B934CA495991B7852B855","C:\SNS_24AutoProject_250723\venv\Lib\site-packages\setuptools\_vendor\jaraco\__init__.py"
"E3B0C44298FC1C149AFBF4C8996FB92427AE41E4649B934CA495991B7852B855","C:\SNS_24AutoProject_250723\venv\Lib\site-packages\setuptools-65.5.0.dist-info\REQUESTED"
"E3B0C44298FC1C149AFBF4C8996FB92427AE41E4649B934CA495991B7852B855","C:\SNS_24AutoProject_250723\venv\Lib\site-packages\sniffio\py.typed"
"E3B0C44298FC1C149AFBF4C8996FB92427AE41E4649B934CA495991B7852B855","C:\SNS_24AutoProject_250723\venv\Lib\site-packages\sniffio\_tests\__init__.py"
"E3B0C44298FC1C149AFBF4C8996FB92427AE41E4649B934CA495991B7852B855","C:\SNS_24AutoProject_250723\venv\Lib\site-packages\trio\py.typed"
"E3B0C44298FC1C149AFBF4C8996FB92427AE41E4649B934CA495991B7852B855","C:\SNS_24AutoProject_250723\venv\Lib\site-packages\trio\_core\_tests\__init__.py"
"E3B0C44298FC1C149AFBF4C8996FB92427AE41E4649B934CA495991B7852B855","C:\SNS_24AutoProject_250723\venv\Lib\site-packages\trio\_tests\__init__.py"
"E3B0C44298FC1C149AFBF4C8996FB92427AE41E4649B934CA495991B7852B855","C:\SNS_24AutoProject_250723\venv\Lib\site-packages\trio\_tests\tools\__init__.py"
"E3B0C44298FC1C149AFBF4C8996FB92427AE41E4649B934CA495991B7852B855","C:\SNS_24AutoProject_250723\venv\Lib\site-packages\trio\_tools\__init__.py"
"E3B0C44298FC1C149AFBF4C8996FB92427AE41E4649B934CA495991B7852B855","C:\SNS_24AutoProject_250723\venv\Lib\site-packages\trio_websocket\py.typed"
"E3B0C44298FC1C149AFBF4C8996FB92427AE41E4649B934CA495991B7852B855","C:\SNS_24AutoProject_250723\venv\Lib\site-packages\types_requests-2.32.4.20250611.dist-info\REQUESTED"
"E3B0C44298FC1C149AFBF4C8996FB92427AE41E4649B934CA495991B7852B855","C:\SNS_24AutoProject_250723\venv\Lib\site-packages\types_urllib3-1.26.25.14.dist-info\REQUESTED"
"E3B0C44298FC1C149AFBF4C8996FB92427AE41E4649B934CA495991B7852B855","C:\SNS_24AutoProject_250723\venv\Lib\site-packages\typing_inspection\py.typed"
"E3B0C44298FC1C149AFBF4C8996FB92427AE41E4649B934CA495991B7852B855","C:\SNS_24AutoProject_250723\venv\Lib\site-packages\typing_inspection\__init__.py"
"E3B0C44298FC1C149AFBF4C8996FB92427AE41E4649B934CA495991B7852B855","C:\SNS_24AutoProject_250723\venv\Lib\site-packages\urllib3\contrib\__init__.py"
"E3B0C44298FC1C149AFBF4C8996FB92427AE41E4649B934CA495991B7852B855","C:\SNS_24AutoProject_250723\venv\Lib\site-packages\urllib3-stubs\contrib\__init__.pyi"
"E3B0C44298FC1C149AFBF4C8996FB92427AE41E4649B934CA495991B7852B855","C:\SNS_24AutoProject_250723\venv\Lib\site-packages\urllib3-stubs\packages\__init__.pyi"
"E3B0C44298FC1C149AFBF4C8996FB92427AE41E4649B934CA495991B7852B855","C:\SNS_24AutoProject_250723\venv\Lib\site-packages\virtualenv\config\__init__.py"
"E3B0C44298FC1C149AFBF4C8996FB92427AE41E4649B934CA495991B7852B855","C:\SNS_24AutoProject_250723\venv\Lib\site-packages\virtualenv\config\cli\__init__.py"
"E3B0C44298FC1C149AFBF4C8996FB92427AE41E4649B934CA495991B7852B855","C:\SNS_24AutoProject_250723\venv\Lib\site-packages\virtualenv\create\__init__.py"
"E3B0C44298FC1C149AFBF4C8996FB92427AE41E4649B934CA495991B7852B855","C:\SNS_24AutoProject_250723\venv\Lib\site-packages\virtualenv\create\via_global_ref\__init__.py"
"E3B0C44298FC1C149AFBF4C8996FB92427AE41E4649B934CA495991B7852B855","C:\SNS_24AutoProject_250723\venv\Lib\site-packages\virtualenv\create\via_global_ref\builtin\__init__.py"
"E3B0C44298FC1C149AFBF4C8996FB92427AE41E4649B934CA495991B7852B855","C:\SNS_24AutoProject_250723\venv\Lib\site-packages\virtualenv\create\via_global_ref\builtin\cpython\__init__.py"
"E3B0C44298FC1C149AFBF4C8996FB92427AE41E4649B934CA495991B7852B855","C:\SNS_24AutoProject_250723\venv\Lib\site-packages\virtualenv\create\via_global_ref\builtin\pypy\__init__.py"
"E3B0C44298FC1C149AFBF4C8996FB92427AE41E4649B934CA495991B7852B855","C:\SNS_24AutoProject_250723\venv\Lib\site-packages\virtualenv\discovery\__init__.py"
"E3B0C44298FC1C149AFBF4C8996FB92427AE41E4649B934CA495991B7852B855","C:\SNS_24AutoProject_250723\venv\Lib\site-packages\virtualenv\run\plugin\__init__.py"
"E3B0C44298FC1C149AFBF4C8996FB92427AE41E4649B934CA495991B7852B855","C:\SNS_24AutoProject_250723\venv\Lib\site-packages\virtualenv\seed\__init__.py"
"E3B0C44298FC1C149AFBF4C8996FB92427AE41E4649B934CA495991B7852B855","C:\SNS_24AutoProject_250723\venv\Lib\site-packages\virtualenv\seed\embed\__init__.py"
"E3B0C44298FC1C149AFBF4C8996FB92427AE41E4649B934CA495991B7852B855","C:\SNS_24AutoProject_250723\venv\Lib\site-packages\virtualenv\seed\embed\via_app_data\__init__.py"
"E3B0C44298FC1C149AFBF4C8996FB92427AE41E4649B934CA495991B7852B855","C:\SNS_24AutoProject_250723\venv\Lib\site-packages\virtualenv\seed\embed\via_app_data\pip_install\__init__.py"
"E3B0C44298FC1C149AFBF4C8996FB92427AE41E4649B934CA495991B7852B855","C:\SNS_24AutoProject_250723\venv\Lib\site-packages\virtualenv\util\__init__.py"
"E3B0C44298FC1C149AFBF4C8996FB92427AE41E4649B934CA495991B7852B855","C:\SNS_24AutoProject_250723\venv\Lib\site-packages\websocket\py.typed"
"E3B0C44298FC1C149AFBF4C8996FB92427AE41E4649B934CA495991B7852B855","C:\SNS_24AutoProject_250723\venv\Lib\site-packages\websocket\tests\__init__.py"
"E3B0C44298FC1C149AFBF4C8996FB92427AE41E4649B934CA495991B7852B855","C:\SNS_24AutoProject_250723\venv\Lib\site-packages\wheel\vendored\__init__.py"
"E3B0C44298FC1C149AFBF4C8996FB92427AE41E4649B934CA495991B7852B855","C:\SNS_24AutoProject_250723\venv\Lib\site-packages\wheel\vendored\packaging\__init__.py"
"E3B0C44298FC1C149AFBF4C8996FB92427AE41E4649B934CA495991B7852B855","C:\SNS_24AutoProject_250723\venv\Lib\site-packages\wheel-0.45.1.dist-info\REQUESTED"
"E3B0C44298FC1C149AFBF4C8996FB92427AE41E4649B934CA495991B7852B855","C:\SNS_24AutoProject_250723\venv\Lib\site-packages\_pytest\py.typed"
"44136FA355B3678A1146AD16F7E8649E94FB4FC21FE77E8310C060F61CAAFF8A","C:\SNS_24AutoProject_250723\tests\.pytest_cache\v\cache\lastfailed"
"E7C6BB30148CF667606DCD63E7CA77ACAA3CFB0C8303BF09E6419E1E1669DC6D","C:\SNS_24AutoProject_250723\core\.pytest_cache\.gitignore"
"E7C6BB30148CF667606DCD63E7CA77ACAA3CFB0C8303BF09E6419E1E1669DC6D","C:\SNS_24AutoProject_250723\modules\sns\.pytest_cache\.gitignore"
"E7C6BB30148CF667606DCD63E7CA77ACAA3CFB0C8303BF09E6419E1E1669DC6D","C:\SNS_24AutoProject_250723\tests\.pytest_cache\.gitignore"
"37DC88EF9A0ABEDDBE81053A6DD8FDFB13AFB613045EA1EB4A5C815A74A3BDE4","C:\SNS_24AutoProject_250723\core\.pytest_cache\CACHEDIR.TAG"
"37DC88EF9A0ABEDDBE81053A6DD8FDFB13AFB613045EA1EB4A5C815A74A3BDE4","C:\SNS_24AutoProject_250723\modules\sns\.pytest_cache\CACHEDIR.TAG"
"37DC88EF9A0ABEDDBE81053A6DD8FDFB13AFB613045EA1EB4A5C815A74A3BDE4","C:\SNS_24AutoProject_250723\tests\.pytest_cache\CACHEDIR.TAG"
"420E808D79A6C25D3CDA0AF33BC4782314A14949866682C68CE8149E89B66B70","C:\SNS_24AutoProject_250723\core\.pytest_cache\README.md"
"420E808D79A6C25D3CDA0AF33BC4782314A14949866682C68CE8149E89B66B70","C:\SNS_24AutoProject_250723\modules\sns\.pytest_cache\README.md"
"420E808D79A6C25D3CDA0AF33BC4782314A14949866682C68CE8149E89B66B70","C:\SNS_24AutoProject_250723\tests\.pytest_cache\README.md"
"4F53CDA18C2BAA0C0354BB5F9A3ECBE5ED12AB4D8E11BA873C2F11161202B945","C:\SNS_24AutoProject_250723\core\.pytest_cache\v\cache\nodeids"
"4F53CDA18C2BAA0C0354BB5F9A3ECBE5ED12AB4D8E11BA873C2F11161202B945","C:\SNS_24AutoProject_250723\modules\sns\.pytest_cache\v\cache\nodeids"
"3EA0D302555D21A07D8088C47FA2471F2B0C9BF0FB1F245EE01CD015FA5FDCE3","C:\SNS_24AutoProject_250723\htmlcov\coverage_html_cb_497bf287.js"
"BC8100FA8743C11BD243EB3259F4B012758651612FD9BF93BF8B734D17F02561","C:\SNS_24AutoProject_250723\htmlcov\favicon_32_cb_58284776.png"
"7D9BF8AE66370E4349B4F423AC5279501384E4374DA1FDE675E099582ED33A8A","C:\SNS_24AutoProject_250723\htmlcov\keybd_closed_cb_ce680311.png"
"0E8136B1B0C6077B3966B13D4026E02A2BDFC3E1DCA5346FB4C7976C99FB1230","C:\SNS_24AutoProject_250723\htmlcov\style_cb_dca529e9.css"
"14E0DC50D51E04F985EEAA90E92C4C8BD2254EF1F00200D6579B701D32048E33","C:\SNS_24AutoProject_250723\modules\common\env_log.db"
"B81AAC79E6AA927E1660E7D1B772DF0A1FFB4724C6DDCC76B457109A204C2404","C:\SNS_24AutoProject_250723\modules\common\export_env_log_1.py"
"B81AAC79E6AA927E1660E7D1B772DF0A1FFB4724C6DDCC76B457109A204C2404","C:\SNS_24AutoProject_250723\scripts\export_env_log_1.py"
"B81AAC79E6AA927E1660E7D1B772DF0A1FFB4724C6DDCC76B457109A204C2404","C:\SNS_24AutoProject_250723\scripts\export_env_log_2.py"
"B81AAC79E6AA927E1660E7D1B772DF0A1FFB4724C6DDCC76B457109A204C2404","C:\SNS_24AutoProject_250723\scripts\export_env_log_3.py"
"B81AAC79E6AA927E1660E7D1B772DF0A1FFB4724C6DDCC76B457109A204C2404","C:\SNS_24AutoProject_250723\scripts\export_env_log_4.py"
"B81AAC79E6AA927E1660E7D1B772DF0A1FFB4724C6DDCC76B457109A204C2404","C:\SNS_24AutoProject_250723\scripts\export_env_log_5.py"
"3A0E203AD53C3F19D10B609CF47B6476DF9F417E6B015DDC504C8F0875502AC5","C:\SNS_24AutoProject_250723\modules\common\insert_env_log_1.py"
"3A0E203AD53C3F19D10B609CF47B6476DF9F417E6B015DDC504C8F0875502AC5","C:\SNS_24AutoProject_250723\modules\common\insert_env_log_2.py"
"3A0E203AD53C3F19D10B609CF47B6476DF9F417E6B015DDC504C8F0875502AC5","C:\SNS_24AutoProject_250723\modules\common\insert_env_log_3.py"
"3A0E203AD53C3F19D10B609CF47B6476DF9F417E6B015DDC504C8F0875502AC5","C:\SNS_24AutoProject_250723\modules\common\insert_env_log_5.py"
"3A0E203AD53C3F19D10B609CF47B6476DF9F417E6B015DDC504C8F0875502AC5","C:\SNS_24AutoProject_250723\modules\common\insert_env_log_6.py"
"C6D4B3E7531831EC559CC6356498E0213C1ADC89CA3F58BE693E7F0925316DD9","C:\SNS_24AutoProject_250723\modules\common\instabot_env\bin\pip"
"C6D4B3E7531831EC559CC6356498E0213C1ADC89CA3F58BE693E7F0925316DD9","C:\SNS_24AutoProject_250723\modules\common\instabot_env\bin\pip3"
"6BCD758CCE71C048F2A5F69CF36A6AF6F3038211807F2D5509BAD71ABAA5DBFE","C:\SNS_24AutoProject_250723\modules\common\instabot_env\bin\python"
"6BCD758CCE71C048F2A5F69CF36A6AF6F3038211807F2D5509BAD71ABAA5DBFE","C:\SNS_24AutoProject_250723\modules\common\instabot_env\bin\python3"
"49570C90379B9CF354EAC90FF79C4102973A741E0E29C8BDCF3836F575F86A6D","C:\SNS_24AutoProject_250723\modules\common\instabot_env\lib\python3.12\site-packages\numpy\_core\_exceptions.pyi"
"812F55AEB6E8CDE9DDF4786E15EB4256B21E82CF5F5D28DA1BAD17D94570CAC0","C:\SNS_24AutoProject_250723\modules\common\instabot_env\lib\python3.12\site-packages\pytz\zoneinfo\CET"
"812F55AEB6E8CDE9DDF4786E15EB4256B21E82CF5F5D28DA1BAD17D94570CAC0","C:\SNS_24AutoProject_250723\modules\common\instabot_env\lib\python3.12\site-packages\pytz\zoneinfo\Europe\Amsterdam"
"812F55AEB6E8CDE9DDF4786E15EB4256B21E82CF5F5D28DA1BAD17D94570CAC0","C:\SNS_24AutoProject_250723\modules\common\instabot_env\lib\python3.12\site-packages\pytz\zoneinfo\Europe\Brussels"
"812F55AEB6E8CDE9DDF4786E15EB4256B21E82CF5F5D28DA1BAD17D94570CAC0","C:\SNS_24AutoProject_250723\modules\common\instabot_env\lib\python3.12\site-packages\pytz\zoneinfo\Europe\Luxembourg"
"FEBA326EBE88EAC20017A718748C46C68469A1E7F5E7716DCB8F1D43A6E6F686","C:\SNS_24AutoProject_250723\modules\common\instabot_env\lib\python3.12\site-packages\pytz\zoneinfo\CST6CDT"
"FEBA326EBE88EAC20017A718748C46C68469A1E7F5E7716DCB8F1D43A6E6F686","C:\SNS_24AutoProject_250723\modules\common\instabot_env\lib\python3.12\site-packages\pytz\zoneinfo\America\Chicago"
"1D441E02E281B04908E522D98EACA75C808E51539A8E42B3287E6BF8EBF939D7","C:\SNS_24AutoProject_250723\modules\common\instabot_env\lib\python3.12\site-packages\pytz\zoneinfo\America\Havana"
"5C363E14151D751C901CDF06C502D9E1AC23B8E956973954763BFB39D5C53730","C:\SNS_24AutoProject_250723\modules\common\instabot_env\lib\python3.12\site-packages\pytz\zoneinfo\EET"
"2DFB7E1822D085A4899BD56A526B041681C84B55617DAEE91499FD1990A989FB","C:\SNS_24AutoProject_250723\modules\common\instabot_env\lib\python3.12\site-packages\pytz\zoneinfo\Africa\Cairo"
"40E8D2A1C3B572284DA39F6F4245B1BC814F452C44F5AA73D0A011571D5CCC43","C:\SNS_24AutoProject_250723\modules\common\instabot_env\lib\python3.12\site-packages\pytz\zoneinfo\Eire"
"91AC80FE976931C490D058C8CE8B5D71FFA6D4961F6CA13EA9C153F0B0BCCEA0","C:\SNS_24AutoProject_250723\modules\common\instabot_env\lib\python3.12\site-packages\pytz\zoneinfo\America\Atikokan"
"91AC80FE976931C490D058C8CE8B5D71FFA6D4961F6CA13EA9C153F0B0BCCEA0","C:\SNS_24AutoProject_250723\modules\common\instabot_env\lib\python3.12\site-packages\pytz\zoneinfo\America\Cayman"
"91AC80FE976931C490D058C8CE8B5D71FFA6D4961F6CA13EA9C153F0B0BCCEA0","C:\SNS_24AutoProject_250723\modules\common\instabot_env\lib\python3.12\site-packages\pytz\zoneinfo\America\Coral_Harbour"
"91AC80FE976931C490D058C8CE8B5D71FFA6D4961F6CA13EA9C153F0B0BCCEA0","C:\SNS_24AutoProject_250723\modules\common\instabot_env\lib\python3.12\site-packages\pytz\zoneinfo\America\Panama"
"E9ED07D7BEE0C76A9D442D091EF1F01668FEE7C4F26014C0A868B19FE6C18A95","C:\SNS_24AutoProject_250723\modules\common\instabot_env\lib\python3.12\site-packages\pytz\zoneinfo\EST5EDT"
"E9ED07D7BEE0C76A9D442D091EF1F01668FEE7C4F26014C0A868B19FE6C18A95","C:\SNS_24AutoProject_250723\modules\common\instabot_env\lib\python3.12\site-packages\pytz\zoneinfo\America\New_York"
"C85495070DCA42687DF6A1C3EE780A27CBCB82F1844750EA6F642833A44D29B4","C:\SNS_24AutoProject_250723\modules\common\instabot_env\lib\python3.12\site-packages\pytz\zoneinfo\GB"
"C85495070DCA42687DF6A1C3EE780A27CBCB82F1844750EA6F642833A44D29B4","C:\SNS_24AutoProject_250723\modules\common\instabot_env\lib\python3.12\site-packages\pytz\zoneinfo\Europe\Belfast"
"C85495070DCA42687DF6A1C3EE780A27CBCB82F1844750EA6F642833A44D29B4","C:\SNS_24AutoProject_250723\modules\common\instabot_env\lib\python3.12\site-packages\pytz\zoneinfo\Europe\Guernsey"
"C85495070DCA42687DF6A1C3EE780A27CBCB82F1844750EA6F642833A44D29B4","C:\SNS_24AutoProject_250723\modules\common\instabot_env\lib\python3.12\site-packages\pytz\zoneinfo\Europe\Isle_of_Man"
"C85495070DCA42687DF6A1C3EE780A27CBCB82F1844750EA6F642833A44D29B4","C:\SNS_24AutoProject_250723\modules\common\instabot_env\lib\python3.12\site-packages\pytz\zoneinfo\Europe\Jersey"
"C85495070DCA42687DF6A1C3EE780A27CBCB82F1844750EA6F642833A44D29B4","C:\SNS_24AutoProject_250723\modules\common\instabot_env\lib\python3.12\site-packages\pytz\zoneinfo\Europe\London"
"6D9F378883C079F86C0387A5547A92C449869D806E07DE10084AB04F0249018D","C:\SNS_24AutoProject_250723\modules\common\instabot_env\lib\python3.12\site-packages\pytz\zoneinfo\GMT"
"6D9F378883C079F86C0387A5547A92C449869D806E07DE10084AB04F0249018D","C:\SNS_24AutoProject_250723\modules\common\instabot_env\lib\python3.12\site-packages\pytz\zoneinfo\GMT+0"
"6D9F378883C079F86C0387A5547A92C449869D806E07DE10084AB04F0249018D","C:\SNS_24AutoProject_250723\modules\common\instabot_env\lib\python3.12\site-packages\pytz\zoneinfo\GMT-0"
"6D9F378883C079F86C0387A5547A92C449869D806E07DE10084AB04F0249018D","C:\SNS_24AutoProject_250723\modules\common\instabot_env\lib\python3.12\site-packages\pytz\zoneinfo\Greenwich"
"6A5FCEE243E5AB92698242D88C4699CEB7208A22EE97D342D11E41EBD2555A17","C:\SNS_24AutoProject_250723\modules\common\instabot_env\lib\python3.12\site-packages\pytz\zoneinfo\Asia\Hong_Kong"
"7F03D1BF5264E7AB023A2EF9B997DDFC8CB6936692407C770762B9C549523F33","C:\SNS_24AutoProject_250723\modules\common\instabot_env\lib\python3.12\site-packages\pytz\zoneinfo\HST"
"7F03D1BF5264E7AB023A2EF9B997DDFC8CB6936692407C770762B9C549523F33","C:\SNS_24AutoProject_250723\modules\common\instabot_env\lib\python3.12\site-packages\pytz\zoneinfo\Pacific\Honolulu"
"7F03D1BF5264E7AB023A2EF9B997DDFC8CB6936692407C770762B9C549523F33","C:\SNS_24AutoProject_250723\modules\common\instabot_env\lib\python3.12\site-packages\pytz\zoneinfo\Pacific\Johnston"
"D2EFAC4E5F23D88C95D72C1DB42807170F52F43DD98A205AF5A92A91B9F2D997","C:\SNS_24AutoProject_250723\modules\common\instabot_env\lib\python3.12\site-packages\pytz\zoneinfo\Africa\Abidjan"
"D2EFAC4E5F23D88C95D72C1DB42807170F52F43DD98A205AF5A92A91B9F2D997","C:\SNS_24AutoProject_250723\modules\common\instabot_env\lib\python3.12\site-packages\pytz\zoneinfo\Africa\Accra"
"D2EFAC4E5F23D88C95D72C1DB42807170F52F43DD98A205AF5A92A91B9F2D997","C:\SNS_24AutoProject_250723\modules\common\instabot_env\lib\python3.12\site-packages\pytz\zoneinfo\Africa\Bamako"
"D2EFAC4E5F23D88C95D72C1DB42807170F52F43DD98A205AF5A92A91B9F2D997","C:\SNS_24AutoProject_250723\modules\common\instabot_env\lib\python3.12\site-packages\pytz\zoneinfo\Africa\Banjul"
"D2EFAC4E5F23D88C95D72C1DB42807170F52F43DD98A205AF5A92A91B9F2D997","C:\SNS_24AutoProject_250723\modules\common\instabot_env\lib\python3.12\site-packages\pytz\zoneinfo\Africa\Conakry"
"D2EFAC4E5F23D88C95D72C1DB42807170F52F43DD98A205AF5A92A91B9F2D997","C:\SNS_24AutoProject_250723\modules\common\instabot_env\lib\python3.12\site-packages\pytz\zoneinfo\Africa\Dakar"
"D2EFAC4E5F23D88C95D72C1DB42807170F52F43DD98A205AF5A92A91B9F2D997","C:\SNS_24AutoProject_250723\modules\common\instabot_env\lib\python3.12\site-packages\pytz\zoneinfo\Africa\Freetown"
"D2EFAC4E5F23D88C95D72C1DB42807170F52F43DD98A205AF5A92A91B9F2D997","C:\SNS_24AutoProject_250723\modules\common\instabot_env\lib\python3.12\site-packages\pytz\zoneinfo\Africa\Lome"
"D2EFAC4E5F23D88C95D72C1DB42807170F52F43DD98A205AF5A92A91B9F2D997","C:\SNS_24AutoProject_250723\modules\common\instabot_env\lib\python3.12\site-packages\pytz\zoneinfo\Africa\Nouakchott"
"D2EFAC4E5F23D88C95D72C1DB42807170F52F43DD98A205AF5A92A91B9F2D997","C:\SNS_24AutoProject_250723\modules\common\instabot_env\lib\python3.12\site-packages\pytz\zoneinfo\Africa\Ouagadougou"
"D2EFAC4E5F23D88C95D72C1DB42807170F52F43DD98A205AF5A92A91B9F2D997","C:\SNS_24AutoProject_250723\modules\common\instabot_env\lib\python3.12\site-packages\pytz\zoneinfo\Africa\Timbuktu"
"D2EFAC4E5F23D88C95D72C1DB42807170F52F43DD98A205AF5A92A91B9F2D997","C:\SNS_24AutoProject_250723\modules\common\instabot_env\lib\python3.12\site-packages\pytz\zoneinfo\Atlantic\Reykjavik"
"D2EFAC4E5F23D88C95D72C1DB42807170F52F43DD98A205AF5A92A91B9F2D997","C:\SNS_24AutoProject_250723\modules\common\instabot_env\lib\python3.12\site-packages\pytz\zoneinfo\Atlantic\St_Helena"
"2DBD87F410815EDCFCD7D14BE84DE0040EF0D913A22203E0C7E7F4F17A6A915A","C:\SNS_24AutoProject_250723\modules\common\instabot_env\lib\python3.12\site-packages\pytz\zoneinfo\Asia\Tehran"
"254B964265B94E16B4A498F0EB543968DEC25F4CF80FBA29B3D38E4A775AE837","C:\SNS_24AutoProject_250723\modules\common\instabot_env\lib\python3.12\site-packages\pytz\zoneinfo\Asia\Jerusalem"
"254B964265B94E16B4A498F0EB543968DEC25F4CF80FBA29B3D38E4A775AE837","C:\SNS_24AutoProject_250723\modules\common\instabot_env\lib\python3.12\site-packages\pytz\zoneinfo\Asia\Tel_Aviv"
"A02B9E66044DC5C35C5F76467627FDCBA4AEE1CC958606B85C777095CAD82CEB","C:\SNS_24AutoProject_250723\modules\common\instabot_env\lib\python3.12\site-packages\pytz\zoneinfo\Asia\Tokyo"
"5B5769B460FBD13EE9A46A28D1F733150783888A749EE96D2CD3D5EBA3300767","C:\SNS_24AutoProject_250723\modules\common\instabot_env\lib\python3.12\site-packages\pytz\zoneinfo\Africa\Tripoli"
"8A5973D2C62E2CBF2520F2B44E4A2EE9D2F455C93F0F45BFDEB4533AF1584664","C:\SNS_24AutoProject_250723\modules\common\instabot_env\lib\python3.12\site-packages\pytz\zoneinfo\MST"
"8A5973D2C62E2CBF2520F2B44E4A2EE9D2F455C93F0F45BFDEB4533AF1584664","C:\SNS_24AutoProject_250723\modules\common\instabot_env\lib\python3.12\site-packages\pytz\zoneinfo\America\Creston"
"8A5973D2C62E2CBF2520F2B44E4A2EE9D2F455C93F0F45BFDEB4533AF1584664","C:\SNS_24AutoProject_250723\modules\common\instabot_env\lib\python3.12\site-packages\pytz\zoneinfo\America\Phoenix"
"32E819C00A43B3C348F539D700D425504F20B8D068C16418D26FA9B693E775C9","C:\SNS_24AutoProject_250723\modules\common\instabot_env\lib\python3.12\site-packages\pytz\zoneinfo\MST7MDT"
"32E819C00A43B3C348F539D700D425504F20B8D068C16418D26FA9B693E775C9","C:\SNS_24AutoProject_250723\modules\common\instabot_env\lib\python3.12\site-packages\pytz\zoneinfo\Navajo"
"32E819C00A43B3C348F539D700D425504F20B8D068C16418D26FA9B693E775C9","C:\SNS_24AutoProject_250723\modules\common\instabot_env\lib\python3.12\site-packages\pytz\zoneinfo\America\Denver"
"32E819C00A43B3C348F539D700D425504F20B8D068C16418D26FA9B693E775C9","C:\SNS_24AutoProject_250723\modules\common\instabot_env\lib\python3.12\site-packages\pytz\zoneinfo\America\Shiprock"
"8000E3A323E8FD0212414E9426B020707A771C368CA0E151747F9DDB7B814B27","C:\SNS_24AutoProject_250723\modules\common\instabot_env\lib\python3.12\site-packages\pytz\zoneinfo\NZ"
"8000E3A323E8FD0212414E9426B020707A771C368CA0E151747F9DDB7B814B27","C:\SNS_24AutoProject_250723\modules\common\instabot_env\lib\python3.12\site-packages\pytz\zoneinfo\Antarctica\McMurdo"
"8000E3A323E8FD0212414E9426B020707A771C368CA0E151747F9DDB7B814B27","C:\SNS_24AutoProject_250723\modules\common\instabot_env\lib\python3.12\site-packages\pytz\zoneinfo\Antarctica\South_Pole"
"C617B155CE657C9FEA02FD9DDC7AC823A95F452C4A6580408D8DB3A58902184F","C:\SNS_24AutoProject_250723\modules\common\instabot_env\lib\python3.12\site-packages\pytz\zoneinfo\NZ-CHAT"
"4E22C33DB79517472480B54491A49E0DA299F3072D7490CE97F1C4FD6779ACAB","C:\SNS_24AutoProject_250723\modules\common\instabot_env\lib\python3.12\site-packages\pytz\zoneinfo\Europe\Warsaw"
"92B07CB24689226BF934308D1F1BD33C306AA4DA610C52CD5BCE25077960502C","C:\SNS_24AutoProject_250723\modules\common\instabot_env\lib\python3.12\site-packages\pytz\zoneinfo\Portugal"
"92B07CB24689226BF934308D1F1BD33C306AA4DA610C52CD5BCE25077960502C","C:\SNS_24AutoProject_250723\modules\common\instabot_env\lib\python3.12\site-packages\pytz\zoneinfo\Europe\Lisbon"
"64FFC2E43A94435A043C040D1D3AF7E92D031ADC78E7737AF1861BAA4EEEF3E6","C:\SNS_24AutoProject_250723\modules\common\instabot_env\lib\python3.12\site-packages\pytz\zoneinfo\Asia\Chongqing"
"64FFC2E43A94435A043C040D1D3AF7E92D031ADC78E7737AF1861BAA4EEEF3E6","C:\SNS_24AutoProject_250723\modules\common\instabot_env\lib\python3.12\site-packages\pytz\zoneinfo\Asia\Chungking"
"64FFC2E43A94435A043C040D1D3AF7E92D031ADC78E7737AF1861BAA4EEEF3E6","C:\SNS_24AutoProject_250723\modules\common\instabot_env\lib\python3.12\site-packages\pytz\zoneinfo\Asia\Harbin"
"64FFC2E43A94435A043C040D1D3AF7E92D031ADC78E7737AF1861BAA4EEEF3E6","C:\SNS_24AutoProject_250723\modules\common\instabot_env\lib\python3.12\site-packages\pytz\zoneinfo\Asia\Shanghai"
"68977BB9AD6D186FEFC6C7ABD36010A66E30008DCB2D376087A41C49861E7268","C:\SNS_24AutoProject_250723\modules\common\instabot_env\lib\python3.12\site-packages\pytz\zoneinfo\PST8PDT"
"68977BB9AD6D186FEFC6C7ABD36010A66E30008DCB2D376087A41C49861E7268","C:\SNS_24AutoProject_250723\modules\common\instabot_env\lib\python3.12\site-packages\pytz\zoneinfo\America\Los_Angeles"
"0CC990C0EA4FAA5DB9B9EDCD7FCBC028A4F87A6D3A0F567DAC76CB222B718B19","C:\SNS_24AutoProject_250723\modules\common\instabot_env\lib\python3.12\site-packages\pytz\zoneinfo\Asia\Taipei"
"2C8F4BB15DD77090B497E2A841FF3323ECBBAE4F9DBB9EDEAD2F8DD8FB5D8BB4","C:\SNS_24AutoProject_250723\modules\common\instabot_env\lib\python3.12\site-packages\pytz\zoneinfo\Asia\Seoul"
"5E67952267AA709F212739BB4E302D8B59D6240C5AC0EAAAEE32330E71D7DA12","C:\SNS_24AutoProject_250723\modules\common\instabot_env\lib\python3.12\site-packages\pytz\zoneinfo\Asia\Kuala_Lumpur"
"264E308E7743B5AFEE2D673C5B57567636DABC925BB0BE513939996E856718A5","C:\SNS_24AutoProject_250723\modules\common\instabot_env\lib\python3.12\site-packages\pytz\zoneinfo\Europe\Istanbul"
"8B85846791AB2C8A5463C83A5BE3C043E2570D7448434D41398969ED47E3E6F2","C:\SNS_24AutoProject_250723\modules\common\instabot_env\lib\python3.12\site-packages\pytz\zoneinfo\UCT"
"8B85846791AB2C8A5463C83A5BE3C043E2570D7448434D41398969ED47E3E6F2","C:\SNS_24AutoProject_250723\modules\common\instabot_env\lib\python3.12\site-packages\pytz\zoneinfo\Universal"
"8B85846791AB2C8A5463C83A5BE3C043E2570D7448434D41398969ED47E3E6F2","C:\SNS_24AutoProject_250723\modules\common\instabot_env\lib\python3.12\site-packages\pytz\zoneinfo\UTC"
"2A69287D1723E93F0F876F0F242866F09569D77B91BDE7FA4D9D06B8FCD4883C","C:\SNS_24AutoProject_250723\modules\common\instabot_env\lib\python3.12\site-packages\pytz\zoneinfo\Europe\Moscow"
"C89B2E253A8926A6CECF7EFF34E4BFCDB7FE24DAFF22D84718C30DEEC0EA4968","C:\SNS_24AutoProject_250723\modules\common\instabot_env\lib\python3.12\site-packages\pytz\zoneinfo\Africa\Addis_Ababa"
"C89B2E253A8926A6CECF7EFF34E4BFCDB7FE24DAFF22D84718C30DEEC0EA4968","C:\SNS_24AutoProject_250723\modules\common\instabot_env\lib\python3.12\site-packages\pytz\zoneinfo\Africa\Asmara"
"C89B2E253A8926A6CECF7EFF34E4BFCDB7FE24DAFF22D84718C30DEEC0EA4968","C:\SNS_24AutoProject_250723\modules\common\instabot_env\lib\python3.12\site-packages\pytz\zoneinfo\Africa\Asmera"
"C89B2E253A8926A6CECF7EFF34E4BFCDB7FE24DAFF22D84718C30DEEC0EA4968","C:\SNS_24AutoProject_250723\modules\common\instabot_env\lib\python3.12\site-packages\pytz\zoneinfo\Africa\Dar_es_Salaam"
"C89B2E253A8926A6CECF7EFF34E4BFCDB7FE24DAFF22D84718C30DEEC0EA4968","C:\SNS_24AutoProject_250723\modules\common\instabot_env\lib\python3.12\site-packages\pytz\zoneinfo\Africa\Djibouti"
"C89B2E253A8926A6CECF7EFF34E4BFCDB7FE24DAFF22D84718C30DEEC0EA4968","C:\SNS_24AutoProject_250723\modules\common\instabot_env\lib\python3.12\site-packages\pytz\zoneinfo\Africa\Kampala"
"C89B2E253A8926A6CECF7EFF34E4BFCDB7FE24DAFF22D84718C30DEEC0EA4968","C:\SNS_24AutoProject_250723\modules\common\instabot_env\lib\python3.12\site-packages\pytz\zoneinfo\Africa\Mogadishu"
"C89B2E253A8926A6CECF7EFF34E4BFCDB7FE24DAFF22D84718C30DEEC0EA4968","C:\SNS_24AutoProject_250723\modules\common\instabot_env\lib\python3.12\site-packages\pytz\zoneinfo\Africa\Nairobi"
"C89B2E253A8926A6CECF7EFF34E4BFCDB7FE24DAFF22D84718C30DEEC0EA4968","C:\SNS_24AutoProject_250723\modules\common\instabot_env\lib\python3.12\site-packages\pytz\zoneinfo\Indian\Antananarivo"
"C89B2E253A8926A6CECF7EFF34E4BFCDB7FE24DAFF22D84718C30DEEC0EA4968","C:\SNS_24AutoProject_250723\modules\common\instabot_env\lib\python3.12\site-packages\pytz\zoneinfo\Indian\Mayotte"
"CFFEB0282CCBD7FBA0E493FF8677A1E5A6DD5197885042E437F95A773F844846","C:\SNS_24AutoProject_250723\modules\common\instabot_env\lib\python3.12\site-packages\pytz\zoneinfo\Africa\Bangui"
"CFFEB0282CCBD7FBA0E493FF8677A1E5A6DD5197885042E437F95A773F844846","C:\SNS_24AutoProject_250723\modules\common\instabot_env\lib\python3.12\site-packages\pytz\zoneinfo\Africa\Brazzaville"
"CFFEB0282CCBD7FBA0E493FF8677A1E5A6DD5197885042E437F95A773F844846","C:\SNS_24AutoProject_250723\modules\common\instabot_env\lib\python3.12\site-packages\pytz\zoneinfo\Africa\Douala"
"CFFEB0282CCBD7FBA0E493FF8677A1E5A6DD5197885042E437F95A773F844846","C:\SNS_24AutoProject_250723\modules\common\instabot_env\lib\python3.12\site-packages\pytz\zoneinfo\Africa\Kinshasa"
"CFFEB0282CCBD7FBA0E493FF8677A1E5A6DD5197885042E437F95A773F844846","C:\SNS_24AutoProject_250723\modules\common\instabot_env\lib\python3.12\site-packages\pytz\zoneinfo\Africa\Lagos"
"CFFEB0282CCBD7FBA0E493FF8677A1E5A6DD5197885042E437F95A773F844846","C:\SNS_24AutoProject_250723\modules\common\instabot_env\lib\python3.12\site-packages\pytz\zoneinfo\Africa\Libreville"
"CFFEB0282CCBD7FBA0E493FF8677A1E5A6DD5197885042E437F95A773F844846","C:\SNS_24AutoProject_250723\modules\common\instabot_env\lib\python3.12\site-packages\pytz\zoneinfo\Africa\Luanda"
"CFFEB0282CCBD7FBA0E493FF8677A1E5A6DD5197885042E437F95A773F844846","C:\SNS_24AutoProject_250723\modules\common\instabot_env\lib\python3.12\site-packages\pytz\zoneinfo\Africa\Malabo"
"CFFEB0282CCBD7FBA0E493FF8677A1E5A6DD5197885042E437F95A773F844846","C:\SNS_24AutoProject_250723\modules\common\instabot_env\lib\python3.12\site-packages\pytz\zoneinfo\Africa\Niamey"
"444ED3A710414BC6BF43EB27E591DA49D3BE3DB153449A6A0C9473F7E39FDBCB","C:\SNS_24AutoProject_250723\modules\common\instabot_env\lib\python3.12\site-packages\pytz\zoneinfo\Africa\Blantyre"
"444ED3A710414BC6BF43EB27E591DA49D3BE3DB153449A6A0C9473F7E39FDBCB","C:\SNS_24AutoProject_250723\modules\common\instabot_env\lib\python3.12\site-packages\pytz\zoneinfo\Africa\Bujumbura"
"444ED3A710414BC6BF43EB27E591DA49D3BE3DB153449A6A0C9473F7E39FDBCB","C:\SNS_24AutoProject_250723\modules\common\instabot_env\lib\python3.12\site-packages\pytz\zoneinfo\Africa\Gaborone"
"444ED3A710414BC6BF43EB27E591DA49D3BE3DB153449A6A0C9473F7E39FDBCB","C:\SNS_24AutoProject_250723\modules\common\instabot_env\lib\python3.12\site-packages\pytz\zoneinfo\Africa\Harare"
"444ED3A710414BC6BF43EB27E591DA49D3BE3DB153449A6A0C9473F7E39FDBCB","C:\SNS_24AutoProject_250723\modules\common\instabot_env\lib\python3.12\site-packages\pytz\zoneinfo\Africa\Kigali"
"444ED3A710414BC6BF43EB27E591DA49D3BE3DB153449A6A0C9473F7E39FDBCB","C:\SNS_24AutoProject_250723\modules\common\instabot_env\lib\python3.12\site-packages\pytz\zoneinfo\Africa\Lubumbashi"
"444ED3A710414BC6BF43EB27E591DA49D3BE3DB153449A6A0C9473F7E39FDBCB","C:\SNS_24AutoProject_250723\modules\common\instabot_env\lib\python3.12\site-packages\pytz\zoneinfo\Africa\Maputo"
"6C1BCC752668E77585A308AE8543BD0BCCD8E813865626E809BF94F3FE3D977E","C:\SNS_24AutoProject_250723\modules\common\instabot_env\lib\python3.12\site-packages\pytz\zoneinfo\Africa\Johannesburg"
"6C1BCC752668E77585A308AE8543BD0BCCD8E813865626E809BF94F3FE3D977E","C:\SNS_24AutoProject_250723\modules\common\instabot_env\lib\python3.12\site-packages\pytz\zoneinfo\Africa\Maseru"
"201D4387025000A6E13C9F631CB7FCCD6E4369DEC7224052F9D86FEB81353A53","C:\SNS_24AutoProject_250723\modules\common\instabot_env\lib\python3.12\site-packages\pytz\zoneinfo\America\Adak"
"201D4387025000A6E13C9F631CB7FCCD6E4369DEC7224052F9D86FEB81353A53","C:\SNS_24AutoProject_250723\modules\common\instabot_env\lib\python3.12\site-packages\pytz\zoneinfo\America\Atka"
"A190353523D2D8159DCA66299C21C53BC0656154BE965E4A2E0D84CFD09B113B","C:\SNS_24AutoProject_250723\modules\common\instabot_env\lib\python3.12\site-packages\pytz\zoneinfo\America\Anchorage"
"8491E557FF801A8306516B8CA5946FF5F2E6821AF31477EB47D7D191CC5A6497","C:\SNS_24AutoProject_250723\modules\common\instabot_env\lib\python3.12\site-packages\pytz\zoneinfo\America\Anguilla"
"8491E557FF801A8306516B8CA5946FF5F2E6821AF31477EB47D7D191CC5A6497","C:\SNS_24AutoProject_250723\modules\common\instabot_env\lib\python3.12\site-packages\pytz\zoneinfo\America\Antigua"
"8491E557FF801A8306516B8CA5946FF5F2E6821AF31477EB47D7D191CC5A6497","C:\SNS_24AutoProject_250723\modules\common\instabot_env\lib\python3.12\site-packages\pytz\zoneinfo\America\Aruba"
"8491E557FF801A8306516B8CA5946FF5F2E6821AF31477EB47D7D191CC5A6497","C:\SNS_24AutoProject_250723\modules\common\instabot_env\lib\python3.12\site-packages\pytz\zoneinfo\America\Blanc-Sablon"
"8491E557FF801A8306516B8CA5946FF5F2E6821AF31477EB47D7D191CC5A6497","C:\SNS_24AutoProject_250723\modules\common\instabot_env\lib\python3.12\site-packages\pytz\zoneinfo\America\Curacao"
"8491E557FF801A8306516B8CA5946FF5F2E6821AF31477EB47D7D191CC5A6497","C:\SNS_24AutoProject_250723\modules\common\instabot_env\lib\python3.12\site-packages\pytz\zoneinfo\America\Dominica"
"8491E557FF801A8306516B8CA5946FF5F2E6821AF31477EB47D7D191CC5A6497","C:\SNS_24AutoProject_250723\modules\common\instabot_env\lib\python3.12\site-packages\pytz\zoneinfo\America\Grenada"
"8491E557FF801A8306516B8CA5946FF5F2E6821AF31477EB47D7D191CC5A6497","C:\SNS_24AutoProject_250723\modules\common\instabot_env\lib\python3.12\site-packages\pytz\zoneinfo\America\Guadeloupe"
"8491E557FF801A8306516B8CA5946FF5F2E6821AF31477EB47D7D191CC5A6497","C:\SNS_24AutoProject_250723\modules\common\instabot_env\lib\python3.12\site-packages\pytz\zoneinfo\America\Kralendijk"
"8491E557FF801A8306516B8CA5946FF5F2E6821AF31477EB47D7D191CC5A6497","C:\SNS_24AutoProject_250723\modules\common\instabot_env\lib\python3.12\site-packages\pytz\zoneinfo\America\Lower_Princes"
"8491E557FF801A8306516B8CA5946FF5F2E6821AF31477EB47D7D191CC5A6497","C:\SNS_24AutoProject_250723\modules\common\instabot_env\lib\python3.12\site-packages\pytz\zoneinfo\America\Marigot"
"8491E557FF801A8306516B8CA5946FF5F2E6821AF31477EB47D7D191CC5A6497","C:\SNS_24AutoProject_250723\modules\common\instabot_env\lib\python3.12\site-packages\pytz\zoneinfo\America\Montserrat"
"8491E557FF801A8306516B8CA5946FF5F2E6821AF31477EB47D7D191CC5A6497","C:\SNS_24AutoProject_250723\modules\common\instabot_env\lib\python3.12\site-packages\pytz\zoneinfo\America\Port_of_Spain"
"8491E557FF801A8306516B8CA5946FF5F2E6821AF31477EB47D7D191CC5A6497","C:\SNS_24AutoProject_250723\modules\common\instabot_env\lib\python3.12\site-packages\pytz\zoneinfo\America\Puerto_Rico"
"8491E557FF801A8306516B8CA5946FF5F2E6821AF31477EB47D7D191CC5A6497","C:\SNS_24AutoProject_250723\modules\common\instabot_env\lib\python3.12\site-packages\pytz\zoneinfo\America\St_Barthelemy"
"8491E557FF801A8306516B8CA5946FF5F2E6821AF31477EB47D7D191CC5A6497","C:\SNS_24AutoProject_250723\modules\common\instabot_env\lib\python3.12\site-packages\pytz\zoneinfo\America\St_Kitts"
"8491E557FF801A8306516B8CA5946FF5F2E6821AF31477EB47D7D191CC5A6497","C:\SNS_24AutoProject_250723\modules\common\instabot_env\lib\python3.12\site-packages\pytz\zoneinfo\America\St_Lucia"
"8491E557FF801A8306516B8CA5946FF5F2E6821AF31477EB47D7D191CC5A6497","C:\SNS_24AutoProject_250723\modules\common\instabot_env\lib\python3.12\site-packages\pytz\zoneinfo\America\St_Thomas"
"8491E557FF801A8306516B8CA5946FF5F2E6821AF31477EB47D7D191CC5A6497","C:\SNS_24AutoProject_250723\modules\common\instabot_env\lib\python3.12\site-packages\pytz\zoneinfo\America\St_Vincent"
"8491E557FF801A8306516B8CA5946FF5F2E6821AF31477EB47D7D191CC5A6497","C:\SNS_24AutoProject_250723\modules\common\instabot_env\lib\python3.12\site-packages\pytz\zoneinfo\America\Virgin"
"B8C0895D719898D1121D5BE3E5160167431CACE744D788709B5EE5DB9320456D","C:\SNS_24AutoProject_250723\modules\common\instabot_env\lib\python3.12\site-packages\pytz\zoneinfo\America\Argentina\ComodRivadavia"
"BA788D8A184C1E7AF85CAE16A7088F527AC04F460F9AFCEA07A7F48512ED5EF6","C:\SNS_24AutoProject_250723\modules\common\instabot_env\lib\python3.12\site-packages\pytz\zoneinfo\America\Cordoba"
"85E733F32A98D828F907AD46DE02D9740559BD180AF65D0FF7473F80DFAE0F98","C:\SNS_24AutoProject_250723\modules\common\instabot_env\lib\python3.12\site-packages\pytz\zoneinfo\America\Detroit"
"F939087DCDD096F6827F4A7C08E678DD8D47441025FA7011522F8975778AD6F1","C:\SNS_24AutoProject_250723\modules\common\instabot_env\lib\python3.12\site-packages\pytz\zoneinfo\America\Edmonton"
"4A5B95EF1CD99B6E0B80C5D2515B75703D40944EF2FDB744EB91E10C87572DCB","C:\SNS_24AutoProject_250723\modules\common\instabot_env\lib\python3.12\site-packages\pytz\zoneinfo\America\Ensenada"
"4A5B95EF1CD99B6E0B80C5D2515B75703D40944EF2FDB744EB91E10C87572DCB","C:\SNS_24AutoProject_250723\modules\common\instabot_env\lib\python3.12\site-packages\pytz\zoneinfo\America\Santa_Isabel"
"4A5B95EF1CD99B6E0B80C5D2515B75703D40944EF2FDB744EB91E10C87572DCB","C:\SNS_24AutoProject_250723\modules\common\instabot_env\lib\python3.12\site-packages\pytz\zoneinfo\America\Tijuana"
"90D2B2F4A8FD202B226187C209B020833300EDEC5FF86A463CCC685E8707532C","C:\SNS_24AutoProject_250723\modules\common\instabot_env\lib\python3.12\site-packages\pytz\zoneinfo\America\Fort_Wayne"
"90D2B2F4A8FD202B226187C209B020833300EDEC5FF86A463CCC685E8707532C","C:\SNS_24AutoProject_250723\modules\common\instabot_env\lib\python3.12\site-packages\pytz\zoneinfo\America\Indianapolis"
"2865EB30DF98918A550A02DDA5C7F030543BEC4B11006B235021B7C8052F55FC","C:\SNS_24AutoProject_250723\modules\common\instabot_env\lib\python3.12\site-packages\pytz\zoneinfo\America\Godthab"
"4D9A667393F05A82DF4DF42843F6F7535EC113689529278D911D07A3C99B4E7F","C:\SNS_24AutoProject_250723\modules\common\instabot_env\lib\python3.12\site-packages\pytz\zoneinfo\America\Halifax"
"7DE3A7C40374374AFE335AA592B03824CC9AC28734B6A69ED2288108F0C0B389","C:\SNS_24AutoProject_250723\modules\common\instabot_env\lib\python3.12\site-packages\pytz\zoneinfo\America\Iqaluit"
"0ACBD9E412B0DAA55ABF7C7F17C094F6D68974393B8D7E3509FB2A9ACEA35D5F","C:\SNS_24AutoProject_250723\modules\common\instabot_env\lib\python3.12\site-packages\pytz\zoneinfo\America\Knox_IN"
"0ACBD9E412B0DAA55ABF7C7F17C094F6D68974393B8D7E3509FB2A9ACEA35D5F","C:\SNS_24AutoProject_250723\modules\common\instabot_env\lib\python3.12\site-packages\pytz\zoneinfo\America\Indiana\Knox"
"0561F636A54F0353ECC842CF37FD8117C2A596BB26424AA0D5EBA3B10BE79F1F","C:\SNS_24AutoProject_250723\modules\common\instabot_env\lib\python3.12\site-packages\pytz\zoneinfo\America\Mazatlan"
"528836F85316CF6A35DA347AB0AF6F7A625A98B7A8E8E105310477B34C53C647","C:\SNS_24AutoProject_250723\modules\common\instabot_env\lib\python3.12\site-packages\pytz\zoneinfo\America\Mexico_City"
"A587A1A1607439F7BAC283E1815F2BDBAFB9649A453D18E06C2E44E6996D888F","C:\SNS_24AutoProject_250723\modules\common\instabot_env\lib\python3.12\site-packages\pytz\zoneinfo\America\Montreal"
"A587A1A1607439F7BAC283E1815F2BDBAFB9649A453D18E06C2E44E6996D888F","C:\SNS_24AutoProject_250723\modules\common\instabot_env\lib\python3.12\site-packages\pytz\zoneinfo\America\Nassau"
"A587A1A1607439F7BAC283E1815F2BDBAFB9649A453D18E06C2E44E6996D888F","C:\SNS_24AutoProject_250723\modules\common\instabot_env\lib\python3.12\site-packages\pytz\zoneinfo\America\Nipigon"
"A587A1A1607439F7BAC283E1815F2BDBAFB9649A453D18E06C2E44E6996D888F","C:\SNS_24AutoProject_250723\modules\common\instabot_env\lib\python3.12\site-packages\pytz\zoneinfo\America\Toronto"
"7DE7910228D0A8ACA5660A9EF389CA86C14BC9C4F9CC8066EE62C8BDDC86C38C","C:\SNS_24AutoProject_250723\modules\common\instabot_env\lib\python3.12\site-packages\pytz\zoneinfo\America\Noronha"
"D20A49525E3A8506E9D0FE978F54B4340AC859E02BCAEB835E3B2576F0791871","C:\SNS_24AutoProject_250723\modules\common\instabot_env\lib\python3.12\site-packages\pytz\zoneinfo\America\Porto_Acre"
"D20A49525E3A8506E9D0FE978F54B4340AC859E02BCAEB835E3B2576F0791871","C:\SNS_24AutoProject_250723\modules\common\instabot_env\lib\python3.12\site-packages\pytz\zoneinfo\America\Rio_Branco"
"ECFFBF610AE77857289FB40A4933A79221A3129A450E7DD9E3C309D6AABC541C","C:\SNS_24AutoProject_250723\modules\common\instabot_env\lib\python3.12\site-packages\pytz\zoneinfo\America\Rainy_River"
"CA3A93D3CA476C80987BCDC7F099AD68306F085A91BFB4DFCDEDD8F31B97BA4C","C:\SNS_24AutoProject_250723\modules\common\instabot_env\lib\python3.12\site-packages\pytz\zoneinfo\America\Regina"
"D020F0D77742314B28AAE32EA68260BA99330143610CAE84D2557151103BA2C0","C:\SNS_24AutoProject_250723\modules\common\instabot_env\lib\python3.12\site-packages\pytz\zoneinfo\America\Santiago"
"04C06744EE3FE078EF3B8B779E38EB30666BF993E67A092FCAF2FC28F63A64CE","C:\SNS_24AutoProject_250723\modules\common\instabot_env\lib\python3.12\site-packages\pytz\zoneinfo\America\Sao_Paulo"
"AF5FB5EEE2AFDBB799DC9B15930FC32D941BA3AC2F8EEB95BBB0B6A43B263A02","C:\SNS_24AutoProject_250723\modules\common\instabot_env\lib\python3.12\site-packages\pytz\zoneinfo\America\St_Johns"
"4EB47A3C29D81BE9920A504CA21AA53FCAA76215CC52CC9D23E2FEAAE5C5C723","C:\SNS_24AutoProject_250723\modules\common\instabot_env\lib\python3.12\site-packages\pytz\zoneinfo\America\Whitehorse"
"9C1DFA1C15994DD8774E53F40CB14DCF529143468721F1DBA7B2C2E14AE9F5F0","C:\SNS_24AutoProject_250723\modules\common\instabot_env\lib\python3.12\site-packages\pytz\zoneinfo\Antarctica\DumontDUrville"
"9C1DFA1C15994DD8774E53F40CB14DCF529143468721F1DBA7B2C2E14AE9F5F0","C:\SNS_24AutoProject_250723\modules\common\instabot_env\lib\python3.12\site-packages\pytz\zoneinfo\Pacific\Chuuk"
"9C1DFA1C15994DD8774E53F40CB14DCF529143468721F1DBA7B2C2E14AE9F5F0","C:\SNS_24AutoProject_250723\modules\common\instabot_env\lib\python3.12\site-packages\pytz\zoneinfo\Pacific\Port_Moresby"
"9C1DFA1C15994DD8774E53F40CB14DCF529143468721F1DBA7B2C2E14AE9F5F0","C:\SNS_24AutoProject_250723\modules\common\instabot_env\lib\python3.12\site-packages\pytz\zoneinfo\Pacific\Yap"
"A02287EEE69F37C475A3E8A35C6A13E54D49671C2FA0BCC9BBFD82AB28B68543","C:\SNS_24AutoProject_250723\modules\common\instabot_env\lib\python3.12\site-packages\pytz\zoneinfo\Antarctica\Syowa"
"A02287EEE69F37C475A3E8A35C6A13E54D49671C2FA0BCC9BBFD82AB28B68543","C:\SNS_24AutoProject_250723\modules\common\instabot_env\lib\python3.12\site-packages\pytz\zoneinfo\Asia\Aden"
"A02287EEE69F37C475A3E8A35C6A13E54D49671C2FA0BCC9BBFD82AB28B68543","C:\SNS_24AutoProject_250723\modules\common\instabot_env\lib\python3.12\site-packages\pytz\zoneinfo\Asia\Kuwait"
"5EE475F71A0FC1A32FAEB849F8C39C6E7AA66D6D41EC742B97B3A7436B3B0701","C:\SNS_24AutoProject_250723\modules\common\instabot_env\lib\python3.12\site-packages\pytz\zoneinfo\Arctic\Longyearbyen"
"5EE475F71A0FC1A32FAEB849F8C39C6E7AA66D6D41EC742B97B3A7436B3B0701","C:\SNS_24AutoProject_250723\modules\common\instabot_env\lib\python3.12\site-packages\pytz\zoneinfo\Atlantic\Jan_Mayen"
"5EE475F71A0FC1A32FAEB849F8C39C6E7AA66D6D41EC742B97B3A7436B3B0701","C:\SNS_24AutoProject_250723\modules\common\instabot_env\lib\python3.12\site-packages\pytz\zoneinfo\Europe\Berlin"
"5EE475F71A0FC1A32FAEB849F8C39C6E7AA66D6D41EC742B97B3A7436B3B0701","C:\SNS_24AutoProject_250723\modules\common\instabot_env\lib\python3.12\site-packages\pytz\zoneinfo\Europe\Copenhagen"
"5EE475F71A0FC1A32FAEB849F8C39C6E7AA66D6D41EC742B97B3A7436B3B0701","C:\SNS_24AutoProject_250723\modules\common\instabot_env\lib\python3.12\site-packages\pytz\zoneinfo\Europe\Oslo"
"FAC7C69D1BA68A8EFF06CF30F581F8C510D6823077C01796EDCD02E7A42A93AE","C:\SNS_24AutoProject_250723\modules\common\instabot_env\lib\python3.12\site-packages\pytz\zoneinfo\Asia\Ashgabat"
"C2494663758F1A9FB3D4E5306FF28E1F3453C019DDB7545F0E0F54B6DB77E86E","C:\SNS_24AutoProject_250723\modules\common\instabot_env\lib\python3.12\site-packages\pytz\zoneinfo\Asia\Bahrain"
"85FFF93D57A041C1524BAD028D2F340BB87E4C63AB7D0E27726F3737C5666649","C:\SNS_24AutoProject_250723\modules\common\instabot_env\lib\python3.12\site-packages\pytz\zoneinfo\Asia\Bangkok"
"85FFF93D57A041C1524BAD028D2F340BB87E4C63AB7D0E27726F3737C5666649","C:\SNS_24AutoProject_250723\modules\common\instabot_env\lib\python3.12\site-packages\pytz\zoneinfo\Asia\Phnom_Penh"
"85FFF93D57A041C1524BAD028D2F340BB87E4C63AB7D0E27726F3737C5666649","C:\SNS_24AutoProject_250723\modules\common\instabot_env\lib\python3.12\site-packages\pytz\zoneinfo\Asia\Vientiane"
"0F9AADC9627F48CF1B4D0789248621AAAA23C6554A6EB142D4460C0D4F46CD74","C:\SNS_24AutoProject_250723\modules\common\instabot_env\lib\python3.12\site-packages\pytz\zoneinfo\Asia\Brunei"
"E90C341036CB7203200E293CB3B513267E104A39A594F35E195254E6BC0A17CF","C:\SNS_24AutoProject_250723\modules\common\instabot_env\lib\python3.12\site-packages\pytz\zoneinfo\Asia\Calcutta"
"A9491746C4DCFEEEC1F7427150B4AEEF2CCA6C6B467CA71F10521AB063C2D9E7","C:\SNS_24AutoProject_250723\modules\common\instabot_env\lib\python3.12\site-packages\pytz\zoneinfo\Asia\Choibalsan"
"A9491746C4DCFEEEC1F7427150B4AEEF2CCA6C6B467CA71F10521AB063C2D9E7","C:\SNS_24AutoProject_250723\modules\common\instabot_env\lib\python3.12\site-packages\pytz\zoneinfo\Asia\Ulaanbaatar"
"FB1BA527629586F2A9EAB9592CCC9DA70EE85D58AB93EAE2107FB5F35C4F139E","C:\SNS_24AutoProject_250723\modules\common\instabot_env\lib\python3.12\site-packages\pytz\zoneinfo\Asia\Dacca"
"A667613E16894702B038DBF18993467854880A3956CF263D265147BFE1FDBA96","C:\SNS_24AutoProject_250723\modules\common\instabot_env\lib\python3.12\site-packages\pytz\zoneinfo\Asia\Dubai"
"A667613E16894702B038DBF18993467854880A3956CF263D265147BFE1FDBA96","C:\SNS_24AutoProject_250723\modules\common\instabot_env\lib\python3.12\site-packages\pytz\zoneinfo\Asia\Muscat"
"A667613E16894702B038DBF18993467854880A3956CF263D265147BFE1FDBA96","C:\SNS_24AutoProject_250723\modules\common\instabot_env\lib\python3.12\site-packages\pytz\zoneinfo\Indian\Reunion"
"2E7BF5BE950D017068F2FD1BF5DF40429CBE004C8EE506B6220D0FBC3923AE65","C:\SNS_24AutoProject_250723\modules\common\instabot_env\lib\python3.12\site-packages\pytz\zoneinfo\Asia\Ho_Chi_Minh"
"17564E759643B151F00C98A792C47E86372A3F3A8E963BDDADE648585BA52716","C:\SNS_24AutoProject_250723\modules\common\instabot_env\lib\python3.12\site-packages\pytz\zoneinfo\Asia\Kashgar"
"FD1B1F79259B0ABF24338611262ED7BFA8401221D6D7820586C5EC7E16CF8E83","C:\SNS_24AutoProject_250723\modules\common\instabot_env\lib\python3.12\site-packages\pytz\zoneinfo\Asia\Kathmandu"
"32F02447246CAC0DABD39D88B65C85E5B8761617918C8D233F0834B88887D989","C:\SNS_24AutoProject_250723\modules\common\instabot_env\lib\python3.12\site-packages\pytz\zoneinfo\Asia\Macao"
"3A126D0AA493114FAEE67D28A4154EE41BBEC10CDC60FCBD4BFE9A02125780EC","C:\SNS_24AutoProject_250723\modules\common\instabot_env\lib\python3.12\site-packages\pytz\zoneinfo\Asia\Makassar"
"FD81C04AAE19E5871420B21D844CE0DBB0862F36AB5073C31ECD438F44203463","C:\SNS_24AutoProject_250723\modules\common\instabot_env\lib\python3.12\site-packages\pytz\zoneinfo\Asia\Rangoon"
"FD81C04AAE19E5871420B21D844CE0DBB0862F36AB5073C31ECD438F44203463","C:\SNS_24AutoProject_250723\modules\common\instabot_env\lib\python3.12\site-packages\pytz\zoneinfo\Asia\Yangon"
"1B69D341510C98A956B7407BE3F7D400BECA437600BBFFC9E87722898B362325","C:\SNS_24AutoProject_250723\modules\common\instabot_env\lib\python3.12\site-packages\pytz\zoneinfo\Asia\Thimbu"
"3626DD64F66D6A99D847F9B22199CC753692286B0E04682E8E3D3F4F636F033B","C:\SNS_24AutoProject_250723\modules\common\instabot_env\lib\python3.12\site-packages\pytz\zoneinfo\Atlantic\Faeroe"
"42C3857585B16DB2F8FFD47BA19FAA60F473340DE8D4FE9320EA7BE861605906","C:\SNS_24AutoProject_250723\modules\common\instabot_env\lib\python3.12\site-packages\pytz\zoneinfo\Australia\ACT"
"42C3857585B16DB2F8FFD47BA19FAA60F473340DE8D4FE9320EA7BE861605906","C:\SNS_24AutoProject_250723\modules\common\instabot_env\lib\python3.12\site-packages\pytz\zoneinfo\Australia\Canberra"
"42C3857585B16DB2F8FFD47BA19FAA60F473340DE8D4FE9320EA7BE861605906","C:\SNS_24AutoProject_250723\modules\common\instabot_env\lib\python3.12\site-packages\pytz\zoneinfo\Australia\NSW"
"95DD846F153BE6856098F7BBD37CFE23A6AA2E0D0A9AFEB665C086CE44F9476D","C:\SNS_24AutoProject_250723\modules\common\instabot_env\lib\python3.12\site-packages\pytz\zoneinfo\Australia\Adelaide"
"796E90CF37B6B74FACA5E2669AFB7524CCDB91269D20A744F385C773B254B467","C:\SNS_24AutoProject_250723\modules\common\instabot_env\lib\python3.12\site-packages\pytz\zoneinfo\Australia\Brisbane"
"DE4FF79634EF4B91927E8ED787AC3BD54811DDA03060F06C9C227E9A51180AA4","C:\SNS_24AutoProject_250723\modules\common\instabot_env\lib\python3.12\site-packages\pytz\zoneinfo\Australia\Broken_Hill"
"18B412CE021FB16C4EBE628EAE1A5FA1F5AA20D41FEA1DFA358CB799CABA81C8","C:\SNS_24AutoProject_250723\modules\common\instabot_env\lib\python3.12\site-packages\pytz\zoneinfo\Australia\Currie"
"18B412CE021FB16C4EBE628EAE1A5FA1F5AA20D41FEA1DFA358CB799CABA81C8","C:\SNS_24AutoProject_250723\modules\common\instabot_env\lib\python3.12\site-packages\pytz\zoneinfo\Australia\Hobart"
"7E7D08661216F7C1409F32E283EFC606D5B92C0E788DA8DD79E533838B421AFA","C:\SNS_24AutoProject_250723\modules\common\instabot_env\lib\python3.12\site-packages\pytz\zoneinfo\Australia\Darwin"
"A323C5433991A963EB497B7DA4D1D09848BF3EF5F5D64D9C9649F388E4BAB9DF","C:\SNS_24AutoProject_250723\modules\common\instabot_env\lib\python3.12\site-packages\pytz\zoneinfo\Australia\LHI"
"96FC7F31072E9CC73ABB6B2622B97C5F8DBB6CBB17BE3920A4249D8D80933413","C:\SNS_24AutoProject_250723\modules\common\instabot_env\lib\python3.12\site-packages\pytz\zoneinfo\Australia\Melbourne"
"025D4339487853FA1F3144127959734B20F7C7B4948CFF5D72149A0541A67968","C:\SNS_24AutoProject_250723\modules\common\instabot_env\lib\python3.12\site-packages\pytz\zoneinfo\Australia\Perth"
"41BB9B06CFF1425BCAC1E027BAB8721E320AE238BBEC68781BEBAC5EE97A5D53","C:\SNS_24AutoProject_250723\modules\common\instabot_env\lib\python3.12\site-packages\pytz\zoneinfo\Chile\EasterIsland"
"3A95ADB06156044FD2FA662841C0268C2B5AF47C1B19000D9D299563D387093A","C:\SNS_24AutoProject_250723\modules\common\instabot_env\lib\python3.12\site-packages\pytz\zoneinfo\Europe\Belgrade"
"3A95ADB06156044FD2FA662841C0268C2B5AF47C1B19000D9D299563D387093A","C:\SNS_24AutoProject_250723\modules\common\instabot_env\lib\python3.12\site-packages\pytz\zoneinfo\Europe\Ljubljana"
"3A95ADB06156044FD2FA662841C0268C2B5AF47C1B19000D9D299563D387093A","C:\SNS_24AutoProject_250723\modules\common\instabot_env\lib\python3.12\site-packages\pytz\zoneinfo\Europe\Podgorica"
"3A95ADB06156044FD2FA662841C0268C2B5AF47C1B19000D9D299563D387093A","C:\SNS_24AutoProject_250723\modules\common\instabot_env\lib\python3.12\site-packages\pytz\zoneinfo\Europe\Sarajevo"
"3A95ADB06156044FD2FA662841C0268C2B5AF47C1B19000D9D299563D387093A","C:\SNS_24AutoProject_250723\modules\common\instabot_env\lib\python3.12\site-packages\pytz\zoneinfo\Europe\Skopje"
"1BD7DD8545E6CF1EB9D419F267A57B00E60857D115E5A309326E3878968B2D9C","C:\SNS_24AutoProject_250723\modules\common\instabot_env\lib\python3.12\site-packages\pytz\zoneinfo\Europe\Bratislava"
"2B9418ED48E3D9551C84A4786E185BD2181D009866C040FBD729170D038629EF","C:\SNS_24AutoProject_250723\modules\common\instabot_env\lib\python3.12\site-packages\pytz\zoneinfo\Europe\Busingen"
"2B9418ED48E3D9551C84A4786E185BD2181D009866C040FBD729170D038629EF","C:\SNS_24AutoProject_250723\modules\common\instabot_env\lib\python3.12\site-packages\pytz\zoneinfo\Europe\Vaduz"
"A7527FAEA144D77A4BF1CA4146B1057BEB5E088F1FD1F28AE2E4D4CBFE1D885E","C:\SNS_24AutoProject_250723\modules\common\instabot_env\lib\python3.12\site-packages\pytz\zoneinfo\Europe\Chisinau"
"184901ECBB158667A0B7B62EB9685E083BC3182EDBECDC3D6D3743192F6A9097","C:\SNS_24AutoProject_250723\modules\common\instabot_env\lib\python3.12\site-packages\pytz\zoneinfo\Europe\Helsinki"
"FB0AE91BD8CFB882853F5360055BE7C6C3117FD2FF879CF727A4378E3D40C0D3","C:\SNS_24AutoProject_250723\modules\common\instabot_env\lib\python3.12\site-packages\pytz\zoneinfo\Europe\Kiev"
"FB0AE91BD8CFB882853F5360055BE7C6C3117FD2FF879CF727A4378E3D40C0D3","C:\SNS_24AutoProject_250723\modules\common\instabot_env\lib\python3.12\site-packages\pytz\zoneinfo\Europe\Kyiv"
"FB0AE91BD8CFB882853F5360055BE7C6C3117FD2FF879CF727A4378E3D40C0D3","C:\SNS_24AutoProject_250723\modules\common\instabot_env\lib\python3.12\site-packages\pytz\zoneinfo\Europe\Zaporozhye"
"AB77A1488A2DD4667A4F23072236E0D2845FE208405EEC1B4834985629BA7AF8","C:\SNS_24AutoProject_250723\modules\common\instabot_env\lib\python3.12\site-packages\pytz\zoneinfo\Europe\Monaco"
"D5ADE82CC4A232949B87D43157C84B2C355B66A6AC87CF6250ED6EAD80B5018F","C:\SNS_24AutoProject_250723\modules\common\instabot_env\lib\python3.12\site-packages\pytz\zoneinfo\Europe\Rome"
"D5ADE82CC4A232949B87D43157C84B2C355B66A6AC87CF6250ED6EAD80B5018F","C:\SNS_24AutoProject_250723\modules\common\instabot_env\lib\python3.12\site-packages\pytz\zoneinfo\Europe\San_Marino"
"17BDDF7D57C1A14A07ADED3E0F0B2242B60970BA4F396F892469379FCF253395","C:\SNS_24AutoProject_250723\modules\common\instabot_env\lib\python3.12\site-packages\pytz\zoneinfo\Indian\Kerguelen"
"1CD4C02ABB07FD1D96DD046529C98D95DE4A71774FD328170A3128BDCD62FBA4","C:\SNS_24AutoProject_250723\modules\common\instabot_env\lib\python3.12\site-packages\pytz\zoneinfo\Pacific\Enderbury"
"53268A8A6B11F0B8E02FC67683AE48D074EFAF7B4C66E036C1478107AFD9A7D7","C:\SNS_24AutoProject_250723\modules\common\instabot_env\lib\python3.12\site-packages\pytz\zoneinfo\Pacific\Funafuti"
"53268A8A6B11F0B8E02FC67683AE48D074EFAF7B4C66E036C1478107AFD9A7D7","C:\SNS_24AutoProject_250723\modules\common\instabot_env\lib\python3.12\site-packages\pytz\zoneinfo\Pacific\Majuro"
"53268A8A6B11F0B8E02FC67683AE48D074EFAF7B4C66E036C1478107AFD9A7D7","C:\SNS_24AutoProject_250723\modules\common\instabot_env\lib\python3.12\site-packages\pytz\zoneinfo\Pacific\Tarawa"
"53268A8A6B11F0B8E02FC67683AE48D074EFAF7B4C66E036C1478107AFD9A7D7","C:\SNS_24AutoProject_250723\modules\common\instabot_env\lib\python3.12\site-packages\pytz\zoneinfo\Pacific\Wake"
"3389135AA69241A57500C8722D2BE6C2804917B5FD89CAC82DBBD0270A7DE348","C:\SNS_24AutoProject_250723\modules\common\instabot_env\lib\python3.12\site-packages\pytz\zoneinfo\Pacific\Guadalcanal"
"3389135AA69241A57500C8722D2BE6C2804917B5FD89CAC82DBBD0270A7DE348","C:\SNS_24AutoProject_250723\modules\common\instabot_env\lib\python3.12\site-packages\pytz\zoneinfo\Pacific\Pohnpei"
"131F739E67FAACD7C6CDEEA036964908CAF54D3E2B925D929EB85E72B749B9F2","C:\SNS_24AutoProject_250723\modules\common\instabot_env\lib\python3.12\site-packages\pytz\zoneinfo\Pacific\Guam"
"7C262B62985863AAD47F13B0EF5DB2E5CC917B5D38002DE9A2EA83DDB0883458","C:\SNS_24AutoProject_250723\modules\common\instabot_env\lib\python3.12\site-packages\pytz\zoneinfo\Pacific\Midway"
"7C262B62985863AAD47F13B0EF5DB2E5CC917B5D38002DE9A2EA83DDB0883458","C:\SNS_24AutoProject_250723\modules\common\instabot_env\lib\python3.12\site-packages\pytz\zoneinfo\Pacific\Pago_Pago"
"9542A73ADA51A8AFAA34BE897CE3FEF2D46AA661D4DF8095C60B91E72D107DBC","C:\SNS_24AutoProject_250723\modules\deprecated_conflict\exceptions.py"
"706A2EF0EC27369A63B2B40CFE24BBE8112EC7148B57B2621A0138FB754A74F0","C:\SNS_24AutoProject_250723\modules\dm\bot_archive.py"
"54406812D76025C73C4732E070328035B1D30C15936A1D4A5AB7CF3B5A68C6F3","C:\SNS_24AutoProject_250723\modules\dm\bot_block.py"
"0BBA2B074EC32A018D82C92A9CA5F534B1D48067224F2E14B4F7C7F73E5517A9","C:\SNS_24AutoProject_250723\modules\dm\bot_delete.py"
"7B8DC752677B210A589139511BDA1BE50AF3908352D082F9DFEDA68F3AB55F3D","C:\SNS_24AutoProject_250723\modules\dm\bot_direct.py"
"AABCAB23DC0E23C30253E43A57ECDDEFC54E7A54DB6DC3EABDB72EA88A99D2ED","C:\SNS_24AutoProject_250723\modules\dm\bot_filter.py"
"F70560D1030A1A3112B9B097C4D0F474695C6B4211938094F1246C77E7BBECD0","C:\SNS_24AutoProject_250723\modules\dm\bot_follow.py"
"3DF6FBE3ED5589C4C22CD7432E5C0CA6F21B912F8C11DCA01032AED119108A4B","C:\SNS_24AutoProject_250723\modules\dm\bot_like.py"
"3DF6FBE3ED5589C4C22CD7432E5C0CA6F21B912F8C11DCA01032AED119108A4B","C:\SNS_24AutoProject_250723\modules\dm\bot_like_6dbb9223.py"
"A792A35D07974D1B4AE5BDF9F7D2CBB8421DF7D3C257E30F564E75D65D60E41F","C:\SNS_24AutoProject_250723\modules\dm\bot_photo.py"
"56919CD7DB822A1B44AC0A244BCE57717C19F681597BB0D91A81E72E86C31E83","C:\SNS_24AutoProject_250723\modules\dm\bot_stats.py"
"C0D66545B3E645EC733E090BDA722C4885131025872A8334AF1C7554281F67AC","C:\SNS_24AutoProject_250723\modules\dm\bot_support.py"
"26831D3E10E7A2E3FB08A4067BA17AB1628D0348787043754701E5A5D55961D5","C:\SNS_24AutoProject_250723\modules\dm\bot_unfollow.py"
"CB224138E9E4E43091453E1AE8132C96EA2627DAD83DF2F0B9BD5501788D045C","C:\SNS_24AutoProject_250723\modules\dm\bot_unlike.py"
"FB16A22AA108FD530335FA9061C51FF9F3037B013237ACA9A5C38AF46E3967F5","C:\SNS_24AutoProject_250723\modules\dm\bot_video.py"
"76C5E8C229343929341FAFCE3404D4CBE1B376CED7ABEB352CE6ABE4CDBF7E81","C:\SNS_24AutoProject_250723\scripts\export_all_logtables_to_excel_1.py"
"76C5E8C229343929341FAFCE3404D4CBE1B376CED7ABEB352CE6ABE4CDBF7E81","C:\SNS_24AutoProject_250723\scripts\export_all_logtables_to_excel_2.py"
"76C5E8C229343929341FAFCE3404D4CBE1B376CED7ABEB352CE6ABE4CDBF7E81","C:\SNS_24AutoProject_250723\scripts\export_all_logtables_to_excel_3.py"
"76C5E8C229343929341FAFCE3404D4CBE1B376CED7ABEB352CE6ABE4CDBF7E81","C:\SNS_24AutoProject_250723\scripts\export_all_logtables_to_excel_5.py"
"76C5E8C229343929341FAFCE3404D4CBE1B376CED7ABEB352CE6ABE4CDBF7E81","C:\SNS_24AutoProject_250723\scripts\export_all_logtables_to_excel_6.py"
"1B8A4FD580736DD9B7162F8FBB6B72CCDC525A7C6EBD554F2E8EDDA10FF32172","C:\SNS_24AutoProject_250723\scripts\export_all_tables_with_datetime_1.py"
"1B8A4FD580736DD9B7162F8FBB6B72CCDC525A7C6EBD554F2E8EDDA10FF32172","C:\SNS_24AutoProject_250723\scripts\export_all_tables_with_datetime_2.py"
"1B8A4FD580736DD9B7162F8FBB6B72CCDC525A7C6EBD554F2E8EDDA10FF32172","C:\SNS_24AutoProject_250723\scripts\export_all_tables_with_datetime_3.py"
"1B8A4FD580736DD9B7162F8FBB6B72CCDC525A7C6EBD554F2E8EDDA10FF32172","C:\SNS_24AutoProject_250723\scripts\export_all_tables_with_datetime_5.py"
"1B8A4FD580736DD9B7162F8FBB6B72CCDC525A7C6EBD554F2E8EDDA10FF32172","C:\SNS_24AutoProject_250723\scripts\export_all_tables_with_datetime_6.py"
"572220665EABDBBE256E8690827C81918C3361BC0B11B2480EFA70C0D18E7FC4","C:\SNS_24AutoProject_250723\scripts\export_all_table_row_counts_1.py"
"572220665EABDBBE256E8690827C81918C3361BC0B11B2480EFA70C0D18E7FC4","C:\SNS_24AutoProject_250723\scripts\export_all_table_row_counts_2.py"
"572220665EABDBBE256E8690827C81918C3361BC0B11B2480EFA70C0D18E7FC4","C:\SNS_24AutoProject_250723\scripts\export_all_table_row_counts_3.py"
"572220665EABDBBE256E8690827C81918C3361BC0B11B2480EFA70C0D18E7FC4","C:\SNS_24AutoProject_250723\scripts\export_all_table_row_counts_5.py"
"572220665EABDBBE256E8690827C81918C3361BC0B11B2480EFA70C0D18E7FC4","C:\SNS_24AutoProject_250723\scripts\export_all_table_row_counts_6.py"
"D7FBCB82B26122F53FBEE61E43FEC90ABF49F00730A1D990077AD7CB7C103757","C:\SNS_24AutoProject_250723\scripts\export_command_log_1.py"
"D7FBCB82B26122F53FBEE61E43FEC90ABF49F00730A1D990077AD7CB7C103757","C:\SNS_24AutoProject_250723\scripts\export_command_log_2.py"
"D7FBCB82B26122F53FBEE61E43FEC90ABF49F00730A1D990077AD7CB7C103757","C:\SNS_24AutoProject_250723\scripts\export_command_log_3.py"
"D7FBCB82B26122F53FBEE61E43FEC90ABF49F00730A1D990077AD7CB7C103757","C:\SNS_24AutoProject_250723\scripts\export_command_log_5.py"
"D7FBCB82B26122F53FBEE61E43FEC90ABF49F00730A1D990077AD7CB7C103757","C:\SNS_24AutoProject_250723\scripts\export_command_log_6.py"
"1C5C6CD1C6B5A34EA45580635C00B4F5BD64AD0E737D6F18AF374A49CBC292C8","C:\SNS_24AutoProject_250723\scripts\export_disk_log_1.py"
"1C5C6CD1C6B5A34EA45580635C00B4F5BD64AD0E737D6F18AF374A49CBC292C8","C:\SNS_24AutoProject_250723\scripts\export_disk_log_2.py"
"1C5C6CD1C6B5A34EA45580635C00B4F5BD64AD0E737D6F18AF374A49CBC292C8","C:\SNS_24AutoProject_250723\scripts\export_disk_log_3.py"
"1C5C6CD1C6B5A34EA45580635C00B4F5BD64AD0E737D6F18AF374A49CBC292C8","C:\SNS_24AutoProject_250723\scripts\export_disk_log_5.py"
"1C5C6CD1C6B5A34EA45580635C00B4F5BD64AD0E737D6F18AF374A49CBC292C8","C:\SNS_24AutoProject_250723\scripts\export_disk_log_6.py"
"943119DDB346883898868544213A0B47E2FE973188F7653CC5FBA45ACDF3A3B7","C:\SNS_24AutoProject_250723\scripts\export_hook_logs_to_csv_1.py"
"943119DDB346883898868544213A0B47E2FE973188F7653CC5FBA45ACDF3A3B7","C:\SNS_24AutoProject_250723\scripts\export_hook_logs_to_csv_2.py"
"943119DDB346883898868544213A0B47E2FE973188F7653CC5FBA45ACDF3A3B7","C:\SNS_24AutoProject_250723\scripts\export_hook_logs_to_csv_3.py"
"943119DDB346883898868544213A0B47E2FE973188F7653CC5FBA45ACDF3A3B7","C:\SNS_24AutoProject_250723\scripts\export_hook_logs_to_csv_5.py"
"943119DDB346883898868544213A0B47E2FE973188F7653CC5FBA45ACDF3A3B7","C:\SNS_24AutoProject_250723\scripts\export_hook_logs_to_csv_6.py"
"A2D3AD4DCD9F50614DBA82E9702F71952E5547EF954190C2B4651C843ED3933F","C:\SNS_24AutoProject_250723\scripts\export_logtrace_1.py"
"A2D3AD4DCD9F50614DBA82E9702F71952E5547EF954190C2B4651C843ED3933F","C:\SNS_24AutoProject_250723\scripts\export_logtrace_3.py"
"333ED8DCB400DD6464928262ADAF896F3276F99BE9BD725E7BB15EFA391AE2CB","C:\SNS_24AutoProject_250723\scripts\export_logtrace_2.py"
"333ED8DCB400DD6464928262ADAF896F3276F99BE9BD725E7BB15EFA391AE2CB","C:\SNS_24AutoProject_250723\scripts\export_logtrace_4.py"
"BE8CFACB821568299EB420D62967EF9997B63A84DFFCB77EC09FB978B025599D","C:\SNS_24AutoProject_250723\scripts\export_logtrace_to_csv_1.py"
"BE8CFACB821568299EB420D62967EF9997B63A84DFFCB77EC09FB978B025599D","C:\SNS_24AutoProject_250723\scripts\export_logtrace_to_csv_2.py"
"BE8CFACB821568299EB420D62967EF9997B63A84DFFCB77EC09FB978B025599D","C:\SNS_24AutoProject_250723\scripts\export_logtrace_to_csv_3.py"
"BE8CFACB821568299EB420D62967EF9997B63A84DFFCB77EC09FB978B025599D","C:\SNS_24AutoProject_250723\scripts\export_logtrace_to_csv_5.py"
"BE8CFACB821568299EB420D62967EF9997B63A84DFFCB77EC09FB978B025599D","C:\SNS_24AutoProject_250723\scripts\export_logtrace_to_csv_6.py"
"5C649C1B1803315CA2FD6E5662F6208CDAE431D12B38177891FADE18737747E7","C:\SNS_24AutoProject_250723\scripts\export_logtrace_to_csv_with_datetime.py"
"4E09F9E8793950001F4A9F179BF99D8B14886CC6F6398E2852E30AEC402280BD","C:\SNS_24AutoProject_250723\scripts\export_logtrace_to_csv_with_datetime_1.py"
"4E09F9E8793950001F4A9F179BF99D8B14886CC6F6398E2852E30AEC402280BD","C:\SNS_24AutoProject_250723\scripts\export_logtrace_to_csv_with_datetime_2.py"
"4E09F9E8793950001F4A9F179BF99D8B14886CC6F6398E2852E30AEC402280BD","C:\SNS_24AutoProject_250723\scripts\export_logtrace_to_csv_with_datetime_3.py"
"4E09F9E8793950001F4A9F179BF99D8B14886CC6F6398E2852E30AEC402280BD","C:\SNS_24AutoProject_250723\scripts\export_logtrace_to_csv_with_datetime_4.py"
"4E09F9E8793950001F4A9F179BF99D8B14886CC6F6398E2852E30AEC402280BD","C:\SNS_24AutoProject_250723\scripts\export_logtrace_to_csv_with_datetime_5.py"
"4E09F9E8793950001F4A9F179BF99D8B14886CC6F6398E2852E30AEC402280BD","C:\SNS_24AutoProject_250723\scripts\export_logtrace_to_csv_with_datetime_6.py"
"4E09F9E8793950001F4A9F179BF99D8B14886CC6F6398E2852E30AEC402280BD","C:\SNS_24AutoProject_250723\scripts\export_logtrace_with_datetime_1.py"
"4E09F9E8793950001F4A9F179BF99D8B14886CC6F6398E2852E30AEC402280BD","C:\SNS_24AutoProject_250723\scripts\export_logtrace_with_datetime_2.py"
"4E09F9E8793950001F4A9F179BF99D8B14886CC6F6398E2852E30AEC402280BD","C:\SNS_24AutoProject_250723\scripts\export_logtrace_with_datetime_4.py"
"4E09F9E8793950001F4A9F179BF99D8B14886CC6F6398E2852E30AEC402280BD","C:\SNS_24AutoProject_250723\scripts\export_logtrace_with_datetime_5.py"
"4E09F9E8793950001F4A9F179BF99D8B14886CC6F6398E2852E30AEC402280BD","C:\SNS_24AutoProject_250723\scripts\export_logtrace_with_datetime_6.py"
"E206F26130D8C69351BB7227FFCEBA2C3174D756468F8032AA44161102147203","C:\SNS_24AutoProject_250723\scripts\export_logtrace_to_excel_1.py"
"E206F26130D8C69351BB7227FFCEBA2C3174D756468F8032AA44161102147203","C:\SNS_24AutoProject_250723\scripts\export_logtrace_to_excel_2.py"
"E206F26130D8C69351BB7227FFCEBA2C3174D756468F8032AA44161102147203","C:\SNS_24AutoProject_250723\scripts\export_logtrace_to_excel_3.py"
"E206F26130D8C69351BB7227FFCEBA2C3174D756468F8032AA44161102147203","C:\SNS_24AutoProject_250723\scripts\export_logtrace_to_excel_5.py"
"E206F26130D8C69351BB7227FFCEBA2C3174D756468F8032AA44161102147203","C:\SNS_24AutoProject_250723\scripts\export_logtrace_to_excel_6.py"
"780C79DBC9CA743FCC812C289748921A70C4D1E3B9AAF58F2CB3C980F2EDCE3A","C:\SNS_24AutoProject_250723\scripts\export_logtrace_to_excel_with_datetime_1.py"
"780C79DBC9CA743FCC812C289748921A70C4D1E3B9AAF58F2CB3C980F2EDCE3A","C:\SNS_24AutoProject_250723\scripts\export_logtrace_to_excel_with_datetime_2.py"
"780C79DBC9CA743FCC812C289748921A70C4D1E3B9AAF58F2CB3C980F2EDCE3A","C:\SNS_24AutoProject_250723\scripts\export_logtrace_to_excel_with_datetime_3.py"
"780C79DBC9CA743FCC812C289748921A70C4D1E3B9AAF58F2CB3C980F2EDCE3A","C:\SNS_24AutoProject_250723\scripts\export_logtrace_to_excel_with_datetime_5.py"
"780C79DBC9CA743FCC812C289748921A70C4D1E3B9AAF58F2CB3C980F2EDCE3A","C:\SNS_24AutoProject_250723\scripts\export_logtrace_to_excel_with_datetime_6.py"
"F217E42F58C24D68E40F674E1E8D49802CCC3B804B6648CEDBA30F58A27FAD7C","C:\SNS_24AutoProject_250723\scripts\export_logtrace_with_datetime_csv.py"
"987C45B225002812A0DB3C92725D6DB49BA0845EA2F0C2005C6F6E174B133768","C:\SNS_24AutoProject_250723\scripts\export_logtrace_with_datetime_csv_1.py"
"987C45B225002812A0DB3C92725D6DB49BA0845EA2F0C2005C6F6E174B133768","C:\SNS_24AutoProject_250723\scripts\export_logtrace_with_datetime_csv_2.py"
"987C45B225002812A0DB3C92725D6DB49BA0845EA2F0C2005C6F6E174B133768","C:\SNS_24AutoProject_250723\scripts\export_logtrace_with_datetime_csv_3.py"
"987C45B225002812A0DB3C92725D6DB49BA0845EA2F0C2005C6F6E174B133768","C:\SNS_24AutoProject_250723\scripts\export_logtrace_with_datetime_csv_4.py"
"987C45B225002812A0DB3C92725D6DB49BA0845EA2F0C2005C6F6E174B133768","C:\SNS_24AutoProject_250723\scripts\export_logtrace_with_datetime_csv_5.py"
"987C45B225002812A0DB3C92725D6DB49BA0845EA2F0C2005C6F6E174B133768","C:\SNS_24AutoProject_250723\scripts\export_logtrace_with_datetime_csv_6.py"
"987C45B225002812A0DB3C92725D6DB49BA0845EA2F0C2005C6F6E174B133768","C:\SNS_24AutoProject_250723\scripts\export_logtrace_with_os_path_1.py"
"987C45B225002812A0DB3C92725D6DB49BA0845EA2F0C2005C6F6E174B133768","C:\SNS_24AutoProject_250723\scripts\export_logtrace_with_os_path_2.py"
"987C45B225002812A0DB3C92725D6DB49BA0845EA2F0C2005C6F6E174B133768","C:\SNS_24AutoProject_250723\scripts\export_logtrace_with_os_path_4.py"
"987C45B225002812A0DB3C92725D6DB49BA0845EA2F0C2005C6F6E174B133768","C:\SNS_24AutoProject_250723\scripts\export_logtrace_with_os_path_5.py"
"987C45B225002812A0DB3C92725D6DB49BA0845EA2F0C2005C6F6E174B133768","C:\SNS_24AutoProject_250723\scripts\export_logtrace_with_os_path_6.py"
"C7C7419359E2CE9AF170DF1DB0763760D26B70704DC2A9DB62C39508D83F20F9","C:\SNS_24AutoProject_250723\scripts\export_log_summary_1.py"
"8083B3AE5EE499656749C3E1D58657FB870E45BA1809E6FA935543ECBC656A68","C:\SNS_24AutoProject_250723\scripts\export_log_summary_csv_with_datetime_1.py"
"8083B3AE5EE499656749C3E1D58657FB870E45BA1809E6FA935543ECBC656A68","C:\SNS_24AutoProject_250723\scripts\export_log_summary_csv_with_datetime_2.py"
"8083B3AE5EE499656749C3E1D58657FB870E45BA1809E6FA935543ECBC656A68","C:\SNS_24AutoProject_250723\scripts\export_log_summary_csv_with_datetime_3.py"
"8083B3AE5EE499656749C3E1D58657FB870E45BA1809E6FA935543ECBC656A68","C:\SNS_24AutoProject_250723\scripts\export_log_summary_csv_with_datetime_5.py"
"8083B3AE5EE499656749C3E1D58657FB870E45BA1809E6FA935543ECBC656A68","C:\SNS_24AutoProject_250723\scripts\export_log_summary_csv_with_datetime_6.py"
"A57F4EDC1B3D7303FF3E59A678B5917E989B78EAA5B5426E681E7036D4240739","C:\SNS_24AutoProject_250723\scripts\export_network_log_1.py"
"A57F4EDC1B3D7303FF3E59A678B5917E989B78EAA5B5426E681E7036D4240739","C:\SNS_24AutoProject_250723\scripts\export_network_log_2.py"
"A57F4EDC1B3D7303FF3E59A678B5917E989B78EAA5B5426E681E7036D4240739","C:\SNS_24AutoProject_250723\scripts\export_network_log_3.py"
"A57F4EDC1B3D7303FF3E59A678B5917E989B78EAA5B5426E681E7036D4240739","C:\SNS_24AutoProject_250723\scripts\export_network_log_5.py"
"A57F4EDC1B3D7303FF3E59A678B5917E989B78EAA5B5426E681E7036D4240739","C:\SNS_24AutoProject_250723\scripts\export_network_log_6.py"
"196BA8EFD74909DFC1823F62EA6EFB90E623FADBBC33A2AFE7C52F708C72A655","C:\SNS_24AutoProject_250723\scripts\export_session_log_1.py"
"196BA8EFD74909DFC1823F62EA6EFB90E623FADBBC33A2AFE7C52F708C72A655","C:\SNS_24AutoProject_250723\scripts\export_session_log_2.py"
"196BA8EFD74909DFC1823F62EA6EFB90E623FADBBC33A2AFE7C52F708C72A655","C:\SNS_24AutoProject_250723\scripts\export_session_log_3.py"
"196BA8EFD74909DFC1823F62EA6EFB90E623FADBBC33A2AFE7C52F708C72A655","C:\SNS_24AutoProject_250723\scripts\export_session_log_5.py"
"196BA8EFD74909DFC1823F62EA6EFB90E623FADBBC33A2AFE7C52F708C72A655","C:\SNS_24AutoProject_250723\scripts\export_session_log_6.py"
"D3C8E94D78016AF3BCC6087C7B936C63389A99EEE520629BE08A1B7BDA76F3E2","C:\SNS_24AutoProject_250723\scripts\export_session_results_to_csv_1.py"
"D3C8E94D78016AF3BCC6087C7B936C63389A99EEE520629BE08A1B7BDA76F3E2","C:\SNS_24AutoProject_250723\scripts\export_session_results_to_csv_2.py"
"D3C8E94D78016AF3BCC6087C7B936C63389A99EEE520629BE08A1B7BDA76F3E2","C:\SNS_24AutoProject_250723\scripts\export_session_results_to_csv_3.py"
"D3C8E94D78016AF3BCC6087C7B936C63389A99EEE520629BE08A1B7BDA76F3E2","C:\SNS_24AutoProject_250723\scripts\export_session_results_to_csv_5.py"
"D3C8E94D78016AF3BCC6087C7B936C63389A99EEE520629BE08A1B7BDA76F3E2","C:\SNS_24AutoProject_250723\scripts\export_session_results_to_csv_6.py"
"0CA0BD6187D03EE57B78E4FB76D67EE4405B36F871F823935E63F91064DAA660","C:\SNS_24AutoProject_250723\scripts\export_session_results_to_csv_with_datetime_1.py"
"0CA0BD6187D03EE57B78E4FB76D67EE4405B36F871F823935E63F91064DAA660","C:\SNS_24AutoProject_250723\scripts\export_session_results_to_csv_with_datetime_2.py"
"0CA0BD6187D03EE57B78E4FB76D67EE4405B36F871F823935E63F91064DAA660","C:\SNS_24AutoProject_250723\scripts\export_session_results_to_csv_with_datetime_3.py"
"0CA0BD6187D03EE57B78E4FB76D67EE4405B36F871F823935E63F91064DAA660","C:\SNS_24AutoProject_250723\scripts\export_session_results_to_csv_with_datetime_5.py"
"0CA0BD6187D03EE57B78E4FB76D67EE4405B36F871F823935E63F91064DAA660","C:\SNS_24AutoProject_250723\scripts\export_session_results_to_csv_with_datetime_6.py"
"0DA69DA5F622811AB8D38C7E8912CC6CAEB4F14AE630D5EEF8CA97B685047763","C:\SNS_24AutoProject_250723\scripts\export_session_results_with_datetime_1.py"
"0DA69DA5F622811AB8D38C7E8912CC6CAEB4F14AE630D5EEF8CA97B685047763","C:\SNS_24AutoProject_250723\scripts\export_session_results_with_datetime_2.py"
"0DA69DA5F622811AB8D38C7E8912CC6CAEB4F14AE630D5EEF8CA97B685047763","C:\SNS_24AutoProject_250723\scripts\export_session_results_with_datetime_3.py"
"0DA69DA5F622811AB8D38C7E8912CC6CAEB4F14AE630D5EEF8CA97B685047763","C:\SNS_24AutoProject_250723\scripts\export_session_results_with_datetime_5.py"
"0DA69DA5F622811AB8D38C7E8912CC6CAEB4F14AE630D5EEF8CA97B685047763","C:\SNS_24AutoProject_250723\scripts\export_session_results_with_datetime_6.py"
"CBB1A58CB392F21C5E485F80C030C1F09F7E7B9B2ADFD767993A89C64CE4EC76","C:\SNS_24AutoProject_250723\scripts\export_session_results_with_datetime_excel_1.py"
"CBB1A58CB392F21C5E485F80C030C1F09F7E7B9B2ADFD767993A89C64CE4EC76","C:\SNS_24AutoProject_250723\scripts\export_session_results_with_datetime_excel_2.py"
"CBB1A58CB392F21C5E485F80C030C1F09F7E7B9B2ADFD767993A89C64CE4EC76","C:\SNS_24AutoProject_250723\scripts\export_session_results_with_datetime_excel_3.py"
"CBB1A58CB392F21C5E485F80C030C1F09F7E7B9B2ADFD767993A89C64CE4EC76","C:\SNS_24AutoProject_250723\scripts\export_session_results_with_datetime_excel_5.py"
"CBB1A58CB392F21C5E485F80C030C1F09F7E7B9B2ADFD767993A89C64CE4EC76","C:\SNS_24AutoProject_250723\scripts\export_session_results_with_datetime_excel_6.py"
"7C362BB454BD56DD6513D314E4FB1C27583277A763756C158E060A6711816269","C:\SNS_24AutoProject_250723\tests\generated\test_should_not_exist.py"
"0B77BDB04E0461147A7C783C200BC11A6591886E59E2509F5D7F6CB7179D01AB","C:\SNS_24AutoProject_250723\venv\Lib\site-packages\annotated_types-0.7.0.dist-info\INSTALLER"
"0B77BDB04E0461147A7C783C200BC11A6591886E59E2509F5D7F6CB7179D01AB","C:\SNS_24AutoProject_250723\venv\Lib\site-packages\astor-0.8.1.dist-info\INSTALLER"
"0B77BDB04E0461147A7C783C200BC11A6591886E59E2509F5D7F6CB7179D01AB","C:\SNS_24AutoProject_250723\venv\Lib\site-packages\attrs-25.3.0.dist-info\INSTALLER"
"0B77BDB04E0461147A7C783C200BC11A6591886E59E2509F5D7F6CB7179D01AB","C:\SNS_24AutoProject_250723\venv\Lib\site-packages\backports_asyncio_runner-1.2.0.dist-info\INSTALLER"
"0B77BDB04E0461147A7C783C200BC11A6591886E59E2509F5D7F6CB7179D01AB","C:\SNS_24AutoProject_250723\venv\Lib\site-packages\certifi-2025.8.3.dist-info\INSTALLER"
"0B77BDB04E0461147A7C783C200BC11A6591886E59E2509F5D7F6CB7179D01AB","C:\SNS_24AutoProject_250723\venv\Lib\site-packages\cffi-1.17.1.dist-info\INSTALLER"
"0B77BDB04E0461147A7C783C200BC11A6591886E59E2509F5D7F6CB7179D01AB","C:\SNS_24AutoProject_250723\venv\Lib\site-packages\cfgv-3.4.0.dist-info\INSTALLER"
"0B77BDB04E0461147A7C783C200BC11A6591886E59E2509F5D7F6CB7179D01AB","C:\SNS_24AutoProject_250723\venv\Lib\site-packages\charset_normalizer-3.4.2.dist-info\INSTALLER"
"0B77BDB04E0461147A7C783C200BC11A6591886E59E2509F5D7F6CB7179D01AB","C:\SNS_24AutoProject_250723\venv\Lib\site-packages\colorama-0.4.6.dist-info\INSTALLER"
"0B77BDB04E0461147A7C783C200BC11A6591886E59E2509F5D7F6CB7179D01AB","C:\SNS_24AutoProject_250723\venv\Lib\site-packages\coverage-7.10.2.dist-info\INSTALLER"
"0B77BDB04E0461147A7C783C200BC11A6591886E59E2509F5D7F6CB7179D01AB","C:\SNS_24AutoProject_250723\venv\Lib\site-packages\decorator-4.4.2.dist-info\INSTALLER"
"0B77BDB04E0461147A7C783C200BC11A6591886E59E2509F5D7F6CB7179D01AB","C:\SNS_24AutoProject_250723\venv\Lib\site-packages\distlib-0.4.0.dist-info\INSTALLER"
"0B77BDB04E0461147A7C783C200BC11A6591886E59E2509F5D7F6CB7179D01AB","C:\SNS_24AutoProject_250723\venv\Lib\site-packages\exceptiongroup-1.3.0.dist-info\INSTALLER"
"0B77BDB04E0461147A7C783C200BC11A6591886E59E2509F5D7F6CB7179D01AB","C:\SNS_24AutoProject_250723\venv\Lib\site-packages\filelock-3.18.0.dist-info\INSTALLER"
"0B77BDB04E0461147A7C783C200BC11A6591886E59E2509F5D7F6CB7179D01AB","C:\SNS_24AutoProject_250723\venv\Lib\site-packages\h11-0.16.0.dist-info\INSTALLER"
"0B77BDB04E0461147A7C783C200BC11A6591886E59E2509F5D7F6CB7179D01AB","C:\SNS_24AutoProject_250723\venv\Lib\site-packages\identify-2.6.12.dist-info\INSTALLER"
"0B77BDB04E0461147A7C783C200BC11A6591886E59E2509F5D7F6CB7179D01AB","C:\SNS_24AutoProject_250723\venv\Lib\site-packages\idna-3.10.dist-info\INSTALLER"
"0B77BDB04E0461147A7C783C200BC11A6591886E59E2509F5D7F6CB7179D01AB","C:\SNS_24AutoProject_250723\venv\Lib\site-packages\imageio-2.37.0.dist-info\INSTALLER"
"0B77BDB04E0461147A7C783C200BC11A6591886E59E2509F5D7F6CB7179D01AB","C:\SNS_24AutoProject_250723\venv\Lib\site-packages\imageio_ffmpeg-0.6.0.dist-info\INSTALLER"
"0B77BDB04E0461147A7C783C200BC11A6591886E59E2509F5D7F6CB7179D01AB","C:\SNS_24AutoProject_250723\venv\Lib\site-packages\iniconfig-2.1.0.dist-info\INSTALLER"
"0B77BDB04E0461147A7C783C200BC11A6591886E59E2509F5D7F6CB7179D01AB","C:\SNS_24AutoProject_250723\venv\Lib\site-packages\instagrapi-2.2.1.dist-info\INSTALLER"
"0B77BDB04E0461147A7C783C200BC11A6591886E59E2509F5D7F6CB7179D01AB","C:\SNS_24AutoProject_250723\venv\Lib\site-packages\moviepy-1.0.3.dist-info\INSTALLER"
"0B77BDB04E0461147A7C783C200BC11A6591886E59E2509F5D7F6CB7179D01AB","C:\SNS_24AutoProject_250723\venv\Lib\site-packages\nodeenv-1.9.1.dist-info\INSTALLER"
"0B77BDB04E0461147A7C783C200BC11A6591886E59E2509F5D7F6CB7179D01AB","C:\SNS_24AutoProject_250723\venv\Lib\site-packages\numpy-2.2.6.dist-info\INSTALLER"
"0B77BDB04E0461147A7C783C200BC11A6591886E59E2509F5D7F6CB7179D01AB","C:\SNS_24AutoProject_250723\venv\Lib\site-packages\outcome-1.3.0.post0.dist-info\INSTALLER"
"0B77BDB04E0461147A7C783C200BC11A6591886E59E2509F5D7F6CB7179D01AB","C:\SNS_24AutoProject_250723\venv\Lib\site-packages\packaging-25.0.dist-info\INSTALLER"
"0B77BDB04E0461147A7C783C200BC11A6591886E59E2509F5D7F6CB7179D01AB","C:\SNS_24AutoProject_250723\venv\Lib\site-packages\pillow-11.3.0.dist-info\INSTALLER"
"0B77BDB04E0461147A7C783C200BC11A6591886E59E2509F5D7F6CB7179D01AB","C:\SNS_24AutoProject_250723\venv\Lib\site-packages\pip-25.2.dist-info\INSTALLER"
"0B77BDB04E0461147A7C783C200BC11A6591886E59E2509F5D7F6CB7179D01AB","C:\SNS_24AutoProject_250723\venv\Lib\site-packages\pip-25.2.dist-info\top_level.txt"
"0B77BDB04E0461147A7C783C200BC11A6591886E59E2509F5D7F6CB7179D01AB","C:\SNS_24AutoProject_250723\venv\Lib\site-packages\platformdirs-4.3.8.dist-info\INSTALLER"
"0B77BDB04E0461147A7C783C200BC11A6591886E59E2509F5D7F6CB7179D01AB","C:\SNS_24AutoProject_250723\venv\Lib\site-packages\pluggy-1.6.0.dist-info\INSTALLER"
"0B77BDB04E0461147A7C783C200BC11A6591886E59E2509F5D7F6CB7179D01AB","C:\SNS_24AutoProject_250723\venv\Lib\site-packages\pre_commit-4.2.0.dist-info\INSTALLER"
"0B77BDB04E0461147A7C783C200BC11A6591886E59E2509F5D7F6CB7179D01AB","C:\SNS_24AutoProject_250723\venv\Lib\site-packages\proglog-0.1.12.dist-info\INSTALLER"
"0B77BDB04E0461147A7C783C200BC11A6591886E59E2509F5D7F6CB7179D01AB","C:\SNS_24AutoProject_250723\venv\Lib\site-packages\pycparser-2.22.dist-info\INSTALLER"
"0B77BDB04E0461147A7C783C200BC11A6591886E59E2509F5D7F6CB7179D01AB","C:\SNS_24AutoProject_250723\venv\Lib\site-packages\pycryptodomex-3.23.0.dist-info\INSTALLER"
"0B77BDB04E0461147A7C783C200BC11A6591886E59E2509F5D7F6CB7179D01AB","C:\SNS_24AutoProject_250723\venv\Lib\site-packages\pydantic-2.11.7.dist-info\INSTALLER"
"0B77BDB04E0461147A7C783C200BC11A6591886E59E2509F5D7F6CB7179D01AB","C:\SNS_24AutoProject_250723\venv\Lib\site-packages\pydantic_core-2.33.2.dist-info\INSTALLER"
"0B77BDB04E0461147A7C783C200BC11A6591886E59E2509F5D7F6CB7179D01AB","C:\SNS_24AutoProject_250723\venv\Lib\site-packages\pygments-2.19.2.dist-info\INSTALLER"
"0B77BDB04E0461147A7C783C200BC11A6591886E59E2509F5D7F6CB7179D01AB","C:\SNS_24AutoProject_250723\venv\Lib\site-packages\PySocks-1.7.1.dist-info\INSTALLER"
"0B77BDB04E0461147A7C783C200BC11A6591886E59E2509F5D7F6CB7179D01AB","C:\SNS_24AutoProject_250723\venv\Lib\site-packages\pytest-8.4.1.dist-info\INSTALLER"
"0B77BDB04E0461147A7C783C200BC11A6591886E59E2509F5D7F6CB7179D01AB","C:\SNS_24AutoProject_250723\venv\Lib\site-packages\pytest_asyncio-1.1.0.dist-info\INSTALLER"
"0B77BDB04E0461147A7C783C200BC11A6591886E59E2509F5D7F6CB7179D01AB","C:\SNS_24AutoProject_250723\venv\Lib\site-packages\pytest_cov-6.2.1.dist-info\INSTALLER"
"0B77BDB04E0461147A7C783C200BC11A6591886E59E2509F5D7F6CB7179D01AB","C:\SNS_24AutoProject_250723\venv\Lib\site-packages\python_dotenv-1.1.1.dist-info\INSTALLER"
"0B77BDB04E0461147A7C783C200BC11A6591886E59E2509F5D7F6CB7179D01AB","C:\SNS_24AutoProject_250723\venv\Lib\site-packages\PyYAML-6.0.2.dist-info\INSTALLER"
"0B77BDB04E0461147A7C783C200BC11A6591886E59E2509F5D7F6CB7179D01AB","C:\SNS_24AutoProject_250723\venv\Lib\site-packages\requests-2.32.4.dist-info\INSTALLER"
"0B77BDB04E0461147A7C783C200BC11A6591886E59E2509F5D7F6CB7179D01AB","C:\SNS_24AutoProject_250723\venv\Lib\site-packages\selenium-4.34.2.dist-info\INSTALLER"
"0B77BDB04E0461147A7C783C200BC11A6591886E59E2509F5D7F6CB7179D01AB","C:\SNS_24AutoProject_250723\venv\Lib\site-packages\setuptools-65.5.0.dist-info\INSTALLER"
"0B77BDB04E0461147A7C783C200BC11A6591886E59E2509F5D7F6CB7179D01AB","C:\SNS_24AutoProject_250723\venv\Lib\site-packages\sniffio-1.3.1.dist-info\INSTALLER"
"0B77BDB04E0461147A7C783C200BC11A6591886E59E2509F5D7F6CB7179D01AB","C:\SNS_24AutoProject_250723\venv\Lib\site-packages\sortedcontainers-2.4.0.dist-info\INSTALLER"
"0B77BDB04E0461147A7C783C200BC11A6591886E59E2509F5D7F6CB7179D01AB","C:\SNS_24AutoProject_250723\venv\Lib\site-packages\tomli-2.2.1.dist-info\INSTALLER"
"0B77BDB04E0461147A7C783C200BC11A6591886E59E2509F5D7F6CB7179D01AB","C:\SNS_24AutoProject_250723\venv\Lib\site-packages\tqdm-4.67.1.dist-info\INSTALLER"
"0B77BDB04E0461147A7C783C200BC11A6591886E59E2509F5D7F6CB7179D01AB","C:\SNS_24AutoProject_250723\venv\Lib\site-packages\trio-0.30.0.dist-info\INSTALLER"
"0B77BDB04E0461147A7C783C200BC11A6591886E59E2509F5D7F6CB7179D01AB","C:\SNS_24AutoProject_250723\venv\Lib\site-packages\trio_websocket-0.12.2.dist-info\INSTALLER"
"0B77BDB04E0461147A7C783C200BC11A6591886E59E2509F5D7F6CB7179D01AB","C:\SNS_24AutoProject_250723\venv\Lib\site-packages\types_requests-2.32.4.20250611.dist-info\INSTALLER"
"0B77BDB04E0461147A7C783C200BC11A6591886E59E2509F5D7F6CB7179D01AB","C:\SNS_24AutoProject_250723\venv\Lib\site-packages\types_urllib3-1.26.25.14.dist-info\INSTALLER"
"0B77BDB04E0461147A7C783C200BC11A6591886E59E2509F5D7F6CB7179D01AB","C:\SNS_24AutoProject_250723\venv\Lib\site-packages\typing_extensions-4.14.1.dist-info\INSTALLER"
"0B77BDB04E0461147A7C783C200BC11A6591886E59E2509F5D7F6CB7179D01AB","C:\SNS_24AutoProject_250723\venv\Lib\site-packages\typing_inspection-0.4.1.dist-info\INSTALLER"
"0B77BDB04E0461147A7C783C200BC11A6591886E59E2509F5D7F6CB7179D01AB","C:\SNS_24AutoProject_250723\venv\Lib\site-packages\urllib3-2.5.0.dist-info\INSTALLER"
"0B77BDB04E0461147A7C783C200BC11A6591886E59E2509F5D7F6CB7179D01AB","C:\SNS_24AutoProject_250723\venv\Lib\site-packages\virtualenv-20.33.0.dist-info\INSTALLER"
"0B77BDB04E0461147A7C783C200BC11A6591886E59E2509F5D7F6CB7179D01AB","C:\SNS_24AutoProject_250723\venv\Lib\site-packages\wheel-0.45.1.dist-info\INSTALLER"
"0B77BDB04E0461147A7C783C200BC11A6591886E59E2509F5D7F6CB7179D01AB","C:\SNS_24AutoProject_250723\venv\Lib\site-packages\wsproto-1.2.0.dist-info\INSTALLER"
"7EB70257593DA06F682A3DDDA54A9D260D4FC514F645237F5CA74B08F8DA61A6","C:\SNS_24AutoProject_250723\venv\Lib\site-packages\astor-0.8.1.dist-info\zip-safe"
"4AA6D842177668FB681E75A3DAC4255AC441498935BE577C020565E003BDA0DB","C:\SNS_24AutoProject_250723\venv\Lib\site-packages\attrs-25.3.0.dist-info\WHEEL"
"4AA6D842177668FB681E75A3DAC4255AC441498935BE577C020565E003BDA0DB","C:\SNS_24AutoProject_250723\venv\Lib\site-packages\backports_asyncio_runner-1.2.0.dist-info\WHEEL"
"4AA6D842177668FB681E75A3DAC4255AC441498935BE577C020565E003BDA0DB","C:\SNS_24AutoProject_250723\venv\Lib\site-packages\filelock-3.18.0.dist-info\WHEEL"
"4AA6D842177668FB681E75A3DAC4255AC441498935BE577C020565E003BDA0DB","C:\SNS_24AutoProject_250723\venv\Lib\site-packages\iniconfig-2.1.0.dist-info\WHEEL"
"4AA6D842177668FB681E75A3DAC4255AC441498935BE577C020565E003BDA0DB","C:\SNS_24AutoProject_250723\venv\Lib\site-packages\platformdirs-4.3.8.dist-info\WHEEL"
"4AA6D842177668FB681E75A3DAC4255AC441498935BE577C020565E003BDA0DB","C:\SNS_24AutoProject_250723\venv\Lib\site-packages\pydantic-2.11.7.dist-info\WHEEL"
"4AA6D842177668FB681E75A3DAC4255AC441498935BE577C020565E003BDA0DB","C:\SNS_24AutoProject_250723\venv\Lib\site-packages\pygments-2.19.2.dist-info\WHEEL"
"4AA6D842177668FB681E75A3DAC4255AC441498935BE577C020565E003BDA0DB","C:\SNS_24AutoProject_250723\venv\Lib\site-packages\urllib3-2.5.0.dist-info\WHEEL"
"4AA6D842177668FB681E75A3DAC4255AC441498935BE577C020565E003BDA0DB","C:\SNS_24AutoProject_250723\venv\Lib\site-packages\virtualenv-20.33.0.dist-info\WHEEL"
"D4FFE7FD41FEF915DB68F1E5C2BC5444801DAE4B86170DC9FCA1FBC9E50AA5DB","C:\SNS_24AutoProject_250723\venv\Lib\site-packages\certifi-2025.8.3.dist-info\WHEEL"
"D4FFE7FD41FEF915DB68F1E5C2BC5444801DAE4B86170DC9FCA1FBC9E50AA5DB","C:\SNS_24AutoProject_250723\venv\Lib\site-packages\instagrapi-2.2.1.dist-info\WHEEL"
"D4FFE7FD41FEF915DB68F1E5C2BC5444801DAE4B86170DC9FCA1FBC9E50AA5DB","C:\SNS_24AutoProject_250723\venv\Lib\site-packages\moviepy-1.0.3.dist-info\WHEEL"
"D4FFE7FD41FEF915DB68F1E5C2BC5444801DAE4B86170DC9FCA1FBC9E50AA5DB","C:\SNS_24AutoProject_250723\venv\Lib\site-packages\pip-25.2.dist-info\WHEEL"
"D4FFE7FD41FEF915DB68F1E5C2BC5444801DAE4B86170DC9FCA1FBC9E50AA5DB","C:\SNS_24AutoProject_250723\venv\Lib\site-packages\pytest-8.4.1.dist-info\WHEEL"
"D4FFE7FD41FEF915DB68F1E5C2BC5444801DAE4B86170DC9FCA1FBC9E50AA5DB","C:\SNS_24AutoProject_250723\venv\Lib\site-packages\pytest_asyncio-1.1.0.dist-info\WHEEL"
"D4FFE7FD41FEF915DB68F1E5C2BC5444801DAE4B86170DC9FCA1FBC9E50AA5DB","C:\SNS_24AutoProject_250723\venv\Lib\site-packages\pytest_cov-6.2.1.dist-info\WHEEL"
"D4FFE7FD41FEF915DB68F1E5C2BC5444801DAE4B86170DC9FCA1FBC9E50AA5DB","C:\SNS_24AutoProject_250723\venv\Lib\site-packages\python_dotenv-1.1.1.dist-info\WHEEL"
"D4FFE7FD41FEF915DB68F1E5C2BC5444801DAE4B86170DC9FCA1FBC9E50AA5DB","C:\SNS_24AutoProject_250723\venv\Lib\site-packages\requests-2.32.4.dist-info\WHEEL"
"EFD4508E127828F464236142D1A7ACC70C3C816C0C5EECBD7F8FC65649D446AB","C:\SNS_24AutoProject_250723\venv\Lib\site-packages\certifi-2025.8.3.dist-info\licenses\LICENSE"
"3D368BEBD038B288B19454957727275F8E468DC06B9784B9CBC4101F5DF11801","C:\SNS_24AutoProject_250723\venv\Lib\site-packages\coverage-7.10.2.dist-info\WHEEL"
"EB3D7B5485466ACBD81F2B496F595AB637D2792E268206B27D99E793BDB67549","C:\SNS_24AutoProject_250723\venv\Lib\site-packages\coverage-7.10.2.dist-info\licenses\LICENSE.txt"
"EB3D7B5485466ACBD81F2B496F595AB637D2792E268206B27D99E793BDB67549","C:\SNS_24AutoProject_250723\venv\Lib\site-packages\packaging-25.0.dist-info\licenses\LICENSE.APACHE"
"EB3D7B5485466ACBD81F2B496F595AB637D2792E268206B27D99E793BDB67549","C:\SNS_24AutoProject_250723\venv\Lib\site-packages\pip-25.2.dist-info\licenses\src\pip\_vendor\packaging\LICENSE.APACHE"
"DA34528D1238A3EBE55DE4CAD8108621486473A7BD646852B1A711339A2C793C","C:\SNS_24AutoProject_250723\venv\Lib\site-packages\distlib\compat.py"
"2F06CF92C73403524C6E2E979EE3DD301527F375FB04FB85356A8F184288EBDF","C:\SNS_24AutoProject_250723\venv\Lib\site-packages\distlib\resources.py"
"42FA7BE84F49737220C98B9B9E9A88F5F4BB7AC78639EE058E97952AA2ADF48C","C:\SNS_24AutoProject_250723\venv\Lib\site-packages\distlib\scripts.py"
"6B4195E640A85AC32EB6F9628822A622057DF1E459DF7C17A12F97AEABC9415B","C:\SNS_24AutoProject_250723\venv\Lib\site-packages\distlib\t32.exe"
"EBC4C06B7D95E74E315419EE7E88E1D0F71E9E9477538C00A93A9FF8C66A6CFC","C:\SNS_24AutoProject_250723\venv\Lib\site-packages\distlib\t64-arm.exe"
"81A618F21CB87DB9076134E70388B6E9CB7C2106739011B6A51772D22CAE06B7","C:\SNS_24AutoProject_250723\venv\Lib\site-packages\distlib\t64.exe"
"BCC3C6BEC4B88FD845E98F64DD3CA89B569A1CB6F4AC5999004CB378075E97DC","C:\SNS_24AutoProject_250723\venv\Lib\site-packages\distlib\util.py"
"47872CC77F8E18CF642F868F23340A468E537E64521D9A3A416C8B84384D064B","C:\SNS_24AutoProject_250723\venv\Lib\site-packages\distlib\w32.exe"
"C5DC9884A8F458371550E09BD396E5418BF375820A31B9899F6499BF391C7B2E","C:\SNS_24AutoProject_250723\venv\Lib\site-packages\distlib\w64-arm.exe"
"7A319FFABA23A017D7B1E18BA726BA6C54C53D6446DB55F92AF53C279894F8AD","C:\SNS_24AutoProject_250723\venv\Lib\site-packages\distlib\w64.exe"
"0DEA37BA8F7C694C887DD28936AA1F7921055B00F3AD5D907862D72EC82AD008","C:\SNS_24AutoProject_250723\venv\Lib\site-packages\distlib\__init__.py"
"057BFDB6083B57A8DFE1392BC0C9D91BCE3702DFF57B67F91F4FDE08C860E8AC","C:\SNS_24AutoProject_250723\venv\Lib\site-packages\distlib-0.4.0.dist-info\LICENSE.txt"
"4C10D5F66F6F8DF9E9F6FB204DE266A6836C7A82447C7C2F65A04BBCB31FCF3F","C:\SNS_24AutoProject_250723\venv\Lib\site-packages\dotenv\py.typed"
"4C10D5F66F6F8DF9E9F6FB204DE266A6836C7A82447C7C2F65A04BBCB31FCF3F","C:\SNS_24AutoProject_250723\venv\Lib\site-packages\pip\_vendor\tomli\py.typed"
"4C10D5F66F6F8DF9E9F6FB204DE266A6836C7A82447C7C2F65A04BBCB31FCF3F","C:\SNS_24AutoProject_250723\venv\Lib\site-packages\pip\_vendor\tomli_w\py.typed"
"A8CB846700301898D509768153AA03A70E0AA47C27E99ADBAF15CFFA1F5B6AF3","C:\SNS_24AutoProject_250723\venv\Lib\site-packages\exceptiongroup-1.3.0.dist-info\WHEEL"
"A8CB846700301898D509768153AA03A70E0AA47C27E99ADBAF15CFFA1F5B6AF3","C:\SNS_24AutoProject_250723\venv\Lib\site-packages\packaging-25.0.dist-info\WHEEL"
"DD55705D4016544557EEC0F0C980E75B965D042F7F67D0090057CB0A57945B49","C:\SNS_24AutoProject_250723\venv\Lib\site-packages\h11\py.typed"
"3C47B0DC8B70CE35B887299B6AC9EDCB6376397BCD7201C1F898EB06EC473D86","C:\SNS_24AutoProject_250723\venv\Lib\site-packages\idna\codec.py"
"4732F2E90402765F7BF3868585BD845FD10A1822638343F73E294675E5D7731F","C:\SNS_24AutoProject_250723\venv\Lib\site-packages\idna\compat.py"
"60963200C9F089010F8D50B8F85AAEFE9E0227AC8A2AE0C69A9A41350350A45B","C:\SNS_24AutoProject_250723\venv\Lib\site-packages\idna\core.py"
"5B7D067081AFB4E598C008D98F8663BA8B94BAD0BA7DF80DBB28C9CBB7D9FA5A","C:\SNS_24AutoProject_250723\venv\Lib\site-packages\idna\idnadata.py"
"6A652D91D8587101BC66BF82A0C33F91545A731922BC2D568313756FADCA29D5","C:\SNS_24AutoProject_250723\venv\Lib\site-packages\idna\intranges.py"
"AB9F52DCE5EC739548F23EAF483D2C18133293ACD9E2F58544413CF3208960AB","C:\SNS_24AutoProject_250723\venv\Lib\site-packages\idna\package_data.py"
"AEDF742BD278D20512C29A433C2AE18E08B9000EA958CEB974419149FEAB2213","C:\SNS_24AutoProject_250723\venv\Lib\site-packages\idna\uts46data.py"
"30FA8D0CB65B5EA19A35D5F1005862A853CA1105E3BB68CD42109ECBAFB97893","C:\SNS_24AutoProject_250723\venv\Lib\site-packages\idna\__init__.py"
"E7141015EF0853A073300E99F5FCA6ADEEF19B86D0300A227C1B6FDA4C4F7CA4","C:\SNS_24AutoProject_250723\venv\Lib\site-packages\idna-3.10.dist-info\LICENSE.md"
"4222E907E4EAEE7F32C328FBEBD13AEC6E3BFD3205F2E5BB48808749BDC165CE","C:\SNS_24AutoProject_250723\venv\Lib\site-packages\moviepy\audio\fx\__init__.py"
"838379AC465FDB915BA6EDC0280267F5CE4C4E58FAEF5CD9EB35AA3D37750E79","C:\SNS_24AutoProject_250723\venv\Lib\site-packages\numpy\_core\_exceptions.pyi"
"1FF8FA9B63CF3BA2725B26F7952E331AD3343BE0177E402783BAEA173F6704B9","C:\SNS_24AutoProject_250723\venv\Lib\site-packages\outcome-1.3.0.post0.dist-info\LICENSE"
"3DDF9BE5C28FE27DAD143A5DC76EEA25222AD1DD68934A047064E56ED2FA40C5","C:\SNS_24AutoProject_250723\venv\Lib\site-packages\outcome-1.3.0.post0.dist-info\LICENSE.APACHE2"
"3DDF9BE5C28FE27DAD143A5DC76EEA25222AD1DD68934A047064E56ED2FA40C5","C:\SNS_24AutoProject_250723\venv\Lib\site-packages\sniffio-1.3.1.dist-info\LICENSE.APACHE2"
"52D1A471B2CD2FEB786C3222D4692A74D8A7A7D5D9785293E49A76C9821C28F7","C:\SNS_24AutoProject_250723\venv\Lib\site-packages\outcome-1.3.0.post0.dist-info\LICENSE.MIT"
"3F4C1EDBB8E6D71533806309C418ED50508859E0714EC31E253389E9C8599806","C:\SNS_24AutoProject_250723\venv\Lib\site-packages\packaging\markers.py"
"25E1A6683D88B8C3D0EC3C85CDAE495515C6024670427357A8C82BD13E377092","C:\SNS_24AutoProject_250723\venv\Lib\site-packages\packaging\metadata.py"
"818C9148075BAC8C8A0D8EBABA02035108D132FC641F600B8A84E65F7B672FAA","C:\SNS_24AutoProject_250723\venv\Lib\site-packages\packaging\requirements.py"
"E35B3DED6F596ADAEAD8477B45CDEA7810DA1DEF2928ABD8AB69868F06A17D79","C:\SNS_24AutoProject_250723\venv\Lib\site-packages\packaging\tags.py"
"3AA01685B43B91F6126F65CB892C8026B671CC9BA1EB769777FE409BC48F0F71","C:\SNS_24AutoProject_250723\venv\Lib\site-packages\packaging\utils.py"
"524ADB0ED5BB69EAB7AAAA007D4D7AA23C87675C6C4EF1A47BF5AA31328029DD","C:\SNS_24AutoProject_250723\venv\Lib\site-packages\packaging\_elffile.py"
"728A073520BB724380F399FFA271725DBA342E62B84B0D6A87DD7E7F93621E3C","C:\SNS_24AutoProject_250723\venv\Lib\site-packages\packaging\_manylinux.py"
"A7D66A35888E22D19E7BC29C64578717F61C76157018774AEABFBC9608B1BC64","C:\SNS_24AutoProject_250723\venv\Lib\site-packages\packaging\_musllinux.py"
"8187E78F4A511DF955738447662B75DCA353C8DF62895714D915021A2DB60703","C:\SNS_24AutoProject_250723\venv\Lib\site-packages\packaging\_parser.py"
"AB77953666D62461BF4B40E2B7F4B7028F2A42ACFFE4F6135C500A0597B9CABE","C:\SNS_24AutoProject_250723\venv\Lib\site-packages\packaging\_structures.py"
"AB77953666D62461BF4B40E2B7F4B7028F2A42ACFFE4F6135C500A0597B9CABE","C:\SNS_24AutoProject_250723\venv\Lib\site-packages\pip\_vendor\packaging\_structures.py"
"AB77953666D62461BF4B40E2B7F4B7028F2A42ACFFE4F6135C500A0597B9CABE","C:\SNS_24AutoProject_250723\venv\Lib\site-packages\pkg_resources\_vendor\packaging\_structures.py"
"AB77953666D62461BF4B40E2B7F4B7028F2A42ACFFE4F6135C500A0597B9CABE","C:\SNS_24AutoProject_250723\venv\Lib\site-packages\setuptools\_vendor\packaging\_structures.py"
"398CEDEEA2B1CA538027EAB45F22B5A80C9CC8F4582DF30F74640A4579195B22","C:\SNS_24AutoProject_250723\venv\Lib\site-packages\packaging\_tokenizer.py"
"FF470388F55FD92F9B35F566660BB1C739AB2185A5C804B1A6AA61E2AB095947","C:\SNS_24AutoProject_250723\venv\Lib\site-packages\packaging\__init__.py"
"A009B5CED3C5C25B2608A7BB94002CBFF38839F4B57160EEF5B34191EBBEDA7B","C:\SNS_24AutoProject_250723\venv\Lib\site-packages\packaging\licenses\_spdx.py"
"8EF81E4C883C5CCB2A08026CC74BA3193279DD5149B36839D976C0A896637D87","C:\SNS_24AutoProject_250723\venv\Lib\site-packages\packaging-25.0.dist-info\licenses\LICENSE"
"8EF81E4C883C5CCB2A08026CC74BA3193279DD5149B36839D976C0A896637D87","C:\SNS_24AutoProject_250723\venv\Lib\site-packages\pip-25.2.dist-info\licenses\src\pip\_vendor\packaging\LICENSE"
"67DAF15B478DBD91BCD83BFF907EFFF68471D42D2138226B89F039D658D53435","C:\SNS_24AutoProject_250723\venv\Lib\site-packages\packaging-25.0.dist-info\licenses\LICENSE.BSD"
"67DAF15B478DBD91BCD83BFF907EFFF68471D42D2138226B89F039D658D53435","C:\SNS_24AutoProject_250723\venv\Lib\site-packages\pip-25.2.dist-info\licenses\src\pip\_vendor\packaging\LICENSE.BSD"
"CC3F2F0283C2F1A1085637DC90BB45B24456E6C6A255E977FAC254036A476867","C:\SNS_24AutoProject_250723\venv\Lib\site-packages\PIL\_avif.pyi"
"CC3F2F0283C2F1A1085637DC90BB45B24456E6C6A255E977FAC254036A476867","C:\SNS_24AutoProject_250723\venv\Lib\site-packages\PIL\_imagingmath.pyi"
"CC3F2F0283C2F1A1085637DC90BB45B24456E6C6A255E977FAC254036A476867","C:\SNS_24AutoProject_250723\venv\Lib\site-packages\PIL\_imagingmorph.pyi"
"CC3F2F0283C2F1A1085637DC90BB45B24456E6C6A255E977FAC254036A476867","C:\SNS_24AutoProject_250723\venv\Lib\site-packages\PIL\_webp.pyi"
"58BC298993593FE0CBA2E1203436BD2FF5E3F51982EA8D753DFD9DB7B37CABEB","C:\SNS_24AutoProject_250723\venv\Lib\site-packages\pip\_vendor\platformdirs\android.py"
"53D133237118C5C5D6502B48191965AAB70DF7D8B62D26359AADBE1ADB14C044","C:\SNS_24AutoProject_250723\venv\Lib\site-packages\pip\_vendor\platformdirs\api.py"
"8C0E265F6ECC02D1D9825A8D258419CAEE7626AC46958C4341E35A0ACCFDFE22","C:\SNS_24AutoProject_250723\venv\Lib\site-packages\pip\_vendor\platformdirs\macos.py"
"145250FCB42ACC605F4EE719176DE4EF0DFBA70CE15B16F726718774B52590C2","C:\SNS_24AutoProject_250723\venv\Lib\site-packages\pip\_vendor\platformdirs\unix.py"
"75D37711C50F7DEAFB09BAA6C85366834DD1DEEFAA0E7DF64FF7CBB31DB9F829","C:\SNS_24AutoProject_250723\venv\Lib\site-packages\pip\_vendor\platformdirs\version.py"
"E135638E2286BB316F3F191A7982CB831B47F7F65435182DD57531524E3C1DCD","C:\SNS_24AutoProject_250723\venv\Lib\site-packages\pip\_vendor\platformdirs\windows.py"
"01A8035AAC1E6B6C8159FD74282F69B4180CA4C8F12A9F3200102687E3503959","C:\SNS_24AutoProject_250723\venv\Lib\site-packages\pip\_vendor\pygments\console.py"
"F723F1B4099210049C0360EF726630A86CE8614B8A0773774036F29F327BF82D","C:\SNS_24AutoProject_250723\venv\Lib\site-packages\pip\_vendor\pygments\filter.py"
"2B9792911F064B5AF93A45D74C739C57468CFFAC6993D7963442005BE38E2768","C:\SNS_24AutoProject_250723\venv\Lib\site-packages\pip\_vendor\pygments\modeline.py"
"B4FC74AC9093219F62A1180B3581B8A627C26C0C1345465D76F2F0F8D7C0936C","C:\SNS_24AutoProject_250723\venv\Lib\site-packages\pip\_vendor\pygments\plugin.py"
"C1768FF468E9FE1280767202AA80E447100E40949CE2FDD7EA6731C77CFE4CDB","C:\SNS_24AutoProject_250723\venv\Lib\site-packages\pip\_vendor\pygments\regexopt.py"
"9CD7044D1475B51BA24DA1E61D24D310255814F70B7FA98366ED5EE2EF7503D1","C:\SNS_24AutoProject_250723\venv\Lib\site-packages\pip\_vendor\pygments\scanner.py"
"59B7561A1626FD5A2C6F40C3C56F651CD3E02135DF593B10987B7A732F516DC3","C:\SNS_24AutoProject_250723\venv\Lib\site-packages\pip\_vendor\pygments\token.py"
"6A5FBFAC17A646E1AF8A7B2B33A6AD36C1D3989E8351BC36E2AD8ED91BB57017","C:\SNS_24AutoProject_250723\venv\Lib\site-packages\pip\_vendor\pygments\unistring.py"
"E210F37E68EB4391786AF4B0B501DF598D36A3916C1C9DBFD4F8CC76FF87AE0C","C:\SNS_24AutoProject_250723\venv\Lib\site-packages\pip\_vendor\pygments\util.py"
"D42C37EC5B9094D69C9F144A9AD94F5F89F22E85FDFEDB64A39670B1C354659E","C:\SNS_24AutoProject_250723\venv\Lib\site-packages\pip\_vendor\pygments\formatters\_mapping.py"
"EA5A2F154136F6DCFA12C5775D8638860A3327BAB524BEDC7CEDD43A58274BCC","C:\SNS_24AutoProject_250723\venv\Lib\site-packages\pip\_vendor\pygments\styles\_mapping.py"
"307E220965300235765B65B2F28F50FEAB0AB0B083271947BD89AAB92068BFDC","C:\SNS_24AutoProject_250723\venv\Lib\site-packages\pip\_vendor\requests\api.py"
"905EF9B6A9CB72D67D31FFE19BD4D9223E1C4169CDE6EC51CFCA16B31E70991D","C:\SNS_24AutoProject_250723\venv\Lib\site-packages\pip\_vendor\requests\auth.py"
"6CD8BE8AA123E0D3D9D34FA86FEAC7BF392F39BCCDDE5129830DE0EA9692DD7C","C:\SNS_24AutoProject_250723\venv\Lib\site-packages\pip\_vendor\requests\cookies.py"
"0A2BB2B221C0DFD57951F702057148C7CDC8AC3A6EC1F37D45C4D482FDBC7ED4","C:\SNS_24AutoProject_250723\venv\Lib\site-packages\pip\_vendor\requests\hooks.py"
"3E2F845BD6574AC63C07887B786D9416AA8781A43127D840E1F0C77622CE346C","C:\SNS_24AutoProject_250723\venv\Lib\site-packages\pip\_vendor\requests\sessions.py"
"889500780DB96DA4DDC3EE8F7C3D1E178AA1A48343251248FB268CAB1B382C42","C:\SNS_24AutoProject_250723\venv\Lib\site-packages\pip\_vendor\requests\status_codes.py"
"8212BC20208810A748E498C772088DC11EF56802283C79A56BBFD9E14BEE2BC6","C:\SNS_24AutoProject_250723\venv\Lib\site-packages\pip\_vendor\requests\structures.py"
"9CC4329ABE21B37D93A95A3901B0AB99C24486F3D487BC57965BB2AB0B252E24","C:\SNS_24AutoProject_250723\venv\Lib\site-packages\pip\_vendor\requests\_internal_utils.py"
"143ABAF3563712F063743A7952AA65319DBCB934D894CFC989BD2C015F8DA577","C:\SNS_24AutoProject_250723\venv\Lib\site-packages\pip\_vendor\requests\__version__.py"
"AE4D6C41DF2B0EC65768D55A42938A20229B9B0FA2B5B41B1E25883AF5E97304","C:\SNS_24AutoProject_250723\venv\Lib\site-packages\pip\_vendor\tomli\_parser.py"
"B21E2C0434603BDE0A259C0D22B81D73257FA906ACB79D18BF3380506A510CA0","C:\SNS_24AutoProject_250723\venv\Lib\site-packages\pip\_vendor\tomli\_re.py"
"F864C6D9552A929C7032ACE654EE05EF26CA75D21B027B801D77E65907138B74","C:\SNS_24AutoProject_250723\venv\Lib\site-packages\pip\_vendor\tomli\_types.py"
"F864C6D9552A929C7032ACE654EE05EF26CA75D21B027B801D77E65907138B74","C:\SNS_24AutoProject_250723\venv\Lib\site-packages\setuptools\_vendor\tomli\_types.py"
"3E1370FDEC8B81D9FB31C27A9EB00DF32226DDD5C2EF9BEBD6C546555C034A90","C:\SNS_24AutoProject_250723\venv\Lib\site-packages\pip\_vendor\tomli\__init__.py"
"1C4C52E973337EB2DAE639922CBEC15EBBA954982E1F2F9B7B197E87D7A8760A","C:\SNS_24AutoProject_250723\venv\Lib\site-packages\pip-25.2.dist-info\licenses\src\pip\_vendor\platformdirs\LICENSE"
"F81848AE4C70C872922ECE9CEC494187E4FCDF3ECC2040857D65E09635ADB02A","C:\SNS_24AutoProject_250723\venv\Lib\site-packages\pip-25.2.dist-info\licenses\src\pip\_vendor\pygments\LICENSE"
"88046BF22D5B4F4B8CC85079AE6AAE5424A3A1999DB952ED152828FF325B2C6D","C:\SNS_24AutoProject_250723\venv\Lib\site-packages\pip-25.2.dist-info\licenses\src\pip\_vendor\requests\LICENSE"
"34B59B39E7BA577A1D86924218C71229B163D3BF3903AEC784299F725C89D324","C:\SNS_24AutoProject_250723\venv\Lib\site-packages\pip-25.2.dist-info\licenses\src\pip\_vendor\tomli\LICENSE"
"34B59B39E7BA577A1D86924218C71229B163D3BF3903AEC784299F725C89D324","C:\SNS_24AutoProject_250723\venv\Lib\site-packages\pip-25.2.dist-info\licenses\src\pip\_vendor\tomli_w\LICENSE"
"46E88B2C3DF90F2C7ECF34A6A1B6B9A535FA580CF5BD4A413F6ED7B59CC4BCF0","C:\SNS_24AutoProject_250723\venv\Lib\site-packages\pkg_resources\_vendor\zipp.py"
"32F4C92576A36E5EF8B37E86C9E7AC7FBE9E82D6C59E1F9332DCD0315845597A","C:\SNS_24AutoProject_250723\venv\Lib\site-packages\pkg_resources\_vendor\importlib_resources\abc.py"
"B271D94950C57C87E8A66147171839804917298BDC2777925DD251E55E8AAA0C","C:\SNS_24AutoProject_250723\venv\Lib\site-packages\pkg_resources\_vendor\importlib_resources\readers.py"
"3F9358681855EB34EE1B658E85D0BF03177ED61B6860D0B6949AECA5C305A4F3","C:\SNS_24AutoProject_250723\venv\Lib\site-packages\pkg_resources\_vendor\importlib_resources\simple.py"
"191069E3BC52AB65CC6D8381EA54CDBCB545A97F7637E4B943C0C12C7B716840","C:\SNS_24AutoProject_250723\venv\Lib\site-packages\pkg_resources\_vendor\importlib_resources\_adapters.py"
"8455695E8B17DA26C916C8847AB312C783633FA3634A8DCB065B0C61F14E31D1","C:\SNS_24AutoProject_250723\venv\Lib\site-packages\pkg_resources\_vendor\importlib_resources\_common.py"
"938EECA8E7BD7E7FE829BE05254A2AE54896006487142AC21537AFF6B7F6A260","C:\SNS_24AutoProject_250723\venv\Lib\site-packages\pkg_resources\_vendor\importlib_resources\_compat.py"
"582749D46B3F90D170284372206ED33B4638DF82160AED338D5552B126D9C14F","C:\SNS_24AutoProject_250723\venv\Lib\site-packages\pkg_resources\_vendor\importlib_resources\_itertools.py"
"4CC2E4C7A68433A53CC484443D7A8666B31B5214E23D4B8F97A1120FB45D623E","C:\SNS_24AutoProject_250723\venv\Lib\site-packages\pkg_resources\_vendor\importlib_resources\_legacy.py"
"7AF3E6D7690B818A939BEA5BCE6EB46CEBAE9AE993F08A41356169D2E332AF31","C:\SNS_24AutoProject_250723\venv\Lib\site-packages\pkg_resources\_vendor\importlib_resources\__init__.py"
"B669689ADEB05C91182C3AD7E215F32BE7998B6B510C29912E44B9B8A2798E3A","C:\SNS_24AutoProject_250723\venv\Lib\site-packages\pkg_resources\_vendor\jaraco\context.py"
"5E18FD49705E3AFA3CB02E1C67D84FF60D0FA5CBC3C6881A1898950A09008D38","C:\SNS_24AutoProject_250723\venv\Lib\site-packages\pkg_resources\_vendor\packaging\specifiers.py"
"3C16D5FFF75C8D3362D18645FD1B62BFF6FD19057F5BAFDB0D4D564C15DF2DD7","C:\SNS_24AutoProject_250723\venv\Lib\site-packages\pkg_resources\_vendor\packaging\tags.py"
"D12B3BC148C5336DA786A9AA5CF325D7F37EBEFEF34BD03D9CA68B217DE23B8B","C:\SNS_24AutoProject_250723\venv\Lib\site-packages\pkg_resources\_vendor\packaging\utils.py"
"AD8D4DAA661C659E273D18EC199E8DA3E28835C237289345FC87EBEC778A4AB5","C:\SNS_24AutoProject_250723\venv\Lib\site-packages\pkg_resources\_vendor\packaging\version.py"
"5DC6E25C1FAA723BF76DCA21A7A37DF1332938FE3F8F79BE88E03CA6D2B61966","C:\SNS_24AutoProject_250723\venv\Lib\site-packages\pkg_resources\_vendor\packaging\_manylinux.py"
"F0FD80C4E1FFE57106C0A5DBD3D0F6ACFE40D9E2DF02C63B54DA5C81835FE03C","C:\SNS_24AutoProject_250723\venv\Lib\site-packages\pkg_resources\_vendor\packaging\_musllinux.py"
"BA001220EDB0D685321FCFC23AA4365FFB34AC38636E1402DF2268703D378767","C:\SNS_24AutoProject_250723\venv\Lib\site-packages\pkg_resources\_vendor\packaging\__about__.py"
"6FD2A4E4C17B2B18612E07039A2516BA437E2DAB561713DD36E8348E83E11D29","C:\SNS_24AutoProject_250723\venv\Lib\site-packages\pkg_resources\_vendor\packaging\__init__.py"
"03AF5880F902071AF80AF4807CF5028FAACB79F69BCDBE4C177D7DBE2F6922E7","C:\SNS_24AutoProject_250723\venv\Lib\site-packages\pkg_resources\_vendor\pyparsing\actions.py"
"4113F5C0C8DB48661A1948D18468D757614988E36A665795F7E7647429C19530","C:\SNS_24AutoProject_250723\venv\Lib\site-packages\pkg_resources\_vendor\pyparsing\common.py"
"7616F87CC37E4F4464C5DFD117FD01F2C3E83D020BB0671B2873A1E349F6EBB8","C:\SNS_24AutoProject_250723\venv\Lib\site-packages\pkg_resources\_vendor\pyparsing\core.py"
"AEA44603E6731638F1128B3B06FAF3B6A8CDC3F4A3295AEC0ED502C7CDDC396A","C:\SNS_24AutoProject_250723\venv\Lib\site-packages\pkg_resources\_vendor\pyparsing\exceptions.py"
"130FAAD4CBC32FDE2B83FE55EFCF7C8E78A1B4F5DFC7BAF3AEE8C89C2A28026E","C:\SNS_24AutoProject_250723\venv\Lib\site-packages\pkg_resources\_vendor\pyparsing\helpers.py"
"A46AD1E893DF0612A749E57615A2F9CC1E9B9E417BA9AFB83B2E9AB3876E4960","C:\SNS_24AutoProject_250723\venv\Lib\site-packages\pkg_resources\_vendor\pyparsing\results.py"
"9A74E3CDB8952F276CE5DBDBDC6BACB11CAABD775B8F0770AEB09620643E655C","C:\SNS_24AutoProject_250723\venv\Lib\site-packages\pkg_resources\_vendor\pyparsing\testing.py"
"659931D0CD863E168A0FF7DDBA306297F3544DA3E9C8F1D897BDC6C5D564F636","C:\SNS_24AutoProject_250723\venv\Lib\site-packages\pkg_resources\_vendor\pyparsing\unicode.py"
"7771ACC2340CC3EB8F19444AC00AAFE46D4F2AE45634DDA2AC1831773C51EF1D","C:\SNS_24AutoProject_250723\venv\Lib\site-packages\pkg_resources\_vendor\pyparsing\util.py"
"9C3AD70FF3EF3EFA18B4129DD808394BD07B3BC02F2D33F2930B9EA4C6F6718D","C:\SNS_24AutoProject_250723\venv\Lib\site-packages\pkg_resources\_vendor\pyparsing\__init__.py"
"A03F0E8FCA4222B4B59E81E8E04C65F028E8FB0F410B4916F1E25DC9543487EF","C:\SNS_24AutoProject_250723\venv\Lib\site-packages\pkg_resources\_vendor\pyparsing\diagram\__init__.py"
"CADD457CAE7A88BE211A34174D2C808097BD2D58AD73FE4A710679E728F967F5","C:\SNS_24AutoProject_250723\venv\Lib\site-packages\pycparser-2.22.dist-info\WHEEL"
"DD329A0412B4F1E882B0618515C665670C231C77268F660ED31226821A49937F","C:\SNS_24AutoProject_250723\venv\Lib\site-packages\selenium\webdriver\chrome\__init__.py"
"DD329A0412B4F1E882B0618515C665670C231C77268F660ED31226821A49937F","C:\SNS_24AutoProject_250723\venv\Lib\site-packages\selenium\webdriver\chromium\__init__.py"
"DD329A0412B4F1E882B0618515C665670C231C77268F660ED31226821A49937F","C:\SNS_24AutoProject_250723\venv\Lib\site-packages\selenium\webdriver\common\__init__.py"
"DD329A0412B4F1E882B0618515C665670C231C77268F660ED31226821A49937F","C:\SNS_24AutoProject_250723\venv\Lib\site-packages\selenium\webdriver\common\actions\__init__.py"
"DD329A0412B4F1E882B0618515C665670C231C77268F660ED31226821A49937F","C:\SNS_24AutoProject_250723\venv\Lib\site-packages\selenium\webdriver\common\bidi\__init__.py"
"DD329A0412B4F1E882B0618515C665670C231C77268F660ED31226821A49937F","C:\SNS_24AutoProject_250723\venv\Lib\site-packages\selenium\webdriver\common\fedcm\__init__.py"
"DD329A0412B4F1E882B0618515C665670C231C77268F660ED31226821A49937F","C:\SNS_24AutoProject_250723\venv\Lib\site-packages\selenium\webdriver\edge\__init__.py"
"DD329A0412B4F1E882B0618515C665670C231C77268F660ED31226821A49937F","C:\SNS_24AutoProject_250723\venv\Lib\site-packages\selenium\webdriver\firefox\__init__.py"
"DD329A0412B4F1E882B0618515C665670C231C77268F660ED31226821A49937F","C:\SNS_24AutoProject_250723\venv\Lib\site-packages\selenium\webdriver\ie\__init__.py"
"DD329A0412B4F1E882B0618515C665670C231C77268F660ED31226821A49937F","C:\SNS_24AutoProject_250723\venv\Lib\site-packages\selenium\webdriver\remote\__init__.py"
"DD329A0412B4F1E882B0618515C665670C231C77268F660ED31226821A49937F","C:\SNS_24AutoProject_250723\venv\Lib\site-packages\selenium\webdriver\support\__init__.py"
"DD329A0412B4F1E882B0618515C665670C231C77268F660ED31226821A49937F","C:\SNS_24AutoProject_250723\venv\Lib\site-packages\selenium\webdriver\webkitgtk\__init__.py"
"DD329A0412B4F1E882B0618515C665670C231C77268F660ED31226821A49937F","C:\SNS_24AutoProject_250723\venv\Lib\site-packages\selenium\webdriver\wpewebkit\__init__.py"
"1CB2A53178946C4DEF723BFFFC4C7ECB27AE02B7948683FBCA819563BDD60D52","C:\SNS_24AutoProject_250723\venv\Lib\site-packages\selenium\webdriver\common\devtools\v136\accessibility.py"
"1CB2A53178946C4DEF723BFFFC4C7ECB27AE02B7948683FBCA819563BDD60D52","C:\SNS_24AutoProject_250723\venv\Lib\site-packages\selenium\webdriver\common\devtools\v137\accessibility.py"
"872378A272000D741E68F475DC99C892EE3926050A3111036B7F24A4DD494475","C:\SNS_24AutoProject_250723\venv\Lib\site-packages\selenium\webdriver\common\devtools\v136\animation.py"
"872378A272000D741E68F475DC99C892EE3926050A3111036B7F24A4DD494475","C:\SNS_24AutoProject_250723\venv\Lib\site-packages\selenium\webdriver\common\devtools\v137\animation.py"
"60FB94856BE7202DBCF35481E4F150CED7C986188B81910CA5B2D350CA1A1951","C:\SNS_24AutoProject_250723\venv\Lib\site-packages\selenium\webdriver\common\devtools\v136\audits.py"
"580005118B0F1856C1D814AB89BA71F9F05DF6E8EA2FCFB7BAEA28C9D70AC863","C:\SNS_24AutoProject_250723\venv\Lib\site-packages\selenium\webdriver\common\devtools\v136\autofill.py"
"580005118B0F1856C1D814AB89BA71F9F05DF6E8EA2FCFB7BAEA28C9D70AC863","C:\SNS_24AutoProject_250723\venv\Lib\site-packages\selenium\webdriver\common\devtools\v137\autofill.py"
"E08C7EA9E64C92A2ED215E9A3162954ADA430627F1DD2B94CF42E07698F50B57","C:\SNS_24AutoProject_250723\venv\Lib\site-packages\selenium\webdriver\common\devtools\v136\background_service.py"
"E08C7EA9E64C92A2ED215E9A3162954ADA430627F1DD2B94CF42E07698F50B57","C:\SNS_24AutoProject_250723\venv\Lib\site-packages\selenium\webdriver\common\devtools\v137\background_service.py"
"7161134817F96C17392D049349FD2397E87CE2BD86527C911C7AE7D41C1D4AC8","C:\SNS_24AutoProject_250723\venv\Lib\site-packages\selenium\webdriver\common\devtools\v136\cache_storage.py"
"7161134817F96C17392D049349FD2397E87CE2BD86527C911C7AE7D41C1D4AC8","C:\SNS_24AutoProject_250723\venv\Lib\site-packages\selenium\webdriver\common\devtools\v137\cache_storage.py"
"DF6C0D689C24FF44B95FE51D8DACF32DAB8CC97C7A24F93224751DB319BCB1CB","C:\SNS_24AutoProject_250723\venv\Lib\site-packages\selenium\webdriver\common\devtools\v136\cast.py"
"DF6C0D689C24FF44B95FE51D8DACF32DAB8CC97C7A24F93224751DB319BCB1CB","C:\SNS_24AutoProject_250723\venv\Lib\site-packages\selenium\webdriver\common\devtools\v137\cast.py"
"FE618A36582DA657BAAFDAC9FC6C447E192842C313EC3D55E88785FE500E049E","C:\SNS_24AutoProject_250723\venv\Lib\site-packages\selenium\webdriver\common\devtools\v136\console.py"
"FE618A36582DA657BAAFDAC9FC6C447E192842C313EC3D55E88785FE500E049E","C:\SNS_24AutoProject_250723\venv\Lib\site-packages\selenium\webdriver\common\devtools\v137\console.py"
"5FF2582CE46A7E1DA21C7BFEDCE9058D04BD5CCDB990870438F764C68C6855F9","C:\SNS_24AutoProject_250723\venv\Lib\site-packages\selenium\webdriver\common\devtools\v136\device_access.py"
"5FF2582CE46A7E1DA21C7BFEDCE9058D04BD5CCDB990870438F764C68C6855F9","C:\SNS_24AutoProject_250723\venv\Lib\site-packages\selenium\webdriver\common\devtools\v137\device_access.py"
"893CA1E435A6EF3458CE6ABA5417B7FD76A48C5082F24BAE5DCFCD54878D6F69","C:\SNS_24AutoProject_250723\venv\Lib\site-packages\selenium\webdriver\common\devtools\v136\device_orientation.py"
"893CA1E435A6EF3458CE6ABA5417B7FD76A48C5082F24BAE5DCFCD54878D6F69","C:\SNS_24AutoProject_250723\venv\Lib\site-packages\selenium\webdriver\common\devtools\v137\device_orientation.py"
"4351D707D621873D85D016F6D5C0C322AA32C79855745ECA93EFFC8BE4A9C4C9","C:\SNS_24AutoProject_250723\venv\Lib\site-packages\selenium\webdriver\common\devtools\v136\dom.py"
"1E02ACD1CA675A1B55896B0F42DEAD041B07B1D90B41B876862CF216DCAA4457","C:\SNS_24AutoProject_250723\venv\Lib\site-packages\selenium\webdriver\common\devtools\v136\dom_debugger.py"
"1E02ACD1CA675A1B55896B0F42DEAD041B07B1D90B41B876862CF216DCAA4457","C:\SNS_24AutoProject_250723\venv\Lib\site-packages\selenium\webdriver\common\devtools\v137\dom_debugger.py"
"BD073B9B69E93E6F66AD0A920D9583D0DAD063F355B945A3C56D72D8B23E3A31","C:\SNS_24AutoProject_250723\venv\Lib\site-packages\selenium\webdriver\common\devtools\v136\dom_snapshot.py"
"BD073B9B69E93E6F66AD0A920D9583D0DAD063F355B945A3C56D72D8B23E3A31","C:\SNS_24AutoProject_250723\venv\Lib\site-packages\selenium\webdriver\common\devtools\v137\dom_snapshot.py"
"E41A88C5BAAEFF00A6899DED5F9F40C606C6B81298E935FF4424FBCA8BB9953B","C:\SNS_24AutoProject_250723\venv\Lib\site-packages\selenium\webdriver\common\devtools\v136\dom_storage.py"
"E41A88C5BAAEFF00A6899DED5F9F40C606C6B81298E935FF4424FBCA8BB9953B","C:\SNS_24AutoProject_250723\venv\Lib\site-packages\selenium\webdriver\common\devtools\v137\dom_storage.py"
"04D348ED2D9275E219E8853F62962842F3B09F9217FD782F9B3012149D3242A0","C:\SNS_24AutoProject_250723\venv\Lib\site-packages\selenium\webdriver\common\devtools\v136\event_breakpoints.py"
"04D348ED2D9275E219E8853F62962842F3B09F9217FD782F9B3012149D3242A0","C:\SNS_24AutoProject_250723\venv\Lib\site-packages\selenium\webdriver\common\devtools\v137\event_breakpoints.py"
"F0AD4B10B24300DCCEC94E4C9F965DC5203F07AE1A5BA599A5F2103D2AD2C3B5","C:\SNS_24AutoProject_250723\venv\Lib\site-packages\selenium\webdriver\common\devtools\v136\extensions.py"
"F0AD4B10B24300DCCEC94E4C9F965DC5203F07AE1A5BA599A5F2103D2AD2C3B5","C:\SNS_24AutoProject_250723\venv\Lib\site-packages\selenium\webdriver\common\devtools\v137\extensions.py"
"0B8715CAE0D857CC657C18A2EE59F8379C1FECF4D960624EB3A2E4A001707DEB","C:\SNS_24AutoProject_250723\venv\Lib\site-packages\selenium\webdriver\common\devtools\v136\fed_cm.py"
"0B8715CAE0D857CC657C18A2EE59F8379C1FECF4D960624EB3A2E4A001707DEB","C:\SNS_24AutoProject_250723\venv\Lib\site-packages\selenium\webdriver\common\devtools\v137\fed_cm.py"
"D8CC6C7004541E0AE0D7A799D7061CC0C8B901AD539E2595051FFED4B3372641","C:\SNS_24AutoProject_250723\venv\Lib\site-packages\selenium\webdriver\common\devtools\v136\fetch.py"
"D8CC6C7004541E0AE0D7A799D7061CC0C8B901AD539E2595051FFED4B3372641","C:\SNS_24AutoProject_250723\venv\Lib\site-packages\selenium\webdriver\common\devtools\v137\fetch.py"
"7779AED9B11D24C079E8E11890A1997A02F32FF0CF3ECE4C22A47AC31D0C7EAC","C:\SNS_24AutoProject_250723\venv\Lib\site-packages\selenium\webdriver\common\devtools\v136\file_system.py"
"7779AED9B11D24C079E8E11890A1997A02F32FF0CF3ECE4C22A47AC31D0C7EAC","C:\SNS_24AutoProject_250723\venv\Lib\site-packages\selenium\webdriver\common\devtools\v137\file_system.py"
"1B8D21060F54493F996A6F0496A4083DB958182130F66145A2F04ECFAEF4FF7C","C:\SNS_24AutoProject_250723\venv\Lib\site-packages\selenium\webdriver\common\devtools\v136\headless_experimental.py"
"1B8D21060F54493F996A6F0496A4083DB958182130F66145A2F04ECFAEF4FF7C","C:\SNS_24AutoProject_250723\venv\Lib\site-packages\selenium\webdriver\common\devtools\v137\headless_experimental.py"
"688C03166A4E15BA9C5594A1980AC243F303AABB1BF63E51E82249E175103DC3","C:\SNS_24AutoProject_250723\venv\Lib\site-packages\selenium\webdriver\common\devtools\v136\heap_profiler.py"
"688C03166A4E15BA9C5594A1980AC243F303AABB1BF63E51E82249E175103DC3","C:\SNS_24AutoProject_250723\venv\Lib\site-packages\selenium\webdriver\common\devtools\v137\heap_profiler.py"
"422230B3B1B91F0E0FE2F5EA0793FE50E158675311F88FCB94F49051F48E902E","C:\SNS_24AutoProject_250723\venv\Lib\site-packages\selenium\webdriver\common\devtools\v136\indexed_db.py"
"422230B3B1B91F0E0FE2F5EA0793FE50E158675311F88FCB94F49051F48E902E","C:\SNS_24AutoProject_250723\venv\Lib\site-packages\selenium\webdriver\common\devtools\v137\indexed_db.py"
"22FDF3BB830416E31AFC7F2B1796DE03F39E125195B2AF04EF814764F1A20188","C:\SNS_24AutoProject_250723\venv\Lib\site-packages\selenium\webdriver\common\devtools\v136\input_.py"
"22FDF3BB830416E31AFC7F2B1796DE03F39E125195B2AF04EF814764F1A20188","C:\SNS_24AutoProject_250723\venv\Lib\site-packages\selenium\webdriver\common\devtools\v137\input_.py"
"A2BA07F69DED591621E69A00338F2D526014E3F57C9890570861A342DF404CE6","C:\SNS_24AutoProject_250723\venv\Lib\site-packages\selenium\webdriver\common\devtools\v136\inspector.py"
"A2BA07F69DED591621E69A00338F2D526014E3F57C9890570861A342DF404CE6","C:\SNS_24AutoProject_250723\venv\Lib\site-packages\selenium\webdriver\common\devtools\v137\inspector.py"
"06A46B240BD8CF27EFE3D8ADC39F2CDEB6B40B6DEB4EB431569DF2C852F84BA0","C:\SNS_24AutoProject_250723\venv\Lib\site-packages\selenium\webdriver\common\devtools\v136\io.py"
"06A46B240BD8CF27EFE3D8ADC39F2CDEB6B40B6DEB4EB431569DF2C852F84BA0","C:\SNS_24AutoProject_250723\venv\Lib\site-packages\selenium\webdriver\common\devtools\v137\io.py"
"5B142C1D52BA96D0495CAE960E9668BEB3FCB2A3EA9ACDC07AB2B598F55CB18F","C:\SNS_24AutoProject_250723\venv\Lib\site-packages\selenium\webdriver\common\devtools\v136\layer_tree.py"
"5B142C1D52BA96D0495CAE960E9668BEB3FCB2A3EA9ACDC07AB2B598F55CB18F","C:\SNS_24AutoProject_250723\venv\Lib\site-packages\selenium\webdriver\common\devtools\v137\layer_tree.py"
"9019B600281C4DB0B94FA9C644E26731FA1F03DCE32ED3BD2B6854C05CB0A92D","C:\SNS_24AutoProject_250723\venv\Lib\site-packages\selenium\webdriver\common\devtools\v136\log.py"
"9019B600281C4DB0B94FA9C644E26731FA1F03DCE32ED3BD2B6854C05CB0A92D","C:\SNS_24AutoProject_250723\venv\Lib\site-packages\selenium\webdriver\common\devtools\v137\log.py"
"3268F678518C64C2DC3EBBFF322F8C8112477BA9A91406BE19D3177482C5ADDF","C:\SNS_24AutoProject_250723\venv\Lib\site-packages\selenium\webdriver\common\devtools\v136\media.py"
"3268F678518C64C2DC3EBBFF322F8C8112477BA9A91406BE19D3177482C5ADDF","C:\SNS_24AutoProject_250723\venv\Lib\site-packages\selenium\webdriver\common\devtools\v137\media.py"
"67E393B2B705D73681C3AAA20DDC45A8AD10486230F50CF729A3FD2038162889","C:\SNS_24AutoProject_250723\venv\Lib\site-packages\selenium\webdriver\common\devtools\v136\memory.py"
"67E393B2B705D73681C3AAA20DDC45A8AD10486230F50CF729A3FD2038162889","C:\SNS_24AutoProject_250723\venv\Lib\site-packages\selenium\webdriver\common\devtools\v137\memory.py"
"CB8C03EB42F4A15704BE84D1234D19BB7145D54CC571B8B0F07A018DE4174346","C:\SNS_24AutoProject_250723\venv\Lib\site-packages\selenium\webdriver\common\devtools\v136\overlay.py"
"CB8C03EB42F4A15704BE84D1234D19BB7145D54CC571B8B0F07A018DE4174346","C:\SNS_24AutoProject_250723\venv\Lib\site-packages\selenium\webdriver\common\devtools\v137\overlay.py"
"E3BDD25E9DE8557936F793F86A262EA01FB0926D153E03861EB97B65E75F0A8D","C:\SNS_24AutoProject_250723\venv\Lib\site-packages\selenium\webdriver\common\devtools\v136\performance.py"
"E3BDD25E9DE8557936F793F86A262EA01FB0926D153E03861EB97B65E75F0A8D","C:\SNS_24AutoProject_250723\venv\Lib\site-packages\selenium\webdriver\common\devtools\v137\performance.py"
"949DE78C38EA8C75D22647E0474AB91C0E42FE2D54E6198C8D4E4C12481584CC","C:\SNS_24AutoProject_250723\venv\Lib\site-packages\selenium\webdriver\common\devtools\v136\performance_timeline.py"
"949DE78C38EA8C75D22647E0474AB91C0E42FE2D54E6198C8D4E4C12481584CC","C:\SNS_24AutoProject_250723\venv\Lib\site-packages\selenium\webdriver\common\devtools\v137\performance_timeline.py"
"285C61BED0065863068E7DA8393E4BCC71B032492F6E30DF6331C50681735C9C","C:\SNS_24AutoProject_250723\venv\Lib\site-packages\selenium\webdriver\common\devtools\v136\preload.py"
"3A42B0AFB500CB4576DE3BECAD04E4B29365A47907E176F31A0C846C33EE5772","C:\SNS_24AutoProject_250723\venv\Lib\site-packages\selenium\webdriver\common\devtools\v136\profiler.py"
"3A42B0AFB500CB4576DE3BECAD04E4B29365A47907E176F31A0C846C33EE5772","C:\SNS_24AutoProject_250723\venv\Lib\site-packages\selenium\webdriver\common\devtools\v137\profiler.py"
"F4F98EB3E240534C751D6495DD6C4A66A3D42791BD9BE23715E45183F63DDA96","C:\SNS_24AutoProject_250723\venv\Lib\site-packages\selenium\webdriver\common\devtools\v136\pwa.py"
"F4F98EB3E240534C751D6495DD6C4A66A3D42791BD9BE23715E45183F63DDA96","C:\SNS_24AutoProject_250723\venv\Lib\site-packages\selenium\webdriver\common\devtools\v137\pwa.py"
"2B65DEE598715245102648F780CFD725CE7A7DF7BB6AD7C234DE19ED3221331A","C:\SNS_24AutoProject_250723\venv\Lib\site-packages\selenium\webdriver\common\devtools\v136\runtime.py"
"2B65DEE598715245102648F780CFD725CE7A7DF7BB6AD7C234DE19ED3221331A","C:\SNS_24AutoProject_250723\venv\Lib\site-packages\selenium\webdriver\common\devtools\v137\runtime.py"
"7DB352AA8A1AC8093EBA97AAE0EA0B7967E02D8B9D56116864F12143B38A25DC","C:\SNS_24AutoProject_250723\venv\Lib\site-packages\selenium\webdriver\common\devtools\v136\schema.py"
"7DB352AA8A1AC8093EBA97AAE0EA0B7967E02D8B9D56116864F12143B38A25DC","C:\SNS_24AutoProject_250723\venv\Lib\site-packages\selenium\webdriver\common\devtools\v137\schema.py"
"74CD75A62ECE1A1FDFC2AFDB5447AB0BFA1C43A7FF8F1D65BA22FD034E62F673","C:\SNS_24AutoProject_250723\venv\Lib\site-packages\selenium\webdriver\common\devtools\v136\security.py"
"74CD75A62ECE1A1FDFC2AFDB5447AB0BFA1C43A7FF8F1D65BA22FD034E62F673","C:\SNS_24AutoProject_250723\venv\Lib\site-packages\selenium\webdriver\common\devtools\v137\security.py"
"F55BAD45AFA4721E1B7D95367C59976BCC49A860DD15D06E1F3A6557FB89E2DB","C:\SNS_24AutoProject_250723\venv\Lib\site-packages\selenium\webdriver\common\devtools\v136\service_worker.py"
"F55BAD45AFA4721E1B7D95367C59976BCC49A860DD15D06E1F3A6557FB89E2DB","C:\SNS_24AutoProject_250723\venv\Lib\site-packages\selenium\webdriver\common\devtools\v137\service_worker.py"
"896DA06424B1275FA2744B015AC13482BA89BFD62E8721E1B8C717A5762D395D","C:\SNS_24AutoProject_250723\venv\Lib\site-packages\selenium\webdriver\common\devtools\v136\system_info.py"
"896DA06424B1275FA2744B015AC13482BA89BFD62E8721E1B8C717A5762D395D","C:\SNS_24AutoProject_250723\venv\Lib\site-packages\selenium\webdriver\common\devtools\v137\system_info.py"
"6EB64AD04C7FA69D51648FBA9B7060A2BB970CE0BFC24369387F92E74F836ECA","C:\SNS_24AutoProject_250723\venv\Lib\site-packages\selenium\webdriver\common\devtools\v136\tethering.py"
"6EB64AD04C7FA69D51648FBA9B7060A2BB970CE0BFC24369387F92E74F836ECA","C:\SNS_24AutoProject_250723\venv\Lib\site-packages\selenium\webdriver\common\devtools\v137\tethering.py"
"818D8A7C01A97B409EB8A5070EF056414D29B2FB98C9AC0FA6B38C04BEA28552","C:\SNS_24AutoProject_250723\venv\Lib\site-packages\selenium\webdriver\common\devtools\v136\tracing.py"
"818D8A7C01A97B409EB8A5070EF056414D29B2FB98C9AC0FA6B38C04BEA28552","C:\SNS_24AutoProject_250723\venv\Lib\site-packages\selenium\webdriver\common\devtools\v137\tracing.py"
"6B73F3F4B7CF8F1F301E86A302274F62EB34A1DADAEB4B3273B70E5960BD4535","C:\SNS_24AutoProject_250723\venv\Lib\site-packages\selenium\webdriver\common\devtools\v136\util.py"
"6B73F3F4B7CF8F1F301E86A302274F62EB34A1DADAEB4B3273B70E5960BD4535","C:\SNS_24AutoProject_250723\venv\Lib\site-packages\selenium\webdriver\common\devtools\v137\util.py"
"DAAE19110497BC978C60EDE3B50D48AC684D482818E744E607A7F8A98E4FD2B1","C:\SNS_24AutoProject_250723\venv\Lib\site-packages\selenium\webdriver\common\devtools\v136\web_audio.py"
"DAAE19110497BC978C60EDE3B50D48AC684D482818E744E607A7F8A98E4FD2B1","C:\SNS_24AutoProject_250723\venv\Lib\site-packages\selenium\webdriver\common\devtools\v137\web_audio.py"
"EEE6CF2E07464794F867E9979C2EB28D59272EDE738F3E4D7279BAA3073F39F5","C:\SNS_24AutoProject_250723\venv\Lib\site-packages\selenium\webdriver\common\devtools\v136\web_authn.py"
"EEE6CF2E07464794F867E9979C2EB28D59272EDE738F3E4D7279BAA3073F39F5","C:\SNS_24AutoProject_250723\venv\Lib\site-packages\selenium\webdriver\common\devtools\v137\web_authn.py"
"7F533347CDB1C3F0C6DEC848537867D31F2D998926D3708D227E0763FF5F5401","C:\SNS_24AutoProject_250723\venv\Lib\site-packages\selenium\webdriver\common\devtools\v136\__init__.py"
"7F533347CDB1C3F0C6DEC848537867D31F2D998926D3708D227E0763FF5F5401","C:\SNS_24AutoProject_250723\venv\Lib\site-packages\selenium\webdriver\common\devtools\v137\__init__.py"
"FE91AF7D56CE53D4E16026D6817EBA597937B4AAD937E522DE51F00CC5A33B5F","C:\SNS_24AutoProject_250723\venv\Lib\site-packages\selenium\webdriver\common\devtools\v137\css.py"
"F284627B0EA7EB7C6DB5A22847356BBD2709AD3166ABE9475C334E83E7E59E47","C:\SNS_24AutoProject_250723\venv\Lib\site-packages\selenium\webdriver\common\devtools\v137\debugger.py"
"1362CBFD56D462ED4657A5FD8C096892183914B75F6881707835C9F169E53A26","C:\SNS_24AutoProject_250723\venv\Lib\site-packages\selenium\webdriver\common\devtools\v137\target.py"
"75F12EA2F30D9C0D872DADE345F30F562E6D93847B6A509BA53BEEC6D0B2C346","C:\SNS_24AutoProject_250723\venv\Lib\site-packages\setuptools\cli-32.exe"
"5C1AF46C7300E87A73DACF6CF41CE397E3F05DF6BD9C7E227B4AC59F85769160","C:\SNS_24AutoProject_250723\venv\Lib\site-packages\setuptools\gui-32.exe"
"5BE25F7E62686C62F37D70DBD97581040A6184312E8EA2E93D756EF4A76B589E","C:\SNS_24AutoProject_250723\venv\Lib\site-packages\tomli-2.2.1.dist-info\WHEEL"
"0E00720101A7B6BAA00259846C7ABFA78BEB94A2812DC6C3B8104EAB771EC8E8","C:\SNS_24AutoProject_250723\venv\Scripts\coverage-3.10.exe"
"0E00720101A7B6BAA00259846C7ABFA78BEB94A2812DC6C3B8104EAB771EC8E8","C:\SNS_24AutoProject_250723\venv\Scripts\coverage.exe"
"C9AA8C2BB86EC6D1AA1F227E7188832DC71D2B732BED050138BC90822E8F1BE6","C:\SNS_24AutoProject_250723\venv\Scripts\pip.exe"
"C9AA8C2BB86EC6D1AA1F227E7188832DC71D2B732BED050138BC90822E8F1BE6","C:\SNS_24AutoProject_250723\venv\Scripts\pip3.10.exe"
"E6CDF2E1DE380BEDE0A76050C7F72C4A02BEEEB4BFD83B7078C0F05BEA2A9063","C:\SNS_24AutoProject_250723\venv\Scripts\py.test.exe"
