"filename","sha256","src","chosen_dest"
"log_trace.py","E3B0C44298FC1C149AFBF4C8996FB92427AE41E4649B934CA495991B7852B855","C:\SNS_24AutoProject_250723\decorators\log_trace.py","C:\SNS_24AutoProject_250723\decorators\log_trace.py"
"log_trace.py","E3B0C44298FC1C149AFBF4C8996FB92427AE41E4649B934CA495991B7852B855","C:\SNS_24AutoProject_250723\decorators\log_trace.py","C:\SNS_24AutoProject_250723\decorators\log_trace.py"
"log_trace.py","E3B0C44298FC1C149AFBF4C8996FB92427AE41E4649B934CA495991B7852B855","C:\SNS_24AutoProject_250723\decorators\log_trace.py","C:\SNS_24AutoProject_250723\decorators\log_trace.py"
"log_trace.py","E3B0C44298FC1C149AFBF4C8996FB92427AE41E4649B934CA495991B7852B855","C:\SNS_24AutoProject_250723\decorators\log_trace.py","C:\SNS_24AutoProject_250723\decorators\log_trace.py"
"log_trace.py","E3B0C44298FC1C149AFBF4C8996FB92427AE41E4649B934CA495991B7852B855","C:\SNS_24AutoProject_250723\decorators\log_trace.py","C:\SNS_24AutoProject_250723\decorators\log_trace.py"
"log_trace.py","E3B0C44298FC1C149AFBF4C8996FB92427AE41E4649B934CA495991B7852B855","C:\SNS_24AutoProject_250723\decorators\log_trace.py","C:\SNS_24AutoProject_250723\decorators\log_trace.py"
"log_trace.py","E3B0C44298FC1C149AFBF4C8996FB92427AE41E4649B934CA495991B7852B855","C:\SNS_24AutoProject_250723\decorators\log_trace.py","C:\SNS_24AutoProject_250723\decorators\log_trace.py"
"log_trace.py","E3B0C44298FC1C149AFBF4C8996FB92427AE41E4649B934CA495991B7852B855","C:\SNS_24AutoProject_250723\decorators\log_trace.py","C:\SNS_24AutoProject_250723\decorators\log_trace.py"
"log_trace.py","E3B0C44298FC1C149AFBF4C8996FB92427AE41E4649B934CA495991B7852B855","C:\SNS_24AutoProject_250723\decorators\log_trace.py","C:\SNS_24AutoProject_250723\decorators\log_trace.py"
"log_trace.py","E3B0C44298FC1C149AFBF4C8996FB92427AE41E4649B934CA495991B7852B855","C:\SNS_24AutoProject_250723\decorators\log_trace.py","C:\SNS_24AutoProject_250723\decorators\log_trace.py"
"log_trace.py","E3B0C44298FC1C149AFBF4C8996FB92427AE41E4649B934CA495991B7852B855","C:\SNS_24AutoProject_250723\decorators\log_trace.py","C:\SNS_24AutoProject_250723\decorators\log_trace.py"
"log_trace.py","E3B0C44298FC1C149AFBF4C8996FB92427AE41E4649B934CA495991B7852B855","C:\SNS_24AutoProject_250723\decorators\log_trace.py","C:\SNS_24AutoProject_250723\decorators\log_trace.py"
"log_trace.py","E3B0C44298FC1C149AFBF4C8996FB92427AE41E4649B934CA495991B7852B855","C:\SNS_24AutoProject_250723\decorators\log_trace.py","C:\SNS_24AutoProject_250723\decorators\log_trace.py"
"log_trace.py","E3B0C44298FC1C149AFBF4C8996FB92427AE41E4649B934CA495991B7852B855","C:\SNS_24AutoProject_250723\decorators\log_trace.py","C:\SNS_24AutoProject_250723\decorators\log_trace.py"
"log_trace.py","E3B0C44298FC1C149AFBF4C8996FB92427AE41E4649B934CA495991B7852B855","C:\SNS_24AutoProject_250723\decorators\log_trace.py","C:\SNS_24AutoProject_250723\decorators\log_trace.py"
"log_trace.py","E3B0C44298FC1C149AFBF4C8996FB92427AE41E4649B934CA495991B7852B855","C:\SNS_24AutoProject_250723\decorators\log_trace.py","C:\SNS_24AutoProject_250723\decorators\log_trace.py"
"log_trace.py","E3B0C44298FC1C149AFBF4C8996FB92427AE41E4649B934CA495991B7852B855","C:\SNS_24AutoProject_250723\decorators\log_trace.py","C:\SNS_24AutoProject_250723\decorators\log_trace.py"
"log_trace.py","E3B0C44298FC1C149AFBF4C8996FB92427AE41E4649B934CA495991B7852B855","C:\SNS_24AutoProject_250723\decorators\log_trace.py","C:\SNS_24AutoProject_250723\decorators\log_trace.py"
"log_trace.py","E3B0C44298FC1C149AFBF4C8996FB92427AE41E4649B934CA495991B7852B855","C:\SNS_24AutoProject_250723\decorators\log_trace.py","C:\SNS_24AutoProject_250723\decorators\log_trace.py"
"log_trace.py","E3B0C44298FC1C149AFBF4C8996FB92427AE41E4649B934CA495991B7852B855","C:\SNS_24AutoProject_250723\decorators\log_trace.py","C:\SNS_24AutoProject_250723\decorators\log_trace.py"
"log_trace.py","E3B0C44298FC1C149AFBF4C8996FB92427AE41E4649B934CA495991B7852B855","C:\SNS_24AutoProject_250723\decorators\log_trace.py","C:\SNS_24AutoProject_250723\decorators\log_trace.py"
"log_trace.py","E3B0C44298FC1C149AFBF4C8996FB92427AE41E4649B934CA495991B7852B855","C:\SNS_24AutoProject_250723\decorators\log_trace.py","C:\SNS_24AutoProject_250723\decorators\log_trace.py"
"log_trace.py","E3B0C44298FC1C149AFBF4C8996FB92427AE41E4649B934CA495991B7852B855","C:\SNS_24AutoProject_250723\decorators\log_trace.py","C:\SNS_24AutoProject_250723\decorators\log_trace.py"
"log_trace.py","E3B0C44298FC1C149AFBF4C8996FB92427AE41E4649B934CA495991B7852B855","C:\SNS_24AutoProject_250723\decorators\log_trace.py","C:\SNS_24AutoProject_250723\decorators\log_trace.py"
"log_trace.py","E3B0C44298FC1C149AFBF4C8996FB92427AE41E4649B934CA495991B7852B855","C:\SNS_24AutoProject_250723\decorators\log_trace.py","C:\SNS_24AutoProject_250723\decorators\log_trace.py"
"log_trace.py","E3B0C44298FC1C149AFBF4C8996FB92427AE41E4649B934CA495991B7852B855","C:\SNS_24AutoProject_250723\decorators\log_trace.py","C:\SNS_24AutoProject_250723\decorators\log_trace.py"
"log_trace.py","E3B0C44298FC1C149AFBF4C8996FB92427AE41E4649B934CA495991B7852B855","C:\SNS_24AutoProject_250723\decorators\log_trace.py","C:\SNS_24AutoProject_250723\decorators\log_trace.py"
"log_trace.py","E3B0C44298FC1C149AFBF4C8996FB92427AE41E4649B934CA495991B7852B855","C:\SNS_24AutoProject_250723\decorators\log_trace.py","C:\SNS_24AutoProject_250723\decorators\log_trace.py"
"log_trace.py","E3B0C44298FC1C149AFBF4C8996FB92427AE41E4649B934CA495991B7852B855","C:\SNS_24AutoProject_250723\decorators\log_trace.py","C:\SNS_24AutoProject_250723\decorators\log_trace.py"
"log_trace.py","E3B0C44298FC1C149AFBF4C8996FB92427AE41E4649B934CA495991B7852B855","C:\SNS_24AutoProject_250723\decorators\log_trace.py","C:\SNS_24AutoProject_250723\decorators\log_trace.py"
"log_trace.py","E3B0C44298FC1C149AFBF4C8996FB92427AE41E4649B934CA495991B7852B855","C:\SNS_24AutoProject_250723\decorators\log_trace.py","C:\SNS_24AutoProject_250723\decorators\log_trace.py"
"log_trace.py","E3B0C44298FC1C149AFBF4C8996FB92427AE41E4649B934CA495991B7852B855","C:\SNS_24AutoProject_250723\decorators\log_trace.py","C:\SNS_24AutoProject_250723\decorators\log_trace.py"
"log_trace.py","E3B0C44298FC1C149AFBF4C8996FB92427AE41E4649B934CA495991B7852B855","C:\SNS_24AutoProject_250723\decorators\log_trace.py","C:\SNS_24AutoProject_250723\decorators\log_trace.py"
"log_trace.py","E3B0C44298FC1C149AFBF4C8996FB92427AE41E4649B934CA495991B7852B855","C:\SNS_24AutoProject_250723\decorators\log_trace.py","C:\SNS_24AutoProject_250723\decorators\log_trace.py"
"log_trace.py","E3B0C44298FC1C149AFBF4C8996FB92427AE41E4649B934CA495991B7852B855","C:\SNS_24AutoProject_250723\decorators\log_trace.py","C:\SNS_24AutoProject_250723\decorators\log_trace.py"
"log_trace.py","E3B0C44298FC1C149AFBF4C8996FB92427AE41E4649B934CA495991B7852B855","C:\SNS_24AutoProject_250723\decorators\log_trace.py","C:\SNS_24AutoProject_250723\decorators\log_trace.py"
"log_trace.py","E3B0C44298FC1C149AFBF4C8996FB92427AE41E4649B934CA495991B7852B855","C:\SNS_24AutoProject_250723\decorators\log_trace.py","C:\SNS_24AutoProject_250723\decorators\log_trace.py"
"log_trace.py","E3B0C44298FC1C149AFBF4C8996FB92427AE41E4649B934CA495991B7852B855","C:\SNS_24AutoProject_250723\decorators\log_trace.py","C:\SNS_24AutoProject_250723\decorators\log_trace.py"
"log_trace.py","E3B0C44298FC1C149AFBF4C8996FB92427AE41E4649B934CA495991B7852B855","C:\SNS_24AutoProject_250723\decorators\log_trace.py","C:\SNS_24AutoProject_250723\decorators\log_trace.py"
"log_trace.py","E3B0C44298FC1C149AFBF4C8996FB92427AE41E4649B934CA495991B7852B855","C:\SNS_24AutoProject_250723\decorators\log_trace.py","C:\SNS_24AutoProject_250723\decorators\log_trace.py"
"log_trace.py","E3B0C44298FC1C149AFBF4C8996FB92427AE41E4649B934CA495991B7852B855","C:\SNS_24AutoProject_250723\decorators\log_trace.py","C:\SNS_24AutoProject_250723\decorators\log_trace.py"
"log_trace.py","E3B0C44298FC1C149AFBF4C8996FB92427AE41E4649B934CA495991B7852B855","C:\SNS_24AutoProject_250723\decorators\log_trace.py","C:\SNS_24AutoProject_250723\decorators\log_trace.py"
"log_trace.py","E3B0C44298FC1C149AFBF4C8996FB92427AE41E4649B934CA495991B7852B855","C:\SNS_24AutoProject_250723\decorators\log_trace.py","C:\SNS_24AutoProject_250723\decorators\log_trace.py"
"log_trace.py","E3B0C44298FC1C149AFBF4C8996FB92427AE41E4649B934CA495991B7852B855","C:\SNS_24AutoProject_250723\decorators\log_trace.py","C:\SNS_24AutoProject_250723\decorators\log_trace.py"
"log_trace.py","E3B0C44298FC1C149AFBF4C8996FB92427AE41E4649B934CA495991B7852B855","C:\SNS_24AutoProject_250723\decorators\log_trace.py","C:\SNS_24AutoProject_250723\decorators\log_trace.py"
"log_trace.py","E3B0C44298FC1C149AFBF4C8996FB92427AE41E4649B934CA495991B7852B855","C:\SNS_24AutoProject_250723\decorators\log_trace.py","C:\SNS_24AutoProject_250723\decorators\log_trace.py"
"log_trace.py","E3B0C44298FC1C149AFBF4C8996FB92427AE41E4649B934CA495991B7852B855","C:\SNS_24AutoProject_250723\decorators\log_trace.py","C:\SNS_24AutoProject_250723\decorators\log_trace.py"
"log_trace.py","E3B0C44298FC1C149AFBF4C8996FB92427AE41E4649B934CA495991B7852B855","C:\SNS_24AutoProject_250723\decorators\log_trace.py","C:\SNS_24AutoProject_250723\decorators\log_trace.py"
"log_trace.py","E3B0C44298FC1C149AFBF4C8996FB92427AE41E4649B934CA495991B7852B855","C:\SNS_24AutoProject_250723\decorators\log_trace.py","C:\SNS_24AutoProject_250723\decorators\log_trace.py"
"log_trace.py","E3B0C44298FC1C149AFBF4C8996FB92427AE41E4649B934CA495991B7852B855","C:\SNS_24AutoProject_250723\decorators\log_trace.py","C:\SNS_24AutoProject_250723\decorators\log_trace.py"
"log_trace.py","E3B0C44298FC1C149AFBF4C8996FB92427AE41E4649B934CA495991B7852B855","C:\SNS_24AutoProject_250723\decorators\log_trace.py","C:\SNS_24AutoProject_250723\decorators\log_trace.py"
"log_trace.py","E3B0C44298FC1C149AFBF4C8996FB92427AE41E4649B934CA495991B7852B855","C:\SNS_24AutoProject_250723\decorators\log_trace.py","C:\SNS_24AutoProject_250723\decorators\log_trace.py"
"log_trace.py","E3B0C44298FC1C149AFBF4C8996FB92427AE41E4649B934CA495991B7852B855","C:\SNS_24AutoProject_250723\decorators\log_trace.py","C:\SNS_24AutoProject_250723\decorators\log_trace.py"
"log_trace.py","E3B0C44298FC1C149AFBF4C8996FB92427AE41E4649B934CA495991B7852B855","C:\SNS_24AutoProject_250723\decorators\log_trace.py","C:\SNS_24AutoProject_250723\decorators\log_trace.py"
"log_trace.py","E3B0C44298FC1C149AFBF4C8996FB92427AE41E4649B934CA495991B7852B855","C:\SNS_24AutoProject_250723\decorators\log_trace.py","C:\SNS_24AutoProject_250723\decorators\log_trace.py"
"log_trace.py","E3B0C44298FC1C149AFBF4C8996FB92427AE41E4649B934CA495991B7852B855","C:\SNS_24AutoProject_250723\decorators\log_trace.py","C:\SNS_24AutoProject_250723\decorators\log_trace.py"
"log_trace.py","E3B0C44298FC1C149AFBF4C8996FB92427AE41E4649B934CA495991B7852B855","C:\SNS_24AutoProject_250723\decorators\log_trace.py","C:\SNS_24AutoProject_250723\decorators\log_trace.py"
"log_trace.py","E3B0C44298FC1C149AFBF4C8996FB92427AE41E4649B934CA495991B7852B855","C:\SNS_24AutoProject_250723\decorators\log_trace.py","C:\SNS_24AutoProject_250723\decorators\log_trace.py"
"log_trace.py","E3B0C44298FC1C149AFBF4C8996FB92427AE41E4649B934CA495991B7852B855","C:\SNS_24AutoProject_250723\decorators\log_trace.py","C:\SNS_24AutoProject_250723\decorators\log_trace.py"
"log_trace.py","E3B0C44298FC1C149AFBF4C8996FB92427AE41E4649B934CA495991B7852B855","C:\SNS_24AutoProject_250723\decorators\log_trace.py","C:\SNS_24AutoProject_250723\decorators\log_trace.py"
"log_trace.py","E3B0C44298FC1C149AFBF4C8996FB92427AE41E4649B934CA495991B7852B855","C:\SNS_24AutoProject_250723\decorators\log_trace.py","C:\SNS_24AutoProject_250723\decorators\log_trace.py"
"log_trace.py","E3B0C44298FC1C149AFBF4C8996FB92427AE41E4649B934CA495991B7852B855","C:\SNS_24AutoProject_250723\decorators\log_trace.py","C:\SNS_24AutoProject_250723\decorators\log_trace.py"
"log_trace.py","E3B0C44298FC1C149AFBF4C8996FB92427AE41E4649B934CA495991B7852B855","C:\SNS_24AutoProject_250723\decorators\log_trace.py","C:\SNS_24AutoProject_250723\decorators\log_trace.py"
"log_trace.py","E3B0C44298FC1C149AFBF4C8996FB92427AE41E4649B934CA495991B7852B855","C:\SNS_24AutoProject_250723\decorators\log_trace.py","C:\SNS_24AutoProject_250723\decorators\log_trace.py"
"log_trace.py","E3B0C44298FC1C149AFBF4C8996FB92427AE41E4649B934CA495991B7852B855","C:\SNS_24AutoProject_250723\decorators\log_trace.py","C:\SNS_24AutoProject_250723\decorators\log_trace.py"
"log_trace.py","E3B0C44298FC1C149AFBF4C8996FB92427AE41E4649B934CA495991B7852B855","C:\SNS_24AutoProject_250723\decorators\log_trace.py","C:\SNS_24AutoProject_250723\decorators\log_trace.py"
"log_trace.py","E3B0C44298FC1C149AFBF4C8996FB92427AE41E4649B934CA495991B7852B855","C:\SNS_24AutoProject_250723\decorators\log_trace.py","C:\SNS_24AutoProject_250723\decorators\log_trace.py"
"log_trace.py","E3B0C44298FC1C149AFBF4C8996FB92427AE41E4649B934CA495991B7852B855","C:\SNS_24AutoProject_250723\decorators\log_trace.py","C:\SNS_24AutoProject_250723\decorators\log_trace.py"
"log_trace.py","E3B0C44298FC1C149AFBF4C8996FB92427AE41E4649B934CA495991B7852B855","C:\SNS_24AutoProject_250723\decorators\log_trace.py","C:\SNS_24AutoProject_250723\decorators\log_trace.py"
"log_trace.py","E3B0C44298FC1C149AFBF4C8996FB92427AE41E4649B934CA495991B7852B855","C:\SNS_24AutoProject_250723\decorators\log_trace.py","C:\SNS_24AutoProject_250723\decorators\log_trace.py"
"log_trace.py","E3B0C44298FC1C149AFBF4C8996FB92427AE41E4649B934CA495991B7852B855","C:\SNS_24AutoProject_250723\decorators\log_trace.py","C:\SNS_24AutoProject_250723\decorators\log_trace.py"
"log_trace.py","E3B0C44298FC1C149AFBF4C8996FB92427AE41E4649B934CA495991B7852B855","C:\SNS_24AutoProject_250723\decorators\log_trace.py","C:\SNS_24AutoProject_250723\decorators\log_trace.py"
"log_trace.py","E3B0C44298FC1C149AFBF4C8996FB92427AE41E4649B934CA495991B7852B855","C:\SNS_24AutoProject_250723\decorators\log_trace.py","C:\SNS_24AutoProject_250723\decorators\log_trace.py"
"log_trace.py","E3B0C44298FC1C149AFBF4C8996FB92427AE41E4649B934CA495991B7852B855","C:\SNS_24AutoProject_250723\decorators\log_trace.py","C:\SNS_24AutoProject_250723\decorators\log_trace.py"
"log_trace.py","E3B0C44298FC1C149AFBF4C8996FB92427AE41E4649B934CA495991B7852B855","C:\SNS_24AutoProject_250723\decorators\log_trace.py","C:\SNS_24AutoProject_250723\decorators\log_trace.py"
"log_trace.py","E3B0C44298FC1C149AFBF4C8996FB92427AE41E4649B934CA495991B7852B855","C:\SNS_24AutoProject_250723\decorators\log_trace.py","C:\SNS_24AutoProject_250723\decorators\log_trace.py"
"log_trace.py","E3B0C44298FC1C149AFBF4C8996FB92427AE41E4649B934CA495991B7852B855","C:\SNS_24AutoProject_250723\decorators\log_trace.py","C:\SNS_24AutoProject_250723\decorators\log_trace.py"
"log_trace.py","E3B0C44298FC1C149AFBF4C8996FB92427AE41E4649B934CA495991B7852B855","C:\SNS_24AutoProject_250723\decorators\log_trace.py","C:\SNS_24AutoProject_250723\decorators\log_trace.py"
"log_trace.py","E3B0C44298FC1C149AFBF4C8996FB92427AE41E4649B934CA495991B7852B855","C:\SNS_24AutoProject_250723\decorators\log_trace.py","C:\SNS_24AutoProject_250723\decorators\log_trace.py"
"log_trace.py","E3B0C44298FC1C149AFBF4C8996FB92427AE41E4649B934CA495991B7852B855","C:\SNS_24AutoProject_250723\decorators\log_trace.py","C:\SNS_24AutoProject_250723\decorators\log_trace.py"
"log_trace.py","E3B0C44298FC1C149AFBF4C8996FB92427AE41E4649B934CA495991B7852B855","C:\SNS_24AutoProject_250723\decorators\log_trace.py","C:\SNS_24AutoProject_250723\decorators\log_trace.py"
"log_trace.py","E3B0C44298FC1C149AFBF4C8996FB92427AE41E4649B934CA495991B7852B855","C:\SNS_24AutoProject_250723\decorators\log_trace.py","C:\SNS_24AutoProject_250723\decorators\log_trace.py"
"log_trace.py","E3B0C44298FC1C149AFBF4C8996FB92427AE41E4649B934CA495991B7852B855","C:\SNS_24AutoProject_250723\decorators\log_trace.py","C:\SNS_24AutoProject_250723\decorators\log_trace.py"
"log_trace.py","E3B0C44298FC1C149AFBF4C8996FB92427AE41E4649B934CA495991B7852B855","C:\SNS_24AutoProject_250723\decorators\log_trace.py","C:\SNS_24AutoProject_250723\decorators\log_trace.py"
"log_trace.py","E3B0C44298FC1C149AFBF4C8996FB92427AE41E4649B934CA495991B7852B855","C:\SNS_24AutoProject_250723\decorators\log_trace.py","C:\SNS_24AutoProject_250723\decorators\log_trace.py"
"log_trace.py","E3B0C44298FC1C149AFBF4C8996FB92427AE41E4649B934CA495991B7852B855","C:\SNS_24AutoProject_250723\decorators\log_trace.py","C:\SNS_24AutoProject_250723\decorators\log_trace.py"
"log_trace.py","E3B0C44298FC1C149AFBF4C8996FB92427AE41E4649B934CA495991B7852B855","C:\SNS_24AutoProject_250723\decorators\log_trace.py","C:\SNS_24AutoProject_250723\decorators\log_trace.py"
"log_trace.py","E3B0C44298FC1C149AFBF4C8996FB92427AE41E4649B934CA495991B7852B855","C:\SNS_24AutoProject_250723\decorators\log_trace.py","C:\SNS_24AutoProject_250723\decorators\log_trace.py"
"log_trace.py","E3B0C44298FC1C149AFBF4C8996FB92427AE41E4649B934CA495991B7852B855","C:\SNS_24AutoProject_250723\decorators\log_trace.py","C:\SNS_24AutoProject_250723\decorators\log_trace.py"
"log_trace.py","E3B0C44298FC1C149AFBF4C8996FB92427AE41E4649B934CA495991B7852B855","C:\SNS_24AutoProject_250723\decorators\log_trace.py","C:\SNS_24AutoProject_250723\decorators\log_trace.py"
"log_trace.py","E3B0C44298FC1C149AFBF4C8996FB92427AE41E4649B934CA495991B7852B855","C:\SNS_24AutoProject_250723\decorators\log_trace.py","C:\SNS_24AutoProject_250723\decorators\log_trace.py"
"log_trace.py","E3B0C44298FC1C149AFBF4C8996FB92427AE41E4649B934CA495991B7852B855","C:\SNS_24AutoProject_250723\decorators\log_trace.py","C:\SNS_24AutoProject_250723\decorators\log_trace.py"
"log_trace.py","E3B0C44298FC1C149AFBF4C8996FB92427AE41E4649B934CA495991B7852B855","C:\SNS_24AutoProject_250723\decorators\log_trace.py","C:\SNS_24AutoProject_250723\decorators\log_trace.py"
"log_trace.py","E3B0C44298FC1C149AFBF4C8996FB92427AE41E4649B934CA495991B7852B855","C:\SNS_24AutoProject_250723\decorators\log_trace.py","C:\SNS_24AutoProject_250723\decorators\log_trace.py"
"log_trace.py","E3B0C44298FC1C149AFBF4C8996FB92427AE41E4649B934CA495991B7852B855","C:\SNS_24AutoProject_250723\decorators\log_trace.py","C:\SNS_24AutoProject_250723\decorators\log_trace.py"
"log_trace.py","E3B0C44298FC1C149AFBF4C8996FB92427AE41E4649B934CA495991B7852B855","C:\SNS_24AutoProject_250723\decorators\log_trace.py","C:\SNS_24AutoProject_250723\decorators\log_trace.py"
"log_trace.py","E3B0C44298FC1C149AFBF4C8996FB92427AE41E4649B934CA495991B7852B855","C:\SNS_24AutoProject_250723\decorators\log_trace.py","C:\SNS_24AutoProject_250723\decorators\log_trace.py"
"log_trace.py","E3B0C44298FC1C149AFBF4C8996FB92427AE41E4649B934CA495991B7852B855","C:\SNS_24AutoProject_250723\decorators\log_trace.py","C:\SNS_24AutoProject_250723\decorators\log_trace.py"
"log_trace.py","E3B0C44298FC1C149AFBF4C8996FB92427AE41E4649B934CA495991B7852B855","C:\SNS_24AutoProject_250723\decorators\log_trace.py","C:\SNS_24AutoProject_250723\decorators\log_trace.py"
"log_trace.py","E3B0C44298FC1C149AFBF4C8996FB92427AE41E4649B934CA495991B7852B855","C:\SNS_24AutoProject_250723\decorators\log_trace.py","C:\SNS_24AutoProject_250723\decorators\log_trace.py"
"log_trace.py","E3B0C44298FC1C149AFBF4C8996FB92427AE41E4649B934CA495991B7852B855","C:\SNS_24AutoProject_250723\decorators\log_trace.py","C:\SNS_24AutoProject_250723\decorators\log_trace.py"
"log_trace.py","E3B0C44298FC1C149AFBF4C8996FB92427AE41E4649B934CA495991B7852B855","C:\SNS_24AutoProject_250723\decorators\log_trace.py","C:\SNS_24AutoProject_250723\decorators\log_trace.py"
"log_trace.py","E3B0C44298FC1C149AFBF4C8996FB92427AE41E4649B934CA495991B7852B855","C:\SNS_24AutoProject_250723\decorators\log_trace.py","C:\SNS_24AutoProject_250723\decorators\log_trace.py"
"log_trace.py","E3B0C44298FC1C149AFBF4C8996FB92427AE41E4649B934CA495991B7852B855","C:\SNS_24AutoProject_250723\decorators\log_trace.py","C:\SNS_24AutoProject_250723\decorators\log_trace.py"
"log_trace.py","E3B0C44298FC1C149AFBF4C8996FB92427AE41E4649B934CA495991B7852B855","C:\SNS_24AutoProject_250723\decorators\log_trace.py","C:\SNS_24AutoProject_250723\decorators\log_trace.py"
"log_trace.py","E3B0C44298FC1C149AFBF4C8996FB92427AE41E4649B934CA495991B7852B855","C:\SNS_24AutoProject_250723\decorators\log_trace.py","C:\SNS_24AutoProject_250723\decorators\log_trace.py"
"log_trace.py","E3B0C44298FC1C149AFBF4C8996FB92427AE41E4649B934CA495991B7852B855","C:\SNS_24AutoProject_250723\decorators\log_trace.py","C:\SNS_24AutoProject_250723\decorators\log_trace.py"
"log_trace.py","E3B0C44298FC1C149AFBF4C8996FB92427AE41E4649B934CA495991B7852B855","C:\SNS_24AutoProject_250723\decorators\log_trace.py","C:\SNS_24AutoProject_250723\decorators\log_trace.py"
"log_trace.py","E3B0C44298FC1C149AFBF4C8996FB92427AE41E4649B934CA495991B7852B855","C:\SNS_24AutoProject_250723\decorators\log_trace.py","C:\SNS_24AutoProject_250723\decorators\log_trace.py"
"log_trace.py","E3B0C44298FC1C149AFBF4C8996FB92427AE41E4649B934CA495991B7852B855","C:\SNS_24AutoProject_250723\decorators\log_trace.py","C:\SNS_24AutoProject_250723\decorators\log_trace.py"
"log_trace.py","E3B0C44298FC1C149AFBF4C8996FB92427AE41E4649B934CA495991B7852B855","C:\SNS_24AutoProject_250723\decorators\log_trace.py","C:\SNS_24AutoProject_250723\decorators\log_trace.py"
"log_trace.py","E3B0C44298FC1C149AFBF4C8996FB92427AE41E4649B934CA495991B7852B855","C:\SNS_24AutoProject_250723\decorators\log_trace.py","C:\SNS_24AutoProject_250723\decorators\log_trace.py"
"log_trace.py","E3B0C44298FC1C149AFBF4C8996FB92427AE41E4649B934CA495991B7852B855","C:\SNS_24AutoProject_250723\decorators\log_trace.py","C:\SNS_24AutoProject_250723\decorators\log_trace.py"
"log_trace.py","E3B0C44298FC1C149AFBF4C8996FB92427AE41E4649B934CA495991B7852B855","C:\SNS_24AutoProject_250723\decorators\log_trace.py","C:\SNS_24AutoProject_250723\decorators\log_trace.py"
"log_trace.py","E3B0C44298FC1C149AFBF4C8996FB92427AE41E4649B934CA495991B7852B855","C:\SNS_24AutoProject_250723\decorators\log_trace.py","C:\SNS_24AutoProject_250723\decorators\log_trace.py"
"log_trace.py","E3B0C44298FC1C149AFBF4C8996FB92427AE41E4649B934CA495991B7852B855","C:\SNS_24AutoProject_250723\decorators\log_trace.py","C:\SNS_24AutoProject_250723\decorators\log_trace.py"
"log_trace.py","E3B0C44298FC1C149AFBF4C8996FB92427AE41E4649B934CA495991B7852B855","C:\SNS_24AutoProject_250723\decorators\log_trace.py","C:\SNS_24AutoProject_250723\decorators\log_trace.py"
"log_trace.py","E3B0C44298FC1C149AFBF4C8996FB92427AE41E4649B934CA495991B7852B855","C:\SNS_24AutoProject_250723\decorators\log_trace.py","C:\SNS_24AutoProject_250723\decorators\log_trace.py"
"log_trace.py","E3B0C44298FC1C149AFBF4C8996FB92427AE41E4649B934CA495991B7852B855","C:\SNS_24AutoProject_250723\decorators\log_trace.py","C:\SNS_24AutoProject_250723\decorators\log_trace.py"
"log_trace.py","E3B0C44298FC1C149AFBF4C8996FB92427AE41E4649B934CA495991B7852B855","C:\SNS_24AutoProject_250723\decorators\log_trace.py","C:\SNS_24AutoProject_250723\decorators\log_trace.py"
"log_trace.py","E3B0C44298FC1C149AFBF4C8996FB92427AE41E4649B934CA495991B7852B855","C:\SNS_24AutoProject_250723\decorators\log_trace.py","C:\SNS_24AutoProject_250723\decorators\log_trace.py"
"log_trace.py","E3B0C44298FC1C149AFBF4C8996FB92427AE41E4649B934CA495991B7852B855","C:\SNS_24AutoProject_250723\decorators\log_trace.py","C:\SNS_24AutoProject_250723\decorators\log_trace.py"
"log_trace.py","E3B0C44298FC1C149AFBF4C8996FB92427AE41E4649B934CA495991B7852B855","C:\SNS_24AutoProject_250723\decorators\log_trace.py","C:\SNS_24AutoProject_250723\decorators\log_trace.py"
"log_trace.py","E3B0C44298FC1C149AFBF4C8996FB92427AE41E4649B934CA495991B7852B855","C:\SNS_24AutoProject_250723\decorators\log_trace.py","C:\SNS_24AutoProject_250723\decorators\log_trace.py"
"log_trace.py","E3B0C44298FC1C149AFBF4C8996FB92427AE41E4649B934CA495991B7852B855","C:\SNS_24AutoProject_250723\decorators\log_trace.py","C:\SNS_24AutoProject_250723\decorators\log_trace.py"
"log_trace.py","E3B0C44298FC1C149AFBF4C8996FB92427AE41E4649B934CA495991B7852B855","C:\SNS_24AutoProject_250723\decorators\log_trace.py","C:\SNS_24AutoProject_250723\decorators\log_trace.py"
"log_trace.py","E3B0C44298FC1C149AFBF4C8996FB92427AE41E4649B934CA495991B7852B855","C:\SNS_24AutoProject_250723\decorators\log_trace.py","C:\SNS_24AutoProject_250723\decorators\log_trace.py"
"log_trace.py","E3B0C44298FC1C149AFBF4C8996FB92427AE41E4649B934CA495991B7852B855","C:\SNS_24AutoProject_250723\decorators\log_trace.py","C:\SNS_24AutoProject_250723\decorators\log_trace.py"
"log_trace.py","E3B0C44298FC1C149AFBF4C8996FB92427AE41E4649B934CA495991B7852B855","C:\SNS_24AutoProject_250723\decorators\log_trace.py","C:\SNS_24AutoProject_250723\decorators\log_trace.py"
"log_trace.py","E3B0C44298FC1C149AFBF4C8996FB92427AE41E4649B934CA495991B7852B855","C:\SNS_24AutoProject_250723\decorators\log_trace.py","C:\SNS_24AutoProject_250723\decorators\log_trace.py"
"log_trace.py","E3B0C44298FC1C149AFBF4C8996FB92427AE41E4649B934CA495991B7852B855","C:\SNS_24AutoProject_250723\decorators\log_trace.py","C:\SNS_24AutoProject_250723\decorators\log_trace.py"
"log_trace.py","E3B0C44298FC1C149AFBF4C8996FB92427AE41E4649B934CA495991B7852B855","C:\SNS_24AutoProject_250723\decorators\log_trace.py","C:\SNS_24AutoProject_250723\decorators\log_trace.py"
"log_trace.py","E3B0C44298FC1C149AFBF4C8996FB92427AE41E4649B934CA495991B7852B855","C:\SNS_24AutoProject_250723\decorators\log_trace.py","C:\SNS_24AutoProject_250723\decorators\log_trace.py"
"log_trace.py","E3B0C44298FC1C149AFBF4C8996FB92427AE41E4649B934CA495991B7852B855","C:\SNS_24AutoProject_250723\decorators\log_trace.py","C:\SNS_24AutoProject_250723\decorators\log_trace.py"
"log_trace.py","E3B0C44298FC1C149AFBF4C8996FB92427AE41E4649B934CA495991B7852B855","C:\SNS_24AutoProject_250723\decorators\log_trace.py","C:\SNS_24AutoProject_250723\decorators\log_trace.py"
"log_trace.py","E3B0C44298FC1C149AFBF4C8996FB92427AE41E4649B934CA495991B7852B855","C:\SNS_24AutoProject_250723\decorators\log_trace.py","C:\SNS_24AutoProject_250723\decorators\log_trace.py"
"log_trace.py","E3B0C44298FC1C149AFBF4C8996FB92427AE41E4649B934CA495991B7852B855","C:\SNS_24AutoProject_250723\decorators\log_trace.py","C:\SNS_24AutoProject_250723\decorators\log_trace.py"
"log_trace.py","E3B0C44298FC1C149AFBF4C8996FB92427AE41E4649B934CA495991B7852B855","C:\SNS_24AutoProject_250723\decorators\log_trace.py","C:\SNS_24AutoProject_250723\decorators\log_trace.py"
"log_trace.py","E3B0C44298FC1C149AFBF4C8996FB92427AE41E4649B934CA495991B7852B855","C:\SNS_24AutoProject_250723\decorators\log_trace.py","C:\SNS_24AutoProject_250723\decorators\log_trace.py"
"log_trace.py","E3B0C44298FC1C149AFBF4C8996FB92427AE41E4649B934CA495991B7852B855","C:\SNS_24AutoProject_250723\decorators\log_trace.py","C:\SNS_24AutoProject_250723\decorators\log_trace.py"
"log_trace.py","E3B0C44298FC1C149AFBF4C8996FB92427AE41E4649B934CA495991B7852B855","C:\SNS_24AutoProject_250723\decorators\log_trace.py","C:\SNS_24AutoProject_250723\decorators\log_trace.py"
"log_trace.py","E3B0C44298FC1C149AFBF4C8996FB92427AE41E4649B934CA495991B7852B855","C:\SNS_24AutoProject_250723\decorators\log_trace.py","C:\SNS_24AutoProject_250723\decorators\log_trace.py"
"log_trace.py","E3B0C44298FC1C149AFBF4C8996FB92427AE41E4649B934CA495991B7852B855","C:\SNS_24AutoProject_250723\decorators\log_trace.py","C:\SNS_24AutoProject_250723\decorators\log_trace.py"
"log_trace.py","E3B0C44298FC1C149AFBF4C8996FB92427AE41E4649B934CA495991B7852B855","C:\SNS_24AutoProject_250723\decorators\log_trace.py","C:\SNS_24AutoProject_250723\decorators\log_trace.py"
"log_trace.py","E3B0C44298FC1C149AFBF4C8996FB92427AE41E4649B934CA495991B7852B855","C:\SNS_24AutoProject_250723\decorators\log_trace.py","C:\SNS_24AutoProject_250723\decorators\log_trace.py"
"insert_env_log_1.py","C216359591E84043289CA206EB8C8C49736F46C8F89D0DF344234BE129C22CF0","C:\SNS_24AutoProject_250723\modules\common\insert_env_log_1.py","C:\SNS_24AutoProject_250723\modules\common\insert_env_log_1.py"
"insert_env_log_1.py","C216359591E84043289CA206EB8C8C49736F46C8F89D0DF344234BE129C22CF0","C:\SNS_24AutoProject_250723\modules\common\insert_env_log_1.py","C:\SNS_24AutoProject_250723\modules\common\insert_env_log_1.py"
"insert_env_log_1.py","C216359591E84043289CA206EB8C8C49736F46C8F89D0DF344234BE129C22CF0","C:\SNS_24AutoProject_250723\modules\common\insert_env_log_1.py","C:\SNS_24AutoProject_250723\modules\common\insert_env_log_1.py"
"insert_env_log_1.py","C216359591E84043289CA206EB8C8C49736F46C8F89D0DF344234BE129C22CF0","C:\SNS_24AutoProject_250723\modules\common\insert_env_log_1.py","C:\SNS_24AutoProject_250723\modules\common\insert_env_log_1.py"
"insert_env_log_1.py","C216359591E84043289CA206EB8C8C49736F46C8F89D0DF344234BE129C22CF0","C:\SNS_24AutoProject_250723\modules\common\insert_env_log_1.py","C:\SNS_24AutoProject_250723\modules\common\insert_env_log_1.py"
"insert_env_log_1.py","C216359591E84043289CA206EB8C8C49736F46C8F89D0DF344234BE129C22CF0","C:\SNS_24AutoProject_250723\modules\common\insert_env_log_1.py","C:\SNS_24AutoProject_250723\modules\common\insert_env_log_1.py"
"insert_env_log_2.py","C216359591E84043289CA206EB8C8C49736F46C8F89D0DF344234BE129C22CF0","C:\SNS_24AutoProject_250723\modules\common\insert_env_log_2.py","C:\SNS_24AutoProject_250723\modules\common\insert_env_log_2.py"
"insert_env_log_2.py","C216359591E84043289CA206EB8C8C49736F46C8F89D0DF344234BE129C22CF0","C:\SNS_24AutoProject_250723\modules\common\insert_env_log_2.py","C:\SNS_24AutoProject_250723\modules\common\insert_env_log_2.py"
"insert_env_log_2.py","C216359591E84043289CA206EB8C8C49736F46C8F89D0DF344234BE129C22CF0","C:\SNS_24AutoProject_250723\modules\common\insert_env_log_2.py","C:\SNS_24AutoProject_250723\modules\common\insert_env_log_2.py"
"insert_env_log_2.py","C216359591E84043289CA206EB8C8C49736F46C8F89D0DF344234BE129C22CF0","C:\SNS_24AutoProject_250723\modules\common\insert_env_log_2.py","C:\SNS_24AutoProject_250723\modules\common\insert_env_log_2.py"
"insert_env_log_2.py","C216359591E84043289CA206EB8C8C49736F46C8F89D0DF344234BE129C22CF0","C:\SNS_24AutoProject_250723\modules\common\insert_env_log_2.py","C:\SNS_24AutoProject_250723\modules\common\insert_env_log_2.py"
"insert_env_log_2.py","C216359591E84043289CA206EB8C8C49736F46C8F89D0DF344234BE129C22CF0","C:\SNS_24AutoProject_250723\modules\common\insert_env_log_2.py","C:\SNS_24AutoProject_250723\modules\common\insert_env_log_2.py"
"insert_env_log_3.py","C216359591E84043289CA206EB8C8C49736F46C8F89D0DF344234BE129C22CF0","C:\SNS_24AutoProject_250723\modules\common\insert_env_log_3.py","C:\SNS_24AutoProject_250723\modules\common\insert_env_log_3.py"
"insert_env_log_3.py","C216359591E84043289CA206EB8C8C49736F46C8F89D0DF344234BE129C22CF0","C:\SNS_24AutoProject_250723\modules\common\insert_env_log_3.py","C:\SNS_24AutoProject_250723\modules\common\insert_env_log_3.py"
"insert_env_log_3.py","C216359591E84043289CA206EB8C8C49736F46C8F89D0DF344234BE129C22CF0","C:\SNS_24AutoProject_250723\modules\common\insert_env_log_3.py","C:\SNS_24AutoProject_250723\modules\common\insert_env_log_3.py"
"insert_env_log_3.py","C216359591E84043289CA206EB8C8C49736F46C8F89D0DF344234BE129C22CF0","C:\SNS_24AutoProject_250723\modules\common\insert_env_log_3.py","C:\SNS_24AutoProject_250723\modules\common\insert_env_log_3.py"
"insert_env_log_3.py","C216359591E84043289CA206EB8C8C49736F46C8F89D0DF344234BE129C22CF0","C:\SNS_24AutoProject_250723\modules\common\insert_env_log_3.py","C:\SNS_24AutoProject_250723\modules\common\insert_env_log_3.py"
"insert_env_log_3.py","C216359591E84043289CA206EB8C8C49736F46C8F89D0DF344234BE129C22CF0","C:\SNS_24AutoProject_250723\modules\common\insert_env_log_3.py","C:\SNS_24AutoProject_250723\modules\common\insert_env_log_3.py"
"insert_env_log_4.py","C216359591E84043289CA206EB8C8C49736F46C8F89D0DF344234BE129C22CF0","C:\SNS_24AutoProject_250723\modules\common\insert_env_log_4.py","C:\SNS_24AutoProject_250723\modules\common\insert_env_log_4.py"
"insert_env_log_4.py","C216359591E84043289CA206EB8C8C49736F46C8F89D0DF344234BE129C22CF0","C:\SNS_24AutoProject_250723\modules\common\insert_env_log_4.py","C:\SNS_24AutoProject_250723\modules\common\insert_env_log_4.py"
"insert_env_log_4.py","C216359591E84043289CA206EB8C8C49736F46C8F89D0DF344234BE129C22CF0","C:\SNS_24AutoProject_250723\modules\common\insert_env_log_4.py","C:\SNS_24AutoProject_250723\modules\common\insert_env_log_4.py"
"insert_env_log_4.py","C216359591E84043289CA206EB8C8C49736F46C8F89D0DF344234BE129C22CF0","C:\SNS_24AutoProject_250723\modules\common\insert_env_log_4.py","C:\SNS_24AutoProject_250723\modules\common\insert_env_log_4.py"
"insert_env_log_4.py","C216359591E84043289CA206EB8C8C49736F46C8F89D0DF344234BE129C22CF0","C:\SNS_24AutoProject_250723\modules\common\insert_env_log_4.py","C:\SNS_24AutoProject_250723\modules\common\insert_env_log_4.py"
"insert_env_log_4.py","C216359591E84043289CA206EB8C8C49736F46C8F89D0DF344234BE129C22CF0","C:\SNS_24AutoProject_250723\modules\common\insert_env_log_4.py","C:\SNS_24AutoProject_250723\modules\common\insert_env_log_4.py"
"insert_env_log_5.py","C216359591E84043289CA206EB8C8C49736F46C8F89D0DF344234BE129C22CF0","C:\SNS_24AutoProject_250723\modules\common\insert_env_log_5.py","C:\SNS_24AutoProject_250723\modules\common\insert_env_log_5.py"
"insert_env_log_5.py","C216359591E84043289CA206EB8C8C49736F46C8F89D0DF344234BE129C22CF0","C:\SNS_24AutoProject_250723\modules\common\insert_env_log_5.py","C:\SNS_24AutoProject_250723\modules\common\insert_env_log_5.py"
"insert_env_log_5.py","C216359591E84043289CA206EB8C8C49736F46C8F89D0DF344234BE129C22CF0","C:\SNS_24AutoProject_250723\modules\common\insert_env_log_5.py","C:\SNS_24AutoProject_250723\modules\common\insert_env_log_5.py"
"insert_env_log_5.py","C216359591E84043289CA206EB8C8C49736F46C8F89D0DF344234BE129C22CF0","C:\SNS_24AutoProject_250723\modules\common\insert_env_log_5.py","C:\SNS_24AutoProject_250723\modules\common\insert_env_log_5.py"
"insert_env_log_5.py","C216359591E84043289CA206EB8C8C49736F46C8F89D0DF344234BE129C22CF0","C:\SNS_24AutoProject_250723\modules\common\insert_env_log_5.py","C:\SNS_24AutoProject_250723\modules\common\insert_env_log_5.py"
"insert_env_log_5.py","C216359591E84043289CA206EB8C8C49736F46C8F89D0DF344234BE129C22CF0","C:\SNS_24AutoProject_250723\modules\common\insert_env_log_5.py","C:\SNS_24AutoProject_250723\modules\common\insert_env_log_5.py"
"insert_env_log_6.py","C216359591E84043289CA206EB8C8C49736F46C8F89D0DF344234BE129C22CF0","C:\SNS_24AutoProject_250723\modules\common\insert_env_log_6.py","C:\SNS_24AutoProject_250723\modules\common\insert_env_log_6.py"
"insert_env_log_6.py","C216359591E84043289CA206EB8C8C49736F46C8F89D0DF344234BE129C22CF0","C:\SNS_24AutoProject_250723\modules\common\insert_env_log_6.py","C:\SNS_24AutoProject_250723\modules\common\insert_env_log_6.py"
"insert_env_log_6.py","C216359591E84043289CA206EB8C8C49736F46C8F89D0DF344234BE129C22CF0","C:\SNS_24AutoProject_250723\modules\common\insert_env_log_6.py","C:\SNS_24AutoProject_250723\modules\common\insert_env_log_6.py"
"insert_env_log_6.py","C216359591E84043289CA206EB8C8C49736F46C8F89D0DF344234BE129C22CF0","C:\SNS_24AutoProject_250723\modules\common\insert_env_log_6.py","C:\SNS_24AutoProject_250723\modules\common\insert_env_log_6.py"
"insert_env_log_6.py","C216359591E84043289CA206EB8C8C49736F46C8F89D0DF344234BE129C22CF0","C:\SNS_24AutoProject_250723\modules\common\insert_env_log_6.py","C:\SNS_24AutoProject_250723\modules\common\insert_env_log_6.py"
"insert_env_log_6.py","C216359591E84043289CA206EB8C8C49736F46C8F89D0DF344234BE129C22CF0","C:\SNS_24AutoProject_250723\modules\common\insert_env_log_6.py","C:\SNS_24AutoProject_250723\modules\common\insert_env_log_6.py"
"bot_archive.py","4767C9776032886C8502085108DF00683A0A34F9B3B28AC81C08B1B1D8F46B8D","C:\SNS_24AutoProject_250723\modules\dm\bot_archive.py","C:\SNS_24AutoProject_250723\modules\dm\bot_archive.py"
"bot_archive.py","4767C9776032886C8502085108DF00683A0A34F9B3B28AC81C08B1B1D8F46B8D","C:\SNS_24AutoProject_250723\modules\dm\bot_archive.py","C:\SNS_24AutoProject_250723\modules\dm\bot_archive.py"
"bot_block.py","BD1ACC39E7B40CF6CC2DAB7BDE7B612DFF6B08AADC4C2D5299C24C342A6E5A57","C:\SNS_24AutoProject_250723\modules\dm\bot_block.py","C:\SNS_24AutoProject_250723\modules\dm\bot_block.py"
"bot_block.py","BD1ACC39E7B40CF6CC2DAB7BDE7B612DFF6B08AADC4C2D5299C24C342A6E5A57","C:\SNS_24AutoProject_250723\modules\dm\bot_block.py","C:\SNS_24AutoProject_250723\modules\dm\bot_block.py"
"bot_delete.py","B7C7B89926B9C44D038ABFEED2B3AF06DEAB3B11F2CCE68984823BF4A14D00E1","C:\SNS_24AutoProject_250723\modules\dm\bot_delete.py","C:\SNS_24AutoProject_250723\modules\dm\bot_delete.py"
"bot_delete.py","B7C7B89926B9C44D038ABFEED2B3AF06DEAB3B11F2CCE68984823BF4A14D00E1","C:\SNS_24AutoProject_250723\modules\dm\bot_delete.py","C:\SNS_24AutoProject_250723\modules\dm\bot_delete.py"
"bot_direct.py","9E873A909CD0355C964B266EDD90E1A3DDE2331656A3672719F6385EBF14A568","C:\SNS_24AutoProject_250723\modules\dm\bot_direct.py","C:\SNS_24AutoProject_250723\modules\dm\bot_direct.py"
"bot_direct.py","9E873A909CD0355C964B266EDD90E1A3DDE2331656A3672719F6385EBF14A568","C:\SNS_24AutoProject_250723\modules\dm\bot_direct.py","C:\SNS_24AutoProject_250723\modules\dm\bot_direct.py"
"bot_follow.py","2783DD18F57F127CFDCE096CC91AE07CA72405CD649BE324D51F2420A503C2CB","C:\SNS_24AutoProject_250723\modules\dm\bot_follow.py","C:\SNS_24AutoProject_250723\modules\dm\bot_follow.py"
"bot_follow.py","2783DD18F57F127CFDCE096CC91AE07CA72405CD649BE324D51F2420A503C2CB","C:\SNS_24AutoProject_250723\modules\dm\bot_follow.py","C:\SNS_24AutoProject_250723\modules\dm\bot_follow.py"
"bot_like.py","6086D32F28D41EDE85953D9FE647B644F6C303AA049A335929A09BBB52D9BCC1","C:\SNS_24AutoProject_250723\modules\dm\bot_like.py","C:\SNS_24AutoProject_250723\modules\dm\bot_like.py"
"bot_like.py","6086D32F28D41EDE85953D9FE647B644F6C303AA049A335929A09BBB52D9BCC1","C:\SNS_24AutoProject_250723\modules\dm\bot_like.py","C:\SNS_24AutoProject_250723\modules\dm\bot_like.py"
"bot_like.py","6086D32F28D41EDE85953D9FE647B644F6C303AA049A335929A09BBB52D9BCC1","C:\SNS_24AutoProject_250723\modules\dm\bot_like.py","C:\SNS_24AutoProject_250723\modules\dm\bot_like.py"
"bot_like_6dbb9223.py","6086D32F28D41EDE85953D9FE647B644F6C303AA049A335929A09BBB52D9BCC1","C:\SNS_24AutoProject_250723\modules\dm\bot_like_6dbb9223.py","C:\SNS_24AutoProject_250723\modules\dm\bot_like_6dbb9223.py"
"bot_like_6dbb9223.py","6086D32F28D41EDE85953D9FE647B644F6C303AA049A335929A09BBB52D9BCC1","C:\SNS_24AutoProject_250723\modules\dm\bot_like_6dbb9223.py","C:\SNS_24AutoProject_250723\modules\dm\bot_like_6dbb9223.py"
"bot_like_6dbb9223.py","6086D32F28D41EDE85953D9FE647B644F6C303AA049A335929A09BBB52D9BCC1","C:\SNS_24AutoProject_250723\modules\dm\bot_like_6dbb9223.py","C:\SNS_24AutoProject_250723\modules\dm\bot_like_6dbb9223.py"
"bot_photo.py","755907DE80FEA4E9F243450E5A61BC6CF3C6916F9D35EF2F9A6B644A4E341283","C:\SNS_24AutoProject_250723\modules\dm\bot_photo.py","C:\SNS_24AutoProject_250723\modules\dm\bot_photo.py"
"bot_photo.py","755907DE80FEA4E9F243450E5A61BC6CF3C6916F9D35EF2F9A6B644A4E341283","C:\SNS_24AutoProject_250723\modules\dm\bot_photo.py","C:\SNS_24AutoProject_250723\modules\dm\bot_photo.py"
"bot_stats.py","0CFF57553878C73DCF3005B5FE03ED6F4B1584B10384F7DD4CCA9AF33856DF0F","C:\SNS_24AutoProject_250723\modules\dm\bot_stats.py","C:\SNS_24AutoProject_250723\modules\dm\bot_stats.py"
"bot_stats.py","0CFF57553878C73DCF3005B5FE03ED6F4B1584B10384F7DD4CCA9AF33856DF0F","C:\SNS_24AutoProject_250723\modules\dm\bot_stats.py","C:\SNS_24AutoProject_250723\modules\dm\bot_stats.py"
"bot_unfollow.py","A60F80B3C02995A1FFBC17FAEE48C2C9A243CF63D2853C96EE9BBD44F3F25E6A","C:\SNS_24AutoProject_250723\modules\dm\bot_unfollow.py","C:\SNS_24AutoProject_250723\modules\dm\bot_unfollow.py"
"bot_unfollow.py","A60F80B3C02995A1FFBC17FAEE48C2C9A243CF63D2853C96EE9BBD44F3F25E6A","C:\SNS_24AutoProject_250723\modules\dm\bot_unfollow.py","C:\SNS_24AutoProject_250723\modules\dm\bot_unfollow.py"
"bot_unlike.py","3A338F157BB52AD5713868BE915E89EC572E3B889FE6CB7A1847E111E278B265","C:\SNS_24AutoProject_250723\modules\dm\bot_unlike.py","C:\SNS_24AutoProject_250723\modules\dm\bot_unlike.py"
"bot_unlike.py","3A338F157BB52AD5713868BE915E89EC572E3B889FE6CB7A1847E111E278B265","C:\SNS_24AutoProject_250723\modules\dm\bot_unlike.py","C:\SNS_24AutoProject_250723\modules\dm\bot_unlike.py"
"bot_video.py","5430F9433EA390E54C232E0CEC03EE26C0DB90D6AB5242E30E40AEA1C91D0A35","C:\SNS_24AutoProject_250723\modules\dm\bot_video.py","C:\SNS_24AutoProject_250723\modules\dm\bot_video.py"
"bot_video.py","5430F9433EA390E54C232E0CEC03EE26C0DB90D6AB5242E30E40AEA1C91D0A35","C:\SNS_24AutoProject_250723\modules\dm\bot_video.py","C:\SNS_24AutoProject_250723\modules\dm\bot_video.py"
"export_all_logtables_to_excel_1.py","2370112B293FCAE92814BA57E0E74640AAD3B2A42942127710FB3D33D2AA906A","C:\SNS_24AutoProject_250723\scripts\export_all_logtables_to_excel_1.py","C:\SNS_24AutoProject_250723\scripts\export_all_logtables_to_excel_1.py"
"export_all_logtables_to_excel_1.py","2370112B293FCAE92814BA57E0E74640AAD3B2A42942127710FB3D33D2AA906A","C:\SNS_24AutoProject_250723\scripts\export_all_logtables_to_excel_1.py","C:\SNS_24AutoProject_250723\scripts\export_all_logtables_to_excel_1.py"
"export_all_logtables_to_excel_1.py","2370112B293FCAE92814BA57E0E74640AAD3B2A42942127710FB3D33D2AA906A","C:\SNS_24AutoProject_250723\scripts\export_all_logtables_to_excel_1.py","C:\SNS_24AutoProject_250723\scripts\export_all_logtables_to_excel_1.py"
"export_all_logtables_to_excel_1.py","2370112B293FCAE92814BA57E0E74640AAD3B2A42942127710FB3D33D2AA906A","C:\SNS_24AutoProject_250723\scripts\export_all_logtables_to_excel_1.py","C:\SNS_24AutoProject_250723\scripts\export_all_logtables_to_excel_1.py"
"export_all_logtables_to_excel_1.py","2370112B293FCAE92814BA57E0E74640AAD3B2A42942127710FB3D33D2AA906A","C:\SNS_24AutoProject_250723\scripts\export_all_logtables_to_excel_1.py","C:\SNS_24AutoProject_250723\scripts\export_all_logtables_to_excel_1.py"
"export_all_logtables_to_excel_1.py","2370112B293FCAE92814BA57E0E74640AAD3B2A42942127710FB3D33D2AA906A","C:\SNS_24AutoProject_250723\scripts\export_all_logtables_to_excel_1.py","C:\SNS_24AutoProject_250723\scripts\export_all_logtables_to_excel_1.py"
"export_all_logtables_to_excel_2.py","2370112B293FCAE92814BA57E0E74640AAD3B2A42942127710FB3D33D2AA906A","C:\SNS_24AutoProject_250723\scripts\export_all_logtables_to_excel_2.py","C:\SNS_24AutoProject_250723\scripts\export_all_logtables_to_excel_2.py"
"export_all_logtables_to_excel_2.py","2370112B293FCAE92814BA57E0E74640AAD3B2A42942127710FB3D33D2AA906A","C:\SNS_24AutoProject_250723\scripts\export_all_logtables_to_excel_2.py","C:\SNS_24AutoProject_250723\scripts\export_all_logtables_to_excel_2.py"
"export_all_logtables_to_excel_2.py","2370112B293FCAE92814BA57E0E74640AAD3B2A42942127710FB3D33D2AA906A","C:\SNS_24AutoProject_250723\scripts\export_all_logtables_to_excel_2.py","C:\SNS_24AutoProject_250723\scripts\export_all_logtables_to_excel_2.py"
"export_all_logtables_to_excel_2.py","2370112B293FCAE92814BA57E0E74640AAD3B2A42942127710FB3D33D2AA906A","C:\SNS_24AutoProject_250723\scripts\export_all_logtables_to_excel_2.py","C:\SNS_24AutoProject_250723\scripts\export_all_logtables_to_excel_2.py"
"export_all_logtables_to_excel_2.py","2370112B293FCAE92814BA57E0E74640AAD3B2A42942127710FB3D33D2AA906A","C:\SNS_24AutoProject_250723\scripts\export_all_logtables_to_excel_2.py","C:\SNS_24AutoProject_250723\scripts\export_all_logtables_to_excel_2.py"
"export_all_logtables_to_excel_2.py","2370112B293FCAE92814BA57E0E74640AAD3B2A42942127710FB3D33D2AA906A","C:\SNS_24AutoProject_250723\scripts\export_all_logtables_to_excel_2.py","C:\SNS_24AutoProject_250723\scripts\export_all_logtables_to_excel_2.py"
"export_all_logtables_to_excel_3.py","2370112B293FCAE92814BA57E0E74640AAD3B2A42942127710FB3D33D2AA906A","C:\SNS_24AutoProject_250723\scripts\export_all_logtables_to_excel_3.py","C:\SNS_24AutoProject_250723\scripts\export_all_logtables_to_excel_3.py"
"export_all_logtables_to_excel_3.py","2370112B293FCAE92814BA57E0E74640AAD3B2A42942127710FB3D33D2AA906A","C:\SNS_24AutoProject_250723\scripts\export_all_logtables_to_excel_3.py","C:\SNS_24AutoProject_250723\scripts\export_all_logtables_to_excel_3.py"
"export_all_logtables_to_excel_3.py","2370112B293FCAE92814BA57E0E74640AAD3B2A42942127710FB3D33D2AA906A","C:\SNS_24AutoProject_250723\scripts\export_all_logtables_to_excel_3.py","C:\SNS_24AutoProject_250723\scripts\export_all_logtables_to_excel_3.py"
"export_all_logtables_to_excel_3.py","2370112B293FCAE92814BA57E0E74640AAD3B2A42942127710FB3D33D2AA906A","C:\SNS_24AutoProject_250723\scripts\export_all_logtables_to_excel_3.py","C:\SNS_24AutoProject_250723\scripts\export_all_logtables_to_excel_3.py"
"export_all_logtables_to_excel_3.py","2370112B293FCAE92814BA57E0E74640AAD3B2A42942127710FB3D33D2AA906A","C:\SNS_24AutoProject_250723\scripts\export_all_logtables_to_excel_3.py","C:\SNS_24AutoProject_250723\scripts\export_all_logtables_to_excel_3.py"
"export_all_logtables_to_excel_3.py","2370112B293FCAE92814BA57E0E74640AAD3B2A42942127710FB3D33D2AA906A","C:\SNS_24AutoProject_250723\scripts\export_all_logtables_to_excel_3.py","C:\SNS_24AutoProject_250723\scripts\export_all_logtables_to_excel_3.py"
"export_all_logtables_to_excel_4.py","2370112B293FCAE92814BA57E0E74640AAD3B2A42942127710FB3D33D2AA906A","C:\SNS_24AutoProject_250723\scripts\export_all_logtables_to_excel_4.py","C:\SNS_24AutoProject_250723\scripts\export_all_logtables_to_excel_4.py"
"export_all_logtables_to_excel_4.py","2370112B293FCAE92814BA57E0E74640AAD3B2A42942127710FB3D33D2AA906A","C:\SNS_24AutoProject_250723\scripts\export_all_logtables_to_excel_4.py","C:\SNS_24AutoProject_250723\scripts\export_all_logtables_to_excel_4.py"
"export_all_logtables_to_excel_4.py","2370112B293FCAE92814BA57E0E74640AAD3B2A42942127710FB3D33D2AA906A","C:\SNS_24AutoProject_250723\scripts\export_all_logtables_to_excel_4.py","C:\SNS_24AutoProject_250723\scripts\export_all_logtables_to_excel_4.py"
"export_all_logtables_to_excel_4.py","2370112B293FCAE92814BA57E0E74640AAD3B2A42942127710FB3D33D2AA906A","C:\SNS_24AutoProject_250723\scripts\export_all_logtables_to_excel_4.py","C:\SNS_24AutoProject_250723\scripts\export_all_logtables_to_excel_4.py"
"export_all_logtables_to_excel_4.py","2370112B293FCAE92814BA57E0E74640AAD3B2A42942127710FB3D33D2AA906A","C:\SNS_24AutoProject_250723\scripts\export_all_logtables_to_excel_4.py","C:\SNS_24AutoProject_250723\scripts\export_all_logtables_to_excel_4.py"
"export_all_logtables_to_excel_4.py","2370112B293FCAE92814BA57E0E74640AAD3B2A42942127710FB3D33D2AA906A","C:\SNS_24AutoProject_250723\scripts\export_all_logtables_to_excel_4.py","C:\SNS_24AutoProject_250723\scripts\export_all_logtables_to_excel_4.py"
"export_all_logtables_to_excel_5.py","2370112B293FCAE92814BA57E0E74640AAD3B2A42942127710FB3D33D2AA906A","C:\SNS_24AutoProject_250723\scripts\export_all_logtables_to_excel_5.py","C:\SNS_24AutoProject_250723\scripts\export_all_logtables_to_excel_5.py"
"export_all_logtables_to_excel_5.py","2370112B293FCAE92814BA57E0E74640AAD3B2A42942127710FB3D33D2AA906A","C:\SNS_24AutoProject_250723\scripts\export_all_logtables_to_excel_5.py","C:\SNS_24AutoProject_250723\scripts\export_all_logtables_to_excel_5.py"
"export_all_logtables_to_excel_5.py","2370112B293FCAE92814BA57E0E74640AAD3B2A42942127710FB3D33D2AA906A","C:\SNS_24AutoProject_250723\scripts\export_all_logtables_to_excel_5.py","C:\SNS_24AutoProject_250723\scripts\export_all_logtables_to_excel_5.py"
"export_all_logtables_to_excel_5.py","2370112B293FCAE92814BA57E0E74640AAD3B2A42942127710FB3D33D2AA906A","C:\SNS_24AutoProject_250723\scripts\export_all_logtables_to_excel_5.py","C:\SNS_24AutoProject_250723\scripts\export_all_logtables_to_excel_5.py"
"export_all_logtables_to_excel_5.py","2370112B293FCAE92814BA57E0E74640AAD3B2A42942127710FB3D33D2AA906A","C:\SNS_24AutoProject_250723\scripts\export_all_logtables_to_excel_5.py","C:\SNS_24AutoProject_250723\scripts\export_all_logtables_to_excel_5.py"
"export_all_logtables_to_excel_5.py","2370112B293FCAE92814BA57E0E74640AAD3B2A42942127710FB3D33D2AA906A","C:\SNS_24AutoProject_250723\scripts\export_all_logtables_to_excel_5.py","C:\SNS_24AutoProject_250723\scripts\export_all_logtables_to_excel_5.py"
"export_all_logtables_to_excel_6.py","2370112B293FCAE92814BA57E0E74640AAD3B2A42942127710FB3D33D2AA906A","C:\SNS_24AutoProject_250723\scripts\export_all_logtables_to_excel_6.py","C:\SNS_24AutoProject_250723\scripts\export_all_logtables_to_excel_6.py"
"export_all_logtables_to_excel_6.py","2370112B293FCAE92814BA57E0E74640AAD3B2A42942127710FB3D33D2AA906A","C:\SNS_24AutoProject_250723\scripts\export_all_logtables_to_excel_6.py","C:\SNS_24AutoProject_250723\scripts\export_all_logtables_to_excel_6.py"
"export_all_logtables_to_excel_6.py","2370112B293FCAE92814BA57E0E74640AAD3B2A42942127710FB3D33D2AA906A","C:\SNS_24AutoProject_250723\scripts\export_all_logtables_to_excel_6.py","C:\SNS_24AutoProject_250723\scripts\export_all_logtables_to_excel_6.py"
"export_all_logtables_to_excel_6.py","2370112B293FCAE92814BA57E0E74640AAD3B2A42942127710FB3D33D2AA906A","C:\SNS_24AutoProject_250723\scripts\export_all_logtables_to_excel_6.py","C:\SNS_24AutoProject_250723\scripts\export_all_logtables_to_excel_6.py"
"export_all_logtables_to_excel_6.py","2370112B293FCAE92814BA57E0E74640AAD3B2A42942127710FB3D33D2AA906A","C:\SNS_24AutoProject_250723\scripts\export_all_logtables_to_excel_6.py","C:\SNS_24AutoProject_250723\scripts\export_all_logtables_to_excel_6.py"
"export_all_logtables_to_excel_6.py","2370112B293FCAE92814BA57E0E74640AAD3B2A42942127710FB3D33D2AA906A","C:\SNS_24AutoProject_250723\scripts\export_all_logtables_to_excel_6.py","C:\SNS_24AutoProject_250723\scripts\export_all_logtables_to_excel_6.py"
"export_all_tables_with_datetime_1.py","C8FF14C48C130FD9F9F22A14ECF987211D2027EEF67F4A669BAED8DDEC3BE926","C:\SNS_24AutoProject_250723\scripts\export_all_tables_with_datetime_1.py","C:\SNS_24AutoProject_250723\scripts\export_all_tables_with_datetime_1.py"
"export_all_tables_with_datetime_1.py","C8FF14C48C130FD9F9F22A14ECF987211D2027EEF67F4A669BAED8DDEC3BE926","C:\SNS_24AutoProject_250723\scripts\export_all_tables_with_datetime_1.py","C:\SNS_24AutoProject_250723\scripts\export_all_tables_with_datetime_1.py"
"export_all_tables_with_datetime_1.py","C8FF14C48C130FD9F9F22A14ECF987211D2027EEF67F4A669BAED8DDEC3BE926","C:\SNS_24AutoProject_250723\scripts\export_all_tables_with_datetime_1.py","C:\SNS_24AutoProject_250723\scripts\export_all_tables_with_datetime_1.py"
"export_all_tables_with_datetime_1.py","C8FF14C48C130FD9F9F22A14ECF987211D2027EEF67F4A669BAED8DDEC3BE926","C:\SNS_24AutoProject_250723\scripts\export_all_tables_with_datetime_1.py","C:\SNS_24AutoProject_250723\scripts\export_all_tables_with_datetime_1.py"
"export_all_tables_with_datetime_1.py","C8FF14C48C130FD9F9F22A14ECF987211D2027EEF67F4A669BAED8DDEC3BE926","C:\SNS_24AutoProject_250723\scripts\export_all_tables_with_datetime_1.py","C:\SNS_24AutoProject_250723\scripts\export_all_tables_with_datetime_1.py"
"export_all_tables_with_datetime_1.py","C8FF14C48C130FD9F9F22A14ECF987211D2027EEF67F4A669BAED8DDEC3BE926","C:\SNS_24AutoProject_250723\scripts\export_all_tables_with_datetime_1.py","C:\SNS_24AutoProject_250723\scripts\export_all_tables_with_datetime_1.py"
"export_all_tables_with_datetime_2.py","C8FF14C48C130FD9F9F22A14ECF987211D2027EEF67F4A669BAED8DDEC3BE926","C:\SNS_24AutoProject_250723\scripts\export_all_tables_with_datetime_2.py","C:\SNS_24AutoProject_250723\scripts\export_all_tables_with_datetime_2.py"
"export_all_tables_with_datetime_2.py","C8FF14C48C130FD9F9F22A14ECF987211D2027EEF67F4A669BAED8DDEC3BE926","C:\SNS_24AutoProject_250723\scripts\export_all_tables_with_datetime_2.py","C:\SNS_24AutoProject_250723\scripts\export_all_tables_with_datetime_2.py"
"export_all_tables_with_datetime_2.py","C8FF14C48C130FD9F9F22A14ECF987211D2027EEF67F4A669BAED8DDEC3BE926","C:\SNS_24AutoProject_250723\scripts\export_all_tables_with_datetime_2.py","C:\SNS_24AutoProject_250723\scripts\export_all_tables_with_datetime_2.py"
"export_all_tables_with_datetime_2.py","C8FF14C48C130FD9F9F22A14ECF987211D2027EEF67F4A669BAED8DDEC3BE926","C:\SNS_24AutoProject_250723\scripts\export_all_tables_with_datetime_2.py","C:\SNS_24AutoProject_250723\scripts\export_all_tables_with_datetime_2.py"
"export_all_tables_with_datetime_2.py","C8FF14C48C130FD9F9F22A14ECF987211D2027EEF67F4A669BAED8DDEC3BE926","C:\SNS_24AutoProject_250723\scripts\export_all_tables_with_datetime_2.py","C:\SNS_24AutoProject_250723\scripts\export_all_tables_with_datetime_2.py"
"export_all_tables_with_datetime_2.py","C8FF14C48C130FD9F9F22A14ECF987211D2027EEF67F4A669BAED8DDEC3BE926","C:\SNS_24AutoProject_250723\scripts\export_all_tables_with_datetime_2.py","C:\SNS_24AutoProject_250723\scripts\export_all_tables_with_datetime_2.py"
"export_all_tables_with_datetime_3.py","C8FF14C48C130FD9F9F22A14ECF987211D2027EEF67F4A669BAED8DDEC3BE926","C:\SNS_24AutoProject_250723\scripts\export_all_tables_with_datetime_3.py","C:\SNS_24AutoProject_250723\scripts\export_all_tables_with_datetime_3.py"
"export_all_tables_with_datetime_3.py","C8FF14C48C130FD9F9F22A14ECF987211D2027EEF67F4A669BAED8DDEC3BE926","C:\SNS_24AutoProject_250723\scripts\export_all_tables_with_datetime_3.py","C:\SNS_24AutoProject_250723\scripts\export_all_tables_with_datetime_3.py"
"export_all_tables_with_datetime_3.py","C8FF14C48C130FD9F9F22A14ECF987211D2027EEF67F4A669BAED8DDEC3BE926","C:\SNS_24AutoProject_250723\scripts\export_all_tables_with_datetime_3.py","C:\SNS_24AutoProject_250723\scripts\export_all_tables_with_datetime_3.py"
"export_all_tables_with_datetime_3.py","C8FF14C48C130FD9F9F22A14ECF987211D2027EEF67F4A669BAED8DDEC3BE926","C:\SNS_24AutoProject_250723\scripts\export_all_tables_with_datetime_3.py","C:\SNS_24AutoProject_250723\scripts\export_all_tables_with_datetime_3.py"
"export_all_tables_with_datetime_3.py","C8FF14C48C130FD9F9F22A14ECF987211D2027EEF67F4A669BAED8DDEC3BE926","C:\SNS_24AutoProject_250723\scripts\export_all_tables_with_datetime_3.py","C:\SNS_24AutoProject_250723\scripts\export_all_tables_with_datetime_3.py"
"export_all_tables_with_datetime_3.py","C8FF14C48C130FD9F9F22A14ECF987211D2027EEF67F4A669BAED8DDEC3BE926","C:\SNS_24AutoProject_250723\scripts\export_all_tables_with_datetime_3.py","C:\SNS_24AutoProject_250723\scripts\export_all_tables_with_datetime_3.py"
"export_all_tables_with_datetime_4.py","C8FF14C48C130FD9F9F22A14ECF987211D2027EEF67F4A669BAED8DDEC3BE926","C:\SNS_24AutoProject_250723\scripts\export_all_tables_with_datetime_4.py","C:\SNS_24AutoProject_250723\scripts\export_all_tables_with_datetime_4.py"
"export_all_tables_with_datetime_4.py","C8FF14C48C130FD9F9F22A14ECF987211D2027EEF67F4A669BAED8DDEC3BE926","C:\SNS_24AutoProject_250723\scripts\export_all_tables_with_datetime_4.py","C:\SNS_24AutoProject_250723\scripts\export_all_tables_with_datetime_4.py"
"export_all_tables_with_datetime_4.py","C8FF14C48C130FD9F9F22A14ECF987211D2027EEF67F4A669BAED8DDEC3BE926","C:\SNS_24AutoProject_250723\scripts\export_all_tables_with_datetime_4.py","C:\SNS_24AutoProject_250723\scripts\export_all_tables_with_datetime_4.py"
"export_all_tables_with_datetime_4.py","C8FF14C48C130FD9F9F22A14ECF987211D2027EEF67F4A669BAED8DDEC3BE926","C:\SNS_24AutoProject_250723\scripts\export_all_tables_with_datetime_4.py","C:\SNS_24AutoProject_250723\scripts\export_all_tables_with_datetime_4.py"
"export_all_tables_with_datetime_4.py","C8FF14C48C130FD9F9F22A14ECF987211D2027EEF67F4A669BAED8DDEC3BE926","C:\SNS_24AutoProject_250723\scripts\export_all_tables_with_datetime_4.py","C:\SNS_24AutoProject_250723\scripts\export_all_tables_with_datetime_4.py"
"export_all_tables_with_datetime_4.py","C8FF14C48C130FD9F9F22A14ECF987211D2027EEF67F4A669BAED8DDEC3BE926","C:\SNS_24AutoProject_250723\scripts\export_all_tables_with_datetime_4.py","C:\SNS_24AutoProject_250723\scripts\export_all_tables_with_datetime_4.py"
"export_all_tables_with_datetime_5.py","C8FF14C48C130FD9F9F22A14ECF987211D2027EEF67F4A669BAED8DDEC3BE926","C:\SNS_24AutoProject_250723\scripts\export_all_tables_with_datetime_5.py","C:\SNS_24AutoProject_250723\scripts\export_all_tables_with_datetime_5.py"
"export_all_tables_with_datetime_5.py","C8FF14C48C130FD9F9F22A14ECF987211D2027EEF67F4A669BAED8DDEC3BE926","C:\SNS_24AutoProject_250723\scripts\export_all_tables_with_datetime_5.py","C:\SNS_24AutoProject_250723\scripts\export_all_tables_with_datetime_5.py"
"export_all_tables_with_datetime_5.py","C8FF14C48C130FD9F9F22A14ECF987211D2027EEF67F4A669BAED8DDEC3BE926","C:\SNS_24AutoProject_250723\scripts\export_all_tables_with_datetime_5.py","C:\SNS_24AutoProject_250723\scripts\export_all_tables_with_datetime_5.py"
"export_all_tables_with_datetime_5.py","C8FF14C48C130FD9F9F22A14ECF987211D2027EEF67F4A669BAED8DDEC3BE926","C:\SNS_24AutoProject_250723\scripts\export_all_tables_with_datetime_5.py","C:\SNS_24AutoProject_250723\scripts\export_all_tables_with_datetime_5.py"
"export_all_tables_with_datetime_5.py","C8FF14C48C130FD9F9F22A14ECF987211D2027EEF67F4A669BAED8DDEC3BE926","C:\SNS_24AutoProject_250723\scripts\export_all_tables_with_datetime_5.py","C:\SNS_24AutoProject_250723\scripts\export_all_tables_with_datetime_5.py"
"export_all_tables_with_datetime_5.py","C8FF14C48C130FD9F9F22A14ECF987211D2027EEF67F4A669BAED8DDEC3BE926","C:\SNS_24AutoProject_250723\scripts\export_all_tables_with_datetime_5.py","C:\SNS_24AutoProject_250723\scripts\export_all_tables_with_datetime_5.py"
"export_all_tables_with_datetime_6.py","C8FF14C48C130FD9F9F22A14ECF987211D2027EEF67F4A669BAED8DDEC3BE926","C:\SNS_24AutoProject_250723\scripts\export_all_tables_with_datetime_6.py","C:\SNS_24AutoProject_250723\scripts\export_all_tables_with_datetime_6.py"
"export_all_tables_with_datetime_6.py","C8FF14C48C130FD9F9F22A14ECF987211D2027EEF67F4A669BAED8DDEC3BE926","C:\SNS_24AutoProject_250723\scripts\export_all_tables_with_datetime_6.py","C:\SNS_24AutoProject_250723\scripts\export_all_tables_with_datetime_6.py"
"export_all_tables_with_datetime_6.py","C8FF14C48C130FD9F9F22A14ECF987211D2027EEF67F4A669BAED8DDEC3BE926","C:\SNS_24AutoProject_250723\scripts\export_all_tables_with_datetime_6.py","C:\SNS_24AutoProject_250723\scripts\export_all_tables_with_datetime_6.py"
"export_all_tables_with_datetime_6.py","C8FF14C48C130FD9F9F22A14ECF987211D2027EEF67F4A669BAED8DDEC3BE926","C:\SNS_24AutoProject_250723\scripts\export_all_tables_with_datetime_6.py","C:\SNS_24AutoProject_250723\scripts\export_all_tables_with_datetime_6.py"
"export_all_tables_with_datetime_6.py","C8FF14C48C130FD9F9F22A14ECF987211D2027EEF67F4A669BAED8DDEC3BE926","C:\SNS_24AutoProject_250723\scripts\export_all_tables_with_datetime_6.py","C:\SNS_24AutoProject_250723\scripts\export_all_tables_with_datetime_6.py"
"export_all_tables_with_datetime_6.py","C8FF14C48C130FD9F9F22A14ECF987211D2027EEF67F4A669BAED8DDEC3BE926","C:\SNS_24AutoProject_250723\scripts\export_all_tables_with_datetime_6.py","C:\SNS_24AutoProject_250723\scripts\export_all_tables_with_datetime_6.py"
"export_all_table_row_counts_1.py","1CFCE21B0A1DC2627F50F09BCEAA3A82F974269E59E9A29B387CCE693D729867","C:\SNS_24AutoProject_250723\scripts\export_all_table_row_counts_1.py","C:\SNS_24AutoProject_250723\scripts\export_all_table_row_counts_1.py"
"export_all_table_row_counts_1.py","1CFCE21B0A1DC2627F50F09BCEAA3A82F974269E59E9A29B387CCE693D729867","C:\SNS_24AutoProject_250723\scripts\export_all_table_row_counts_1.py","C:\SNS_24AutoProject_250723\scripts\export_all_table_row_counts_1.py"
"export_all_table_row_counts_1.py","1CFCE21B0A1DC2627F50F09BCEAA3A82F974269E59E9A29B387CCE693D729867","C:\SNS_24AutoProject_250723\scripts\export_all_table_row_counts_1.py","C:\SNS_24AutoProject_250723\scripts\export_all_table_row_counts_1.py"
"export_all_table_row_counts_1.py","1CFCE21B0A1DC2627F50F09BCEAA3A82F974269E59E9A29B387CCE693D729867","C:\SNS_24AutoProject_250723\scripts\export_all_table_row_counts_1.py","C:\SNS_24AutoProject_250723\scripts\export_all_table_row_counts_1.py"
"export_all_table_row_counts_1.py","1CFCE21B0A1DC2627F50F09BCEAA3A82F974269E59E9A29B387CCE693D729867","C:\SNS_24AutoProject_250723\scripts\export_all_table_row_counts_1.py","C:\SNS_24AutoProject_250723\scripts\export_all_table_row_counts_1.py"
"export_all_table_row_counts_1.py","1CFCE21B0A1DC2627F50F09BCEAA3A82F974269E59E9A29B387CCE693D729867","C:\SNS_24AutoProject_250723\scripts\export_all_table_row_counts_1.py","C:\SNS_24AutoProject_250723\scripts\export_all_table_row_counts_1.py"
"export_all_table_row_counts_2.py","1CFCE21B0A1DC2627F50F09BCEAA3A82F974269E59E9A29B387CCE693D729867","C:\SNS_24AutoProject_250723\scripts\export_all_table_row_counts_2.py","C:\SNS_24AutoProject_250723\scripts\export_all_table_row_counts_2.py"
"export_all_table_row_counts_2.py","1CFCE21B0A1DC2627F50F09BCEAA3A82F974269E59E9A29B387CCE693D729867","C:\SNS_24AutoProject_250723\scripts\export_all_table_row_counts_2.py","C:\SNS_24AutoProject_250723\scripts\export_all_table_row_counts_2.py"
"export_all_table_row_counts_2.py","1CFCE21B0A1DC2627F50F09BCEAA3A82F974269E59E9A29B387CCE693D729867","C:\SNS_24AutoProject_250723\scripts\export_all_table_row_counts_2.py","C:\SNS_24AutoProject_250723\scripts\export_all_table_row_counts_2.py"
"export_all_table_row_counts_2.py","1CFCE21B0A1DC2627F50F09BCEAA3A82F974269E59E9A29B387CCE693D729867","C:\SNS_24AutoProject_250723\scripts\export_all_table_row_counts_2.py","C:\SNS_24AutoProject_250723\scripts\export_all_table_row_counts_2.py"
"export_all_table_row_counts_2.py","1CFCE21B0A1DC2627F50F09BCEAA3A82F974269E59E9A29B387CCE693D729867","C:\SNS_24AutoProject_250723\scripts\export_all_table_row_counts_2.py","C:\SNS_24AutoProject_250723\scripts\export_all_table_row_counts_2.py"
"export_all_table_row_counts_2.py","1CFCE21B0A1DC2627F50F09BCEAA3A82F974269E59E9A29B387CCE693D729867","C:\SNS_24AutoProject_250723\scripts\export_all_table_row_counts_2.py","C:\SNS_24AutoProject_250723\scripts\export_all_table_row_counts_2.py"
"export_all_table_row_counts_3.py","1CFCE21B0A1DC2627F50F09BCEAA3A82F974269E59E9A29B387CCE693D729867","C:\SNS_24AutoProject_250723\scripts\export_all_table_row_counts_3.py","C:\SNS_24AutoProject_250723\scripts\export_all_table_row_counts_3.py"
"export_all_table_row_counts_3.py","1CFCE21B0A1DC2627F50F09BCEAA3A82F974269E59E9A29B387CCE693D729867","C:\SNS_24AutoProject_250723\scripts\export_all_table_row_counts_3.py","C:\SNS_24AutoProject_250723\scripts\export_all_table_row_counts_3.py"
"export_all_table_row_counts_3.py","1CFCE21B0A1DC2627F50F09BCEAA3A82F974269E59E9A29B387CCE693D729867","C:\SNS_24AutoProject_250723\scripts\export_all_table_row_counts_3.py","C:\SNS_24AutoProject_250723\scripts\export_all_table_row_counts_3.py"
"export_all_table_row_counts_3.py","1CFCE21B0A1DC2627F50F09BCEAA3A82F974269E59E9A29B387CCE693D729867","C:\SNS_24AutoProject_250723\scripts\export_all_table_row_counts_3.py","C:\SNS_24AutoProject_250723\scripts\export_all_table_row_counts_3.py"
"export_all_table_row_counts_3.py","1CFCE21B0A1DC2627F50F09BCEAA3A82F974269E59E9A29B387CCE693D729867","C:\SNS_24AutoProject_250723\scripts\export_all_table_row_counts_3.py","C:\SNS_24AutoProject_250723\scripts\export_all_table_row_counts_3.py"
"export_all_table_row_counts_3.py","1CFCE21B0A1DC2627F50F09BCEAA3A82F974269E59E9A29B387CCE693D729867","C:\SNS_24AutoProject_250723\scripts\export_all_table_row_counts_3.py","C:\SNS_24AutoProject_250723\scripts\export_all_table_row_counts_3.py"
"export_all_table_row_counts_4.py","1CFCE21B0A1DC2627F50F09BCEAA3A82F974269E59E9A29B387CCE693D729867","C:\SNS_24AutoProject_250723\scripts\export_all_table_row_counts_4.py","C:\SNS_24AutoProject_250723\scripts\export_all_table_row_counts_4.py"
"export_all_table_row_counts_4.py","1CFCE21B0A1DC2627F50F09BCEAA3A82F974269E59E9A29B387CCE693D729867","C:\SNS_24AutoProject_250723\scripts\export_all_table_row_counts_4.py","C:\SNS_24AutoProject_250723\scripts\export_all_table_row_counts_4.py"
"export_all_table_row_counts_4.py","1CFCE21B0A1DC2627F50F09BCEAA3A82F974269E59E9A29B387CCE693D729867","C:\SNS_24AutoProject_250723\scripts\export_all_table_row_counts_4.py","C:\SNS_24AutoProject_250723\scripts\export_all_table_row_counts_4.py"
"export_all_table_row_counts_4.py","1CFCE21B0A1DC2627F50F09BCEAA3A82F974269E59E9A29B387CCE693D729867","C:\SNS_24AutoProject_250723\scripts\export_all_table_row_counts_4.py","C:\SNS_24AutoProject_250723\scripts\export_all_table_row_counts_4.py"
"export_all_table_row_counts_4.py","1CFCE21B0A1DC2627F50F09BCEAA3A82F974269E59E9A29B387CCE693D729867","C:\SNS_24AutoProject_250723\scripts\export_all_table_row_counts_4.py","C:\SNS_24AutoProject_250723\scripts\export_all_table_row_counts_4.py"
"export_all_table_row_counts_4.py","1CFCE21B0A1DC2627F50F09BCEAA3A82F974269E59E9A29B387CCE693D729867","C:\SNS_24AutoProject_250723\scripts\export_all_table_row_counts_4.py","C:\SNS_24AutoProject_250723\scripts\export_all_table_row_counts_4.py"
"export_all_table_row_counts_5.py","1CFCE21B0A1DC2627F50F09BCEAA3A82F974269E59E9A29B387CCE693D729867","C:\SNS_24AutoProject_250723\scripts\export_all_table_row_counts_5.py","C:\SNS_24AutoProject_250723\scripts\export_all_table_row_counts_5.py"
"export_all_table_row_counts_5.py","1CFCE21B0A1DC2627F50F09BCEAA3A82F974269E59E9A29B387CCE693D729867","C:\SNS_24AutoProject_250723\scripts\export_all_table_row_counts_5.py","C:\SNS_24AutoProject_250723\scripts\export_all_table_row_counts_5.py"
"export_all_table_row_counts_5.py","1CFCE21B0A1DC2627F50F09BCEAA3A82F974269E59E9A29B387CCE693D729867","C:\SNS_24AutoProject_250723\scripts\export_all_table_row_counts_5.py","C:\SNS_24AutoProject_250723\scripts\export_all_table_row_counts_5.py"
"export_all_table_row_counts_5.py","1CFCE21B0A1DC2627F50F09BCEAA3A82F974269E59E9A29B387CCE693D729867","C:\SNS_24AutoProject_250723\scripts\export_all_table_row_counts_5.py","C:\SNS_24AutoProject_250723\scripts\export_all_table_row_counts_5.py"
"export_all_table_row_counts_5.py","1CFCE21B0A1DC2627F50F09BCEAA3A82F974269E59E9A29B387CCE693D729867","C:\SNS_24AutoProject_250723\scripts\export_all_table_row_counts_5.py","C:\SNS_24AutoProject_250723\scripts\export_all_table_row_counts_5.py"
"export_all_table_row_counts_5.py","1CFCE21B0A1DC2627F50F09BCEAA3A82F974269E59E9A29B387CCE693D729867","C:\SNS_24AutoProject_250723\scripts\export_all_table_row_counts_5.py","C:\SNS_24AutoProject_250723\scripts\export_all_table_row_counts_5.py"
"export_all_table_row_counts_6.py","1CFCE21B0A1DC2627F50F09BCEAA3A82F974269E59E9A29B387CCE693D729867","C:\SNS_24AutoProject_250723\scripts\export_all_table_row_counts_6.py","C:\SNS_24AutoProject_250723\scripts\export_all_table_row_counts_6.py"
"export_all_table_row_counts_6.py","1CFCE21B0A1DC2627F50F09BCEAA3A82F974269E59E9A29B387CCE693D729867","C:\SNS_24AutoProject_250723\scripts\export_all_table_row_counts_6.py","C:\SNS_24AutoProject_250723\scripts\export_all_table_row_counts_6.py"
"export_all_table_row_counts_6.py","1CFCE21B0A1DC2627F50F09BCEAA3A82F974269E59E9A29B387CCE693D729867","C:\SNS_24AutoProject_250723\scripts\export_all_table_row_counts_6.py","C:\SNS_24AutoProject_250723\scripts\export_all_table_row_counts_6.py"
"export_all_table_row_counts_6.py","1CFCE21B0A1DC2627F50F09BCEAA3A82F974269E59E9A29B387CCE693D729867","C:\SNS_24AutoProject_250723\scripts\export_all_table_row_counts_6.py","C:\SNS_24AutoProject_250723\scripts\export_all_table_row_counts_6.py"
"export_all_table_row_counts_6.py","1CFCE21B0A1DC2627F50F09BCEAA3A82F974269E59E9A29B387CCE693D729867","C:\SNS_24AutoProject_250723\scripts\export_all_table_row_counts_6.py","C:\SNS_24AutoProject_250723\scripts\export_all_table_row_counts_6.py"
"export_all_table_row_counts_6.py","1CFCE21B0A1DC2627F50F09BCEAA3A82F974269E59E9A29B387CCE693D729867","C:\SNS_24AutoProject_250723\scripts\export_all_table_row_counts_6.py","C:\SNS_24AutoProject_250723\scripts\export_all_table_row_counts_6.py"
"export_command_log_1.py","B908019D8DCC51F2E211E56F060B14CD5124C6BDD7D61A20180A41A08A6A6960","C:\SNS_24AutoProject_250723\scripts\export_command_log_1.py","C:\SNS_24AutoProject_250723\scripts\export_command_log_1.py"
"export_command_log_1.py","B908019D8DCC51F2E211E56F060B14CD5124C6BDD7D61A20180A41A08A6A6960","C:\SNS_24AutoProject_250723\scripts\export_command_log_1.py","C:\SNS_24AutoProject_250723\scripts\export_command_log_1.py"
"export_command_log_1.py","B908019D8DCC51F2E211E56F060B14CD5124C6BDD7D61A20180A41A08A6A6960","C:\SNS_24AutoProject_250723\scripts\export_command_log_1.py","C:\SNS_24AutoProject_250723\scripts\export_command_log_1.py"
"export_command_log_1.py","B908019D8DCC51F2E211E56F060B14CD5124C6BDD7D61A20180A41A08A6A6960","C:\SNS_24AutoProject_250723\scripts\export_command_log_1.py","C:\SNS_24AutoProject_250723\scripts\export_command_log_1.py"
"export_command_log_1.py","B908019D8DCC51F2E211E56F060B14CD5124C6BDD7D61A20180A41A08A6A6960","C:\SNS_24AutoProject_250723\scripts\export_command_log_1.py","C:\SNS_24AutoProject_250723\scripts\export_command_log_1.py"
"export_command_log_1.py","B908019D8DCC51F2E211E56F060B14CD5124C6BDD7D61A20180A41A08A6A6960","C:\SNS_24AutoProject_250723\scripts\export_command_log_1.py","C:\SNS_24AutoProject_250723\scripts\export_command_log_1.py"
"export_command_log_2.py","B908019D8DCC51F2E211E56F060B14CD5124C6BDD7D61A20180A41A08A6A6960","C:\SNS_24AutoProject_250723\scripts\export_command_log_2.py","C:\SNS_24AutoProject_250723\scripts\export_command_log_2.py"
"export_command_log_2.py","B908019D8DCC51F2E211E56F060B14CD5124C6BDD7D61A20180A41A08A6A6960","C:\SNS_24AutoProject_250723\scripts\export_command_log_2.py","C:\SNS_24AutoProject_250723\scripts\export_command_log_2.py"
"export_command_log_2.py","B908019D8DCC51F2E211E56F060B14CD5124C6BDD7D61A20180A41A08A6A6960","C:\SNS_24AutoProject_250723\scripts\export_command_log_2.py","C:\SNS_24AutoProject_250723\scripts\export_command_log_2.py"
"export_command_log_2.py","B908019D8DCC51F2E211E56F060B14CD5124C6BDD7D61A20180A41A08A6A6960","C:\SNS_24AutoProject_250723\scripts\export_command_log_2.py","C:\SNS_24AutoProject_250723\scripts\export_command_log_2.py"
"export_command_log_2.py","B908019D8DCC51F2E211E56F060B14CD5124C6BDD7D61A20180A41A08A6A6960","C:\SNS_24AutoProject_250723\scripts\export_command_log_2.py","C:\SNS_24AutoProject_250723\scripts\export_command_log_2.py"
"export_command_log_2.py","B908019D8DCC51F2E211E56F060B14CD5124C6BDD7D61A20180A41A08A6A6960","C:\SNS_24AutoProject_250723\scripts\export_command_log_2.py","C:\SNS_24AutoProject_250723\scripts\export_command_log_2.py"
"export_command_log_3.py","B908019D8DCC51F2E211E56F060B14CD5124C6BDD7D61A20180A41A08A6A6960","C:\SNS_24AutoProject_250723\scripts\export_command_log_3.py","C:\SNS_24AutoProject_250723\scripts\export_command_log_3.py"
"export_command_log_3.py","B908019D8DCC51F2E211E56F060B14CD5124C6BDD7D61A20180A41A08A6A6960","C:\SNS_24AutoProject_250723\scripts\export_command_log_3.py","C:\SNS_24AutoProject_250723\scripts\export_command_log_3.py"
"export_command_log_3.py","B908019D8DCC51F2E211E56F060B14CD5124C6BDD7D61A20180A41A08A6A6960","C:\SNS_24AutoProject_250723\scripts\export_command_log_3.py","C:\SNS_24AutoProject_250723\scripts\export_command_log_3.py"
"export_command_log_3.py","B908019D8DCC51F2E211E56F060B14CD5124C6BDD7D61A20180A41A08A6A6960","C:\SNS_24AutoProject_250723\scripts\export_command_log_3.py","C:\SNS_24AutoProject_250723\scripts\export_command_log_3.py"
"export_command_log_3.py","B908019D8DCC51F2E211E56F060B14CD5124C6BDD7D61A20180A41A08A6A6960","C:\SNS_24AutoProject_250723\scripts\export_command_log_3.py","C:\SNS_24AutoProject_250723\scripts\export_command_log_3.py"
"export_command_log_3.py","B908019D8DCC51F2E211E56F060B14CD5124C6BDD7D61A20180A41A08A6A6960","C:\SNS_24AutoProject_250723\scripts\export_command_log_3.py","C:\SNS_24AutoProject_250723\scripts\export_command_log_3.py"
"export_command_log_4.py","B908019D8DCC51F2E211E56F060B14CD5124C6BDD7D61A20180A41A08A6A6960","C:\SNS_24AutoProject_250723\scripts\export_command_log_4.py","C:\SNS_24AutoProject_250723\scripts\export_command_log_4.py"
"export_command_log_4.py","B908019D8DCC51F2E211E56F060B14CD5124C6BDD7D61A20180A41A08A6A6960","C:\SNS_24AutoProject_250723\scripts\export_command_log_4.py","C:\SNS_24AutoProject_250723\scripts\export_command_log_4.py"
"export_command_log_4.py","B908019D8DCC51F2E211E56F060B14CD5124C6BDD7D61A20180A41A08A6A6960","C:\SNS_24AutoProject_250723\scripts\export_command_log_4.py","C:\SNS_24AutoProject_250723\scripts\export_command_log_4.py"
"export_command_log_4.py","B908019D8DCC51F2E211E56F060B14CD5124C6BDD7D61A20180A41A08A6A6960","C:\SNS_24AutoProject_250723\scripts\export_command_log_4.py","C:\SNS_24AutoProject_250723\scripts\export_command_log_4.py"
"export_command_log_4.py","B908019D8DCC51F2E211E56F060B14CD5124C6BDD7D61A20180A41A08A6A6960","C:\SNS_24AutoProject_250723\scripts\export_command_log_4.py","C:\SNS_24AutoProject_250723\scripts\export_command_log_4.py"
"export_command_log_4.py","B908019D8DCC51F2E211E56F060B14CD5124C6BDD7D61A20180A41A08A6A6960","C:\SNS_24AutoProject_250723\scripts\export_command_log_4.py","C:\SNS_24AutoProject_250723\scripts\export_command_log_4.py"
"export_command_log_5.py","B908019D8DCC51F2E211E56F060B14CD5124C6BDD7D61A20180A41A08A6A6960","C:\SNS_24AutoProject_250723\scripts\export_command_log_5.py","C:\SNS_24AutoProject_250723\scripts\export_command_log_5.py"
"export_command_log_5.py","B908019D8DCC51F2E211E56F060B14CD5124C6BDD7D61A20180A41A08A6A6960","C:\SNS_24AutoProject_250723\scripts\export_command_log_5.py","C:\SNS_24AutoProject_250723\scripts\export_command_log_5.py"
"export_command_log_5.py","B908019D8DCC51F2E211E56F060B14CD5124C6BDD7D61A20180A41A08A6A6960","C:\SNS_24AutoProject_250723\scripts\export_command_log_5.py","C:\SNS_24AutoProject_250723\scripts\export_command_log_5.py"
"export_command_log_5.py","B908019D8DCC51F2E211E56F060B14CD5124C6BDD7D61A20180A41A08A6A6960","C:\SNS_24AutoProject_250723\scripts\export_command_log_5.py","C:\SNS_24AutoProject_250723\scripts\export_command_log_5.py"
"export_command_log_5.py","B908019D8DCC51F2E211E56F060B14CD5124C6BDD7D61A20180A41A08A6A6960","C:\SNS_24AutoProject_250723\scripts\export_command_log_5.py","C:\SNS_24AutoProject_250723\scripts\export_command_log_5.py"
"export_command_log_5.py","B908019D8DCC51F2E211E56F060B14CD5124C6BDD7D61A20180A41A08A6A6960","C:\SNS_24AutoProject_250723\scripts\export_command_log_5.py","C:\SNS_24AutoProject_250723\scripts\export_command_log_5.py"
"export_command_log_6.py","B908019D8DCC51F2E211E56F060B14CD5124C6BDD7D61A20180A41A08A6A6960","C:\SNS_24AutoProject_250723\scripts\export_command_log_6.py","C:\SNS_24AutoProject_250723\scripts\export_command_log_6.py"
"export_command_log_6.py","B908019D8DCC51F2E211E56F060B14CD5124C6BDD7D61A20180A41A08A6A6960","C:\SNS_24AutoProject_250723\scripts\export_command_log_6.py","C:\SNS_24AutoProject_250723\scripts\export_command_log_6.py"
"export_command_log_6.py","B908019D8DCC51F2E211E56F060B14CD5124C6BDD7D61A20180A41A08A6A6960","C:\SNS_24AutoProject_250723\scripts\export_command_log_6.py","C:\SNS_24AutoProject_250723\scripts\export_command_log_6.py"
"export_command_log_6.py","B908019D8DCC51F2E211E56F060B14CD5124C6BDD7D61A20180A41A08A6A6960","C:\SNS_24AutoProject_250723\scripts\export_command_log_6.py","C:\SNS_24AutoProject_250723\scripts\export_command_log_6.py"
"export_command_log_6.py","B908019D8DCC51F2E211E56F060B14CD5124C6BDD7D61A20180A41A08A6A6960","C:\SNS_24AutoProject_250723\scripts\export_command_log_6.py","C:\SNS_24AutoProject_250723\scripts\export_command_log_6.py"
"export_command_log_6.py","B908019D8DCC51F2E211E56F060B14CD5124C6BDD7D61A20180A41A08A6A6960","C:\SNS_24AutoProject_250723\scripts\export_command_log_6.py","C:\SNS_24AutoProject_250723\scripts\export_command_log_6.py"
"export_disk_log_1.py","C87E5DF57DBBF1F5ADFA500B3AC81CCAC33D5225037F33BEDCE0CB12E53FA2B6","C:\SNS_24AutoProject_250723\scripts\export_disk_log_1.py","C:\SNS_24AutoProject_250723\scripts\export_disk_log_1.py"
"export_disk_log_1.py","C87E5DF57DBBF1F5ADFA500B3AC81CCAC33D5225037F33BEDCE0CB12E53FA2B6","C:\SNS_24AutoProject_250723\scripts\export_disk_log_1.py","C:\SNS_24AutoProject_250723\scripts\export_disk_log_1.py"
"export_disk_log_1.py","C87E5DF57DBBF1F5ADFA500B3AC81CCAC33D5225037F33BEDCE0CB12E53FA2B6","C:\SNS_24AutoProject_250723\scripts\export_disk_log_1.py","C:\SNS_24AutoProject_250723\scripts\export_disk_log_1.py"
"export_disk_log_1.py","C87E5DF57DBBF1F5ADFA500B3AC81CCAC33D5225037F33BEDCE0CB12E53FA2B6","C:\SNS_24AutoProject_250723\scripts\export_disk_log_1.py","C:\SNS_24AutoProject_250723\scripts\export_disk_log_1.py"
"export_disk_log_1.py","C87E5DF57DBBF1F5ADFA500B3AC81CCAC33D5225037F33BEDCE0CB12E53FA2B6","C:\SNS_24AutoProject_250723\scripts\export_disk_log_1.py","C:\SNS_24AutoProject_250723\scripts\export_disk_log_1.py"
"export_disk_log_1.py","C87E5DF57DBBF1F5ADFA500B3AC81CCAC33D5225037F33BEDCE0CB12E53FA2B6","C:\SNS_24AutoProject_250723\scripts\export_disk_log_1.py","C:\SNS_24AutoProject_250723\scripts\export_disk_log_1.py"
"export_disk_log_2.py","C87E5DF57DBBF1F5ADFA500B3AC81CCAC33D5225037F33BEDCE0CB12E53FA2B6","C:\SNS_24AutoProject_250723\scripts\export_disk_log_2.py","C:\SNS_24AutoProject_250723\scripts\export_disk_log_2.py"
"export_disk_log_2.py","C87E5DF57DBBF1F5ADFA500B3AC81CCAC33D5225037F33BEDCE0CB12E53FA2B6","C:\SNS_24AutoProject_250723\scripts\export_disk_log_2.py","C:\SNS_24AutoProject_250723\scripts\export_disk_log_2.py"
"export_disk_log_2.py","C87E5DF57DBBF1F5ADFA500B3AC81CCAC33D5225037F33BEDCE0CB12E53FA2B6","C:\SNS_24AutoProject_250723\scripts\export_disk_log_2.py","C:\SNS_24AutoProject_250723\scripts\export_disk_log_2.py"
"export_disk_log_2.py","C87E5DF57DBBF1F5ADFA500B3AC81CCAC33D5225037F33BEDCE0CB12E53FA2B6","C:\SNS_24AutoProject_250723\scripts\export_disk_log_2.py","C:\SNS_24AutoProject_250723\scripts\export_disk_log_2.py"
"export_disk_log_2.py","C87E5DF57DBBF1F5ADFA500B3AC81CCAC33D5225037F33BEDCE0CB12E53FA2B6","C:\SNS_24AutoProject_250723\scripts\export_disk_log_2.py","C:\SNS_24AutoProject_250723\scripts\export_disk_log_2.py"
"export_disk_log_2.py","C87E5DF57DBBF1F5ADFA500B3AC81CCAC33D5225037F33BEDCE0CB12E53FA2B6","C:\SNS_24AutoProject_250723\scripts\export_disk_log_2.py","C:\SNS_24AutoProject_250723\scripts\export_disk_log_2.py"
"export_disk_log_3.py","C87E5DF57DBBF1F5ADFA500B3AC81CCAC33D5225037F33BEDCE0CB12E53FA2B6","C:\SNS_24AutoProject_250723\scripts\export_disk_log_3.py","C:\SNS_24AutoProject_250723\scripts\export_disk_log_3.py"
"export_disk_log_3.py","C87E5DF57DBBF1F5ADFA500B3AC81CCAC33D5225037F33BEDCE0CB12E53FA2B6","C:\SNS_24AutoProject_250723\scripts\export_disk_log_3.py","C:\SNS_24AutoProject_250723\scripts\export_disk_log_3.py"
"export_disk_log_3.py","C87E5DF57DBBF1F5ADFA500B3AC81CCAC33D5225037F33BEDCE0CB12E53FA2B6","C:\SNS_24AutoProject_250723\scripts\export_disk_log_3.py","C:\SNS_24AutoProject_250723\scripts\export_disk_log_3.py"
"export_disk_log_3.py","C87E5DF57DBBF1F5ADFA500B3AC81CCAC33D5225037F33BEDCE0CB12E53FA2B6","C:\SNS_24AutoProject_250723\scripts\export_disk_log_3.py","C:\SNS_24AutoProject_250723\scripts\export_disk_log_3.py"
"export_disk_log_3.py","C87E5DF57DBBF1F5ADFA500B3AC81CCAC33D5225037F33BEDCE0CB12E53FA2B6","C:\SNS_24AutoProject_250723\scripts\export_disk_log_3.py","C:\SNS_24AutoProject_250723\scripts\export_disk_log_3.py"
"export_disk_log_3.py","C87E5DF57DBBF1F5ADFA500B3AC81CCAC33D5225037F33BEDCE0CB12E53FA2B6","C:\SNS_24AutoProject_250723\scripts\export_disk_log_3.py","C:\SNS_24AutoProject_250723\scripts\export_disk_log_3.py"
"export_disk_log_4.py","C87E5DF57DBBF1F5ADFA500B3AC81CCAC33D5225037F33BEDCE0CB12E53FA2B6","C:\SNS_24AutoProject_250723\scripts\export_disk_log_4.py","C:\SNS_24AutoProject_250723\scripts\export_disk_log_4.py"
"export_disk_log_4.py","C87E5DF57DBBF1F5ADFA500B3AC81CCAC33D5225037F33BEDCE0CB12E53FA2B6","C:\SNS_24AutoProject_250723\scripts\export_disk_log_4.py","C:\SNS_24AutoProject_250723\scripts\export_disk_log_4.py"
"export_disk_log_4.py","C87E5DF57DBBF1F5ADFA500B3AC81CCAC33D5225037F33BEDCE0CB12E53FA2B6","C:\SNS_24AutoProject_250723\scripts\export_disk_log_4.py","C:\SNS_24AutoProject_250723\scripts\export_disk_log_4.py"
"export_disk_log_4.py","C87E5DF57DBBF1F5ADFA500B3AC81CCAC33D5225037F33BEDCE0CB12E53FA2B6","C:\SNS_24AutoProject_250723\scripts\export_disk_log_4.py","C:\SNS_24AutoProject_250723\scripts\export_disk_log_4.py"
"export_disk_log_4.py","C87E5DF57DBBF1F5ADFA500B3AC81CCAC33D5225037F33BEDCE0CB12E53FA2B6","C:\SNS_24AutoProject_250723\scripts\export_disk_log_4.py","C:\SNS_24AutoProject_250723\scripts\export_disk_log_4.py"
"export_disk_log_4.py","C87E5DF57DBBF1F5ADFA500B3AC81CCAC33D5225037F33BEDCE0CB12E53FA2B6","C:\SNS_24AutoProject_250723\scripts\export_disk_log_4.py","C:\SNS_24AutoProject_250723\scripts\export_disk_log_4.py"
"export_disk_log_5.py","C87E5DF57DBBF1F5ADFA500B3AC81CCAC33D5225037F33BEDCE0CB12E53FA2B6","C:\SNS_24AutoProject_250723\scripts\export_disk_log_5.py","C:\SNS_24AutoProject_250723\scripts\export_disk_log_5.py"
"export_disk_log_5.py","C87E5DF57DBBF1F5ADFA500B3AC81CCAC33D5225037F33BEDCE0CB12E53FA2B6","C:\SNS_24AutoProject_250723\scripts\export_disk_log_5.py","C:\SNS_24AutoProject_250723\scripts\export_disk_log_5.py"
"export_disk_log_5.py","C87E5DF57DBBF1F5ADFA500B3AC81CCAC33D5225037F33BEDCE0CB12E53FA2B6","C:\SNS_24AutoProject_250723\scripts\export_disk_log_5.py","C:\SNS_24AutoProject_250723\scripts\export_disk_log_5.py"
"export_disk_log_5.py","C87E5DF57DBBF1F5ADFA500B3AC81CCAC33D5225037F33BEDCE0CB12E53FA2B6","C:\SNS_24AutoProject_250723\scripts\export_disk_log_5.py","C:\SNS_24AutoProject_250723\scripts\export_disk_log_5.py"
"export_disk_log_5.py","C87E5DF57DBBF1F5ADFA500B3AC81CCAC33D5225037F33BEDCE0CB12E53FA2B6","C:\SNS_24AutoProject_250723\scripts\export_disk_log_5.py","C:\SNS_24AutoProject_250723\scripts\export_disk_log_5.py"
"export_disk_log_5.py","C87E5DF57DBBF1F5ADFA500B3AC81CCAC33D5225037F33BEDCE0CB12E53FA2B6","C:\SNS_24AutoProject_250723\scripts\export_disk_log_5.py","C:\SNS_24AutoProject_250723\scripts\export_disk_log_5.py"
"export_disk_log_6.py","C87E5DF57DBBF1F5ADFA500B3AC81CCAC33D5225037F33BEDCE0CB12E53FA2B6","C:\SNS_24AutoProject_250723\scripts\export_disk_log_6.py","C:\SNS_24AutoProject_250723\scripts\export_disk_log_6.py"
"export_disk_log_6.py","C87E5DF57DBBF1F5ADFA500B3AC81CCAC33D5225037F33BEDCE0CB12E53FA2B6","C:\SNS_24AutoProject_250723\scripts\export_disk_log_6.py","C:\SNS_24AutoProject_250723\scripts\export_disk_log_6.py"
"export_disk_log_6.py","C87E5DF57DBBF1F5ADFA500B3AC81CCAC33D5225037F33BEDCE0CB12E53FA2B6","C:\SNS_24AutoProject_250723\scripts\export_disk_log_6.py","C:\SNS_24AutoProject_250723\scripts\export_disk_log_6.py"
"export_disk_log_6.py","C87E5DF57DBBF1F5ADFA500B3AC81CCAC33D5225037F33BEDCE0CB12E53FA2B6","C:\SNS_24AutoProject_250723\scripts\export_disk_log_6.py","C:\SNS_24AutoProject_250723\scripts\export_disk_log_6.py"
"export_disk_log_6.py","C87E5DF57DBBF1F5ADFA500B3AC81CCAC33D5225037F33BEDCE0CB12E53FA2B6","C:\SNS_24AutoProject_250723\scripts\export_disk_log_6.py","C:\SNS_24AutoProject_250723\scripts\export_disk_log_6.py"
"export_disk_log_6.py","C87E5DF57DBBF1F5ADFA500B3AC81CCAC33D5225037F33BEDCE0CB12E53FA2B6","C:\SNS_24AutoProject_250723\scripts\export_disk_log_6.py","C:\SNS_24AutoProject_250723\scripts\export_disk_log_6.py"
"export_env_log_1.py","E5F2D211C2B0DFA8D70151874A54AE6DB410B18D595944106691824EA93F94A4","C:\SNS_24AutoProject_250723\scripts\export_env_log_1.py","C:\SNS_24AutoProject_250723\scripts\export_env_log_1.py"
"export_env_log_1.py","E5F2D211C2B0DFA8D70151874A54AE6DB410B18D595944106691824EA93F94A4","C:\SNS_24AutoProject_250723\scripts\export_env_log_1.py","C:\SNS_24AutoProject_250723\scripts\export_env_log_1.py"
"export_env_log_1.py","E5F2D211C2B0DFA8D70151874A54AE6DB410B18D595944106691824EA93F94A4","C:\SNS_24AutoProject_250723\scripts\export_env_log_1.py","C:\SNS_24AutoProject_250723\scripts\export_env_log_1.py"
"export_env_log_1.py","E5F2D211C2B0DFA8D70151874A54AE6DB410B18D595944106691824EA93F94A4","C:\SNS_24AutoProject_250723\scripts\export_env_log_1.py","C:\SNS_24AutoProject_250723\scripts\export_env_log_1.py"
"export_env_log_1.py","E5F2D211C2B0DFA8D70151874A54AE6DB410B18D595944106691824EA93F94A4","C:\SNS_24AutoProject_250723\scripts\export_env_log_1.py","C:\SNS_24AutoProject_250723\scripts\export_env_log_1.py"
"export_env_log_1.py","E5F2D211C2B0DFA8D70151874A54AE6DB410B18D595944106691824EA93F94A4","C:\SNS_24AutoProject_250723\scripts\export_env_log_1.py","C:\SNS_24AutoProject_250723\scripts\export_env_log_1.py"
"export_env_log_2.py","E5F2D211C2B0DFA8D70151874A54AE6DB410B18D595944106691824EA93F94A4","C:\SNS_24AutoProject_250723\scripts\export_env_log_2.py","C:\SNS_24AutoProject_250723\scripts\export_env_log_2.py"
"export_env_log_2.py","E5F2D211C2B0DFA8D70151874A54AE6DB410B18D595944106691824EA93F94A4","C:\SNS_24AutoProject_250723\scripts\export_env_log_2.py","C:\SNS_24AutoProject_250723\scripts\export_env_log_2.py"
"export_env_log_2.py","E5F2D211C2B0DFA8D70151874A54AE6DB410B18D595944106691824EA93F94A4","C:\SNS_24AutoProject_250723\scripts\export_env_log_2.py","C:\SNS_24AutoProject_250723\scripts\export_env_log_2.py"
"export_env_log_2.py","E5F2D211C2B0DFA8D70151874A54AE6DB410B18D595944106691824EA93F94A4","C:\SNS_24AutoProject_250723\scripts\export_env_log_2.py","C:\SNS_24AutoProject_250723\scripts\export_env_log_2.py"
"export_env_log_2.py","E5F2D211C2B0DFA8D70151874A54AE6DB410B18D595944106691824EA93F94A4","C:\SNS_24AutoProject_250723\scripts\export_env_log_2.py","C:\SNS_24AutoProject_250723\scripts\export_env_log_2.py"
"export_env_log_2.py","E5F2D211C2B0DFA8D70151874A54AE6DB410B18D595944106691824EA93F94A4","C:\SNS_24AutoProject_250723\scripts\export_env_log_2.py","C:\SNS_24AutoProject_250723\scripts\export_env_log_2.py"
"export_env_log_3.py","E5F2D211C2B0DFA8D70151874A54AE6DB410B18D595944106691824EA93F94A4","C:\SNS_24AutoProject_250723\scripts\export_env_log_3.py","C:\SNS_24AutoProject_250723\scripts\export_env_log_3.py"
"export_env_log_3.py","E5F2D211C2B0DFA8D70151874A54AE6DB410B18D595944106691824EA93F94A4","C:\SNS_24AutoProject_250723\scripts\export_env_log_3.py","C:\SNS_24AutoProject_250723\scripts\export_env_log_3.py"
"export_env_log_3.py","E5F2D211C2B0DFA8D70151874A54AE6DB410B18D595944106691824EA93F94A4","C:\SNS_24AutoProject_250723\scripts\export_env_log_3.py","C:\SNS_24AutoProject_250723\scripts\export_env_log_3.py"
"export_env_log_3.py","E5F2D211C2B0DFA8D70151874A54AE6DB410B18D595944106691824EA93F94A4","C:\SNS_24AutoProject_250723\scripts\export_env_log_3.py","C:\SNS_24AutoProject_250723\scripts\export_env_log_3.py"
"export_env_log_3.py","E5F2D211C2B0DFA8D70151874A54AE6DB410B18D595944106691824EA93F94A4","C:\SNS_24AutoProject_250723\scripts\export_env_log_3.py","C:\SNS_24AutoProject_250723\scripts\export_env_log_3.py"
"export_env_log_3.py","E5F2D211C2B0DFA8D70151874A54AE6DB410B18D595944106691824EA93F94A4","C:\SNS_24AutoProject_250723\scripts\export_env_log_3.py","C:\SNS_24AutoProject_250723\scripts\export_env_log_3.py"
"export_env_log_4.py","E5F2D211C2B0DFA8D70151874A54AE6DB410B18D595944106691824EA93F94A4","C:\SNS_24AutoProject_250723\scripts\export_env_log_4.py","C:\SNS_24AutoProject_250723\scripts\export_env_log_4.py"
"export_env_log_4.py","E5F2D211C2B0DFA8D70151874A54AE6DB410B18D595944106691824EA93F94A4","C:\SNS_24AutoProject_250723\scripts\export_env_log_4.py","C:\SNS_24AutoProject_250723\scripts\export_env_log_4.py"
"export_env_log_4.py","E5F2D211C2B0DFA8D70151874A54AE6DB410B18D595944106691824EA93F94A4","C:\SNS_24AutoProject_250723\scripts\export_env_log_4.py","C:\SNS_24AutoProject_250723\scripts\export_env_log_4.py"
"export_env_log_4.py","E5F2D211C2B0DFA8D70151874A54AE6DB410B18D595944106691824EA93F94A4","C:\SNS_24AutoProject_250723\scripts\export_env_log_4.py","C:\SNS_24AutoProject_250723\scripts\export_env_log_4.py"
"export_env_log_4.py","E5F2D211C2B0DFA8D70151874A54AE6DB410B18D595944106691824EA93F94A4","C:\SNS_24AutoProject_250723\scripts\export_env_log_4.py","C:\SNS_24AutoProject_250723\scripts\export_env_log_4.py"
"export_env_log_4.py","E5F2D211C2B0DFA8D70151874A54AE6DB410B18D595944106691824EA93F94A4","C:\SNS_24AutoProject_250723\scripts\export_env_log_4.py","C:\SNS_24AutoProject_250723\scripts\export_env_log_4.py"
"export_env_log_5.py","E5F2D211C2B0DFA8D70151874A54AE6DB410B18D595944106691824EA93F94A4","C:\SNS_24AutoProject_250723\scripts\export_env_log_5.py","C:\SNS_24AutoProject_250723\scripts\export_env_log_5.py"
"export_env_log_5.py","E5F2D211C2B0DFA8D70151874A54AE6DB410B18D595944106691824EA93F94A4","C:\SNS_24AutoProject_250723\scripts\export_env_log_5.py","C:\SNS_24AutoProject_250723\scripts\export_env_log_5.py"
"export_env_log_5.py","E5F2D211C2B0DFA8D70151874A54AE6DB410B18D595944106691824EA93F94A4","C:\SNS_24AutoProject_250723\scripts\export_env_log_5.py","C:\SNS_24AutoProject_250723\scripts\export_env_log_5.py"
"export_env_log_5.py","E5F2D211C2B0DFA8D70151874A54AE6DB410B18D595944106691824EA93F94A4","C:\SNS_24AutoProject_250723\scripts\export_env_log_5.py","C:\SNS_24AutoProject_250723\scripts\export_env_log_5.py"
"export_env_log_5.py","E5F2D211C2B0DFA8D70151874A54AE6DB410B18D595944106691824EA93F94A4","C:\SNS_24AutoProject_250723\scripts\export_env_log_5.py","C:\SNS_24AutoProject_250723\scripts\export_env_log_5.py"
"export_env_log_5.py","E5F2D211C2B0DFA8D70151874A54AE6DB410B18D595944106691824EA93F94A4","C:\SNS_24AutoProject_250723\scripts\export_env_log_5.py","C:\SNS_24AutoProject_250723\scripts\export_env_log_5.py"
"export_env_log_6.py","E5F2D211C2B0DFA8D70151874A54AE6DB410B18D595944106691824EA93F94A4","C:\SNS_24AutoProject_250723\scripts\export_env_log_6.py","C:\SNS_24AutoProject_250723\scripts\export_env_log_6.py"
"export_env_log_6.py","E5F2D211C2B0DFA8D70151874A54AE6DB410B18D595944106691824EA93F94A4","C:\SNS_24AutoProject_250723\scripts\export_env_log_6.py","C:\SNS_24AutoProject_250723\scripts\export_env_log_6.py"
"export_env_log_6.py","E5F2D211C2B0DFA8D70151874A54AE6DB410B18D595944106691824EA93F94A4","C:\SNS_24AutoProject_250723\scripts\export_env_log_6.py","C:\SNS_24AutoProject_250723\scripts\export_env_log_6.py"
"export_env_log_6.py","E5F2D211C2B0DFA8D70151874A54AE6DB410B18D595944106691824EA93F94A4","C:\SNS_24AutoProject_250723\scripts\export_env_log_6.py","C:\SNS_24AutoProject_250723\scripts\export_env_log_6.py"
"export_env_log_6.py","E5F2D211C2B0DFA8D70151874A54AE6DB410B18D595944106691824EA93F94A4","C:\SNS_24AutoProject_250723\scripts\export_env_log_6.py","C:\SNS_24AutoProject_250723\scripts\export_env_log_6.py"
"export_env_log_6.py","E5F2D211C2B0DFA8D70151874A54AE6DB410B18D595944106691824EA93F94A4","C:\SNS_24AutoProject_250723\scripts\export_env_log_6.py","C:\SNS_24AutoProject_250723\scripts\export_env_log_6.py"
"export_hook_logs_to_csv_1.py","159FBB9AC59BB8246DE6112080F8187F2A5FC4F7FE72AB5123347A70DE0099D1","C:\SNS_24AutoProject_250723\scripts\export_hook_logs_to_csv_1.py","C:\SNS_24AutoProject_250723\scripts\export_hook_logs_to_csv_1.py"
"export_hook_logs_to_csv_1.py","159FBB9AC59BB8246DE6112080F8187F2A5FC4F7FE72AB5123347A70DE0099D1","C:\SNS_24AutoProject_250723\scripts\export_hook_logs_to_csv_1.py","C:\SNS_24AutoProject_250723\scripts\export_hook_logs_to_csv_1.py"
"export_hook_logs_to_csv_1.py","159FBB9AC59BB8246DE6112080F8187F2A5FC4F7FE72AB5123347A70DE0099D1","C:\SNS_24AutoProject_250723\scripts\export_hook_logs_to_csv_1.py","C:\SNS_24AutoProject_250723\scripts\export_hook_logs_to_csv_1.py"
"export_hook_logs_to_csv_1.py","159FBB9AC59BB8246DE6112080F8187F2A5FC4F7FE72AB5123347A70DE0099D1","C:\SNS_24AutoProject_250723\scripts\export_hook_logs_to_csv_1.py","C:\SNS_24AutoProject_250723\scripts\export_hook_logs_to_csv_1.py"
"export_hook_logs_to_csv_1.py","159FBB9AC59BB8246DE6112080F8187F2A5FC4F7FE72AB5123347A70DE0099D1","C:\SNS_24AutoProject_250723\scripts\export_hook_logs_to_csv_1.py","C:\SNS_24AutoProject_250723\scripts\export_hook_logs_to_csv_1.py"
"export_hook_logs_to_csv_1.py","159FBB9AC59BB8246DE6112080F8187F2A5FC4F7FE72AB5123347A70DE0099D1","C:\SNS_24AutoProject_250723\scripts\export_hook_logs_to_csv_1.py","C:\SNS_24AutoProject_250723\scripts\export_hook_logs_to_csv_1.py"
"export_hook_logs_to_csv_2.py","159FBB9AC59BB8246DE6112080F8187F2A5FC4F7FE72AB5123347A70DE0099D1","C:\SNS_24AutoProject_250723\scripts\export_hook_logs_to_csv_2.py","C:\SNS_24AutoProject_250723\scripts\export_hook_logs_to_csv_2.py"
"export_hook_logs_to_csv_2.py","159FBB9AC59BB8246DE6112080F8187F2A5FC4F7FE72AB5123347A70DE0099D1","C:\SNS_24AutoProject_250723\scripts\export_hook_logs_to_csv_2.py","C:\SNS_24AutoProject_250723\scripts\export_hook_logs_to_csv_2.py"
"export_hook_logs_to_csv_2.py","159FBB9AC59BB8246DE6112080F8187F2A5FC4F7FE72AB5123347A70DE0099D1","C:\SNS_24AutoProject_250723\scripts\export_hook_logs_to_csv_2.py","C:\SNS_24AutoProject_250723\scripts\export_hook_logs_to_csv_2.py"
"export_hook_logs_to_csv_2.py","159FBB9AC59BB8246DE6112080F8187F2A5FC4F7FE72AB5123347A70DE0099D1","C:\SNS_24AutoProject_250723\scripts\export_hook_logs_to_csv_2.py","C:\SNS_24AutoProject_250723\scripts\export_hook_logs_to_csv_2.py"
"export_hook_logs_to_csv_2.py","159FBB9AC59BB8246DE6112080F8187F2A5FC4F7FE72AB5123347A70DE0099D1","C:\SNS_24AutoProject_250723\scripts\export_hook_logs_to_csv_2.py","C:\SNS_24AutoProject_250723\scripts\export_hook_logs_to_csv_2.py"
"export_hook_logs_to_csv_2.py","159FBB9AC59BB8246DE6112080F8187F2A5FC4F7FE72AB5123347A70DE0099D1","C:\SNS_24AutoProject_250723\scripts\export_hook_logs_to_csv_2.py","C:\SNS_24AutoProject_250723\scripts\export_hook_logs_to_csv_2.py"
"export_hook_logs_to_csv_3.py","159FBB9AC59BB8246DE6112080F8187F2A5FC4F7FE72AB5123347A70DE0099D1","C:\SNS_24AutoProject_250723\scripts\export_hook_logs_to_csv_3.py","C:\SNS_24AutoProject_250723\scripts\export_hook_logs_to_csv_3.py"
"export_hook_logs_to_csv_3.py","159FBB9AC59BB8246DE6112080F8187F2A5FC4F7FE72AB5123347A70DE0099D1","C:\SNS_24AutoProject_250723\scripts\export_hook_logs_to_csv_3.py","C:\SNS_24AutoProject_250723\scripts\export_hook_logs_to_csv_3.py"
"export_hook_logs_to_csv_3.py","159FBB9AC59BB8246DE6112080F8187F2A5FC4F7FE72AB5123347A70DE0099D1","C:\SNS_24AutoProject_250723\scripts\export_hook_logs_to_csv_3.py","C:\SNS_24AutoProject_250723\scripts\export_hook_logs_to_csv_3.py"
"export_hook_logs_to_csv_3.py","159FBB9AC59BB8246DE6112080F8187F2A5FC4F7FE72AB5123347A70DE0099D1","C:\SNS_24AutoProject_250723\scripts\export_hook_logs_to_csv_3.py","C:\SNS_24AutoProject_250723\scripts\export_hook_logs_to_csv_3.py"
"export_hook_logs_to_csv_3.py","159FBB9AC59BB8246DE6112080F8187F2A5FC4F7FE72AB5123347A70DE0099D1","C:\SNS_24AutoProject_250723\scripts\export_hook_logs_to_csv_3.py","C:\SNS_24AutoProject_250723\scripts\export_hook_logs_to_csv_3.py"
"export_hook_logs_to_csv_3.py","159FBB9AC59BB8246DE6112080F8187F2A5FC4F7FE72AB5123347A70DE0099D1","C:\SNS_24AutoProject_250723\scripts\export_hook_logs_to_csv_3.py","C:\SNS_24AutoProject_250723\scripts\export_hook_logs_to_csv_3.py"
"export_hook_logs_to_csv_4.py","159FBB9AC59BB8246DE6112080F8187F2A5FC4F7FE72AB5123347A70DE0099D1","C:\SNS_24AutoProject_250723\scripts\export_hook_logs_to_csv_4.py","C:\SNS_24AutoProject_250723\scripts\export_hook_logs_to_csv_4.py"
"export_hook_logs_to_csv_4.py","159FBB9AC59BB8246DE6112080F8187F2A5FC4F7FE72AB5123347A70DE0099D1","C:\SNS_24AutoProject_250723\scripts\export_hook_logs_to_csv_4.py","C:\SNS_24AutoProject_250723\scripts\export_hook_logs_to_csv_4.py"
"export_hook_logs_to_csv_4.py","159FBB9AC59BB8246DE6112080F8187F2A5FC4F7FE72AB5123347A70DE0099D1","C:\SNS_24AutoProject_250723\scripts\export_hook_logs_to_csv_4.py","C:\SNS_24AutoProject_250723\scripts\export_hook_logs_to_csv_4.py"
"export_hook_logs_to_csv_4.py","159FBB9AC59BB8246DE6112080F8187F2A5FC4F7FE72AB5123347A70DE0099D1","C:\SNS_24AutoProject_250723\scripts\export_hook_logs_to_csv_4.py","C:\SNS_24AutoProject_250723\scripts\export_hook_logs_to_csv_4.py"
"export_hook_logs_to_csv_4.py","159FBB9AC59BB8246DE6112080F8187F2A5FC4F7FE72AB5123347A70DE0099D1","C:\SNS_24AutoProject_250723\scripts\export_hook_logs_to_csv_4.py","C:\SNS_24AutoProject_250723\scripts\export_hook_logs_to_csv_4.py"
"export_hook_logs_to_csv_4.py","159FBB9AC59BB8246DE6112080F8187F2A5FC4F7FE72AB5123347A70DE0099D1","C:\SNS_24AutoProject_250723\scripts\export_hook_logs_to_csv_4.py","C:\SNS_24AutoProject_250723\scripts\export_hook_logs_to_csv_4.py"
"export_hook_logs_to_csv_5.py","159FBB9AC59BB8246DE6112080F8187F2A5FC4F7FE72AB5123347A70DE0099D1","C:\SNS_24AutoProject_250723\scripts\export_hook_logs_to_csv_5.py","C:\SNS_24AutoProject_250723\scripts\export_hook_logs_to_csv_5.py"
"export_hook_logs_to_csv_5.py","159FBB9AC59BB8246DE6112080F8187F2A5FC4F7FE72AB5123347A70DE0099D1","C:\SNS_24AutoProject_250723\scripts\export_hook_logs_to_csv_5.py","C:\SNS_24AutoProject_250723\scripts\export_hook_logs_to_csv_5.py"
"export_hook_logs_to_csv_5.py","159FBB9AC59BB8246DE6112080F8187F2A5FC4F7FE72AB5123347A70DE0099D1","C:\SNS_24AutoProject_250723\scripts\export_hook_logs_to_csv_5.py","C:\SNS_24AutoProject_250723\scripts\export_hook_logs_to_csv_5.py"
"export_hook_logs_to_csv_5.py","159FBB9AC59BB8246DE6112080F8187F2A5FC4F7FE72AB5123347A70DE0099D1","C:\SNS_24AutoProject_250723\scripts\export_hook_logs_to_csv_5.py","C:\SNS_24AutoProject_250723\scripts\export_hook_logs_to_csv_5.py"
"export_hook_logs_to_csv_5.py","159FBB9AC59BB8246DE6112080F8187F2A5FC4F7FE72AB5123347A70DE0099D1","C:\SNS_24AutoProject_250723\scripts\export_hook_logs_to_csv_5.py","C:\SNS_24AutoProject_250723\scripts\export_hook_logs_to_csv_5.py"
"export_hook_logs_to_csv_5.py","159FBB9AC59BB8246DE6112080F8187F2A5FC4F7FE72AB5123347A70DE0099D1","C:\SNS_24AutoProject_250723\scripts\export_hook_logs_to_csv_5.py","C:\SNS_24AutoProject_250723\scripts\export_hook_logs_to_csv_5.py"
"export_hook_logs_to_csv_6.py","159FBB9AC59BB8246DE6112080F8187F2A5FC4F7FE72AB5123347A70DE0099D1","C:\SNS_24AutoProject_250723\scripts\export_hook_logs_to_csv_6.py","C:\SNS_24AutoProject_250723\scripts\export_hook_logs_to_csv_6.py"
"export_hook_logs_to_csv_6.py","159FBB9AC59BB8246DE6112080F8187F2A5FC4F7FE72AB5123347A70DE0099D1","C:\SNS_24AutoProject_250723\scripts\export_hook_logs_to_csv_6.py","C:\SNS_24AutoProject_250723\scripts\export_hook_logs_to_csv_6.py"
"export_hook_logs_to_csv_6.py","159FBB9AC59BB8246DE6112080F8187F2A5FC4F7FE72AB5123347A70DE0099D1","C:\SNS_24AutoProject_250723\scripts\export_hook_logs_to_csv_6.py","C:\SNS_24AutoProject_250723\scripts\export_hook_logs_to_csv_6.py"
"export_hook_logs_to_csv_6.py","159FBB9AC59BB8246DE6112080F8187F2A5FC4F7FE72AB5123347A70DE0099D1","C:\SNS_24AutoProject_250723\scripts\export_hook_logs_to_csv_6.py","C:\SNS_24AutoProject_250723\scripts\export_hook_logs_to_csv_6.py"
"export_hook_logs_to_csv_6.py","159FBB9AC59BB8246DE6112080F8187F2A5FC4F7FE72AB5123347A70DE0099D1","C:\SNS_24AutoProject_250723\scripts\export_hook_logs_to_csv_6.py","C:\SNS_24AutoProject_250723\scripts\export_hook_logs_to_csv_6.py"
"export_hook_logs_to_csv_6.py","159FBB9AC59BB8246DE6112080F8187F2A5FC4F7FE72AB5123347A70DE0099D1","C:\SNS_24AutoProject_250723\scripts\export_hook_logs_to_csv_6.py","C:\SNS_24AutoProject_250723\scripts\export_hook_logs_to_csv_6.py"
"export_logtrace_1.py","0446D25228E9D8769F4C4BCC9D62D4E1FFAD4489F26F013E68C017C0587B09A3","C:\SNS_24AutoProject_250723\scripts\export_logtrace_1.py","C:\SNS_24AutoProject_250723\scripts\export_logtrace_1.py"
"export_logtrace_1.py","0446D25228E9D8769F4C4BCC9D62D4E1FFAD4489F26F013E68C017C0587B09A3","C:\SNS_24AutoProject_250723\scripts\export_logtrace_1.py","C:\SNS_24AutoProject_250723\scripts\export_logtrace_1.py"
"export_logtrace_1.py","0446D25228E9D8769F4C4BCC9D62D4E1FFAD4489F26F013E68C017C0587B09A3","C:\SNS_24AutoProject_250723\scripts\export_logtrace_1.py","C:\SNS_24AutoProject_250723\scripts\export_logtrace_1.py"
"export_logtrace_2.py","9C5636FAE1E99DC5BA27C594AF2FFA650BDEBA71F552E7640D918A2041A00FEF","C:\SNS_24AutoProject_250723\scripts\export_logtrace_2.py","C:\SNS_24AutoProject_250723\scripts\export_logtrace_2.py"
"export_logtrace_2.py","9C5636FAE1E99DC5BA27C594AF2FFA650BDEBA71F552E7640D918A2041A00FEF","C:\SNS_24AutoProject_250723\scripts\export_logtrace_2.py","C:\SNS_24AutoProject_250723\scripts\export_logtrace_2.py"
"export_logtrace_2.py","9C5636FAE1E99DC5BA27C594AF2FFA650BDEBA71F552E7640D918A2041A00FEF","C:\SNS_24AutoProject_250723\scripts\export_logtrace_2.py","C:\SNS_24AutoProject_250723\scripts\export_logtrace_2.py"
"export_logtrace_3.py","0446D25228E9D8769F4C4BCC9D62D4E1FFAD4489F26F013E68C017C0587B09A3","C:\SNS_24AutoProject_250723\scripts\export_logtrace_3.py","C:\SNS_24AutoProject_250723\scripts\export_logtrace_3.py"
"export_logtrace_3.py","0446D25228E9D8769F4C4BCC9D62D4E1FFAD4489F26F013E68C017C0587B09A3","C:\SNS_24AutoProject_250723\scripts\export_logtrace_3.py","C:\SNS_24AutoProject_250723\scripts\export_logtrace_3.py"
"export_logtrace_3.py","0446D25228E9D8769F4C4BCC9D62D4E1FFAD4489F26F013E68C017C0587B09A3","C:\SNS_24AutoProject_250723\scripts\export_logtrace_3.py","C:\SNS_24AutoProject_250723\scripts\export_logtrace_3.py"
"export_logtrace_4.py","9C5636FAE1E99DC5BA27C594AF2FFA650BDEBA71F552E7640D918A2041A00FEF","C:\SNS_24AutoProject_250723\scripts\export_logtrace_4.py","C:\SNS_24AutoProject_250723\scripts\export_logtrace_4.py"
"export_logtrace_4.py","9C5636FAE1E99DC5BA27C594AF2FFA650BDEBA71F552E7640D918A2041A00FEF","C:\SNS_24AutoProject_250723\scripts\export_logtrace_4.py","C:\SNS_24AutoProject_250723\scripts\export_logtrace_4.py"
"export_logtrace_4.py","9C5636FAE1E99DC5BA27C594AF2FFA650BDEBA71F552E7640D918A2041A00FEF","C:\SNS_24AutoProject_250723\scripts\export_logtrace_4.py","C:\SNS_24AutoProject_250723\scripts\export_logtrace_4.py"
"export_logtrace_5.py","0446D25228E9D8769F4C4BCC9D62D4E1FFAD4489F26F013E68C017C0587B09A3","C:\SNS_24AutoProject_250723\scripts\export_logtrace_5.py","C:\SNS_24AutoProject_250723\scripts\export_logtrace_5.py"
"export_logtrace_5.py","0446D25228E9D8769F4C4BCC9D62D4E1FFAD4489F26F013E68C017C0587B09A3","C:\SNS_24AutoProject_250723\scripts\export_logtrace_5.py","C:\SNS_24AutoProject_250723\scripts\export_logtrace_5.py"
"export_logtrace_5.py","0446D25228E9D8769F4C4BCC9D62D4E1FFAD4489F26F013E68C017C0587B09A3","C:\SNS_24AutoProject_250723\scripts\export_logtrace_5.py","C:\SNS_24AutoProject_250723\scripts\export_logtrace_5.py"
"export_logtrace_6.py","9C5636FAE1E99DC5BA27C594AF2FFA650BDEBA71F552E7640D918A2041A00FEF","C:\SNS_24AutoProject_250723\scripts\export_logtrace_6.py","C:\SNS_24AutoProject_250723\scripts\export_logtrace_6.py"
"export_logtrace_6.py","9C5636FAE1E99DC5BA27C594AF2FFA650BDEBA71F552E7640D918A2041A00FEF","C:\SNS_24AutoProject_250723\scripts\export_logtrace_6.py","C:\SNS_24AutoProject_250723\scripts\export_logtrace_6.py"
"export_logtrace_6.py","9C5636FAE1E99DC5BA27C594AF2FFA650BDEBA71F552E7640D918A2041A00FEF","C:\SNS_24AutoProject_250723\scripts\export_logtrace_6.py","C:\SNS_24AutoProject_250723\scripts\export_logtrace_6.py"
"export_logtrace_to_csv_1.py","55207B10D76A8F498D2BFAC80A378309C4081F1EB0D20031D0AE7E1946318D7E","C:\SNS_24AutoProject_250723\scripts\export_logtrace_to_csv_1.py","C:\SNS_24AutoProject_250723\scripts\export_logtrace_to_csv_1.py"
"export_logtrace_to_csv_1.py","55207B10D76A8F498D2BFAC80A378309C4081F1EB0D20031D0AE7E1946318D7E","C:\SNS_24AutoProject_250723\scripts\export_logtrace_to_csv_1.py","C:\SNS_24AutoProject_250723\scripts\export_logtrace_to_csv_1.py"
"export_logtrace_to_csv_1.py","55207B10D76A8F498D2BFAC80A378309C4081F1EB0D20031D0AE7E1946318D7E","C:\SNS_24AutoProject_250723\scripts\export_logtrace_to_csv_1.py","C:\SNS_24AutoProject_250723\scripts\export_logtrace_to_csv_1.py"
"export_logtrace_to_csv_1.py","55207B10D76A8F498D2BFAC80A378309C4081F1EB0D20031D0AE7E1946318D7E","C:\SNS_24AutoProject_250723\scripts\export_logtrace_to_csv_1.py","C:\SNS_24AutoProject_250723\scripts\export_logtrace_to_csv_1.py"
"export_logtrace_to_csv_1.py","55207B10D76A8F498D2BFAC80A378309C4081F1EB0D20031D0AE7E1946318D7E","C:\SNS_24AutoProject_250723\scripts\export_logtrace_to_csv_1.py","C:\SNS_24AutoProject_250723\scripts\export_logtrace_to_csv_1.py"
"export_logtrace_to_csv_1.py","55207B10D76A8F498D2BFAC80A378309C4081F1EB0D20031D0AE7E1946318D7E","C:\SNS_24AutoProject_250723\scripts\export_logtrace_to_csv_1.py","C:\SNS_24AutoProject_250723\scripts\export_logtrace_to_csv_1.py"
"export_logtrace_to_csv_2.py","55207B10D76A8F498D2BFAC80A378309C4081F1EB0D20031D0AE7E1946318D7E","C:\SNS_24AutoProject_250723\scripts\export_logtrace_to_csv_2.py","C:\SNS_24AutoProject_250723\scripts\export_logtrace_to_csv_2.py"
"export_logtrace_to_csv_2.py","55207B10D76A8F498D2BFAC80A378309C4081F1EB0D20031D0AE7E1946318D7E","C:\SNS_24AutoProject_250723\scripts\export_logtrace_to_csv_2.py","C:\SNS_24AutoProject_250723\scripts\export_logtrace_to_csv_2.py"
"export_logtrace_to_csv_2.py","55207B10D76A8F498D2BFAC80A378309C4081F1EB0D20031D0AE7E1946318D7E","C:\SNS_24AutoProject_250723\scripts\export_logtrace_to_csv_2.py","C:\SNS_24AutoProject_250723\scripts\export_logtrace_to_csv_2.py"
"export_logtrace_to_csv_2.py","55207B10D76A8F498D2BFAC80A378309C4081F1EB0D20031D0AE7E1946318D7E","C:\SNS_24AutoProject_250723\scripts\export_logtrace_to_csv_2.py","C:\SNS_24AutoProject_250723\scripts\export_logtrace_to_csv_2.py"
"export_logtrace_to_csv_2.py","55207B10D76A8F498D2BFAC80A378309C4081F1EB0D20031D0AE7E1946318D7E","C:\SNS_24AutoProject_250723\scripts\export_logtrace_to_csv_2.py","C:\SNS_24AutoProject_250723\scripts\export_logtrace_to_csv_2.py"
"export_logtrace_to_csv_2.py","55207B10D76A8F498D2BFAC80A378309C4081F1EB0D20031D0AE7E1946318D7E","C:\SNS_24AutoProject_250723\scripts\export_logtrace_to_csv_2.py","C:\SNS_24AutoProject_250723\scripts\export_logtrace_to_csv_2.py"
"export_logtrace_to_csv_3.py","55207B10D76A8F498D2BFAC80A378309C4081F1EB0D20031D0AE7E1946318D7E","C:\SNS_24AutoProject_250723\scripts\export_logtrace_to_csv_3.py","C:\SNS_24AutoProject_250723\scripts\export_logtrace_to_csv_3.py"
"export_logtrace_to_csv_3.py","55207B10D76A8F498D2BFAC80A378309C4081F1EB0D20031D0AE7E1946318D7E","C:\SNS_24AutoProject_250723\scripts\export_logtrace_to_csv_3.py","C:\SNS_24AutoProject_250723\scripts\export_logtrace_to_csv_3.py"
"export_logtrace_to_csv_3.py","55207B10D76A8F498D2BFAC80A378309C4081F1EB0D20031D0AE7E1946318D7E","C:\SNS_24AutoProject_250723\scripts\export_logtrace_to_csv_3.py","C:\SNS_24AutoProject_250723\scripts\export_logtrace_to_csv_3.py"
"export_logtrace_to_csv_3.py","55207B10D76A8F498D2BFAC80A378309C4081F1EB0D20031D0AE7E1946318D7E","C:\SNS_24AutoProject_250723\scripts\export_logtrace_to_csv_3.py","C:\SNS_24AutoProject_250723\scripts\export_logtrace_to_csv_3.py"
"export_logtrace_to_csv_3.py","55207B10D76A8F498D2BFAC80A378309C4081F1EB0D20031D0AE7E1946318D7E","C:\SNS_24AutoProject_250723\scripts\export_logtrace_to_csv_3.py","C:\SNS_24AutoProject_250723\scripts\export_logtrace_to_csv_3.py"
"export_logtrace_to_csv_3.py","55207B10D76A8F498D2BFAC80A378309C4081F1EB0D20031D0AE7E1946318D7E","C:\SNS_24AutoProject_250723\scripts\export_logtrace_to_csv_3.py","C:\SNS_24AutoProject_250723\scripts\export_logtrace_to_csv_3.py"
"export_logtrace_to_csv_4.py","55207B10D76A8F498D2BFAC80A378309C4081F1EB0D20031D0AE7E1946318D7E","C:\SNS_24AutoProject_250723\scripts\export_logtrace_to_csv_4.py","C:\SNS_24AutoProject_250723\scripts\export_logtrace_to_csv_4.py"
"export_logtrace_to_csv_4.py","55207B10D76A8F498D2BFAC80A378309C4081F1EB0D20031D0AE7E1946318D7E","C:\SNS_24AutoProject_250723\scripts\export_logtrace_to_csv_4.py","C:\SNS_24AutoProject_250723\scripts\export_logtrace_to_csv_4.py"
"export_logtrace_to_csv_4.py","55207B10D76A8F498D2BFAC80A378309C4081F1EB0D20031D0AE7E1946318D7E","C:\SNS_24AutoProject_250723\scripts\export_logtrace_to_csv_4.py","C:\SNS_24AutoProject_250723\scripts\export_logtrace_to_csv_4.py"
"export_logtrace_to_csv_4.py","55207B10D76A8F498D2BFAC80A378309C4081F1EB0D20031D0AE7E1946318D7E","C:\SNS_24AutoProject_250723\scripts\export_logtrace_to_csv_4.py","C:\SNS_24AutoProject_250723\scripts\export_logtrace_to_csv_4.py"
"export_logtrace_to_csv_4.py","55207B10D76A8F498D2BFAC80A378309C4081F1EB0D20031D0AE7E1946318D7E","C:\SNS_24AutoProject_250723\scripts\export_logtrace_to_csv_4.py","C:\SNS_24AutoProject_250723\scripts\export_logtrace_to_csv_4.py"
"export_logtrace_to_csv_4.py","55207B10D76A8F498D2BFAC80A378309C4081F1EB0D20031D0AE7E1946318D7E","C:\SNS_24AutoProject_250723\scripts\export_logtrace_to_csv_4.py","C:\SNS_24AutoProject_250723\scripts\export_logtrace_to_csv_4.py"
"export_logtrace_to_csv_5.py","55207B10D76A8F498D2BFAC80A378309C4081F1EB0D20031D0AE7E1946318D7E","C:\SNS_24AutoProject_250723\scripts\export_logtrace_to_csv_5.py","C:\SNS_24AutoProject_250723\scripts\export_logtrace_to_csv_5.py"
"export_logtrace_to_csv_5.py","55207B10D76A8F498D2BFAC80A378309C4081F1EB0D20031D0AE7E1946318D7E","C:\SNS_24AutoProject_250723\scripts\export_logtrace_to_csv_5.py","C:\SNS_24AutoProject_250723\scripts\export_logtrace_to_csv_5.py"
"export_logtrace_to_csv_5.py","55207B10D76A8F498D2BFAC80A378309C4081F1EB0D20031D0AE7E1946318D7E","C:\SNS_24AutoProject_250723\scripts\export_logtrace_to_csv_5.py","C:\SNS_24AutoProject_250723\scripts\export_logtrace_to_csv_5.py"
"export_logtrace_to_csv_5.py","55207B10D76A8F498D2BFAC80A378309C4081F1EB0D20031D0AE7E1946318D7E","C:\SNS_24AutoProject_250723\scripts\export_logtrace_to_csv_5.py","C:\SNS_24AutoProject_250723\scripts\export_logtrace_to_csv_5.py"
"export_logtrace_to_csv_5.py","55207B10D76A8F498D2BFAC80A378309C4081F1EB0D20031D0AE7E1946318D7E","C:\SNS_24AutoProject_250723\scripts\export_logtrace_to_csv_5.py","C:\SNS_24AutoProject_250723\scripts\export_logtrace_to_csv_5.py"
"export_logtrace_to_csv_5.py","55207B10D76A8F498D2BFAC80A378309C4081F1EB0D20031D0AE7E1946318D7E","C:\SNS_24AutoProject_250723\scripts\export_logtrace_to_csv_5.py","C:\SNS_24AutoProject_250723\scripts\export_logtrace_to_csv_5.py"
"export_logtrace_to_csv_6.py","55207B10D76A8F498D2BFAC80A378309C4081F1EB0D20031D0AE7E1946318D7E","C:\SNS_24AutoProject_250723\scripts\export_logtrace_to_csv_6.py","C:\SNS_24AutoProject_250723\scripts\export_logtrace_to_csv_6.py"
"export_logtrace_to_csv_6.py","55207B10D76A8F498D2BFAC80A378309C4081F1EB0D20031D0AE7E1946318D7E","C:\SNS_24AutoProject_250723\scripts\export_logtrace_to_csv_6.py","C:\SNS_24AutoProject_250723\scripts\export_logtrace_to_csv_6.py"
"export_logtrace_to_csv_6.py","55207B10D76A8F498D2BFAC80A378309C4081F1EB0D20031D0AE7E1946318D7E","C:\SNS_24AutoProject_250723\scripts\export_logtrace_to_csv_6.py","C:\SNS_24AutoProject_250723\scripts\export_logtrace_to_csv_6.py"
"export_logtrace_to_csv_6.py","55207B10D76A8F498D2BFAC80A378309C4081F1EB0D20031D0AE7E1946318D7E","C:\SNS_24AutoProject_250723\scripts\export_logtrace_to_csv_6.py","C:\SNS_24AutoProject_250723\scripts\export_logtrace_to_csv_6.py"
"export_logtrace_to_csv_6.py","55207B10D76A8F498D2BFAC80A378309C4081F1EB0D20031D0AE7E1946318D7E","C:\SNS_24AutoProject_250723\scripts\export_logtrace_to_csv_6.py","C:\SNS_24AutoProject_250723\scripts\export_logtrace_to_csv_6.py"
"export_logtrace_to_csv_6.py","55207B10D76A8F498D2BFAC80A378309C4081F1EB0D20031D0AE7E1946318D7E","C:\SNS_24AutoProject_250723\scripts\export_logtrace_to_csv_6.py","C:\SNS_24AutoProject_250723\scripts\export_logtrace_to_csv_6.py"
"export_logtrace_to_csv_with_datetime.py","2B3B00742E3DDDBEF24E3015B17E1FDD7917DB5FE131509477549A07282CA4BF","C:\SNS_24AutoProject_250723\scripts\export_logtrace_to_csv_with_datetime.py","C:\SNS_24AutoProject_250723\scripts\export_logtrace_to_csv_with_datetime.py"
"export_logtrace_to_csv_with_datetime.py","2B3B00742E3DDDBEF24E3015B17E1FDD7917DB5FE131509477549A07282CA4BF","C:\SNS_24AutoProject_250723\scripts\export_logtrace_to_csv_with_datetime.py","C:\SNS_24AutoProject_250723\scripts\export_logtrace_to_csv_with_datetime.py"
"export_logtrace_to_csv_with_datetime_1.py","9E5ED0AF5D0B12C19AE12CF2EB3EA18AEF4155C5FDF23A7374CA5CDC7206DDCB","C:\SNS_24AutoProject_250723\scripts\export_logtrace_to_csv_with_datetime_1.py","C:\SNS_24AutoProject_250723\scripts\export_logtrace_to_csv_with_datetime_1.py"
"export_logtrace_to_csv_with_datetime_1.py","9E5ED0AF5D0B12C19AE12CF2EB3EA18AEF4155C5FDF23A7374CA5CDC7206DDCB","C:\SNS_24AutoProject_250723\scripts\export_logtrace_to_csv_with_datetime_1.py","C:\SNS_24AutoProject_250723\scripts\export_logtrace_to_csv_with_datetime_1.py"
"export_logtrace_to_csv_with_datetime_1.py","9E5ED0AF5D0B12C19AE12CF2EB3EA18AEF4155C5FDF23A7374CA5CDC7206DDCB","C:\SNS_24AutoProject_250723\scripts\export_logtrace_to_csv_with_datetime_1.py","C:\SNS_24AutoProject_250723\scripts\export_logtrace_to_csv_with_datetime_1.py"
"export_logtrace_to_csv_with_datetime_1.py","9E5ED0AF5D0B12C19AE12CF2EB3EA18AEF4155C5FDF23A7374CA5CDC7206DDCB","C:\SNS_24AutoProject_250723\scripts\export_logtrace_to_csv_with_datetime_1.py","C:\SNS_24AutoProject_250723\scripts\export_logtrace_to_csv_with_datetime_1.py"
"export_logtrace_to_csv_with_datetime_1.py","9E5ED0AF5D0B12C19AE12CF2EB3EA18AEF4155C5FDF23A7374CA5CDC7206DDCB","C:\SNS_24AutoProject_250723\scripts\export_logtrace_to_csv_with_datetime_1.py","C:\SNS_24AutoProject_250723\scripts\export_logtrace_to_csv_with_datetime_1.py"
"export_logtrace_to_csv_with_datetime_1.py","9E5ED0AF5D0B12C19AE12CF2EB3EA18AEF4155C5FDF23A7374CA5CDC7206DDCB","C:\SNS_24AutoProject_250723\scripts\export_logtrace_to_csv_with_datetime_1.py","C:\SNS_24AutoProject_250723\scripts\export_logtrace_to_csv_with_datetime_1.py"
"export_logtrace_to_csv_with_datetime_1.py","9E5ED0AF5D0B12C19AE12CF2EB3EA18AEF4155C5FDF23A7374CA5CDC7206DDCB","C:\SNS_24AutoProject_250723\scripts\export_logtrace_to_csv_with_datetime_1.py","C:\SNS_24AutoProject_250723\scripts\export_logtrace_to_csv_with_datetime_1.py"
"export_logtrace_to_csv_with_datetime_1.py","9E5ED0AF5D0B12C19AE12CF2EB3EA18AEF4155C5FDF23A7374CA5CDC7206DDCB","C:\SNS_24AutoProject_250723\scripts\export_logtrace_to_csv_with_datetime_1.py","C:\SNS_24AutoProject_250723\scripts\export_logtrace_to_csv_with_datetime_1.py"
"export_logtrace_to_csv_with_datetime_1.py","9E5ED0AF5D0B12C19AE12CF2EB3EA18AEF4155C5FDF23A7374CA5CDC7206DDCB","C:\SNS_24AutoProject_250723\scripts\export_logtrace_to_csv_with_datetime_1.py","C:\SNS_24AutoProject_250723\scripts\export_logtrace_to_csv_with_datetime_1.py"
"export_logtrace_to_csv_with_datetime_1.py","9E5ED0AF5D0B12C19AE12CF2EB3EA18AEF4155C5FDF23A7374CA5CDC7206DDCB","C:\SNS_24AutoProject_250723\scripts\export_logtrace_to_csv_with_datetime_1.py","C:\SNS_24AutoProject_250723\scripts\export_logtrace_to_csv_with_datetime_1.py"
"export_logtrace_to_csv_with_datetime_1.py","9E5ED0AF5D0B12C19AE12CF2EB3EA18AEF4155C5FDF23A7374CA5CDC7206DDCB","C:\SNS_24AutoProject_250723\scripts\export_logtrace_to_csv_with_datetime_1.py","C:\SNS_24AutoProject_250723\scripts\export_logtrace_to_csv_with_datetime_1.py"
"export_logtrace_to_csv_with_datetime_1.py","9E5ED0AF5D0B12C19AE12CF2EB3EA18AEF4155C5FDF23A7374CA5CDC7206DDCB","C:\SNS_24AutoProject_250723\scripts\export_logtrace_to_csv_with_datetime_1.py","C:\SNS_24AutoProject_250723\scripts\export_logtrace_to_csv_with_datetime_1.py"
"export_logtrace_to_csv_with_datetime_2.py","9E5ED0AF5D0B12C19AE12CF2EB3EA18AEF4155C5FDF23A7374CA5CDC7206DDCB","C:\SNS_24AutoProject_250723\scripts\export_logtrace_to_csv_with_datetime_2.py","C:\SNS_24AutoProject_250723\scripts\export_logtrace_to_csv_with_datetime_2.py"
"export_logtrace_to_csv_with_datetime_2.py","9E5ED0AF5D0B12C19AE12CF2EB3EA18AEF4155C5FDF23A7374CA5CDC7206DDCB","C:\SNS_24AutoProject_250723\scripts\export_logtrace_to_csv_with_datetime_2.py","C:\SNS_24AutoProject_250723\scripts\export_logtrace_to_csv_with_datetime_2.py"
"export_logtrace_to_csv_with_datetime_2.py","9E5ED0AF5D0B12C19AE12CF2EB3EA18AEF4155C5FDF23A7374CA5CDC7206DDCB","C:\SNS_24AutoProject_250723\scripts\export_logtrace_to_csv_with_datetime_2.py","C:\SNS_24AutoProject_250723\scripts\export_logtrace_to_csv_with_datetime_2.py"
"export_logtrace_to_csv_with_datetime_2.py","9E5ED0AF5D0B12C19AE12CF2EB3EA18AEF4155C5FDF23A7374CA5CDC7206DDCB","C:\SNS_24AutoProject_250723\scripts\export_logtrace_to_csv_with_datetime_2.py","C:\SNS_24AutoProject_250723\scripts\export_logtrace_to_csv_with_datetime_2.py"
"export_logtrace_to_csv_with_datetime_2.py","9E5ED0AF5D0B12C19AE12CF2EB3EA18AEF4155C5FDF23A7374CA5CDC7206DDCB","C:\SNS_24AutoProject_250723\scripts\export_logtrace_to_csv_with_datetime_2.py","C:\SNS_24AutoProject_250723\scripts\export_logtrace_to_csv_with_datetime_2.py"
"export_logtrace_to_csv_with_datetime_2.py","9E5ED0AF5D0B12C19AE12CF2EB3EA18AEF4155C5FDF23A7374CA5CDC7206DDCB","C:\SNS_24AutoProject_250723\scripts\export_logtrace_to_csv_with_datetime_2.py","C:\SNS_24AutoProject_250723\scripts\export_logtrace_to_csv_with_datetime_2.py"
"export_logtrace_to_csv_with_datetime_2.py","9E5ED0AF5D0B12C19AE12CF2EB3EA18AEF4155C5FDF23A7374CA5CDC7206DDCB","C:\SNS_24AutoProject_250723\scripts\export_logtrace_to_csv_with_datetime_2.py","C:\SNS_24AutoProject_250723\scripts\export_logtrace_to_csv_with_datetime_2.py"
"export_logtrace_to_csv_with_datetime_2.py","9E5ED0AF5D0B12C19AE12CF2EB3EA18AEF4155C5FDF23A7374CA5CDC7206DDCB","C:\SNS_24AutoProject_250723\scripts\export_logtrace_to_csv_with_datetime_2.py","C:\SNS_24AutoProject_250723\scripts\export_logtrace_to_csv_with_datetime_2.py"
"export_logtrace_to_csv_with_datetime_2.py","9E5ED0AF5D0B12C19AE12CF2EB3EA18AEF4155C5FDF23A7374CA5CDC7206DDCB","C:\SNS_24AutoProject_250723\scripts\export_logtrace_to_csv_with_datetime_2.py","C:\SNS_24AutoProject_250723\scripts\export_logtrace_to_csv_with_datetime_2.py"
"export_logtrace_to_csv_with_datetime_2.py","9E5ED0AF5D0B12C19AE12CF2EB3EA18AEF4155C5FDF23A7374CA5CDC7206DDCB","C:\SNS_24AutoProject_250723\scripts\export_logtrace_to_csv_with_datetime_2.py","C:\SNS_24AutoProject_250723\scripts\export_logtrace_to_csv_with_datetime_2.py"
"export_logtrace_to_csv_with_datetime_2.py","9E5ED0AF5D0B12C19AE12CF2EB3EA18AEF4155C5FDF23A7374CA5CDC7206DDCB","C:\SNS_24AutoProject_250723\scripts\export_logtrace_to_csv_with_datetime_2.py","C:\SNS_24AutoProject_250723\scripts\export_logtrace_to_csv_with_datetime_2.py"
"export_logtrace_to_csv_with_datetime_2.py","9E5ED0AF5D0B12C19AE12CF2EB3EA18AEF4155C5FDF23A7374CA5CDC7206DDCB","C:\SNS_24AutoProject_250723\scripts\export_logtrace_to_csv_with_datetime_2.py","C:\SNS_24AutoProject_250723\scripts\export_logtrace_to_csv_with_datetime_2.py"
"export_logtrace_to_csv_with_datetime_3.py","9E5ED0AF5D0B12C19AE12CF2EB3EA18AEF4155C5FDF23A7374CA5CDC7206DDCB","C:\SNS_24AutoProject_250723\scripts\export_logtrace_to_csv_with_datetime_3.py","C:\SNS_24AutoProject_250723\scripts\export_logtrace_to_csv_with_datetime_3.py"
"export_logtrace_to_csv_with_datetime_3.py","9E5ED0AF5D0B12C19AE12CF2EB3EA18AEF4155C5FDF23A7374CA5CDC7206DDCB","C:\SNS_24AutoProject_250723\scripts\export_logtrace_to_csv_with_datetime_3.py","C:\SNS_24AutoProject_250723\scripts\export_logtrace_to_csv_with_datetime_3.py"
"export_logtrace_to_csv_with_datetime_3.py","9E5ED0AF5D0B12C19AE12CF2EB3EA18AEF4155C5FDF23A7374CA5CDC7206DDCB","C:\SNS_24AutoProject_250723\scripts\export_logtrace_to_csv_with_datetime_3.py","C:\SNS_24AutoProject_250723\scripts\export_logtrace_to_csv_with_datetime_3.py"
"export_logtrace_to_csv_with_datetime_3.py","9E5ED0AF5D0B12C19AE12CF2EB3EA18AEF4155C5FDF23A7374CA5CDC7206DDCB","C:\SNS_24AutoProject_250723\scripts\export_logtrace_to_csv_with_datetime_3.py","C:\SNS_24AutoProject_250723\scripts\export_logtrace_to_csv_with_datetime_3.py"
"export_logtrace_to_csv_with_datetime_3.py","9E5ED0AF5D0B12C19AE12CF2EB3EA18AEF4155C5FDF23A7374CA5CDC7206DDCB","C:\SNS_24AutoProject_250723\scripts\export_logtrace_to_csv_with_datetime_3.py","C:\SNS_24AutoProject_250723\scripts\export_logtrace_to_csv_with_datetime_3.py"
"export_logtrace_to_csv_with_datetime_3.py","9E5ED0AF5D0B12C19AE12CF2EB3EA18AEF4155C5FDF23A7374CA5CDC7206DDCB","C:\SNS_24AutoProject_250723\scripts\export_logtrace_to_csv_with_datetime_3.py","C:\SNS_24AutoProject_250723\scripts\export_logtrace_to_csv_with_datetime_3.py"
"export_logtrace_to_csv_with_datetime_3.py","9E5ED0AF5D0B12C19AE12CF2EB3EA18AEF4155C5FDF23A7374CA5CDC7206DDCB","C:\SNS_24AutoProject_250723\scripts\export_logtrace_to_csv_with_datetime_3.py","C:\SNS_24AutoProject_250723\scripts\export_logtrace_to_csv_with_datetime_3.py"
"export_logtrace_to_csv_with_datetime_3.py","9E5ED0AF5D0B12C19AE12CF2EB3EA18AEF4155C5FDF23A7374CA5CDC7206DDCB","C:\SNS_24AutoProject_250723\scripts\export_logtrace_to_csv_with_datetime_3.py","C:\SNS_24AutoProject_250723\scripts\export_logtrace_to_csv_with_datetime_3.py"
"export_logtrace_to_csv_with_datetime_3.py","9E5ED0AF5D0B12C19AE12CF2EB3EA18AEF4155C5FDF23A7374CA5CDC7206DDCB","C:\SNS_24AutoProject_250723\scripts\export_logtrace_to_csv_with_datetime_3.py","C:\SNS_24AutoProject_250723\scripts\export_logtrace_to_csv_with_datetime_3.py"
"export_logtrace_to_csv_with_datetime_3.py","9E5ED0AF5D0B12C19AE12CF2EB3EA18AEF4155C5FDF23A7374CA5CDC7206DDCB","C:\SNS_24AutoProject_250723\scripts\export_logtrace_to_csv_with_datetime_3.py","C:\SNS_24AutoProject_250723\scripts\export_logtrace_to_csv_with_datetime_3.py"
"export_logtrace_to_csv_with_datetime_3.py","9E5ED0AF5D0B12C19AE12CF2EB3EA18AEF4155C5FDF23A7374CA5CDC7206DDCB","C:\SNS_24AutoProject_250723\scripts\export_logtrace_to_csv_with_datetime_3.py","C:\SNS_24AutoProject_250723\scripts\export_logtrace_to_csv_with_datetime_3.py"
"export_logtrace_to_csv_with_datetime_3.py","9E5ED0AF5D0B12C19AE12CF2EB3EA18AEF4155C5FDF23A7374CA5CDC7206DDCB","C:\SNS_24AutoProject_250723\scripts\export_logtrace_to_csv_with_datetime_3.py","C:\SNS_24AutoProject_250723\scripts\export_logtrace_to_csv_with_datetime_3.py"
"export_logtrace_to_csv_with_datetime_4.py","9E5ED0AF5D0B12C19AE12CF2EB3EA18AEF4155C5FDF23A7374CA5CDC7206DDCB","C:\SNS_24AutoProject_250723\scripts\export_logtrace_to_csv_with_datetime_4.py","C:\SNS_24AutoProject_250723\scripts\export_logtrace_to_csv_with_datetime_4.py"
"export_logtrace_to_csv_with_datetime_4.py","9E5ED0AF5D0B12C19AE12CF2EB3EA18AEF4155C5FDF23A7374CA5CDC7206DDCB","C:\SNS_24AutoProject_250723\scripts\export_logtrace_to_csv_with_datetime_4.py","C:\SNS_24AutoProject_250723\scripts\export_logtrace_to_csv_with_datetime_4.py"
"export_logtrace_to_csv_with_datetime_4.py","9E5ED0AF5D0B12C19AE12CF2EB3EA18AEF4155C5FDF23A7374CA5CDC7206DDCB","C:\SNS_24AutoProject_250723\scripts\export_logtrace_to_csv_with_datetime_4.py","C:\SNS_24AutoProject_250723\scripts\export_logtrace_to_csv_with_datetime_4.py"
"export_logtrace_to_csv_with_datetime_4.py","9E5ED0AF5D0B12C19AE12CF2EB3EA18AEF4155C5FDF23A7374CA5CDC7206DDCB","C:\SNS_24AutoProject_250723\scripts\export_logtrace_to_csv_with_datetime_4.py","C:\SNS_24AutoProject_250723\scripts\export_logtrace_to_csv_with_datetime_4.py"
"export_logtrace_to_csv_with_datetime_4.py","9E5ED0AF5D0B12C19AE12CF2EB3EA18AEF4155C5FDF23A7374CA5CDC7206DDCB","C:\SNS_24AutoProject_250723\scripts\export_logtrace_to_csv_with_datetime_4.py","C:\SNS_24AutoProject_250723\scripts\export_logtrace_to_csv_with_datetime_4.py"
"export_logtrace_to_csv_with_datetime_4.py","9E5ED0AF5D0B12C19AE12CF2EB3EA18AEF4155C5FDF23A7374CA5CDC7206DDCB","C:\SNS_24AutoProject_250723\scripts\export_logtrace_to_csv_with_datetime_4.py","C:\SNS_24AutoProject_250723\scripts\export_logtrace_to_csv_with_datetime_4.py"
"export_logtrace_to_csv_with_datetime_4.py","9E5ED0AF5D0B12C19AE12CF2EB3EA18AEF4155C5FDF23A7374CA5CDC7206DDCB","C:\SNS_24AutoProject_250723\scripts\export_logtrace_to_csv_with_datetime_4.py","C:\SNS_24AutoProject_250723\scripts\export_logtrace_to_csv_with_datetime_4.py"
"export_logtrace_to_csv_with_datetime_4.py","9E5ED0AF5D0B12C19AE12CF2EB3EA18AEF4155C5FDF23A7374CA5CDC7206DDCB","C:\SNS_24AutoProject_250723\scripts\export_logtrace_to_csv_with_datetime_4.py","C:\SNS_24AutoProject_250723\scripts\export_logtrace_to_csv_with_datetime_4.py"
"export_logtrace_to_csv_with_datetime_4.py","9E5ED0AF5D0B12C19AE12CF2EB3EA18AEF4155C5FDF23A7374CA5CDC7206DDCB","C:\SNS_24AutoProject_250723\scripts\export_logtrace_to_csv_with_datetime_4.py","C:\SNS_24AutoProject_250723\scripts\export_logtrace_to_csv_with_datetime_4.py"
"export_logtrace_to_csv_with_datetime_4.py","9E5ED0AF5D0B12C19AE12CF2EB3EA18AEF4155C5FDF23A7374CA5CDC7206DDCB","C:\SNS_24AutoProject_250723\scripts\export_logtrace_to_csv_with_datetime_4.py","C:\SNS_24AutoProject_250723\scripts\export_logtrace_to_csv_with_datetime_4.py"
"export_logtrace_to_csv_with_datetime_4.py","9E5ED0AF5D0B12C19AE12CF2EB3EA18AEF4155C5FDF23A7374CA5CDC7206DDCB","C:\SNS_24AutoProject_250723\scripts\export_logtrace_to_csv_with_datetime_4.py","C:\SNS_24AutoProject_250723\scripts\export_logtrace_to_csv_with_datetime_4.py"
"export_logtrace_to_csv_with_datetime_4.py","9E5ED0AF5D0B12C19AE12CF2EB3EA18AEF4155C5FDF23A7374CA5CDC7206DDCB","C:\SNS_24AutoProject_250723\scripts\export_logtrace_to_csv_with_datetime_4.py","C:\SNS_24AutoProject_250723\scripts\export_logtrace_to_csv_with_datetime_4.py"
"export_logtrace_to_csv_with_datetime_5.py","9E5ED0AF5D0B12C19AE12CF2EB3EA18AEF4155C5FDF23A7374CA5CDC7206DDCB","C:\SNS_24AutoProject_250723\scripts\export_logtrace_to_csv_with_datetime_5.py","C:\SNS_24AutoProject_250723\scripts\export_logtrace_to_csv_with_datetime_5.py"
"export_logtrace_to_csv_with_datetime_5.py","9E5ED0AF5D0B12C19AE12CF2EB3EA18AEF4155C5FDF23A7374CA5CDC7206DDCB","C:\SNS_24AutoProject_250723\scripts\export_logtrace_to_csv_with_datetime_5.py","C:\SNS_24AutoProject_250723\scripts\export_logtrace_to_csv_with_datetime_5.py"
"export_logtrace_to_csv_with_datetime_5.py","9E5ED0AF5D0B12C19AE12CF2EB3EA18AEF4155C5FDF23A7374CA5CDC7206DDCB","C:\SNS_24AutoProject_250723\scripts\export_logtrace_to_csv_with_datetime_5.py","C:\SNS_24AutoProject_250723\scripts\export_logtrace_to_csv_with_datetime_5.py"
"export_logtrace_to_csv_with_datetime_5.py","9E5ED0AF5D0B12C19AE12CF2EB3EA18AEF4155C5FDF23A7374CA5CDC7206DDCB","C:\SNS_24AutoProject_250723\scripts\export_logtrace_to_csv_with_datetime_5.py","C:\SNS_24AutoProject_250723\scripts\export_logtrace_to_csv_with_datetime_5.py"
"export_logtrace_to_csv_with_datetime_5.py","9E5ED0AF5D0B12C19AE12CF2EB3EA18AEF4155C5FDF23A7374CA5CDC7206DDCB","C:\SNS_24AutoProject_250723\scripts\export_logtrace_to_csv_with_datetime_5.py","C:\SNS_24AutoProject_250723\scripts\export_logtrace_to_csv_with_datetime_5.py"
"export_logtrace_to_csv_with_datetime_5.py","9E5ED0AF5D0B12C19AE12CF2EB3EA18AEF4155C5FDF23A7374CA5CDC7206DDCB","C:\SNS_24AutoProject_250723\scripts\export_logtrace_to_csv_with_datetime_5.py","C:\SNS_24AutoProject_250723\scripts\export_logtrace_to_csv_with_datetime_5.py"
"export_logtrace_to_csv_with_datetime_5.py","9E5ED0AF5D0B12C19AE12CF2EB3EA18AEF4155C5FDF23A7374CA5CDC7206DDCB","C:\SNS_24AutoProject_250723\scripts\export_logtrace_to_csv_with_datetime_5.py","C:\SNS_24AutoProject_250723\scripts\export_logtrace_to_csv_with_datetime_5.py"
"export_logtrace_to_csv_with_datetime_5.py","9E5ED0AF5D0B12C19AE12CF2EB3EA18AEF4155C5FDF23A7374CA5CDC7206DDCB","C:\SNS_24AutoProject_250723\scripts\export_logtrace_to_csv_with_datetime_5.py","C:\SNS_24AutoProject_250723\scripts\export_logtrace_to_csv_with_datetime_5.py"
"export_logtrace_to_csv_with_datetime_5.py","9E5ED0AF5D0B12C19AE12CF2EB3EA18AEF4155C5FDF23A7374CA5CDC7206DDCB","C:\SNS_24AutoProject_250723\scripts\export_logtrace_to_csv_with_datetime_5.py","C:\SNS_24AutoProject_250723\scripts\export_logtrace_to_csv_with_datetime_5.py"
"export_logtrace_to_csv_with_datetime_5.py","9E5ED0AF5D0B12C19AE12CF2EB3EA18AEF4155C5FDF23A7374CA5CDC7206DDCB","C:\SNS_24AutoProject_250723\scripts\export_logtrace_to_csv_with_datetime_5.py","C:\SNS_24AutoProject_250723\scripts\export_logtrace_to_csv_with_datetime_5.py"
"export_logtrace_to_csv_with_datetime_5.py","9E5ED0AF5D0B12C19AE12CF2EB3EA18AEF4155C5FDF23A7374CA5CDC7206DDCB","C:\SNS_24AutoProject_250723\scripts\export_logtrace_to_csv_with_datetime_5.py","C:\SNS_24AutoProject_250723\scripts\export_logtrace_to_csv_with_datetime_5.py"
"export_logtrace_to_csv_with_datetime_5.py","9E5ED0AF5D0B12C19AE12CF2EB3EA18AEF4155C5FDF23A7374CA5CDC7206DDCB","C:\SNS_24AutoProject_250723\scripts\export_logtrace_to_csv_with_datetime_5.py","C:\SNS_24AutoProject_250723\scripts\export_logtrace_to_csv_with_datetime_5.py"
"export_logtrace_to_csv_with_datetime_6.py","9E5ED0AF5D0B12C19AE12CF2EB3EA18AEF4155C5FDF23A7374CA5CDC7206DDCB","C:\SNS_24AutoProject_250723\scripts\export_logtrace_to_csv_with_datetime_6.py","C:\SNS_24AutoProject_250723\scripts\export_logtrace_to_csv_with_datetime_6.py"
"export_logtrace_to_csv_with_datetime_6.py","9E5ED0AF5D0B12C19AE12CF2EB3EA18AEF4155C5FDF23A7374CA5CDC7206DDCB","C:\SNS_24AutoProject_250723\scripts\export_logtrace_to_csv_with_datetime_6.py","C:\SNS_24AutoProject_250723\scripts\export_logtrace_to_csv_with_datetime_6.py"
"export_logtrace_to_csv_with_datetime_6.py","9E5ED0AF5D0B12C19AE12CF2EB3EA18AEF4155C5FDF23A7374CA5CDC7206DDCB","C:\SNS_24AutoProject_250723\scripts\export_logtrace_to_csv_with_datetime_6.py","C:\SNS_24AutoProject_250723\scripts\export_logtrace_to_csv_with_datetime_6.py"
"export_logtrace_to_csv_with_datetime_6.py","9E5ED0AF5D0B12C19AE12CF2EB3EA18AEF4155C5FDF23A7374CA5CDC7206DDCB","C:\SNS_24AutoProject_250723\scripts\export_logtrace_to_csv_with_datetime_6.py","C:\SNS_24AutoProject_250723\scripts\export_logtrace_to_csv_with_datetime_6.py"
"export_logtrace_to_csv_with_datetime_6.py","9E5ED0AF5D0B12C19AE12CF2EB3EA18AEF4155C5FDF23A7374CA5CDC7206DDCB","C:\SNS_24AutoProject_250723\scripts\export_logtrace_to_csv_with_datetime_6.py","C:\SNS_24AutoProject_250723\scripts\export_logtrace_to_csv_with_datetime_6.py"
"export_logtrace_to_csv_with_datetime_6.py","9E5ED0AF5D0B12C19AE12CF2EB3EA18AEF4155C5FDF23A7374CA5CDC7206DDCB","C:\SNS_24AutoProject_250723\scripts\export_logtrace_to_csv_with_datetime_6.py","C:\SNS_24AutoProject_250723\scripts\export_logtrace_to_csv_with_datetime_6.py"
"export_logtrace_to_csv_with_datetime_6.py","9E5ED0AF5D0B12C19AE12CF2EB3EA18AEF4155C5FDF23A7374CA5CDC7206DDCB","C:\SNS_24AutoProject_250723\scripts\export_logtrace_to_csv_with_datetime_6.py","C:\SNS_24AutoProject_250723\scripts\export_logtrace_to_csv_with_datetime_6.py"
"export_logtrace_to_csv_with_datetime_6.py","9E5ED0AF5D0B12C19AE12CF2EB3EA18AEF4155C5FDF23A7374CA5CDC7206DDCB","C:\SNS_24AutoProject_250723\scripts\export_logtrace_to_csv_with_datetime_6.py","C:\SNS_24AutoProject_250723\scripts\export_logtrace_to_csv_with_datetime_6.py"
"export_logtrace_to_csv_with_datetime_6.py","9E5ED0AF5D0B12C19AE12CF2EB3EA18AEF4155C5FDF23A7374CA5CDC7206DDCB","C:\SNS_24AutoProject_250723\scripts\export_logtrace_to_csv_with_datetime_6.py","C:\SNS_24AutoProject_250723\scripts\export_logtrace_to_csv_with_datetime_6.py"
"export_logtrace_to_csv_with_datetime_6.py","9E5ED0AF5D0B12C19AE12CF2EB3EA18AEF4155C5FDF23A7374CA5CDC7206DDCB","C:\SNS_24AutoProject_250723\scripts\export_logtrace_to_csv_with_datetime_6.py","C:\SNS_24AutoProject_250723\scripts\export_logtrace_to_csv_with_datetime_6.py"
"export_logtrace_to_csv_with_datetime_6.py","9E5ED0AF5D0B12C19AE12CF2EB3EA18AEF4155C5FDF23A7374CA5CDC7206DDCB","C:\SNS_24AutoProject_250723\scripts\export_logtrace_to_csv_with_datetime_6.py","C:\SNS_24AutoProject_250723\scripts\export_logtrace_to_csv_with_datetime_6.py"
"export_logtrace_to_csv_with_datetime_6.py","9E5ED0AF5D0B12C19AE12CF2EB3EA18AEF4155C5FDF23A7374CA5CDC7206DDCB","C:\SNS_24AutoProject_250723\scripts\export_logtrace_to_csv_with_datetime_6.py","C:\SNS_24AutoProject_250723\scripts\export_logtrace_to_csv_with_datetime_6.py"
"export_logtrace_to_excel_1.py","FC0941B2B2B72256E8137C7D18331F8546FE48529A0DDC3FC6ACAB9059A4FC94","C:\SNS_24AutoProject_250723\scripts\export_logtrace_to_excel_1.py","C:\SNS_24AutoProject_250723\scripts\export_logtrace_to_excel_1.py"
"export_logtrace_to_excel_1.py","FC0941B2B2B72256E8137C7D18331F8546FE48529A0DDC3FC6ACAB9059A4FC94","C:\SNS_24AutoProject_250723\scripts\export_logtrace_to_excel_1.py","C:\SNS_24AutoProject_250723\scripts\export_logtrace_to_excel_1.py"
"export_logtrace_to_excel_1.py","FC0941B2B2B72256E8137C7D18331F8546FE48529A0DDC3FC6ACAB9059A4FC94","C:\SNS_24AutoProject_250723\scripts\export_logtrace_to_excel_1.py","C:\SNS_24AutoProject_250723\scripts\export_logtrace_to_excel_1.py"
"export_logtrace_to_excel_1.py","FC0941B2B2B72256E8137C7D18331F8546FE48529A0DDC3FC6ACAB9059A4FC94","C:\SNS_24AutoProject_250723\scripts\export_logtrace_to_excel_1.py","C:\SNS_24AutoProject_250723\scripts\export_logtrace_to_excel_1.py"
"export_logtrace_to_excel_1.py","FC0941B2B2B72256E8137C7D18331F8546FE48529A0DDC3FC6ACAB9059A4FC94","C:\SNS_24AutoProject_250723\scripts\export_logtrace_to_excel_1.py","C:\SNS_24AutoProject_250723\scripts\export_logtrace_to_excel_1.py"
"export_logtrace_to_excel_1.py","FC0941B2B2B72256E8137C7D18331F8546FE48529A0DDC3FC6ACAB9059A4FC94","C:\SNS_24AutoProject_250723\scripts\export_logtrace_to_excel_1.py","C:\SNS_24AutoProject_250723\scripts\export_logtrace_to_excel_1.py"
"export_logtrace_to_excel_2.py","FC0941B2B2B72256E8137C7D18331F8546FE48529A0DDC3FC6ACAB9059A4FC94","C:\SNS_24AutoProject_250723\scripts\export_logtrace_to_excel_2.py","C:\SNS_24AutoProject_250723\scripts\export_logtrace_to_excel_2.py"
"export_logtrace_to_excel_2.py","FC0941B2B2B72256E8137C7D18331F8546FE48529A0DDC3FC6ACAB9059A4FC94","C:\SNS_24AutoProject_250723\scripts\export_logtrace_to_excel_2.py","C:\SNS_24AutoProject_250723\scripts\export_logtrace_to_excel_2.py"
"export_logtrace_to_excel_2.py","FC0941B2B2B72256E8137C7D18331F8546FE48529A0DDC3FC6ACAB9059A4FC94","C:\SNS_24AutoProject_250723\scripts\export_logtrace_to_excel_2.py","C:\SNS_24AutoProject_250723\scripts\export_logtrace_to_excel_2.py"
"export_logtrace_to_excel_2.py","FC0941B2B2B72256E8137C7D18331F8546FE48529A0DDC3FC6ACAB9059A4FC94","C:\SNS_24AutoProject_250723\scripts\export_logtrace_to_excel_2.py","C:\SNS_24AutoProject_250723\scripts\export_logtrace_to_excel_2.py"
"export_logtrace_to_excel_2.py","FC0941B2B2B72256E8137C7D18331F8546FE48529A0DDC3FC6ACAB9059A4FC94","C:\SNS_24AutoProject_250723\scripts\export_logtrace_to_excel_2.py","C:\SNS_24AutoProject_250723\scripts\export_logtrace_to_excel_2.py"
"export_logtrace_to_excel_2.py","FC0941B2B2B72256E8137C7D18331F8546FE48529A0DDC3FC6ACAB9059A4FC94","C:\SNS_24AutoProject_250723\scripts\export_logtrace_to_excel_2.py","C:\SNS_24AutoProject_250723\scripts\export_logtrace_to_excel_2.py"
"export_logtrace_to_excel_3.py","FC0941B2B2B72256E8137C7D18331F8546FE48529A0DDC3FC6ACAB9059A4FC94","C:\SNS_24AutoProject_250723\scripts\export_logtrace_to_excel_3.py","C:\SNS_24AutoProject_250723\scripts\export_logtrace_to_excel_3.py"
"export_logtrace_to_excel_3.py","FC0941B2B2B72256E8137C7D18331F8546FE48529A0DDC3FC6ACAB9059A4FC94","C:\SNS_24AutoProject_250723\scripts\export_logtrace_to_excel_3.py","C:\SNS_24AutoProject_250723\scripts\export_logtrace_to_excel_3.py"
"export_logtrace_to_excel_3.py","FC0941B2B2B72256E8137C7D18331F8546FE48529A0DDC3FC6ACAB9059A4FC94","C:\SNS_24AutoProject_250723\scripts\export_logtrace_to_excel_3.py","C:\SNS_24AutoProject_250723\scripts\export_logtrace_to_excel_3.py"
"export_logtrace_to_excel_3.py","FC0941B2B2B72256E8137C7D18331F8546FE48529A0DDC3FC6ACAB9059A4FC94","C:\SNS_24AutoProject_250723\scripts\export_logtrace_to_excel_3.py","C:\SNS_24AutoProject_250723\scripts\export_logtrace_to_excel_3.py"
"export_logtrace_to_excel_3.py","FC0941B2B2B72256E8137C7D18331F8546FE48529A0DDC3FC6ACAB9059A4FC94","C:\SNS_24AutoProject_250723\scripts\export_logtrace_to_excel_3.py","C:\SNS_24AutoProject_250723\scripts\export_logtrace_to_excel_3.py"
"export_logtrace_to_excel_3.py","FC0941B2B2B72256E8137C7D18331F8546FE48529A0DDC3FC6ACAB9059A4FC94","C:\SNS_24AutoProject_250723\scripts\export_logtrace_to_excel_3.py","C:\SNS_24AutoProject_250723\scripts\export_logtrace_to_excel_3.py"
"export_logtrace_to_excel_4.py","FC0941B2B2B72256E8137C7D18331F8546FE48529A0DDC3FC6ACAB9059A4FC94","C:\SNS_24AutoProject_250723\scripts\export_logtrace_to_excel_4.py","C:\SNS_24AutoProject_250723\scripts\export_logtrace_to_excel_4.py"
"export_logtrace_to_excel_4.py","FC0941B2B2B72256E8137C7D18331F8546FE48529A0DDC3FC6ACAB9059A4FC94","C:\SNS_24AutoProject_250723\scripts\export_logtrace_to_excel_4.py","C:\SNS_24AutoProject_250723\scripts\export_logtrace_to_excel_4.py"
"export_logtrace_to_excel_4.py","FC0941B2B2B72256E8137C7D18331F8546FE48529A0DDC3FC6ACAB9059A4FC94","C:\SNS_24AutoProject_250723\scripts\export_logtrace_to_excel_4.py","C:\SNS_24AutoProject_250723\scripts\export_logtrace_to_excel_4.py"
"export_logtrace_to_excel_4.py","FC0941B2B2B72256E8137C7D18331F8546FE48529A0DDC3FC6ACAB9059A4FC94","C:\SNS_24AutoProject_250723\scripts\export_logtrace_to_excel_4.py","C:\SNS_24AutoProject_250723\scripts\export_logtrace_to_excel_4.py"
"export_logtrace_to_excel_4.py","FC0941B2B2B72256E8137C7D18331F8546FE48529A0DDC3FC6ACAB9059A4FC94","C:\SNS_24AutoProject_250723\scripts\export_logtrace_to_excel_4.py","C:\SNS_24AutoProject_250723\scripts\export_logtrace_to_excel_4.py"
"export_logtrace_to_excel_4.py","FC0941B2B2B72256E8137C7D18331F8546FE48529A0DDC3FC6ACAB9059A4FC94","C:\SNS_24AutoProject_250723\scripts\export_logtrace_to_excel_4.py","C:\SNS_24AutoProject_250723\scripts\export_logtrace_to_excel_4.py"
"export_logtrace_to_excel_5.py","FC0941B2B2B72256E8137C7D18331F8546FE48529A0DDC3FC6ACAB9059A4FC94","C:\SNS_24AutoProject_250723\scripts\export_logtrace_to_excel_5.py","C:\SNS_24AutoProject_250723\scripts\export_logtrace_to_excel_5.py"
"export_logtrace_to_excel_5.py","FC0941B2B2B72256E8137C7D18331F8546FE48529A0DDC3FC6ACAB9059A4FC94","C:\SNS_24AutoProject_250723\scripts\export_logtrace_to_excel_5.py","C:\SNS_24AutoProject_250723\scripts\export_logtrace_to_excel_5.py"
"export_logtrace_to_excel_5.py","FC0941B2B2B72256E8137C7D18331F8546FE48529A0DDC3FC6ACAB9059A4FC94","C:\SNS_24AutoProject_250723\scripts\export_logtrace_to_excel_5.py","C:\SNS_24AutoProject_250723\scripts\export_logtrace_to_excel_5.py"
"export_logtrace_to_excel_5.py","FC0941B2B2B72256E8137C7D18331F8546FE48529A0DDC3FC6ACAB9059A4FC94","C:\SNS_24AutoProject_250723\scripts\export_logtrace_to_excel_5.py","C:\SNS_24AutoProject_250723\scripts\export_logtrace_to_excel_5.py"
"export_logtrace_to_excel_5.py","FC0941B2B2B72256E8137C7D18331F8546FE48529A0DDC3FC6ACAB9059A4FC94","C:\SNS_24AutoProject_250723\scripts\export_logtrace_to_excel_5.py","C:\SNS_24AutoProject_250723\scripts\export_logtrace_to_excel_5.py"
"export_logtrace_to_excel_5.py","FC0941B2B2B72256E8137C7D18331F8546FE48529A0DDC3FC6ACAB9059A4FC94","C:\SNS_24AutoProject_250723\scripts\export_logtrace_to_excel_5.py","C:\SNS_24AutoProject_250723\scripts\export_logtrace_to_excel_5.py"
"export_logtrace_to_excel_6.py","FC0941B2B2B72256E8137C7D18331F8546FE48529A0DDC3FC6ACAB9059A4FC94","C:\SNS_24AutoProject_250723\scripts\export_logtrace_to_excel_6.py","C:\SNS_24AutoProject_250723\scripts\export_logtrace_to_excel_6.py"
"export_logtrace_to_excel_6.py","FC0941B2B2B72256E8137C7D18331F8546FE48529A0DDC3FC6ACAB9059A4FC94","C:\SNS_24AutoProject_250723\scripts\export_logtrace_to_excel_6.py","C:\SNS_24AutoProject_250723\scripts\export_logtrace_to_excel_6.py"
"export_logtrace_to_excel_6.py","FC0941B2B2B72256E8137C7D18331F8546FE48529A0DDC3FC6ACAB9059A4FC94","C:\SNS_24AutoProject_250723\scripts\export_logtrace_to_excel_6.py","C:\SNS_24AutoProject_250723\scripts\export_logtrace_to_excel_6.py"
"export_logtrace_to_excel_6.py","FC0941B2B2B72256E8137C7D18331F8546FE48529A0DDC3FC6ACAB9059A4FC94","C:\SNS_24AutoProject_250723\scripts\export_logtrace_to_excel_6.py","C:\SNS_24AutoProject_250723\scripts\export_logtrace_to_excel_6.py"
"export_logtrace_to_excel_6.py","FC0941B2B2B72256E8137C7D18331F8546FE48529A0DDC3FC6ACAB9059A4FC94","C:\SNS_24AutoProject_250723\scripts\export_logtrace_to_excel_6.py","C:\SNS_24AutoProject_250723\scripts\export_logtrace_to_excel_6.py"
"export_logtrace_to_excel_6.py","FC0941B2B2B72256E8137C7D18331F8546FE48529A0DDC3FC6ACAB9059A4FC94","C:\SNS_24AutoProject_250723\scripts\export_logtrace_to_excel_6.py","C:\SNS_24AutoProject_250723\scripts\export_logtrace_to_excel_6.py"
"export_logtrace_to_excel_with_datetime_1.py","F9ED3E0D75825067E959E35FBAE15F7AEBDCD14FC0A721F7D2650219B4B3E725","C:\SNS_24AutoProject_250723\scripts\export_logtrace_to_excel_with_datetime_1.py","C:\SNS_24AutoProject_250723\scripts\export_logtrace_to_excel_with_datetime_1.py"
"export_logtrace_to_excel_with_datetime_1.py","F9ED3E0D75825067E959E35FBAE15F7AEBDCD14FC0A721F7D2650219B4B3E725","C:\SNS_24AutoProject_250723\scripts\export_logtrace_to_excel_with_datetime_1.py","C:\SNS_24AutoProject_250723\scripts\export_logtrace_to_excel_with_datetime_1.py"
"export_logtrace_to_excel_with_datetime_1.py","F9ED3E0D75825067E959E35FBAE15F7AEBDCD14FC0A721F7D2650219B4B3E725","C:\SNS_24AutoProject_250723\scripts\export_logtrace_to_excel_with_datetime_1.py","C:\SNS_24AutoProject_250723\scripts\export_logtrace_to_excel_with_datetime_1.py"
"export_logtrace_to_excel_with_datetime_1.py","F9ED3E0D75825067E959E35FBAE15F7AEBDCD14FC0A721F7D2650219B4B3E725","C:\SNS_24AutoProject_250723\scripts\export_logtrace_to_excel_with_datetime_1.py","C:\SNS_24AutoProject_250723\scripts\export_logtrace_to_excel_with_datetime_1.py"
"export_logtrace_to_excel_with_datetime_1.py","F9ED3E0D75825067E959E35FBAE15F7AEBDCD14FC0A721F7D2650219B4B3E725","C:\SNS_24AutoProject_250723\scripts\export_logtrace_to_excel_with_datetime_1.py","C:\SNS_24AutoProject_250723\scripts\export_logtrace_to_excel_with_datetime_1.py"
"export_logtrace_to_excel_with_datetime_1.py","F9ED3E0D75825067E959E35FBAE15F7AEBDCD14FC0A721F7D2650219B4B3E725","C:\SNS_24AutoProject_250723\scripts\export_logtrace_to_excel_with_datetime_1.py","C:\SNS_24AutoProject_250723\scripts\export_logtrace_to_excel_with_datetime_1.py"
"export_logtrace_to_excel_with_datetime_2.py","F9ED3E0D75825067E959E35FBAE15F7AEBDCD14FC0A721F7D2650219B4B3E725","C:\SNS_24AutoProject_250723\scripts\export_logtrace_to_excel_with_datetime_2.py","C:\SNS_24AutoProject_250723\scripts\export_logtrace_to_excel_with_datetime_2.py"
"export_logtrace_to_excel_with_datetime_2.py","F9ED3E0D75825067E959E35FBAE15F7AEBDCD14FC0A721F7D2650219B4B3E725","C:\SNS_24AutoProject_250723\scripts\export_logtrace_to_excel_with_datetime_2.py","C:\SNS_24AutoProject_250723\scripts\export_logtrace_to_excel_with_datetime_2.py"
"export_logtrace_to_excel_with_datetime_2.py","F9ED3E0D75825067E959E35FBAE15F7AEBDCD14FC0A721F7D2650219B4B3E725","C:\SNS_24AutoProject_250723\scripts\export_logtrace_to_excel_with_datetime_2.py","C:\SNS_24AutoProject_250723\scripts\export_logtrace_to_excel_with_datetime_2.py"
"export_logtrace_to_excel_with_datetime_2.py","F9ED3E0D75825067E959E35FBAE15F7AEBDCD14FC0A721F7D2650219B4B3E725","C:\SNS_24AutoProject_250723\scripts\export_logtrace_to_excel_with_datetime_2.py","C:\SNS_24AutoProject_250723\scripts\export_logtrace_to_excel_with_datetime_2.py"
"export_logtrace_to_excel_with_datetime_2.py","F9ED3E0D75825067E959E35FBAE15F7AEBDCD14FC0A721F7D2650219B4B3E725","C:\SNS_24AutoProject_250723\scripts\export_logtrace_to_excel_with_datetime_2.py","C:\SNS_24AutoProject_250723\scripts\export_logtrace_to_excel_with_datetime_2.py"
"export_logtrace_to_excel_with_datetime_2.py","F9ED3E0D75825067E959E35FBAE15F7AEBDCD14FC0A721F7D2650219B4B3E725","C:\SNS_24AutoProject_250723\scripts\export_logtrace_to_excel_with_datetime_2.py","C:\SNS_24AutoProject_250723\scripts\export_logtrace_to_excel_with_datetime_2.py"
"export_logtrace_to_excel_with_datetime_3.py","F9ED3E0D75825067E959E35FBAE15F7AEBDCD14FC0A721F7D2650219B4B3E725","C:\SNS_24AutoProject_250723\scripts\export_logtrace_to_excel_with_datetime_3.py","C:\SNS_24AutoProject_250723\scripts\export_logtrace_to_excel_with_datetime_3.py"
"export_logtrace_to_excel_with_datetime_3.py","F9ED3E0D75825067E959E35FBAE15F7AEBDCD14FC0A721F7D2650219B4B3E725","C:\SNS_24AutoProject_250723\scripts\export_logtrace_to_excel_with_datetime_3.py","C:\SNS_24AutoProject_250723\scripts\export_logtrace_to_excel_with_datetime_3.py"
"export_logtrace_to_excel_with_datetime_3.py","F9ED3E0D75825067E959E35FBAE15F7AEBDCD14FC0A721F7D2650219B4B3E725","C:\SNS_24AutoProject_250723\scripts\export_logtrace_to_excel_with_datetime_3.py","C:\SNS_24AutoProject_250723\scripts\export_logtrace_to_excel_with_datetime_3.py"
"export_logtrace_to_excel_with_datetime_3.py","F9ED3E0D75825067E959E35FBAE15F7AEBDCD14FC0A721F7D2650219B4B3E725","C:\SNS_24AutoProject_250723\scripts\export_logtrace_to_excel_with_datetime_3.py","C:\SNS_24AutoProject_250723\scripts\export_logtrace_to_excel_with_datetime_3.py"
"export_logtrace_to_excel_with_datetime_3.py","F9ED3E0D75825067E959E35FBAE15F7AEBDCD14FC0A721F7D2650219B4B3E725","C:\SNS_24AutoProject_250723\scripts\export_logtrace_to_excel_with_datetime_3.py","C:\SNS_24AutoProject_250723\scripts\export_logtrace_to_excel_with_datetime_3.py"
"export_logtrace_to_excel_with_datetime_3.py","F9ED3E0D75825067E959E35FBAE15F7AEBDCD14FC0A721F7D2650219B4B3E725","C:\SNS_24AutoProject_250723\scripts\export_logtrace_to_excel_with_datetime_3.py","C:\SNS_24AutoProject_250723\scripts\export_logtrace_to_excel_with_datetime_3.py"
"export_logtrace_to_excel_with_datetime_4.py","F9ED3E0D75825067E959E35FBAE15F7AEBDCD14FC0A721F7D2650219B4B3E725","C:\SNS_24AutoProject_250723\scripts\export_logtrace_to_excel_with_datetime_4.py","C:\SNS_24AutoProject_250723\scripts\export_logtrace_to_excel_with_datetime_4.py"
"export_logtrace_to_excel_with_datetime_4.py","F9ED3E0D75825067E959E35FBAE15F7AEBDCD14FC0A721F7D2650219B4B3E725","C:\SNS_24AutoProject_250723\scripts\export_logtrace_to_excel_with_datetime_4.py","C:\SNS_24AutoProject_250723\scripts\export_logtrace_to_excel_with_datetime_4.py"
"export_logtrace_to_excel_with_datetime_4.py","F9ED3E0D75825067E959E35FBAE15F7AEBDCD14FC0A721F7D2650219B4B3E725","C:\SNS_24AutoProject_250723\scripts\export_logtrace_to_excel_with_datetime_4.py","C:\SNS_24AutoProject_250723\scripts\export_logtrace_to_excel_with_datetime_4.py"
"export_logtrace_to_excel_with_datetime_4.py","F9ED3E0D75825067E959E35FBAE15F7AEBDCD14FC0A721F7D2650219B4B3E725","C:\SNS_24AutoProject_250723\scripts\export_logtrace_to_excel_with_datetime_4.py","C:\SNS_24AutoProject_250723\scripts\export_logtrace_to_excel_with_datetime_4.py"
"export_logtrace_to_excel_with_datetime_4.py","F9ED3E0D75825067E959E35FBAE15F7AEBDCD14FC0A721F7D2650219B4B3E725","C:\SNS_24AutoProject_250723\scripts\export_logtrace_to_excel_with_datetime_4.py","C:\SNS_24AutoProject_250723\scripts\export_logtrace_to_excel_with_datetime_4.py"
"export_logtrace_to_excel_with_datetime_4.py","F9ED3E0D75825067E959E35FBAE15F7AEBDCD14FC0A721F7D2650219B4B3E725","C:\SNS_24AutoProject_250723\scripts\export_logtrace_to_excel_with_datetime_4.py","C:\SNS_24AutoProject_250723\scripts\export_logtrace_to_excel_with_datetime_4.py"
"export_logtrace_to_excel_with_datetime_5.py","F9ED3E0D75825067E959E35FBAE15F7AEBDCD14FC0A721F7D2650219B4B3E725","C:\SNS_24AutoProject_250723\scripts\export_logtrace_to_excel_with_datetime_5.py","C:\SNS_24AutoProject_250723\scripts\export_logtrace_to_excel_with_datetime_5.py"
"export_logtrace_to_excel_with_datetime_5.py","F9ED3E0D75825067E959E35FBAE15F7AEBDCD14FC0A721F7D2650219B4B3E725","C:\SNS_24AutoProject_250723\scripts\export_logtrace_to_excel_with_datetime_5.py","C:\SNS_24AutoProject_250723\scripts\export_logtrace_to_excel_with_datetime_5.py"
"export_logtrace_to_excel_with_datetime_5.py","F9ED3E0D75825067E959E35FBAE15F7AEBDCD14FC0A721F7D2650219B4B3E725","C:\SNS_24AutoProject_250723\scripts\export_logtrace_to_excel_with_datetime_5.py","C:\SNS_24AutoProject_250723\scripts\export_logtrace_to_excel_with_datetime_5.py"
"export_logtrace_to_excel_with_datetime_5.py","F9ED3E0D75825067E959E35FBAE15F7AEBDCD14FC0A721F7D2650219B4B3E725","C:\SNS_24AutoProject_250723\scripts\export_logtrace_to_excel_with_datetime_5.py","C:\SNS_24AutoProject_250723\scripts\export_logtrace_to_excel_with_datetime_5.py"
"export_logtrace_to_excel_with_datetime_5.py","F9ED3E0D75825067E959E35FBAE15F7AEBDCD14FC0A721F7D2650219B4B3E725","C:\SNS_24AutoProject_250723\scripts\export_logtrace_to_excel_with_datetime_5.py","C:\SNS_24AutoProject_250723\scripts\export_logtrace_to_excel_with_datetime_5.py"
"export_logtrace_to_excel_with_datetime_5.py","F9ED3E0D75825067E959E35FBAE15F7AEBDCD14FC0A721F7D2650219B4B3E725","C:\SNS_24AutoProject_250723\scripts\export_logtrace_to_excel_with_datetime_5.py","C:\SNS_24AutoProject_250723\scripts\export_logtrace_to_excel_with_datetime_5.py"
"export_logtrace_to_excel_with_datetime_6.py","F9ED3E0D75825067E959E35FBAE15F7AEBDCD14FC0A721F7D2650219B4B3E725","C:\SNS_24AutoProject_250723\scripts\export_logtrace_to_excel_with_datetime_6.py","C:\SNS_24AutoProject_250723\scripts\export_logtrace_to_excel_with_datetime_6.py"
"export_logtrace_to_excel_with_datetime_6.py","F9ED3E0D75825067E959E35FBAE15F7AEBDCD14FC0A721F7D2650219B4B3E725","C:\SNS_24AutoProject_250723\scripts\export_logtrace_to_excel_with_datetime_6.py","C:\SNS_24AutoProject_250723\scripts\export_logtrace_to_excel_with_datetime_6.py"
"export_logtrace_to_excel_with_datetime_6.py","F9ED3E0D75825067E959E35FBAE15F7AEBDCD14FC0A721F7D2650219B4B3E725","C:\SNS_24AutoProject_250723\scripts\export_logtrace_to_excel_with_datetime_6.py","C:\SNS_24AutoProject_250723\scripts\export_logtrace_to_excel_with_datetime_6.py"
"export_logtrace_to_excel_with_datetime_6.py","F9ED3E0D75825067E959E35FBAE15F7AEBDCD14FC0A721F7D2650219B4B3E725","C:\SNS_24AutoProject_250723\scripts\export_logtrace_to_excel_with_datetime_6.py","C:\SNS_24AutoProject_250723\scripts\export_logtrace_to_excel_with_datetime_6.py"
"export_logtrace_to_excel_with_datetime_6.py","F9ED3E0D75825067E959E35FBAE15F7AEBDCD14FC0A721F7D2650219B4B3E725","C:\SNS_24AutoProject_250723\scripts\export_logtrace_to_excel_with_datetime_6.py","C:\SNS_24AutoProject_250723\scripts\export_logtrace_to_excel_with_datetime_6.py"
"export_logtrace_to_excel_with_datetime_6.py","F9ED3E0D75825067E959E35FBAE15F7AEBDCD14FC0A721F7D2650219B4B3E725","C:\SNS_24AutoProject_250723\scripts\export_logtrace_to_excel_with_datetime_6.py","C:\SNS_24AutoProject_250723\scripts\export_logtrace_to_excel_with_datetime_6.py"
"export_logtrace_with_datetime.py","2B3B00742E3DDDBEF24E3015B17E1FDD7917DB5FE131509477549A07282CA4BF","C:\SNS_24AutoProject_250723\scripts\export_logtrace_with_datetime.py","C:\SNS_24AutoProject_250723\scripts\export_logtrace_with_datetime.py"
"export_logtrace_with_datetime.py","2B3B00742E3DDDBEF24E3015B17E1FDD7917DB5FE131509477549A07282CA4BF","C:\SNS_24AutoProject_250723\scripts\export_logtrace_with_datetime.py","C:\SNS_24AutoProject_250723\scripts\export_logtrace_with_datetime.py"
"export_logtrace_with_datetime_1.py","9E5ED0AF5D0B12C19AE12CF2EB3EA18AEF4155C5FDF23A7374CA5CDC7206DDCB","C:\SNS_24AutoProject_250723\scripts\export_logtrace_with_datetime_1.py","C:\SNS_24AutoProject_250723\scripts\export_logtrace_with_datetime_1.py"
"export_logtrace_with_datetime_1.py","9E5ED0AF5D0B12C19AE12CF2EB3EA18AEF4155C5FDF23A7374CA5CDC7206DDCB","C:\SNS_24AutoProject_250723\scripts\export_logtrace_with_datetime_1.py","C:\SNS_24AutoProject_250723\scripts\export_logtrace_with_datetime_1.py"
"export_logtrace_with_datetime_1.py","9E5ED0AF5D0B12C19AE12CF2EB3EA18AEF4155C5FDF23A7374CA5CDC7206DDCB","C:\SNS_24AutoProject_250723\scripts\export_logtrace_with_datetime_1.py","C:\SNS_24AutoProject_250723\scripts\export_logtrace_with_datetime_1.py"
"export_logtrace_with_datetime_1.py","9E5ED0AF5D0B12C19AE12CF2EB3EA18AEF4155C5FDF23A7374CA5CDC7206DDCB","C:\SNS_24AutoProject_250723\scripts\export_logtrace_with_datetime_1.py","C:\SNS_24AutoProject_250723\scripts\export_logtrace_with_datetime_1.py"
"export_logtrace_with_datetime_1.py","9E5ED0AF5D0B12C19AE12CF2EB3EA18AEF4155C5FDF23A7374CA5CDC7206DDCB","C:\SNS_24AutoProject_250723\scripts\export_logtrace_with_datetime_1.py","C:\SNS_24AutoProject_250723\scripts\export_logtrace_with_datetime_1.py"
"export_logtrace_with_datetime_1.py","9E5ED0AF5D0B12C19AE12CF2EB3EA18AEF4155C5FDF23A7374CA5CDC7206DDCB","C:\SNS_24AutoProject_250723\scripts\export_logtrace_with_datetime_1.py","C:\SNS_24AutoProject_250723\scripts\export_logtrace_with_datetime_1.py"
"export_logtrace_with_datetime_1.py","9E5ED0AF5D0B12C19AE12CF2EB3EA18AEF4155C5FDF23A7374CA5CDC7206DDCB","C:\SNS_24AutoProject_250723\scripts\export_logtrace_with_datetime_1.py","C:\SNS_24AutoProject_250723\scripts\export_logtrace_with_datetime_1.py"
"export_logtrace_with_datetime_1.py","9E5ED0AF5D0B12C19AE12CF2EB3EA18AEF4155C5FDF23A7374CA5CDC7206DDCB","C:\SNS_24AutoProject_250723\scripts\export_logtrace_with_datetime_1.py","C:\SNS_24AutoProject_250723\scripts\export_logtrace_with_datetime_1.py"
"export_logtrace_with_datetime_1.py","9E5ED0AF5D0B12C19AE12CF2EB3EA18AEF4155C5FDF23A7374CA5CDC7206DDCB","C:\SNS_24AutoProject_250723\scripts\export_logtrace_with_datetime_1.py","C:\SNS_24AutoProject_250723\scripts\export_logtrace_with_datetime_1.py"
"export_logtrace_with_datetime_1.py","9E5ED0AF5D0B12C19AE12CF2EB3EA18AEF4155C5FDF23A7374CA5CDC7206DDCB","C:\SNS_24AutoProject_250723\scripts\export_logtrace_with_datetime_1.py","C:\SNS_24AutoProject_250723\scripts\export_logtrace_with_datetime_1.py"
"export_logtrace_with_datetime_1.py","9E5ED0AF5D0B12C19AE12CF2EB3EA18AEF4155C5FDF23A7374CA5CDC7206DDCB","C:\SNS_24AutoProject_250723\scripts\export_logtrace_with_datetime_1.py","C:\SNS_24AutoProject_250723\scripts\export_logtrace_with_datetime_1.py"
"export_logtrace_with_datetime_1.py","9E5ED0AF5D0B12C19AE12CF2EB3EA18AEF4155C5FDF23A7374CA5CDC7206DDCB","C:\SNS_24AutoProject_250723\scripts\export_logtrace_with_datetime_1.py","C:\SNS_24AutoProject_250723\scripts\export_logtrace_with_datetime_1.py"
"export_logtrace_with_datetime_2.py","9E5ED0AF5D0B12C19AE12CF2EB3EA18AEF4155C5FDF23A7374CA5CDC7206DDCB","C:\SNS_24AutoProject_250723\scripts\export_logtrace_with_datetime_2.py","C:\SNS_24AutoProject_250723\scripts\export_logtrace_with_datetime_2.py"
"export_logtrace_with_datetime_2.py","9E5ED0AF5D0B12C19AE12CF2EB3EA18AEF4155C5FDF23A7374CA5CDC7206DDCB","C:\SNS_24AutoProject_250723\scripts\export_logtrace_with_datetime_2.py","C:\SNS_24AutoProject_250723\scripts\export_logtrace_with_datetime_2.py"
"export_logtrace_with_datetime_2.py","9E5ED0AF5D0B12C19AE12CF2EB3EA18AEF4155C5FDF23A7374CA5CDC7206DDCB","C:\SNS_24AutoProject_250723\scripts\export_logtrace_with_datetime_2.py","C:\SNS_24AutoProject_250723\scripts\export_logtrace_with_datetime_2.py"
"export_logtrace_with_datetime_2.py","9E5ED0AF5D0B12C19AE12CF2EB3EA18AEF4155C5FDF23A7374CA5CDC7206DDCB","C:\SNS_24AutoProject_250723\scripts\export_logtrace_with_datetime_2.py","C:\SNS_24AutoProject_250723\scripts\export_logtrace_with_datetime_2.py"
"export_logtrace_with_datetime_2.py","9E5ED0AF5D0B12C19AE12CF2EB3EA18AEF4155C5FDF23A7374CA5CDC7206DDCB","C:\SNS_24AutoProject_250723\scripts\export_logtrace_with_datetime_2.py","C:\SNS_24AutoProject_250723\scripts\export_logtrace_with_datetime_2.py"
"export_logtrace_with_datetime_2.py","9E5ED0AF5D0B12C19AE12CF2EB3EA18AEF4155C5FDF23A7374CA5CDC7206DDCB","C:\SNS_24AutoProject_250723\scripts\export_logtrace_with_datetime_2.py","C:\SNS_24AutoProject_250723\scripts\export_logtrace_with_datetime_2.py"
"export_logtrace_with_datetime_2.py","9E5ED0AF5D0B12C19AE12CF2EB3EA18AEF4155C5FDF23A7374CA5CDC7206DDCB","C:\SNS_24AutoProject_250723\scripts\export_logtrace_with_datetime_2.py","C:\SNS_24AutoProject_250723\scripts\export_logtrace_with_datetime_2.py"
"export_logtrace_with_datetime_2.py","9E5ED0AF5D0B12C19AE12CF2EB3EA18AEF4155C5FDF23A7374CA5CDC7206DDCB","C:\SNS_24AutoProject_250723\scripts\export_logtrace_with_datetime_2.py","C:\SNS_24AutoProject_250723\scripts\export_logtrace_with_datetime_2.py"
"export_logtrace_with_datetime_2.py","9E5ED0AF5D0B12C19AE12CF2EB3EA18AEF4155C5FDF23A7374CA5CDC7206DDCB","C:\SNS_24AutoProject_250723\scripts\export_logtrace_with_datetime_2.py","C:\SNS_24AutoProject_250723\scripts\export_logtrace_with_datetime_2.py"
"export_logtrace_with_datetime_2.py","9E5ED0AF5D0B12C19AE12CF2EB3EA18AEF4155C5FDF23A7374CA5CDC7206DDCB","C:\SNS_24AutoProject_250723\scripts\export_logtrace_with_datetime_2.py","C:\SNS_24AutoProject_250723\scripts\export_logtrace_with_datetime_2.py"
"export_logtrace_with_datetime_2.py","9E5ED0AF5D0B12C19AE12CF2EB3EA18AEF4155C5FDF23A7374CA5CDC7206DDCB","C:\SNS_24AutoProject_250723\scripts\export_logtrace_with_datetime_2.py","C:\SNS_24AutoProject_250723\scripts\export_logtrace_with_datetime_2.py"
"export_logtrace_with_datetime_2.py","9E5ED0AF5D0B12C19AE12CF2EB3EA18AEF4155C5FDF23A7374CA5CDC7206DDCB","C:\SNS_24AutoProject_250723\scripts\export_logtrace_with_datetime_2.py","C:\SNS_24AutoProject_250723\scripts\export_logtrace_with_datetime_2.py"
"export_logtrace_with_datetime_3.py","9E5ED0AF5D0B12C19AE12CF2EB3EA18AEF4155C5FDF23A7374CA5CDC7206DDCB","C:\SNS_24AutoProject_250723\scripts\export_logtrace_with_datetime_3.py","C:\SNS_24AutoProject_250723\scripts\export_logtrace_with_datetime_3.py"
"export_logtrace_with_datetime_3.py","9E5ED0AF5D0B12C19AE12CF2EB3EA18AEF4155C5FDF23A7374CA5CDC7206DDCB","C:\SNS_24AutoProject_250723\scripts\export_logtrace_with_datetime_3.py","C:\SNS_24AutoProject_250723\scripts\export_logtrace_with_datetime_3.py"
"export_logtrace_with_datetime_3.py","9E5ED0AF5D0B12C19AE12CF2EB3EA18AEF4155C5FDF23A7374CA5CDC7206DDCB","C:\SNS_24AutoProject_250723\scripts\export_logtrace_with_datetime_3.py","C:\SNS_24AutoProject_250723\scripts\export_logtrace_with_datetime_3.py"
"export_logtrace_with_datetime_3.py","9E5ED0AF5D0B12C19AE12CF2EB3EA18AEF4155C5FDF23A7374CA5CDC7206DDCB","C:\SNS_24AutoProject_250723\scripts\export_logtrace_with_datetime_3.py","C:\SNS_24AutoProject_250723\scripts\export_logtrace_with_datetime_3.py"
"export_logtrace_with_datetime_3.py","9E5ED0AF5D0B12C19AE12CF2EB3EA18AEF4155C5FDF23A7374CA5CDC7206DDCB","C:\SNS_24AutoProject_250723\scripts\export_logtrace_with_datetime_3.py","C:\SNS_24AutoProject_250723\scripts\export_logtrace_with_datetime_3.py"
"export_logtrace_with_datetime_3.py","9E5ED0AF5D0B12C19AE12CF2EB3EA18AEF4155C5FDF23A7374CA5CDC7206DDCB","C:\SNS_24AutoProject_250723\scripts\export_logtrace_with_datetime_3.py","C:\SNS_24AutoProject_250723\scripts\export_logtrace_with_datetime_3.py"
"export_logtrace_with_datetime_3.py","9E5ED0AF5D0B12C19AE12CF2EB3EA18AEF4155C5FDF23A7374CA5CDC7206DDCB","C:\SNS_24AutoProject_250723\scripts\export_logtrace_with_datetime_3.py","C:\SNS_24AutoProject_250723\scripts\export_logtrace_with_datetime_3.py"
"export_logtrace_with_datetime_3.py","9E5ED0AF5D0B12C19AE12CF2EB3EA18AEF4155C5FDF23A7374CA5CDC7206DDCB","C:\SNS_24AutoProject_250723\scripts\export_logtrace_with_datetime_3.py","C:\SNS_24AutoProject_250723\scripts\export_logtrace_with_datetime_3.py"
"export_logtrace_with_datetime_3.py","9E5ED0AF5D0B12C19AE12CF2EB3EA18AEF4155C5FDF23A7374CA5CDC7206DDCB","C:\SNS_24AutoProject_250723\scripts\export_logtrace_with_datetime_3.py","C:\SNS_24AutoProject_250723\scripts\export_logtrace_with_datetime_3.py"
"export_logtrace_with_datetime_3.py","9E5ED0AF5D0B12C19AE12CF2EB3EA18AEF4155C5FDF23A7374CA5CDC7206DDCB","C:\SNS_24AutoProject_250723\scripts\export_logtrace_with_datetime_3.py","C:\SNS_24AutoProject_250723\scripts\export_logtrace_with_datetime_3.py"
"export_logtrace_with_datetime_3.py","9E5ED0AF5D0B12C19AE12CF2EB3EA18AEF4155C5FDF23A7374CA5CDC7206DDCB","C:\SNS_24AutoProject_250723\scripts\export_logtrace_with_datetime_3.py","C:\SNS_24AutoProject_250723\scripts\export_logtrace_with_datetime_3.py"
"export_logtrace_with_datetime_3.py","9E5ED0AF5D0B12C19AE12CF2EB3EA18AEF4155C5FDF23A7374CA5CDC7206DDCB","C:\SNS_24AutoProject_250723\scripts\export_logtrace_with_datetime_3.py","C:\SNS_24AutoProject_250723\scripts\export_logtrace_with_datetime_3.py"
"export_logtrace_with_datetime_4.py","9E5ED0AF5D0B12C19AE12CF2EB3EA18AEF4155C5FDF23A7374CA5CDC7206DDCB","C:\SNS_24AutoProject_250723\scripts\export_logtrace_with_datetime_4.py","C:\SNS_24AutoProject_250723\scripts\export_logtrace_with_datetime_4.py"
"export_logtrace_with_datetime_4.py","9E5ED0AF5D0B12C19AE12CF2EB3EA18AEF4155C5FDF23A7374CA5CDC7206DDCB","C:\SNS_24AutoProject_250723\scripts\export_logtrace_with_datetime_4.py","C:\SNS_24AutoProject_250723\scripts\export_logtrace_with_datetime_4.py"
"export_logtrace_with_datetime_4.py","9E5ED0AF5D0B12C19AE12CF2EB3EA18AEF4155C5FDF23A7374CA5CDC7206DDCB","C:\SNS_24AutoProject_250723\scripts\export_logtrace_with_datetime_4.py","C:\SNS_24AutoProject_250723\scripts\export_logtrace_with_datetime_4.py"
"export_logtrace_with_datetime_4.py","9E5ED0AF5D0B12C19AE12CF2EB3EA18AEF4155C5FDF23A7374CA5CDC7206DDCB","C:\SNS_24AutoProject_250723\scripts\export_logtrace_with_datetime_4.py","C:\SNS_24AutoProject_250723\scripts\export_logtrace_with_datetime_4.py"
"export_logtrace_with_datetime_4.py","9E5ED0AF5D0B12C19AE12CF2EB3EA18AEF4155C5FDF23A7374CA5CDC7206DDCB","C:\SNS_24AutoProject_250723\scripts\export_logtrace_with_datetime_4.py","C:\SNS_24AutoProject_250723\scripts\export_logtrace_with_datetime_4.py"
"export_logtrace_with_datetime_4.py","9E5ED0AF5D0B12C19AE12CF2EB3EA18AEF4155C5FDF23A7374CA5CDC7206DDCB","C:\SNS_24AutoProject_250723\scripts\export_logtrace_with_datetime_4.py","C:\SNS_24AutoProject_250723\scripts\export_logtrace_with_datetime_4.py"
"export_logtrace_with_datetime_4.py","9E5ED0AF5D0B12C19AE12CF2EB3EA18AEF4155C5FDF23A7374CA5CDC7206DDCB","C:\SNS_24AutoProject_250723\scripts\export_logtrace_with_datetime_4.py","C:\SNS_24AutoProject_250723\scripts\export_logtrace_with_datetime_4.py"
"export_logtrace_with_datetime_4.py","9E5ED0AF5D0B12C19AE12CF2EB3EA18AEF4155C5FDF23A7374CA5CDC7206DDCB","C:\SNS_24AutoProject_250723\scripts\export_logtrace_with_datetime_4.py","C:\SNS_24AutoProject_250723\scripts\export_logtrace_with_datetime_4.py"
"export_logtrace_with_datetime_4.py","9E5ED0AF5D0B12C19AE12CF2EB3EA18AEF4155C5FDF23A7374CA5CDC7206DDCB","C:\SNS_24AutoProject_250723\scripts\export_logtrace_with_datetime_4.py","C:\SNS_24AutoProject_250723\scripts\export_logtrace_with_datetime_4.py"
"export_logtrace_with_datetime_4.py","9E5ED0AF5D0B12C19AE12CF2EB3EA18AEF4155C5FDF23A7374CA5CDC7206DDCB","C:\SNS_24AutoProject_250723\scripts\export_logtrace_with_datetime_4.py","C:\SNS_24AutoProject_250723\scripts\export_logtrace_with_datetime_4.py"
"export_logtrace_with_datetime_4.py","9E5ED0AF5D0B12C19AE12CF2EB3EA18AEF4155C5FDF23A7374CA5CDC7206DDCB","C:\SNS_24AutoProject_250723\scripts\export_logtrace_with_datetime_4.py","C:\SNS_24AutoProject_250723\scripts\export_logtrace_with_datetime_4.py"
"export_logtrace_with_datetime_4.py","9E5ED0AF5D0B12C19AE12CF2EB3EA18AEF4155C5FDF23A7374CA5CDC7206DDCB","C:\SNS_24AutoProject_250723\scripts\export_logtrace_with_datetime_4.py","C:\SNS_24AutoProject_250723\scripts\export_logtrace_with_datetime_4.py"
"export_logtrace_with_datetime_5.py","9E5ED0AF5D0B12C19AE12CF2EB3EA18AEF4155C5FDF23A7374CA5CDC7206DDCB","C:\SNS_24AutoProject_250723\scripts\export_logtrace_with_datetime_5.py","C:\SNS_24AutoProject_250723\scripts\export_logtrace_with_datetime_5.py"
"export_logtrace_with_datetime_5.py","9E5ED0AF5D0B12C19AE12CF2EB3EA18AEF4155C5FDF23A7374CA5CDC7206DDCB","C:\SNS_24AutoProject_250723\scripts\export_logtrace_with_datetime_5.py","C:\SNS_24AutoProject_250723\scripts\export_logtrace_with_datetime_5.py"
"export_logtrace_with_datetime_5.py","9E5ED0AF5D0B12C19AE12CF2EB3EA18AEF4155C5FDF23A7374CA5CDC7206DDCB","C:\SNS_24AutoProject_250723\scripts\export_logtrace_with_datetime_5.py","C:\SNS_24AutoProject_250723\scripts\export_logtrace_with_datetime_5.py"
"export_logtrace_with_datetime_5.py","9E5ED0AF5D0B12C19AE12CF2EB3EA18AEF4155C5FDF23A7374CA5CDC7206DDCB","C:\SNS_24AutoProject_250723\scripts\export_logtrace_with_datetime_5.py","C:\SNS_24AutoProject_250723\scripts\export_logtrace_with_datetime_5.py"
"export_logtrace_with_datetime_5.py","9E5ED0AF5D0B12C19AE12CF2EB3EA18AEF4155C5FDF23A7374CA5CDC7206DDCB","C:\SNS_24AutoProject_250723\scripts\export_logtrace_with_datetime_5.py","C:\SNS_24AutoProject_250723\scripts\export_logtrace_with_datetime_5.py"
"export_logtrace_with_datetime_5.py","9E5ED0AF5D0B12C19AE12CF2EB3EA18AEF4155C5FDF23A7374CA5CDC7206DDCB","C:\SNS_24AutoProject_250723\scripts\export_logtrace_with_datetime_5.py","C:\SNS_24AutoProject_250723\scripts\export_logtrace_with_datetime_5.py"
"export_logtrace_with_datetime_5.py","9E5ED0AF5D0B12C19AE12CF2EB3EA18AEF4155C5FDF23A7374CA5CDC7206DDCB","C:\SNS_24AutoProject_250723\scripts\export_logtrace_with_datetime_5.py","C:\SNS_24AutoProject_250723\scripts\export_logtrace_with_datetime_5.py"
"export_logtrace_with_datetime_5.py","9E5ED0AF5D0B12C19AE12CF2EB3EA18AEF4155C5FDF23A7374CA5CDC7206DDCB","C:\SNS_24AutoProject_250723\scripts\export_logtrace_with_datetime_5.py","C:\SNS_24AutoProject_250723\scripts\export_logtrace_with_datetime_5.py"
"export_logtrace_with_datetime_5.py","9E5ED0AF5D0B12C19AE12CF2EB3EA18AEF4155C5FDF23A7374CA5CDC7206DDCB","C:\SNS_24AutoProject_250723\scripts\export_logtrace_with_datetime_5.py","C:\SNS_24AutoProject_250723\scripts\export_logtrace_with_datetime_5.py"
"export_logtrace_with_datetime_5.py","9E5ED0AF5D0B12C19AE12CF2EB3EA18AEF4155C5FDF23A7374CA5CDC7206DDCB","C:\SNS_24AutoProject_250723\scripts\export_logtrace_with_datetime_5.py","C:\SNS_24AutoProject_250723\scripts\export_logtrace_with_datetime_5.py"
"export_logtrace_with_datetime_5.py","9E5ED0AF5D0B12C19AE12CF2EB3EA18AEF4155C5FDF23A7374CA5CDC7206DDCB","C:\SNS_24AutoProject_250723\scripts\export_logtrace_with_datetime_5.py","C:\SNS_24AutoProject_250723\scripts\export_logtrace_with_datetime_5.py"
"export_logtrace_with_datetime_5.py","9E5ED0AF5D0B12C19AE12CF2EB3EA18AEF4155C5FDF23A7374CA5CDC7206DDCB","C:\SNS_24AutoProject_250723\scripts\export_logtrace_with_datetime_5.py","C:\SNS_24AutoProject_250723\scripts\export_logtrace_with_datetime_5.py"
"export_logtrace_with_datetime_6.py","9E5ED0AF5D0B12C19AE12CF2EB3EA18AEF4155C5FDF23A7374CA5CDC7206DDCB","C:\SNS_24AutoProject_250723\scripts\export_logtrace_with_datetime_6.py","C:\SNS_24AutoProject_250723\scripts\export_logtrace_with_datetime_6.py"
"export_logtrace_with_datetime_6.py","9E5ED0AF5D0B12C19AE12CF2EB3EA18AEF4155C5FDF23A7374CA5CDC7206DDCB","C:\SNS_24AutoProject_250723\scripts\export_logtrace_with_datetime_6.py","C:\SNS_24AutoProject_250723\scripts\export_logtrace_with_datetime_6.py"
"export_logtrace_with_datetime_6.py","9E5ED0AF5D0B12C19AE12CF2EB3EA18AEF4155C5FDF23A7374CA5CDC7206DDCB","C:\SNS_24AutoProject_250723\scripts\export_logtrace_with_datetime_6.py","C:\SNS_24AutoProject_250723\scripts\export_logtrace_with_datetime_6.py"
"export_logtrace_with_datetime_6.py","9E5ED0AF5D0B12C19AE12CF2EB3EA18AEF4155C5FDF23A7374CA5CDC7206DDCB","C:\SNS_24AutoProject_250723\scripts\export_logtrace_with_datetime_6.py","C:\SNS_24AutoProject_250723\scripts\export_logtrace_with_datetime_6.py"
"export_logtrace_with_datetime_6.py","9E5ED0AF5D0B12C19AE12CF2EB3EA18AEF4155C5FDF23A7374CA5CDC7206DDCB","C:\SNS_24AutoProject_250723\scripts\export_logtrace_with_datetime_6.py","C:\SNS_24AutoProject_250723\scripts\export_logtrace_with_datetime_6.py"
"export_logtrace_with_datetime_6.py","9E5ED0AF5D0B12C19AE12CF2EB3EA18AEF4155C5FDF23A7374CA5CDC7206DDCB","C:\SNS_24AutoProject_250723\scripts\export_logtrace_with_datetime_6.py","C:\SNS_24AutoProject_250723\scripts\export_logtrace_with_datetime_6.py"
"export_logtrace_with_datetime_6.py","9E5ED0AF5D0B12C19AE12CF2EB3EA18AEF4155C5FDF23A7374CA5CDC7206DDCB","C:\SNS_24AutoProject_250723\scripts\export_logtrace_with_datetime_6.py","C:\SNS_24AutoProject_250723\scripts\export_logtrace_with_datetime_6.py"
"export_logtrace_with_datetime_6.py","9E5ED0AF5D0B12C19AE12CF2EB3EA18AEF4155C5FDF23A7374CA5CDC7206DDCB","C:\SNS_24AutoProject_250723\scripts\export_logtrace_with_datetime_6.py","C:\SNS_24AutoProject_250723\scripts\export_logtrace_with_datetime_6.py"
"export_logtrace_with_datetime_6.py","9E5ED0AF5D0B12C19AE12CF2EB3EA18AEF4155C5FDF23A7374CA5CDC7206DDCB","C:\SNS_24AutoProject_250723\scripts\export_logtrace_with_datetime_6.py","C:\SNS_24AutoProject_250723\scripts\export_logtrace_with_datetime_6.py"
"export_logtrace_with_datetime_6.py","9E5ED0AF5D0B12C19AE12CF2EB3EA18AEF4155C5FDF23A7374CA5CDC7206DDCB","C:\SNS_24AutoProject_250723\scripts\export_logtrace_with_datetime_6.py","C:\SNS_24AutoProject_250723\scripts\export_logtrace_with_datetime_6.py"
"export_logtrace_with_datetime_6.py","9E5ED0AF5D0B12C19AE12CF2EB3EA18AEF4155C5FDF23A7374CA5CDC7206DDCB","C:\SNS_24AutoProject_250723\scripts\export_logtrace_with_datetime_6.py","C:\SNS_24AutoProject_250723\scripts\export_logtrace_with_datetime_6.py"
"export_logtrace_with_datetime_6.py","9E5ED0AF5D0B12C19AE12CF2EB3EA18AEF4155C5FDF23A7374CA5CDC7206DDCB","C:\SNS_24AutoProject_250723\scripts\export_logtrace_with_datetime_6.py","C:\SNS_24AutoProject_250723\scripts\export_logtrace_with_datetime_6.py"
"export_logtrace_with_datetime_csv.py","D6F47A06BB0EE836DDAAFDC94ED21B5CEC002C515A1FF85F6FEC612EE13DE530","C:\SNS_24AutoProject_250723\scripts\export_logtrace_with_datetime_csv.py","C:\SNS_24AutoProject_250723\scripts\export_logtrace_with_datetime_csv.py"
"export_logtrace_with_datetime_csv.py","D6F47A06BB0EE836DDAAFDC94ED21B5CEC002C515A1FF85F6FEC612EE13DE530","C:\SNS_24AutoProject_250723\scripts\export_logtrace_with_datetime_csv.py","C:\SNS_24AutoProject_250723\scripts\export_logtrace_with_datetime_csv.py"
"export_logtrace_with_datetime_csv_1.py","BF180E2DA45CB5A243EADC39742E5D6F65480A47EBA50493C5A26FE712681485","C:\SNS_24AutoProject_250723\scripts\export_logtrace_with_datetime_csv_1.py","C:\SNS_24AutoProject_250723\scripts\export_logtrace_with_datetime_csv_1.py"
"export_logtrace_with_datetime_csv_1.py","BF180E2DA45CB5A243EADC39742E5D6F65480A47EBA50493C5A26FE712681485","C:\SNS_24AutoProject_250723\scripts\export_logtrace_with_datetime_csv_1.py","C:\SNS_24AutoProject_250723\scripts\export_logtrace_with_datetime_csv_1.py"
"export_logtrace_with_datetime_csv_1.py","BF180E2DA45CB5A243EADC39742E5D6F65480A47EBA50493C5A26FE712681485","C:\SNS_24AutoProject_250723\scripts\export_logtrace_with_datetime_csv_1.py","C:\SNS_24AutoProject_250723\scripts\export_logtrace_with_datetime_csv_1.py"
"export_logtrace_with_datetime_csv_1.py","BF180E2DA45CB5A243EADC39742E5D6F65480A47EBA50493C5A26FE712681485","C:\SNS_24AutoProject_250723\scripts\export_logtrace_with_datetime_csv_1.py","C:\SNS_24AutoProject_250723\scripts\export_logtrace_with_datetime_csv_1.py"
"export_logtrace_with_datetime_csv_1.py","BF180E2DA45CB5A243EADC39742E5D6F65480A47EBA50493C5A26FE712681485","C:\SNS_24AutoProject_250723\scripts\export_logtrace_with_datetime_csv_1.py","C:\SNS_24AutoProject_250723\scripts\export_logtrace_with_datetime_csv_1.py"
"export_logtrace_with_datetime_csv_1.py","BF180E2DA45CB5A243EADC39742E5D6F65480A47EBA50493C5A26FE712681485","C:\SNS_24AutoProject_250723\scripts\export_logtrace_with_datetime_csv_1.py","C:\SNS_24AutoProject_250723\scripts\export_logtrace_with_datetime_csv_1.py"
"export_logtrace_with_datetime_csv_1.py","BF180E2DA45CB5A243EADC39742E5D6F65480A47EBA50493C5A26FE712681485","C:\SNS_24AutoProject_250723\scripts\export_logtrace_with_datetime_csv_1.py","C:\SNS_24AutoProject_250723\scripts\export_logtrace_with_datetime_csv_1.py"
"export_logtrace_with_datetime_csv_1.py","BF180E2DA45CB5A243EADC39742E5D6F65480A47EBA50493C5A26FE712681485","C:\SNS_24AutoProject_250723\scripts\export_logtrace_with_datetime_csv_1.py","C:\SNS_24AutoProject_250723\scripts\export_logtrace_with_datetime_csv_1.py"
"export_logtrace_with_datetime_csv_1.py","BF180E2DA45CB5A243EADC39742E5D6F65480A47EBA50493C5A26FE712681485","C:\SNS_24AutoProject_250723\scripts\export_logtrace_with_datetime_csv_1.py","C:\SNS_24AutoProject_250723\scripts\export_logtrace_with_datetime_csv_1.py"
"export_logtrace_with_datetime_csv_1.py","BF180E2DA45CB5A243EADC39742E5D6F65480A47EBA50493C5A26FE712681485","C:\SNS_24AutoProject_250723\scripts\export_logtrace_with_datetime_csv_1.py","C:\SNS_24AutoProject_250723\scripts\export_logtrace_with_datetime_csv_1.py"
"export_logtrace_with_datetime_csv_1.py","BF180E2DA45CB5A243EADC39742E5D6F65480A47EBA50493C5A26FE712681485","C:\SNS_24AutoProject_250723\scripts\export_logtrace_with_datetime_csv_1.py","C:\SNS_24AutoProject_250723\scripts\export_logtrace_with_datetime_csv_1.py"
"export_logtrace_with_datetime_csv_1.py","BF180E2DA45CB5A243EADC39742E5D6F65480A47EBA50493C5A26FE712681485","C:\SNS_24AutoProject_250723\scripts\export_logtrace_with_datetime_csv_1.py","C:\SNS_24AutoProject_250723\scripts\export_logtrace_with_datetime_csv_1.py"
"export_logtrace_with_datetime_csv_2.py","BF180E2DA45CB5A243EADC39742E5D6F65480A47EBA50493C5A26FE712681485","C:\SNS_24AutoProject_250723\scripts\export_logtrace_with_datetime_csv_2.py","C:\SNS_24AutoProject_250723\scripts\export_logtrace_with_datetime_csv_2.py"
"export_logtrace_with_datetime_csv_2.py","BF180E2DA45CB5A243EADC39742E5D6F65480A47EBA50493C5A26FE712681485","C:\SNS_24AutoProject_250723\scripts\export_logtrace_with_datetime_csv_2.py","C:\SNS_24AutoProject_250723\scripts\export_logtrace_with_datetime_csv_2.py"
"export_logtrace_with_datetime_csv_2.py","BF180E2DA45CB5A243EADC39742E5D6F65480A47EBA50493C5A26FE712681485","C:\SNS_24AutoProject_250723\scripts\export_logtrace_with_datetime_csv_2.py","C:\SNS_24AutoProject_250723\scripts\export_logtrace_with_datetime_csv_2.py"
"export_logtrace_with_datetime_csv_2.py","BF180E2DA45CB5A243EADC39742E5D6F65480A47EBA50493C5A26FE712681485","C:\SNS_24AutoProject_250723\scripts\export_logtrace_with_datetime_csv_2.py","C:\SNS_24AutoProject_250723\scripts\export_logtrace_with_datetime_csv_2.py"
"export_logtrace_with_datetime_csv_2.py","BF180E2DA45CB5A243EADC39742E5D6F65480A47EBA50493C5A26FE712681485","C:\SNS_24AutoProject_250723\scripts\export_logtrace_with_datetime_csv_2.py","C:\SNS_24AutoProject_250723\scripts\export_logtrace_with_datetime_csv_2.py"
"export_logtrace_with_datetime_csv_2.py","BF180E2DA45CB5A243EADC39742E5D6F65480A47EBA50493C5A26FE712681485","C:\SNS_24AutoProject_250723\scripts\export_logtrace_with_datetime_csv_2.py","C:\SNS_24AutoProject_250723\scripts\export_logtrace_with_datetime_csv_2.py"
"export_logtrace_with_datetime_csv_2.py","BF180E2DA45CB5A243EADC39742E5D6F65480A47EBA50493C5A26FE712681485","C:\SNS_24AutoProject_250723\scripts\export_logtrace_with_datetime_csv_2.py","C:\SNS_24AutoProject_250723\scripts\export_logtrace_with_datetime_csv_2.py"
"export_logtrace_with_datetime_csv_2.py","BF180E2DA45CB5A243EADC39742E5D6F65480A47EBA50493C5A26FE712681485","C:\SNS_24AutoProject_250723\scripts\export_logtrace_with_datetime_csv_2.py","C:\SNS_24AutoProject_250723\scripts\export_logtrace_with_datetime_csv_2.py"
"export_logtrace_with_datetime_csv_2.py","BF180E2DA45CB5A243EADC39742E5D6F65480A47EBA50493C5A26FE712681485","C:\SNS_24AutoProject_250723\scripts\export_logtrace_with_datetime_csv_2.py","C:\SNS_24AutoProject_250723\scripts\export_logtrace_with_datetime_csv_2.py"
"export_logtrace_with_datetime_csv_2.py","BF180E2DA45CB5A243EADC39742E5D6F65480A47EBA50493C5A26FE712681485","C:\SNS_24AutoProject_250723\scripts\export_logtrace_with_datetime_csv_2.py","C:\SNS_24AutoProject_250723\scripts\export_logtrace_with_datetime_csv_2.py"
"export_logtrace_with_datetime_csv_2.py","BF180E2DA45CB5A243EADC39742E5D6F65480A47EBA50493C5A26FE712681485","C:\SNS_24AutoProject_250723\scripts\export_logtrace_with_datetime_csv_2.py","C:\SNS_24AutoProject_250723\scripts\export_logtrace_with_datetime_csv_2.py"
"export_logtrace_with_datetime_csv_2.py","BF180E2DA45CB5A243EADC39742E5D6F65480A47EBA50493C5A26FE712681485","C:\SNS_24AutoProject_250723\scripts\export_logtrace_with_datetime_csv_2.py","C:\SNS_24AutoProject_250723\scripts\export_logtrace_with_datetime_csv_2.py"
"export_logtrace_with_datetime_csv_3.py","BF180E2DA45CB5A243EADC39742E5D6F65480A47EBA50493C5A26FE712681485","C:\SNS_24AutoProject_250723\scripts\export_logtrace_with_datetime_csv_3.py","C:\SNS_24AutoProject_250723\scripts\export_logtrace_with_datetime_csv_3.py"
"export_logtrace_with_datetime_csv_3.py","BF180E2DA45CB5A243EADC39742E5D6F65480A47EBA50493C5A26FE712681485","C:\SNS_24AutoProject_250723\scripts\export_logtrace_with_datetime_csv_3.py","C:\SNS_24AutoProject_250723\scripts\export_logtrace_with_datetime_csv_3.py"
"export_logtrace_with_datetime_csv_3.py","BF180E2DA45CB5A243EADC39742E5D6F65480A47EBA50493C5A26FE712681485","C:\SNS_24AutoProject_250723\scripts\export_logtrace_with_datetime_csv_3.py","C:\SNS_24AutoProject_250723\scripts\export_logtrace_with_datetime_csv_3.py"
"export_logtrace_with_datetime_csv_3.py","BF180E2DA45CB5A243EADC39742E5D6F65480A47EBA50493C5A26FE712681485","C:\SNS_24AutoProject_250723\scripts\export_logtrace_with_datetime_csv_3.py","C:\SNS_24AutoProject_250723\scripts\export_logtrace_with_datetime_csv_3.py"
"export_logtrace_with_datetime_csv_3.py","BF180E2DA45CB5A243EADC39742E5D6F65480A47EBA50493C5A26FE712681485","C:\SNS_24AutoProject_250723\scripts\export_logtrace_with_datetime_csv_3.py","C:\SNS_24AutoProject_250723\scripts\export_logtrace_with_datetime_csv_3.py"
"export_logtrace_with_datetime_csv_3.py","BF180E2DA45CB5A243EADC39742E5D6F65480A47EBA50493C5A26FE712681485","C:\SNS_24AutoProject_250723\scripts\export_logtrace_with_datetime_csv_3.py","C:\SNS_24AutoProject_250723\scripts\export_logtrace_with_datetime_csv_3.py"
"export_logtrace_with_datetime_csv_3.py","BF180E2DA45CB5A243EADC39742E5D6F65480A47EBA50493C5A26FE712681485","C:\SNS_24AutoProject_250723\scripts\export_logtrace_with_datetime_csv_3.py","C:\SNS_24AutoProject_250723\scripts\export_logtrace_with_datetime_csv_3.py"
"export_logtrace_with_datetime_csv_3.py","BF180E2DA45CB5A243EADC39742E5D6F65480A47EBA50493C5A26FE712681485","C:\SNS_24AutoProject_250723\scripts\export_logtrace_with_datetime_csv_3.py","C:\SNS_24AutoProject_250723\scripts\export_logtrace_with_datetime_csv_3.py"
"export_logtrace_with_datetime_csv_3.py","BF180E2DA45CB5A243EADC39742E5D6F65480A47EBA50493C5A26FE712681485","C:\SNS_24AutoProject_250723\scripts\export_logtrace_with_datetime_csv_3.py","C:\SNS_24AutoProject_250723\scripts\export_logtrace_with_datetime_csv_3.py"
"export_logtrace_with_datetime_csv_3.py","BF180E2DA45CB5A243EADC39742E5D6F65480A47EBA50493C5A26FE712681485","C:\SNS_24AutoProject_250723\scripts\export_logtrace_with_datetime_csv_3.py","C:\SNS_24AutoProject_250723\scripts\export_logtrace_with_datetime_csv_3.py"
"export_logtrace_with_datetime_csv_3.py","BF180E2DA45CB5A243EADC39742E5D6F65480A47EBA50493C5A26FE712681485","C:\SNS_24AutoProject_250723\scripts\export_logtrace_with_datetime_csv_3.py","C:\SNS_24AutoProject_250723\scripts\export_logtrace_with_datetime_csv_3.py"
"export_logtrace_with_datetime_csv_3.py","BF180E2DA45CB5A243EADC39742E5D6F65480A47EBA50493C5A26FE712681485","C:\SNS_24AutoProject_250723\scripts\export_logtrace_with_datetime_csv_3.py","C:\SNS_24AutoProject_250723\scripts\export_logtrace_with_datetime_csv_3.py"
"export_logtrace_with_datetime_csv_4.py","BF180E2DA45CB5A243EADC39742E5D6F65480A47EBA50493C5A26FE712681485","C:\SNS_24AutoProject_250723\scripts\export_logtrace_with_datetime_csv_4.py","C:\SNS_24AutoProject_250723\scripts\export_logtrace_with_datetime_csv_4.py"
"export_logtrace_with_datetime_csv_4.py","BF180E2DA45CB5A243EADC39742E5D6F65480A47EBA50493C5A26FE712681485","C:\SNS_24AutoProject_250723\scripts\export_logtrace_with_datetime_csv_4.py","C:\SNS_24AutoProject_250723\scripts\export_logtrace_with_datetime_csv_4.py"
"export_logtrace_with_datetime_csv_4.py","BF180E2DA45CB5A243EADC39742E5D6F65480A47EBA50493C5A26FE712681485","C:\SNS_24AutoProject_250723\scripts\export_logtrace_with_datetime_csv_4.py","C:\SNS_24AutoProject_250723\scripts\export_logtrace_with_datetime_csv_4.py"
"export_logtrace_with_datetime_csv_4.py","BF180E2DA45CB5A243EADC39742E5D6F65480A47EBA50493C5A26FE712681485","C:\SNS_24AutoProject_250723\scripts\export_logtrace_with_datetime_csv_4.py","C:\SNS_24AutoProject_250723\scripts\export_logtrace_with_datetime_csv_4.py"
"export_logtrace_with_datetime_csv_4.py","BF180E2DA45CB5A243EADC39742E5D6F65480A47EBA50493C5A26FE712681485","C:\SNS_24AutoProject_250723\scripts\export_logtrace_with_datetime_csv_4.py","C:\SNS_24AutoProject_250723\scripts\export_logtrace_with_datetime_csv_4.py"
"export_logtrace_with_datetime_csv_4.py","BF180E2DA45CB5A243EADC39742E5D6F65480A47EBA50493C5A26FE712681485","C:\SNS_24AutoProject_250723\scripts\export_logtrace_with_datetime_csv_4.py","C:\SNS_24AutoProject_250723\scripts\export_logtrace_with_datetime_csv_4.py"
"export_logtrace_with_datetime_csv_4.py","BF180E2DA45CB5A243EADC39742E5D6F65480A47EBA50493C5A26FE712681485","C:\SNS_24AutoProject_250723\scripts\export_logtrace_with_datetime_csv_4.py","C:\SNS_24AutoProject_250723\scripts\export_logtrace_with_datetime_csv_4.py"
"export_logtrace_with_datetime_csv_4.py","BF180E2DA45CB5A243EADC39742E5D6F65480A47EBA50493C5A26FE712681485","C:\SNS_24AutoProject_250723\scripts\export_logtrace_with_datetime_csv_4.py","C:\SNS_24AutoProject_250723\scripts\export_logtrace_with_datetime_csv_4.py"
"export_logtrace_with_datetime_csv_4.py","BF180E2DA45CB5A243EADC39742E5D6F65480A47EBA50493C5A26FE712681485","C:\SNS_24AutoProject_250723\scripts\export_logtrace_with_datetime_csv_4.py","C:\SNS_24AutoProject_250723\scripts\export_logtrace_with_datetime_csv_4.py"
"export_logtrace_with_datetime_csv_4.py","BF180E2DA45CB5A243EADC39742E5D6F65480A47EBA50493C5A26FE712681485","C:\SNS_24AutoProject_250723\scripts\export_logtrace_with_datetime_csv_4.py","C:\SNS_24AutoProject_250723\scripts\export_logtrace_with_datetime_csv_4.py"
"export_logtrace_with_datetime_csv_4.py","BF180E2DA45CB5A243EADC39742E5D6F65480A47EBA50493C5A26FE712681485","C:\SNS_24AutoProject_250723\scripts\export_logtrace_with_datetime_csv_4.py","C:\SNS_24AutoProject_250723\scripts\export_logtrace_with_datetime_csv_4.py"
"export_logtrace_with_datetime_csv_4.py","BF180E2DA45CB5A243EADC39742E5D6F65480A47EBA50493C5A26FE712681485","C:\SNS_24AutoProject_250723\scripts\export_logtrace_with_datetime_csv_4.py","C:\SNS_24AutoProject_250723\scripts\export_logtrace_with_datetime_csv_4.py"
"export_logtrace_with_datetime_csv_5.py","BF180E2DA45CB5A243EADC39742E5D6F65480A47EBA50493C5A26FE712681485","C:\SNS_24AutoProject_250723\scripts\export_logtrace_with_datetime_csv_5.py","C:\SNS_24AutoProject_250723\scripts\export_logtrace_with_datetime_csv_5.py"
"export_logtrace_with_datetime_csv_5.py","BF180E2DA45CB5A243EADC39742E5D6F65480A47EBA50493C5A26FE712681485","C:\SNS_24AutoProject_250723\scripts\export_logtrace_with_datetime_csv_5.py","C:\SNS_24AutoProject_250723\scripts\export_logtrace_with_datetime_csv_5.py"
"export_logtrace_with_datetime_csv_5.py","BF180E2DA45CB5A243EADC39742E5D6F65480A47EBA50493C5A26FE712681485","C:\SNS_24AutoProject_250723\scripts\export_logtrace_with_datetime_csv_5.py","C:\SNS_24AutoProject_250723\scripts\export_logtrace_with_datetime_csv_5.py"
"export_logtrace_with_datetime_csv_5.py","BF180E2DA45CB5A243EADC39742E5D6F65480A47EBA50493C5A26FE712681485","C:\SNS_24AutoProject_250723\scripts\export_logtrace_with_datetime_csv_5.py","C:\SNS_24AutoProject_250723\scripts\export_logtrace_with_datetime_csv_5.py"
"export_logtrace_with_datetime_csv_5.py","BF180E2DA45CB5A243EADC39742E5D6F65480A47EBA50493C5A26FE712681485","C:\SNS_24AutoProject_250723\scripts\export_logtrace_with_datetime_csv_5.py","C:\SNS_24AutoProject_250723\scripts\export_logtrace_with_datetime_csv_5.py"
"export_logtrace_with_datetime_csv_5.py","BF180E2DA45CB5A243EADC39742E5D6F65480A47EBA50493C5A26FE712681485","C:\SNS_24AutoProject_250723\scripts\export_logtrace_with_datetime_csv_5.py","C:\SNS_24AutoProject_250723\scripts\export_logtrace_with_datetime_csv_5.py"
"export_logtrace_with_datetime_csv_5.py","BF180E2DA45CB5A243EADC39742E5D6F65480A47EBA50493C5A26FE712681485","C:\SNS_24AutoProject_250723\scripts\export_logtrace_with_datetime_csv_5.py","C:\SNS_24AutoProject_250723\scripts\export_logtrace_with_datetime_csv_5.py"
"export_logtrace_with_datetime_csv_5.py","BF180E2DA45CB5A243EADC39742E5D6F65480A47EBA50493C5A26FE712681485","C:\SNS_24AutoProject_250723\scripts\export_logtrace_with_datetime_csv_5.py","C:\SNS_24AutoProject_250723\scripts\export_logtrace_with_datetime_csv_5.py"
"export_logtrace_with_datetime_csv_5.py","BF180E2DA45CB5A243EADC39742E5D6F65480A47EBA50493C5A26FE712681485","C:\SNS_24AutoProject_250723\scripts\export_logtrace_with_datetime_csv_5.py","C:\SNS_24AutoProject_250723\scripts\export_logtrace_with_datetime_csv_5.py"
"export_logtrace_with_datetime_csv_5.py","BF180E2DA45CB5A243EADC39742E5D6F65480A47EBA50493C5A26FE712681485","C:\SNS_24AutoProject_250723\scripts\export_logtrace_with_datetime_csv_5.py","C:\SNS_24AutoProject_250723\scripts\export_logtrace_with_datetime_csv_5.py"
"export_logtrace_with_datetime_csv_5.py","BF180E2DA45CB5A243EADC39742E5D6F65480A47EBA50493C5A26FE712681485","C:\SNS_24AutoProject_250723\scripts\export_logtrace_with_datetime_csv_5.py","C:\SNS_24AutoProject_250723\scripts\export_logtrace_with_datetime_csv_5.py"
"export_logtrace_with_datetime_csv_5.py","BF180E2DA45CB5A243EADC39742E5D6F65480A47EBA50493C5A26FE712681485","C:\SNS_24AutoProject_250723\scripts\export_logtrace_with_datetime_csv_5.py","C:\SNS_24AutoProject_250723\scripts\export_logtrace_with_datetime_csv_5.py"
"export_logtrace_with_datetime_csv_6.py","BF180E2DA45CB5A243EADC39742E5D6F65480A47EBA50493C5A26FE712681485","C:\SNS_24AutoProject_250723\scripts\export_logtrace_with_datetime_csv_6.py","C:\SNS_24AutoProject_250723\scripts\export_logtrace_with_datetime_csv_6.py"
"export_logtrace_with_datetime_csv_6.py","BF180E2DA45CB5A243EADC39742E5D6F65480A47EBA50493C5A26FE712681485","C:\SNS_24AutoProject_250723\scripts\export_logtrace_with_datetime_csv_6.py","C:\SNS_24AutoProject_250723\scripts\export_logtrace_with_datetime_csv_6.py"
"export_logtrace_with_datetime_csv_6.py","BF180E2DA45CB5A243EADC39742E5D6F65480A47EBA50493C5A26FE712681485","C:\SNS_24AutoProject_250723\scripts\export_logtrace_with_datetime_csv_6.py","C:\SNS_24AutoProject_250723\scripts\export_logtrace_with_datetime_csv_6.py"
"export_logtrace_with_datetime_csv_6.py","BF180E2DA45CB5A243EADC39742E5D6F65480A47EBA50493C5A26FE712681485","C:\SNS_24AutoProject_250723\scripts\export_logtrace_with_datetime_csv_6.py","C:\SNS_24AutoProject_250723\scripts\export_logtrace_with_datetime_csv_6.py"
"export_logtrace_with_datetime_csv_6.py","BF180E2DA45CB5A243EADC39742E5D6F65480A47EBA50493C5A26FE712681485","C:\SNS_24AutoProject_250723\scripts\export_logtrace_with_datetime_csv_6.py","C:\SNS_24AutoProject_250723\scripts\export_logtrace_with_datetime_csv_6.py"
"export_logtrace_with_datetime_csv_6.py","BF180E2DA45CB5A243EADC39742E5D6F65480A47EBA50493C5A26FE712681485","C:\SNS_24AutoProject_250723\scripts\export_logtrace_with_datetime_csv_6.py","C:\SNS_24AutoProject_250723\scripts\export_logtrace_with_datetime_csv_6.py"
"export_logtrace_with_datetime_csv_6.py","BF180E2DA45CB5A243EADC39742E5D6F65480A47EBA50493C5A26FE712681485","C:\SNS_24AutoProject_250723\scripts\export_logtrace_with_datetime_csv_6.py","C:\SNS_24AutoProject_250723\scripts\export_logtrace_with_datetime_csv_6.py"
"export_logtrace_with_datetime_csv_6.py","BF180E2DA45CB5A243EADC39742E5D6F65480A47EBA50493C5A26FE712681485","C:\SNS_24AutoProject_250723\scripts\export_logtrace_with_datetime_csv_6.py","C:\SNS_24AutoProject_250723\scripts\export_logtrace_with_datetime_csv_6.py"
"export_logtrace_with_datetime_csv_6.py","BF180E2DA45CB5A243EADC39742E5D6F65480A47EBA50493C5A26FE712681485","C:\SNS_24AutoProject_250723\scripts\export_logtrace_with_datetime_csv_6.py","C:\SNS_24AutoProject_250723\scripts\export_logtrace_with_datetime_csv_6.py"
"export_logtrace_with_datetime_csv_6.py","BF180E2DA45CB5A243EADC39742E5D6F65480A47EBA50493C5A26FE712681485","C:\SNS_24AutoProject_250723\scripts\export_logtrace_with_datetime_csv_6.py","C:\SNS_24AutoProject_250723\scripts\export_logtrace_with_datetime_csv_6.py"
"export_logtrace_with_datetime_csv_6.py","BF180E2DA45CB5A243EADC39742E5D6F65480A47EBA50493C5A26FE712681485","C:\SNS_24AutoProject_250723\scripts\export_logtrace_with_datetime_csv_6.py","C:\SNS_24AutoProject_250723\scripts\export_logtrace_with_datetime_csv_6.py"
"export_logtrace_with_datetime_csv_6.py","BF180E2DA45CB5A243EADC39742E5D6F65480A47EBA50493C5A26FE712681485","C:\SNS_24AutoProject_250723\scripts\export_logtrace_with_datetime_csv_6.py","C:\SNS_24AutoProject_250723\scripts\export_logtrace_with_datetime_csv_6.py"
"export_logtrace_with_os_path.py","D6F47A06BB0EE836DDAAFDC94ED21B5CEC002C515A1FF85F6FEC612EE13DE530","C:\SNS_24AutoProject_250723\scripts\export_logtrace_with_os_path.py","C:\SNS_24AutoProject_250723\scripts\export_logtrace_with_os_path.py"
"export_logtrace_with_os_path.py","D6F47A06BB0EE836DDAAFDC94ED21B5CEC002C515A1FF85F6FEC612EE13DE530","C:\SNS_24AutoProject_250723\scripts\export_logtrace_with_os_path.py","C:\SNS_24AutoProject_250723\scripts\export_logtrace_with_os_path.py"
"export_logtrace_with_os_path_1.py","BF180E2DA45CB5A243EADC39742E5D6F65480A47EBA50493C5A26FE712681485","C:\SNS_24AutoProject_250723\scripts\export_logtrace_with_os_path_1.py","C:\SNS_24AutoProject_250723\scripts\export_logtrace_with_os_path_1.py"
"export_logtrace_with_os_path_1.py","BF180E2DA45CB5A243EADC39742E5D6F65480A47EBA50493C5A26FE712681485","C:\SNS_24AutoProject_250723\scripts\export_logtrace_with_os_path_1.py","C:\SNS_24AutoProject_250723\scripts\export_logtrace_with_os_path_1.py"
"export_logtrace_with_os_path_1.py","BF180E2DA45CB5A243EADC39742E5D6F65480A47EBA50493C5A26FE712681485","C:\SNS_24AutoProject_250723\scripts\export_logtrace_with_os_path_1.py","C:\SNS_24AutoProject_250723\scripts\export_logtrace_with_os_path_1.py"
"export_logtrace_with_os_path_1.py","BF180E2DA45CB5A243EADC39742E5D6F65480A47EBA50493C5A26FE712681485","C:\SNS_24AutoProject_250723\scripts\export_logtrace_with_os_path_1.py","C:\SNS_24AutoProject_250723\scripts\export_logtrace_with_os_path_1.py"
"export_logtrace_with_os_path_1.py","BF180E2DA45CB5A243EADC39742E5D6F65480A47EBA50493C5A26FE712681485","C:\SNS_24AutoProject_250723\scripts\export_logtrace_with_os_path_1.py","C:\SNS_24AutoProject_250723\scripts\export_logtrace_with_os_path_1.py"
"export_logtrace_with_os_path_1.py","BF180E2DA45CB5A243EADC39742E5D6F65480A47EBA50493C5A26FE712681485","C:\SNS_24AutoProject_250723\scripts\export_logtrace_with_os_path_1.py","C:\SNS_24AutoProject_250723\scripts\export_logtrace_with_os_path_1.py"
"export_logtrace_with_os_path_1.py","BF180E2DA45CB5A243EADC39742E5D6F65480A47EBA50493C5A26FE712681485","C:\SNS_24AutoProject_250723\scripts\export_logtrace_with_os_path_1.py","C:\SNS_24AutoProject_250723\scripts\export_logtrace_with_os_path_1.py"
"export_logtrace_with_os_path_1.py","BF180E2DA45CB5A243EADC39742E5D6F65480A47EBA50493C5A26FE712681485","C:\SNS_24AutoProject_250723\scripts\export_logtrace_with_os_path_1.py","C:\SNS_24AutoProject_250723\scripts\export_logtrace_with_os_path_1.py"
"export_logtrace_with_os_path_1.py","BF180E2DA45CB5A243EADC39742E5D6F65480A47EBA50493C5A26FE712681485","C:\SNS_24AutoProject_250723\scripts\export_logtrace_with_os_path_1.py","C:\SNS_24AutoProject_250723\scripts\export_logtrace_with_os_path_1.py"
"export_logtrace_with_os_path_1.py","BF180E2DA45CB5A243EADC39742E5D6F65480A47EBA50493C5A26FE712681485","C:\SNS_24AutoProject_250723\scripts\export_logtrace_with_os_path_1.py","C:\SNS_24AutoProject_250723\scripts\export_logtrace_with_os_path_1.py"
"export_logtrace_with_os_path_1.py","BF180E2DA45CB5A243EADC39742E5D6F65480A47EBA50493C5A26FE712681485","C:\SNS_24AutoProject_250723\scripts\export_logtrace_with_os_path_1.py","C:\SNS_24AutoProject_250723\scripts\export_logtrace_with_os_path_1.py"
"export_logtrace_with_os_path_1.py","BF180E2DA45CB5A243EADC39742E5D6F65480A47EBA50493C5A26FE712681485","C:\SNS_24AutoProject_250723\scripts\export_logtrace_with_os_path_1.py","C:\SNS_24AutoProject_250723\scripts\export_logtrace_with_os_path_1.py"
"export_logtrace_with_os_path_2.py","BF180E2DA45CB5A243EADC39742E5D6F65480A47EBA50493C5A26FE712681485","C:\SNS_24AutoProject_250723\scripts\export_logtrace_with_os_path_2.py","C:\SNS_24AutoProject_250723\scripts\export_logtrace_with_os_path_2.py"
"export_logtrace_with_os_path_2.py","BF180E2DA45CB5A243EADC39742E5D6F65480A47EBA50493C5A26FE712681485","C:\SNS_24AutoProject_250723\scripts\export_logtrace_with_os_path_2.py","C:\SNS_24AutoProject_250723\scripts\export_logtrace_with_os_path_2.py"
"export_logtrace_with_os_path_2.py","BF180E2DA45CB5A243EADC39742E5D6F65480A47EBA50493C5A26FE712681485","C:\SNS_24AutoProject_250723\scripts\export_logtrace_with_os_path_2.py","C:\SNS_24AutoProject_250723\scripts\export_logtrace_with_os_path_2.py"
"export_logtrace_with_os_path_2.py","BF180E2DA45CB5A243EADC39742E5D6F65480A47EBA50493C5A26FE712681485","C:\SNS_24AutoProject_250723\scripts\export_logtrace_with_os_path_2.py","C:\SNS_24AutoProject_250723\scripts\export_logtrace_with_os_path_2.py"
"export_logtrace_with_os_path_2.py","BF180E2DA45CB5A243EADC39742E5D6F65480A47EBA50493C5A26FE712681485","C:\SNS_24AutoProject_250723\scripts\export_logtrace_with_os_path_2.py","C:\SNS_24AutoProject_250723\scripts\export_logtrace_with_os_path_2.py"
"export_logtrace_with_os_path_2.py","BF180E2DA45CB5A243EADC39742E5D6F65480A47EBA50493C5A26FE712681485","C:\SNS_24AutoProject_250723\scripts\export_logtrace_with_os_path_2.py","C:\SNS_24AutoProject_250723\scripts\export_logtrace_with_os_path_2.py"
"export_logtrace_with_os_path_2.py","BF180E2DA45CB5A243EADC39742E5D6F65480A47EBA50493C5A26FE712681485","C:\SNS_24AutoProject_250723\scripts\export_logtrace_with_os_path_2.py","C:\SNS_24AutoProject_250723\scripts\export_logtrace_with_os_path_2.py"
"export_logtrace_with_os_path_2.py","BF180E2DA45CB5A243EADC39742E5D6F65480A47EBA50493C5A26FE712681485","C:\SNS_24AutoProject_250723\scripts\export_logtrace_with_os_path_2.py","C:\SNS_24AutoProject_250723\scripts\export_logtrace_with_os_path_2.py"
"export_logtrace_with_os_path_2.py","BF180E2DA45CB5A243EADC39742E5D6F65480A47EBA50493C5A26FE712681485","C:\SNS_24AutoProject_250723\scripts\export_logtrace_with_os_path_2.py","C:\SNS_24AutoProject_250723\scripts\export_logtrace_with_os_path_2.py"
"export_logtrace_with_os_path_2.py","BF180E2DA45CB5A243EADC39742E5D6F65480A47EBA50493C5A26FE712681485","C:\SNS_24AutoProject_250723\scripts\export_logtrace_with_os_path_2.py","C:\SNS_24AutoProject_250723\scripts\export_logtrace_with_os_path_2.py"
"export_logtrace_with_os_path_2.py","BF180E2DA45CB5A243EADC39742E5D6F65480A47EBA50493C5A26FE712681485","C:\SNS_24AutoProject_250723\scripts\export_logtrace_with_os_path_2.py","C:\SNS_24AutoProject_250723\scripts\export_logtrace_with_os_path_2.py"
"export_logtrace_with_os_path_2.py","BF180E2DA45CB5A243EADC39742E5D6F65480A47EBA50493C5A26FE712681485","C:\SNS_24AutoProject_250723\scripts\export_logtrace_with_os_path_2.py","C:\SNS_24AutoProject_250723\scripts\export_logtrace_with_os_path_2.py"
"export_logtrace_with_os_path_3.py","BF180E2DA45CB5A243EADC39742E5D6F65480A47EBA50493C5A26FE712681485","C:\SNS_24AutoProject_250723\scripts\export_logtrace_with_os_path_3.py","C:\SNS_24AutoProject_250723\scripts\export_logtrace_with_os_path_3.py"
"export_logtrace_with_os_path_3.py","BF180E2DA45CB5A243EADC39742E5D6F65480A47EBA50493C5A26FE712681485","C:\SNS_24AutoProject_250723\scripts\export_logtrace_with_os_path_3.py","C:\SNS_24AutoProject_250723\scripts\export_logtrace_with_os_path_3.py"
"export_logtrace_with_os_path_3.py","BF180E2DA45CB5A243EADC39742E5D6F65480A47EBA50493C5A26FE712681485","C:\SNS_24AutoProject_250723\scripts\export_logtrace_with_os_path_3.py","C:\SNS_24AutoProject_250723\scripts\export_logtrace_with_os_path_3.py"
"export_logtrace_with_os_path_3.py","BF180E2DA45CB5A243EADC39742E5D6F65480A47EBA50493C5A26FE712681485","C:\SNS_24AutoProject_250723\scripts\export_logtrace_with_os_path_3.py","C:\SNS_24AutoProject_250723\scripts\export_logtrace_with_os_path_3.py"
"export_logtrace_with_os_path_3.py","BF180E2DA45CB5A243EADC39742E5D6F65480A47EBA50493C5A26FE712681485","C:\SNS_24AutoProject_250723\scripts\export_logtrace_with_os_path_3.py","C:\SNS_24AutoProject_250723\scripts\export_logtrace_with_os_path_3.py"
"export_logtrace_with_os_path_3.py","BF180E2DA45CB5A243EADC39742E5D6F65480A47EBA50493C5A26FE712681485","C:\SNS_24AutoProject_250723\scripts\export_logtrace_with_os_path_3.py","C:\SNS_24AutoProject_250723\scripts\export_logtrace_with_os_path_3.py"
"export_logtrace_with_os_path_3.py","BF180E2DA45CB5A243EADC39742E5D6F65480A47EBA50493C5A26FE712681485","C:\SNS_24AutoProject_250723\scripts\export_logtrace_with_os_path_3.py","C:\SNS_24AutoProject_250723\scripts\export_logtrace_with_os_path_3.py"
"export_logtrace_with_os_path_3.py","BF180E2DA45CB5A243EADC39742E5D6F65480A47EBA50493C5A26FE712681485","C:\SNS_24AutoProject_250723\scripts\export_logtrace_with_os_path_3.py","C:\SNS_24AutoProject_250723\scripts\export_logtrace_with_os_path_3.py"
"export_logtrace_with_os_path_3.py","BF180E2DA45CB5A243EADC39742E5D6F65480A47EBA50493C5A26FE712681485","C:\SNS_24AutoProject_250723\scripts\export_logtrace_with_os_path_3.py","C:\SNS_24AutoProject_250723\scripts\export_logtrace_with_os_path_3.py"
"export_logtrace_with_os_path_3.py","BF180E2DA45CB5A243EADC39742E5D6F65480A47EBA50493C5A26FE712681485","C:\SNS_24AutoProject_250723\scripts\export_logtrace_with_os_path_3.py","C:\SNS_24AutoProject_250723\scripts\export_logtrace_with_os_path_3.py"
"export_logtrace_with_os_path_3.py","BF180E2DA45CB5A243EADC39742E5D6F65480A47EBA50493C5A26FE712681485","C:\SNS_24AutoProject_250723\scripts\export_logtrace_with_os_path_3.py","C:\SNS_24AutoProject_250723\scripts\export_logtrace_with_os_path_3.py"
"export_logtrace_with_os_path_3.py","BF180E2DA45CB5A243EADC39742E5D6F65480A47EBA50493C5A26FE712681485","C:\SNS_24AutoProject_250723\scripts\export_logtrace_with_os_path_3.py","C:\SNS_24AutoProject_250723\scripts\export_logtrace_with_os_path_3.py"
"export_logtrace_with_os_path_4.py","BF180E2DA45CB5A243EADC39742E5D6F65480A47EBA50493C5A26FE712681485","C:\SNS_24AutoProject_250723\scripts\export_logtrace_with_os_path_4.py","C:\SNS_24AutoProject_250723\scripts\export_logtrace_with_os_path_4.py"
"export_logtrace_with_os_path_4.py","BF180E2DA45CB5A243EADC39742E5D6F65480A47EBA50493C5A26FE712681485","C:\SNS_24AutoProject_250723\scripts\export_logtrace_with_os_path_4.py","C:\SNS_24AutoProject_250723\scripts\export_logtrace_with_os_path_4.py"
"export_logtrace_with_os_path_4.py","BF180E2DA45CB5A243EADC39742E5D6F65480A47EBA50493C5A26FE712681485","C:\SNS_24AutoProject_250723\scripts\export_logtrace_with_os_path_4.py","C:\SNS_24AutoProject_250723\scripts\export_logtrace_with_os_path_4.py"
"export_logtrace_with_os_path_4.py","BF180E2DA45CB5A243EADC39742E5D6F65480A47EBA50493C5A26FE712681485","C:\SNS_24AutoProject_250723\scripts\export_logtrace_with_os_path_4.py","C:\SNS_24AutoProject_250723\scripts\export_logtrace_with_os_path_4.py"
"export_logtrace_with_os_path_4.py","BF180E2DA45CB5A243EADC39742E5D6F65480A47EBA50493C5A26FE712681485","C:\SNS_24AutoProject_250723\scripts\export_logtrace_with_os_path_4.py","C:\SNS_24AutoProject_250723\scripts\export_logtrace_with_os_path_4.py"
"export_logtrace_with_os_path_4.py","BF180E2DA45CB5A243EADC39742E5D6F65480A47EBA50493C5A26FE712681485","C:\SNS_24AutoProject_250723\scripts\export_logtrace_with_os_path_4.py","C:\SNS_24AutoProject_250723\scripts\export_logtrace_with_os_path_4.py"
"export_logtrace_with_os_path_4.py","BF180E2DA45CB5A243EADC39742E5D6F65480A47EBA50493C5A26FE712681485","C:\SNS_24AutoProject_250723\scripts\export_logtrace_with_os_path_4.py","C:\SNS_24AutoProject_250723\scripts\export_logtrace_with_os_path_4.py"
"export_logtrace_with_os_path_4.py","BF180E2DA45CB5A243EADC39742E5D6F65480A47EBA50493C5A26FE712681485","C:\SNS_24AutoProject_250723\scripts\export_logtrace_with_os_path_4.py","C:\SNS_24AutoProject_250723\scripts\export_logtrace_with_os_path_4.py"
"export_logtrace_with_os_path_4.py","BF180E2DA45CB5A243EADC39742E5D6F65480A47EBA50493C5A26FE712681485","C:\SNS_24AutoProject_250723\scripts\export_logtrace_with_os_path_4.py","C:\SNS_24AutoProject_250723\scripts\export_logtrace_with_os_path_4.py"
"export_logtrace_with_os_path_4.py","BF180E2DA45CB5A243EADC39742E5D6F65480A47EBA50493C5A26FE712681485","C:\SNS_24AutoProject_250723\scripts\export_logtrace_with_os_path_4.py","C:\SNS_24AutoProject_250723\scripts\export_logtrace_with_os_path_4.py"
"export_logtrace_with_os_path_4.py","BF180E2DA45CB5A243EADC39742E5D6F65480A47EBA50493C5A26FE712681485","C:\SNS_24AutoProject_250723\scripts\export_logtrace_with_os_path_4.py","C:\SNS_24AutoProject_250723\scripts\export_logtrace_with_os_path_4.py"
"export_logtrace_with_os_path_4.py","BF180E2DA45CB5A243EADC39742E5D6F65480A47EBA50493C5A26FE712681485","C:\SNS_24AutoProject_250723\scripts\export_logtrace_with_os_path_4.py","C:\SNS_24AutoProject_250723\scripts\export_logtrace_with_os_path_4.py"
"export_logtrace_with_os_path_5.py","BF180E2DA45CB5A243EADC39742E5D6F65480A47EBA50493C5A26FE712681485","C:\SNS_24AutoProject_250723\scripts\export_logtrace_with_os_path_5.py","C:\SNS_24AutoProject_250723\scripts\export_logtrace_with_os_path_5.py"
"export_logtrace_with_os_path_5.py","BF180E2DA45CB5A243EADC39742E5D6F65480A47EBA50493C5A26FE712681485","C:\SNS_24AutoProject_250723\scripts\export_logtrace_with_os_path_5.py","C:\SNS_24AutoProject_250723\scripts\export_logtrace_with_os_path_5.py"
"export_logtrace_with_os_path_5.py","BF180E2DA45CB5A243EADC39742E5D6F65480A47EBA50493C5A26FE712681485","C:\SNS_24AutoProject_250723\scripts\export_logtrace_with_os_path_5.py","C:\SNS_24AutoProject_250723\scripts\export_logtrace_with_os_path_5.py"
"export_logtrace_with_os_path_5.py","BF180E2DA45CB5A243EADC39742E5D6F65480A47EBA50493C5A26FE712681485","C:\SNS_24AutoProject_250723\scripts\export_logtrace_with_os_path_5.py","C:\SNS_24AutoProject_250723\scripts\export_logtrace_with_os_path_5.py"
"export_logtrace_with_os_path_5.py","BF180E2DA45CB5A243EADC39742E5D6F65480A47EBA50493C5A26FE712681485","C:\SNS_24AutoProject_250723\scripts\export_logtrace_with_os_path_5.py","C:\SNS_24AutoProject_250723\scripts\export_logtrace_with_os_path_5.py"
"export_logtrace_with_os_path_5.py","BF180E2DA45CB5A243EADC39742E5D6F65480A47EBA50493C5A26FE712681485","C:\SNS_24AutoProject_250723\scripts\export_logtrace_with_os_path_5.py","C:\SNS_24AutoProject_250723\scripts\export_logtrace_with_os_path_5.py"
"export_logtrace_with_os_path_5.py","BF180E2DA45CB5A243EADC39742E5D6F65480A47EBA50493C5A26FE712681485","C:\SNS_24AutoProject_250723\scripts\export_logtrace_with_os_path_5.py","C:\SNS_24AutoProject_250723\scripts\export_logtrace_with_os_path_5.py"
"export_logtrace_with_os_path_5.py","BF180E2DA45CB5A243EADC39742E5D6F65480A47EBA50493C5A26FE712681485","C:\SNS_24AutoProject_250723\scripts\export_logtrace_with_os_path_5.py","C:\SNS_24AutoProject_250723\scripts\export_logtrace_with_os_path_5.py"
"export_logtrace_with_os_path_5.py","BF180E2DA45CB5A243EADC39742E5D6F65480A47EBA50493C5A26FE712681485","C:\SNS_24AutoProject_250723\scripts\export_logtrace_with_os_path_5.py","C:\SNS_24AutoProject_250723\scripts\export_logtrace_with_os_path_5.py"
"export_logtrace_with_os_path_5.py","BF180E2DA45CB5A243EADC39742E5D6F65480A47EBA50493C5A26FE712681485","C:\SNS_24AutoProject_250723\scripts\export_logtrace_with_os_path_5.py","C:\SNS_24AutoProject_250723\scripts\export_logtrace_with_os_path_5.py"
"export_logtrace_with_os_path_5.py","BF180E2DA45CB5A243EADC39742E5D6F65480A47EBA50493C5A26FE712681485","C:\SNS_24AutoProject_250723\scripts\export_logtrace_with_os_path_5.py","C:\SNS_24AutoProject_250723\scripts\export_logtrace_with_os_path_5.py"
"export_logtrace_with_os_path_5.py","BF180E2DA45CB5A243EADC39742E5D6F65480A47EBA50493C5A26FE712681485","C:\SNS_24AutoProject_250723\scripts\export_logtrace_with_os_path_5.py","C:\SNS_24AutoProject_250723\scripts\export_logtrace_with_os_path_5.py"
"export_logtrace_with_os_path_6.py","BF180E2DA45CB5A243EADC39742E5D6F65480A47EBA50493C5A26FE712681485","C:\SNS_24AutoProject_250723\scripts\export_logtrace_with_os_path_6.py","C:\SNS_24AutoProject_250723\scripts\export_logtrace_with_os_path_6.py"
"export_logtrace_with_os_path_6.py","BF180E2DA45CB5A243EADC39742E5D6F65480A47EBA50493C5A26FE712681485","C:\SNS_24AutoProject_250723\scripts\export_logtrace_with_os_path_6.py","C:\SNS_24AutoProject_250723\scripts\export_logtrace_with_os_path_6.py"
"export_logtrace_with_os_path_6.py","BF180E2DA45CB5A243EADC39742E5D6F65480A47EBA50493C5A26FE712681485","C:\SNS_24AutoProject_250723\scripts\export_logtrace_with_os_path_6.py","C:\SNS_24AutoProject_250723\scripts\export_logtrace_with_os_path_6.py"
"export_logtrace_with_os_path_6.py","BF180E2DA45CB5A243EADC39742E5D6F65480A47EBA50493C5A26FE712681485","C:\SNS_24AutoProject_250723\scripts\export_logtrace_with_os_path_6.py","C:\SNS_24AutoProject_250723\scripts\export_logtrace_with_os_path_6.py"
"export_logtrace_with_os_path_6.py","BF180E2DA45CB5A243EADC39742E5D6F65480A47EBA50493C5A26FE712681485","C:\SNS_24AutoProject_250723\scripts\export_logtrace_with_os_path_6.py","C:\SNS_24AutoProject_250723\scripts\export_logtrace_with_os_path_6.py"
"export_logtrace_with_os_path_6.py","BF180E2DA45CB5A243EADC39742E5D6F65480A47EBA50493C5A26FE712681485","C:\SNS_24AutoProject_250723\scripts\export_logtrace_with_os_path_6.py","C:\SNS_24AutoProject_250723\scripts\export_logtrace_with_os_path_6.py"
"export_logtrace_with_os_path_6.py","BF180E2DA45CB5A243EADC39742E5D6F65480A47EBA50493C5A26FE712681485","C:\SNS_24AutoProject_250723\scripts\export_logtrace_with_os_path_6.py","C:\SNS_24AutoProject_250723\scripts\export_logtrace_with_os_path_6.py"
"export_logtrace_with_os_path_6.py","BF180E2DA45CB5A243EADC39742E5D6F65480A47EBA50493C5A26FE712681485","C:\SNS_24AutoProject_250723\scripts\export_logtrace_with_os_path_6.py","C:\SNS_24AutoProject_250723\scripts\export_logtrace_with_os_path_6.py"
"export_logtrace_with_os_path_6.py","BF180E2DA45CB5A243EADC39742E5D6F65480A47EBA50493C5A26FE712681485","C:\SNS_24AutoProject_250723\scripts\export_logtrace_with_os_path_6.py","C:\SNS_24AutoProject_250723\scripts\export_logtrace_with_os_path_6.py"
"export_logtrace_with_os_path_6.py","BF180E2DA45CB5A243EADC39742E5D6F65480A47EBA50493C5A26FE712681485","C:\SNS_24AutoProject_250723\scripts\export_logtrace_with_os_path_6.py","C:\SNS_24AutoProject_250723\scripts\export_logtrace_with_os_path_6.py"
"export_logtrace_with_os_path_6.py","BF180E2DA45CB5A243EADC39742E5D6F65480A47EBA50493C5A26FE712681485","C:\SNS_24AutoProject_250723\scripts\export_logtrace_with_os_path_6.py","C:\SNS_24AutoProject_250723\scripts\export_logtrace_with_os_path_6.py"
"export_logtrace_with_os_path_6.py","BF180E2DA45CB5A243EADC39742E5D6F65480A47EBA50493C5A26FE712681485","C:\SNS_24AutoProject_250723\scripts\export_logtrace_with_os_path_6.py","C:\SNS_24AutoProject_250723\scripts\export_logtrace_with_os_path_6.py"
"export_log_summary_1.py","4B900E6B5C91610F20689F85843C23FBD1645C388A0D4144516B44D894708275","C:\SNS_24AutoProject_250723\scripts\export_log_summary_1.py","C:\SNS_24AutoProject_250723\scripts\export_log_summary_1.py"
"export_log_summary_1.py","4B900E6B5C91610F20689F85843C23FBD1645C388A0D4144516B44D894708275","C:\SNS_24AutoProject_250723\scripts\export_log_summary_1.py","C:\SNS_24AutoProject_250723\scripts\export_log_summary_1.py"
"export_log_summary_2.py","4B900E6B5C91610F20689F85843C23FBD1645C388A0D4144516B44D894708275","C:\SNS_24AutoProject_250723\scripts\export_log_summary_2.py","C:\SNS_24AutoProject_250723\scripts\export_log_summary_2.py"
"export_log_summary_2.py","4B900E6B5C91610F20689F85843C23FBD1645C388A0D4144516B44D894708275","C:\SNS_24AutoProject_250723\scripts\export_log_summary_2.py","C:\SNS_24AutoProject_250723\scripts\export_log_summary_2.py"
"export_log_summary_csv_with_datetime_1.py","033F772330CEC6855714DC69D94BB4DA93BEBF91317830C16B72CAD42FC3B108","C:\SNS_24AutoProject_250723\scripts\export_log_summary_csv_with_datetime_1.py","C:\SNS_24AutoProject_250723\scripts\export_log_summary_csv_with_datetime_1.py"
"export_log_summary_csv_with_datetime_1.py","033F772330CEC6855714DC69D94BB4DA93BEBF91317830C16B72CAD42FC3B108","C:\SNS_24AutoProject_250723\scripts\export_log_summary_csv_with_datetime_1.py","C:\SNS_24AutoProject_250723\scripts\export_log_summary_csv_with_datetime_1.py"
"export_log_summary_csv_with_datetime_1.py","033F772330CEC6855714DC69D94BB4DA93BEBF91317830C16B72CAD42FC3B108","C:\SNS_24AutoProject_250723\scripts\export_log_summary_csv_with_datetime_1.py","C:\SNS_24AutoProject_250723\scripts\export_log_summary_csv_with_datetime_1.py"
"export_log_summary_csv_with_datetime_1.py","033F772330CEC6855714DC69D94BB4DA93BEBF91317830C16B72CAD42FC3B108","C:\SNS_24AutoProject_250723\scripts\export_log_summary_csv_with_datetime_1.py","C:\SNS_24AutoProject_250723\scripts\export_log_summary_csv_with_datetime_1.py"
"export_log_summary_csv_with_datetime_1.py","033F772330CEC6855714DC69D94BB4DA93BEBF91317830C16B72CAD42FC3B108","C:\SNS_24AutoProject_250723\scripts\export_log_summary_csv_with_datetime_1.py","C:\SNS_24AutoProject_250723\scripts\export_log_summary_csv_with_datetime_1.py"
"export_log_summary_csv_with_datetime_1.py","033F772330CEC6855714DC69D94BB4DA93BEBF91317830C16B72CAD42FC3B108","C:\SNS_24AutoProject_250723\scripts\export_log_summary_csv_with_datetime_1.py","C:\SNS_24AutoProject_250723\scripts\export_log_summary_csv_with_datetime_1.py"
"export_log_summary_csv_with_datetime_2.py","033F772330CEC6855714DC69D94BB4DA93BEBF91317830C16B72CAD42FC3B108","C:\SNS_24AutoProject_250723\scripts\export_log_summary_csv_with_datetime_2.py","C:\SNS_24AutoProject_250723\scripts\export_log_summary_csv_with_datetime_2.py"
"export_log_summary_csv_with_datetime_2.py","033F772330CEC6855714DC69D94BB4DA93BEBF91317830C16B72CAD42FC3B108","C:\SNS_24AutoProject_250723\scripts\export_log_summary_csv_with_datetime_2.py","C:\SNS_24AutoProject_250723\scripts\export_log_summary_csv_with_datetime_2.py"
"export_log_summary_csv_with_datetime_2.py","033F772330CEC6855714DC69D94BB4DA93BEBF91317830C16B72CAD42FC3B108","C:\SNS_24AutoProject_250723\scripts\export_log_summary_csv_with_datetime_2.py","C:\SNS_24AutoProject_250723\scripts\export_log_summary_csv_with_datetime_2.py"
"export_log_summary_csv_with_datetime_2.py","033F772330CEC6855714DC69D94BB4DA93BEBF91317830C16B72CAD42FC3B108","C:\SNS_24AutoProject_250723\scripts\export_log_summary_csv_with_datetime_2.py","C:\SNS_24AutoProject_250723\scripts\export_log_summary_csv_with_datetime_2.py"
"export_log_summary_csv_with_datetime_2.py","033F772330CEC6855714DC69D94BB4DA93BEBF91317830C16B72CAD42FC3B108","C:\SNS_24AutoProject_250723\scripts\export_log_summary_csv_with_datetime_2.py","C:\SNS_24AutoProject_250723\scripts\export_log_summary_csv_with_datetime_2.py"
"export_log_summary_csv_with_datetime_2.py","033F772330CEC6855714DC69D94BB4DA93BEBF91317830C16B72CAD42FC3B108","C:\SNS_24AutoProject_250723\scripts\export_log_summary_csv_with_datetime_2.py","C:\SNS_24AutoProject_250723\scripts\export_log_summary_csv_with_datetime_2.py"
"export_log_summary_csv_with_datetime_3.py","033F772330CEC6855714DC69D94BB4DA93BEBF91317830C16B72CAD42FC3B108","C:\SNS_24AutoProject_250723\scripts\export_log_summary_csv_with_datetime_3.py","C:\SNS_24AutoProject_250723\scripts\export_log_summary_csv_with_datetime_3.py"
"export_log_summary_csv_with_datetime_3.py","033F772330CEC6855714DC69D94BB4DA93BEBF91317830C16B72CAD42FC3B108","C:\SNS_24AutoProject_250723\scripts\export_log_summary_csv_with_datetime_3.py","C:\SNS_24AutoProject_250723\scripts\export_log_summary_csv_with_datetime_3.py"
"export_log_summary_csv_with_datetime_3.py","033F772330CEC6855714DC69D94BB4DA93BEBF91317830C16B72CAD42FC3B108","C:\SNS_24AutoProject_250723\scripts\export_log_summary_csv_with_datetime_3.py","C:\SNS_24AutoProject_250723\scripts\export_log_summary_csv_with_datetime_3.py"
"export_log_summary_csv_with_datetime_3.py","033F772330CEC6855714DC69D94BB4DA93BEBF91317830C16B72CAD42FC3B108","C:\SNS_24AutoProject_250723\scripts\export_log_summary_csv_with_datetime_3.py","C:\SNS_24AutoProject_250723\scripts\export_log_summary_csv_with_datetime_3.py"
"export_log_summary_csv_with_datetime_3.py","033F772330CEC6855714DC69D94BB4DA93BEBF91317830C16B72CAD42FC3B108","C:\SNS_24AutoProject_250723\scripts\export_log_summary_csv_with_datetime_3.py","C:\SNS_24AutoProject_250723\scripts\export_log_summary_csv_with_datetime_3.py"
"export_log_summary_csv_with_datetime_3.py","033F772330CEC6855714DC69D94BB4DA93BEBF91317830C16B72CAD42FC3B108","C:\SNS_24AutoProject_250723\scripts\export_log_summary_csv_with_datetime_3.py","C:\SNS_24AutoProject_250723\scripts\export_log_summary_csv_with_datetime_3.py"
"export_log_summary_csv_with_datetime_4.py","033F772330CEC6855714DC69D94BB4DA93BEBF91317830C16B72CAD42FC3B108","C:\SNS_24AutoProject_250723\scripts\export_log_summary_csv_with_datetime_4.py","C:\SNS_24AutoProject_250723\scripts\export_log_summary_csv_with_datetime_4.py"
"export_log_summary_csv_with_datetime_4.py","033F772330CEC6855714DC69D94BB4DA93BEBF91317830C16B72CAD42FC3B108","C:\SNS_24AutoProject_250723\scripts\export_log_summary_csv_with_datetime_4.py","C:\SNS_24AutoProject_250723\scripts\export_log_summary_csv_with_datetime_4.py"
"export_log_summary_csv_with_datetime_4.py","033F772330CEC6855714DC69D94BB4DA93BEBF91317830C16B72CAD42FC3B108","C:\SNS_24AutoProject_250723\scripts\export_log_summary_csv_with_datetime_4.py","C:\SNS_24AutoProject_250723\scripts\export_log_summary_csv_with_datetime_4.py"
"export_log_summary_csv_with_datetime_4.py","033F772330CEC6855714DC69D94BB4DA93BEBF91317830C16B72CAD42FC3B108","C:\SNS_24AutoProject_250723\scripts\export_log_summary_csv_with_datetime_4.py","C:\SNS_24AutoProject_250723\scripts\export_log_summary_csv_with_datetime_4.py"
"export_log_summary_csv_with_datetime_4.py","033F772330CEC6855714DC69D94BB4DA93BEBF91317830C16B72CAD42FC3B108","C:\SNS_24AutoProject_250723\scripts\export_log_summary_csv_with_datetime_4.py","C:\SNS_24AutoProject_250723\scripts\export_log_summary_csv_with_datetime_4.py"
"export_log_summary_csv_with_datetime_4.py","033F772330CEC6855714DC69D94BB4DA93BEBF91317830C16B72CAD42FC3B108","C:\SNS_24AutoProject_250723\scripts\export_log_summary_csv_with_datetime_4.py","C:\SNS_24AutoProject_250723\scripts\export_log_summary_csv_with_datetime_4.py"
"export_log_summary_csv_with_datetime_5.py","033F772330CEC6855714DC69D94BB4DA93BEBF91317830C16B72CAD42FC3B108","C:\SNS_24AutoProject_250723\scripts\export_log_summary_csv_with_datetime_5.py","C:\SNS_24AutoProject_250723\scripts\export_log_summary_csv_with_datetime_5.py"
"export_log_summary_csv_with_datetime_5.py","033F772330CEC6855714DC69D94BB4DA93BEBF91317830C16B72CAD42FC3B108","C:\SNS_24AutoProject_250723\scripts\export_log_summary_csv_with_datetime_5.py","C:\SNS_24AutoProject_250723\scripts\export_log_summary_csv_with_datetime_5.py"
"export_log_summary_csv_with_datetime_5.py","033F772330CEC6855714DC69D94BB4DA93BEBF91317830C16B72CAD42FC3B108","C:\SNS_24AutoProject_250723\scripts\export_log_summary_csv_with_datetime_5.py","C:\SNS_24AutoProject_250723\scripts\export_log_summary_csv_with_datetime_5.py"
"export_log_summary_csv_with_datetime_5.py","033F772330CEC6855714DC69D94BB4DA93BEBF91317830C16B72CAD42FC3B108","C:\SNS_24AutoProject_250723\scripts\export_log_summary_csv_with_datetime_5.py","C:\SNS_24AutoProject_250723\scripts\export_log_summary_csv_with_datetime_5.py"
"export_log_summary_csv_with_datetime_5.py","033F772330CEC6855714DC69D94BB4DA93BEBF91317830C16B72CAD42FC3B108","C:\SNS_24AutoProject_250723\scripts\export_log_summary_csv_with_datetime_5.py","C:\SNS_24AutoProject_250723\scripts\export_log_summary_csv_with_datetime_5.py"
"export_log_summary_csv_with_datetime_5.py","033F772330CEC6855714DC69D94BB4DA93BEBF91317830C16B72CAD42FC3B108","C:\SNS_24AutoProject_250723\scripts\export_log_summary_csv_with_datetime_5.py","C:\SNS_24AutoProject_250723\scripts\export_log_summary_csv_with_datetime_5.py"
"export_log_summary_csv_with_datetime_6.py","033F772330CEC6855714DC69D94BB4DA93BEBF91317830C16B72CAD42FC3B108","C:\SNS_24AutoProject_250723\scripts\export_log_summary_csv_with_datetime_6.py","C:\SNS_24AutoProject_250723\scripts\export_log_summary_csv_with_datetime_6.py"
"export_log_summary_csv_with_datetime_6.py","033F772330CEC6855714DC69D94BB4DA93BEBF91317830C16B72CAD42FC3B108","C:\SNS_24AutoProject_250723\scripts\export_log_summary_csv_with_datetime_6.py","C:\SNS_24AutoProject_250723\scripts\export_log_summary_csv_with_datetime_6.py"
"export_log_summary_csv_with_datetime_6.py","033F772330CEC6855714DC69D94BB4DA93BEBF91317830C16B72CAD42FC3B108","C:\SNS_24AutoProject_250723\scripts\export_log_summary_csv_with_datetime_6.py","C:\SNS_24AutoProject_250723\scripts\export_log_summary_csv_with_datetime_6.py"
"export_log_summary_csv_with_datetime_6.py","033F772330CEC6855714DC69D94BB4DA93BEBF91317830C16B72CAD42FC3B108","C:\SNS_24AutoProject_250723\scripts\export_log_summary_csv_with_datetime_6.py","C:\SNS_24AutoProject_250723\scripts\export_log_summary_csv_with_datetime_6.py"
"export_log_summary_csv_with_datetime_6.py","033F772330CEC6855714DC69D94BB4DA93BEBF91317830C16B72CAD42FC3B108","C:\SNS_24AutoProject_250723\scripts\export_log_summary_csv_with_datetime_6.py","C:\SNS_24AutoProject_250723\scripts\export_log_summary_csv_with_datetime_6.py"
"export_log_summary_csv_with_datetime_6.py","033F772330CEC6855714DC69D94BB4DA93BEBF91317830C16B72CAD42FC3B108","C:\SNS_24AutoProject_250723\scripts\export_log_summary_csv_with_datetime_6.py","C:\SNS_24AutoProject_250723\scripts\export_log_summary_csv_with_datetime_6.py"
"export_network_log_1.py","1ACB912910EB1D320DEA2B2B29B8815106754B549931ACED9483F190E51CD693","C:\SNS_24AutoProject_250723\scripts\export_network_log_1.py","C:\SNS_24AutoProject_250723\scripts\export_network_log_1.py"
"export_network_log_1.py","1ACB912910EB1D320DEA2B2B29B8815106754B549931ACED9483F190E51CD693","C:\SNS_24AutoProject_250723\scripts\export_network_log_1.py","C:\SNS_24AutoProject_250723\scripts\export_network_log_1.py"
"export_network_log_1.py","1ACB912910EB1D320DEA2B2B29B8815106754B549931ACED9483F190E51CD693","C:\SNS_24AutoProject_250723\scripts\export_network_log_1.py","C:\SNS_24AutoProject_250723\scripts\export_network_log_1.py"
"export_network_log_1.py","1ACB912910EB1D320DEA2B2B29B8815106754B549931ACED9483F190E51CD693","C:\SNS_24AutoProject_250723\scripts\export_network_log_1.py","C:\SNS_24AutoProject_250723\scripts\export_network_log_1.py"
"export_network_log_1.py","1ACB912910EB1D320DEA2B2B29B8815106754B549931ACED9483F190E51CD693","C:\SNS_24AutoProject_250723\scripts\export_network_log_1.py","C:\SNS_24AutoProject_250723\scripts\export_network_log_1.py"
"export_network_log_1.py","1ACB912910EB1D320DEA2B2B29B8815106754B549931ACED9483F190E51CD693","C:\SNS_24AutoProject_250723\scripts\export_network_log_1.py","C:\SNS_24AutoProject_250723\scripts\export_network_log_1.py"
"export_network_log_2.py","1ACB912910EB1D320DEA2B2B29B8815106754B549931ACED9483F190E51CD693","C:\SNS_24AutoProject_250723\scripts\export_network_log_2.py","C:\SNS_24AutoProject_250723\scripts\export_network_log_2.py"
"export_network_log_2.py","1ACB912910EB1D320DEA2B2B29B8815106754B549931ACED9483F190E51CD693","C:\SNS_24AutoProject_250723\scripts\export_network_log_2.py","C:\SNS_24AutoProject_250723\scripts\export_network_log_2.py"
"export_network_log_2.py","1ACB912910EB1D320DEA2B2B29B8815106754B549931ACED9483F190E51CD693","C:\SNS_24AutoProject_250723\scripts\export_network_log_2.py","C:\SNS_24AutoProject_250723\scripts\export_network_log_2.py"
"export_network_log_2.py","1ACB912910EB1D320DEA2B2B29B8815106754B549931ACED9483F190E51CD693","C:\SNS_24AutoProject_250723\scripts\export_network_log_2.py","C:\SNS_24AutoProject_250723\scripts\export_network_log_2.py"
"export_network_log_2.py","1ACB912910EB1D320DEA2B2B29B8815106754B549931ACED9483F190E51CD693","C:\SNS_24AutoProject_250723\scripts\export_network_log_2.py","C:\SNS_24AutoProject_250723\scripts\export_network_log_2.py"
"export_network_log_2.py","1ACB912910EB1D320DEA2B2B29B8815106754B549931ACED9483F190E51CD693","C:\SNS_24AutoProject_250723\scripts\export_network_log_2.py","C:\SNS_24AutoProject_250723\scripts\export_network_log_2.py"
"export_network_log_3.py","1ACB912910EB1D320DEA2B2B29B8815106754B549931ACED9483F190E51CD693","C:\SNS_24AutoProject_250723\scripts\export_network_log_3.py","C:\SNS_24AutoProject_250723\scripts\export_network_log_3.py"
"export_network_log_3.py","1ACB912910EB1D320DEA2B2B29B8815106754B549931ACED9483F190E51CD693","C:\SNS_24AutoProject_250723\scripts\export_network_log_3.py","C:\SNS_24AutoProject_250723\scripts\export_network_log_3.py"
"export_network_log_3.py","1ACB912910EB1D320DEA2B2B29B8815106754B549931ACED9483F190E51CD693","C:\SNS_24AutoProject_250723\scripts\export_network_log_3.py","C:\SNS_24AutoProject_250723\scripts\export_network_log_3.py"
"export_network_log_3.py","1ACB912910EB1D320DEA2B2B29B8815106754B549931ACED9483F190E51CD693","C:\SNS_24AutoProject_250723\scripts\export_network_log_3.py","C:\SNS_24AutoProject_250723\scripts\export_network_log_3.py"
"export_network_log_3.py","1ACB912910EB1D320DEA2B2B29B8815106754B549931ACED9483F190E51CD693","C:\SNS_24AutoProject_250723\scripts\export_network_log_3.py","C:\SNS_24AutoProject_250723\scripts\export_network_log_3.py"
"export_network_log_3.py","1ACB912910EB1D320DEA2B2B29B8815106754B549931ACED9483F190E51CD693","C:\SNS_24AutoProject_250723\scripts\export_network_log_3.py","C:\SNS_24AutoProject_250723\scripts\export_network_log_3.py"
"export_network_log_4.py","1ACB912910EB1D320DEA2B2B29B8815106754B549931ACED9483F190E51CD693","C:\SNS_24AutoProject_250723\scripts\export_network_log_4.py","C:\SNS_24AutoProject_250723\scripts\export_network_log_4.py"
"export_network_log_4.py","1ACB912910EB1D320DEA2B2B29B8815106754B549931ACED9483F190E51CD693","C:\SNS_24AutoProject_250723\scripts\export_network_log_4.py","C:\SNS_24AutoProject_250723\scripts\export_network_log_4.py"
"export_network_log_4.py","1ACB912910EB1D320DEA2B2B29B8815106754B549931ACED9483F190E51CD693","C:\SNS_24AutoProject_250723\scripts\export_network_log_4.py","C:\SNS_24AutoProject_250723\scripts\export_network_log_4.py"
"export_network_log_4.py","1ACB912910EB1D320DEA2B2B29B8815106754B549931ACED9483F190E51CD693","C:\SNS_24AutoProject_250723\scripts\export_network_log_4.py","C:\SNS_24AutoProject_250723\scripts\export_network_log_4.py"
"export_network_log_4.py","1ACB912910EB1D320DEA2B2B29B8815106754B549931ACED9483F190E51CD693","C:\SNS_24AutoProject_250723\scripts\export_network_log_4.py","C:\SNS_24AutoProject_250723\scripts\export_network_log_4.py"
"export_network_log_4.py","1ACB912910EB1D320DEA2B2B29B8815106754B549931ACED9483F190E51CD693","C:\SNS_24AutoProject_250723\scripts\export_network_log_4.py","C:\SNS_24AutoProject_250723\scripts\export_network_log_4.py"
"export_network_log_5.py","1ACB912910EB1D320DEA2B2B29B8815106754B549931ACED9483F190E51CD693","C:\SNS_24AutoProject_250723\scripts\export_network_log_5.py","C:\SNS_24AutoProject_250723\scripts\export_network_log_5.py"
"export_network_log_5.py","1ACB912910EB1D320DEA2B2B29B8815106754B549931ACED9483F190E51CD693","C:\SNS_24AutoProject_250723\scripts\export_network_log_5.py","C:\SNS_24AutoProject_250723\scripts\export_network_log_5.py"
"export_network_log_5.py","1ACB912910EB1D320DEA2B2B29B8815106754B549931ACED9483F190E51CD693","C:\SNS_24AutoProject_250723\scripts\export_network_log_5.py","C:\SNS_24AutoProject_250723\scripts\export_network_log_5.py"
"export_network_log_5.py","1ACB912910EB1D320DEA2B2B29B8815106754B549931ACED9483F190E51CD693","C:\SNS_24AutoProject_250723\scripts\export_network_log_5.py","C:\SNS_24AutoProject_250723\scripts\export_network_log_5.py"
"export_network_log_5.py","1ACB912910EB1D320DEA2B2B29B8815106754B549931ACED9483F190E51CD693","C:\SNS_24AutoProject_250723\scripts\export_network_log_5.py","C:\SNS_24AutoProject_250723\scripts\export_network_log_5.py"
"export_network_log_5.py","1ACB912910EB1D320DEA2B2B29B8815106754B549931ACED9483F190E51CD693","C:\SNS_24AutoProject_250723\scripts\export_network_log_5.py","C:\SNS_24AutoProject_250723\scripts\export_network_log_5.py"
"export_network_log_6.py","1ACB912910EB1D320DEA2B2B29B8815106754B549931ACED9483F190E51CD693","C:\SNS_24AutoProject_250723\scripts\export_network_log_6.py","C:\SNS_24AutoProject_250723\scripts\export_network_log_6.py"
"export_network_log_6.py","1ACB912910EB1D320DEA2B2B29B8815106754B549931ACED9483F190E51CD693","C:\SNS_24AutoProject_250723\scripts\export_network_log_6.py","C:\SNS_24AutoProject_250723\scripts\export_network_log_6.py"
"export_network_log_6.py","1ACB912910EB1D320DEA2B2B29B8815106754B549931ACED9483F190E51CD693","C:\SNS_24AutoProject_250723\scripts\export_network_log_6.py","C:\SNS_24AutoProject_250723\scripts\export_network_log_6.py"
"export_network_log_6.py","1ACB912910EB1D320DEA2B2B29B8815106754B549931ACED9483F190E51CD693","C:\SNS_24AutoProject_250723\scripts\export_network_log_6.py","C:\SNS_24AutoProject_250723\scripts\export_network_log_6.py"
"export_network_log_6.py","1ACB912910EB1D320DEA2B2B29B8815106754B549931ACED9483F190E51CD693","C:\SNS_24AutoProject_250723\scripts\export_network_log_6.py","C:\SNS_24AutoProject_250723\scripts\export_network_log_6.py"
"export_network_log_6.py","1ACB912910EB1D320DEA2B2B29B8815106754B549931ACED9483F190E51CD693","C:\SNS_24AutoProject_250723\scripts\export_network_log_6.py","C:\SNS_24AutoProject_250723\scripts\export_network_log_6.py"
"export_session_log_1.py","4C9522C7993144C1F77A03420293A2BC68A60FC9DCCB6D6AC5278583F14656DA","C:\SNS_24AutoProject_250723\scripts\export_session_log_1.py","C:\SNS_24AutoProject_250723\scripts\export_session_log_1.py"
"export_session_log_1.py","4C9522C7993144C1F77A03420293A2BC68A60FC9DCCB6D6AC5278583F14656DA","C:\SNS_24AutoProject_250723\scripts\export_session_log_1.py","C:\SNS_24AutoProject_250723\scripts\export_session_log_1.py"
"export_session_log_1.py","4C9522C7993144C1F77A03420293A2BC68A60FC9DCCB6D6AC5278583F14656DA","C:\SNS_24AutoProject_250723\scripts\export_session_log_1.py","C:\SNS_24AutoProject_250723\scripts\export_session_log_1.py"
"export_session_log_1.py","4C9522C7993144C1F77A03420293A2BC68A60FC9DCCB6D6AC5278583F14656DA","C:\SNS_24AutoProject_250723\scripts\export_session_log_1.py","C:\SNS_24AutoProject_250723\scripts\export_session_log_1.py"
"export_session_log_1.py","4C9522C7993144C1F77A03420293A2BC68A60FC9DCCB6D6AC5278583F14656DA","C:\SNS_24AutoProject_250723\scripts\export_session_log_1.py","C:\SNS_24AutoProject_250723\scripts\export_session_log_1.py"
"export_session_log_1.py","4C9522C7993144C1F77A03420293A2BC68A60FC9DCCB6D6AC5278583F14656DA","C:\SNS_24AutoProject_250723\scripts\export_session_log_1.py","C:\SNS_24AutoProject_250723\scripts\export_session_log_1.py"
"export_session_log_2.py","4C9522C7993144C1F77A03420293A2BC68A60FC9DCCB6D6AC5278583F14656DA","C:\SNS_24AutoProject_250723\scripts\export_session_log_2.py","C:\SNS_24AutoProject_250723\scripts\export_session_log_2.py"
"export_session_log_2.py","4C9522C7993144C1F77A03420293A2BC68A60FC9DCCB6D6AC5278583F14656DA","C:\SNS_24AutoProject_250723\scripts\export_session_log_2.py","C:\SNS_24AutoProject_250723\scripts\export_session_log_2.py"
"export_session_log_2.py","4C9522C7993144C1F77A03420293A2BC68A60FC9DCCB6D6AC5278583F14656DA","C:\SNS_24AutoProject_250723\scripts\export_session_log_2.py","C:\SNS_24AutoProject_250723\scripts\export_session_log_2.py"
"export_session_log_2.py","4C9522C7993144C1F77A03420293A2BC68A60FC9DCCB6D6AC5278583F14656DA","C:\SNS_24AutoProject_250723\scripts\export_session_log_2.py","C:\SNS_24AutoProject_250723\scripts\export_session_log_2.py"
"export_session_log_2.py","4C9522C7993144C1F77A03420293A2BC68A60FC9DCCB6D6AC5278583F14656DA","C:\SNS_24AutoProject_250723\scripts\export_session_log_2.py","C:\SNS_24AutoProject_250723\scripts\export_session_log_2.py"
"export_session_log_2.py","4C9522C7993144C1F77A03420293A2BC68A60FC9DCCB6D6AC5278583F14656DA","C:\SNS_24AutoProject_250723\scripts\export_session_log_2.py","C:\SNS_24AutoProject_250723\scripts\export_session_log_2.py"
"export_session_log_3.py","4C9522C7993144C1F77A03420293A2BC68A60FC9DCCB6D6AC5278583F14656DA","C:\SNS_24AutoProject_250723\scripts\export_session_log_3.py","C:\SNS_24AutoProject_250723\scripts\export_session_log_3.py"
"export_session_log_3.py","4C9522C7993144C1F77A03420293A2BC68A60FC9DCCB6D6AC5278583F14656DA","C:\SNS_24AutoProject_250723\scripts\export_session_log_3.py","C:\SNS_24AutoProject_250723\scripts\export_session_log_3.py"
"export_session_log_3.py","4C9522C7993144C1F77A03420293A2BC68A60FC9DCCB6D6AC5278583F14656DA","C:\SNS_24AutoProject_250723\scripts\export_session_log_3.py","C:\SNS_24AutoProject_250723\scripts\export_session_log_3.py"
"export_session_log_3.py","4C9522C7993144C1F77A03420293A2BC68A60FC9DCCB6D6AC5278583F14656DA","C:\SNS_24AutoProject_250723\scripts\export_session_log_3.py","C:\SNS_24AutoProject_250723\scripts\export_session_log_3.py"
"export_session_log_3.py","4C9522C7993144C1F77A03420293A2BC68A60FC9DCCB6D6AC5278583F14656DA","C:\SNS_24AutoProject_250723\scripts\export_session_log_3.py","C:\SNS_24AutoProject_250723\scripts\export_session_log_3.py"
"export_session_log_3.py","4C9522C7993144C1F77A03420293A2BC68A60FC9DCCB6D6AC5278583F14656DA","C:\SNS_24AutoProject_250723\scripts\export_session_log_3.py","C:\SNS_24AutoProject_250723\scripts\export_session_log_3.py"
"export_session_log_4.py","4C9522C7993144C1F77A03420293A2BC68A60FC9DCCB6D6AC5278583F14656DA","C:\SNS_24AutoProject_250723\scripts\export_session_log_4.py","C:\SNS_24AutoProject_250723\scripts\export_session_log_4.py"
"export_session_log_4.py","4C9522C7993144C1F77A03420293A2BC68A60FC9DCCB6D6AC5278583F14656DA","C:\SNS_24AutoProject_250723\scripts\export_session_log_4.py","C:\SNS_24AutoProject_250723\scripts\export_session_log_4.py"
"export_session_log_4.py","4C9522C7993144C1F77A03420293A2BC68A60FC9DCCB6D6AC5278583F14656DA","C:\SNS_24AutoProject_250723\scripts\export_session_log_4.py","C:\SNS_24AutoProject_250723\scripts\export_session_log_4.py"
"export_session_log_4.py","4C9522C7993144C1F77A03420293A2BC68A60FC9DCCB6D6AC5278583F14656DA","C:\SNS_24AutoProject_250723\scripts\export_session_log_4.py","C:\SNS_24AutoProject_250723\scripts\export_session_log_4.py"
"export_session_log_4.py","4C9522C7993144C1F77A03420293A2BC68A60FC9DCCB6D6AC5278583F14656DA","C:\SNS_24AutoProject_250723\scripts\export_session_log_4.py","C:\SNS_24AutoProject_250723\scripts\export_session_log_4.py"
"export_session_log_4.py","4C9522C7993144C1F77A03420293A2BC68A60FC9DCCB6D6AC5278583F14656DA","C:\SNS_24AutoProject_250723\scripts\export_session_log_4.py","C:\SNS_24AutoProject_250723\scripts\export_session_log_4.py"
"export_session_log_5.py","4C9522C7993144C1F77A03420293A2BC68A60FC9DCCB6D6AC5278583F14656DA","C:\SNS_24AutoProject_250723\scripts\export_session_log_5.py","C:\SNS_24AutoProject_250723\scripts\export_session_log_5.py"
"export_session_log_5.py","4C9522C7993144C1F77A03420293A2BC68A60FC9DCCB6D6AC5278583F14656DA","C:\SNS_24AutoProject_250723\scripts\export_session_log_5.py","C:\SNS_24AutoProject_250723\scripts\export_session_log_5.py"
"export_session_log_5.py","4C9522C7993144C1F77A03420293A2BC68A60FC9DCCB6D6AC5278583F14656DA","C:\SNS_24AutoProject_250723\scripts\export_session_log_5.py","C:\SNS_24AutoProject_250723\scripts\export_session_log_5.py"
"export_session_log_5.py","4C9522C7993144C1F77A03420293A2BC68A60FC9DCCB6D6AC5278583F14656DA","C:\SNS_24AutoProject_250723\scripts\export_session_log_5.py","C:\SNS_24AutoProject_250723\scripts\export_session_log_5.py"
"export_session_log_5.py","4C9522C7993144C1F77A03420293A2BC68A60FC9DCCB6D6AC5278583F14656DA","C:\SNS_24AutoProject_250723\scripts\export_session_log_5.py","C:\SNS_24AutoProject_250723\scripts\export_session_log_5.py"
"export_session_log_5.py","4C9522C7993144C1F77A03420293A2BC68A60FC9DCCB6D6AC5278583F14656DA","C:\SNS_24AutoProject_250723\scripts\export_session_log_5.py","C:\SNS_24AutoProject_250723\scripts\export_session_log_5.py"
"export_session_log_6.py","4C9522C7993144C1F77A03420293A2BC68A60FC9DCCB6D6AC5278583F14656DA","C:\SNS_24AutoProject_250723\scripts\export_session_log_6.py","C:\SNS_24AutoProject_250723\scripts\export_session_log_6.py"
"export_session_log_6.py","4C9522C7993144C1F77A03420293A2BC68A60FC9DCCB6D6AC5278583F14656DA","C:\SNS_24AutoProject_250723\scripts\export_session_log_6.py","C:\SNS_24AutoProject_250723\scripts\export_session_log_6.py"
"export_session_log_6.py","4C9522C7993144C1F77A03420293A2BC68A60FC9DCCB6D6AC5278583F14656DA","C:\SNS_24AutoProject_250723\scripts\export_session_log_6.py","C:\SNS_24AutoProject_250723\scripts\export_session_log_6.py"
"export_session_log_6.py","4C9522C7993144C1F77A03420293A2BC68A60FC9DCCB6D6AC5278583F14656DA","C:\SNS_24AutoProject_250723\scripts\export_session_log_6.py","C:\SNS_24AutoProject_250723\scripts\export_session_log_6.py"
"export_session_log_6.py","4C9522C7993144C1F77A03420293A2BC68A60FC9DCCB6D6AC5278583F14656DA","C:\SNS_24AutoProject_250723\scripts\export_session_log_6.py","C:\SNS_24AutoProject_250723\scripts\export_session_log_6.py"
"export_session_log_6.py","4C9522C7993144C1F77A03420293A2BC68A60FC9DCCB6D6AC5278583F14656DA","C:\SNS_24AutoProject_250723\scripts\export_session_log_6.py","C:\SNS_24AutoProject_250723\scripts\export_session_log_6.py"
"export_session_results_to_csv_1.py","D2CEAB193CAF7E7BB42BEB3666253B879795D653AC809B4A64453F0294BC0B67","C:\SNS_24AutoProject_250723\scripts\export_session_results_to_csv_1.py","C:\SNS_24AutoProject_250723\scripts\export_session_results_to_csv_1.py"
"export_session_results_to_csv_1.py","D2CEAB193CAF7E7BB42BEB3666253B879795D653AC809B4A64453F0294BC0B67","C:\SNS_24AutoProject_250723\scripts\export_session_results_to_csv_1.py","C:\SNS_24AutoProject_250723\scripts\export_session_results_to_csv_1.py"
"export_session_results_to_csv_1.py","D2CEAB193CAF7E7BB42BEB3666253B879795D653AC809B4A64453F0294BC0B67","C:\SNS_24AutoProject_250723\scripts\export_session_results_to_csv_1.py","C:\SNS_24AutoProject_250723\scripts\export_session_results_to_csv_1.py"
"export_session_results_to_csv_1.py","D2CEAB193CAF7E7BB42BEB3666253B879795D653AC809B4A64453F0294BC0B67","C:\SNS_24AutoProject_250723\scripts\export_session_results_to_csv_1.py","C:\SNS_24AutoProject_250723\scripts\export_session_results_to_csv_1.py"
"export_session_results_to_csv_1.py","D2CEAB193CAF7E7BB42BEB3666253B879795D653AC809B4A64453F0294BC0B67","C:\SNS_24AutoProject_250723\scripts\export_session_results_to_csv_1.py","C:\SNS_24AutoProject_250723\scripts\export_session_results_to_csv_1.py"
"export_session_results_to_csv_1.py","D2CEAB193CAF7E7BB42BEB3666253B879795D653AC809B4A64453F0294BC0B67","C:\SNS_24AutoProject_250723\scripts\export_session_results_to_csv_1.py","C:\SNS_24AutoProject_250723\scripts\export_session_results_to_csv_1.py"
"export_session_results_to_csv_2.py","D2CEAB193CAF7E7BB42BEB3666253B879795D653AC809B4A64453F0294BC0B67","C:\SNS_24AutoProject_250723\scripts\export_session_results_to_csv_2.py","C:\SNS_24AutoProject_250723\scripts\export_session_results_to_csv_2.py"
"export_session_results_to_csv_2.py","D2CEAB193CAF7E7BB42BEB3666253B879795D653AC809B4A64453F0294BC0B67","C:\SNS_24AutoProject_250723\scripts\export_session_results_to_csv_2.py","C:\SNS_24AutoProject_250723\scripts\export_session_results_to_csv_2.py"
"export_session_results_to_csv_2.py","D2CEAB193CAF7E7BB42BEB3666253B879795D653AC809B4A64453F0294BC0B67","C:\SNS_24AutoProject_250723\scripts\export_session_results_to_csv_2.py","C:\SNS_24AutoProject_250723\scripts\export_session_results_to_csv_2.py"
"export_session_results_to_csv_2.py","D2CEAB193CAF7E7BB42BEB3666253B879795D653AC809B4A64453F0294BC0B67","C:\SNS_24AutoProject_250723\scripts\export_session_results_to_csv_2.py","C:\SNS_24AutoProject_250723\scripts\export_session_results_to_csv_2.py"
"export_session_results_to_csv_2.py","D2CEAB193CAF7E7BB42BEB3666253B879795D653AC809B4A64453F0294BC0B67","C:\SNS_24AutoProject_250723\scripts\export_session_results_to_csv_2.py","C:\SNS_24AutoProject_250723\scripts\export_session_results_to_csv_2.py"
"export_session_results_to_csv_2.py","D2CEAB193CAF7E7BB42BEB3666253B879795D653AC809B4A64453F0294BC0B67","C:\SNS_24AutoProject_250723\scripts\export_session_results_to_csv_2.py","C:\SNS_24AutoProject_250723\scripts\export_session_results_to_csv_2.py"
"export_session_results_to_csv_3.py","D2CEAB193CAF7E7BB42BEB3666253B879795D653AC809B4A64453F0294BC0B67","C:\SNS_24AutoProject_250723\scripts\export_session_results_to_csv_3.py","C:\SNS_24AutoProject_250723\scripts\export_session_results_to_csv_3.py"
"export_session_results_to_csv_3.py","D2CEAB193CAF7E7BB42BEB3666253B879795D653AC809B4A64453F0294BC0B67","C:\SNS_24AutoProject_250723\scripts\export_session_results_to_csv_3.py","C:\SNS_24AutoProject_250723\scripts\export_session_results_to_csv_3.py"
"export_session_results_to_csv_3.py","D2CEAB193CAF7E7BB42BEB3666253B879795D653AC809B4A64453F0294BC0B67","C:\SNS_24AutoProject_250723\scripts\export_session_results_to_csv_3.py","C:\SNS_24AutoProject_250723\scripts\export_session_results_to_csv_3.py"
"export_session_results_to_csv_3.py","D2CEAB193CAF7E7BB42BEB3666253B879795D653AC809B4A64453F0294BC0B67","C:\SNS_24AutoProject_250723\scripts\export_session_results_to_csv_3.py","C:\SNS_24AutoProject_250723\scripts\export_session_results_to_csv_3.py"
"export_session_results_to_csv_3.py","D2CEAB193CAF7E7BB42BEB3666253B879795D653AC809B4A64453F0294BC0B67","C:\SNS_24AutoProject_250723\scripts\export_session_results_to_csv_3.py","C:\SNS_24AutoProject_250723\scripts\export_session_results_to_csv_3.py"
"export_session_results_to_csv_3.py","D2CEAB193CAF7E7BB42BEB3666253B879795D653AC809B4A64453F0294BC0B67","C:\SNS_24AutoProject_250723\scripts\export_session_results_to_csv_3.py","C:\SNS_24AutoProject_250723\scripts\export_session_results_to_csv_3.py"
"export_session_results_to_csv_4.py","D2CEAB193CAF7E7BB42BEB3666253B879795D653AC809B4A64453F0294BC0B67","C:\SNS_24AutoProject_250723\scripts\export_session_results_to_csv_4.py","C:\SNS_24AutoProject_250723\scripts\export_session_results_to_csv_4.py"
"export_session_results_to_csv_4.py","D2CEAB193CAF7E7BB42BEB3666253B879795D653AC809B4A64453F0294BC0B67","C:\SNS_24AutoProject_250723\scripts\export_session_results_to_csv_4.py","C:\SNS_24AutoProject_250723\scripts\export_session_results_to_csv_4.py"
"export_session_results_to_csv_4.py","D2CEAB193CAF7E7BB42BEB3666253B879795D653AC809B4A64453F0294BC0B67","C:\SNS_24AutoProject_250723\scripts\export_session_results_to_csv_4.py","C:\SNS_24AutoProject_250723\scripts\export_session_results_to_csv_4.py"
"export_session_results_to_csv_4.py","D2CEAB193CAF7E7BB42BEB3666253B879795D653AC809B4A64453F0294BC0B67","C:\SNS_24AutoProject_250723\scripts\export_session_results_to_csv_4.py","C:\SNS_24AutoProject_250723\scripts\export_session_results_to_csv_4.py"
"export_session_results_to_csv_4.py","D2CEAB193CAF7E7BB42BEB3666253B879795D653AC809B4A64453F0294BC0B67","C:\SNS_24AutoProject_250723\scripts\export_session_results_to_csv_4.py","C:\SNS_24AutoProject_250723\scripts\export_session_results_to_csv_4.py"
"export_session_results_to_csv_4.py","D2CEAB193CAF7E7BB42BEB3666253B879795D653AC809B4A64453F0294BC0B67","C:\SNS_24AutoProject_250723\scripts\export_session_results_to_csv_4.py","C:\SNS_24AutoProject_250723\scripts\export_session_results_to_csv_4.py"
"export_session_results_to_csv_5.py","D2CEAB193CAF7E7BB42BEB3666253B879795D653AC809B4A64453F0294BC0B67","C:\SNS_24AutoProject_250723\scripts\export_session_results_to_csv_5.py","C:\SNS_24AutoProject_250723\scripts\export_session_results_to_csv_5.py"
"export_session_results_to_csv_5.py","D2CEAB193CAF7E7BB42BEB3666253B879795D653AC809B4A64453F0294BC0B67","C:\SNS_24AutoProject_250723\scripts\export_session_results_to_csv_5.py","C:\SNS_24AutoProject_250723\scripts\export_session_results_to_csv_5.py"
"export_session_results_to_csv_5.py","D2CEAB193CAF7E7BB42BEB3666253B879795D653AC809B4A64453F0294BC0B67","C:\SNS_24AutoProject_250723\scripts\export_session_results_to_csv_5.py","C:\SNS_24AutoProject_250723\scripts\export_session_results_to_csv_5.py"
"export_session_results_to_csv_5.py","D2CEAB193CAF7E7BB42BEB3666253B879795D653AC809B4A64453F0294BC0B67","C:\SNS_24AutoProject_250723\scripts\export_session_results_to_csv_5.py","C:\SNS_24AutoProject_250723\scripts\export_session_results_to_csv_5.py"
"export_session_results_to_csv_5.py","D2CEAB193CAF7E7BB42BEB3666253B879795D653AC809B4A64453F0294BC0B67","C:\SNS_24AutoProject_250723\scripts\export_session_results_to_csv_5.py","C:\SNS_24AutoProject_250723\scripts\export_session_results_to_csv_5.py"
"export_session_results_to_csv_5.py","D2CEAB193CAF7E7BB42BEB3666253B879795D653AC809B4A64453F0294BC0B67","C:\SNS_24AutoProject_250723\scripts\export_session_results_to_csv_5.py","C:\SNS_24AutoProject_250723\scripts\export_session_results_to_csv_5.py"
"export_session_results_to_csv_6.py","D2CEAB193CAF7E7BB42BEB3666253B879795D653AC809B4A64453F0294BC0B67","C:\SNS_24AutoProject_250723\scripts\export_session_results_to_csv_6.py","C:\SNS_24AutoProject_250723\scripts\export_session_results_to_csv_6.py"
"export_session_results_to_csv_6.py","D2CEAB193CAF7E7BB42BEB3666253B879795D653AC809B4A64453F0294BC0B67","C:\SNS_24AutoProject_250723\scripts\export_session_results_to_csv_6.py","C:\SNS_24AutoProject_250723\scripts\export_session_results_to_csv_6.py"
"export_session_results_to_csv_6.py","D2CEAB193CAF7E7BB42BEB3666253B879795D653AC809B4A64453F0294BC0B67","C:\SNS_24AutoProject_250723\scripts\export_session_results_to_csv_6.py","C:\SNS_24AutoProject_250723\scripts\export_session_results_to_csv_6.py"
"export_session_results_to_csv_6.py","D2CEAB193CAF7E7BB42BEB3666253B879795D653AC809B4A64453F0294BC0B67","C:\SNS_24AutoProject_250723\scripts\export_session_results_to_csv_6.py","C:\SNS_24AutoProject_250723\scripts\export_session_results_to_csv_6.py"
"export_session_results_to_csv_6.py","D2CEAB193CAF7E7BB42BEB3666253B879795D653AC809B4A64453F0294BC0B67","C:\SNS_24AutoProject_250723\scripts\export_session_results_to_csv_6.py","C:\SNS_24AutoProject_250723\scripts\export_session_results_to_csv_6.py"
"export_session_results_to_csv_6.py","D2CEAB193CAF7E7BB42BEB3666253B879795D653AC809B4A64453F0294BC0B67","C:\SNS_24AutoProject_250723\scripts\export_session_results_to_csv_6.py","C:\SNS_24AutoProject_250723\scripts\export_session_results_to_csv_6.py"
"export_session_results_to_csv_with_datetime_1.py","5495A003EBDBC1BD5A64F9EF6116A6872513F73DC9E722AC22FF4868444231F6","C:\SNS_24AutoProject_250723\scripts\export_session_results_to_csv_with_datetime_1.py","C:\SNS_24AutoProject_250723\scripts\export_session_results_to_csv_with_datetime_1.py"
"export_session_results_to_csv_with_datetime_1.py","5495A003EBDBC1BD5A64F9EF6116A6872513F73DC9E722AC22FF4868444231F6","C:\SNS_24AutoProject_250723\scripts\export_session_results_to_csv_with_datetime_1.py","C:\SNS_24AutoProject_250723\scripts\export_session_results_to_csv_with_datetime_1.py"
"export_session_results_to_csv_with_datetime_1.py","5495A003EBDBC1BD5A64F9EF6116A6872513F73DC9E722AC22FF4868444231F6","C:\SNS_24AutoProject_250723\scripts\export_session_results_to_csv_with_datetime_1.py","C:\SNS_24AutoProject_250723\scripts\export_session_results_to_csv_with_datetime_1.py"
"export_session_results_to_csv_with_datetime_1.py","5495A003EBDBC1BD5A64F9EF6116A6872513F73DC9E722AC22FF4868444231F6","C:\SNS_24AutoProject_250723\scripts\export_session_results_to_csv_with_datetime_1.py","C:\SNS_24AutoProject_250723\scripts\export_session_results_to_csv_with_datetime_1.py"
"export_session_results_to_csv_with_datetime_1.py","5495A003EBDBC1BD5A64F9EF6116A6872513F73DC9E722AC22FF4868444231F6","C:\SNS_24AutoProject_250723\scripts\export_session_results_to_csv_with_datetime_1.py","C:\SNS_24AutoProject_250723\scripts\export_session_results_to_csv_with_datetime_1.py"
"export_session_results_to_csv_with_datetime_1.py","5495A003EBDBC1BD5A64F9EF6116A6872513F73DC9E722AC22FF4868444231F6","C:\SNS_24AutoProject_250723\scripts\export_session_results_to_csv_with_datetime_1.py","C:\SNS_24AutoProject_250723\scripts\export_session_results_to_csv_with_datetime_1.py"
"export_session_results_to_csv_with_datetime_2.py","5495A003EBDBC1BD5A64F9EF6116A6872513F73DC9E722AC22FF4868444231F6","C:\SNS_24AutoProject_250723\scripts\export_session_results_to_csv_with_datetime_2.py","C:\SNS_24AutoProject_250723\scripts\export_session_results_to_csv_with_datetime_2.py"
"export_session_results_to_csv_with_datetime_2.py","5495A003EBDBC1BD5A64F9EF6116A6872513F73DC9E722AC22FF4868444231F6","C:\SNS_24AutoProject_250723\scripts\export_session_results_to_csv_with_datetime_2.py","C:\SNS_24AutoProject_250723\scripts\export_session_results_to_csv_with_datetime_2.py"
"export_session_results_to_csv_with_datetime_2.py","5495A003EBDBC1BD5A64F9EF6116A6872513F73DC9E722AC22FF4868444231F6","C:\SNS_24AutoProject_250723\scripts\export_session_results_to_csv_with_datetime_2.py","C:\SNS_24AutoProject_250723\scripts\export_session_results_to_csv_with_datetime_2.py"
"export_session_results_to_csv_with_datetime_2.py","5495A003EBDBC1BD5A64F9EF6116A6872513F73DC9E722AC22FF4868444231F6","C:\SNS_24AutoProject_250723\scripts\export_session_results_to_csv_with_datetime_2.py","C:\SNS_24AutoProject_250723\scripts\export_session_results_to_csv_with_datetime_2.py"
"export_session_results_to_csv_with_datetime_2.py","5495A003EBDBC1BD5A64F9EF6116A6872513F73DC9E722AC22FF4868444231F6","C:\SNS_24AutoProject_250723\scripts\export_session_results_to_csv_with_datetime_2.py","C:\SNS_24AutoProject_250723\scripts\export_session_results_to_csv_with_datetime_2.py"
"export_session_results_to_csv_with_datetime_2.py","5495A003EBDBC1BD5A64F9EF6116A6872513F73DC9E722AC22FF4868444231F6","C:\SNS_24AutoProject_250723\scripts\export_session_results_to_csv_with_datetime_2.py","C:\SNS_24AutoProject_250723\scripts\export_session_results_to_csv_with_datetime_2.py"
"export_session_results_to_csv_with_datetime_3.py","5495A003EBDBC1BD5A64F9EF6116A6872513F73DC9E722AC22FF4868444231F6","C:\SNS_24AutoProject_250723\scripts\export_session_results_to_csv_with_datetime_3.py","C:\SNS_24AutoProject_250723\scripts\export_session_results_to_csv_with_datetime_3.py"
"export_session_results_to_csv_with_datetime_3.py","5495A003EBDBC1BD5A64F9EF6116A6872513F73DC9E722AC22FF4868444231F6","C:\SNS_24AutoProject_250723\scripts\export_session_results_to_csv_with_datetime_3.py","C:\SNS_24AutoProject_250723\scripts\export_session_results_to_csv_with_datetime_3.py"
"export_session_results_to_csv_with_datetime_3.py","5495A003EBDBC1BD5A64F9EF6116A6872513F73DC9E722AC22FF4868444231F6","C:\SNS_24AutoProject_250723\scripts\export_session_results_to_csv_with_datetime_3.py","C:\SNS_24AutoProject_250723\scripts\export_session_results_to_csv_with_datetime_3.py"
"export_session_results_to_csv_with_datetime_3.py","5495A003EBDBC1BD5A64F9EF6116A6872513F73DC9E722AC22FF4868444231F6","C:\SNS_24AutoProject_250723\scripts\export_session_results_to_csv_with_datetime_3.py","C:\SNS_24AutoProject_250723\scripts\export_session_results_to_csv_with_datetime_3.py"
"export_session_results_to_csv_with_datetime_3.py","5495A003EBDBC1BD5A64F9EF6116A6872513F73DC9E722AC22FF4868444231F6","C:\SNS_24AutoProject_250723\scripts\export_session_results_to_csv_with_datetime_3.py","C:\SNS_24AutoProject_250723\scripts\export_session_results_to_csv_with_datetime_3.py"
"export_session_results_to_csv_with_datetime_3.py","5495A003EBDBC1BD5A64F9EF6116A6872513F73DC9E722AC22FF4868444231F6","C:\SNS_24AutoProject_250723\scripts\export_session_results_to_csv_with_datetime_3.py","C:\SNS_24AutoProject_250723\scripts\export_session_results_to_csv_with_datetime_3.py"
"export_session_results_to_csv_with_datetime_4.py","5495A003EBDBC1BD5A64F9EF6116A6872513F73DC9E722AC22FF4868444231F6","C:\SNS_24AutoProject_250723\scripts\export_session_results_to_csv_with_datetime_4.py","C:\SNS_24AutoProject_250723\scripts\export_session_results_to_csv_with_datetime_4.py"
"export_session_results_to_csv_with_datetime_4.py","5495A003EBDBC1BD5A64F9EF6116A6872513F73DC9E722AC22FF4868444231F6","C:\SNS_24AutoProject_250723\scripts\export_session_results_to_csv_with_datetime_4.py","C:\SNS_24AutoProject_250723\scripts\export_session_results_to_csv_with_datetime_4.py"
"export_session_results_to_csv_with_datetime_4.py","5495A003EBDBC1BD5A64F9EF6116A6872513F73DC9E722AC22FF4868444231F6","C:\SNS_24AutoProject_250723\scripts\export_session_results_to_csv_with_datetime_4.py","C:\SNS_24AutoProject_250723\scripts\export_session_results_to_csv_with_datetime_4.py"
"export_session_results_to_csv_with_datetime_4.py","5495A003EBDBC1BD5A64F9EF6116A6872513F73DC9E722AC22FF4868444231F6","C:\SNS_24AutoProject_250723\scripts\export_session_results_to_csv_with_datetime_4.py","C:\SNS_24AutoProject_250723\scripts\export_session_results_to_csv_with_datetime_4.py"
"export_session_results_to_csv_with_datetime_4.py","5495A003EBDBC1BD5A64F9EF6116A6872513F73DC9E722AC22FF4868444231F6","C:\SNS_24AutoProject_250723\scripts\export_session_results_to_csv_with_datetime_4.py","C:\SNS_24AutoProject_250723\scripts\export_session_results_to_csv_with_datetime_4.py"
"export_session_results_to_csv_with_datetime_4.py","5495A003EBDBC1BD5A64F9EF6116A6872513F73DC9E722AC22FF4868444231F6","C:\SNS_24AutoProject_250723\scripts\export_session_results_to_csv_with_datetime_4.py","C:\SNS_24AutoProject_250723\scripts\export_session_results_to_csv_with_datetime_4.py"
"export_session_results_to_csv_with_datetime_5.py","5495A003EBDBC1BD5A64F9EF6116A6872513F73DC9E722AC22FF4868444231F6","C:\SNS_24AutoProject_250723\scripts\export_session_results_to_csv_with_datetime_5.py","C:\SNS_24AutoProject_250723\scripts\export_session_results_to_csv_with_datetime_5.py"
"export_session_results_to_csv_with_datetime_5.py","5495A003EBDBC1BD5A64F9EF6116A6872513F73DC9E722AC22FF4868444231F6","C:\SNS_24AutoProject_250723\scripts\export_session_results_to_csv_with_datetime_5.py","C:\SNS_24AutoProject_250723\scripts\export_session_results_to_csv_with_datetime_5.py"
"export_session_results_to_csv_with_datetime_5.py","5495A003EBDBC1BD5A64F9EF6116A6872513F73DC9E722AC22FF4868444231F6","C:\SNS_24AutoProject_250723\scripts\export_session_results_to_csv_with_datetime_5.py","C:\SNS_24AutoProject_250723\scripts\export_session_results_to_csv_with_datetime_5.py"
"export_session_results_to_csv_with_datetime_5.py","5495A003EBDBC1BD5A64F9EF6116A6872513F73DC9E722AC22FF4868444231F6","C:\SNS_24AutoProject_250723\scripts\export_session_results_to_csv_with_datetime_5.py","C:\SNS_24AutoProject_250723\scripts\export_session_results_to_csv_with_datetime_5.py"
"export_session_results_to_csv_with_datetime_5.py","5495A003EBDBC1BD5A64F9EF6116A6872513F73DC9E722AC22FF4868444231F6","C:\SNS_24AutoProject_250723\scripts\export_session_results_to_csv_with_datetime_5.py","C:\SNS_24AutoProject_250723\scripts\export_session_results_to_csv_with_datetime_5.py"
"export_session_results_to_csv_with_datetime_5.py","5495A003EBDBC1BD5A64F9EF6116A6872513F73DC9E722AC22FF4868444231F6","C:\SNS_24AutoProject_250723\scripts\export_session_results_to_csv_with_datetime_5.py","C:\SNS_24AutoProject_250723\scripts\export_session_results_to_csv_with_datetime_5.py"
"export_session_results_to_csv_with_datetime_6.py","5495A003EBDBC1BD5A64F9EF6116A6872513F73DC9E722AC22FF4868444231F6","C:\SNS_24AutoProject_250723\scripts\export_session_results_to_csv_with_datetime_6.py","C:\SNS_24AutoProject_250723\scripts\export_session_results_to_csv_with_datetime_6.py"
"export_session_results_to_csv_with_datetime_6.py","5495A003EBDBC1BD5A64F9EF6116A6872513F73DC9E722AC22FF4868444231F6","C:\SNS_24AutoProject_250723\scripts\export_session_results_to_csv_with_datetime_6.py","C:\SNS_24AutoProject_250723\scripts\export_session_results_to_csv_with_datetime_6.py"
"export_session_results_to_csv_with_datetime_6.py","5495A003EBDBC1BD5A64F9EF6116A6872513F73DC9E722AC22FF4868444231F6","C:\SNS_24AutoProject_250723\scripts\export_session_results_to_csv_with_datetime_6.py","C:\SNS_24AutoProject_250723\scripts\export_session_results_to_csv_with_datetime_6.py"
"export_session_results_to_csv_with_datetime_6.py","5495A003EBDBC1BD5A64F9EF6116A6872513F73DC9E722AC22FF4868444231F6","C:\SNS_24AutoProject_250723\scripts\export_session_results_to_csv_with_datetime_6.py","C:\SNS_24AutoProject_250723\scripts\export_session_results_to_csv_with_datetime_6.py"
"export_session_results_to_csv_with_datetime_6.py","5495A003EBDBC1BD5A64F9EF6116A6872513F73DC9E722AC22FF4868444231F6","C:\SNS_24AutoProject_250723\scripts\export_session_results_to_csv_with_datetime_6.py","C:\SNS_24AutoProject_250723\scripts\export_session_results_to_csv_with_datetime_6.py"
"export_session_results_to_csv_with_datetime_6.py","5495A003EBDBC1BD5A64F9EF6116A6872513F73DC9E722AC22FF4868444231F6","C:\SNS_24AutoProject_250723\scripts\export_session_results_to_csv_with_datetime_6.py","C:\SNS_24AutoProject_250723\scripts\export_session_results_to_csv_with_datetime_6.py"
"export_session_results_with_datetime_1.py","8A8ABB2D53667611847D8CDB028C1105B370C678373111F3258285D7264BCB09","C:\SNS_24AutoProject_250723\scripts\export_session_results_with_datetime_1.py","C:\SNS_24AutoProject_250723\scripts\export_session_results_with_datetime_1.py"
"export_session_results_with_datetime_1.py","8A8ABB2D53667611847D8CDB028C1105B370C678373111F3258285D7264BCB09","C:\SNS_24AutoProject_250723\scripts\export_session_results_with_datetime_1.py","C:\SNS_24AutoProject_250723\scripts\export_session_results_with_datetime_1.py"
"export_session_results_with_datetime_1.py","8A8ABB2D53667611847D8CDB028C1105B370C678373111F3258285D7264BCB09","C:\SNS_24AutoProject_250723\scripts\export_session_results_with_datetime_1.py","C:\SNS_24AutoProject_250723\scripts\export_session_results_with_datetime_1.py"
"export_session_results_with_datetime_1.py","8A8ABB2D53667611847D8CDB028C1105B370C678373111F3258285D7264BCB09","C:\SNS_24AutoProject_250723\scripts\export_session_results_with_datetime_1.py","C:\SNS_24AutoProject_250723\scripts\export_session_results_with_datetime_1.py"
"export_session_results_with_datetime_1.py","8A8ABB2D53667611847D8CDB028C1105B370C678373111F3258285D7264BCB09","C:\SNS_24AutoProject_250723\scripts\export_session_results_with_datetime_1.py","C:\SNS_24AutoProject_250723\scripts\export_session_results_with_datetime_1.py"
"export_session_results_with_datetime_1.py","8A8ABB2D53667611847D8CDB028C1105B370C678373111F3258285D7264BCB09","C:\SNS_24AutoProject_250723\scripts\export_session_results_with_datetime_1.py","C:\SNS_24AutoProject_250723\scripts\export_session_results_with_datetime_1.py"
"export_session_results_with_datetime_2.py","8A8ABB2D53667611847D8CDB028C1105B370C678373111F3258285D7264BCB09","C:\SNS_24AutoProject_250723\scripts\export_session_results_with_datetime_2.py","C:\SNS_24AutoProject_250723\scripts\export_session_results_with_datetime_2.py"
"export_session_results_with_datetime_2.py","8A8ABB2D53667611847D8CDB028C1105B370C678373111F3258285D7264BCB09","C:\SNS_24AutoProject_250723\scripts\export_session_results_with_datetime_2.py","C:\SNS_24AutoProject_250723\scripts\export_session_results_with_datetime_2.py"
"export_session_results_with_datetime_2.py","8A8ABB2D53667611847D8CDB028C1105B370C678373111F3258285D7264BCB09","C:\SNS_24AutoProject_250723\scripts\export_session_results_with_datetime_2.py","C:\SNS_24AutoProject_250723\scripts\export_session_results_with_datetime_2.py"
"export_session_results_with_datetime_2.py","8A8ABB2D53667611847D8CDB028C1105B370C678373111F3258285D7264BCB09","C:\SNS_24AutoProject_250723\scripts\export_session_results_with_datetime_2.py","C:\SNS_24AutoProject_250723\scripts\export_session_results_with_datetime_2.py"
"export_session_results_with_datetime_2.py","8A8ABB2D53667611847D8CDB028C1105B370C678373111F3258285D7264BCB09","C:\SNS_24AutoProject_250723\scripts\export_session_results_with_datetime_2.py","C:\SNS_24AutoProject_250723\scripts\export_session_results_with_datetime_2.py"
"export_session_results_with_datetime_2.py","8A8ABB2D53667611847D8CDB028C1105B370C678373111F3258285D7264BCB09","C:\SNS_24AutoProject_250723\scripts\export_session_results_with_datetime_2.py","C:\SNS_24AutoProject_250723\scripts\export_session_results_with_datetime_2.py"
"export_session_results_with_datetime_3.py","8A8ABB2D53667611847D8CDB028C1105B370C678373111F3258285D7264BCB09","C:\SNS_24AutoProject_250723\scripts\export_session_results_with_datetime_3.py","C:\SNS_24AutoProject_250723\scripts\export_session_results_with_datetime_3.py"
"export_session_results_with_datetime_3.py","8A8ABB2D53667611847D8CDB028C1105B370C678373111F3258285D7264BCB09","C:\SNS_24AutoProject_250723\scripts\export_session_results_with_datetime_3.py","C:\SNS_24AutoProject_250723\scripts\export_session_results_with_datetime_3.py"
"export_session_results_with_datetime_3.py","8A8ABB2D53667611847D8CDB028C1105B370C678373111F3258285D7264BCB09","C:\SNS_24AutoProject_250723\scripts\export_session_results_with_datetime_3.py","C:\SNS_24AutoProject_250723\scripts\export_session_results_with_datetime_3.py"
"export_session_results_with_datetime_3.py","8A8ABB2D53667611847D8CDB028C1105B370C678373111F3258285D7264BCB09","C:\SNS_24AutoProject_250723\scripts\export_session_results_with_datetime_3.py","C:\SNS_24AutoProject_250723\scripts\export_session_results_with_datetime_3.py"
"export_session_results_with_datetime_3.py","8A8ABB2D53667611847D8CDB028C1105B370C678373111F3258285D7264BCB09","C:\SNS_24AutoProject_250723\scripts\export_session_results_with_datetime_3.py","C:\SNS_24AutoProject_250723\scripts\export_session_results_with_datetime_3.py"
"export_session_results_with_datetime_3.py","8A8ABB2D53667611847D8CDB028C1105B370C678373111F3258285D7264BCB09","C:\SNS_24AutoProject_250723\scripts\export_session_results_with_datetime_3.py","C:\SNS_24AutoProject_250723\scripts\export_session_results_with_datetime_3.py"
"export_session_results_with_datetime_4.py","8A8ABB2D53667611847D8CDB028C1105B370C678373111F3258285D7264BCB09","C:\SNS_24AutoProject_250723\scripts\export_session_results_with_datetime_4.py","C:\SNS_24AutoProject_250723\scripts\export_session_results_with_datetime_4.py"
"export_session_results_with_datetime_4.py","8A8ABB2D53667611847D8CDB028C1105B370C678373111F3258285D7264BCB09","C:\SNS_24AutoProject_250723\scripts\export_session_results_with_datetime_4.py","C:\SNS_24AutoProject_250723\scripts\export_session_results_with_datetime_4.py"
"export_session_results_with_datetime_4.py","8A8ABB2D53667611847D8CDB028C1105B370C678373111F3258285D7264BCB09","C:\SNS_24AutoProject_250723\scripts\export_session_results_with_datetime_4.py","C:\SNS_24AutoProject_250723\scripts\export_session_results_with_datetime_4.py"
"export_session_results_with_datetime_4.py","8A8ABB2D53667611847D8CDB028C1105B370C678373111F3258285D7264BCB09","C:\SNS_24AutoProject_250723\scripts\export_session_results_with_datetime_4.py","C:\SNS_24AutoProject_250723\scripts\export_session_results_with_datetime_4.py"
"export_session_results_with_datetime_4.py","8A8ABB2D53667611847D8CDB028C1105B370C678373111F3258285D7264BCB09","C:\SNS_24AutoProject_250723\scripts\export_session_results_with_datetime_4.py","C:\SNS_24AutoProject_250723\scripts\export_session_results_with_datetime_4.py"
"export_session_results_with_datetime_4.py","8A8ABB2D53667611847D8CDB028C1105B370C678373111F3258285D7264BCB09","C:\SNS_24AutoProject_250723\scripts\export_session_results_with_datetime_4.py","C:\SNS_24AutoProject_250723\scripts\export_session_results_with_datetime_4.py"
"export_session_results_with_datetime_5.py","8A8ABB2D53667611847D8CDB028C1105B370C678373111F3258285D7264BCB09","C:\SNS_24AutoProject_250723\scripts\export_session_results_with_datetime_5.py","C:\SNS_24AutoProject_250723\scripts\export_session_results_with_datetime_5.py"
"export_session_results_with_datetime_5.py","8A8ABB2D53667611847D8CDB028C1105B370C678373111F3258285D7264BCB09","C:\SNS_24AutoProject_250723\scripts\export_session_results_with_datetime_5.py","C:\SNS_24AutoProject_250723\scripts\export_session_results_with_datetime_5.py"
"export_session_results_with_datetime_5.py","8A8ABB2D53667611847D8CDB028C1105B370C678373111F3258285D7264BCB09","C:\SNS_24AutoProject_250723\scripts\export_session_results_with_datetime_5.py","C:\SNS_24AutoProject_250723\scripts\export_session_results_with_datetime_5.py"
"export_session_results_with_datetime_5.py","8A8ABB2D53667611847D8CDB028C1105B370C678373111F3258285D7264BCB09","C:\SNS_24AutoProject_250723\scripts\export_session_results_with_datetime_5.py","C:\SNS_24AutoProject_250723\scripts\export_session_results_with_datetime_5.py"
"export_session_results_with_datetime_5.py","8A8ABB2D53667611847D8CDB028C1105B370C678373111F3258285D7264BCB09","C:\SNS_24AutoProject_250723\scripts\export_session_results_with_datetime_5.py","C:\SNS_24AutoProject_250723\scripts\export_session_results_with_datetime_5.py"
"export_session_results_with_datetime_5.py","8A8ABB2D53667611847D8CDB028C1105B370C678373111F3258285D7264BCB09","C:\SNS_24AutoProject_250723\scripts\export_session_results_with_datetime_5.py","C:\SNS_24AutoProject_250723\scripts\export_session_results_with_datetime_5.py"
"export_session_results_with_datetime_6.py","8A8ABB2D53667611847D8CDB028C1105B370C678373111F3258285D7264BCB09","C:\SNS_24AutoProject_250723\scripts\export_session_results_with_datetime_6.py","C:\SNS_24AutoProject_250723\scripts\export_session_results_with_datetime_6.py"
"export_session_results_with_datetime_6.py","8A8ABB2D53667611847D8CDB028C1105B370C678373111F3258285D7264BCB09","C:\SNS_24AutoProject_250723\scripts\export_session_results_with_datetime_6.py","C:\SNS_24AutoProject_250723\scripts\export_session_results_with_datetime_6.py"
"export_session_results_with_datetime_6.py","8A8ABB2D53667611847D8CDB028C1105B370C678373111F3258285D7264BCB09","C:\SNS_24AutoProject_250723\scripts\export_session_results_with_datetime_6.py","C:\SNS_24AutoProject_250723\scripts\export_session_results_with_datetime_6.py"
"export_session_results_with_datetime_6.py","8A8ABB2D53667611847D8CDB028C1105B370C678373111F3258285D7264BCB09","C:\SNS_24AutoProject_250723\scripts\export_session_results_with_datetime_6.py","C:\SNS_24AutoProject_250723\scripts\export_session_results_with_datetime_6.py"
"export_session_results_with_datetime_6.py","8A8ABB2D53667611847D8CDB028C1105B370C678373111F3258285D7264BCB09","C:\SNS_24AutoProject_250723\scripts\export_session_results_with_datetime_6.py","C:\SNS_24AutoProject_250723\scripts\export_session_results_with_datetime_6.py"
"export_session_results_with_datetime_6.py","8A8ABB2D53667611847D8CDB028C1105B370C678373111F3258285D7264BCB09","C:\SNS_24AutoProject_250723\scripts\export_session_results_with_datetime_6.py","C:\SNS_24AutoProject_250723\scripts\export_session_results_with_datetime_6.py"
"export_session_results_with_datetime_excel_1.py","ED9ABAB8A16CBFE399A1A361397B16E7878C2AC6693711F3BB911DBBD4F0FC8A","C:\SNS_24AutoProject_250723\scripts\export_session_results_with_datetime_excel_1.py","C:\SNS_24AutoProject_250723\scripts\export_session_results_with_datetime_excel_1.py"
"export_session_results_with_datetime_excel_1.py","ED9ABAB8A16CBFE399A1A361397B16E7878C2AC6693711F3BB911DBBD4F0FC8A","C:\SNS_24AutoProject_250723\scripts\export_session_results_with_datetime_excel_1.py","C:\SNS_24AutoProject_250723\scripts\export_session_results_with_datetime_excel_1.py"
"export_session_results_with_datetime_excel_1.py","ED9ABAB8A16CBFE399A1A361397B16E7878C2AC6693711F3BB911DBBD4F0FC8A","C:\SNS_24AutoProject_250723\scripts\export_session_results_with_datetime_excel_1.py","C:\SNS_24AutoProject_250723\scripts\export_session_results_with_datetime_excel_1.py"
"export_session_results_with_datetime_excel_1.py","ED9ABAB8A16CBFE399A1A361397B16E7878C2AC6693711F3BB911DBBD4F0FC8A","C:\SNS_24AutoProject_250723\scripts\export_session_results_with_datetime_excel_1.py","C:\SNS_24AutoProject_250723\scripts\export_session_results_with_datetime_excel_1.py"
"export_session_results_with_datetime_excel_1.py","ED9ABAB8A16CBFE399A1A361397B16E7878C2AC6693711F3BB911DBBD4F0FC8A","C:\SNS_24AutoProject_250723\scripts\export_session_results_with_datetime_excel_1.py","C:\SNS_24AutoProject_250723\scripts\export_session_results_with_datetime_excel_1.py"
"export_session_results_with_datetime_excel_1.py","ED9ABAB8A16CBFE399A1A361397B16E7878C2AC6693711F3BB911DBBD4F0FC8A","C:\SNS_24AutoProject_250723\scripts\export_session_results_with_datetime_excel_1.py","C:\SNS_24AutoProject_250723\scripts\export_session_results_with_datetime_excel_1.py"
"export_session_results_with_datetime_excel_2.py","ED9ABAB8A16CBFE399A1A361397B16E7878C2AC6693711F3BB911DBBD4F0FC8A","C:\SNS_24AutoProject_250723\scripts\export_session_results_with_datetime_excel_2.py","C:\SNS_24AutoProject_250723\scripts\export_session_results_with_datetime_excel_2.py"
"export_session_results_with_datetime_excel_2.py","ED9ABAB8A16CBFE399A1A361397B16E7878C2AC6693711F3BB911DBBD4F0FC8A","C:\SNS_24AutoProject_250723\scripts\export_session_results_with_datetime_excel_2.py","C:\SNS_24AutoProject_250723\scripts\export_session_results_with_datetime_excel_2.py"
"export_session_results_with_datetime_excel_2.py","ED9ABAB8A16CBFE399A1A361397B16E7878C2AC6693711F3BB911DBBD4F0FC8A","C:\SNS_24AutoProject_250723\scripts\export_session_results_with_datetime_excel_2.py","C:\SNS_24AutoProject_250723\scripts\export_session_results_with_datetime_excel_2.py"
"export_session_results_with_datetime_excel_2.py","ED9ABAB8A16CBFE399A1A361397B16E7878C2AC6693711F3BB911DBBD4F0FC8A","C:\SNS_24AutoProject_250723\scripts\export_session_results_with_datetime_excel_2.py","C:\SNS_24AutoProject_250723\scripts\export_session_results_with_datetime_excel_2.py"
"export_session_results_with_datetime_excel_2.py","ED9ABAB8A16CBFE399A1A361397B16E7878C2AC6693711F3BB911DBBD4F0FC8A","C:\SNS_24AutoProject_250723\scripts\export_session_results_with_datetime_excel_2.py","C:\SNS_24AutoProject_250723\scripts\export_session_results_with_datetime_excel_2.py"
"export_session_results_with_datetime_excel_2.py","ED9ABAB8A16CBFE399A1A361397B16E7878C2AC6693711F3BB911DBBD4F0FC8A","C:\SNS_24AutoProject_250723\scripts\export_session_results_with_datetime_excel_2.py","C:\SNS_24AutoProject_250723\scripts\export_session_results_with_datetime_excel_2.py"
"export_session_results_with_datetime_excel_3.py","ED9ABAB8A16CBFE399A1A361397B16E7878C2AC6693711F3BB911DBBD4F0FC8A","C:\SNS_24AutoProject_250723\scripts\export_session_results_with_datetime_excel_3.py","C:\SNS_24AutoProject_250723\scripts\export_session_results_with_datetime_excel_3.py"
"export_session_results_with_datetime_excel_3.py","ED9ABAB8A16CBFE399A1A361397B16E7878C2AC6693711F3BB911DBBD4F0FC8A","C:\SNS_24AutoProject_250723\scripts\export_session_results_with_datetime_excel_3.py","C:\SNS_24AutoProject_250723\scripts\export_session_results_with_datetime_excel_3.py"
"export_session_results_with_datetime_excel_3.py","ED9ABAB8A16CBFE399A1A361397B16E7878C2AC6693711F3BB911DBBD4F0FC8A","C:\SNS_24AutoProject_250723\scripts\export_session_results_with_datetime_excel_3.py","C:\SNS_24AutoProject_250723\scripts\export_session_results_with_datetime_excel_3.py"
"export_session_results_with_datetime_excel_3.py","ED9ABAB8A16CBFE399A1A361397B16E7878C2AC6693711F3BB911DBBD4F0FC8A","C:\SNS_24AutoProject_250723\scripts\export_session_results_with_datetime_excel_3.py","C:\SNS_24AutoProject_250723\scripts\export_session_results_with_datetime_excel_3.py"
"export_session_results_with_datetime_excel_3.py","ED9ABAB8A16CBFE399A1A361397B16E7878C2AC6693711F3BB911DBBD4F0FC8A","C:\SNS_24AutoProject_250723\scripts\export_session_results_with_datetime_excel_3.py","C:\SNS_24AutoProject_250723\scripts\export_session_results_with_datetime_excel_3.py"
"export_session_results_with_datetime_excel_3.py","ED9ABAB8A16CBFE399A1A361397B16E7878C2AC6693711F3BB911DBBD4F0FC8A","C:\SNS_24AutoProject_250723\scripts\export_session_results_with_datetime_excel_3.py","C:\SNS_24AutoProject_250723\scripts\export_session_results_with_datetime_excel_3.py"
"export_session_results_with_datetime_excel_4.py","ED9ABAB8A16CBFE399A1A361397B16E7878C2AC6693711F3BB911DBBD4F0FC8A","C:\SNS_24AutoProject_250723\scripts\export_session_results_with_datetime_excel_4.py","C:\SNS_24AutoProject_250723\scripts\export_session_results_with_datetime_excel_4.py"
"export_session_results_with_datetime_excel_4.py","ED9ABAB8A16CBFE399A1A361397B16E7878C2AC6693711F3BB911DBBD4F0FC8A","C:\SNS_24AutoProject_250723\scripts\export_session_results_with_datetime_excel_4.py","C:\SNS_24AutoProject_250723\scripts\export_session_results_with_datetime_excel_4.py"
"export_session_results_with_datetime_excel_4.py","ED9ABAB8A16CBFE399A1A361397B16E7878C2AC6693711F3BB911DBBD4F0FC8A","C:\SNS_24AutoProject_250723\scripts\export_session_results_with_datetime_excel_4.py","C:\SNS_24AutoProject_250723\scripts\export_session_results_with_datetime_excel_4.py"
"export_session_results_with_datetime_excel_4.py","ED9ABAB8A16CBFE399A1A361397B16E7878C2AC6693711F3BB911DBBD4F0FC8A","C:\SNS_24AutoProject_250723\scripts\export_session_results_with_datetime_excel_4.py","C:\SNS_24AutoProject_250723\scripts\export_session_results_with_datetime_excel_4.py"
"export_session_results_with_datetime_excel_4.py","ED9ABAB8A16CBFE399A1A361397B16E7878C2AC6693711F3BB911DBBD4F0FC8A","C:\SNS_24AutoProject_250723\scripts\export_session_results_with_datetime_excel_4.py","C:\SNS_24AutoProject_250723\scripts\export_session_results_with_datetime_excel_4.py"
"export_session_results_with_datetime_excel_4.py","ED9ABAB8A16CBFE399A1A361397B16E7878C2AC6693711F3BB911DBBD4F0FC8A","C:\SNS_24AutoProject_250723\scripts\export_session_results_with_datetime_excel_4.py","C:\SNS_24AutoProject_250723\scripts\export_session_results_with_datetime_excel_4.py"
"export_session_results_with_datetime_excel_5.py","ED9ABAB8A16CBFE399A1A361397B16E7878C2AC6693711F3BB911DBBD4F0FC8A","C:\SNS_24AutoProject_250723\scripts\export_session_results_with_datetime_excel_5.py","C:\SNS_24AutoProject_250723\scripts\export_session_results_with_datetime_excel_5.py"
"export_session_results_with_datetime_excel_5.py","ED9ABAB8A16CBFE399A1A361397B16E7878C2AC6693711F3BB911DBBD4F0FC8A","C:\SNS_24AutoProject_250723\scripts\export_session_results_with_datetime_excel_5.py","C:\SNS_24AutoProject_250723\scripts\export_session_results_with_datetime_excel_5.py"
"export_session_results_with_datetime_excel_5.py","ED9ABAB8A16CBFE399A1A361397B16E7878C2AC6693711F3BB911DBBD4F0FC8A","C:\SNS_24AutoProject_250723\scripts\export_session_results_with_datetime_excel_5.py","C:\SNS_24AutoProject_250723\scripts\export_session_results_with_datetime_excel_5.py"
"export_session_results_with_datetime_excel_5.py","ED9ABAB8A16CBFE399A1A361397B16E7878C2AC6693711F3BB911DBBD4F0FC8A","C:\SNS_24AutoProject_250723\scripts\export_session_results_with_datetime_excel_5.py","C:\SNS_24AutoProject_250723\scripts\export_session_results_with_datetime_excel_5.py"
"export_session_results_with_datetime_excel_5.py","ED9ABAB8A16CBFE399A1A361397B16E7878C2AC6693711F3BB911DBBD4F0FC8A","C:\SNS_24AutoProject_250723\scripts\export_session_results_with_datetime_excel_5.py","C:\SNS_24AutoProject_250723\scripts\export_session_results_with_datetime_excel_5.py"
"export_session_results_with_datetime_excel_5.py","ED9ABAB8A16CBFE399A1A361397B16E7878C2AC6693711F3BB911DBBD4F0FC8A","C:\SNS_24AutoProject_250723\scripts\export_session_results_with_datetime_excel_5.py","C:\SNS_24AutoProject_250723\scripts\export_session_results_with_datetime_excel_5.py"
"export_session_results_with_datetime_excel_6.py","ED9ABAB8A16CBFE399A1A361397B16E7878C2AC6693711F3BB911DBBD4F0FC8A","C:\SNS_24AutoProject_250723\scripts\export_session_results_with_datetime_excel_6.py","C:\SNS_24AutoProject_250723\scripts\export_session_results_with_datetime_excel_6.py"
"export_session_results_with_datetime_excel_6.py","ED9ABAB8A16CBFE399A1A361397B16E7878C2AC6693711F3BB911DBBD4F0FC8A","C:\SNS_24AutoProject_250723\scripts\export_session_results_with_datetime_excel_6.py","C:\SNS_24AutoProject_250723\scripts\export_session_results_with_datetime_excel_6.py"
"export_session_results_with_datetime_excel_6.py","ED9ABAB8A16CBFE399A1A361397B16E7878C2AC6693711F3BB911DBBD4F0FC8A","C:\SNS_24AutoProject_250723\scripts\export_session_results_with_datetime_excel_6.py","C:\SNS_24AutoProject_250723\scripts\export_session_results_with_datetime_excel_6.py"
"export_session_results_with_datetime_excel_6.py","ED9ABAB8A16CBFE399A1A361397B16E7878C2AC6693711F3BB911DBBD4F0FC8A","C:\SNS_24AutoProject_250723\scripts\export_session_results_with_datetime_excel_6.py","C:\SNS_24AutoProject_250723\scripts\export_session_results_with_datetime_excel_6.py"
"export_session_results_with_datetime_excel_6.py","ED9ABAB8A16CBFE399A1A361397B16E7878C2AC6693711F3BB911DBBD4F0FC8A","C:\SNS_24AutoProject_250723\scripts\export_session_results_with_datetime_excel_6.py","C:\SNS_24AutoProject_250723\scripts\export_session_results_with_datetime_excel_6.py"
"export_session_results_with_datetime_excel_6.py","ED9ABAB8A16CBFE399A1A361397B16E7878C2AC6693711F3BB911DBBD4F0FC8A","C:\SNS_24AutoProject_250723\scripts\export_session_results_with_datetime_excel_6.py","C:\SNS_24AutoProject_250723\scripts\export_session_results_with_datetime_excel_6.py"
