"filename","sha256"
".coverage","8E6F3AB760F6974A3AB2846556E8B42543B6D1DA68063F408204E2EF3E6B96D2"
".env","97863ED56588835816873F82A865DC13CF20BC3C35DA381B19CC3EC6A3ABC847"
".env.example","167EC2A55DF73084D8AEF84498845BA7D2D4C2497A8B07A1C4090995BF565C7E"
".gitattributes","D773723CFC191C29D7B3557857BD2B5B7895E01DEBDCC4580D40B8F8CD51EDCC"
".pre-commit-config.yaml","705CBEA77FC8EAE48132B7CAA8C2372479515B72E5C0C070BD8C39FC0CC37DC1"
".pylintrc","4F562FF7066E4FFCC7C359E4480CCF7810FD79D7FC4D696DC835210880D13870"
"broken_files.txt","C2090B3009E3DCEB804323B506490F540D24449BDB1D8A8BA8E546E57DFB1ABE"
"check_schema.py","0707AED99A490E2F6A4AD5FE64094E2494FB5306F1BEB5F7187A0913DBE5173F"
"check_tables.py","C24FD6493C1A0FAFD292A95875F413E95D52448799823DC79E20CD0B11B26E48"
"code_rules.txt","CF1B2ABABEB226FFB1A39801A8331596189DD504677B122EC0F210F16ED7E42E"
"confirmed_compile_failed_250723.txt","592CA64E14D9EF59D80EB5CEB850E81BBDACEA35F40D6552A6815DFC49A8ECE4"
"encoding_clean_log_0804.txt","DCF3E785EF2564ACB4DE0B864A74E380E982B8EC5A4D352AC813DB8AF2B9FAD8"
"encoding_report_0804.txt","E658A5033038E09A37AC8870F668BAD6FA45B7A91E00828BE9F9EEC7FAFBA2BA"
"get-pip.py","3E2D676AAF596726D0CD2265FCA1D3D9F0FAD9BBE86DA7349245A68E03DDFAD7"
"hash_verify_20250729_2313.csv","86487B9C00DB416CDBE7ABB17CA2C4D499C282EBDBD22AD3E47200F021708E52"
"hash_verify_20250729_2343.csv","DCFAC0006E841C21928E38391C1995F810925BC15AEB13D80EC4A30076CF42F2"
"hash_verify_20250730_0020.csv","FEA1C68A5BC3095535B8B1336C556FF8349AC70C5DE13D12D5852E8155450B36"
"hash_verify_20250730_1948.csv","12D69E510EB3E10BA82F8DCDBA2090A200473DE0B3A2D644DF06FA049D48C7F6"
"hash_verify_20250730_2353.csv","0700504A5F6D14C4758B63ABAEE93589827AB68E43EC75D154878895AE6799B0"
"hash_verify_20250731_0004.csv","5D93FE9F983E0E818AE44CB7B3D691E9E406C5C765AAC7D049D9DB716E4E7431"
"hash_verify_20250731_1436.csv","700564D513DFE9F23B25EA45A4601AB825D7E64CD5BEFC0097A1394D76C9EFE4"
"import_map.txt","F8EBA213D81157CDA6BFC006108D79988790CA231759D8D1599D91D9A503DBC7"
"import_trace.log","E269019B817C7C1144D08B6E199B8E57C0A5C20ECACC183A4E128DB1282AE174"
"integrity_fingerprint_0804.json","017238D2075EA1CADD8FD19042F975439ED96A2FA792E3F36906222EF45B556B"
"manual_import.dot","74FCD6E6B2BA278037BBFAC3D0631DD626ADB1EB0A2B9DB9529F7E08D1B0DD27"
"mastertree.txt","C07F29A451858E8EC0547A3F017BC509A5B48B791CA25283814A32D7FA5E48E3"
"mastertree_map_full_generated.txt","FEAFF80DE8BB14E0E3BFD9EEB78F76DC30E3F1B1849E6299874DB2016FFDCCF4"
"mastertree_map_full_generated.txt.lnk","0B4CF89EB06F0A45F51BA87D847C32CCD4161B6BEA9A484A2EF763720CD09278"
"master_hashes.json","910A188AAF1E5515E7638FBBC4E272C787EEF9F68637B560F435B07B15CB4509"
"missfiles_2505_0807_1616.csv","F179BCAE9873C493FAF8DF5D4D9CDA490D13AB3A217F4AA0E8BD9A17FF39A556"
"pylint_mastertree_result_0804.txt","FD51838ED91095F9F7A34603695753317C2EA9C53A2F3698D8A11BD835EC8B79"
"pylint_tests_report.txt","B3FC1B2CE33176E646631478D1BCAE587291A489DE714D699B4A1EFF2A137127"
"pytest.ini","C8F620EEF51752243DA35A27E95EDAB497A607CC13068479136F6231E290EB63"
"refined_suspects_250723.txt","637B885929695EEA016AE96E1FAA78A86D7C3D805340F60CEB8FD84455514C0B"
"requirements.txt","E3B0C44298FC1C149AFBF4C8996FB92427AE41E4649B934CA495991B7852B855"
"reset_db.py","4E8ED434454579195B848A46A7C5DA6889353ED6A3B76C927516E59B709FD7D5"
"scan_lowline_files.csv","78D9ED3B704B8B6BD9D5103E4F3EC4B7D0CC98FF97C83859E4C65F5AD02491D6"
"small_files.txt","C8D1C4377DC332D101E45386C76F342FEA035AFE5B8A51CAB23DC3F7F01B6F13"
"trace_log.txt","67FAA54A6AC053B6D64F5A92BA23A18C45CDD5E413AE2F4EAC3FA9B9722B2040"
"zero_files.txt","9378B36492EF8F0D8750353169E8CCD013A2186E667406A624DF5E25E182A97E"
".gitignore","FFBB394643C112F2356BB5F3184E95E33FD732146892F4EEEAD126975570FF39"
"CACHEDIR.TAG","70EBB54FACB76F7DAB3058261EEFB43A2315D28D10FCF90A85538C05A72B8D1E"
"@plugins_snapshot.json","44136FA355B3678A1146AD16F7E8649E94FB4FC21FE77E8310C060F61CAAFF8A"
"abc.data.json","A1CA98ED82F1DA9BD1D5F6EFA67EC1DF9EEEFEC7844CC20846842D4FF2E50F67"
"abc.meta.json","51F15685AD19AD2EA91CB04166E8A8C92BDAB5A74663918E472A2F13CE3D741B"
"ast.data.json","0EB192292EF4C3912BFA37B451531B9FDD2F1B17DDAD6A52D72311F1271E1934"
"ast.meta.json","6D5CBC667D181614360CA0F04D896494FD1A0B119D95E466D96071625F69072A"
"base64.data.json","3F86949DD69AB7A5DF79A3F414835BC9064C276DD4C4006EF70C7A51DD7543A0"
"base64.meta.json","9E60D51DAE74A1EEB823D1F8731E6117394F95B9E021A9764B356CB2622EEC09"
"binascii.data.json","6B3B60331ED1042A0B9844A8E6042F016C6F264753ED7AC109D51458BFF10D72"
"binascii.meta.json","0B28475D3129FEA8D335AF6E4F04A09577C63F77B4E04E9A10C7F6CB7C952B68"
"builtins.data.json","7DD42A39C812D3131F0EB57223E0A629CF373A7C93F112626DD308FACAED01F9"
"builtins.meta.json","85BD8861E0E4F5BD686E7BAE89E9F1235DDA638E56DF917F3F7E3A276BDDEBDC"
"codecs.data.json","8C4E7DE0A596ED541AF1643FBC3BB733843F40C756D36FE1F10BC21EE30451E2"
"codecs.meta.json","C4A776E120AB9C41B96E74B71D53523806EF2E4284CF9F2CF8B3272E30DD20F9"
"contextlib.data.json","CB92A002A7246BB8921C4C883DDB065E5773BAFEC0AC0A6960BC11C172179883"
"contextlib.meta.json","B10D77535E43223181E9A91C9262D6B16189F7846AF2FCA583DF92FF6A6A712E"
"dataclasses.data.json","4FE6106C7FB89E393BE5F4218BB342828D308B367B19278BBFB57D69AADD182F"
"dataclasses.meta.json","1E199C90E54715E2D2215BD1297355D8487B5C7BB9AD865C09EE7490CA73D023"
"datetime.data.json","AD01A326D11E586F11569F375B58103F985419B915458C502B8C7ECF3AABCC6F"
"datetime.meta.json","1A2E59FF962B620511C7FC09F7E70AF20F126BCDD02A7FA757B18EAF908EEE0C"
"decimal.data.json","92DA74F77E5FFE94357E5A77A978ED6F55443B93FA402EE93C9465D05358C046"
"decimal.meta.json","7D2E04C0A9671DD35B61BD023E678AC5632FC749F3A5C0CE9CEF21778B44F828"
"enum.data.json","0F4AC9E4D9DE7A3E2DE6AA4DCF98E48E660CFD2703220228B2099DDDF2C43426"
"enum.meta.json","B3F9C3876F40708502209D9C4D1EA5322F9789A3472B4BCBA4117F79C7FCFBE8"
"errno.data.json","FC121F3A4514D3BE1C3166C8032AB8FF21AFD0147E5E81CEFCE557BE8EB8BF64"
"errno.meta.json","0C91A60E104830C495CC85C4849CE597DD031EF1887AF41597218CA53E0C2C16"
"fractions.data.json","E2B3CA31BEF4D841E1A83FECF53BC431E052BEA73BF1DA28B6C76F93AE718F49"
"fractions.meta.json","11AD8862DA84740E2F673F381B70CC2CEB7587AEDED8548E5B61C0F80A4AFFC6"
"functools.data.json","6DBDEE7F5F05247D32FEFCB1775100EEE52C3A5A6CCA735415DBC373AAB7DE45"
"functools.meta.json","07E88D275226D03E5FDA42E642ACFDBD2577A67E846E8FB0C119C16D5D20EDB7"
"genericpath.data.json","7A24EBBE24E4EC557522357318E41B2D61A43BDD38074E82C7523CA017368C89"
"genericpath.meta.json","EF715700FA65FC9C3B07E6F259E7E47C668292FAD80869AB21E8A03537D954A8"
"hashlib.data.json","CC44F1EA40EF2F5BC826D7E2CFD27DC6A7C595BC28A8E79020662C8AEF5B597D"
"hashlib.meta.json","F95FC14959D9213D8B71EA18D4A00B1B2B87EE33F6F3D885DF0896ABFA477A27"
"hmac.data.json","D7324C628409A81E9A0B9AA86F7959FE6F388080B0D651EFCEF6B6D76FBD32A8"
"hmac.meta.json","F7886B842F53DEF378A0E91F82509C8F37982FAA98918376DFF55FEAA16359DB"
"io.data.json","2FD34788433D96FF2D42D3B7F2C6FB63772BC437D67CE0867927CE6610FBB303"
"io.meta.json","78E4B9FA5C44EF2EAD41166478471AC9A4FAAFF1D508D02AB76E3585F14F1F81"
"ipaddress.data.json","3CD66A4B353D5E885259523E5ED0BBB42CBADD90EBA54591951EB955C553D772"
"ipaddress.meta.json","A062652253DADB3C1349D7CFE266F11101633FA754A05EFB9F06A82DB5E7FB48"
"itertools.data.json","38982A7246A24FBB733A45FA746745F23B91FDB3D1A3A6C50CB79A895975CD7F"
"itertools.meta.json","33C17941D97F0CE6491B196144AF3AE626F3F5BFF06B053915AB03BE2D8C45A0"
"mimetypes.data.json","318D1F26BE2713FF504D1C95AEE4787470C684E5E2DE76F1EC8AA225BE0CB07E"
"mimetypes.meta.json","8BEE8431DD7D2567ECA6B86F9F4F036D8181DC89B6D8E2B4FEE5C512EA03B01B"
"ntpath.data.json","B8DCF5B6F9483841A48C72BACC5523E6201A8F4BD50B03B1CEFCF7B5008E35EF"
"ntpath.meta.json","40531B5FFD45DD5ABDDBA2EB17E3ECF8F1F0012BD436D7DFFB11ED624E59DF19"
"nturl2path.data.json","55E129DDF2C71710795C04F1EAB8B861868440E1F627A762FAFF6DE8BC70B47F"
"nturl2path.meta.json","D30FEDBC653A06103F45A06BFF55D7B4130E6C6CC98DFE994143B7468D97F5BE"
"numbers.data.json","5B3E17356FED8B445B6FBAE03E0DA1486C7658EA307916772DA1358AC744107A"
"numbers.meta.json","BC9C1867EA87E84B6067C804727D3B79044DD31141FBA73DF47242CE606EC088"
"pathlib.data.json","9CE7750D9C52766361168B4BC25CAB325B3BA2FB67615B2CCE0F429B1A4AC1A3"
"pathlib.meta.json","9A7F8C9BAB56D3A09FFA6002FFF76B6D2791FAAB90600BF7AD1ADFBFE6B88F57"
"posixpath.data.json","F43AD8134929447280B95774E7253869C767E606129DB4D7F62CBAF59012A66F"
"posixpath.meta.json","913AA6EDDDC544C6C62F449CD7C514D279F0F7262F9174FE12B1C7B9DBCCC610"
"queue.data.json","9962AB505400F1C3FC17B51EB81562A3F85944FF3B1FB9343D35FFF70AA98698"
"queue.meta.json","F993176AB92AA426FF671D030A7C864D9E9E3C5CB58041FC9611D522CDDC09EB"
"random.data.json","6F948D5FF2F391AF00D9633EF8CE022C5B8038B117E820252BC7DF4B50CBA638"
"random.meta.json","9B91CAD62FE097D3E21CCF5EFE13A6A3EA75AB8E881648B3E475EE817685557D"
"re.data.json","91C942C6077AA2E8386F67B8FCAE1CD5FEDD30754C52A68F42B516F2A0AF5317"
"re.meta.json","B61D24F30A7F62F9BA91796CEF65CAD61F8BEF874962D275B37CE867B6215C9E"
"select.data.json","2EBEF9122DE612FC93CD70E738F3BDF9D50906377212333A7E604A2A5D5BB567"
"select.meta.json","89E7797AF1A449FABE488A17FDCA01054F946B4C82FC4B7D2A36142797423A45"
"signal.data.json","B8FB67EE781217294EF0C7CE8B9DE47D078DCF5BEC1D257000D880CFB1879367"
"signal.meta.json","0EB453A8E89734AC31877314FBCAECFE54AD4A7B023CD2554D6E667BF421271E"
"socket.data.json","C0CCE767C91250703CE81E2F999043125C8B2BC14E7F155081E81D2DF4E8993F"
"socket.meta.json","EB1A773FA1EC3B3EB17D6B6838BAA6591F853A8D40A8D6FAD4EA69C9F47E6630"
"sre_compile.data.json","27A7F14FD584E16E6D80DF9D1946A24949A19502B096E049D09DF4894502F33D"
"sre_compile.meta.json","9F55DF0D5BC3C6D4F65ABC7F564956F786515CAC764457460788140FDCAD7556"
"sre_constants.data.json","05D61BE88157FAC3F5E38B559F36A54633161ACDEDEBDCA5F5D0C011FAD62B19"
"sre_constants.meta.json","12359998C562E22027946C54556D859B757073B49715E3529BADB2E75D4F1D36"
"sre_parse.data.json","A53BFF654EEDF74CAF02F71D8F10F85BDFFE875CFD06E59C327D59FC93D294DD"
"sre_parse.meta.json","E45ECDDB951909680E0141AF3E87B16D88BE85BF7D31D52249E4C8974E9B1126"
"ssl.data.json","354E22112D6C93C59EF017E73E10C49C38DE123CA6AAD22FAC47EEDF7DCC61C9"
"ssl.meta.json","5C17E01CF098819E8AE94871E60F17186F00F7AEA2D20DFFEFD797B307B705CA"
"string.data.json","EDF63EBECBA5599D8A80094FA9735E304679222171D5F2963D4B89500F7183D9"
"string.meta.json","185D32C02D9B9D2A5AB8F2FD9C58EF0187FD31540D50A26DCCA28561CF63E53D"
"subprocess.data.json","47469C82D92F848AB9E78669D591CF9FF3D43AFA5C82C5E9AE77B5AC4B221DE7"
"subprocess.meta.json","B916407E9B49319ED7F4601F80FDB7329F8BCC4488E086BF261B1D74E78B227B"
"tempfile.data.json","8EFDF0C82872F032E4EBFBF468A600DC0D0D370319EF89DA56B5A29C7CB4E50B"
"tempfile.meta.json","3682EC0B8C8C392663B44710116ABCB781B9828117F388456D6AA7D4DE8B30B0"
"threading.data.json","7AC685743145ECA9AD3273523D6DE3BFC394117D33DDD71F194CA9B7447A61BC"
"threading.meta.json","614FED49C2024CAD78132053642EB08CDB46916E56D3FE9AE599F0C00387FB96"
"time.data.json","53ED98F711BB1BDE95C2611E694FFED654760049D85BF03CBFACEB13C02C7A13"
"time.meta.json","6C9429124E1B09A975E555D07B118EFB756B6AE786A034D4D4D518E4E569E2EA"
"types.data.json","4D02428B287D6ACAD3C301A33584E56C868976EFA4DF0980F1932EE9F0CA8604"
"types.meta.json","4E890A82BCAA7F189BB1B6E589F8A33A44DC4AFF0605312A0645BD6EE8D45FBF"
"typing.data.json","6310438AB6418AA4619F8EC83740FE7C33FB713B97B03AA33EC8960B5DCFD557"
"typing.meta.json","61F7A5D0A61EFDFFCE5959F22ED70C37294E2971628D1FFC22E3B2D1C3DB9AFF"
"typing_extensions.data.json","B468FD2109CC951CFFFA2FE95AED590083389126E1E6701B7707FBD74F8B7E07"
"typing_extensions.meta.json","8AFFAF5F925FF097C673BDC1981D3A88504D0E63671670952507ABC3964E0917"
"warnings.data.json","008677EE7D92389D90C10B4B9ED58BB36B8B6B3DAC25668FA9C9F759301F1E43"
"warnings.meta.json","FF2752583B6D3603FB063756AB36F1D4BDDA1D07DD4E1BC688A25D31EE7F824F"
"weakref.data.json","4E5A3E8EE794FD83DACA6E2ADA1FF0425328B62AECB584898874DA1CCEF15715"
"weakref.meta.json","16011445677544E8C585B418845D8EF4D57C457BE421DB9ECFDC1670A1499BBC"
"zipimport.data.json","7DEE7056026E2E0FBE05D769A37A3FB91BF3BD14AAEB085385E811BA4A581E41"
"zipimport.meta.json","2A8452505C23BBBAD1673391E19EFE21080DF2FC429CF7D8DC85AAAA8686A628"
"zlib.data.json","67D2FDECCCB33F5C5296C1925CD74BA6948BA91FBCE7C423073702267CF83850"
"zlib.meta.json","43C2BB9A68B945DB22BED0EBF25809AC483A975AD7CCDB6001A19C71B56E84B8"
"_ast.data.json","7564A0C2E91B710521084A384365E1D65885E5FA63D7A69F188CB49DAF3930E8"
"_ast.meta.json","AB1F49DBBC170714C689A585B64C3CB88E530DBDDFC9209517AC20D4D34E1888"
"_blake2.data.json","587DEEF99E9A08A780C8AD8F3460A6A11144DCE5ADBA8AF6EB7C4643DA871CB7"
"_blake2.meta.json","EB4FF899B6911BB0507DD3F761EA0AD830BC1388EA3C7E1234957EFF05CCBFAE"
"_codecs.data.json","111741D95922A96E299174ECAC9265ED32C343F64C3AED08DBDF76DC60654456"
"_codecs.meta.json","3C30320A38FD2064AB7CA20A83FB5813472D23017CE4D0685F97D728F8E8FB29"
"_collections_abc.data.json","AA60BDE7935017F3DDB93CE42ADC2977017D128E223141D0FFF7D35BDDC272AC"
"_collections_abc.meta.json","7F3388410E2FA6C5E73975EDF9F106DA77FB78F016D7F7FF10AC30E9EDA7D33F"
"_decimal.data.json","5460D704068BDCD3DF0659E9DD1D8C215D3AF4555FDE6B760CEAD878962BFBE0"
"_decimal.meta.json","FFA806643D5B9EB78031EE55D86DCF7322C0DEA50A0ED4004FA57602BF8165BE"
"_frozen_importlib.data.json","B76093BD723915CDBD376D71B702054D3DF7A7D022C7C08FFE55E18D38D218BD"
"_frozen_importlib.meta.json","79A9A43FE40FAC8139F0BD47C71BDFE3BE3D3CBF63F99D264F3EF9E0A2C9DEAA"
"_frozen_importlib_external.data.json","F3E76BBC6FC7404C2C7AC25DE7BC2BD8F9820EA63C009B21A894A6E6AD2F474E"
"_frozen_importlib_external.meta.json","79CC932DF58D1B23425BD3BA45384ACA4342F92A8C7237134564EBB9C9FC728A"
"_hashlib.data.json","286AA6075EB1E959A31959E906E0626A588171EF6285AB9F52200422231C3FDB"
"_hashlib.meta.json","BE5511FBC036FB0701D0DB54558732861DA871E13594D3685C336F09BE97E461"
"_io.data.json","9F2CB452CDE0AA70615AE3FEBC730C21F1051DDAD0A62DC38E3773BC27860395"
"_io.meta.json","F07F9F6FBF48CD6DA8E828C2DDC9AC5C875F4AA2CFE1EA59137FB74A7428FD34"
"_queue.data.json","908987953FAC02A6686EFE812CE10F706D81C66EE9FAD268351F7DDEE5D31B88"
"_queue.meta.json","31A1BE2AEC124B197342519E694F926319EE0E130CA2EF7E7D4E588A73C51CC1"
"_random.data.json","6427DFC50819EC5D7D910BF1F93E09724FE3AD8C1D8F42F80133D67021AECE19"
"_random.meta.json","CA623DBC1B4D97198B4DFFDE46A3744E1CD18F996DCECC0AAECFB833D2EEE5F8"
"_sitebuiltins.data.json","4AE0CEFBCDB4A1625288A2A4BBA480B817A8FA6E7793B1699DE063DEAE5554A4"
"_sitebuiltins.meta.json","362848A2320E7DCD14CB6EB018E3B67180FEC55E172DB90D727685895D37A36E"
"_socket.data.json","5CB4175F4F9DF7B142AA6D2CCC71A7F6C5A718ADBE495B66F44235AEEE9E9B0A"
"_socket.meta.json","A6AAB231158F2799F864DE382BF6C70518117F79BF04C1978F517041E4899321"
"_ssl.data.json","6EA388DFD8009B1520C077B0B19765DD4D6FA0DC525BA8162D101E3E637E9ED1"
"_ssl.meta.json","0CD1EBCF24EEE49415F87DD309684483771133953C9151775FE0EA3FFFDE559C"
"_thread.data.json","F1C98DE6D38564A44EAD893FC3A54865EC88C3219C628B6E776303E29C7AC832"
"_thread.meta.json","12B0763FF7E17837041CEF20FF11D7543D3AC61B52762E8E5F0416F60E372259"
"_warnings.data.json","02F3E6273EB22011EC6442B6097D34BBD0F0DEF91EF010F97A71BA00C41EA5C3"
"_warnings.meta.json","6F4D57DB4C34CB051F0600C19550CB54A5C2CD8C84BFE3AE22B8A754CAC75048"
"_weakref.data.json","2AA32C3FDB60662AA7C82451AEC5E06B7B8AD2A0996850B021ABE2EAB753D2AA"
"_weakref.meta.json","89DA148BA3912C788621D2F9BC2847C967A07CF8B3350352E54A51D06F33D301"
"_weakrefset.data.json","14431C1898373840C03DBAF0BFE8DB2516E621DACFE3D368798C089B196279F3"
"_weakrefset.meta.json","9DDA726A6142EF3210E6D8E2424C801D12A0C6194ACAF36D05F55AD4A2381E76"
"_winapi.data.json","FDD0430A337E41A0706F7BDE5C95B8E345AD799FF369567C4443C58C77EB0643"
"_winapi.meta.json","2CC1FBA6CC61726DDBF37B080D68A1D8F05A792F497A2676B5F4AD8C9B5BB66F"
"__future__.data.json","D703669DF9928E527F783F45AAF8ABCEC53460D6ACDF3DEC61DC11AE22F9CB24"
"__future__.meta.json","C38401B53F9E728DDDB256AC6AD3D4003A04EBFE350BE5685D5C69625E0F3217"
"converters.data.json","E464A4B105852FDA83ABB58851408729F21ADD5445867E8D57F5B0B28F54B451"
"converters.meta.json","EC7C31732995066A8FFACB53DD21897038E369C79AEEB36A5DBB645486EAB9CB"
"exceptions.data.json","4DCC69FD34734C964E7D4FCDE69C2DB066EE4696BFC88252F398AFF6AABF697D"
"exceptions.meta.json","FCBA339D484FD744BD91A13F194E3055564971974E43FD24B238A79DF38CFA8B"
"filters.data.json","7062D5901549F528C770BB659A5CCA5E5C9D5D155B7C28166D7C66895A624DF9"
"filters.meta.json","84BB62E1A2FB1979FFD0A982136BDB0B1D5AACDB3CAF5B1989BAE8A219CC0FE5"
"setters.data.json","907C9240E79034B733B4A09E27AD78C305A3C6A1E8C0290AB39FBFE8F0E3C33C"
"setters.meta.json","17862545925A68DE6116377A88830B3A645CD205DEED486D48F4144716754A9C"
"validators.data.json","602C5748CCD1820BB7D2AFE395CDBC8E3C3F8282693922BC75C99523A93FCC2B"
"validators.meta.json","4C5FE4A43F33CE79E494027BC99D88B87C53280D18A63D1E37A9796A4F16DFF0"
"_cmp.data.json","F7F8C387CBDFD8C6393B0F8AC6CFBE8E1161398EFE5A9F51DF721F425CFFC52E"
"_cmp.meta.json","E7F0CC0B20F28F0DCCC3C3D2370FCE07B00A065D6D392DBA71FA874193C5FE60"
"_typing_compat.data.json","5FF9DC6AF158B6560679BA8E9184148C837370B29700B047822B2EE735F795F9"
"_typing_compat.meta.json","6BE1772BEF6553D8810844C83E6FB683B14B5CFE58CE3117969B37280A561F2B"
"_version_info.data.json","19E671B45005F1CBC9FF4B97677192C477EBC4172D2B8D4C59EF528166B50CE1"
"_version_info.meta.json","8ABF60CF25A7F81CC511DEB573AFD5BB65A4F193D6A283AE4F306203B07B7619"
"__init__.data.json","8C28BBD331028ABA12BB14AB872AAE95EA105D5260444F45CD0C76F42C2EB3A9"
"__init__.meta.json","E14630323B2CE6818C9FED7479096D266243825875BCC2814A1B582A43AD85C6"
"__init__.data.json","26A7A2E9E07A155D6BE036B35B9A608F69E7CEAE06DF3B8D08BEAC3759CC015E"
"__init__.meta.json","5ABEA68F91B47B2C3BEBCF5C58C34471418558BFF927822AAED4DFA14E5C739F"
"abc.data.json","83E49F0456C6442B67AD9722F6BE6E67E42409FB4014C67E5C623E038A5D58A5"
"abc.meta.json","846717A593AF3902771113EEDC1730CD92211B045DDEB308CF31ADD57D52B2CE"
"__init__.data.json","CF33C74FC9BE5461D7E78D9B1BB1BC0418B0691370A715175A0E7014AB8F5F82"
"__init__.meta.json","C1320C4C1D24ECCFD46043BFB20C5C6B4A3A0657DB857A8D7E1C33F42B204C89"
"charset.data.json","EA96395647CF2A27228D00F8744AE393EE1C0C236D41C417AC41FF8C1349F544"
"charset.meta.json","64E8C644C6189BD522E7FC3ED752399BB77838BF4D6882ABB4AE075928528126"
"contentmanager.data.json","FBB9B634CF2DFDDEAC6E013727B04F991DB31C9E6B0034517E911094D9353882"
"contentmanager.meta.json","E03600CBFD881EEBEA8DA23410404E9BB38A019B23DB87302F2BBD93967844A2"
"errors.data.json","E46ABCEA7CA1FD642BF231925456627403FFF3CDA69FA52EFC21F803EE3DFDFA"
"errors.meta.json","F6AA47F021873FE3542DDD16E1DA9F033F223D4C1BDFE7B4504C2586B46F7A08"
"header.data.json","78D131AE452A5F7421154A3B6645EFF265E29D0F9798462BC2B8BF6C7FE38670"
"header.meta.json","901A052881D687533130288A3BA43F8629EF7C3F84FEAC96ED6DACC6BF0B4C69"
"message.data.json","07C32BE89DE046F618ED83481D1BA13A74C6C36D3932D3337E76A9A6F5216B67"
"message.meta.json","6FF7F3F3031C9DF67FBE09D02CC2C3C1E9906B102955EE946EFAAE351FD78ACE"
"policy.data.json","B2F30DA86D3B0FC44B06593EBF6CC53BE47666610CE2AFDB1F03916EF182EAFD"
"policy.meta.json","41258138ACAF9F4F93D558653E9FA2B96BBE2AA618FB50D4B70E43861E0EC410"
"utils.data.json","E852864548FBFA8B919A9283FD402C65CA05C62CC6A30387884EC529F939C091"
"utils.meta.json","E4C8225057050934E93A3F1D75523C6B8A7F6A6D532129F580AAC30A8107E716"
"_policybase.data.json","4F6DFA0FA1872FCE918B832CAF1FBB1E4F1D0FF49335EF9FD3F5A8522D42E54B"
"_policybase.meta.json","6A0337004D891E1AC825F91641784B2D3D7419EE28BA282335D74AE12C796908"
"__init__.data.json","E9A72AEB8F71636969AFBDB1C92106F4920A1950B8CFE3C120713A6913FAB2B7"
"__init__.meta.json","2AC5D2E634754DE504A56572D047AC4583400B58BFF60F9367904AD40E9C1922"
"client.data.json","6675FCA5DF14CCC24AD591FCDF43938156C5ECB9E3E1AAE619B76F7DC554656A"
"client.meta.json","2E063E89AC9BBFA8E48E5E224F25A98457CCFA68554A26882CD9D68D17C1C60C"
"cookiejar.data.json","73BB33EAF9022779A989CE1EC6A687D60ED222D81A57F78B9ACCCA89ECFC7342"
"cookiejar.meta.json","EAFC2983E61A7E541DB3FD9BFBDB48D7BC831D6CB690FD97CE9963D798876B9F"
"cookies.data.json","B0F1ECD2EEDA9AC7518FBB4195F452D81F1AA6AA594F8AE5ADD382A9AAD7603F"
"cookies.meta.json","F941473FE92E979AA604509114D2EFBA45DA0526296A1D8E255250CEFCBACAAC"
"__init__.data.json","1BCF2F06E8D6BE7C1F4B50BBE0915ED25726B338555B827E14F48CFD4F82DF35"
"__init__.meta.json","798C337A58ACDA3D8B631BAB3E844BA96EAD17D14FE9311246A4CD408541EAA2"
"abc.data.json","3D4AE825A510C6E11359F11CFDBF0AAF595D1FDA89CF28A4861A46BE3D5902A4"
"abc.meta.json","1B5B88F333F4936F2C5CCFD339375E659373B80333CCA6AF62D8BD6D9136DD43"
"machinery.data.json","C1F6641895FBD720AE591431922B64F419BA4B999AF865A49E13E693C6F959F9"
"machinery.meta.json","CC168AB2B333B8A9B2C73E144BF24673F458AFB8762BE37DD37C23FF296A6977"
"readers.data.json","844CED2FD061E42AAAC1DE6D52F0372E384DAC06BF5324E6DCD720FAA0DCA8C2"
"readers.meta.json","357B3F48E216B1C7C6A3C2DD2327696D8BD9CC57FEA0D03114BEFFABA8F67065"
"_abc.data.json","D3E15167E9183A7CABE6B2611278F453131099F3678B2B206878120B0DC820BC"
"_abc.meta.json","8C07606ECB8BE86D99ADD0433861B727900D1A00159C65623CCA0BF78AA58A13"
"_bootstrap.data.json","286379036272CFF46CD144C2BAF69971EF577C207F6253E9442ACE0998A538F0"
"_bootstrap.meta.json","B8CC97130DD8678B1835FED2874C33EF4055A240B795ADC7DC76291073581A33"
"_bootstrap_external.data.json","BA62F067D81C9103FF3A8FA95AB6D59B21F37320DD86E9ABD2AAFA420E4D11E2"
"_bootstrap_external.meta.json","90EDF71462BB38BDE901D141FE52A1B944E912D204DA269608CDB048AD33010F"
"__init__.data.json","A3A119C4E630626723C019CC6EFA6FEFAAFBDD4CF19273BD3BEEA87FCF46D631"
"__init__.meta.json","E2CC00F672F32DB986FD69FCACE1685726A4240685A94A1B0A78ADBD4ED01A8E"
"_meta.data.json","22BB6F9DAA572CBDE1B808794033CFB7AB11461A4AAAD6433AE74F0ECCBF3A73"
"_meta.meta.json","D04219A0374A4DAF959FC60751E84622B5A5944EB5EC780E66F3958D67BD56F5"
"__init__.data.json","F1F81027DAF3A16EF1C9AD753DAAE23F6207C18D4D20E7DBDF1B3A60C84AA14A"
"__init__.meta.json","C7CA86031305C749ED0BDEC7C790186DE672B2E7882C8B9C5BC1248E8F2B5FBF"
"decoder.data.json","F0A3CFC3C8743456B71B24856FB420FEE599DA520A8DE6F02FEB56C6C72E06F5"
"decoder.meta.json","6F8893404228B048575A50581650552B30D3CB6FBFDE8C44F7CEBDF044902044"
"encoder.data.json","8658619D4CF90D24A8B0546322799AEA461AFD9110372C691B1AC635057DF52D"
"encoder.meta.json","D91E9C30C572EE95C128F2AFD087C2D388492A5C4EC20B8E2F637B8C2A91B3A4"
"__init__.data.json","750786DDC15461F2A0037EA7A6B895C6D1E443F62AD51E86FFD8CA1DAD57B257"
"__init__.meta.json","05F202BE71758AD09B4E2DDED3CE7356DAE5D374BF7569CF08E591E1F191C7D5"
"__init__.data.json","D8AD1EF484C1C0B759447699CC2A63DEAC4E80D2EAB7582FEDEF5AEA042F2D98"
"__init__.meta.json","30C9D96F824BAF733DF6246F8EE706FA2147C80656019B03C57B8F2D5E067A7D"
"ast_graph_builder.data.json","E7883DB2A384A0ABB19AA0B2F5BEC8D6D3B3DCA5927E9E93EFBAFFCC8B955BAF"
"ast_graph_builder.meta.json","D23A5556D7B0E2A67C08BE2E0FABB44C76AA976181FA0D94B537400D9BC70F64"
"common.data.json","6D28547E7C8FC3E8C86CA14C0C8C99A6283C17FC13D2ADD86D8519903BB77453"
"common.meta.json","849C1372217C2AA58CC453FDB3B1910F3756CC09FA5D05B8BA837C3C58FA03A0"
"pprint_util_custom.data.json","2F34A2A165D48D56CAA5391F929E9EEB96073574D9A4733EEFDA01E6F9A2105A"
"pprint_util_custom.meta.json","D321B3C21F79A6311682B7484577485ADF395CE8240BCAFEDB6925A801BB5E78"
"six_util_custom.data.json","BFFAA4B6480A562761EB55CB351E3925B9E1659D8C223D270CEE966D13772D71"
"six_util_custom.meta.json","0415F2821C3678FC88683E3954B39A6400FC28B93FADF9AD89528535164C8398"
"ssl_handler.data.json","0C99204A7B5DEEBB6CFDF818687555E6EF19D139213B6315C7142D57947F28EC"
"ssl_handler.meta.json","3DF6A70EE174AEACB66FC6FB7A1E2B19AD711BF5E5F9362D847245F638845BCB"
"task_queue_mgr.data.json","9A17B063FF47DE78A45718BC6A7947568F8CF0879036E17B5ECABDED568CE339"
"task_queue_mgr.meta.json","7930E6E050F2D03853D5E1C1718826DCE0AF152F1B4965A7209B2D667FCD3902"
"__init__.data.json","F1961B8EB3128920472038D157B177601E19AC1056C5CC05D77AB18D734E9A73"
"__init__.meta.json","C6A6106DA18C441A33F64A31A7E1D5B142816784BBB22DC5D437B47DB2D7E4DC"
"pprint_util_custom.data.json","9CC6158F7DCAA3280339710634545E2DACBE648754EA9436BAA5018058A294EF"
"pprint_util_custom.meta.json","AD9EB6163A1CC7221C5BC981388CCE54BCFDBA6F8F733615AA3B92AE6F700629"
"__init__.data.json","1ED920616A394892384D1A6DA50C5B44CD35DABD1D249BDD5DDEFA85AB37AC45"
"__init__.meta.json","2AFCE1D871C0C59F90F1B99C30782BBEF1590298400E156ADE18FF1492543FC2"
"_entry_queue.data.json","09E2F902F2E1C54D8759843E212AA55541B7AD6180DFDCB6A138ECFFCFC0CA3E"
"_entry_queue.meta.json","B30F9A3A45899BE17F965A6FF220086C270988DA167CAF671F63D060D2965E8A"
"_unbounded_queue.data.json","63FEF71EC78D1FC3A6694407BE43EF918D488942C09165995DCF5707F84E5F5B"
"_unbounded_queue.meta.json","D3985BEA27592FB942CFF9A85632F84009906995EB80DB42CCDF3A76E454E8F0"
"_wakeup_socketpair.data.json","6B09812775E8272D8BF63FD12D5088EF0771C5E8C0453FB8D637C5B183A5DA03"
"_wakeup_socketpair.meta.json","767DB3B77D4976839FDBEFCA8AB331157D70C6A3B4AEC3F9A92DD634758E6E13"
"__init__.data.json","2ECB4B38221F855E981A58F6EB4233981048F2AFEBBB04A14E89FC3BAE99136B"
"__init__.meta.json","330787D44746F3924ABD7AF004925B23C1C10DE13FD6BCA3E8DEE420ADA4CAD1"
"path.data.json","546B0537029573451F0122943E38C5379C8AE1B2428E888014077900B9C04133"
"path.meta.json","BAAA479A8FFE681008003AE7313E6F1F66FF1E715598AE747E463E724FF2A35F"
"__init__.data.json","F3A3C32E72B1CFEC3810BAE901357B23E2137B35512868A3612E6BE617682EC4"
"__init__.meta.json","B72BAB2A31F6E52E323754A84F71EA992B34004E06DE0943C9A99822B2D57DC0"
"adapters.data.json","86430D71C2832E27BEF4A9F277C426A22E17A20A38CE2A7F2D37350A73A70D61"
"adapters.meta.json","38F52DF89F4FA1F2633CF7F98FC9CD2347D1716BF852832078175F248BF31248"
"api.data.json","86F27CA6450F5E9F2268B59E51B771CF89706752C0D21857C9D9879E0137AAAA"
"api.meta.json","BB6153AB4FC7342A29F3CBFB3F6100F90C92562D0EC9778CB42143A3F8640A34"
"auth.data.json","4014789A472448B58DDFC13F316738BE801CD41E066B1F3FD522AD5BE8720638"
"auth.meta.json","53CEBA653D7DA8B9F4D234D164FB3D31137CC06894E3484C87B75F567E627AA3"
"compat.data.json","7FBED31D07036710F8BB203240A48649A7F8E26554DC608484659CF0B861379B"
"compat.meta.json","08BC6387A6CB8668E9CD80929CC2D1197C190B6D61F34FC98EC574096F37FAA7"
"cookies.data.json","D674900D428544B0648351D10FD451215B9A3DC4EAE641D9B12D55C87A6C2F0E"
"cookies.meta.json","BC4CE31E5AFF3E6E6E99E9E1CA00629B3F9630AE9E5AFE4805B089790E47C55B"
"exceptions.data.json","6E32E038F38260E19E886FC838CAF3E4499A374965771A7C9146F06AD886A1DF"
"exceptions.meta.json","6EA4BA95EB3CBB6C70AC525EECF2C5093B889FEF7972E67E7C53E21A9FB2E3BB"
"hooks.data.json","87A5BCA64BF0452AC87190FC8F3CE7EA09DD927A7F8A05D1FF5491A7BE958D7D"
"hooks.meta.json","95AB38F5F4437DC5904913F3F6817E08A34B13D58D57D9811E29EAC8D4360BFE"
"models.data.json","820CF6FD6B84FD449FAF5CA7EFAF814489CB2859F5C410463DEE65F650359E7D"
"models.meta.json","CC2A0C998EB3D821371982C85C0332A5054A6CEEA28336AF942AFDE6BA1FEF0A"
"packages.data.json","4441FE02D39476A36891C5FF92FFA8B73C5155AE2C2BE4168A4DC8D86148085D"
"packages.meta.json","EA8AD0B754C53FE5E02B6592EF42406549C5FB8B9DFA44F14C296811A69B2F5A"
"sessions.data.json","17A10CF51F8E7EE5A4CA83B2EDC56091EC83E3C8070D55B6E69EDF46EA4F7002"
"sessions.meta.json","B543BA56B5CF1FF83FC3ED3C343B92CA239D402C1F927C21299505A82806E0B3"
"status_codes.data.json","7CB643DD5397A6EDB54638C98A40871E1456C0BB32A95BA1B9F64302629E099F"
"status_codes.meta.json","836FB0BC81DBC6B09DAB31260782C725F7329B3BFEE1D62B24F9C5C875DDEE53"
"structures.data.json","0C35AF216A031B12757EBE3FCB7315EBC127FCE305B1C6A4106580A54F77FAD6"
"structures.meta.json","17F03E967F252E89D8D54714FE0ACD087C19CFF69EBD8357AD8CD2C28A8877F4"
"utils.data.json","5C7814CCE216335B14444F01E5657591BBB4D8C61B7C0B02851C5D8B41B72E8D"
"utils.meta.json","795355E5B81FE05B8A1808A4389B97295079AC98A920F66778F3BBF541E960BD"
"__init__.data.json","5A301C95A0852751FE035E2DE63995243947812222A3CD64BC706E660BF94361"
"__init__.meta.json","83DD60D9F35BC27DA6AF4627DAE3A4D975F324C32A78FECEA488800114C3E781"
"__version__.data.json","2F308A400AE6DD6D79398623E1E1556C0DADC2843F2E28E7F55E5674F59669F2"
"__version__.meta.json","1D8AA4C57ECC4255E954E2DA1333E66FED8387EBD083E7DFF60355331D2AF660"
"__init__.data.json","913A49CF97023B7DF00FFC189ECD81E49CE6419010B53C9398FB567E8527F481"
"__init__.meta.json","E2AE23048B297B3EC557AE2C228BB4A9B70D03445A3346FD3764C30B935B6814"
"error.data.json","2E115C68D6C93028FBD41BEF11924A4493800F9E3FB300ED825D526B647D0545"
"error.meta.json","9D93F2B86C4F5F7E71DC3690451E1B26496BECC791524CF66D74FBD2C60B98B2"
"parse.data.json","99C4CA4EC23A400D9D3B7465C810E385719E05ED2E79DBFA453CC24126CCAEA1"
"parse.meta.json","D1846A2F1E9C719C9B8F7E21BB45F4B34CC7852EFD3040B6F44F1FC0263CABF6"
"request.data.json","B6AF0F8514AE5043B8A7EA301278604AB2EDAEBB8FBF2FE7018D311F31C86AE1"
"request.meta.json","0DF93D67CDDA2D4C2248A6866055C3A0527638C511E4E0A75BC3F614CDB323C8"
"response.data.json","EBCAA2F6E58E37B2C85AE2F0BDFFD1CB0244CD202CFB31F56895AFB05C915715"
"response.meta.json","AED15467A2B65132BFE131E680824D2629BF9FEA1E6ADB11E0F1327F19CA7C16"
"__init__.data.json","9EA30DB070E391E94CE28F132FCB7875CD7872A818CB76936AFAF822D41F5629"
"__init__.meta.json","BAC60952131E36128E350DA25DDCA75D8FCDBA4EAE5C08517F3ABFFF6D14A692"
"connection.data.json","D17ED78D8A3D7738C2BF8B24A9B3452BE2E776A5F6D9ECB2ED18340604CAA797"
"connection.meta.json","369104E0FFF67D05ABB304F1925D09AF40C051F6CC253C4B6AF4BD4E5E9ED513"
"connectionpool.data.json","E42AB88B9D7624EAD31C4AA6AEF30E390B572601BBF150D0E834A5218CC4E33D"
"connectionpool.meta.json","3B482BA29D2E845565CB7999E792E7FFD7B4834B30CE0EB1DCC7205FC79EB1C9"
"exceptions.data.json","590D519BC7B430DD85F7D198A096D1766D7C89EF9B95344737FA2CD5D4166139"
"exceptions.meta.json","AF3886791B52A018077291B662EB0D56C803C7B290525EA1388CEE8EA4F0318B"
"fields.data.json","96FFAA9902A43E68FBEF48B2A5D10EA97B96606DBDC25AA041C606EC5590940C"
"fields.meta.json","3060AE038A0856DDD283B6FD16BB875902D96FAEAF270AC2AAF9B47FC52114BF"
"filepost.data.json","066EB2014344EA088AAD5A3B898AC6F8B5E1B118EFF32262D010528AD1D00304"
"filepost.meta.json","41B2A7D2040A74ACAC64AED30879F4F61670CE26E040DD8BBE76CDBC5F4D70D1"
"poolmanager.data.json","905F3CB64692AF529C8628B0142AB1F90958BF0E505718CC194556DA7612A1FF"
"poolmanager.meta.json","C0F1144290577F197765BCD79C7492AE92CD61C4D155CF2429B4D24A8A75422E"
"response.data.json","CC1DEB5A8386A08A7CA6C60A1F30BD0263A388C23ECA635AB76097BA5D6B045D"
"response.meta.json","B60D19E3AC82DA095567905E1A8BC305A702E8D4141AFF4AFD0093A624C5416F"
"_base_connection.data.json","4A1371B7CC38DAFC786F00EC95CCEB290EAE50A10F4E278DC2FDE8A0E7858CA1"
"_base_connection.meta.json","A1FEE051C6AEA7A4396DB7C8765D4DFB81A4EB39465844795B1E5933C2D16C6D"
"_collections.data.json","A156CE90EA051D4D8ABAE30A5E928C5B0D3682DD1CE357919F15F94C2AD099BA"
"_collections.meta.json","4FC412551BFC5BBDC6687C213E95026244F881FCC04436850AB9D9251751CA23"
"_request_methods.data.json","CCA09F32FD72F3606E3853958789D317F590B01FBCEFE28C652960C937C7944A"
"_request_methods.meta.json","50BA34F82EC5185C9D79C167E8FDCC3FB6A81E846C2F443D905132AE96DF1B48"
"_version.data.json","967B9AAE17DE17DB1D31054B16A7C068956E97BEB5E623BF846D53B7B50E37B5"
"_version.meta.json","DFDFD1D4655E23DEBD16BBE946B9C2F24C22766B7B168139291E062A5CEDF613"
"__init__.data.json","4B04CB30C12DFC2FB3EF841D9C23AA4FE60DA3F55FCFD0C331119E106563CA21"
"__init__.meta.json","556B70807EF5834897D5B0D44CD325F83431F5203522D6909FCD048FA543B8B8"
"socks.data.json","35DB7A1E5700EDF376B618DE1EF02D85354B987BE9D5FFC006E76E65756B8A07"
"socks.meta.json","FDBEE442552123C3520563E8E298B293FD8A77FE6574E343C304C88F2B415906"
"__init__.data.json","4B63A34DE44A43323154C5EC1D513F12F45F2485A54F35C0AB15D2BC66B97975"
"__init__.meta.json","130CB594E83F38332040EE3365C13991DE8995F72FAD95190C0D8E87AAC00160"
"probe.data.json","A38554DD6C7CA02F04166BF10AE87E5B59FD608DE974902E199098582E27ED60"
"probe.meta.json","8D89D8024619FD9B29508D3CDA3C97A4AB50C89580EDE42E1B1101AC5AA07437"
"__init__.data.json","6341BB54C9CA6A30C22CD637BE166EB0433E29719AE93D821C9C340D161FEB80"
"__init__.meta.json","53610FD918BA514FDA0E579DF2F7BB35C62B7DB93D40E227F0CBBAB5B727F480"
"connection.data.json","C57B1114AE6739EC578284358953ED11DD0E8194D2A08CBB706148F7FEF9B2CC"
"connection.meta.json","84F086CB3DF80A7F47311E18EEF02EF413CD9775A8DDE6FB9186AC1AD1C8FC47"
"proxy.data.json","479FD7A675D3B0E713A776FE0677D17C9A35F07A0004522A34B3EFE7E60DD572"
"proxy.meta.json","D2B330B6ABB1323D02824DCDC963AF7CCDF037ECAD654F323283B771D46EB73E"
"request.data.json","CAD5DB1FF4FADA0107210C09E4E5F5C06555671369674FC2DFD4F5494B0C9AB6"
"request.meta.json","522AA826F182EA294DA03A0F3C2ABD5AE47994863BAE0586A774CFF016D9DB6D"
"response.data.json","22F269BEEDCEA9794A1AF98F786D3788032C6CD57ECC2A968ECF95BFD6F896C0"
"response.meta.json","03C2A546091BB9D1B253ECEE3ED4819840155A4AEFD19BF7ED70E0ADEE1316C6"
"retry.data.json","42B6C76EE734F07F245109B3014AF0F7F8EE508719D5BCAB0452BCF6B46FAFEF"
"retry.meta.json","01F41421D057E7F185DA0ED6140CFD721A5A4246B67C4282D8A7B7681D5C2306"
"ssltransport.data.json","87BD83DA1A9506982C0270D5FB9D3FC68F85E81BB2158F910B87AEF71431C3C6"
"ssltransport.meta.json","07B81AF4EB64A0F7806E54BD000545634D1CCF0E006FACC393656B9B02866789"
"ssl_.data.json","61C719C1EE10DD0C528B0EB0224877668DBF4D208FFBF1B1CCDF128D9D0B60A6"
"ssl_.meta.json","5D25AE26DE2FF5695ED2DA97EDA0C32BE811FAE1AAD128720F8342D1029C82DA"
"ssl_match_hostname.data.json","F7B3D70B8C1D2E5F1101D57F5A13210B060CB1233E03BCEF6D11FCF07C9CE5CF"
"ssl_match_hostname.meta.json","A455461E3E0592284DE89B0FB28B26BF68A8BB4E33BD790FA06B18F12BAE51B1"
"timeout.data.json","8D92A968E04A8DE04DF810D88E39229D06CDC65BF3F1627E79763D7B5C7934AD"
"timeout.meta.json","E6F360C54658D563E4FB6D8AF8A9AE872B86BA79A0A620898ED5A026AAB6C715"
"url.data.json","62B4769B56985700D7423DE970D88DB53747D428541FD8FC1AF2DE2B1681CEE3"
"url.meta.json","82929D0A26C77C4DEF9AE835B41FCB8C1A24D6DA8D2EDCB23688F1C423A55E55"
"util.data.json","829665A98586CE85CA265EA6FD270907E9973F7A038306C4D453E86368413CFF"
"util.meta.json","C3D3F7A9E1AF24D549B88038330B778E214C9DD02E2B81E4702E5E40190DAB07"
"wait.data.json","402AE90B938DB49A01A745C2121658AE05F2A2BC0557FC2F441CCDA908574CE5"
"wait.meta.json","2926ECF2B77DAE736F798D02CC9E272A6FE9AC134CBBA735D4F32096A89F02B4"
"__init__.data.json","8150CB64C200E07EBF0F0DAECD79CA7D3722786AFA191B1F33D65609198E4CAA"
"__init__.meta.json","9F28F7FC262012BEF74A737AE36758283636275063F521C556CD74E1C334D445"
"__init__.data.json","549EF4F856A71FC65D91F6DC4D6926F2AE9BDB80CB2892D3B15A3E3DC2FEB32A"
"__init__.meta.json","B1F8B27E9BAB324F23FA17B0A6B9D75ACE9151DE59E4D6291B536571CE30A03F"
"importlib.data.json","56A9AA87AE573240DC59A77216E9145C7D3624E52CA10F83F058A8A027C2AA50"
"importlib.meta.json","FDE91438EE794C1B65AE861D67FED3670A5CA709530C03E05A62AD3D37E2ED14"
"__init__.data.json","3ADB858B6091B9264A06A19A9A8BFC0E6510075FA1ADBF3306576E2FF2D32C82"
"__init__.meta.json","AF0AEEE55FE97021BB5C1264EFFA1A533A5CF2BA60AA21B15998F3B7A5212FFC"
".gitignore","E7C6BB30148CF667606DCD63E7CA77ACAA3CFB0C8303BF09E6419E1E1669DC6D"
"CACHEDIR.TAG","37DC88EF9A0ABEDDBE81053A6DD8FDFB13AFB613045EA1EB4A5C815A74A3BDE4"
"README.md","420E808D79A6C25D3CDA0AF33BC4782314A14949866682C68CE8149E89B66B70"
"lastfailed","C4F0BAEC851AF548FED0881739671D35CFA96941A2E639C9F9707931FA03D768"
"nodeids","16FC9418E657BC75F76214789337F3BFD413414CB55190A93E7A8732B22A3D71"
"settings.json","4BE070CB6CC6B61F5495D81B26DF6A1606FDC48801D42947C85404FE954E61E6"
"file_list_20250807_152731.txt","AFF6E7E47005006BC22172CD8B9A07CF5F91DF07D4F31FA7371FF9805C2856A8"
"golden_backup_0804.zip","1BFC720A108386D98BBB7C19A8C19AB1B05C55EB3FC31B6AF133A4D1C7B84F55"
"missing_verified_final_20250807_1653.csv","12BE70F4885C5E78A024DA28A6B9CED9134E6DD3696BF88B85A3F8A9158361A1"
"move_report_20250801_2317.txt","7C84BB24E4C681B4F29691181D53D9ED202C2367CD2DEC6B9EF4EB2220854687"
"usage_analysis_dryrun_20250807_2130.csv","7D52C3D85CBB7F8FFEF869E48AD7CF906963633934430366E816DDCA6A8CC7A8"
"xmissing_may_20250807_1633.txt","7C8CC8F33274D2E3AFCAE3DDC94040CD4BB9F3EA04613266FAB040F36665FE0D"
"recovery_config.py","AF172EA90703771F3A563F34201349F0DF7FF55EC9752777E04D28075A99204F"
"settings.py","5072FC6D7C200951D88C25EA0305DCB504C09926DDD2E67E4607BDAADFCE14F6"
"add_docstrings.py","4583434640F5BDED005CC3E342501C4D911CE8606A83B702678F6D983D91D199"
"db.py","C36F413F0955D44DB507B83816514B3846124E10547F0D0B53DE432F67C50D43"
"run_engine.py","9537F345D86E5E0F8F6CF98E9ADCF7249045766C050CBD7BF8EF7639257EFEC3"
"task_router.py","8F4D4C9D035E44C397A1D5D33A249E0A826F11E56E1F57EC91B0A6C34DC18C30"
".gitignore","E7C6BB30148CF667606DCD63E7CA77ACAA3CFB0C8303BF09E6419E1E1669DC6D"
"CACHEDIR.TAG","37DC88EF9A0ABEDDBE81053A6DD8FDFB13AFB613045EA1EB4A5C815A74A3BDE4"
"README.md","420E808D79A6C25D3CDA0AF33BC4782314A14949866682C68CE8149E89B66B70"
"nodeids","4F53CDA18C2BAA0C0354BB5F9A3ECBE5ED12AB4D8E11BA873C2F11161202B945"
"main_features.cpython-310.pyc","10D0B3999B9830BCD2A689CDBFF5AF54B10CB90CF556E85FF1F329AE8D000E1B"
"__init__.cpython-310.pyc","268DA72D14192D35E175B72A44ABEFF23A731F8092902B2A437F972B08EC6914"
"export_all_logtables_to_excel.py","2D5D81CD468908803104B0A1366FAE753B38052956A8448CDBCC6D84C2798B04"
"export_all_tables_with_datetime.py","B9D3C04EAF94843633FDFBEC56086CDD2E2B295023F9D2BF0ADAE509AB751CC5"
"export_all_table_row_counts.py","2656935330D3A6F39C354AC9D203B69CBAA83B03F99ABC3EA1064914A476446F"
"export_logtrace_to_csv.py","BCE9EE0323844A2214269478FDB81850851459EC85D2C46FE397CA732694203D"
"export_log_summary.py","56146FD19E1110C1FFADB14D96515D3E064B25C09037D375A4FDC9A3B1E7F729"
"export_log_summary_csv_with_datetime.py","021319AB3131EF66E5AF6F550C81532B8B85179DAC8DA75F0AD0CCF55C6630D7"
"export_session_results_with_datetime_excel.py","E80D17275E14FC0DA79E8F818F3E463C683BBB61D8A9C77950A84F1673074770"
"account_log.db","CB1AAE602D6B91B1856DDD5B8CABBCA6E1AFF8FAB642F683DCDD3A892D97286E"
"account_run_log_utf8.csv","D6E3F53FE46284E4464249ED638D31CD93911B98DF580D2CFCD1D6A15B85E249"
"init_check_create_logtable.py","D35365014D39F0E8FFDB7BF875CAD821A2BAEB5C8CFD300681AF700445EA902B"
"init_user_table.py","CA35ABD1DE9381C783AB127FDECAB90AF8D41630ED7BD3B21694A1B9E4642943"
"init_user_table_2.py","A09E02DB19878DB1E3787F537447196400FC28A8CE95FF0A306BE93414413614"
"init_user_table_with_role.py","C9368C0B28E86973A0681F82EF0704088995E21011592ABC17E2062D7F58FD19"
"init_user_table_with_role_2.py","41255F249E538005D81F66ED2E87400D364F0948E339A5225E588B4AA4F57AEB"
"insert_command_log.py","AE89F0BC90E6D832BFC748C168E11A04695573DE369AECC22992001E674F97AD"
"insert_command_log_6.py","8EF2F74AD9AD3A5213A26D86656BEA8CBC53D243BEE633E280B8F178D0334B76"
"insert_disk_log.py","DEFE7486842941612AF565FD460A95B98CE563368877FD4E0CBA5FB5DFB45A28"
"insert_disk_log_6.py","404D681D54F49DAC367868EC65C390EAB261E29B16D14F39C4FBD8EF97D55C1A"
"insert_env_log.py","09C0DC95B6ED9E2FACBB5AB3D1D1060F6D2E57998EEEE7389D6F1A20A202CFF2"
"insert_env_log_6.py","819816759B5012CAACA044AA89924CEE3A82BDF299B5A9F4C45C27E541BECB26"
"insert_function_log.py","6759DDDB552175FF0CFAACA6FF2F98408FB627D36322040245EEAD59C2171A3B"
"insert_git_log.py","40A00D425739680153A72E3AADFA991B066E02A464C6195A1FC1F658355F581B"
"insert_git_log_to_db.py","600F3655FDFC09A1C08455407B14C1B8CC09C7AA35302B586B745332CF59989A"
"insert_git_log_to_db_6.py","178C8BA48B69D790ED16651E1B91EAF63C1899226DB7C4DD006EE480FF1850F3"
"insert_network_log.py","BEF8A7C42C029043C9E086911EBA28E3C8E827871C3829A31AA27B7C12C11F82"
"insert_network_log_6.py","348524E99E8F6E7364090787887C84498D36C18C20A8909FD58293E7050978BA"
"insert_session_result.py","E104145929B762A3B7A154957F49979CFC772BE2397A083A06CA29047358BA63"
"insert_session_result_6.py","2106E1792D6411620CCD82E6C3772697C8C9492FCDA6507AC5114E9CF21366B3"
"insert_viewer_user.py","86619E6626C83EB1603EE7695E854E0FECC473740271DFDABEC3B785B4C59A21"
"insert_viewer_user_2.py","24C32B18BF1376D9CBB611C53A3C2F5DAEC1D9152175F2892709AAB76CA6E7EB"
"trace_log.db","D0F718D65689DA2597DD1AA7C079E4E7CAAC50F8AAF1EC6AB6BCE91ECD789477"
"log_trace.py","3A941FFDB4F56D64D3DFBA5C0B29BA4D9A4F0440B0B6FF0A8078E8F2531FBE84"
"log_trace.cpython-310.pyc","FA3DD64EAACFBBE751BD3817358EFC8F0C19B05A65CE2BA626F2CFAB5714CBED"
".gitignore","962528463AB78ACAEC8811F7CE0F0B63058B4EC537C4FE6BE4BEC532C9B1451F"
"class_index.html","9ECA8EA4E2BAF9BF7533588010BAFFEE4354C0A5A170CBBC831513E405202FC7"
"coverage_html_cb_497bf287.js","3EA0D302555D21A07D8088C47FA2471F2B0C9BF0FB1F245EE01CD015FA5FDCE3"
"favicon_32_cb_58284776.png","BC8100FA8743C11BD243EB3259F4B012758651612FD9BF93BF8B734D17F02561"
"function_index.html","DA78B01B1BFE0F7598CCBB56E99087BD881C769096B1187185EDE8D3A1586517"
"index.html","56BF047FC1958D81D77ADE16F1DA7F2946A026E99A162E6A54736EE30B78FCC4"
"keybd_closed_cb_ce680311.png","7D9BF8AE66370E4349B4F423AC5279501384E4374DA1FDE675E099582ED33A8A"
"status.json","230ADC01B209DD32F98F4777148F53A9BAD6B768D425511697CD65069761E0A2"
"style_cb_db813965.css","8D52C7983A35A11D0A36DA81C761EDEB4366D16702D6CAE74913A81B96C98851"
"style_cb_dca529e9.css","0E8136B1B0C6077B3966B13D4026E02A2BDFC3E1DCA5346FB4C7976C99FB1230"
"z_0e8bd87b1996280e__entry_queue_py.html","E35D7BF723B742E1627EDE1DF9CE6E456F70986A90575320E15A964067F606D3"
"z_0e8bd87b1996280e__unbounded_queue_py.html","1B256B0A657728EB4D20AF335A651D5CE69DD91DBF5D3DBE21F9D42A0E7EBA67"
"z_0e8bd87b1996280e__wakeup_socketpair_py.html","EDE4E52286DE3D8F80EC496D3B7763DCEFB721BC9200FB0219B0DA6217967AE4"
"z_0e8bd87b1996280e___init___py.html","ACD344735D76C419A702B84F630F44640C780CB7836C0C47707A43E8B9A00A52"
"z_72f38213b392e008_checkpoint_py.html","C0C74C4EF46FB1D0F13396ADDF6D2E0687714CA2A41FEF7B8E6FF308EBBE627D"
"z_72f38213b392e008_main_features_py.html","0456977B96E392AA28C0754E4896DDE9717F4AD40161E5F69B1706FFC5889023"
"z_72f38213b392e008_parking_lot_py.html","F5D9E233ECD6BD977FFF597A3EC7FD7C7EF36765DA4F88533F3FF7950EE66094"
"z_72f38213b392e008___init___py.html","5B1F0A533A24B97952FD29EF27670E08D4AACB19673B5FF5A7D71A62C6F4DDD9"
"z_73a88276020a9b54_facebook_crawler_py.html","C72EB90E26745F83BDF44D11B566DF71B68991C078982C51CBC1DBD435BE62A6"
"z_73a88276020a9b54_insta_dm_sender_py.html","62633F1AF9574F656BE474EE8C61CA978051381DB938282B9481F86CDE90C679"
"z_73a88276020a9b54_uploader_instagram_py.html","7016F96045EA4FDF93B14B81604E2BB3083A58F2C7F3694516A6944B5D25580F"
"z_9b7b1f9db13f9215_account_runner_py.html","62A9C6369A147B30D8BB4A6765E1B82FAB1F6BB5DE6747DCCC6737AAE489E2D1"
"z_9b7b1f9db13f9215_api_py.html","D536D2C06671F97372091E2D3E76AF1F24497E4AFF3D6EB86E8B4B610E3F2F42"
"z_9b7b1f9db13f9215_ast_graph_builder_py.html","388CDA531B9CBC449DC9CCAC7A62D32A67D5562993DC1856F5D6A98042CF3BD6"
"z_9b7b1f9db13f9215_auto_generate_tests_py.html","51C99F986050322A7D2D7986E1408F8E6E23D359186B5EE28719CB223C2AF3D7"
"z_9b7b1f9db13f9215_cfg_loader_py.html","1735E82263A2AA3E8F90F1844CF17618CA2FCADF442A893F650FCBF08FFF4780"
"z_9b7b1f9db13f9215_cfg_local_py.html","545541BCE745F57FBDDF7AA6CB70C74EBED34C15E8BEC2DFE67681A0F445661D"
"z_9b7b1f9db13f9215_log_trace_py.html","E57830A3B32ACE1A43E6922793C2CB71B40EEB3B64F9EDA8E6B97B7A195DF0CB"
"z_9b7b1f9db13f9215_pickle_serializer_py.html","F04DDAA43969E37223E2E544610ABFB13227B7E3BF19301E8A1481085643E48C"
"z_9b7b1f9db13f9215_pprint_util_custom_py.html","0372F28325AAE81B235E8F855450562A550DAD2AE18C0D65FB115B87CA760EED"
"z_9b7b1f9db13f9215_reset_db_py.html","64635FC41169768EDE1ACEF45C853BF489CB024D05CDD4489067BCDF748277FE"
"z_9b7b1f9db13f9215_six_util_custom_py.html","FF411BBE3E5C71D80C9B6934564FF8553C67666F6CB7F16669EF72DDFC26CA3C"
"z_9b7b1f9db13f9215_ssl_handler_py.html","58A89F40CE738F3090ACFC5A3C604AF45B9D733B19884D928E8A43409E0B6DB1"
"z_9b7b1f9db13f9215_task_queue_mgr_py.html","323AEC917020EEA1FAB403855389AB1FCB778B3D9CDD9980B7EC96DB8ECE77D8"
"z_9b7b1f9db13f9215___init___py.html","641AA12DCB40BDA885468E18F2250857066B13B6A7DD1D6E5E34D4BCE97E07E8"
"main.py","ECE5609704FCA591E6B75B297670A5F3075F941037B8E8409386361886DF1002"
"session.db","A33E907AD6BC93BA94F185E21BA2CBCDA382D5F918B344603E1B9E78E9AC7F8F"
"hash_file_locator.py","23B4CC3436F2FAE938BCF23E80F15098C603DF0080437197A58B48FAC721F058"
"current_file_hashes.csv",
"git_Changes _0807_2206.txt","68EFD392FAC9546FAE39062A0A543B88939B59670BE12022BBAE6E7329ADE797"
"pylint_after_fix_0804.txt","1D4557F47863FAD6AEBC09FFBE116E82011D4FD8E230B28348132510351F2C6A"
"pylint_final_report_0804.txt","179ED81FEC1EA0F303FEFE6FD6C58C1EF41FE8363F9C9E171E54A92BAEDFF77B"
"pylint_postfix_check_0804.txt","04FD4256845FD251C5F7F64743949BA6390E8BE42EA19664CA0B1B9D242826F9"
"pylint_report_0804.json","9E650450A06CF953E09E527394F891EAEFF97E468ECFADB7F4A31907D5AA196C"
"pytest_run_0804.txt","ED9E5F3322FA2D5288ED08FA817B23C41200C22F7AB9EB311354F1E4EB618B26"
"recent_modified_files_48h.csv","FE94F047E655C1A5560255F80189C4974A06F291C78C2F80691AAA5A24021E32"
"session.db","16F0F3458EAE052302CA08D8EB12517EB8525C073A52DEE20208FC50326C4FF7"
"account_runner.py","82A9AAF4AE3B88C43B50B0B40BC35FA4D9271A49A9FEB1EE4F3EFA9B58A4F4AB"
"api.py","F248563971200E177EA08E8867636C176BB60263C39FCEBA88B4D9E696670670"
"ast_graph_builder.py","FF1EC94364677BBC787D362466917362E5F5530E0D514AA0967035F1881AF86F"
"auto_generate_tests.py","2A8D7FC5A79B18FF74F0C6430C4412DA3A7F5EAE965F3C02F2B610183C068092"
"cfg_loader.py","5A39AF1E313D8A8F8C87963799E301E4FB1FA83F63E7233E7BE357F343BA8F6E"
"cfg_local.py","8A5A195357530F1BB1E3CA856913D7899B74CC1EFEE92ABB08944B63B7C92C3D"
"log_trace.py","CE2F6EE78DFBE1DEE7C725AE5F0707798D0D7107AF5986CBC90E3BB2C684693E"
"pickle_serializer.py","C131C942E375294DCB3944C346C7ACA8D9D5E6D2CB65671CF0A59004CDFC13E6"
"pprint_util_custom.py","C05685C31066D77181A667D894585C469FF5EE82DB5A2B75565EB386C07AB09D"
"reset_db.py","4AF0723BCC2A246FD0AFA349507CD2D6D692970DFF66D92F22EF256641E253B1"
"six_util_custom.py","69A1371FE7EC06099780B5A49384CD437B84FD65BA03AD6ADA9BA1C56D4FB0D9"
"ssl_handler.py","9C9285DC877950698E6D7D8EB3DBD568C4AEC365B0F476F0FB73722BA4747AD0"
"task_queue_mgr.py","105302829B9F17FBE1653DAAB1BCBC9A5B02C35457942C05AB548E748F3BA453"
"__init__.py","E3B0C44298FC1C149AFBF4C8996FB92427AE41E4649B934CA495991B7852B855"
"add_friend.py","D54B871477FCE64C04635C959FACAA5B35D6FBD3CB909C172AB0D48604C228E6"
"asyncio_custom.py","E26068622487280E53DD3503F95E552A051A9B83DFBDAEAA079E3773513FC3E9"
"audits_1.py","F1E4100D840A911CA806A87F2689E4C7A3E9960250A5A0EE10524CDD353DD73F"
"backup_full_db.py","EF2BFF10CB6CE738F0638976CD50BB57B5028CFAA29742D975DA218EAFE5268F"
"backup_trace_log_db.py","B6CB374620DBD87A04CBD1C1738C8E3038A99360D82E20F6CD47D0FE28E252E0"
"bluetooth_emulation_1.py","ACFBA752CF70C86F2E711BB9D0C2B7C8DCF62EFA591AD5C28EA1B68B7D96F2A3"
"browser_2.py","31CB2A8217389734C514148465EE97506639D1BCF7E95A30126590A8D3989DE0"
"browser_3.py","03E41C58C9C503507BDF74236C17F41B39B5544DD443DB44321837B5953D69CF"
"browsing_context_1.py","6B9AF6BAD46B803CA2E10B92D183070238EE6A909F279AFD9A8B483F27CCA24D"
"commondialog_1.py","AD18D6BB511794E298C843C43AE921464511BA0ABD457FFCA0438EDA0DB3E846"
"commontypes_1.py","F639A3F97D0866FFD317F12D1E17A13E229781B161885DE5B5043824924DDE48"
"common_18.py","77921672F41D93A3989A3E61A756985E02BB028DFE12D77CC2F4591646EACD61"
"common_19.py","933F42D0BC5423600CCD4815EEEFA831CCD4A9A40B26BFA46FF2695AB02CB048"
"common_20.py","3E66D476B51983FD8C3B670BD818E97EC0C5ABD886756996D4FBED430CF7F2E8"
"common_28.py","34ADB974B670E87B76755745AF876926F9CED2A38124DB602658F481E78C940B"
"common_29.py","BC3D75008CE2B0D7DEDA070278FB8E5BF36A2D398F30A9480A421D103E4FDA08"
"common_3.py","4D360DD5A4748F40C7FFC163F85C56C31F2E0C2A87A6F47E3271DBF524186E02"
"common_30.py","E85DAC811052CD9A3E488345AB03FEDFEF0D9F5C3F697A7134D24B566966CB76"
"common_31.py","2024596DE517E8A48F662A72A7371B17749CD2F6459EFF0EBED9A2E647DB8C7F"
"common_32.py","BA5C3CFC59B275DB1817B976F91BC649087B70D6E2D5E614347D7829F911A72B"
"common_33.py","B0012842AF0F49DFCBDE163CC8439B4BF826C34DBE8E4C1975C292EC3E7F2F00"
"common_34.py","85A9E06E44510495A56CF15A1A7CB24F2929264B57FBA442CAC62C5B2546C798"
"common_35.py","5F7B56866EED916565AB7478CC1D74A3ECD7811376AAE0A5FB0F23A31202C0F8"
"common_4.py","8049E02B4655AC477ECA3CBC9013DD8F44C24FAB7338C3FD485221EFB122B433"
"common_5.py","F4FA20022EAAD07CAA50DE1D9F4BFC01911EA29B28862C6092C2AB82FE8F0DC5"
"common_6.py","0DF86C382C73E337607E13F31D52EF79B23CCEEA203A0D539BC0847DC33A1943"
"common_7.py","82437A6ECC30063B7461888D1C4F56A1A55719A45B724322FFABF1F18AF88BA2"
"common_8.py","F8ED6EFA68F7E2654D3EC2BEE5A4653003994AE899268B7FB9791D86D3136EAD"
"common_9.py","68F11F54441F997550817790098737325B6C5C511131A2EF675564A14ED42DBF"
"common_rules_2.py","7D7D84EFBB5B37DE7BC18ADC805720E1B1D9DCF466D455CB0E97D1FD868A41C5"
"common_rules_3.py","C8FE009AFBC712A770EB9C38C6DDD30CE0001503DEDA8BCFE5FDCB9EF2DCB584"
"create_trace_db.py","94A83243A6973B432074F5C4152BD0119ADCF63D3B544181E834D8338091D422"
"css_1.py","A8C1301622D01FD4156D9F2CAC5CB8E3F31A4AF32D568629C0CE3327DB18823C"
"db.py","3A05B481BBC0D62D197B3DFD5E3D0284F295FBB7E66409E5503140421934B793"
"emulation_1.py","6F80F337E6FE3B9852692C52C995AD67618BC809FD2522C23313AB7FE6FC93DB"
"env_log.db","14E0DC50D51E04F985EEAA90E92C4C8BD2254EF1F00200D6579B701D32048E33"
"env_log_backup_20250503_141815.db","14E0DC50D51E04F985EEAA90E92C4C8BD2254EF1F00200D6579B701D32048E33"
"export_env_log.py","C43C6375ED67EF2F934DC592C676E495F9F69C594E4EA2B8AF6DF78FE6111932"
"export_env_log_1.py","90310EDA7B552352254D3B953AFDA4CFAD3F1F44114806AC3BDAC08973B87FB2"
"extensions_1.py","851BDFEA65B400780CE35AE8CB0A9303718B8FF916BEBB874AEF3ECD435E97EA"
"feature_base.py","02B94D85A1A97220AEFB9508A5C07DE5EE9853D3E9606AC0CB87E00907C2394D"
"frame_protocol.py","E7BC0458E7D244DA8F12B9B8923304488A375A4DD5BCBD9411D6E5B1F30EAB4E"
"handshake.py","457C1D2BE13DBB8BF7E3B612C1EAA0E32BC42F559495FE8D40E8532DCD61927F"
"hook_status_logger.py","3DD214ED347BE7B5678371CAF8B18D82570E1C73A33B1BBC5525C918EB67CEDD"
"image_generator.cpython-313.pyc","98B891C69E34BF291F71976B04479736CE3298031F5A4972658666B7D8398C41"
"image_generator.py","D0D07ED4F6FB01F929F53A250C463959345C8AD0636EC1DAE3D7D5E6ED3BB867"
"import_csv_to_db.py","7A79D05F51D0DBED35B65C0F7D7D32D243459CDE6DD5AEA8749366AEA97949B0"
"insert_env_log.py","D403F03CE38E9A1BE79182C76B07F90FB466E80843B6267E15ED0C7743AB325A"
"insert_env_log_1.py","C216359591E84043289CA206EB8C8C49736F46C8F89D0DF344234BE129C22CF0"
"insert_env_log_2.py","C216359591E84043289CA206EB8C8C49736F46C8F89D0DF344234BE129C22CF0"
"insert_env_log_3.py","C216359591E84043289CA206EB8C8C49736F46C8F89D0DF344234BE129C22CF0"
"insert_env_log_4.py","C216359591E84043289CA206EB8C8C49736F46C8F89D0DF344234BE129C22CF0"
"insert_env_log_5.py","C216359591E84043289CA206EB8C8C49736F46C8F89D0DF344234BE129C22CF0"
"insert_env_log_6.py","C216359591E84043289CA206EB8C8C49736F46C8F89D0DF344234BE129C22CF0"
"KMAC128_3dd47cdb.py","19569E478643474E5BA304537D2C3643959351069D5348956E18F7F7CF8903A6"
"logger.py","4FAF9796EDA765C9FAFF3BEA918588BB4FF8BE863992DBE1FCD77241B6FD65CE"
"log_1.py","2BE8AB23B45F11797F0FBB78B9A42159565F537E5F9AC46FDF512F9DF908745E"
"my_configparser.py","D01A8185E64742339BBC124320EC13A60F64DB7DB5A9E79F05A49F69E511C7D4"
"network_2.py","B1A8A1F8D76D32357B5DD5346A9E3E5693697A51F1DEA3D9492A179B86EBFF3D"
"network_3.py","54566B508F3D560C59BE8E22F93B3E3989CE745A6F48539EEA74B2E272342C9B"
"net_socket_engine.py","6D7AC39EE868C1113DFE110A7A92CF035E7EFA0CDAE033666E30EDE43F0B5856"
"optimize_trace_log_db.py","E002AAD4C7A52655936D5B43793FFEEA943763DBF2A0AA08779A17684ED39342"
"page_1.py","0731AE5AA42B0D5610F2FE1EF56CC4ADF2F27BB5FF5A512A81BD40BA5F44F188"
"polyutils.py","D040FBB5EFB1C580042CD00480D63F44E4302ABC1600CACF74E5740B964FF908"
"preload_1.py","572F022128505E8E261C93D142E0066B1F8C561CA3E78B4AA2BAB80BCA0643A5"
"proj_concurrent.py","734A37D317325650F33971FFC93F0ED3A2F6CDE503A7219C80B02067C9FA0441"
"proxy_accf0cdb.py","A11DA3CB927466CB2C413114B876BA01D0C10EE062EB830F002429148767774D"
"random_custom.py","F63F58BF2F431BAD5F6CBEF27D4272A40E4B91B839499FE3E07826EFE646D5F0"
"rand_util_core.py","8772D8B9525E639395432B3861FE751AD7C9D203CE8B68E451B9DE51A0EBEF56"
"safe_ssl.py","E81B8F5A74E538A4DCBDDBA610AEA4FAF27B20F1E227AF99C2B9CE644FAA06B8"
"script_1.py","00C172DC9BFCEBE36D3A2A7B7E32F3D190C4339E15C620103B8534C92E72C2BC"
"session_1.py","C383CD79B5AE4A2E7796CB185451D0EE00A9547F559FF1CB48F1556607A9810A"
"std.py","4E1E456877C14CEB33619A6F510939E0DEFC223A67F01109BFBB9D5C03DB79A9"
"storage_1.py","7FC5468321F026E51A7CEDC76F9654AD09064017F6CCEC3CF58216C05C62C91A"
"st_common_2.py","7F02B92D606E8E03E1FE9AA0E7C705D21CCE4266C048B8787F921DBADDC8229C"
"st_common_3.py","43909AC702E35E6E8809D06EF43160EC1C69B1CA69F075B0980A11643FA1D1F9"
"tags_344cfcdb.py","9DC0DBCF44B6C449F03B0C2768BB3764DE43DCBB0B95ECCF437554DFA9B17779"
"time_helper.py","ADDF6A4224194B1F7D7F35B077D8590958C70B17118F977165F3941E476C91E5"
"unicode_utils.py","7411C23F7F01CED726E9EE9B3097C4730C0E257955EF251CBFB9AE2B7FDB4561"
"utils.py","D73EA2E26DE8CF497D921FFE897C204D895EFAA482415AA542A3C70FF94CB6D9"
"_core.py","188D34AB35E1C38B5604E2F532EB552117B6CC88E8CC04144D58C64F2CDF4889"
"_distutils.py","2F47CC843F68332D81409135C7770814CF1D4EA6633DF01BFDCEE42BE0CD9338"
"_io_common_1.py","D50262ABBD4A857381C0CB018390D0A973C239D63E293209054489948259BDE7"
"_mapping_04f7dcdb.py","C86C467479546219688E7225B558B6106C313E76753EB29BBC9E8BE52C99B3F4"
"_mode_cfb_61b4dddb.py","8397E9A84BCD4D8F9FE6D6FC8E0B044607904B4580510DC32A2C7B99A26D6A9B"
"_monitor.py","ECBD851D84DF98DD97E1D441CCA1F4BF93C623270C85A45BD2BE4F1A2B8134CA"
"_shimmed_dist_utils.py","1D001CA3122ACE7C0BC702532CF363D053F9BC1ABF7BA24FAECB04457AE0990C"
"_utils.py","9EF1A7F286B4DE1C04073AE41C5B9942BD540BB481D73095C5CCFF9CB9D9D22C"
"__init___a3f0ecdb.py","8D66F03E6D45603A5E3C958B4C5FA23578043EF105B071AF4AA3FAE7B0F3B7BD"
"__local_datetime.py","C14774EF94897F4110F2F0A83BA007BC68289865EAC2AF6A45253A48BB5BB3C5"
"activate.csh","75B79EF415828603E74379F10B017DDD012622DA152DB05984AC90792771FBA3"
"dotenv","6A63FD4678371F9E86B9002807F2B19A65CA2CA8AA57E47ECBCF7CC15730487D"
"f2py","7A10F33EF8E5D6C06214F29817562B966551B20DF3BE52967396B1DC015067BC"
"futurize","3F8B77ED43F0103892DDC1BD73885B1EDB3F4134FBB8A257A39BDE8900BFFDED"
"imageio_download_bin","4E8A5E8DB7B291174C2F37A72989B43DCD8C00A8CC8B4891222E3A991E6D693F"
"imageio_remove_bin","9D75230FC6D8EC747557B5B82913C09B06F366914B99416298DFC97CF70B0332"
"normalizer","BC93708C38E816F7A54E4468B3B1AA2678A28253827048AA0C58740BB4B3E31A"
"numpy-config","868282A577C7B7BE0227E07D0DF9B812B3BED7DA9BB2831714A59295AC3277C2"
"pasteurize","92FC24968D1CB6046DB46644CB3632B77774F3BE407E25D13C989CD0082FB403"
"pip","1736AA19C0E80D154E01B5BC27EC0578A549AF4DE012A7651C4EFD349152B5BF"
"pip3","1736AA19C0E80D154E01B5BC27EC0578A549AF4DE012A7651C4EFD349152B5BF"
"pip3.12","1736AA19C0E80D154E01B5BC27EC0578A549AF4DE012A7651C4EFD349152B5BF"
"pyrsa-decrypt","867295129E6275FD001D6F5040B795581C2E074ACDE91EC1A3181600011E6A3C"
"pyrsa-encrypt","F7F6FA9D8523AF739B08674E96A68A803D222A6CBE6599AA787C72C262F720B6"
"pyrsa-keygen","9975A040DBC1D425C84038497314F526A76ABEF9AF491B15CCC47A40E3754BF8"
"pyrsa-priv2pub","4658498BFFEDBA084117555BAE6C5A89108E46D0DBF2E8C330C5E2B6C3393420"
"pyrsa-sign","8A0CDE3FA9ECD7F1B0714F75151CAF9A484AB0C92E947144A8FF252CB83AFAF3"
"pyrsa-verify","BEF1F59964F8E22553000F54D8A30B64EB2EF984B9772070C94A9B38F7DCEB8A"
"python","6BCD758CCE71C048F2A5F69CF36A6AF6F3038211807F2D5509BAD71ABAA5DBFE"
"python3","6BCD758CCE71C048F2A5F69CF36A6AF6F3038211807F2D5509BAD71ABAA5DBFE"
"python3.12","6BCD758CCE71C048F2A5F69CF36A6AF6F3038211807F2D5509BAD71ABAA5DBFE"
"md.cpython-312-x86_64-linux-gnu.so","5BAE7841353741923A7962747DA9D2700AF4FCEEAC2F423AD5FC9149D0BEDFD6"
"md__mypyc.cpython-312-x86_64-linux-gnu.so","D3620176E1E1AC07C826D79358C949BA540ADA028C18FEB8772F1B56E6C4C373"
"AES.pyi","B4F67ED1353FA7397A47A46F13EFDEC1B72E4F67293FDEC1134A18A5E30BFE80"
"ARC2.pyi","3756E2F4CD4126793BFB66D14B7A71E4D3FD95BCCDD36CEE1C9752810DA5F6B0"
"ARC4.pyi","B5B18E83FDC0BF354A2CD94444876F2EF7C6D68E54B1AD88E9417C6CB93F04F8"
"Blowfish.pyi","A1CF2F18024FDF5DC3373AE3D8A13430B6AFE001131D841E477A5199548CA857"
"CAST.pyi","C9579908D3EBA910E8253E6180FB01498C007D23B503BB60E6D5058E53DFBE1C"
"ChaCha20.pyi","380605137911A31BDC3450FED359FAB9AEAC26095F70F5D9D9341CEC4B078BE4"
"ChaCha20_Poly1305.pyi","29598C8C4490EE6B2A6EE42E63EA6BFC7232E64A2A5B33DC51595569E1AF2065"
"DES.pyi","9FFC4FDE3B04DD0250A382F89FC27BAD228F5624701E732FA4AFE1F332B218F8"
"DES3.pyi","046B86413BBBDAE7147F3A349B7A2807A8EB1C012D1960960622F9D7EB2D9320"
"PKCS1_OAEP.pyi","7074B21A6EE0A20A6CDEE67B44F3F5BB131AA97B4849E4B7EF67E78143CBE45A"
"Salsa20.pyi","3A381B41977F90AD8A37A2245853109BE6BE1381651B5C9BBDE90C446DF0D2C6"
"_ARC4.abi3.so","2ADB90541769F14A6F05824794EA1287FF228645E363046D4BA4E47DF4A99455"
"_chacha20.abi3.so","CB6D8F7369A9E0277728A4A587F31883BB2051C4F297ABC84ECD1D82E15772BB"
"_EKSBlowfish.pyi","4D8D1035E725AE9A0B8113EE727F59C688764F0A54636810735127F8419A7BF0"
"_mode_cbc.pyi","C2273476B94D7DC35D21A3CD0E1B78A832B629EAAABA67E7C557A572C3F3572B"
"_mode_ccm.pyi","10D716E8EFBEB957009F0BC9987765A641FF48376C8C4C9175E22511A4EB32FA"
"_mode_cfb.pyi","0F2EBC5E7921F8428204D6A41E6AB5260C47AC2C1831A586CE3E01F339B3A0A7"
"_mode_ctr.pyi","764BD18A661BDD85E3AA3783C76FAACA9BCD87BBEE2486FAC6FA08EECCB9383F"
"_mode_eax.pyi","513C092CB7FC2E5C6F54B1645072946E1EE2C87DAC8EBD973AA336A73CA8407F"
"_mode_ecb.pyi","53EF93B2F84A8430DB3C0496240CBC62152954EEE9452504A5B36DFF616FD977"
"_mode_gcm.pyi","8F2787B4015BAB1025CEB22A746456CA176B996817D495E6BBB59C9A5AED51DD"
"_mode_ocb.pyi","D3F4C002915036FADB9837F9A747B0C5E33D297A88E422C213E65917840DFD76"
"_mode_ofb.pyi","A43F73AF171E8482523F604E792BCDC35A63D0703719513E2408DC03D9E0D25F"
"_mode_openpgp.pyi","C4A77C99153FBB51E27E5FF3F33BCE6CFB394C51F3BE840E45237B2BFF8639A7"
"_mode_siv.pyi","3EFC8C7689164EA2362947D66202FB4951ADB20305478C738C7F20D019612587"
"_pkcs1_decode.abi3.so","69DACC75DAEB63332649180EF0512787F2730F2788F717D4B132C97C835FADEA"
"_raw_aes.abi3.so","F4265907FCE6174D7E043039AF0F244D650861A8B1C50D135B738602DDE37578"
"_raw_aesni.abi3.so","1FD3C232C2EA188C6D6CC78A3527376AC6691FFE04C95AC420E6C5AA5BBC6B54"
"_raw_arc2.abi3.so","9691029D4146C35F3D914C9CB79B788989EBAAFD447A73176A555D3BFD6373D5"
"_raw_blowfish.abi3.so","174CB4378CFB9CF286B7D189ED0113490879E96A01D2F892E5EEAD4E7C2D3D5C"
"_raw_cast.abi3.so","91CFB82C3FF953B5D2749278B830EEA64F58A8AA528C680353AF12297AD56500"
"_raw_cbc.abi3.so","D23D8ECBF2A5E657DD7077E435C5CD9DF5BF722C1E650F958CB6990345842374"
"_raw_cfb.abi3.so","3ECFBF0B55BE47FC32B755F9C1797D2FA9877F01977AF500C05EFB4E430C4AB6"
"_raw_ctr.abi3.so","DBC8B7FA5EC053F0EF8D5ED5C5AF85A5F492CF4236ACA594C9F979FB8D965283"
"_raw_des.abi3.so","3FC55B04E0D3BE6DF43D2C7B0296113A0381D7C5F0DF0C883B5C9BE23C2F8AE2"
"_raw_des3.abi3.so","4091CC675B754684CCAFB55EF5D2865AE1B9E3750E1BAE92A37CDFBCB8C04A4B"
"_raw_ecb.abi3.so","7D8DDE22E0E9FB9EA2D467E81A9A7421F1F688359B9D6685C4C57F5DFE1100E2"
"_raw_eksblowfish.abi3.so","164B6CB73F02F711BEA36623D3629426BB0EDA0F843F80B7A16C85F45B29F276"
"_raw_ocb.abi3.so","AC4B744938151389A70182391BB4F17ED28A626002FBA31E78F101435E393E2D"
"_raw_ofb.abi3.so","C4C711D7AC3C2C4D19A6BA0B3E7132ECAB313873E5761DF7AF1A1115486890B6"
"_Salsa20.abi3.so","FF9A06E126354CD518769EF2FA7541F82962A895C9306E52695DA85281EBA718"
"BLAKE2b.pyi","404C2F693AC7E10E22DF810DFF8BAB1D23A96A6E0CD18A504C819C20879EFD44"
"BLAKE2s.pyi","B8261A2CD4084390503DE97E8EA363DF3E6BCC33133504661A60ED4DD9DC6EAC"
"CMAC.pyi","6ADB1008C3B287F058C95BDF58F01C629FC0DD1A8A5DCE8B2F604E3122BF9997"
"cSHAKE128.pyi","B2BE2882BBD2DBD8551BC044E1A802009C3B5284F311BB419D08A86B32B8E1BA"
"cSHAKE256.pyi","7E53FFCC226C10B9E8B7ABB13DA97CA46821EF8D056C4EF161263ED8F2D47B5C"
"HMAC.pyi","E63D18367821C62D04EFBCB1390D92D592D48A1C75982EC95F06EB5CFE042173"
"KangarooTwelve.pyi","E7D69D007ADA6D0537AC67C97425C17EFA299C54FC110B986783047A5D06E702"
"keccak.pyi","A4D6C227F559B352A7D689FF278A8FA55F6E7DC94366EAA5ADB3800CDC27AE0F"
"KMAC128.pyi","72899798131C8B88D4EB53B230461D59F4E8DAA6CEC68281E41ED204AD66F4F5"
"KMAC256.pyi","A5E98167B0CF4944E08A99543244585D1BBB74E8C5D376AB5DFBA95D62382183"
"MD2.pyi","17D64A6348C5FE1CB8B42494B39471DE762708E1A2F338750D0737B4E84A7D4F"
"MD4.pyi","7F99798C0B345A12E690A7686DBF9964209F696B03B56B280202054A726B3769"
"MD5.pyi","E6A24D17362013427508EA6135C88623C635E3E721584F444C6E8A0FEF34AAC7"
"Poly1305.pyi","CCC70C3B5D4EC8AC8626949D2D677C3E3FEE0636CA9654B49F0EC73C3C15CE29"
"RIPEMD.pyi","839C1BF63F0BBF59C2B396DA97DC665ED913503094771CB4ACEAA05A5C61ED87"
"RIPEMD160.pyi","F4BF5F0701ADC29CF076C9C96D2684600CC6128E7067CA34C01C430ACF62C5A0"
"SHA.pyi","4491E9E2FB95FF5F52B60138AB196721F0E5B60163C7E2FDABA1F4B6387E464D"
"SHA1.pyi","2A6D2D6E10EB940EAC6F27F950FD412412CDBD97C205E87B63F1A0BC4733B02D"
"SHA224.pyi","428B93E0716C06F2FF461207744E1F544B3427C656885140CDBF4CDD87A96759"
"SHA256.pyi","485A54D212B8772B0F5587DCACF55C0C51C47171D3E2587171BC7D265099B4FA"
"SHA384.pyi","FB89698E9DE0763A305E3503DF04E85127BEFAF5C6C75FBC5B103B58CF5170CB"
"SHA3_224.pyi","60DBCDF86C55A4F2BAFFE79ED3F9FEEF080086AEC9CC168169E1A235D56841D9"
"SHA3_256.pyi","2653CE895B4454D25EAC6591B810EE9D7053D7D597FFA39BA54B8C697ED0744B"
"SHA3_384.pyi","737C1BD1CE918E570C70ADB6995E11656B0399403636CCDA8212C05C8ACDF13F"
"SHA3_512.pyi","6D9D16A334C3FE643FE6DFF3E12582A429FAD5884255A985E74D63B107548E9B"
"SHA512.pyi","A8A1C979A987923CDF154558B2B35D35167517DA2E924C2097A3BE2528E165DC"
"SHAKE128.pyi","C821F3EB1EA7A580D1CC12080A7396097A969573C3EBBEFEC7DF42575C90A661"
"SHAKE256.pyi","F3B769F4D866982A312B42CFCADD42B4BE52457815D22C5D040C558EA6A18314"
"TupleHash128.pyi","6323B2B79E6BC8078EE750C882B04BF34E6728E8BAE349CFB8ED7F04A11F7BCA"
"TupleHash256.pyi","BD753D291167C8A3F585DAECA8DAD981D8DE0BE22B09CEE245A0D697343ED778"
"TurboSHAKE128.pyi","C6E1D625A1746C843F0F061B74BBE220282DABBCBA0029BB64484D4170D73ADE"
"TurboSHAKE256.pyi","BB00D513DAA6C3861832B08A3243923D32502F2D4586EB069B9F62FA28BC1EE2"
"_BLAKE2b.abi3.so","5F40883E38D1E8597D68CB9201EB9842EBACF47930555BC93E9ADC2FBD35A5B0"
"_BLAKE2s.abi3.so","48E3DFD8293F72CC5AD942EE55C4908B3254A568BF0F1674279FC31A9B52ED68"
"_ghash_clmul.abi3.so","5D985565F647A02C277C6FFE58E82778F55278F854E286F87D4B7D1920AE9701"
"_ghash_portable.abi3.so","BED27029D44068160D45C5867B2BBAD2475A40C3875B66960ACB801B67AA7C22"
"_keccak.abi3.so","78E30B92F3C32AB063CCF462B3D1079FC8291A692242B502C33FF878287E522E"
"_MD2.abi3.so","C7070CC973957F3489AE76F147B5925FC42AEFDB243BD2972B66F821D0F3B75F"
"_MD4.abi3.so","D9D6F81F240F396377E4A2D56A75A3E63BBCB5D27D0F451317CBBEF3E4D6384E"
"_MD5.abi3.so","978DFD0759DA57BC5016840BD39DD57DDC132613D4B311A1CDA543762BA2F3DB"
"_poly1305.abi3.so","C28F9AD6BF36AD3222AE7E86131D0B369305DC374668A5570B90BDFC1EBDA572"
"_RIPEMD160.abi3.so","713C0925D73197071B1066A8FAA1CABDBDA9D79F0A2056608DC59D5C71B2709B"
"_SHA1.abi3.so","9C2BFDA92A78790E3C7E34C72EBBDA5B7E8E8A2888B83D9AEDB7C09AA1A38BEF"
"_SHA224.abi3.so","542B0DC5B2F17A8358ECD0A49AA1B4E46601041280686347552273658ECB1307"
"_SHA256.abi3.so","B516067224D7D1F84B29388C545705753C557BD4916457DDF4C60452296B0951"
"_SHA384.abi3.so","FA694E6A1B638A9DE3F10C59FFC06F20EDA47A832FBDC6980E50F006674827F7"
"_SHA512.abi3.so","1279FDA58EBA3013152A5470ABE872BC948587FC2251E905CEABD0E424E51AD8"
"PEM.pyi","0FC2DB22D60400350343022CA31FFAADECD568A9E687C0ABC7595F6DF7DE0872"
"PKCS8.pyi","38A85F3A1136D77C42859C4F9C36F29FBA0D298490C025D51748651989533F31"
"_PBES.pyi","4CD1776B3BF4DC10692246A13576E7762116EB859AEB59C1FE769C2A85791342"
"Numbers.pyi","9AD6F83082BC0290A089EF34C519D3A6D8528FB1C2F0B6F8D609DC3F54C7E7C7"
"Primality.pyi","0A168E3330DEEA7F9490C7E0E80ACA1DBCDAC9505F1C88F1556D6FE2C6572FD1"
"_IntegerBase.pyi","4AA469C47E658845C8B172D9646E4E699D01B87C66666B300943D91D47A37EC3"
"_IntegerCustom.pyi","B3D5198A0044814BC74B820E76DF235E1B19DF73BD8F5F69EE589EA1BD51F846"
"_IntegerGMP.pyi","05DFF377755F7B9D645978C7FE35DDE473102CDFFE7AE9DA57C2A5DBE1DFEA5B"
"_IntegerNative.pyi","68D4C76A5A0EBB603215BB658CEC6E7CCA07061A3CB864B8A19D3ADB527EBD23"
"_modexp.abi3.so","93B056FE341952F08D2160CD7232BF5C5293FDF611CFC0A0F8958A9BADC4D6A9"
"DH.pyi","214EBEBE22B33630A624CA775551DC3AAF7BEF917E26499D454CE079D9722822"
"KDF.pyi","54F960BD6CEBF9A7107EB08E11B4550D1F497E4F5924C4D39EDCB9A74544835F"
"SecretSharing.pyi","F965AFE2B752361498830FC56DA279D9E03650B65219BD76B66C5E820E2C5F14"
"_scrypt.abi3.so","EA7F6DA9FDFE0A78554CD3E6D4C6F9E28DF8EC3819318A4B5D53831EA3079117"
"DSA.pyi","026A5684BEF8AF27A63D33675EE3F01C75AE8EE20253B952656AD75E4806174D"
"ECC.pyi","497D970EB19DD67B52743EBDA249BDBE94CE92BE716417F5D97A1852F438DED1"
"ElGamal.pyi","57607AC977EA053907217419451BEB1A89C698622306949BF79894BA7B75A451"
"RSA.pyi","BC31F3C467451EC16D0047B0165B739F45A22310F88A66D2501DA0906A426ED0"
"_curve25519.abi3.so","568BF98F6EC778ED8AD19C961EEBDB8E94A0B9FCD548F08C42B025B58294CCCA"
"_curve448.abi3.so","7263EB36ABCF5313CC430EA5C3947E43CC6C09F3FBE4F839F7897602EFE13D11"
"_ec_ws.abi3.so","3DAA7B8CFF1E40BC9547730BED28C73BEE4E7FC99318D5A4F423CFFBF12C32B2"
"_ed25519.abi3.so","D26208C322F2E722A7D1C86658053DD19145008B4E6F5CA3A5ABDBD74D528222"
"_ed448.abi3.so","387053CC71F6B8F95634FCA411A8949B459885DEBEDA6EDD35F5AAA8E3623CB2"
"_openssh.pyi","E80EF7ECF0B9E39B23D5A628F56594698DDAAB5C47D61720E82B51458A816975"
"_point.pyi","554634C0CAC2DCF376A46DE11A728F9DE90252C5B2F5F5D1E1FB3D99192A8587"
"DSS.pyi","CEE65A89CD513E3443B217EA7EF41DC99F170BC72245A76009D9322F6C5D006D"
"eddsa.pyi","26B5BFA23276C191CA242350E67B0EB0FC3C8EB9D072AB52F1D1D4ECE31F72A9"
"pkcs1_15.pyi","7063A3D8670742B714B9D1FAF672093A8B4CED5597F33E3BE466AB492CC335DF"
"PKCS1_PSS.pyi","B5C455E9C9ACB25E44C8DC6437137816029CAA165C60B6383FFE93C473A662B2"
"PKCS1_v1_5.pyi","A9F6DDC1C0051D65A7CA1C24726A00ADA5297395ABE42E85A227C61B1F99BBAF"
"pss.pyi","A3C9749022B64AA17B773095F36445D7F08F7FC49178332D70961577D7913D60"
"asn1.pyi","9C77255C686811E24EF5C437A1EBB259C8B011B6AB26DA8F545811F4C62817A5"
"Counter.pyi","E61495F51CD88E41EF8F6D96AE104B78FC378EF4191D590A8D7DD77E2A9FC1B0"
"number.pyi","C0BBAD43264BAB5CF54756733D73282C7BE904156181586DCD6F50D86A2F8253"
"Padding.pyi","93749291F992B08CF8A064F6E19446023815BD1B97F476602EF50A0FE17BEBEC"
"py3compat.pyi","50235A2391D53E135EB07E7810E5E0E727CCCBD8E1B7B22DD048B79B08DCEA82"
"RFC1751.pyi","078D8BBEC13A1BBF3AACD12CAE1B5AFC100D6B382BA5BD16A1204FA8ACA3B798"
"strxor.pyi","5F86C667F499D953D6B797A8D1D10801C9A47F7F6E93802103A4A51CA930AC84"
"_cpuid_c.abi3.so","2C161368E944064302B78048613EF26DBC4229861D2328BCD29C501C72CB1B3C"
"_cpu_features.pyi","DF029767467C965736BB1003BDB873DDD1D5E982F246B0EE8CEB1A6D795F7C24"
"_file_system.pyi","1B3AEA4F25B153416A2907EF4BD011DACE068CAEA0C9037BB023FF220F5DE1D4"
"_raw_api.pyi","1BBDA7E85E4ECB05C8749150BB07E0500E26D530A95911666F41CEF0EABD8EEB"
"_strxor.abi3.so","81B046CF71A9FDFAD4935D9AF67F85DCB16DC911C9364B3CAA0A44E453F795F9"
"badcert.pem","262A107916641C7F211AC5898C0177535CD0BDC5AA872CC6E883842694D8F521"
"badkey.pem","81A04AF69C7F806EC39AB2CAC5F0FA7FA8BEB6802601105355FB3E606151405D"
"dh512.pem","7544EC8ED2DB2BE7DE9ABA2B52B4C617CAAF2E3853893FE7E14A3957ABBFFC6B"
"https_svn_python_org_root.pem","C0E0773A79DCEB622EF6410577C19C1E177FB2EB9C623A49340DE3C9F1DE2560"
"keycert.passwd.pem","6417E754BA5B06D00E7FFDA009D890FB2AC11E646C37349FF150B75294192238"
"keycert.pem","C4F5E2E6274F71055BAE183106A1764CD1A6EAC499D9A2D5544B7A0D6CE994BF"
"keycert2.pem","0C1E3A144018BFC056C1027EE51CC2EBDE85C4F37B08E37E42C8BE478A682607"
"nokia.pem","B34D31D2E3C349A6B90C727F0B0CE5561837395749E3B7F8CE0A9075DD1201F4"
"nullbytecert.pem","3454585A198FFEA4F78C67D58D1EBE89A0BE1107612058E25ED4CB37964F2A71"
"nullcert.pem","E3B0C44298FC1C149AFBF4C8996FB92427AE41E4649B934CA495991B7852B855"
"sha256.pem","DF007E190A8473B8EAF8F63060041A3DBB53BEFAFBB2D93F0D5999C4581E85F0"
"ssl_cert.pem","33AD3B8C935E21E1C6F419537FF8DA4243C92389CEC5224F9FECE6100696E373"
"ssl_key.passwd.pem","23F587E2C070F55B3D67E06F9AE5D8D1AC3CB71F1ABEFEAB9B950BE12FE93F4D"
"ssl_key.pem","54A194F91DD461A6695535E5EDC856978BC46040DEA1BEBD49FBD14D0F1AABFE"
"v2.pyi","44E6B36F0BB5AD224B05A12D5E6506DA84FD04CAFB665CB25B6EADC20156C791"
"v3.pyi","02D2CFD085AA4BEB17D6A0F21CF76308222C286C17539CF8D57397CD48F6A464"
"extensions.pyi","B0BAC0FB0B74F643C704324FEFDB46B44397ED74DC1048D1CC0EF43BC042B03D"
"plugins.pyi","A731FCA5A72A539BA576CBD839E7BF9E17761E4937991F15401B637959E49076"
"imopen.pyi","F232C8DAD2944EA15EEFD99C730F797D10086A724F1E2EA0426CC1D829444A59"
"legacy_plugin_wrapper.pyi","10D99DB61FC0BE9DB24F3BB22271964F6417800BFBD91AC545DE901FBD4B56A5"
"request.pyi","8AFA805ECDD47F186E5D07E0F2AB00B44572982B29A4FC1A773B45CD25E9200A"
"LICENSE","0EB40E67A258004C258D7B57AC06803CF39323667E9159104FB3D6E22B91CB4F"
"ffmpeg-linux-x86_64-v7.0.2","E7E7FB30477F717E6F55F9180A70386C62677EF8A4D4D1A5D948F4098AA3EB99"
"LICENCE.txt","2F5CE7F11B45756CEEEEE55A7EEB9F9253F95EDA361A48EE6E7518F3AE180783"
"dtypes.pyi","7C6D1B5C944E55C688ADDB892E6F09E471B7974071404F4C68192EA528275CD6"
"matlib.pyi","260616E1894B332A224AC251CDDE4D39229167B311F2EDD92F7C3138514A1E19"
"version.pyi","0F1616864031DD641BC9D32C8219E92D37A7C764E042991CEDF59C613475CB53"
"_array_api_info.pyi","08280BED63E230DD47047FE52E38A6EAC6BC2374C61BF19460775904433B2C25"
"_configtool.pyi","7787F6D901B0A5BD59B4393ED529FBD9FB6FA388A7702E44D890229268F37C92"
"_distributor_init.pyi","E88BCCCC09ABD3E67AA2A4E465C81782B909AD05D5323062876019BCB74380E1"
"_expired_attrs_2_0.pyi","7438D3FEA4634AAF66DFF0DC7CE26545A4F316D1DA70155176462003459E7A1A"
"_globals.pyi","22B1C72179A26D7CE02B45549440902F0E08124BDE5D21E8FD95A74E47E72DEE"
"_pytesttester.pyi","7D1903371979A1BB295BDF6E8D05773435EB44E5F10E22D51728FC01EC3FCF29"
"__config__.pyi","F7ED75433CE6100F3D4EFF018B0655A87B230117D95B498708DCFB6E7EA43FB0"
"__init__.cython-30.pxd","7167E44F734C6775F45779236C4792EAA648851FDE04D55874EFFC329F9E6C69"
"setup.cfg","F70592B0D819E9A369CD818140E9DA8E69F2441DA3CA7456B5B102306CD0A3F5"
"fortranobject.c","098AC5E38FC2A146D9CB740785EE6C00F56DAAC6824F8C7DA02B54783EC85727"
"fortranobject.h","EDC7D137FB53A0043535AD77550D8ACDBDAE8CC1D40201AC6D27277CB54E1EAB"
"meson.build.template","8507936A9018D31B678B92E2F90684B56C7D0C7F560CA6A1DA5704B9265F2CBA"
"helper.pyi","0A86F31066DB9CD98BDCC69BF39DAEF4653A09D78F4CB539089BF23812D3BD55"
"_helper.pyi","E1743D74D3579E58BAA768B5DBD507F61242BDCCACE8206B2CA9889ABC7B27E2"
"_pocketfft.pyi","941EDE6D6CA7EB0A4AA6284FE25EA1C1A25E8195B44131123CB4D37D878E88F6"
"_pocketfft_umath.cpython-312-x86_64-linux-gnu.so","18CABA329CA56282504877DD05D2D3F695AC92DEB044C406DB1CC50F75091894"
"format.pyi","FDA1C5E16DD99D49D647E7EFA0DB075D3281DC940B5FA5BE862CC2792D1192C7"
"introspect.pyi","9F715435859EF79C15E5EF49AFEF24EB209120297818353DF2486C34CFBD5104"
"mixins.pyi","ABF97131EF8FA4D96FA4427EFA72E4CA2D2A543D10B8D1EB885DD71DFC722689"
"recfunctions.pyi","5D624D1D80D0E47F59D3485646A3B8AA739208C8E0E9C866796727EF2874B2E0"
"scimath.pyi","50D0F883DD8AE7EEBF234616AAEEEA6C34C753FB1E3E96B4239F0C4CC1F4CA10"
"user_array.pyi","F02F9A4DE904600D1B554EC5DEDBAB6B0D70D23F057C5BC3A7DC4A6BD3DF7BDE"
"_arraypad_impl.pyi","CB2B2BADC5A37A880D7E1BF31828D29ECAA2F1F5FD28F0052847E8D144F1EC3D"
"_arraysetops_impl.pyi","E84FE31DC36674A2B9865E34C7AA7FAC5C3EAF045ED6EAA91D1C514FDD3AD32F"
"_arrayterator_impl.pyi","A9305B7E7E1781A6AB31CA7A9B83F84B7A855D50413E2312C8C5EF59D95EFC41"
"_array_utils_impl.pyi","A27E76D97A207849FA9C7F6332D946C4F9FEE10452AFB66FCF544031A81E99ED"
"_datasource.pyi","4E2A7401D24F08C8B9173832305C7933CCECABB163A9040FED1EFB57576ABA64"
"_function_base_impl.pyi","0B1E5D888BB6F94055CC304C779861CD50BEF4751027A2D47A97F769D7BCE609"
"_histograms_impl.pyi","82F874BB251070DA678E59E454E18941F2A86F3353FB119E0549A6E24EF62C71"
"_index_tricks_impl.pyi","D14874776262B75523BC3BE4B2FB7CDD865EE5BF5F33D0F2F655EA41C6D92C11"
"_iotools.pyi","1B378CE771E988F1564957A3DD65F9F9195C863F8AC6363FAD5D50934D5414D4"
"_nanfunctions_impl.pyi","750B70D6E3B682CF4373D473643CBCADD1C833FA1FCA89461A1AE11721B8C290"
"_npyio_impl.pyi","9DD2DBB15221DA6C90B2CF91DC7F08A67598F71581A80CCE8B392671E828F2D6"
"_polynomial_impl.pyi","52AEB5430F280B1521B4CAC2882FBD82891ECB9B0CC8271CD12478E6DCA94A5A"
"_scimath_impl.pyi","C6FAEA4B2C5AB1A492B5CEE97A0CEBC6E06B55AFBCCA046ADA4F97D2D210792D"
"_shape_base_impl.pyi","1A5FB26AB3500D8FAFB63D09C2E38FDEEF0F740769233E0DD395DAFB38635B9E"
"_stride_tricks_impl.pyi","D95B6E9413E969B1DC8DEBFEDAD43B81B9647014422D628DA2181530D5408E17"
"_twodim_base_impl.pyi","992F9329BE0383E2E2173DBF7CB008C1ADA2781CF46917BA9BF503F35198F3B9"
"_type_check_impl.pyi","CE6D95E5265BC84FCD5A2A4EBCDAB3A9DD7F29FCB0BA9BA86161BA1072CA90BE"
"_ufunclike_impl.pyi","C1B16A36FF18A87186F6E7ECF9DCF5737249110F3B85AEAE6B50AA615AB1434F"
"_user_array_impl.pyi","C66E7C30113380C6163AECAC6742A67E2D76A6ECFEE3BE92E2DFF2EB70C75E2F"
"_utils_impl.pyi","B0C76E62762B5DFCE87973FA76F06D4308C2F6E72440D12808F88A74AB4B4546"
"_version.pyi","BF2B18E5597F9E1E2C8BA1A431712807AA540E5FA32798342E94836B8D05D76E"
"lapack_lite.cpython-312-x86_64-linux-gnu.so","30A9CFD9BF69D2C344A531470231CE9DD018CF9EEE86E216831097C20F5E1200"
"lapack_lite.pyi","F476EB2A6E977378DD5F08CD7089B6EA6BE6ECCFEC4FC6AE839A7E7BA972C367"
"_linalg.pyi","8CD24A36ED5A602860650EAE16EF9DB402834F2BAB3A166764D28B885DE4E360"
"_umath_linalg.cpython-312-x86_64-linux-gnu.so","FDFA5B7A07B57EC36EA8F700AA0F16E47165CD2D91223DEC364A0142B4863A16"
"_umath_linalg.pyi","080055CFFFB026C28F8B110CDB7098CC4AEA051556F54700951B28E2B094E543"
"API_CHANGES.txt","17FE235BC5F971805BCE9730B5ECA69289D39AFCE028A636906AC717502D9EB2"
"core.pyi","ED45ECBA54C1CBF6E3FECC39DD00EF96B8F25FFB3A24DD52D57CBCF3249290AB"
"extras.pyi","9D84CF25FC992FD7BC0E3DBD5E30D9EE6F04E571624CFAE4AD1EB4473D77DBA8"
"mrecords.pyi","FA3C251ED679A73268AA1A7E995A2240B94C1847E169906B5AFBD2AE2AD4923F"
"README.rst","92B7F672F54AFF33507F5777C95630834B831F34E2478BC76EBF75CF0680CA82"
"defmatrix.pyi","238DCA8CED019AE46319C0CAA7B646C745685331E505C963D3F945D698EA86CF"
"chebyshev.pyi","ABC48A99CCD84EA81E2DC835E750C5839A88A129671540263736A89C6A652966"
"hermite.pyi","FD81751C430BCAB03689707E58139B6BBA2E5D41E833922DEF3BDB0F265AC055"
"hermite_e.pyi","BD71C69CE63D4024868AC4C4B492038197FA17818A16F83D054862858CAB68D3"
"laguerre.pyi","7E68C8759C662E984D4CD22E2A7BA3D9722F365312F83C2F4989EF6C94EBFE39"
"legendre.pyi","49A43D3D91B9D0A17883489077A07EC58381CF5BD30C6B48E300A10083651596"
"polynomial.pyi","638C9E61F8BCEFDB39FD79B74AA7519A14216E024905145B6A38428F58AB4D2C"
"_polybase.pyi","DC73D7D3297AB014DB6F6562E1EBB1E028D6A55915CD30B77F937472B2FD649B"
"_polytypes.pyi","52F0257716A4F3F212E4CC7FF3314A88BE1ED8510FEC6CDECC54488DD5614698"
"bit_generator.cpython-312-x86_64-linux-gnu.so","0EA9D0BA908638E3B573F078E2AE0AE711683DD35C626974484ED9D00CCAF9E3"
"bit_generator.pxd","940AE92174A04F056724C61CE175F4346C5E817AB787F42C5032BAA9E64A6CD7"
"bit_generator.pyi","0D4465A03F0CD2187E46A4B0B6E9703CB8984DCF61EC450276ED8F258997C0AB"
"c_distributions.pxd","AE2AEE5039C8691FD0BDB873BC22AAEDB725C4C589E1B859C71280645025B8A9"
"LICENSE.md","1900269B4C2F0FF0C7AD01ECF13F5DED5610968A0CF1FB6BC3A83BCCC2B4C38D"
"mtrand.cpython-312-x86_64-linux-gnu.so","D209BC9621A6E7D1325A10C1D139CDFFA5BB2F04A6C942DD2F62B7BA3627717E"
"mtrand.pyi","872AA220DB94982B9F24F405CA54F87258CF838922ECF6ACBB5716C73F60FE2A"
"_bounded_integers.cpython-312-x86_64-linux-gnu.so","E0C0F2B8B979E368439BF203DB632A340D45F1997C77ECF30A33F53D1B657346"
"_bounded_integers.pxd","487FC5C090E28051089E176589268D1F61F66486685F4DB162135003CD60DBE8"
"_generator.cpython-312-x86_64-linux-gnu.so","A28C6DECBBABAA0F69435EC8B1BA2688F867E8354D7BA499CF64A559F47234DF"
"_generator.pyi","CCB6F00B82FE42E01B90DF84E7B8D6A7299C95CAAD967F741AA4B53153276572"
"_mt19937.cpython-312-x86_64-linux-gnu.so","51339C6AB238209793EF1E62A0E32A2631A17A9E746BF9055021AE5A3C740F08"
"_mt19937.pyi","9D7F4E3E22DC1855E7E5C204F64D53A6F9950745018BDAE54ECBC65B918FF99D"
"_pcg64.cpython-312-x86_64-linux-gnu.so","1A877F6516D19FC38ADBF40CD360A63B431CD37BA29B3F1A9285FA0F7D425936"
"_pcg64.pyi","8258E654B8D596000C586CD06BAA73973356E47F2406F803B1E41F210723CB79"
"_philox.cpython-312-x86_64-linux-gnu.so","315AD4561374F3525F904907FFFE4A85126553B73486CB7290D2E702CCAC0836"
"_philox.pyi","C5FF04517ED66BBFAD6125342E7B54C4C0D5ACD55C9A380009BB9BADBD0EE6C2"
"_pickle.pyi","41D77D324AEE55479DB8035393078EF1D2CD6DE61E82D38B5609C5EA3D254501"
"_sfc64.cpython-312-x86_64-linux-gnu.so","48F1A4AC1242AAB2CE0D2DBE2374A8F036C68E7F7CAF233E9D3A098C7ED18737"
"_sfc64.pyi","81D0C70C5B07FA8F8E07ACCA249AA3F2F358BD19B418C5C70298A46A916FBF9D"
"__init__.pxd","F496E75F9E34689352A2D846B3EEDEDB7A33862946E94F2D20D394129D3C33F9"
"libnpyrandom.a","FB578D485AD41A4093AABE3B7E06690405C4F106B492940060E94624972D556C"
"extending.pyx","78F9C70CD7CC41C4D4CC0AA016212AAD316BF41A0399BAA08F1CEB0CBBD5F1F1"
"extending_distributions.pyx","6A1D28CB7DE8EED5DD71EF821777C87A1FE60DEBBB5E89FB410F8BDAFF4CB08F"
"meson.build","1B16594FF2EEDE766C81CAA8FFBB1347F21D3096870357F1CA3C2B41372874FB"
"print_coercion_tables.pyi","13626977B972066A791E8AA23BA1E02E88E49F1B2C2AC3249281BEE74E299FEE"
"extbuild.pyi","68D1FA527021878667CBCD56E391AB01C49C075D9BEBFF38CBC33455DB699B62"
"defchararray.pyi","479E393EFE56E926C79A91EFE306F1AC2F4AB57DF311181702CE47563AFE5060"
"function_base.pyi","5873569D88AF20CEF4AAAC73E30D92BBD41961C872024ABEB199DE1C62A863D1"
"overrides.pyi","BA959EDD8B3C54DD1B9CB0757EA0F074C547206BFC6F28DCF3B7B5D292C4CEB4"
"printoptions.pyi","78D8A58829C3B9907195AE97F64C19FBB6220A7F94B4C6D3F94FEA4E7C3C97DC"
"records.pyi","1E05764A94647E7E71EB0F7C14DCF59D3D3971AA7BEDBF35DE8DA87D4F84E0F2"
"shape_base.pyi","2E412D10458C03B437B81C1095E9F02EED27325159F87B293BE41A4459B94D95"
"umath.pyi","148AA6950C1022E788AECFBF41E855DE0B8D127244D8BC55B3734F0A3DFC55DA"
"_add_newdocs.pyi","AFFFDDFFE18791F8F3B99D2ACA30F3B6C2A075CD5E23278DF9C06861580C06EA"
"_add_newdocs_scalars.pyi","A119032DB4BF63EA834DCB4FF2216CD38FCD825FF36E8A31CE8EA6352D84E0FF"
"_asarray.pyi","2483B436F513DD726A3B619D0C99CC0C33F18E6DBE2EDBA69155F731A0CD0A77"
"_dtype.pyi","BF212C5B6786508569D628FD0F7821521797968477967E3B44040018CDB4A32E"
"_dtype_ctypes.pyi","C67C44AA04C9D6C640356E27A5FA92F51FDA57FD8FE547CBADB52DBE6BC636B0"
"_exceptions.pyi","79D5DCFB1E92039986B6D3FFA61C92EF91C19B12BC75DAD206DB9C42E2F1A36E"
"_internal.pyi","F536C8B9F4719ACF4748846B157F676B3D4FD9C834D75FF82DEC52DF5372EB83"
"_machar.pyi","79D5DCFB1E92039986B6D3FFA61C92EF91C19B12BC75DAD206DB9C42E2F1A36E"
"_methods.pyi","F962646F8DCA621A6AE7D529531B234C8077D160080291E39A50735C532B73C6"
"_multiarray_umath.cpython-312-x86_64-linux-gnu.so","C620E86DB11C0D89BB710AA93760C47D13486FC0EC585A0729019BB8F02F2E35"
"_simd.cpython-312-x86_64-linux-gnu.so","9888BB2A927432DD090F426B043652DD687692DB6C3A6AF3486D3CEFD50EE2EF"
"_simd.pyi","DB3DAC14F817AF7291CC796D6EDDF51D5AE19173345705C5A759548F16913003"
"_string_helpers.pyi","C4B94B2891EEB44633C8A9D31B693B725716BD5513BC3DF5F528E72A60D7B9A7"
"_type_aliases.pyi","F67373ABF071CB98A482745A14C11C6D385456B6F81D8250BC7E7C8170D60861"
"_ufunc_config.pyi","A62418D557980F9ACA25438E31846F2E134F30074B122938633831FA2A01D7D0"
"arrayobject.h","994E6FA5C43DE4F1F58F76E9F0A62124E14707E1B1C118D252C47B9F19534919"
"arrayscalars.h","2E5CAB6486BFE6D775D417EA7CC0AFD6161B886EBFFF3C711AFD4C463F2E215A"
"dtype_api.h","1A7DFB47339B99C4EC2FA614618F5A1B6D82B7C17EAF865A0B9DCD3C5A9A22CA"
"halffloat.h","4D165F5E08A96BE745A695F6B8D824AE3ACF962FB505F26D69D5A301E99B278B"
"ndarrayobject.h","327CA45A6721C92D3995EAFF67284522BFF48FA73421C9DD122DD7DE7D195839"
"ndarraytypes.h","AA79C2EB417EA1E1B390CEB9BD5F1570CB1384B60A7035A484B40139F2778D99"
"npy_1_7_deprecated_api.h","F7490670D6813E04F914902B07F30F816DB8FCCA65E5171F511DD8D2B441E41C"
"npy_2_compat.h","C1D8C1EFFF80B56DE8A7AED76E3DC4547E9AA5217B7111BA877739841CFE60CB"
"npy_2_complexcompat.h","784F5D57F22ADE311F1862451FFA508C99EF0BA790D765A0381EDC64C9870721"
"npy_3kcompat.h","82B37A5B59FB6DE9E3DC5DA94803A997FB3ABE7D58E7441F00FF836A5783EDC0"
"npy_cpu.h","0142790AA960BAD791DFE4742233EDE6BCA55ADBEF71C096B6DD06A6365B7B15"
"npy_endian.h","BEF2BB6653ADD2F82A4D5AC8CAF896CE8C50CFBD12F81BDF952E19FE4E97E571"
"npy_math.h","628241BA25D15E7AB4FF5B59F841AF4DC54FDC359457F41973725126CF8AC7E9"
"npy_no_deprecated_api.h","D3266B25C40427A3021C9227424E533FDFEA678B7B11F06EA0B389DF822525DE"
"npy_os.h","86542C83FEFE464BD2DECF0E33C297CBDF71C7225B0A6F96D4061571D9CED5CC"
"numpyconfig.h","3AF465ADEE1E6FD2815ADEA0004E5C4382BE3F6B91988294D6B00AC561728260"
"ufuncobject.h","AF65CCE97C882CA5CBAA0987155BBC8D7AAF3A9FD9BFCB4B7D2F0E9A7E636E78"
"utils.h","C0C3689921F70DF8F4ABBF0FAE32D5B45B4DF853E8ED4278A3489F0943BEE84B"
"_neighborhood_iterator_imp.h","B3E1F0FE5E564702AD62FB22220845D1B83E980FC28169F314539854527EAB89"
"_numpyconfig.h","6EBAAA0C8E20C1F1841473085A2D28340D27FEA9C1054585549B607DC769480D"
"_public_dtype_api_table.h","9FAFCA6FDF12CAFB11FD7EECB62340E95B86A7F7395B57B87CC55C25D3B4C22B"
"__multiarray_api.c","BBB1F13C8C7BC5DC403D313482B8ACB5438ED3ED4BFBF7E5D0878AA91E2FA312"
"__multiarray_api.h","6A47405DD350BC7C4F14F6DD7A86E1A06CF22D492855DC332838F375BB64E734"
"__ufunc_api.c","160ED6947E0EC3A8C44CA440AD52FF405D75001298CF55693AF7B9EBF537134C"
"__ufunc_api.h","B5AC99B8309EBAA9B782016F5B126EA00473E686F3E9269AB3D2FB25C28EFDE4"
"bitgen.h","E3D03028E479E76AFE36486E48E175BAC6FF51188C49132F0F6D89179A4A2278"
"distributions.h","5B9B4EC844DDD26D56D0675A6797493FC7CA941B6C4E91B6DD5D99966AE5AA98"
"libdivide.h","7B0F4C3613D07752EC0998968859A3F4867BC8E9C0DC728E5DF7C3791F57D63C"
"libnpymath.a","460DE00974F1A67CB61E1FA36452A1E8A0D8AAECE3709925BA61272C78505D0D"
"mlib.ini","FCBB16575792B4DAB085D8983DADB9DFC18BE3A7677D5C13E0CAC8D736ECA05C"
"npymath.ini","D223336AB05F92467F1173BDE7F933F921D945C34813021E3A313F7AC5419114"
"numpy.pc","F02F2D8B97D9CB08A78B6DB147362F20A4B4E50839D2A852C629862CC17B3902"
"hook-numpy.pyi","EB997CE83B5705E700FD219CB6D6E883E99E03228E85C175A8493E36DD1E4A59"
"_callable.pyi","9781F74D01C327193B545F455C594967DDA5D34C2455ABAF3C58E0122EC2C7B6"
"_ufunc.pyi","D598A96A180B06CFD1E3BE85F4D986C95FBA188A17BD7711FB189076FD639EA7"
"_convertions.pyi","E25FB45263C2C9503BD1427C580776038E47ACA152CE00B4B050C14A729C6224"
"_inspect.pyi","1386214F42827A0EC766EF40398B79CA6C35F666F76EE1663F7B684BC685C504"
"_pep440.pyi","2AD34BD3E7DDA490E62715B5BF9045B3102B997229C7DE23977E298BCBE7A111"
"libgfortran-040039e1-0352e75f.so.5.0.0","C6090048ECCC763522C12EF016F81DA6B627CB3A044F55CF0479A839C41C0980"
"libquadmath-96973f99-934c22de.so.0.0.0","6ED5137F412781AD7863439FB543613F620B43C32B63292A0029246162F5BBC6"
"libscipy_openblas64_-6bb31eeb.so","E131EB06546123210AF109320A1FD4E2A2F808504CD1EB52F221AE4418348084"
"_imaging.cpython-312-x86_64-linux-gnu.so","DE695C8F54E2612F577CE44F4D43BDE43748CE7578354F73677BAB8DE38D2B25"
"_imagingcms.cpython-312-x86_64-linux-gnu.so","D180EFB7859F1C9B9864DB2C1506FD8E26EFA679AD795C2613B19B2DE617AA03"
"_imagingft.cpython-312-x86_64-linux-gnu.so","D9E2F6BFDC0ADA1C9C2472945154BF8691E1C9F91C35495D778B9D0ED905181E"
"_imagingmath.cpython-312-x86_64-linux-gnu.so","892D3C30964BFC80216C954BA33530D2C5D434147D82EC3DA0023EA6E1C81D5E"
"_imagingmorph.cpython-312-x86_64-linux-gnu.so","89D894E75D6409EC0658F5E0951E6939A06ED1BEFF034377F5DE1633143E31AB"
"_imagingtk.cpython-312-x86_64-linux-gnu.so","11FCF93545A13B178D2F0E44C6DBD520D5A99271FA6D2F76D93B1251FAEB3096"
"_webp.cpython-312-x86_64-linux-gnu.so","6CBE3883663668865AE03FE6897DEC33659CCDA881272E0A9E311EE5CCBD7EFE"
"libbrotlicommon-3ecfe81c.so.1","024BC7605502CFFD45B3F7C3F37FE043694CC3B4B4CB7F39AF3B9A72793E4C2E"
"libbrotlidec-ba690955.so.1","A8722600D15E3704C8559A8249B818F6E306043E2124C007BE55D8DCB3D3D97C"
"libfreetype-be14bf51.so.6.20.1","2A2178A93A108AE14521328258296AB896A77F5F520EA2A5CB66D75838CC2F5F"
"libharfbuzz-89381d8f.so.0.60850.0","33C3A6654ADA86A0B38B5C2BCD8F16D05DF9F2AA1575B2A8A7F9E3CF211CE200"
"libjpeg-77ae51ab.so.62.4.0","62B943777F60E38F6DFCA369C9698AF2A6726061EDDE023D624CAE1E01D188DD"
"liblcms2-e69eef39.so.2.0.16","5104C248C14998B31BE32B27540EDD17AD695D84249C5F198F8F23D703B709AE"
"liblzma-13fa198c.so.5.4.5","BF8841206ECDEDA0B0F2B510361B3412C7F7AAC91974CE5402972A75614C934D"
"libopenjp2-05423b53.so","2EBA2AEBB999A4DE2CF541D27184273E9E76F5599CA6858915EA63BFB5BC3D8C"
"libpng16-58efbb84.so.16.43.0","93AA0A98FE694890F46392A8D571E016E794CBD8706D99E7BCD55DD46C20222C"
"libsharpyuv-898c0cb5.so.0.1.0","6CB84E415687C46688C68315B768C338854F083A1ED710330F2ABD72D63AEEF2"
"libtiff-0a86184d.so.6.0.2","13323459CD56D1B6E6248D2EAF6B906671595107DDB5495033208AEB5BDACD21"
"libwebp-2fd3cdca.so.7.1.9","4181F98F98DF6C076E8B6790E2840A9A9A085664432804AC2E82FBBB946F0767"
"libwebpdemux-f2642bcc.so.2.0.15","F37B7E5D40CE430A22EF195092D7F2B6D8678CA43F6E517E6FBE7EE9C0F50148"
"libwebpmux-d524b4d5.so.3.1.0","0271F471B019AB9CA403DB84D9D046B7468F30DE0177E99D766B6AEFA9B9634A"
"libXau-154567c4.so.6.0.0","05484D24BF78CB8ED03169F1CB067204D829CB7AF21DE8820400D29D115E4320"
"libxcb-b8a56d01.so.1.1.0","633EEF394415421C697C6B986BA99ADE7F7C0364D5C8A90E3DE01A44D8247F1B"
"LICENSE.rst","07538C4A209865151151B3269321CB1FC327DCA522D0FC848E620D876E67ECAB"
"zip-safe","E3B0C44298FC1C149AFBF4C8996FB92427AE41E4649B934CA495991B7852B855"
"AUTHORS","65C588442C153FCCDA70A58D738325006F84CC32BA156DA036C3E3884BF1E503"
"CET","812F55AEB6E8CDE9DDF4786E15EB4256B21E82CF5F5D28DA1BAD17D94570CAC0"
"CST6CDT","FEBA326EBE88EAC20017A718748C46C68469A1E7F5E7716DCB8F1D43A6E6F686"
"Cuba","1D441E02E281B04908E522D98EACA75C808E51539A8E42B3287E6BF8EBF939D7"
"EET","5C363E14151D751C901CDF06C502D9E1AC23B8E956973954763BFB39D5C53730"
"Egypt","2DFB7E1822D085A4899BD56A526B041681C84B55617DAEE91499FD1990A989FB"
"Eire","40E8D2A1C3B572284DA39F6F4245B1BC814F452C44F5AA73D0A011571D5CCC43"
"EST","91AC80FE976931C490D058C8CE8B5D71FFA6D4961F6CA13EA9C153F0B0BCCEA0"
"EST5EDT","E9ED07D7BEE0C76A9D442D091EF1F01668FEE7C4F26014C0A868B19FE6C18A95"
"Factory","6851652B1F771D7A09A05E124AE4E50FC719B4903E9DEE682B301AE9E5F65789"
"GB","C85495070DCA42687DF6A1C3EE780A27CBCB82F1844750EA6F642833A44D29B4"
"GB-Eire","C85495070DCA42687DF6A1C3EE780A27CBCB82F1844750EA6F642833A44D29B4"
"GMT","6D9F378883C079F86C0387A5547A92C449869D806E07DE10084AB04F0249018D"
"GMT+0","6D9F378883C079F86C0387A5547A92C449869D806E07DE10084AB04F0249018D"
"GMT-0","6D9F378883C079F86C0387A5547A92C449869D806E07DE10084AB04F0249018D"
"GMT0","6D9F378883C079F86C0387A5547A92C449869D806E07DE10084AB04F0249018D"
"Greenwich","6D9F378883C079F86C0387A5547A92C449869D806E07DE10084AB04F0249018D"
"Hongkong","6A5FCEE243E5AB92698242D88C4699CEB7208A22EE97D342D11E41EBD2555A17"
"HST","7F03D1BF5264E7AB023A2EF9B997DDFC8CB6936692407C770762B9C549523F33"
"Iceland","D2EFAC4E5F23D88C95D72C1DB42807170F52F43DD98A205AF5A92A91B9F2D997"
"Iran","2DBD87F410815EDCFCD7D14BE84DE0040EF0D913A22203E0C7E7F4F17A6A915A"
"iso3166.tab","A01A5D158F31D46AD8E6F8CC2A06C641810682A9397D460320F68D5421B65E71"
"Israel","254B964265B94E16B4A498F0EB543968DEC25F4CF80FBA29B3D38E4A775AE837"
"Jamaica","C256A089E50F45FE7E6DE89EFA1ED0B0E35B3738C6B26F2F32CF2E7F6F29C36F"
"Japan","A02B9E66044DC5C35C5F76467627FDCBA4AEE1CC958606B85C777095CAD82CEB"
"leapseconds","816033C11B84465A03E800C5E55EAD515DBA53FA159B9C61DA7602EA357060E8"
"Libya","5B5769B460FBD13EE9A46A28D1F733150783888A749EE96D2CD3D5EBA3300767"
"MET","812F55AEB6E8CDE9DDF4786E15EB4256B21E82CF5F5D28DA1BAD17D94570CAC0"
"MST","8A5973D2C62E2CBF2520F2B44E4A2EE9D2F455C93F0F45BFDEB4533AF1584664"
"MST7MDT","32E819C00A43B3C348F539D700D425504F20B8D068C16418D26FA9B693E775C9"
"Navajo","32E819C00A43B3C348F539D700D425504F20B8D068C16418D26FA9B693E775C9"
"NZ","8000E3A323E8FD0212414E9426B020707A771C368CA0E151747F9DDB7B814B27"
"NZ-CHAT","C617B155CE657C9FEA02FD9DDC7AC823A95F452C4A6580408D8DB3A58902184F"
"Poland","4E22C33DB79517472480B54491A49E0DA299F3072D7490CE97F1C4FD6779ACAB"
"Portugal","92B07CB24689226BF934308D1F1BD33C306AA4DA610C52CD5BCE25077960502C"
"PRC","64FFC2E43A94435A043C040D1D3AF7E92D031ADC78E7737AF1861BAA4EEEF3E6"
"PST8PDT","68977BB9AD6D186FEFC6C7ABD36010A66E30008DCB2D376087A41C49861E7268"
"ROC","0CC990C0EA4FAA5DB9B9EDCD7FCBC028A4F87A6D3A0F567DAC76CB222B718B19"
"ROK","2C8F4BB15DD77090B497E2A841FF3323ECBBAE4F9DBB9EDEAD2F8DD8FB5D8BB4"
"Singapore","5E67952267AA709F212739BB4E302D8B59D6240C5AC0EAAAEE32330E71D7DA12"
"Turkey","264E308E7743B5AFEE2D673C5B57567636DABC925BB0BE513939996E856718A5"
"tzdata.zi","F84781853EDE59934DDD12152D51677F41249F689F7F980F408C528690D8D250"
"UCT","8B85846791AB2C8A5463C83A5BE3C043E2570D7448434D41398969ED47E3E6F2"
"Universal","8B85846791AB2C8A5463C83A5BE3C043E2570D7448434D41398969ED47E3E6F2"
"UTC","8B85846791AB2C8A5463C83A5BE3C043E2570D7448434D41398969ED47E3E6F2"
"W-SU","2A69287D1723E93F0F876F0F242866F09569D77B91BDE7FA4D9D06B8FCD4883C"
"WET","92B07CB24689226BF934308D1F1BD33C306AA4DA610C52CD5BCE25077960502C"
"zone.tab","586B4207E6C76722DE82ADCDA6BF49D761F668517F45A673F64DA83B333EECC4"
"zone1970.tab","57194E43B001B8F832987B21B82953D997AEEAEBEB53A8520140BC12D7D8CFCC"
"zonenow.tab","246743BCCE0DD15184606543D8081CBB1204C5B6FF8237B758CB67C10900CE2F"
"Zulu","8B85846791AB2C8A5463C83A5BE3C043E2570D7448434D41398969ED47E3E6F2"
"Abidjan","D2EFAC4E5F23D88C95D72C1DB42807170F52F43DD98A205AF5A92A91B9F2D997"
"Accra","D2EFAC4E5F23D88C95D72C1DB42807170F52F43DD98A205AF5A92A91B9F2D997"
"Addis_Ababa","C89B2E253A8926A6CECF7EFF34E4BFCDB7FE24DAFF22D84718C30DEEC0EA4968"
"Algiers","BDA1698CD542C0E6E76DFBBCDAB390CDD26F37A9D5826A57A50D5AAB37F3B2A6"
"Asmara","C89B2E253A8926A6CECF7EFF34E4BFCDB7FE24DAFF22D84718C30DEEC0EA4968"
"Asmera","C89B2E253A8926A6CECF7EFF34E4BFCDB7FE24DAFF22D84718C30DEEC0EA4968"
"Bamako","D2EFAC4E5F23D88C95D72C1DB42807170F52F43DD98A205AF5A92A91B9F2D997"
"Bangui","CFFEB0282CCBD7FBA0E493FF8677A1E5A6DD5197885042E437F95A773F844846"
"Banjul","D2EFAC4E5F23D88C95D72C1DB42807170F52F43DD98A205AF5A92A91B9F2D997"
"Bissau","223BB10CFE846620C716F97F6C74BA34DEEC751C4B297965A28042F36F69A1A9"
"Blantyre","444ED3A710414BC6BF43EB27E591DA49D3BE3DB153449A6A0C9473F7E39FDBCB"
"Brazzaville","CFFEB0282CCBD7FBA0E493FF8677A1E5A6DD5197885042E437F95A773F844846"
"Bujumbura","444ED3A710414BC6BF43EB27E591DA49D3BE3DB153449A6A0C9473F7E39FDBCB"
"Cairo","2DFB7E1822D085A4899BD56A526B041681C84B55617DAEE91499FD1990A989FB"
"Casablanca","E11A956F0FC5DD9B9CA29202DA2BC027C583C23E7044E0C007AEED0697577200"
"Ceuta","0B0FB6FE714319B37C5AA22C56971ABB2668A165FC8F72A6C763E70B47C7BADF"
"Conakry","D2EFAC4E5F23D88C95D72C1DB42807170F52F43DD98A205AF5A92A91B9F2D997"
"Dakar","D2EFAC4E5F23D88C95D72C1DB42807170F52F43DD98A205AF5A92A91B9F2D997"
"Dar_es_Salaam","C89B2E253A8926A6CECF7EFF34E4BFCDB7FE24DAFF22D84718C30DEEC0EA4968"
"Djibouti","C89B2E253A8926A6CECF7EFF34E4BFCDB7FE24DAFF22D84718C30DEEC0EA4968"
"Douala","CFFEB0282CCBD7FBA0E493FF8677A1E5A6DD5197885042E437F95A773F844846"
"El_Aaiun","516082A902C9C5DF2AB13630F36933F56D6CBB05B94D1827670DF5B03583CF6D"
"Freetown","D2EFAC4E5F23D88C95D72C1DB42807170F52F43DD98A205AF5A92A91B9F2D997"
"Gaborone","444ED3A710414BC6BF43EB27E591DA49D3BE3DB153449A6A0C9473F7E39FDBCB"
"Harare","444ED3A710414BC6BF43EB27E591DA49D3BE3DB153449A6A0C9473F7E39FDBCB"
"Johannesburg","6C1BCC752668E77585A308AE8543BD0BCCD8E813865626E809BF94F3FE3D977E"
"Juba","5159C8A843C9C072D3302FABE6A6501CDBFDA29A1856C29DABEB5AFF95D4C3F4"
"Kampala","C89B2E253A8926A6CECF7EFF34E4BFCDB7FE24DAFF22D84718C30DEEC0EA4968"
"Khartoum","318583A09DC070222D65D029A1E3A0B565830F1AAEC13A27E6FE533863FBD3EA"
"Kigali","444ED3A710414BC6BF43EB27E591DA49D3BE3DB153449A6A0C9473F7E39FDBCB"
"Kinshasa","CFFEB0282CCBD7FBA0E493FF8677A1E5A6DD5197885042E437F95A773F844846"
"Lagos","CFFEB0282CCBD7FBA0E493FF8677A1E5A6DD5197885042E437F95A773F844846"
"Libreville","CFFEB0282CCBD7FBA0E493FF8677A1E5A6DD5197885042E437F95A773F844846"
"Lome","D2EFAC4E5F23D88C95D72C1DB42807170F52F43DD98A205AF5A92A91B9F2D997"
"Luanda","CFFEB0282CCBD7FBA0E493FF8677A1E5A6DD5197885042E437F95A773F844846"
"Lubumbashi","444ED3A710414BC6BF43EB27E591DA49D3BE3DB153449A6A0C9473F7E39FDBCB"
"Lusaka","444ED3A710414BC6BF43EB27E591DA49D3BE3DB153449A6A0C9473F7E39FDBCB"
"Malabo","CFFEB0282CCBD7FBA0E493FF8677A1E5A6DD5197885042E437F95A773F844846"
"Maputo","444ED3A710414BC6BF43EB27E591DA49D3BE3DB153449A6A0C9473F7E39FDBCB"
"Maseru","6C1BCC752668E77585A308AE8543BD0BCCD8E813865626E809BF94F3FE3D977E"
"Mbabane","6C1BCC752668E77585A308AE8543BD0BCCD8E813865626E809BF94F3FE3D977E"
"Mogadishu","C89B2E253A8926A6CECF7EFF34E4BFCDB7FE24DAFF22D84718C30DEEC0EA4968"
"Monrovia","F95B095B9714E0A76F7E061A415BF895CBB399A28854531DE369CEE915CE05D5"
"Nairobi","C89B2E253A8926A6CECF7EFF34E4BFCDB7FE24DAFF22D84718C30DEEC0EA4968"
"Ndjamena","F13DC0D199BD1A3D01BE6EAB77CF2DDC60172A229D1947C7948A98964608D0A3"
"Niamey","CFFEB0282CCBD7FBA0E493FF8677A1E5A6DD5197885042E437F95A773F844846"
"Nouakchott","D2EFAC4E5F23D88C95D72C1DB42807170F52F43DD98A205AF5A92A91B9F2D997"
"Ouagadougou","D2EFAC4E5F23D88C95D72C1DB42807170F52F43DD98A205AF5A92A91B9F2D997"
"Porto-Novo","CFFEB0282CCBD7FBA0E493FF8677A1E5A6DD5197885042E437F95A773F844846"
"Sao_Tome","31D8F1A50DBAF2ECC9ED9C7566BA0552D454C2AB09E85FF263701857D157C352"
"Timbuktu","D2EFAC4E5F23D88C95D72C1DB42807170F52F43DD98A205AF5A92A91B9F2D997"
"Tripoli","5B5769B460FBD13EE9A46A28D1F733150783888A749EE96D2CD3D5EBA3300767"
"Tunis","38554C10CE1E613D84CF46DEBA1114093488A5C165756C6C576B84A1364850D2"
"Windhoek","C6E86FB9DACC1F86A59D59A8B924D023C60BF05FC76E0B05D8443B0192B3B87B"
"Adak","201D4387025000A6E13C9F631CB7FCCD6E4369DEC7224052F9D86FEB81353A53"
"Anchorage","A190353523D2D8159DCA66299C21C53BC0656154BE965E4A2E0D84CFD09B113B"
"Anguilla","8491E557FF801A8306516B8CA5946FF5F2E6821AF31477EB47D7D191CC5A6497"
"Antigua","8491E557FF801A8306516B8CA5946FF5F2E6821AF31477EB47D7D191CC5A6497"
"Araguaina","1BABFDC18159F040785907C8B2A45B6E288A7766F6EE3ED9B797458C16F3C76A"
"Aruba","8491E557FF801A8306516B8CA5946FF5F2E6821AF31477EB47D7D191CC5A6497"
"Asuncion","F727C68843615CD81DDBFD311D5B05FA12DE264192A91B3ECC3F4EF78E4A2567"
"Atikokan","91AC80FE976931C490D058C8CE8B5D71FFA6D4961F6CA13EA9C153F0B0BCCEA0"
"Atka","201D4387025000A6E13C9F631CB7FCCD6E4369DEC7224052F9D86FEB81353A53"
"Bahia","AA2EDD03A1687C384BC553267762FC6CADC779A42773D5FE8E28A3C327E1B378"
"Bahia_Banderas","32FAD7189E4BCDA1CE7A0B89AB1B33C63C4C85569F1956E4FA88D711CEFF6042"
"Barbados","8A66BE42BAE16B3BB841FBEED99D3E7BA13E193898927B8906EE9CDB2546F4B1"
"Belem","69931482D1437473484A9AB241161B992D88043F81012DC26899E1BBAA272C26"
"Belize","A647CB63629F3DC85B7896B5A56717996030A7866546FC562D57B35E7ADB930B"
"Blanc-Sablon","8491E557FF801A8306516B8CA5946FF5F2E6821AF31477EB47D7D191CC5A6497"
"Boa_Vista","74CB5A1B5D641A526B8092601961036590269CEFC77D3DCBE17F2923BD8B2C56"
"Bogota","6757AB9D9646431BA513C28558761670CDD25758E7DBF404735434389CC745A9"
"Boise","EC742C34F262521790805CF99152EF4E77F9C615C061A78036A0EC9312B3D95B"
"Buenos_Aires","26653C941C26CB6F6047A3A67B2B6F15D311C7A39B24A9D834798BC8C9975F63"
"Cambridge_Bay","FF8C51957DD6755A4472AA13EA6C83ECD7930979E7F4E624FE21F4D3A6F050BA"
"Campo_Grande","8083625E0E62D9EE9187635BA366C5AA13C024BE05E1C02A1A705A9E45D30D7C"
"Cancun","11D574370D968CCED59E3147A2AE63B126CBBAE13B78FD4E13BE2EB44C96246E"
"Caracas","99434C15D0F364B6AFFDE3C0D68701766A950627AB91E12CCD3205A4D0A6E49D"
"Catamarca","B8C0895D719898D1121D5BE3E5160167431CACE744D788709B5EE5DB9320456D"
"Cayenne","E24EC8BF5C285F86ADA9E3CAADCBCC403D9593D4E699AEEB5BF016FD1EB6A427"
"Cayman","91AC80FE976931C490D058C8CE8B5D71FFA6D4961F6CA13EA9C153F0B0BCCEA0"
"Chicago","FEBA326EBE88EAC20017A718748C46C68469A1E7F5E7716DCB8F1D43A6E6F686"
"Chihuahua","DCD8336DE760F00CC0AB1B1B4121B48D5471F8BC58970D62DE4C7E63397ED887"
"Ciudad_Juarez","8ABE1BDBB0E216B84BD07E1F650F769C46BE041A0F7CB588CF7A61537EF77601"
"Coral_Harbour","91AC80FE976931C490D058C8CE8B5D71FFA6D4961F6CA13EA9C153F0B0BCCEA0"
"Cordoba","BA788D8A184C1E7AF85CAE16A7088F527AC04F460F9AFCEA07A7F48512ED5EF6"
"Costa_Rica","EF8AD86BA96B80893296CF4F907A3C482625F683AA8AE1B94BB31676725E94FE"
"Coyhaique","6DE65753A2F0E63C765A9DDD3519058A87D71A66B674CE83B2ABC94FD0921DD7"
"Creston","8A5973D2C62E2CBF2520F2B44E4A2EE9D2F455C93F0F45BFDEB4533AF1584664"
"Cuiaba","19126A92145736C3947208D975D43144825D4586B0F6933F60B59BBA7F3C7648"
"Curacao","8491E557FF801A8306516B8CA5946FF5F2E6821AF31477EB47D7D191CC5A6497"
"Danmarkshavn","6116407D40A856D68BD4BF8C60C60C1F5C3239A5509DF528FE0167BCC5D2BB3C"
"Dawson","AC01E1CAE32ECA37FF7B20364811BBE8C4417FF7E3FF18B9140BA2595420261C"
"Dawson_Creek","6895C2C8FE23DE0804E3018237E2EB4BD8690FFE73587CD04DE4802935843D43"
"Denver","32E819C00A43B3C348F539D700D425504F20B8D068C16418D26FA9B693E775C9"
"Detroit","85E733F32A98D828F907AD46DE02D9740559BD180AF65D0FF7473F80DFAE0F98"
"Dominica","8491E557FF801A8306516B8CA5946FF5F2E6821AF31477EB47D7D191CC5A6497"
"Edmonton","F939087DCDD096F6827F4A7C08E678DD8D47441025FA7011522F8975778AD6F1"
"Eirunepe","8F9784C648C56AAB42F83F172B4AC6CE817DC8481B4A54DB3EA546F562A111AF"
"El_Salvador","82F18DF0B923FAC1A6DBFAECF0E52300C7F5A0CB4AA765DEB3A51F593D16AA05"
"Ensenada","4A5B95EF1CD99B6E0B80C5D2515B75703D40944EF2FDB744EB91E10C87572DCB"
"Fortaleza","AE3892074AB5701B8C0CE33DA2B5BFBB07B950E2C1C1395F8C5A2DC0E61ED665"
"Fort_Nelson","7AB7CE0EBDC3AD2A73EB990074EED3B367466D9C6F75D10FEA0C78057DF2D89D"
"Fort_Wayne","90D2B2F4A8FD202B226187C209B020833300EDEC5FF86A463CCC685E8707532C"
"Glace_Bay","1BC0C62C609AA47FDA60217F3A168BE50A277FB14E02000FC1E94EE61B425817"
"Godthab","2865EB30DF98918A550A02DDA5C7F030543BEC4B11006B235021B7C8052F55FC"
"Goose_Bay","26068BB9E8214AF5F683BDB914E7C882982FB2AC591B29163A1019586A506516"
"Grand_Turk","E1838510F2BAD017A5DBF7C2B18EAF499C5470C24A8E22ADC8E7FF4349211305"
"Grenada","8491E557FF801A8306516B8CA5946FF5F2E6821AF31477EB47D7D191CC5A6497"
"Guadeloupe","8491E557FF801A8306516B8CA5946FF5F2E6821AF31477EB47D7D191CC5A6497"
"Guatemala","76E81480277A418E76C87907B943F88D15B3A39C78DFD2108A06980AF105E3A4"
"Guayaquil","8F652E228FB846048E95335FBBBEE6859F76C1A35378A152BE6A157A6268A13D"
"Guyana","4746CEBC24430BC49121EC6686C76E3DD1DB6D13F02361AF883F68B44C6252B9"
"Halifax","4D9A667393F05A82DF4DF42843F6F7535EC113689529278D911D07A3C99B4E7F"
"Havana","1D441E02E281B04908E522D98EACA75C808E51539A8E42B3287E6BF8EBF939D7"
"Hermosillo","8B160A7ACB4B992EE05A86E4F4AABA16D2D9A35CAA6D601CB6B1542A5BB372DC"
"Indianapolis","90D2B2F4A8FD202B226187C209B020833300EDEC5FF86A463CCC685E8707532C"
"Inuvik","E89FA66A90E7AE4F40D4BB6CC28137E2DA92CBFB9F79D70404DC62C64AC48C8A"
"Iqaluit","7DE3A7C40374374AFE335AA592B03824CC9AC28734B6A69ED2288108F0C0B389"
"Jujuy","3C69807A1CA90B18F45C27A70925AACA50C83DB28B2B40E5AF024AFF6E03E7DD"
"Juneau","93B8716F46864677E713E0C18B72E472303344FC807F4FC7C34BD515F8C679BD"
"Knox_IN","0ACBD9E412B0DAA55ABF7C7F17C094F6D68974393B8D7E3509FB2A9ACEA35D5F"
"Kralendijk","8491E557FF801A8306516B8CA5946FF5F2E6821AF31477EB47D7D191CC5A6497"
"La_Paz","86A7C3F0B407BA97598638B67BDDFFF69390013F91EE6BB3CE33F49F27DB1576"
"Lima","1C78139C3527099CE26EF2F432B1BCAB23AEBE3998630DDEDD1E556E7C4C66CF"
"Los_Angeles","68977BB9AD6D186FEFC6C7ABD36010A66E30008DCB2D376087A41C49861E7268"
"Louisville","B4FD3BDB157F9FFBC8423C71709EFB0067868FAC8BD4A3E99F77F089DB3D8355"
"Lower_Princes","8491E557FF801A8306516B8CA5946FF5F2E6821AF31477EB47D7D191CC5A6497"
"Maceio","DD1E439527B7DA44039A8495216A5CCA4DA8EEAA21AFEAE58B0A834861483324"
"Managua","C41CC5D350079F61367C3F10772F831C57B7E94AA878DA4A3DF0A176E04A59D9"
"Manaus","17A44B38E78E8BD972999890990F6947CB45A4F67A120B8D74F7CE73A0615C31"
"Marigot","8491E557FF801A8306516B8CA5946FF5F2E6821AF31477EB47D7D191CC5A6497"
"Martinique","7CCB3CD24394D9816F0B47FDCB67A37BDEC9780B536016A65EB9E54EE9CD2F34"
"Matamoros","7EAF8FA9D999AD0F7C52C1661C0F62BE3059BF91840514CEB8B4390AEE5A8D6F"
"Mazatlan","0561F636A54F0353ECC842CF37FD8117C2A596BB26424AA0D5EBA3B10BE79F1F"
"Mendoza","C5C395B6F47255814053DD32D90630A72421A4C2F2029EFE171BE4BB89209747"
"Menominee","02BBFD58B6DF84D72946C5231C353BE7B044770969D3C1ADDF4022C46DE0674E"
"Merida","4953441C26B38E899FB67B8F5416B2148F84F884345A696E1DF4E91CFD21DDDD"
"Metlakatla","B709A27864D563657E53C9C5C6ABF1EDAB18BFC1958DE59D2EDACE23B500A552"
"Mexico_City","528836F85316CF6A35DA347AB0AF6F7A625A98B7A8E8E105310477B34C53C647"
"Miquelon","979B7104961EF474D166520B71B48BFC734362B8D46F4A2E79C372ED012483D7"
"Moncton","5A6BFE6E4F5A28A7165B33A9735505BBAEC739FC1A224D969A1DCB82A19CB72B"
"Monterrey","622C5311226E6DFE990545F2EA0DF6840336811E065D73EA394E2DBF42F7906D"
"Montevideo","7501011389A364FB724632972BA67E6CC1C9745AA9C21233C431F8C74E2B2989"
"Montreal","A587A1A1607439F7BAC283E1815F2BDBAFB9649A453D18E06C2E44E6996D888F"
"Montserrat","8491E557FF801A8306516B8CA5946FF5F2E6821AF31477EB47D7D191CC5A6497"
"Nassau","A587A1A1607439F7BAC283E1815F2BDBAFB9649A453D18E06C2E44E6996D888F"
"New_York","E9ED07D7BEE0C76A9D442D091EF1F01668FEE7C4F26014C0A868B19FE6C18A95"
"Nipigon","A587A1A1607439F7BAC283E1815F2BDBAFB9649A453D18E06C2E44E6996D888F"
"Nome","DA2CCCDFE3FE3EA27DCDAE8C761CC57CCBCF14DABB1A29BAF6D02F1303DE636B"
"Noronha","7DE7910228D0A8ACA5660A9EF389CA86C14BC9C4F9CC8066EE62C8BDDC86C38C"
"Nuuk","2865EB30DF98918A550A02DDA5C7F030543BEC4B11006B235021B7C8052F55FC"
"Ojinaga","6F7F10FFB55D902673695C1BECE5EE75D8A1240CD428F4D3A97726A419B59ED1"
"Panama","91AC80FE976931C490D058C8CE8B5D71FFA6D4961F6CA13EA9C153F0B0BCCEA0"
"Pangnirtung","7DE3A7C40374374AFE335AA592B03824CC9AC28734B6A69ED2288108F0C0B389"
"Paramaribo","67B519BCD96077EA845078C43D85C890B35382331C0B393D11F51412653277B3"
"Phoenix","8A5973D2C62E2CBF2520F2B44E4A2EE9D2F455C93F0F45BFDEB4533AF1584664"
"Port-au-Prince","D3D64025DE083A23297DDA54B85D54E3847F851B7A06FA409055CE9D83BDC8E3"
"Porto_Acre","D20A49525E3A8506E9D0FE978F54B4340AC859E02BCAEB835E3B2576F0791871"
"Porto_Velho","B92315DA16568FE572061141C02F79D3071385F3778EAE8A9727044A64132CE0"
"Port_of_Spain","8491E557FF801A8306516B8CA5946FF5F2E6821AF31477EB47D7D191CC5A6497"
"Puerto_Rico","8491E557FF801A8306516B8CA5946FF5F2E6821AF31477EB47D7D191CC5A6497"
"Punta_Arenas","B51E6E21FD77E7501616AAEA36D9979E14169CA444989699A8A0736964553134"
"Rainy_River","ECFFBF610AE77857289FB40A4933A79221A3129A450E7DD9E3C309D6AABC541C"
"Rankin_Inlet","9D782A8CBDCED815747A6F9793CA9545165BFD7D324261C4EAF9924AF23D2B37"
"Recife","6C9FC7134F89162A38FA8C29674A4B3BC5376A2D1F886BBC4072F40DEC4B88B7"
"Regina","CA3A93D3CA476C80987BCDC7F099AD68306F085A91BFB4DFCDEDD8F31B97BA4C"
"Resolute","0A7314D9D048FBADEFB7CF89D10D51A29C7EF1BF694422E386FAF270C21E7468"
"Rio_Branco","D20A49525E3A8506E9D0FE978F54B4340AC859E02BCAEB835E3B2576F0791871"
"Rosario","BA788D8A184C1E7AF85CAE16A7088F527AC04F460F9AFCEA07A7F48512ED5EF6"
"Santarem","56664FF52E693EE705C72A80395F74F049965D066F8028162E6949253525D0B1"
"Santa_Isabel","4A5B95EF1CD99B6E0B80C5D2515B75703D40944EF2FDB744EB91E10C87572DCB"
"Santiago","D020F0D77742314B28AAE32EA68260BA99330143610CAE84D2557151103BA2C0"
"Santo_Domingo","0CAB5A123F1F43DDB26C84D3594E019B5EB44BDA732665156E36964677A7C54E"
"Sao_Paulo","04C06744EE3FE078EF3B8B779E38EB30666BF993E67A092FCAF2FC28F63A64CE"
"Scoresbysund","2BEAA488C08216039EF1C70F300040FA50E373DBDBEB0A65B8138255F88174B2"
"Shiprock","32E819C00A43B3C348F539D700D425504F20B8D068C16418D26FA9B693E775C9"
"Sitka","6A24BB164DFB859A7367D56478941E17E06A4CB442D503930A03002704FC5310"
"St_Barthelemy","8491E557FF801A8306516B8CA5946FF5F2E6821AF31477EB47D7D191CC5A6497"
"St_Johns","AF5FB5EEE2AFDBB799DC9B15930FC32D941BA3AC2F8EEB95BBB0B6A43B263A02"
"St_Kitts","8491E557FF801A8306516B8CA5946FF5F2E6821AF31477EB47D7D191CC5A6497"
"St_Lucia","8491E557FF801A8306516B8CA5946FF5F2E6821AF31477EB47D7D191CC5A6497"
"St_Thomas","8491E557FF801A8306516B8CA5946FF5F2E6821AF31477EB47D7D191CC5A6497"
"St_Vincent","8491E557FF801A8306516B8CA5946FF5F2E6821AF31477EB47D7D191CC5A6497"
"Swift_Current","45128E17BBD90BC56F6310FC3CFE09D7F8543DAC8A04FECBBBCD1ABD191F3C36"
"Tegucigalpa","1333B3EE7B5396B78CABAF4967609C01BF0FB3DF15F5B50C378F34B693C8CB0E"
"Thule","F31B8F45A654F1180EE440AA1581D89A71E2A1CF35B0139A8A5915BBC634DA2F"
"Thunder_Bay","A587A1A1607439F7BAC283E1815F2BDBAFB9649A453D18E06C2E44E6996D888F"
"Tijuana","4A5B95EF1CD99B6E0B80C5D2515B75703D40944EF2FDB744EB91E10C87572DCB"
"Toronto","A587A1A1607439F7BAC283E1815F2BDBAFB9649A453D18E06C2E44E6996D888F"
"Tortola","8491E557FF801A8306516B8CA5946FF5F2E6821AF31477EB47D7D191CC5A6497"
"Vancouver","B249CA1F48D23D66A6F831DF337E6A5ECF0D6A6EDDE5316591423D4A0C6BCB28"
"Virgin","8491E557FF801A8306516B8CA5946FF5F2E6821AF31477EB47D7D191CC5A6497"
"Whitehorse","4EB47A3C29D81BE9920A504CA21AA53FCAA76215CC52CC9D23E2FEAAE5C5C723"
"Winnipeg","ECFFBF610AE77857289FB40A4933A79221A3129A450E7DD9E3C309D6AABC541C"
"Yakutat","B45C2729BBF0872CA7E0B353027E727BF2560DDC6309EACD0EDEE83B05303B63"
"Yellowknife","F939087DCDD096F6827F4A7C08E678DD8D47441025FA7011522F8975778AD6F1"
"ComodRivadavia","B8C0895D719898D1121D5BE3E5160167431CACE744D788709B5EE5DB9320456D"
"La_Rioja","526E97A155E1B2BEB669DD665AE79B7BA358D191DAB81751F6D3060E0A823878"
"Rio_Gallegos","17D64A478A3C80B1D7ED006E22331AA4621D9B3271A6AC1BA2E3E067932A0E96"
"Salta","875298AC33486A9BC3918862D4F681F160F5A9639EE2F8618032560C2195E237"
"San_Juan","008D8696D03CD263CDCE11F163272E13021B3B500D5F222A05064CA63A8AA9D4"
"San_Luis","D88B4645C2D52B6C31F0CC89B076C8041780914E01F8C379C7567137267B5091"
"Tucuman","B703BE16AB4D255F173B3593BC543EC6711C582A035076378295481B43336DFF"
"Ushuaia","03A21BA55958F4820FA1228C15147D0CC44E7705D44837361EC012B9E3929EAA"
"Knox","0ACBD9E412B0DAA55ABF7C7F17C094F6D68974393B8D7E3509FB2A9ACEA35D5F"
"Marengo","7F7B50FA580C49403B9EF9FAE295E12AD24BEE65B319A8E809E81AE4C10949B2"
"Petersburg","03CF0E1EE334460DE230B1E32A05EAFDDDA36427554B2B5442CFBD5B429C1724"
"Tell_City","E1D5AA02BF58D815DF2F8A40424FBCD5CDE01A5D9C35D1D7383EFFC09861867F"
"Vevay","1FB551D86FBFB03FC2E519B83F78358910B515608F8389B43060F73F53CBCEC9"
"Vincennes","EB6980C53EC03C509AA3281F96713374EA5EF9FB96D7239B23A9BA11451C4BB0"
"Winamac","69918CDA347C087F411D252AED7CA08B078377A768AD72CF5E0DB8E97B1B47AB"
"Monticello","2ED7720A8F3906B5D0B3AAE51FAD589BEF0AA961C7E8FC003A30F44318487733"
"Beulah","AAD81BA8DBBC3370241C5DA7FBFA12A6CD69613E12C607256E490F29B5DA047B"
"Center","F5959B2BD60A92AB942F2054152DCBAFF89DC5BB7B57BCB85B810ED0A9F6D2CC"
"New_Salem","0C7FDBB107EE5272B6A1B75BD3A2A08AC3B85CBAA1B75D815DDAE052C659BDE8"
"Casey","55E68B3B14DF0F28DF197AB9525F7924420C5CD587496FB4377C8EA12ED52BE7"
"Davis","5C1D76744AB443EDD793304D4CD0BB1B57F31FE5B1C5CB48B99A88DF3A7CCA92"
"DumontDUrville","9C1DFA1C15994DD8774E53F40CB14DCF529143468721F1DBA7B2C2E14AE9F5F0"
"Macquarie","89EED195A53C4474E8AD5563F8C5FC4AD28CAB1FE85DFE141F63D4AA9CDCC1ED"
"Mawson","1232056EA45DAF664905A2355EFA16469B679D6D4B16B961C9DC430EE2108D22"
"McMurdo","8000E3A323E8FD0212414E9426B020707A771C368CA0E151747F9DDB7B814B27"
"Palmer","1D3658D0CF2D77BA14C794443E04421EEA8A8395777E32448B895804D2F812D8"
"Rothera","FFD358F9FF2F928CD062B8DB5073F96237080A0D3E2EEC80F4F9C878AD76DD15"
"South_Pole","8000E3A323E8FD0212414E9426B020707A771C368CA0E151747F9DDB7B814B27"
"Syowa","A02287EEE69F37C475A3E8A35C6A13E54D49671C2FA0BCC9BBFD82AB28B68543"
"Troll","7E3718A69C2BD459E312CB1E7BE44B806380373A14C9F8EC7BE4462B8E8F4761"
"Vostok","29F7EDC1DCCAE8F90C0F3D1DF83DF3E0728806063D2AAB2A1E74E7AAC3CCAD48"
"Longyearbyen","5EE475F71A0FC1A32FAEB849F8C39C6E7AA66D6D41EC742B97B3A7436B3B0701"
"Aden","A02287EEE69F37C475A3E8A35C6A13E54D49671C2FA0BCC9BBFD82AB28B68543"
"Almaty","94F2D65E4D9FD66598450645908AEAFF91E486872C5018ACD0CFB285D0C77014"
"Amman","42FE1C5D7C3B28141613CF367208F4923437C21D6FA55D68AC9DAFD898F1AF65"
"Anadyr","5AA2A71E8E481D2599D3C776B12E72B47B6FD0C40CA1CCCFDD6F736C30EB6D85"
"Aqtau","E27EB9E0566D0ECB1749F850B338D91B93A6B5B136CE8D4A6E259C62B149834D"
"Aqtobe","D681474DBFB26DC4EA2D79B4AF564E5607583131E51A836CF8F82FBB1E747771"
"Ashgabat","FAC7C69D1BA68A8EFF06CF30F581F8C510D6823077C01796EDCD02E7A42A93AE"
"Ashkhabad","FAC7C69D1BA68A8EFF06CF30F581F8C510D6823077C01796EDCD02E7A42A93AE"
"Atyrau","FD4F02394204F671BF1CA75D644D50D2C3EECF7ACCC1F8F099F9D50D8FEF4A68"
"Baghdad","4BEA65288E3308BA88D22746001124DE84536B3372AC88F64FDF3E12D5AD643F"
"Bahrain","C2494663758F1A9FB3D4E5306FF28E1F3453C019DDB7545F0E0F54B6DB77E86E"
"Baku","EBF86AF7C4861B48F4240F2A631F7A59C20C6522D6E30E3AD105E1FCE33F71C8"
"Bangkok","85FFF93D57A041C1524BAD028D2F340BB87E4C63AB7D0E27726F3737C5666649"
"Barnaul","DF37948A62D332B219134BD7E971C5BC1DCCA2A131A156C4E424A6E86574CDFD"
"Beirut","FD9FF664083F88BF6F539D490C1F02074E2E5C10EB7F590B222B3E2675DA4B6A"
"Bishkek","20EA14CA300120B0A45EED6B8C222A4B002E7D16059257396000B88DD855C3A4"
"Brunei","0F9AADC9627F48CF1B4D0789248621AAAA23C6554A6EB142D4460C0D4F46CD74"
"Calcutta","E90C341036CB7203200E293CB3B513267E104A39A594F35E195254E6BC0A17CF"
"Chita","2DB4A54B6DECC0590035449C83CCE4351D2298035635F388698777F476CB7484"
"Choibalsan","A9491746C4DCFEEEC1F7427150B4AEEF2CCA6C6B467CA71F10521AB063C2D9E7"
"Chongqing","64FFC2E43A94435A043C040D1D3AF7E92D031ADC78E7737AF1861BAA4EEEF3E6"
"Chungking","64FFC2E43A94435A043C040D1D3AF7E92D031ADC78E7737AF1861BAA4EEEF3E6"
"Colombo","C39D8BEDB813E26E6172046E7AF20F63CDF1CAD7E406690B86728CC29D7A2AC6"
"Dacca","FB1BA527629586F2A9EAB9592CCC9DA70EE85D58AB93EAE2107FB5F35C4F139E"
"Damascus","12D84685E6875A6CB922B2C273D3663378EF0124051EDF13B01174EC8D6D81B8"
"Dhaka","FB1BA527629586F2A9EAB9592CCC9DA70EE85D58AB93EAE2107FB5F35C4F139E"
"Dili","D80F6E166C12C28140E68D9E9352C0D2E72884F9CCE368215AF0FD0F94DD9C99"
"Dubai","A667613E16894702B038DBF18993467854880A3956CF263D265147BFE1FDBA96"
"Dushanbe","9286279D85AE16C057775BC97D9B06769C276C51C4C2F9060664ABAF1DCA22CB"
"Famagusta","085ADCCA077CB9D7B9C7A384B5F33F0F0D0A607A31A4F3F3AB8E8AA075718E37"
"Gaza","B7463171440BE7754D2A729B2A28E7D0E13F31AAF21329E89DA6EC7BE893B73B"
"Harbin","64FFC2E43A94435A043C040D1D3AF7E92D031ADC78E7737AF1861BAA4EEEF3E6"
"Hebron","E98D144872B1FB1A02C42AFF5A90AE337A253F5BD41A7CEB7271A2C9015CA9D4"
"Hong_Kong","6A5FCEE243E5AB92698242D88C4699CEB7208A22EE97D342D11E41EBD2555A17"
"Hovd","667E0F2C6943F944490EC6C2868AF96EA593CEE022976B5BAC6256D23E532DBB"
"Ho_Chi_Minh","2E7BF5BE950D017068F2FD1BF5DF40429CBE004C8EE506B6220D0FBC3923AE65"
"Irkutsk","215BA85C2C1D788F8A2147C5904B7AC818EA60FDD5F464EB17EFD62E77DF1739"
"Jakarta","4EF13306F4B37F314274EB0C019D10811F79240E717F790064E361CB98045D11"
"Jayapura","8A1CD477E2FC1D456A1BE35AD743323C4F986308D5163FB17ABAA34CDE04259B"
"Jerusalem","254B964265B94E16B4A498F0EB543968DEC25F4CF80FBA29B3D38E4A775AE837"
"Kabul","25911BA3C6D28FF2FB1E75D49B68005253650AF2654498459121C2839A378209"
"Kamchatka","298D4F949BD148D918FF9872241C63E430F079E61541A04AD396602F791D7026"
"Karachi","881FA658C4D75327C1C00919773F3F526130D31B20C48B9BF8A348EDA9338649"
"Kashgar","17564E759643B151F00C98A792C47E86372A3F3A8E963BDDADE648585BA52716"
"Kathmandu","FD1B1F79259B0ABF24338611262ED7BFA8401221D6D7820586C5EC7E16CF8E83"
"Katmandu","FD1B1F79259B0ABF24338611262ED7BFA8401221D6D7820586C5EC7E16CF8E83"
"Khandyga","6CA7E6C3A939A980D0B041C6DCCBFE5588ACDD8842795EEA8A30F17F140D9FF8"
"Kolkata","E90C341036CB7203200E293CB3B513267E104A39A594F35E195254E6BC0A17CF"
"Krasnoyarsk","0F9284FF5C16483D98762C43CBC9F72C135A025135FF2DD3597C3A36BC4528A0"
"Kuala_Lumpur","5E67952267AA709F212739BB4E302D8B59D6240C5AC0EAAAEE32330E71D7DA12"
"Kuching","0F9AADC9627F48CF1B4D0789248621AAAA23C6554A6EB142D4460C0D4F46CD74"
"Kuwait","A02287EEE69F37C475A3E8A35C6A13E54D49671C2FA0BCC9BBFD82AB28B68543"
"Macao","32F02447246CAC0DABD39D88B65C85E5B8761617918C8D233F0834B88887D989"
"Macau","32F02447246CAC0DABD39D88B65C85E5B8761617918C8D233F0834B88887D989"
"Magadan","1DC704117050BCC98BA02FC913ECCFFCC94B019D5698D2D02DF337B49B79E4CE"
"Makassar","3A126D0AA493114FAEE67D28A4154EE41BBEC10CDC60FCBD4BFE9A02125780EC"
"Manila","F314D21C542E615756DD385D36A896CD57BA16FEF983FE6B4D061444BBF1AC9E"
"Muscat","A667613E16894702B038DBF18993467854880A3956CF263D265147BFE1FDBA96"
"Novokuznetsk","A72C71B5252D6037959859340A0F85DF795A652D222AD75EF7F1899CBF5FD0A3"
"Novosibirsk","E4ADBE1B1D794E19477E89725BCE52E73444B4070C8DE1C16162B813CC762DD6"
"Omsk","1F25C8588B495C12951D4CD67103E2D4C99DE992E6664F90851528F4ABF65CE2"
"Oral","5904F8A91982F5123F965F3307D16F9002FC7B319BF2AA2A59DEF9193942EE44"
"Phnom_Penh","85FFF93D57A041C1524BAD028D2F340BB87E4C63AB7D0E27726F3737C5666649"
"Pontianak","8A7397C2E2AD8CABF5CFF7A588F65222A8D2B7AC21B6EC613DE1B56298D4FC14"
"Pyongyang","FFE8371A70C0B5F0D7E17024B571FD8C5A2E2D40E63A8BE78E839FBD1A540EC1"
"Qatar","C2494663758F1A9FB3D4E5306FF28E1F3453C019DDB7545F0E0F54B6DB77E86E"
"Qostanay","1C88E59FC4083CD454E8C916CF23E2EAF0EB8E59956785F31717141ED5CC8BBB"
"Qyzylorda","2592CD37A36E2E4A9A5847956826625BF80BE81AC814BF65AFAE622BB9B254F8"
"Rangoon","FD81C04AAE19E5871420B21D844CE0DBB0862F36AB5073C31ECD438F44203463"
"Riyadh","A02287EEE69F37C475A3E8A35C6A13E54D49671C2FA0BCC9BBFD82AB28B68543"
"Saigon","2E7BF5BE950D017068F2FD1BF5DF40429CBE004C8EE506B6220D0FBC3923AE65"
"Sakhalin","C73028AFCDA28407BEC971300BA39688CCE8F5BE99FA8425DFD348914E4785BB"
"Samarkand","CC929246DDE512F77A42F83D6F8F500323B87132725674CAC8F61CCAE7691F19"
"Seoul","2C8F4BB15DD77090B497E2A841FF3323ECBBAE4F9DBB9EDEAD2F8DD8FB5D8BB4"
"Shanghai","64FFC2E43A94435A043C040D1D3AF7E92D031ADC78E7737AF1861BAA4EEEF3E6"
"Srednekolymsk","79F69A4FC8851EB71C729F9564A34CBED4EE3CB3631B957D247E4A287847DD22"
"Taipei","0CC990C0EA4FAA5DB9B9EDCD7FCBC028A4F87A6D3A0F567DAC76CB222B718B19"
"Tashkent","6A944FCB6E757D2472FE2C6C83704E64D9946C774EF3A3F9F8F7600B55F0B3B5"
"Tbilisi","CD0FB66D5AB9FD449449BC0DEAAD2ABD68C3F875E429A1F889F315AB59447883"
"Tehran","2DBD87F410815EDCFCD7D14BE84DE0040EF0D913A22203E0C7E7F4F17A6A915A"
"Tel_Aviv","254B964265B94E16B4A498F0EB543968DEC25F4CF80FBA29B3D38E4A775AE837"
"Thimbu","1B69D341510C98A956B7407BE3F7D400BECA437600BBFFC9E87722898B362325"
"Thimphu","1B69D341510C98A956B7407BE3F7D400BECA437600BBFFC9E87722898B362325"
"Tokyo","A02B9E66044DC5C35C5F76467627FDCBA4AEE1CC958606B85C777095CAD82CEB"
"Tomsk","72BD142D981606741FCC38897989AAA40ED7A39411CEEAEFAC7B2B6D9B2784E4"
"Ujung_Pandang","3A126D0AA493114FAEE67D28A4154EE41BBEC10CDC60FCBD4BFE9A02125780EC"
"Ulaanbaatar","A9491746C4DCFEEEC1F7427150B4AEEF2CCA6C6B467CA71F10521AB063C2D9E7"
"Ulan_Bator","A9491746C4DCFEEEC1F7427150B4AEEF2CCA6C6B467CA71F10521AB063C2D9E7"
"Urumqi","17564E759643B151F00C98A792C47E86372A3F3A8E963BDDADE648585BA52716"
"Ust-Nera","CEC1BC9209F0D0572CE4DD96C0D4D59AF5A44E5A707FB3A8F32EBC1DC5E3632C"
"Vientiane","85FFF93D57A041C1524BAD028D2F340BB87E4C63AB7D0E27726F3737C5666649"
"Vladivostok","5CC40B321E523DB23A0B847750EE0A85B9C6E2159590735E7730907AAC4593A0"
"Yakutsk","3CF36B446820F6379F39433EE8CF17A9A226F8495F991652580B5218A2F33574"
"Yangon","FD81C04AAE19E5871420B21D844CE0DBB0862F36AB5073C31ECD438F44203463"
"Yekaterinburg","E0DC845BA5E3AF852C58F87ADC720F2381BA193FED546D57920736C5BC068F30"
"Yerevan","14CD29500E0D6D35816FF0AC2792822D5ACBA0D99A77B9E304AA85AC9043A311"
"Azores","EBA843C5A2BCC459E4B4B32BA4DC640F8AF58069214BE3C4A657AEC33B86440D"
"Bermuda","2CD18A7CCB2762FC089A34F2CD7ACB84C3871C3BBBA88EBB45B60D2AFBC8D792"
"Canary","CA62BDB9FAA986F3630CADE1CE290DE067E4711DD07820623CAC9573A16395B0"
"Cape_Verde","A3DDA92DD2C55FF6FDBD48AADEB36971AE2DBA920EDDDC7DACDAE73DC03CE3BE"
"Faeroe","3626DD64F66D6A99D847F9B22199CC753692286B0E04682E8E3D3F4F636F033B"
"Faroe","3626DD64F66D6A99D847F9B22199CC753692286B0E04682E8E3D3F4F636F033B"
"Jan_Mayen","5EE475F71A0FC1A32FAEB849F8C39C6E7AA66D6D41EC742B97B3A7436B3B0701"
"Madeira","95863CE4C0B9F8650A1319B7E778B1C2D643C5AB186AF4D35842EFBF94572F11"
"Reykjavik","D2EFAC4E5F23D88C95D72C1DB42807170F52F43DD98A205AF5A92A91B9F2D997"
"South_Georgia","23D48070F3EE9B2E977FD3FB760D9A135EA8C700C8AB2285AA29C94C2F97B203"
"Stanley","B221235D302E4EE9BFE171AD4BDF0C044DF85D6FF9C605D28445F938C9D2163A"
"St_Helena","D2EFAC4E5F23D88C95D72C1DB42807170F52F43DD98A205AF5A92A91B9F2D997"
"ACT","42C3857585B16DB2F8FFD47BA19FAA60F473340DE8D4FE9320EA7BE861605906"
"Adelaide","95DD846F153BE6856098F7BBD37CFE23A6AA2E0D0A9AFEB665C086CE44F9476D"
"Brisbane","796E90CF37B6B74FACA5E2669AFB7524CCDB91269D20A744F385C773B254B467"
"Broken_Hill","DE4FF79634EF4B91927E8ED787AC3BD54811DDA03060F06C9C227E9A51180AA4"
"Canberra","42C3857585B16DB2F8FFD47BA19FAA60F473340DE8D4FE9320EA7BE861605906"
"Currie","18B412CE021FB16C4EBE628EAE1A5FA1F5AA20D41FEA1DFA358CB799CABA81C8"
"Darwin","7E7D08661216F7C1409F32E283EFC606D5B92C0E788DA8DD79E533838B421AFA"
"Eucla","8B5F97186F08E84D1D5C8756185E039647C32D686203127FDE0329B7E9E6FEEE"
"Hobart","18B412CE021FB16C4EBE628EAE1A5FA1F5AA20D41FEA1DFA358CB799CABA81C8"
"LHI","A323C5433991A963EB497B7DA4D1D09848BF3EF5F5D64D9C9649F388E4BAB9DF"
"Lindeman","C4CE94771DB6A0B3682D1D58EC64211CE628BFC9F0DF140DAA073F35543624AE"
"Lord_Howe","A323C5433991A963EB497B7DA4D1D09848BF3EF5F5D64D9C9649F388E4BAB9DF"
"Melbourne","96FC7F31072E9CC73ABB6B2622B97C5F8DBB6CBB17BE3920A4249D8D80933413"
"North","7E7D08661216F7C1409F32E283EFC606D5B92C0E788DA8DD79E533838B421AFA"
"NSW","42C3857585B16DB2F8FFD47BA19FAA60F473340DE8D4FE9320EA7BE861605906"
"Perth","025D4339487853FA1F3144127959734B20F7C7B4948CFF5D72149A0541A67968"
"Queensland","796E90CF37B6B74FACA5E2669AFB7524CCDB91269D20A744F385C773B254B467"
"South","95DD846F153BE6856098F7BBD37CFE23A6AA2E0D0A9AFEB665C086CE44F9476D"
"Sydney","42C3857585B16DB2F8FFD47BA19FAA60F473340DE8D4FE9320EA7BE861605906"
"Tasmania","18B412CE021FB16C4EBE628EAE1A5FA1F5AA20D41FEA1DFA358CB799CABA81C8"
"Victoria","96FC7F31072E9CC73ABB6B2622B97C5F8DBB6CBB17BE3920A4249D8D80933413"
"West","025D4339487853FA1F3144127959734B20F7C7B4948CFF5D72149A0541A67968"
"Yancowinna","DE4FF79634EF4B91927E8ED787AC3BD54811DDA03060F06C9C227E9A51180AA4"
"Acre","D20A49525E3A8506E9D0FE978F54B4340AC859E02BCAEB835E3B2576F0791871"
"DeNoronha","7DE7910228D0A8ACA5660A9EF389CA86C14BC9C4F9CC8066EE62C8BDDC86C38C"
"East","04C06744EE3FE078EF3B8B779E38EB30666BF993E67A092FCAF2FC28F63A64CE"
"Atlantic","4D9A667393F05A82DF4DF42843F6F7535EC113689529278D911D07A3C99B4E7F"
"Newfoundland","AF5FB5EEE2AFDBB799DC9B15930FC32D941BA3AC2F8EEB95BBB0B6A43B263A02"
"Saskatchewan","CA3A93D3CA476C80987BCDC7F099AD68306F085A91BFB4DFCDEDD8F31B97BA4C"
"Yukon","4EB47A3C29D81BE9920A504CA21AA53FCAA76215CC52CC9D23E2FEAAE5C5C723"
"Continental","D020F0D77742314B28AAE32EA68260BA99330143610CAE84D2557151103BA2C0"
"EasterIsland","41BB9B06CFF1425BCAC1E027BAB8721E320AE238BBEC68781BEBAC5EE97A5D53"
"GMT+1","D50CE5D97F6B43F45711FD75C87D3DC10642AFFA61E947453FB134CAEF6CF884"
"GMT+10","244432432425902D28E994DD7958D984220E87A70AE5317B1F4D0F925B3EB142"
"GMT+11","B56BDCBD830509A13AD27255BC3AEBA2FEECB49BECD4A4183B2AE1977773714B"
"GMT+12","6FBD0712112BABC2099AAF31EDC399CB8791FFFDDFAB9B871E98EF3C1107A8C0"
"GMT+2","4FA129E7386C94129B61A10215407A8142A1DE24D93F23285B59238689F1AD4A"
"GMT+3","406A18AC4D386D427E3B32F7EDDB763194F917158D2E92433D55E025BB2D6190"
"GMT+4","456AE43648BEC15ED7F9CA1ED15BEE7C17BA2EB595A643C98226B94106049C1A"
"GMT+5","A1199E0B8D5D8185D3FB3CF264844A5CDF48BDD2F60DAE674EEC261B6FE9AC80"
"GMT+6","77A7409F089E8F2148DA7EC0CC59455B4685013EB360D123048106D2EBB4B1B4"
"GMT+7","4EA8D86F3774607A71D708AC160D3C275F704E983ACED24B2E89E0658FE5A33B"
"GMT+8","B61FFC6C832662044F09EB01ADB981851AF48D03BBC2177BD0B898F477F02729"
"GMT+9","42AE44EA2512EC9309232993ED8A2A948F0CB6AB55CB49ABF6DEB3585B5673D6"
"GMT-1","EF7175794F2E01018FDE6728076ABDF428DF31A9C61479377DE7E58E9F69602E"
"GMT-10","7CA5963702C13A9D4E90A8ED735C3D2C85C94759934C3F8976F61F951CB522B5"
"GMT-11","0F64BBF67EA9B1AF6DF7FDAF8F9C08AC5A471F63892DC08A3FABEDC3315920D6"
"GMT-12","99EE15EA599623C812AFC1FB378D56003D04C30D5A9E1FC4177E10AFD5284A72"
"GMT-13","C5B99B1B505003A0E5A5AFE2530106C89C56E1ADEDEA599AC1D3CA004F2F6D1F"
"GMT-14","3E95E8444061D36A85A6FC55323DA957D200CD242F044ED73EF9CDF6A499F8A7"
"GMT-2","BDEEA158B75EBA22E1A9A81A58BA8C0FA1CDC9B4B57214708EE75F4D9D9B6011"
"GMT-3","37BEE320B6A7B8B0D590BB1DBA35D94AEF9DB078B0379308A7087B7CC5227ECA"
"GMT-4","2D2928E5F547A8F979CDFC231AA91B31AFCE167BEDA53EA8FF8C58C4DCFD9F9A"
"GMT-5","B8B69247931BD7C1D14EC000E52BDE63D3C027DEDD3BC433216A8D5DEDF065BE"
"GMT-6","25237E454029849E747E922FEDC602EAE9EBB6BCFD4B55A66BEA620C79467BB7"
"GMT-7","BD500E17CC54F53F444A7C3AF1CD12157A5CBE4A28A5A8B04D1D336DE7C71D25"
"GMT-8","4BBC4541B14CA620D9CB8BF92F80FD7C2AE3448CF3A0B0B9A7C49EDB7C62EEEB"
"GMT-9","239BC736650AF98CA0FD2D6C905378E15195CC1824B6316055088320A3B868C2"
"Amsterdam","812F55AEB6E8CDE9DDF4786E15EB4256B21E82CF5F5D28DA1BAD17D94570CAC0"
"Andorra","8130798C2426BC8C372498B5FEF01C398BA1B733C147A457531F60555EA9EAE8"
"Astrakhan","65E183663C15551A1E47E27AE36CC49CDDBA04F2F9F1589324B6F09E4EE92D79"
"Athens","5C363E14151D751C901CDF06C502D9E1AC23B8E956973954763BFB39D5C53730"
"Belfast","C85495070DCA42687DF6A1C3EE780A27CBCB82F1844750EA6F642833A44D29B4"
"Belgrade","3A95ADB06156044FD2FA662841C0268C2B5AF47C1B19000D9D299563D387093A"
"Berlin","5EE475F71A0FC1A32FAEB849F8C39C6E7AA66D6D41EC742B97B3A7436B3B0701"
"Bratislava","1BD7DD8545E6CF1EB9D419F267A57B00E60857D115E5A309326E3878968B2D9C"
"Brussels","812F55AEB6E8CDE9DDF4786E15EB4256B21E82CF5F5D28DA1BAD17D94570CAC0"
"Bucharest","9DF83AF9B5360FA0CC1166FD10C2014799319CDB1B0D2C7450A7C71FF673A857"
"Budapest","94DC2AC5672206FC3D7A2F35550C082876C2FD90C98E980753A1C5838C025246"
"Busingen","2B9418ED48E3D9551C84A4786E185BD2181D009866C040FBD729170D038629EF"
"Chisinau","A7527FAEA144D77A4BF1CA4146B1057BEB5E088F1FD1F28AE2E4D4CBFE1D885E"
"Copenhagen","5EE475F71A0FC1A32FAEB849F8C39C6E7AA66D6D41EC742B97B3A7436B3B0701"
"Dublin","40E8D2A1C3B572284DA39F6F4245B1BC814F452C44F5AA73D0A011571D5CCC43"
"Gibraltar","6BCED6A5A065BF123880053D3A940E90DF155096E2AD55987FE55F14B4C8A12E"
"Guernsey","C85495070DCA42687DF6A1C3EE780A27CBCB82F1844750EA6F642833A44D29B4"
"Helsinki","184901ECBB158667A0B7B62EB9685E083BC3182EDBECDC3D6D3743192F6A9097"
"Isle_of_Man","C85495070DCA42687DF6A1C3EE780A27CBCB82F1844750EA6F642833A44D29B4"
"Istanbul","264E308E7743B5AFEE2D673C5B57567636DABC925BB0BE513939996E856718A5"
"Jersey","C85495070DCA42687DF6A1C3EE780A27CBCB82F1844750EA6F642833A44D29B4"
"Kaliningrad","B3B19749ED58BCC72CEC089484735303A2389C03909FF2A6CFF66A2583BE2CC3"
"Kiev","FB0AE91BD8CFB882853F5360055BE7C6C3117FD2FF879CF727A4378E3D40C0D3"
"Kirov","3FB4F665FE44A3AA382F80DB83F05F8858D48138F47505E5AF063E419D5E0559"
"Kyiv","FB0AE91BD8CFB882853F5360055BE7C6C3117FD2FF879CF727A4378E3D40C0D3"
"Lisbon","92B07CB24689226BF934308D1F1BD33C306AA4DA610C52CD5BCE25077960502C"
"Ljubljana","3A95ADB06156044FD2FA662841C0268C2B5AF47C1B19000D9D299563D387093A"
"London","C85495070DCA42687DF6A1C3EE780A27CBCB82F1844750EA6F642833A44D29B4"
"Luxembourg","812F55AEB6E8CDE9DDF4786E15EB4256B21E82CF5F5D28DA1BAD17D94570CAC0"
"Madrid","9A42D7D37AD6DEDD2D9B328120F7BF9E852F6850C4AF00BAFF964F659B161CEA"
"Malta","12129C6CF2F8EFBEB9B56022439EDCBAC68AD9368842A64282D268119B3751DD"
"Mariehamn","184901ECBB158667A0B7B62EB9685E083BC3182EDBECDC3D6D3743192F6A9097"
"Minsk","2A03E6D1F1F2727B60777C5B4E69839783B5DD787FF5EDB352777C5C5494DBDA"
"Monaco","AB77A1488A2DD4667A4F23072236E0D2845FE208405EEC1B4834985629BA7AF8"
"Moscow","2A69287D1723E93F0F876F0F242866F09569D77B91BDE7FA4D9D06B8FCD4883C"
"Nicosia","D149E6D08153EC7C86790EC5DEF4DAFFE9257F2B0282BBA5A853BA043D699595"
"Oslo","5EE475F71A0FC1A32FAEB849F8C39C6E7AA66D6D41EC742B97B3A7436B3B0701"
"Paris","AB77A1488A2DD4667A4F23072236E0D2845FE208405EEC1B4834985629BA7AF8"
"Podgorica","3A95ADB06156044FD2FA662841C0268C2B5AF47C1B19000D9D299563D387093A"
"Prague","1BD7DD8545E6CF1EB9D419F267A57B00E60857D115E5A309326E3878968B2D9C"
"Riga","849DBFD26D6D696F48B80FA13323F99FE597ED83AB47485E2ACCC98609634569"
"Rome","D5ADE82CC4A232949B87D43157C84B2C355B66A6AC87CF6250ED6EAD80B5018F"
"Samara","9D72F42316D3EAABB5D0236E6831F1C785B539A02769A293B4827D37D5113285"
"San_Marino","D5ADE82CC4A232949B87D43157C84B2C355B66A6AC87CF6250ED6EAD80B5018F"
"Sarajevo","3A95ADB06156044FD2FA662841C0268C2B5AF47C1B19000D9D299563D387093A"
"Saratov","CA0C23BD7375DD381A5B18E0EB2B161271D6371C2B56D9046EB93CB7D6F3555C"
"Simferopol","B7397BC5D355499A6B342BA5E181392D2A6847D268BA398EABC55B6C1F301E27"
"Skopje","3A95ADB06156044FD2FA662841C0268C2B5AF47C1B19000D9D299563D387093A"
"Sofia","84240A5DF30DAE7039C47370FEECD38CACD5C38F81BECAB9A063B8C940AFE6D6"
"Stockholm","5EE475F71A0FC1A32FAEB849F8C39C6E7AA66D6D41EC742B97B3A7436B3B0701"
"Tallinn","E1AE890B4688A4CCEA215ECEDF9CE81B42CB270910AB90285D9DA2BE489CEBEC"
"Tirane","CED959C824BD5825DE556F2706E9F74F28B91D463412D15B8816C473582E72EC"
"Tiraspol","A7527FAEA144D77A4BF1CA4146B1057BEB5E088F1FD1F28AE2E4D4CBFE1D885E"
"Ulyanovsk","73C01DE69EC22A3FF570203B95546970FA9B417198697F3772EBBAB88171F818"
"Uzhgorod","FB0AE91BD8CFB882853F5360055BE7C6C3117FD2FF879CF727A4378E3D40C0D3"
"Vaduz","2B9418ED48E3D9551C84A4786E185BD2181D009866C040FBD729170D038629EF"
"Vatican","D5ADE82CC4A232949B87D43157C84B2C355B66A6AC87CF6250ED6EAD80B5018F"
"Vienna","6662379000C4E9B9EB24471CAA1EF75D7058DFA2F51B80E4A624D0226B4DAD49"
"Vilnius","505CD15F7A2B09307C77D23397124FCB9794036A013EE0AED54265FB60FB0B75"
"Volgograd","46016FB7B9B367E4ED20A2FD0551E6A0D64B21E2C8BA20DD5DE635D20DBFBE4B"
"Warsaw","4E22C33DB79517472480B54491A49E0DA299F3072D7490CE97F1C4FD6779ACAB"
"Zagreb","3A95ADB06156044FD2FA662841C0268C2B5AF47C1B19000D9D299563D387093A"
"Zaporozhye","FB0AE91BD8CFB882853F5360055BE7C6C3117FD2FF879CF727A4378E3D40C0D3"
"Zurich","2B9418ED48E3D9551C84A4786E185BD2181D009866C040FBD729170D038629EF"
"Antananarivo","C89B2E253A8926A6CECF7EFF34E4BFCDB7FE24DAFF22D84718C30DEEC0EA4968"
"Chagos","D9EAEB5F329D1487295342FE5D18521F184D69B2336C8E655D5DCFABA96DE346"
"Christmas","85FFF93D57A041C1524BAD028D2F340BB87E4C63AB7D0E27726F3737C5666649"
"Cocos","FD81C04AAE19E5871420B21D844CE0DBB0862F36AB5073C31ECD438F44203463"
"Comoro","C89B2E253A8926A6CECF7EFF34E4BFCDB7FE24DAFF22D84718C30DEEC0EA4968"
"Kerguelen","17BDDF7D57C1A14A07ADED3E0F0B2242B60970BA4F396F892469379FCF253395"
"Mahe","A667613E16894702B038DBF18993467854880A3956CF263D265147BFE1FDBA96"
"Maldives","17BDDF7D57C1A14A07ADED3E0F0B2242B60970BA4F396F892469379FCF253395"
"Mauritius","667AAB7357218A695C889B1804E97436F2079EB35D0B19DC1B159CCEAD4F05E2"
"Mayotte","C89B2E253A8926A6CECF7EFF34E4BFCDB7FE24DAFF22D84718C30DEEC0EA4968"
"Reunion","A667613E16894702B038DBF18993467854880A3956CF263D265147BFE1FDBA96"
"BajaNorte","4A5B95EF1CD99B6E0B80C5D2515B75703D40944EF2FDB744EB91E10C87572DCB"
"BajaSur","0561F636A54F0353ECC842CF37FD8117C2A596BB26424AA0D5EBA3B10BE79F1F"
"General","528836F85316CF6A35DA347AB0AF6F7A625A98B7A8E8E105310477B34C53C647"
"Apia","33740AB29EF943B1F55F769E13FF59A90962F5A12434209072D650E6C10ABB4D"
"Auckland","8000E3A323E8FD0212414E9426B020707A771C368CA0E151747F9DDB7B814B27"
"Bougainville","85613CE9E5E7371FAF0016E9EFE61222A5B279C1CF30858B7ED565A00A0F84BF"
"Chatham","C617B155CE657C9FEA02FD9DDC7AC823A95F452C4A6580408D8DB3A58902184F"
"Chuuk","9C1DFA1C15994DD8774E53F40CB14DCF529143468721F1DBA7B2C2E14AE9F5F0"
"Easter","41BB9B06CFF1425BCAC1E027BAB8721E320AE238BBEC68781BEBAC5EE97A5D53"
"Efate","A12C4D710631E7ED45536FF21F31C8FA14FE74C25C3F1CF2E1799D2355315C0A"
"Enderbury","1CD4C02ABB07FD1D96DD046529C98D95DE4A71774FD328170A3128BDCD62FBA4"
"Fakaofo","A8EA1DA5330A8F3B6F6485D52DEFDFFE467A59C1E5F5F08B13D66CCAF74528B2"
"Fiji","8C1E456CEB029C7550436A213E25844143E11BA2726C1DCDA20DEA4FA5894342"
"Funafuti","53268A8A6B11F0B8E02FC67683AE48D074EFAF7B4C66E036C1478107AFD9A7D7"
"Galapagos","FC625460E8D28888E83413B6A9DAB6DE2B0B309E0D0959370CA21119E0DCF010"
"Gambier","8004BB82BD471FFADED2E6272FA796A3928627E07941A88CF26576718E664311"
"Guadalcanal","3389135AA69241A57500C8722D2BE6C2804917B5FD89CAC82DBBD0270A7DE348"
"Guam","131F739E67FAACD7C6CDEEA036964908CAF54D3E2B925D929EB85E72B749B9F2"
"Honolulu","7F03D1BF5264E7AB023A2EF9B997DDFC8CB6936692407C770762B9C549523F33"
"Johnston","7F03D1BF5264E7AB023A2EF9B997DDFC8CB6936692407C770762B9C549523F33"
"Kanton","1CD4C02ABB07FD1D96DD046529C98D95DE4A71774FD328170A3128BDCD62FBA4"
"Kiritimati","8589353A8CFE2E3D4FB9909B355D96248BCE2ED0B04B0AB6BBADDC6F567EDCD4"
"Kosrae","4348EB6F8CDE0EB77AD5B53857C4EA8CC73421EA7CAD667266A274BAAB2E9F1B"
"Kwajalein","4E667FD1FFB2490FAC6810254575747F8F48B709DEE755415E7EAB59CAD6A874"
"Majuro","53268A8A6B11F0B8E02FC67683AE48D074EFAF7B4C66E036C1478107AFD9A7D7"
"Marquesas","153C4F2535AD938F0B55BDCDD94EB828BA4BB26BEED03401B9B4C283E76FC863"
"Midway","7C262B62985863AAD47F13B0EF5DB2E5CC917B5D38002DE9A2EA83DDB0883458"
"Nauru","F4048A80B1C1FBC9EC4C42B5029CDF4C7D3242D6CD026197F8923BB87662AA70"
"Niue","3A5957C6E927711EDAF92326745A31E5ACF5C6920F3216DA85086D39B9A9B833"
"Norfolk","0CC757D419B5F25CCDBA2096CF07DE1D43111973D2F2FE405A787EFC45FF019C"
"Noumea","B641F1C67C6C5D33AACF76335A2D269214C220E37383E5BB12949131D3E329D4"
"Pago_Pago","7C262B62985863AAD47F13B0EF5DB2E5CC917B5D38002DE9A2EA83DDB0883458"
"Palau","68DD876D3D2B7AAC0AAED2CA0CAF4CDB36F47748A474D953AEB9ED571747EBAA"
"Pitcairn","5388C052EBEC44DA32F17ACF6B5E98A5C5C272A1C9634BBA26F08D80F1163B57"
"Pohnpei","3389135AA69241A57500C8722D2BE6C2804917B5FD89CAC82DBBD0270A7DE348"
"Ponape","3389135AA69241A57500C8722D2BE6C2804917B5FD89CAC82DBBD0270A7DE348"
"Port_Moresby","9C1DFA1C15994DD8774E53F40CB14DCF529143468721F1DBA7B2C2E14AE9F5F0"
"Rarotonga","C0F12CA176F20E7BA17F39202EF52A852CEB331FC50F8DAE00F96E48F321DC17"
"Saipan","131F739E67FAACD7C6CDEEA036964908CAF54D3E2B925D929EB85E72B749B9F2"
"Tahiti","0517DFF46DC4FA258A84E591D56BB4D99D223208EBC035D5F9736BA88B577536"
"Tarawa","53268A8A6B11F0B8E02FC67683AE48D074EFAF7B4C66E036C1478107AFD9A7D7"
"Tongatapu","3A9A4166A4C06626FD1D8ED4F400BE25ABCEEE6E8DC4F194B547CF40097DA016"
"Truk","9C1DFA1C15994DD8774E53F40CB14DCF529143468721F1DBA7B2C2E14AE9F5F0"
"Wake","53268A8A6B11F0B8E02FC67683AE48D074EFAF7B4C66E036C1478107AFD9A7D7"
"Wallis","53268A8A6B11F0B8E02FC67683AE48D074EFAF7B4C66E036C1478107AFD9A7D7"
"Yap","9C1DFA1C15994DD8774E53F40CB14DCF529143468721F1DBA7B2C2E14AE9F5F0"
"Alaska","A190353523D2D8159DCA66299C21C53BC0656154BE965E4A2E0D84CFD09B113B"
"Aleutian","201D4387025000A6E13C9F631CB7FCCD6E4369DEC7224052F9D86FEB81353A53"
"Arizona","8A5973D2C62E2CBF2520F2B44E4A2EE9D2F455C93F0F45BFDEB4533AF1584664"
"Central","FEBA326EBE88EAC20017A718748C46C68469A1E7F5E7716DCB8F1D43A6E6F686"
"East-Indiana","90D2B2F4A8FD202B226187C209B020833300EDEC5FF86A463CCC685E8707532C"
"Eastern","E9ED07D7BEE0C76A9D442D091EF1F01668FEE7C4F26014C0A868B19FE6C18A95"
"Hawaii","7F03D1BF5264E7AB023A2EF9B997DDFC8CB6936692407C770762B9C549523F33"
"Indiana-Starke","0ACBD9E412B0DAA55ABF7C7F17C094F6D68974393B8D7E3509FB2A9ACEA35D5F"
"Michigan","85E733F32A98D828F907AD46DE02D9740559BD180AF65D0FF7473F80DFAE0F98"
"Mountain","32E819C00A43B3C348F539D700D425504F20B8D068C16418D26FA9B693E775C9"
"Pacific","68977BB9AD6D186FEFC6C7ABD36010A66E30008DCB2D376087A41C49861E7268"
"Samoa","7C262B62985863AAD47F13B0EF5DB2E5CC917B5D38002DE9A2EA83DDB0883458"
"METADATA","8DBB9B798FA65A8022FE0FED6985DE1304979191968D1EFCCF9BC137366088CF"
"AUTHORS.rst","FC397BCB78F61662DE18871924431D8A4C50AF771EFAD99F3D38E3B86DF88699"
"completion.sh","8FBF4A6D29A9223FC4D758DF4DF057AC69D44F3297569435BC6550BECC83465E"
"tqdm.1","6882F250F9364B838F7BFB96CB63F800C8D47F4A10E8F516D272D85C1F815B02"
"LICENCE","DC33252E829015E3B150086FB9B3A40F6AD6FB32C2F4610CE812FA677D35986A"
"_yaml.cpython-312-x86_64-linux-gnu.so","3C9160C677347F90F275EE962A6066E9F6566A96B099697B68146BB978D103CD"
"logger.cpython-310.pyc","A9C47551C0C87A2EADF4F3E55ACC947CCEBB2B2EED12EF0DD90D852AC81A93CC"
"checkpoint.py","702132E492B8AAA2D4D91AFA5AD0E4B99BF66DF616F4F6812869A1BBC6B2CAFD"
"main_features.py","75E037E87CCF4809A89EDAEC3627EF48649DBBCAA48CC2C27FBBE9166AA14A69"
"parking_lot.py","F72043C1B8AAEDC4D973430A2B6DEE949FD769883716527927B58902E2C4E2EF"
"__init__.py","CE38DC8908BF285A47226A3CCACA25E5F0C679AC198B7A0C13DD200B9E58E072"
"main_features.cpython-310.pyc","EE19C67CAB4DED3A48D7F4B30F51431106D12BC21C201636B01B61D8345EA855"
"__init__.cpython-310.pyc","000459DC9515C1F9CA8D22AFD54467611B038E679B387310C3DAF3D05D1A1436"
"exceptions.py","212F97528A70020B01786786614594E961C9471979DF960E37E47507EEB015AB"
"bot.py","1F87AAA66CA641095A3967659ACE005B3AC58739274E02AD400C8E82ECE98563"
"bot_archive.py","4767C9776032886C8502085108DF00683A0A34F9B3B28AC81C08B1B1D8F46B8D"
"bot_block.py","BD1ACC39E7B40CF6CC2DAB7BDE7B612DFF6B08AADC4C2D5299C24C342A6E5A57"
"bot_cache.py","D8803ACAC3EF44E74385598A5FFDA5F094392EC937BF63A5047ADEC40099DA55"
"bot_checkpoint.py","627854E38E0DB210C9464CEBAB10B909CFF5067B8082F1D81B2478DDFA4E7283"
"bot_comment.py","DF28E111482B2CC03CB7FCDFF1BCBADF9176155F426BA181EEA06129DBC61020"
"bot_delete.py","B7C7B89926B9C44D038ABFEED2B3AF06DEAB3B11F2CCE68984823BF4A14D00E1"
"bot_direct.py","9E873A909CD0355C964B266EDD90E1A3DDE2331656A3672719F6385EBF14A568"
"bot_filter.py","52587E9880A23665CAE689881C9C3AB8F8F3EEDDB44A3A0F2C14922A8DCC802A"
"bot_follow.py","2783DD18F57F127CFDCE096CC91AE07CA72405CD649BE324D51F2420A503C2CB"
"bot_get.py","5C8160977EF9CF355F4BD3F418EB22A1AFA1EABABF317AAF961D1C684276337A"
"bot_like.py","6086D32F28D41EDE85953D9FE647B644F6C303AA049A335929A09BBB52D9BCC1"
"bot_like_6dbb9223.py","6086D32F28D41EDE85953D9FE647B644F6C303AA049A335929A09BBB52D9BCC1"
"bot_photo.py","755907DE80FEA4E9F243450E5A61BC6CF3C6916F9D35EF2F9A6B644A4E341283"
"bot_state.py","B8610D998876069C48BCE6BB2FCCE254C2C5E9A92951D3B2FDAC3E11BBC89BD8"
"bot_stats.py","0CFF57553878C73DCF3005B5FE03ED6F4B1584B10384F7DD4CCA9AF33856DF0F"
"bot_story.py","7C7431BE70EE299BBA6825C3A9EE2EAEE72C4F5052395AA20D97AFE62D2E80E0"
"bot_support.py","F09D8FE7259095137B546245F523B76576509CED953C1A0A82A56F5905D8ADC8"
"bot_unfollow.py","A60F80B3C02995A1FFBC17FAEE48C2C9A243CF63D2853C96EE9BBD44F3F25E6A"
"bot_unlike.py","3A338F157BB52AD5713868BE915E89EC572E3B889FE6CB7A1847E111E278B265"
"bot_video.py","5430F9433EA390E54C232E0CEC03EE26C0DB90D6AB5242E30E40AEA1C91D0A35"
"interact_DM.py","10338EC5D484FB09BB3CAD8C18163AD93DDDE080E9380A1E8FCA8BFD26993B65"
"post_filter.py","63663C0DD8AE5647F55D96CBA11766177CB0BD51504255F87B9B6AD75874141D"
"session.db","01CAE0CC4EE9CF4C83AED8D5F56B2C75DCC370529CD161DC2B76C9EA0383BA54"
"collector.py","50EE3518AF6FDB41DECC4955F0B345EC4256263CC23B245A2EC737DFF62F3F32"
"__init__.py","E3B0C44298FC1C149AFBF4C8996FB92427AE41E4649B934CA495991B7852B855"
"_entry_queue.py","69D668CACE7234A2516E80839879126852881A303A3D96D7DF73611421E385CC"
"_unbounded_queue.py","6131593A1A043EB4E6C9BD0E7F6CD0085829FF1B1AEA050B87C569B3AB317D5E"
"_wakeup_socketpair.py","224AC465D8AAD5707CF2BA87DF8EDEBB4F11C925283CC29A0F39EFA1924FE9BE"
"__init__.py","E3B0C44298FC1C149AFBF4C8996FB92427AE41E4649B934CA495991B7852B855"
"bot_archive.py","4767C9776032886C8502085108DF00683A0A34F9B3B28AC81C08B1B1D8F46B8D"
"bot_block.py","BD1ACC39E7B40CF6CC2DAB7BDE7B612DFF6B08AADC4C2D5299C24C342A6E5A57"
"bot_cache.py","8CA6ED69381FFFA4D139B05C9795C5B3BB2708C4D5764E03D94BF0BC6923F7BB"
"bot_checkpoint.py","F894B64A46B0DDDD7C670EDA6EF83ED357B3A260359A92A0843D22A18D7466F9"
"bot_comment.py","D0298D8CA6D8A47771E6FA16AE83AF24D91914C224B7A4F7686904C01956594F"
"bot_delete.py","B7C7B89926B9C44D038ABFEED2B3AF06DEAB3B11F2CCE68984823BF4A14D00E1"
"bot_direct.py","9E873A909CD0355C964B266EDD90E1A3DDE2331656A3672719F6385EBF14A568"
"bot_filter.py","FEE5A5F8E447C02336D9A87C000787465148EDD55407E71580244086D6355A16"
"bot_follow.py","2783DD18F57F127CFDCE096CC91AE07CA72405CD649BE324D51F2420A503C2CB"
"bot_get.py","F6F9B148F5B143A55B24B98B39041622209DE76CCE97D75F82725D12FF9B5030"
"bot_like.py","6086D32F28D41EDE85953D9FE647B644F6C303AA049A335929A09BBB52D9BCC1"
"bot_photo.py","755907DE80FEA4E9F243450E5A61BC6CF3C6916F9D35EF2F9A6B644A4E341283"
"bot_state.py","7C5E68B9DD2C8A7B389DEDF3E959E604323561A38E63BDC7CCACE4582A6CC5EC"
"bot_stats.py","0CFF57553878C73DCF3005B5FE03ED6F4B1584B10384F7DD4CCA9AF33856DF0F"
"bot_story.py","379A8E68D7336DA7BF0D1CAD6B7607A958B272465DAB3E57713FAC34A9205024"
"bot_support.py","A76A3F7671D080F7EA50C240B498A12C17AB61400D9826369CA1D4A244649024"
"bot_unfollow.py","A60F80B3C02995A1FFBC17FAEE48C2C9A243CF63D2853C96EE9BBD44F3F25E6A"
"bot_unlike.py","3A338F157BB52AD5713868BE915E89EC572E3B889FE6CB7A1847E111E278B265"
"bot_video.py","5430F9433EA390E54C232E0CEC03EE26C0DB90D6AB5242E30E40AEA1C91D0A35"
"crawler_facebook.cpython-313.pyc","65B458F20D32B56C6EAF8E2AE4C9D917C085B5EB51B23AFB8295794CFF3D01F7"
"facebook_crawler.py","05CA12A7468206F83F6B673BB6CC76D22EC5017A06EB70DE014E4D28926E77DC"
"insta_dm_sender.py","3CE586D8FB8E3913CC81E4BC88BD71918BA3A24BB4971B83C6806EC8FAA9BB6C"
"uploader_instagram.py","5DB748015EE6AB783171D6599776961B8E62FCE2C41966145BC7EFBC0C433CA0"
"wf_instagram_scheduler.py","44BED3AFE3F70688E21B92B4749D3FFED4FA804DEB4C6E3B69349DDE83B12DBB"
".gitignore","E7C6BB30148CF667606DCD63E7CA77ACAA3CFB0C8303BF09E6419E1E1669DC6D"
"CACHEDIR.TAG","37DC88EF9A0ABEDDBE81053A6DD8FDFB13AFB613045EA1EB4A5C815A74A3BDE4"
"README.md","420E808D79A6C25D3CDA0AF33BC4782314A14949866682C68CE8149E89B66B70"
"nodeids","4F53CDA18C2BAA0C0354BB5F9A3ECBE5ED12AB4D8E11BA873C2F11161202B945"
"translate_google.py","F5EC70D9DB46277388C8AE8458E108A983D35BE04929E20D9A64E3F1EFD8649E"
"account_runner.cpython-310.pyc","66F2B50046A3A9CA232B6F8627056A7A761D7409F84757714C94AF4C353A701D"
"__init__.cpython-310.pyc","17102550E3BA236C73A8CA9BE0B65BCFFB8881498EDD09AC66DBA0265A2275B3"
"recovery_file_restorer.py","3E544F91586DC04C2805350E766C6C51D4AD5F2B8FA07FCD8FA017D574BDDCD6"
"gen_exports.py","9D2ED1C0D758151F17421D8ECA6A6D6DF5016EBE6DBDBA33B1AC5ACFB9E81AA4"
"gen_exports_1761c9be.py","68B3A33F7F947794C20CC68E8AA06B86C7F7A821912A1E3018CED312CD1D5A59"
"gen_exports_6.py","49A15B2DB5CB6C73638B5427E110024E812D9CBD80AB51570729A8D6B9604C01"
"summary_report_writer.py","614DA24A0F1BDDA08A8014997D304F72A09520ABF26990EA68C8C370F140F141"
"auto_backup_logtrace_6.py","F79D8E2892E851CB6B6A729063B1885991C8E5F9D4AB94CB3B3A530D30D6F88C"
"auto_send_gitlog_webhook_2.py","60947E97D92B1FCB8358DE55A57D89CEDF01A0E4AE96B0D893D0A5673953407B"
"build_scripts.py","AC69B43182FF62DEA1C00C5E7373DE6366591022F2089B5A08538BF156D824A6"
"create_release_package_2.py","277F35218D5D19CB995D7C6C853BAFC647648B310B65F78EDBF832EC73669E46"
"enerate_log_statistics_6.py","B8B4D21823C1090E58FB84EA50AB01E4DDB2E552FA6F7A0A4D2002184FBD968A"
"export_all_logtables.py","CF1F7673C34F438527C8FCE5081B16BC045A6826BB6E3B5EAD5D77F46CE93B1A"
"export_all_logtables_1.py","11B4E134630EC22B77DDB46E315FD4C12A0275B99B977F056F9106BBCA1C46CF"
"export_all_logtables_to_excel.py","C95A9976A7BF9DF19DD2E0491B728E51D97158FE2693D852F0C740E5B0D4998C"
"export_all_logtables_to_excel_1.py","2370112B293FCAE92814BA57E0E74640AAD3B2A42942127710FB3D33D2AA906A"
"export_all_logtables_to_excel_2.py","2370112B293FCAE92814BA57E0E74640AAD3B2A42942127710FB3D33D2AA906A"
"export_all_logtables_to_excel_3.py","2370112B293FCAE92814BA57E0E74640AAD3B2A42942127710FB3D33D2AA906A"
"export_all_logtables_to_excel_4.py","2370112B293FCAE92814BA57E0E74640AAD3B2A42942127710FB3D33D2AA906A"
"export_all_logtables_to_excel_5.py","2370112B293FCAE92814BA57E0E74640AAD3B2A42942127710FB3D33D2AA906A"
"export_all_logtables_to_excel_6.py","2370112B293FCAE92814BA57E0E74640AAD3B2A42942127710FB3D33D2AA906A"
"export_all_tables_with_datetime.py","2F8489B92A46E7622974CBD69782FEB1E1763649A0AD8A6D15732A2A3E3786B8"
"export_all_tables_with_datetime_1.py","C8FF14C48C130FD9F9F22A14ECF987211D2027EEF67F4A669BAED8DDEC3BE926"
"export_all_tables_with_datetime_2.py","C8FF14C48C130FD9F9F22A14ECF987211D2027EEF67F4A669BAED8DDEC3BE926"
"export_all_tables_with_datetime_3.py","C8FF14C48C130FD9F9F22A14ECF987211D2027EEF67F4A669BAED8DDEC3BE926"
"export_all_tables_with_datetime_4.py","C8FF14C48C130FD9F9F22A14ECF987211D2027EEF67F4A669BAED8DDEC3BE926"
"export_all_tables_with_datetime_5.py","C8FF14C48C130FD9F9F22A14ECF987211D2027EEF67F4A669BAED8DDEC3BE926"
"export_all_tables_with_datetime_6.py","C8FF14C48C130FD9F9F22A14ECF987211D2027EEF67F4A669BAED8DDEC3BE926"
"export_all_table_row_counts.py","20970206F884EB6A57F4A5BE8BEBC035A7BCF9631AE7939C0EA815E3A5E8AB44"
"export_all_table_row_counts_1.py","1CFCE21B0A1DC2627F50F09BCEAA3A82F974269E59E9A29B387CCE693D729867"
"export_all_table_row_counts_2.py","1CFCE21B0A1DC2627F50F09BCEAA3A82F974269E59E9A29B387CCE693D729867"
"export_all_table_row_counts_3.py","1CFCE21B0A1DC2627F50F09BCEAA3A82F974269E59E9A29B387CCE693D729867"
"export_all_table_row_counts_4.py","1CFCE21B0A1DC2627F50F09BCEAA3A82F974269E59E9A29B387CCE693D729867"
"export_all_table_row_counts_5.py","1CFCE21B0A1DC2627F50F09BCEAA3A82F974269E59E9A29B387CCE693D729867"
"export_all_table_row_counts_6.py","1CFCE21B0A1DC2627F50F09BCEAA3A82F974269E59E9A29B387CCE693D729867"
"export_command_log.py","4B1EA3EFB5DAA5AAF25C4E65FBD251C4EFF6163CB484F3D420362FBB07933850"
"export_command_log_1.py","B908019D8DCC51F2E211E56F060B14CD5124C6BDD7D61A20180A41A08A6A6960"
"export_command_log_2.py","B908019D8DCC51F2E211E56F060B14CD5124C6BDD7D61A20180A41A08A6A6960"
"export_command_log_3.py","B908019D8DCC51F2E211E56F060B14CD5124C6BDD7D61A20180A41A08A6A6960"
"export_command_log_4.py","B908019D8DCC51F2E211E56F060B14CD5124C6BDD7D61A20180A41A08A6A6960"
"export_command_log_5.py","B908019D8DCC51F2E211E56F060B14CD5124C6BDD7D61A20180A41A08A6A6960"
"export_command_log_6.py","B908019D8DCC51F2E211E56F060B14CD5124C6BDD7D61A20180A41A08A6A6960"
"export_db_schema_to_csv.py","BB73978ADC9A22ADC64F7914A946B7788A8EE10C27C7D5E5D6025DA8AA3F79E0"
"export_db_snapshot_excel.py","D5A279FCB16E904FD5C9683EAEB91ECF1599B42D1B828F95F7B8B6CF98DCDF43"
"export_disk_log.py","540B77B79034A043A4B9BB6461628CDCB556851FABBF80E6B6BAF94B2F24AA53"
"export_disk_log_1.py","C87E5DF57DBBF1F5ADFA500B3AC81CCAC33D5225037F33BEDCE0CB12E53FA2B6"
"export_disk_log_2.py","C87E5DF57DBBF1F5ADFA500B3AC81CCAC33D5225037F33BEDCE0CB12E53FA2B6"
"export_disk_log_3.py","C87E5DF57DBBF1F5ADFA500B3AC81CCAC33D5225037F33BEDCE0CB12E53FA2B6"
"export_disk_log_4.py","C87E5DF57DBBF1F5ADFA500B3AC81CCAC33D5225037F33BEDCE0CB12E53FA2B6"
"export_disk_log_5.py","C87E5DF57DBBF1F5ADFA500B3AC81CCAC33D5225037F33BEDCE0CB12E53FA2B6"
"export_disk_log_6.py","C87E5DF57DBBF1F5ADFA500B3AC81CCAC33D5225037F33BEDCE0CB12E53FA2B6"
"export_env_log.py","EA13C3C7FAA1758CFDC35BFC9764BED2EDA8371C928CB1DE9B522015FA17FA5B"
"export_env_log_1.py","E5F2D211C2B0DFA8D70151874A54AE6DB410B18D595944106691824EA93F94A4"
"export_env_log_2.py","E5F2D211C2B0DFA8D70151874A54AE6DB410B18D595944106691824EA93F94A4"
"export_env_log_3.py","E5F2D211C2B0DFA8D70151874A54AE6DB410B18D595944106691824EA93F94A4"
"export_env_log_4.py","E5F2D211C2B0DFA8D70151874A54AE6DB410B18D595944106691824EA93F94A4"
"export_env_log_5.py","E5F2D211C2B0DFA8D70151874A54AE6DB410B18D595944106691824EA93F94A4"
"export_env_log_6.py","E5F2D211C2B0DFA8D70151874A54AE6DB410B18D595944106691824EA93F94A4"
"export_feedback_log.py","8521F8711209720998E92D72320988B93CAD49B3162C098E1B1253875A8CBDE4"
"export_feedback_log_1.py","FDD78005587AFD83E42ABC7F4F704269903F2575704383F9AE7138D03C470658"
"export_git_commits_to_csv.py","0014FC3DD57247704C92E89F01EC76E7ECC10EE0C7B7B97705E7E3A5C21D5C54"
"export_hook_logs_to_csv.py","E7B724A1B99F3F79D595B5CDDD73F0523546F716099004F44B9B0D8CB7260C6C"
"export_hook_logs_to_csv_1.py","159FBB9AC59BB8246DE6112080F8187F2A5FC4F7FE72AB5123347A70DE0099D1"
"export_hook_logs_to_csv_2.py","159FBB9AC59BB8246DE6112080F8187F2A5FC4F7FE72AB5123347A70DE0099D1"
"export_hook_logs_to_csv_3.py","159FBB9AC59BB8246DE6112080F8187F2A5FC4F7FE72AB5123347A70DE0099D1"
"export_hook_logs_to_csv_4.py","159FBB9AC59BB8246DE6112080F8187F2A5FC4F7FE72AB5123347A70DE0099D1"
"export_hook_logs_to_csv_5.py","159FBB9AC59BB8246DE6112080F8187F2A5FC4F7FE72AB5123347A70DE0099D1"
"export_hook_logs_to_csv_6.py","159FBB9AC59BB8246DE6112080F8187F2A5FC4F7FE72AB5123347A70DE0099D1"
"export_logtrace.py","5EA2039DE1BE3DE96FD7582F49553D26B158C7FD7C85E0D97597387763AF18CC"
"export_logtrace_1.py","0446D25228E9D8769F4C4BCC9D62D4E1FFAD4489F26F013E68C017C0587B09A3"
"export_logtrace_2.py","9C5636FAE1E99DC5BA27C594AF2FFA650BDEBA71F552E7640D918A2041A00FEF"
"export_logtrace_3.py","0446D25228E9D8769F4C4BCC9D62D4E1FFAD4489F26F013E68C017C0587B09A3"
"export_logtrace_4.py","9C5636FAE1E99DC5BA27C594AF2FFA650BDEBA71F552E7640D918A2041A00FEF"
"export_logtrace_5.py","0446D25228E9D8769F4C4BCC9D62D4E1FFAD4489F26F013E68C017C0587B09A3"
"export_logtrace_6.py","9C5636FAE1E99DC5BA27C594AF2FFA650BDEBA71F552E7640D918A2041A00FEF"
"export_logtrace_table.py","2D89236499463E78DC64F21343BF11532A5803B3813BFC343DA297EAE24CE585"
"export_logtrace_table_1.py","E9C120BC0854BDF308FFFB0A860297F98CF452E8ECA16220FD2CCAAF2D30906F"
"export_logtrace_to_csv.py","B1B4EEB3F44DB6EEC1E6BA968C17B31DF9F7FEB7963F0331021B901B895D45E9"
"export_logtrace_to_csv_1.py","55207B10D76A8F498D2BFAC80A378309C4081F1EB0D20031D0AE7E1946318D7E"
"export_logtrace_to_csv_2.py","55207B10D76A8F498D2BFAC80A378309C4081F1EB0D20031D0AE7E1946318D7E"
"export_logtrace_to_csv_3.py","55207B10D76A8F498D2BFAC80A378309C4081F1EB0D20031D0AE7E1946318D7E"
"export_logtrace_to_csv_4.py","55207B10D76A8F498D2BFAC80A378309C4081F1EB0D20031D0AE7E1946318D7E"
"export_logtrace_to_csv_5.py","55207B10D76A8F498D2BFAC80A378309C4081F1EB0D20031D0AE7E1946318D7E"
"export_logtrace_to_csv_6.py","55207B10D76A8F498D2BFAC80A378309C4081F1EB0D20031D0AE7E1946318D7E"
"export_logtrace_to_csv_with_datetime.py","2B3B00742E3DDDBEF24E3015B17E1FDD7917DB5FE131509477549A07282CA4BF"
"export_logtrace_to_csv_with_datetime_1.py","9E5ED0AF5D0B12C19AE12CF2EB3EA18AEF4155C5FDF23A7374CA5CDC7206DDCB"
"export_logtrace_to_csv_with_datetime_2.py","9E5ED0AF5D0B12C19AE12CF2EB3EA18AEF4155C5FDF23A7374CA5CDC7206DDCB"
"export_logtrace_to_csv_with_datetime_3.py","9E5ED0AF5D0B12C19AE12CF2EB3EA18AEF4155C5FDF23A7374CA5CDC7206DDCB"
"export_logtrace_to_csv_with_datetime_4.py","9E5ED0AF5D0B12C19AE12CF2EB3EA18AEF4155C5FDF23A7374CA5CDC7206DDCB"
"export_logtrace_to_csv_with_datetime_5.py","9E5ED0AF5D0B12C19AE12CF2EB3EA18AEF4155C5FDF23A7374CA5CDC7206DDCB"
"export_logtrace_to_csv_with_datetime_6.py","9E5ED0AF5D0B12C19AE12CF2EB3EA18AEF4155C5FDF23A7374CA5CDC7206DDCB"
"export_logtrace_to_excel.py","4360E53C323675B56951036CC0DF7FDEB41BCBEC99451FC47A28D7FA9D3CD3C9"
"export_logtrace_to_excel_1.py","FC0941B2B2B72256E8137C7D18331F8546FE48529A0DDC3FC6ACAB9059A4FC94"
"export_logtrace_to_excel_2.py","FC0941B2B2B72256E8137C7D18331F8546FE48529A0DDC3FC6ACAB9059A4FC94"
"export_logtrace_to_excel_3.py","FC0941B2B2B72256E8137C7D18331F8546FE48529A0DDC3FC6ACAB9059A4FC94"
"export_logtrace_to_excel_4.py","FC0941B2B2B72256E8137C7D18331F8546FE48529A0DDC3FC6ACAB9059A4FC94"
"export_logtrace_to_excel_5.py","FC0941B2B2B72256E8137C7D18331F8546FE48529A0DDC3FC6ACAB9059A4FC94"
"export_logtrace_to_excel_6.py","FC0941B2B2B72256E8137C7D18331F8546FE48529A0DDC3FC6ACAB9059A4FC94"
"export_logtrace_to_excel_with_datetime.py","B73989F78D0C05790043182BEA9879CEC2A6F0F3C2A74562ACC9BA74392CEDD7"
"export_logtrace_to_excel_with_datetime_1.py","F9ED3E0D75825067E959E35FBAE15F7AEBDCD14FC0A721F7D2650219B4B3E725"
"export_logtrace_to_excel_with_datetime_2.py","F9ED3E0D75825067E959E35FBAE15F7AEBDCD14FC0A721F7D2650219B4B3E725"
"export_logtrace_to_excel_with_datetime_3.py","F9ED3E0D75825067E959E35FBAE15F7AEBDCD14FC0A721F7D2650219B4B3E725"
"export_logtrace_to_excel_with_datetime_4.py","F9ED3E0D75825067E959E35FBAE15F7AEBDCD14FC0A721F7D2650219B4B3E725"
"export_logtrace_to_excel_with_datetime_5.py","F9ED3E0D75825067E959E35FBAE15F7AEBDCD14FC0A721F7D2650219B4B3E725"
"export_logtrace_to_excel_with_datetime_6.py","F9ED3E0D75825067E959E35FBAE15F7AEBDCD14FC0A721F7D2650219B4B3E725"
"export_logtrace_with_datetime.py","2B3B00742E3DDDBEF24E3015B17E1FDD7917DB5FE131509477549A07282CA4BF"
"export_logtrace_with_datetime_1.py","9E5ED0AF5D0B12C19AE12CF2EB3EA18AEF4155C5FDF23A7374CA5CDC7206DDCB"
"export_logtrace_with_datetime_2.py","9E5ED0AF5D0B12C19AE12CF2EB3EA18AEF4155C5FDF23A7374CA5CDC7206DDCB"
"export_logtrace_with_datetime_3.py","9E5ED0AF5D0B12C19AE12CF2EB3EA18AEF4155C5FDF23A7374CA5CDC7206DDCB"
"export_logtrace_with_datetime_4.py","9E5ED0AF5D0B12C19AE12CF2EB3EA18AEF4155C5FDF23A7374CA5CDC7206DDCB"
"export_logtrace_with_datetime_5.py","9E5ED0AF5D0B12C19AE12CF2EB3EA18AEF4155C5FDF23A7374CA5CDC7206DDCB"
"export_logtrace_with_datetime_6.py","9E5ED0AF5D0B12C19AE12CF2EB3EA18AEF4155C5FDF23A7374CA5CDC7206DDCB"
"export_logtrace_with_datetime_csv.py","D6F47A06BB0EE836DDAAFDC94ED21B5CEC002C515A1FF85F6FEC612EE13DE530"
"export_logtrace_with_datetime_csv_1.py","BF180E2DA45CB5A243EADC39742E5D6F65480A47EBA50493C5A26FE712681485"
"export_logtrace_with_datetime_csv_2.py","BF180E2DA45CB5A243EADC39742E5D6F65480A47EBA50493C5A26FE712681485"
"export_logtrace_with_datetime_csv_3.py","BF180E2DA45CB5A243EADC39742E5D6F65480A47EBA50493C5A26FE712681485"
"export_logtrace_with_datetime_csv_4.py","BF180E2DA45CB5A243EADC39742E5D6F65480A47EBA50493C5A26FE712681485"
"export_logtrace_with_datetime_csv_5.py","BF180E2DA45CB5A243EADC39742E5D6F65480A47EBA50493C5A26FE712681485"
"export_logtrace_with_datetime_csv_6.py","BF180E2DA45CB5A243EADC39742E5D6F65480A47EBA50493C5A26FE712681485"
"export_logtrace_with_os_path.py","D6F47A06BB0EE836DDAAFDC94ED21B5CEC002C515A1FF85F6FEC612EE13DE530"
"export_logtrace_with_os_path_1.py","BF180E2DA45CB5A243EADC39742E5D6F65480A47EBA50493C5A26FE712681485"
"export_logtrace_with_os_path_2.py","BF180E2DA45CB5A243EADC39742E5D6F65480A47EBA50493C5A26FE712681485"
"export_logtrace_with_os_path_3.py","BF180E2DA45CB5A243EADC39742E5D6F65480A47EBA50493C5A26FE712681485"
"export_logtrace_with_os_path_4.py","BF180E2DA45CB5A243EADC39742E5D6F65480A47EBA50493C5A26FE712681485"
"export_logtrace_with_os_path_5.py","BF180E2DA45CB5A243EADC39742E5D6F65480A47EBA50493C5A26FE712681485"
"export_logtrace_with_os_path_6.py","BF180E2DA45CB5A243EADC39742E5D6F65480A47EBA50493C5A26FE712681485"
"export_log_summary.py","3DEF8654342A9ACB99FE71A4765F12BFC98D1D1B74500F3BCC902F70E01B035D"
"export_log_summary_1.py","4B900E6B5C91610F20689F85843C23FBD1645C388A0D4144516B44D894708275"
"export_log_summary_2.py","4B900E6B5C91610F20689F85843C23FBD1645C388A0D4144516B44D894708275"
"export_log_summary_csv_with_datetime.py","D44520568C1D5F051B210B163F92B923344B69B11458E67D418CE7B429326786"
"export_log_summary_csv_with_datetime_1.py","033F772330CEC6855714DC69D94BB4DA93BEBF91317830C16B72CAD42FC3B108"
"export_log_summary_csv_with_datetime_2.py","033F772330CEC6855714DC69D94BB4DA93BEBF91317830C16B72CAD42FC3B108"
"export_log_summary_csv_with_datetime_3.py","033F772330CEC6855714DC69D94BB4DA93BEBF91317830C16B72CAD42FC3B108"
"export_log_summary_csv_with_datetime_4.py","033F772330CEC6855714DC69D94BB4DA93BEBF91317830C16B72CAD42FC3B108"
"export_log_summary_csv_with_datetime_5.py","033F772330CEC6855714DC69D94BB4DA93BEBF91317830C16B72CAD42FC3B108"
"export_log_summary_csv_with_datetime_6.py","033F772330CEC6855714DC69D94BB4DA93BEBF91317830C16B72CAD42FC3B108"
"export_network_log.py","9CD831736DF93A233BDDCD03405BB5F6DCAC507A1FEEFD6A85744DE42B31D763"
"export_network_log_1.py","1ACB912910EB1D320DEA2B2B29B8815106754B549931ACED9483F190E51CD693"
"export_network_log_2.py","1ACB912910EB1D320DEA2B2B29B8815106754B549931ACED9483F190E51CD693"
"export_network_log_3.py","1ACB912910EB1D320DEA2B2B29B8815106754B549931ACED9483F190E51CD693"
"export_network_log_4.py","1ACB912910EB1D320DEA2B2B29B8815106754B549931ACED9483F190E51CD693"
"export_network_log_5.py","1ACB912910EB1D320DEA2B2B29B8815106754B549931ACED9483F190E51CD693"
"export_network_log_6.py","1ACB912910EB1D320DEA2B2B29B8815106754B549931ACED9483F190E51CD693"
"export_session_log.py","6D74AE0B9901607F3EF5D51FF2FCA8ADE44E3E638DE42325DD80389691A6B380"
"export_session_log_1.py","4C9522C7993144C1F77A03420293A2BC68A60FC9DCCB6D6AC5278583F14656DA"
"export_session_log_2.py","4C9522C7993144C1F77A03420293A2BC68A60FC9DCCB6D6AC5278583F14656DA"
"export_session_log_3.py","4C9522C7993144C1F77A03420293A2BC68A60FC9DCCB6D6AC5278583F14656DA"
"export_session_log_4.py","4C9522C7993144C1F77A03420293A2BC68A60FC9DCCB6D6AC5278583F14656DA"
"export_session_log_5.py","4C9522C7993144C1F77A03420293A2BC68A60FC9DCCB6D6AC5278583F14656DA"
"export_session_log_6.py","4C9522C7993144C1F77A03420293A2BC68A60FC9DCCB6D6AC5278583F14656DA"
"export_session_qasummary.py","BCEC3CE948C2780EF9490E8EADDC953B45AA8B32BC590AC2A3D96B263B13FEF7"
"export_session_results_to_csv.py","42406A72BE875F2B7AFE6582B4FD105538150BE831870FCE426B796935F46BFA"
"export_session_results_to_csv_1.py","D2CEAB193CAF7E7BB42BEB3666253B879795D653AC809B4A64453F0294BC0B67"
"export_session_results_to_csv_2.py","D2CEAB193CAF7E7BB42BEB3666253B879795D653AC809B4A64453F0294BC0B67"
"export_session_results_to_csv_3.py","D2CEAB193CAF7E7BB42BEB3666253B879795D653AC809B4A64453F0294BC0B67"
"export_session_results_to_csv_4.py","D2CEAB193CAF7E7BB42BEB3666253B879795D653AC809B4A64453F0294BC0B67"
"export_session_results_to_csv_5.py","D2CEAB193CAF7E7BB42BEB3666253B879795D653AC809B4A64453F0294BC0B67"
"export_session_results_to_csv_6.py","D2CEAB193CAF7E7BB42BEB3666253B879795D653AC809B4A64453F0294BC0B67"
"export_session_results_to_csv_with_datetime.py","01E25F030518BA467DF8D6E8F40EA374D269EB78690D7F0885787BC25D9F85D1"
"export_session_results_to_csv_with_datetime_1.py","5495A003EBDBC1BD5A64F9EF6116A6872513F73DC9E722AC22FF4868444231F6"
"export_session_results_to_csv_with_datetime_2.py","5495A003EBDBC1BD5A64F9EF6116A6872513F73DC9E722AC22FF4868444231F6"
"export_session_results_to_csv_with_datetime_3.py","5495A003EBDBC1BD5A64F9EF6116A6872513F73DC9E722AC22FF4868444231F6"
"export_session_results_to_csv_with_datetime_4.py","5495A003EBDBC1BD5A64F9EF6116A6872513F73DC9E722AC22FF4868444231F6"
"export_session_results_to_csv_with_datetime_5.py","5495A003EBDBC1BD5A64F9EF6116A6872513F73DC9E722AC22FF4868444231F6"
"export_session_results_to_csv_with_datetime_6.py","5495A003EBDBC1BD5A64F9EF6116A6872513F73DC9E722AC22FF4868444231F6"
"export_session_results_with_datetime.py","3BB37BCABD832E3B074C4D086F4860059CB39CF9484A31ED82AA2F65FE8AA793"
"export_session_results_with_datetime_1.py","8A8ABB2D53667611847D8CDB028C1105B370C678373111F3258285D7264BCB09"
"export_session_results_with_datetime_2.py","8A8ABB2D53667611847D8CDB028C1105B370C678373111F3258285D7264BCB09"
"export_session_results_with_datetime_3.py","8A8ABB2D53667611847D8CDB028C1105B370C678373111F3258285D7264BCB09"
"export_session_results_with_datetime_4.py","8A8ABB2D53667611847D8CDB028C1105B370C678373111F3258285D7264BCB09"
"export_session_results_with_datetime_5.py","8A8ABB2D53667611847D8CDB028C1105B370C678373111F3258285D7264BCB09"
"export_session_results_with_datetime_6.py","8A8ABB2D53667611847D8CDB028C1105B370C678373111F3258285D7264BCB09"
"export_session_results_with_datetime_excel.py","5A0F8DC6AE59D665046548FECC1B4A8ACAD7B10DABB1CD9553E58936D8FE103A"
"export_session_results_with_datetime_excel_1.py","ED9ABAB8A16CBFE399A1A361397B16E7878C2AC6693711F3BB911DBBD4F0FC8A"
"export_session_results_with_datetime_excel_2.py","ED9ABAB8A16CBFE399A1A361397B16E7878C2AC6693711F3BB911DBBD4F0FC8A"
"export_session_results_with_datetime_excel_3.py","ED9ABAB8A16CBFE399A1A361397B16E7878C2AC6693711F3BB911DBBD4F0FC8A"
"export_session_results_with_datetime_excel_4.py","ED9ABAB8A16CBFE399A1A361397B16E7878C2AC6693711F3BB911DBBD4F0FC8A"
"export_session_results_with_datetime_excel_5.py","ED9ABAB8A16CBFE399A1A361397B16E7878C2AC6693711F3BB911DBBD4F0FC8A"
"export_session_results_with_datetime_excel_6.py","ED9ABAB8A16CBFE399A1A361397B16E7878C2AC6693711F3BB911DBBD4F0FC8A"
"generate_log_statistics_6.py","42196DDAF82E210126F9C9D1001BF4A60994C422F764275F3BCDEFC0C490D0BD"
"generate_log_summary_5.py","A0AE85C6873033F065E7EBA8DFA45282705A7C1C29EEFF320649C5D61792ADD4"
"generate_log_summary_6.py","F7076FD5055A0164DA96BA0D2F745C545A38707050A0976760AE418B4DAFAE31"
"generate_manuals_2.py","E319A23CF6B7421EEB4B10D432A2595B08DC04E46FFBEE5CF65E769279C59065"
"generate_operational_plan_2.py","DF96A73D3EF95B1418CA486753C3E9E912B882F5ECD1218A287185A6A876107C"
"generate_qa_review_2.py","C0524E45B173C4BE8FD8DD8FEEC9BF7E90218074D554B4369351858F3046EDA9"
"generate_readme_5.py","11DF1769E0E6C453FCA2E9857C9D718A505AC1B1CF7F892B2A83725D3C75BA5B"
"generate_release_info_2.py","7500FBEED90B6CC13C3D8D447158F9BC2AC3C45865D4F1AF493BC6A608B5A28B"
"insert_function_log.py","0731141602367F5B72C55D00F7F8BC7B797DA7281D9C89A5F03F4CFD3A44FEE0"
"inspect_db_schema_6.py","258B9690B1DAD9BB3269F6F2072BBC4CB89C3FAE0F362952CB58BD36822E59C6"
"inspect_users_table_2.py","825DB7272CAF3687DFD65F1ED9ACBC14E9AF6B2493042CE908B8C94BE8E65096"
"install_scripts.py","8288B8BBCBEE998BCF4412FDDA7035B8495F3C4A0CEB24FE0AF32A34DF03BD10"
"install_scripts_1.py","7090990AF7FB4FF4C55859BCD78B0DAC99D45A99B305172533E6CE00BFE63FF0"
"log_final_run_check_2.py","32483FEC97C3B4FD8FFE7C67F1AD3AB09E6247BEC65EF51C4E7A7461BD196552"
"scripts.py","32DB0ED1EF249FB6DF238D722459E667673C89CB6A63F558D76FB4E59C72292A"
"send_email_report_1.py","6082766E12EE39D637B07C019740372E16E1F086D607FC5F5729D89AE5555706"
"send_log_webhook_2.py","6455EC345063887374AB03CF62392F1368B9BD7A3E841A4BCBB210A7F9EFC9E8"
"send_summary_email_1.py","5A0C33002B02B8FB3CC9EF8968A22B5893A1DEF02BDFF998D50044D70B3465EB"
"upgrade_users_add_role_2.py","140F455DF40076D4B2B56BE346823EB65ED47AD09584DBC0F3E269A1A674C130"
"verify_session_integrity_6.py","85231FDA8749BD0B5289CD31A5E5114C336C504D68A0FD1051A463D1647FE008"
"zip_log_exports_6.py","F3E62ED3F4F67BB15A882AD56207E2FA1FA2C7152893E8D3D3A4C0BF52442BA3"
"_export_format_8fa3e61b_6.py","612A277783EEE28490F804E0DF80A75E079A8C2009F207B2789B46094C59C5EF"
"test_account_runner.py","38AAD412CABBABD0678AC48FB916DCA3A54FC48A61CB83FB4DE8DA424306967A"
"test_account_runner_log_coverage.py","3FB94AEFFA626D02C2910F61E563E2E4530FE15B8882AB34BBB5C763455DE8E3"
"test_api.py","0510A13080336E67D774C6A9BF0CF2117E7029AED8DC9A79B24F75DFEC5C3632"
"test_auto_generate_tests.py","024266D4CAC8AFEE246296D4405FCC2F39AE1CE3D1640632B3A2E81C23AFF76E"
"test_cfg_local.py","3EECD2BF7E238AC235421E5E4D897DA0A449013C309425086E6E30182A816E30"
"test_entry_queue.py","2EC0131754BD544437689D43D8B6E9C15B1E37A6A9CE40C39D66758DF9C5DF6C"
"test_insta_dm_sender.py","285560FBC9826B9F20BEEAD2D07F4809228AB5EC9E9B8E0F94B08C1F3F26547D"
"test_log_trace.py","05C3F1403BFF429839DFDECAD293137CC34A6DCB0935C11860A01DFBCEE8F44D"
"test_pprint_util_custom.py","909941FE7B154AECB2AB20072B27A7360DD5737E86A69838290C52946F1B6C15"
"test_six_util_custom.py","D40AA4385BBB6EE3C4E3CD535174040082D812A9C7FC154E7F58FCBDDFCFA1C3"
"test_ssl_handler.py","CFE8F5C839E0122DDE4153465D2D4F5BEDA90423763F6BC684ECB91359F0F180"
"test_task_queue_mgr.py","28D773231F15A4B462AA980209666638FC5F65EC8FED68C31C5F231F27E219D3"
"test_unbounded_queue.py","6E5CBA56F872ABC3E68B469D62E99CDF5F3DEE549F8D92EAFA745A3F60889AA3"
"test_uploader_instagram.py","79800FE498A6285E91FF0E7094BB5303F5F6A6A92A4D23886AA7472B0A4832F4"
"__init__.py","E3B0C44298FC1C149AFBF4C8996FB92427AE41E4649B934CA495991B7852B855"
".gitignore","E7C6BB30148CF667606DCD63E7CA77ACAA3CFB0C8303BF09E6419E1E1669DC6D"
"CACHEDIR.TAG","37DC88EF9A0ABEDDBE81053A6DD8FDFB13AFB613045EA1EB4A5C815A74A3BDE4"
"README.md","420E808D79A6C25D3CDA0AF33BC4782314A14949866682C68CE8149E89B66B70"
"lastfailed","44136FA355B3678A1146AD16F7E8649E94FB4FC21FE77E8310C060F61CAAFF8A"
"nodeids","726F925E45C0E78CDA3C4E448D85459FCCAECB4CD25037107260BE06E81960D2"
"test_account_runner.py","8F9B957FE69C4A99B619F60CCDDE969593263FA15CBFDF14D5ACF570E6145989"
"test_api.py","F8057A8317A0BE666F8E9FED1D080062163982B7D7C0FA3742D280BFC9DA66C3"
"test_auto_generate_tests.py","6CA181A46CDA086D4258FF13D1ED8D6CA659B3A0E947537A005419EFD683A836"
"test_cfg_local.py","0D7907F87F7749002395ED0762845A73BFC82F1D9DB0A34E3A0D3E3A02AB7D9F"
"test_empty.py","67FD2C545D4D7E06EA81BF0C3E26D834E589947BEED7FBA2C72C22E93C0E4727"
"test_log_trace.py","71AE45A8CBC26A4FC803D222912DA9A381CE7B0ADE9AE1341E81CECFA57FF57F"
"test_pprint_util_custom.py","7D52433CC7387DCCDFE7614F6365E3CA677913308ABEC527C1F4CC02D551CE22"
"test_sample.py","BF3AD4D8552B9F2F660C454D02CC740D7902E77140BD2F0362BB135490608F6D"
"test_six_util_custom.py","103D3FB7244E77CA6F2B48DF3B06356492EF55E8C0486B2CA8446596EB1231F1"
"test_ssl_handler.py","8990155027E884D07627AE5F7B16A370B287339E1F19A73E83F8AF2B8FE1A78A"
"test_task_queue_mgr.py","D74EC0FFFCBF5F2BFE6D29C355EACA1073AD33D1564BAD37D3FBDC0BE1F31FCB"
"test_account_runner.cpython-310-pytest-8.4.1.pyc","4382296F9A7D6F51F53563449599D1FC24DA127B302C5A75A464EEF2D469D98A"
"test_api.cpython-310-pytest-8.4.1.pyc","B052770CD4433E399A58B850ED666C65E0206CAF18C65DF1C63048A2FFE4F972"
"test_auto_generate_tests.cpython-310-pytest-8.4.1.pyc","41590C7EB5672FC86E1590C12621ABFF2947F3526391D80488A4D7D3BBA1B75E"
"test_cfg_local.cpython-310-pytest-8.4.1.pyc","D5609E43072DEDB93C65EEC83C821549E974B45C0E83CB89484895FB66783251"
"test_log_trace.cpython-310-pytest-8.4.1.pyc","9CEB7F545919E00E5A53C403376AEE7F74DB79270DF3B8E203293C1C376034E5"
"test_pprint_util_custom.cpython-310-pytest-8.4.1.pyc","870FEE466A12781F1C9EC7F63EF6916A4BE849CDC865DB93FF0D4FDC38C53A9F"
"test_six_util_custom.cpython-310-pytest-8.4.1.pyc","464E2E050C444B526CC5AC461BA283856BFE4103C90DA8313026D79BB3A6BB5B"
"test_ssl_handler.cpython-310-pytest-8.4.1.pyc","763C0CF51610BED80B79A8A7C2EA1D135EF42379DFACE83C3BFCA63F5A701786"
"test_task_queue_mgr.cpython-310-pytest-8.4.1.pyc","32DE5FC6FCCD92108217D8A16586835809FFCF83832C5ED81BEFD17BCAC97461"
"test_account_runner.cpython-310-pytest-8.4.1.pyc","E78EF1E32758778CF180318C4AF6F306CA17975AF0F67941F46BABDDB196B9C4"
"test_account_runner_log_coverage.cpython-310-pytest-8.4.1.pyc","DBADC331E966A7C13CFC4759524869CAAEB68CD1DE5CCA2305BCC85334926C9F"
"test_api.cpython-310-pytest-8.4.1.pyc","B782507227F3213189D27CFFA5005C4BCDE99D8E9D8236591E2E9FDA86CEE15E"
"test_auto_generate_tests.cpython-310-pytest-8.4.1.pyc","3181047AE9056DA663DF015C0456B5D4F02876488454F8AFB0E0A5F18ABBE8A6"
"test_cfg_local.cpython-310-pytest-8.4.1.pyc","12B32167C35FF6F1ABBF06D47E30B40E2064F92D6ADF22997B27043C759CCAFC"
"test_entry_queue.cpython-310-pytest-8.4.1.pyc","BF359ECCCEA8EA84EFD97B943854EAD5FECDA8F644783D23886030FF8C8174AF"
"test_entry_queue_advanced.cpython-310-pytest-8.4.1.pyc","3E8B9FE3E56D3A5340D3302EFFE2F01A3C59D308C60F742CFE43230CF53280C3"
"test_facebook_crawler.cpython-310-pytest-8.4.1.pyc","17490E38940133720D90D0A07EAA6ACD5177032578B292905DF008C02339B0E4"
"test_insta_dm_sender.cpython-310-pytest-8.4.1.pyc","1AF2A62496F2B2DE3A4304ADEBFDEF87AE1161DA3935D005713839F199AD79BB"
"test_log_trace.cpython-310-pytest-8.4.1.pyc","18AA193D7A2FC1E4A963C32C31C273746392932099219116F3347CF19773D0DD"
"test_main_features.cpython-310-pytest-8.4.1.pyc","9264CDDD59A97AFBC98862FF8841EED591267CB8303825DB3DFEABB7C5C81127"
"test_pprint_util_custom.cpython-310-pytest-8.4.1.pyc","0EA15A917453AC41E165D540BFBB2849FAD51DA6D3E6E88D4721AC1DEFE89291"
"test_six_util_custom.cpython-310-pytest-8.4.1.pyc","6E2A0BA6F7BDFEBB5F2509E5544ABE338E5B68880E4525BB87884C719134EC77"
"test_ssl_handler.cpython-310-pytest-8.4.1.pyc","28EE2DF36534E91E2C8B87D3BD9CB0020999CDB58C1F07163A973F8BD122D9E4"
"test_task_queue_mgr.cpython-310-pytest-8.4.1.pyc","AB228D38E79C569E6FFC072BC3FBFF9F40B6F5024676A01B87571BF35E0DB81F"
"test_unbounded_queue.cpython-310-pytest-8.4.1.pyc","398F6A6F6192B612D170EBBDE98269039C118908A1238C4785BD026F29645362"
"test_uploader_instagram.cpython-310-pytest-8.4.1.pyc","0D3B63C9D3B92049DBF7430A35698372B4147B0F9E707DB216B178DFCB4B11C9"
"__init__.cpython-310.pyc","C71B2C627BEBBB7FD1D0133B65D67DD9C15B8610C3E2D10E5FC835AD457EA5A1"
".pylintrc","9E90ADE1D2A79202724170B63997EBCCBDD4EC18E71A54DFCB3BE2ED492AB861"
"add_docstrings_auto.py","4CC8C4B43DA428283A7B37E7549624A48A59119C1E1ACDC7F61C9445BCB0B21D"
"analyze_missing_usage.py","CC9F8B5ACB6C7D974ED3BBC68193CA94C729634B7B4853FAF874AD92C9D66B04"
"analyze_pylint_report.py","B84333CF240AB0A245486BD2934D2DB741993545B2AD331A2FE0961DBA68A9A7"
"auto_generate_tests.py","67EE197DD6060CEDBCA16113AF851661AFAB96F5752675840E07FEE77CB2BE6F"
"ci_verify_integrity.py","16CA437E9FFD42AA8E7CC48C6E649D26F99A3406B83DD59D683BC80C880C82F9"
"diff_hashlist.py","E85B507DF71017EB41907C4FEB1CAE5AFCD273202A4FE8E63249955000D81464"
"filter_needed_files.py","2E14060064A96AB096D490B996CFBC05F16709BE7A42A3087EB55DFEC71A179A"
"fix_e0001_indent_errors.py","14456C1D8042BA3F4291DA26A84A30E79F4F308AD372E329B82831DC0DEFC994"
"fix_import_errors.py","3EDAFDBB19D4E90BCED8B1F19853B46418271137061A2880C25D311FDB7E4CCA"
"generate_fingerprint.py","9590E4A5C5F9B3935F5E58E24545BEC4071899395E30D001517A861D7FACEB2C"
"generate_master_hash.py","0867671458CE5EDB02A0C508B3B9BCFD1783ABD1062DDE1675F4D73D5E14B727"
"hash_verify.py","8FAC791D1E5F8A83589E67F7785EF4C11E80798E58728D93BBA46D8811B3321D"
"layout_sim.py","8122DAA13BCB9F17276B50CF9A442B0B0E586E36687BFA7EFBA122403D03627B"
"module_trace_auto_recovery.py","B34DD0E9650E1F61A383B920ECC4CF541A7C3FB8390C3E34377A9E5F08FC2ED1"
"needed_files_by_name.py","F8AF11A774511FB2BEC9368299C91CA0ABD6F1EFC20DDC339EE1D4B4BED5E0C8"
"needed_files_from_imports.py","8563844ABA65C269EC2B86A68BAF205DCE4B7D02D8075D65EC27C2B022EDB36D"
"parse_functions.py","11A5BF53C973E7B04A530AF0C8245F0BB1208BBBAD4519936556CE99D023FEE6"
"remove_bom_normalize.py","22A192C551431C1DA41A65B907963A1F6658F77530884D8A2944CDC695A50E79"
"scan_tree.py","0AADC0799284553E8E9E6658E72FD0B9BF70AEF9B42617197EDBC46098E785F1"
"test_safety_checker.py","FF40C01D5AA7C5482AF0F091724A1CB8CBF5361EED3C6F826822E693947EBE11"
"tree_checker.py","07C26DDC42D1E64A97BEC94CBC0EDFC1CC06830796D9039FBCD667FD9D8BC3AC"
"sha256_integrity_mastertree.py","F23AA5C0E13DE396DFDEB87DC4C33DE4843F9E762A868C682B32464314472376"
"verify_integrity_and_identify_unnecessary.py","4FCBBFE9D1B4980764F93D03CA6130CA68A1E2B0D528E752B5B93564C68F3B5E"
"sqldiff.exe","F82611C8FE09CBE8EA9405E8A45342E50B2B08290412B11B2EF9ACB06292B69A"
"sqlite3.exe","05B5783917C39417B5DB3B3BCDD66B2EFFDF0BD764350EBAEFC032804B825597"
"sqlite3_analyzer.exe","2907E288DAF41F4FDEE8C5CF0B99A24177ABBC7F3B215BB4F8E0A8EFB3C3A02C"
"auto_generate_tests.py","426BC3A46B64E4EC3B785E13B0DE52CB286F08602465A7C877EFC6A8BCE6CDA8"
"dashboard_full_tabs.py","B3DC3442CE718966280C907532461269B6F0FDD93C03409E0D7926FAADE6CD40"
"env_loader.py","28F589A60C6D02147165EED166FA76F4C91503DCD7D44B19FF4C083FA0FD3BA7"
"env_loader.cpython-310.pyc","9B47D50B9BFC0080333F1D895CF607ADD284C66E86B783C7C08645F84A9CD8CB"
"check_and_insert_log.py","47BDB18A1B188131D3FADC55B69141FA6841155FD22779B075155229C6731271"
"check_and_insert_log_2.py","7287ECC11CE66E70F1B2AA66AAB20BBCE75E36F784AC951AB179FDA1E68A2608"
"check_command_log.py","667BA27FA040D960B1589E411B61C495822A9064E3A23545CF05114B29F1AAA5"
"check_command_log_6.py","9087A0A858F5A3031BD0FD0EDD2750917883D112E8263B43DB8BD6D2F0AE1B0D"
"check_conflicting_modules.py","3EC2EBADF422D75894A07F28C27FD26A7DDE26E0686811BC2EC3F4237A701655"
"check_disk_log.py","7E8E67A029F28283C9E3EE029FC41131ED6E028546577184167B6BC46C8BA63F"
"check_disk_log_6.py","2FFEA636B3980506D3557D3B054D7400DCE6DDAF72698276A0B6614C258B9713"
"check_env_log.py","3798541D4525146F4E50FC8AFE0FF39F01134B371EAD6F50D692D0623BB6D084"
"check_env_log_6.py","3ABA8D96F4360D164A5870036A45179B13696A18D84488EA0722FD58056288F3"
"check_network_log.py","0B1B0C5D2A4E2300A3F87E18C1C2B93CA6555080E974B8DE0C4C98FFB1D2D4A6"
"check_network_log_6.py","24234C9D6E5E451D9AE79AB35AF050BFD4E9F66FFF83352EE4E46005A6E483DE"
"check_run_ready.py","B0B14CC4B236DF3D0D3046537528621892813A8B26F896D6EAF229707CF48477"
"check_session_log.py","ACC0A806A7CFF9C535E7CA24AFACB6D061CEE2F9339EE06C75A989E3641D6056"
"check_session_log_6.py","C8EE9E5859E452B27EA9B822EF1DED23D5495ED0FE78A98FD11FBE10C28B61A1"
"check_type_completeness.py","A2E1C3A5879E512ED0AE36A947B6FAE600588452F895446C3BF4E28E4AB534FA"
"check_wraps.py","60BFDA3C49E0DFBA4AF37530057BF90B48574021ABCF66B37BFB9D30A7F8DB47"
"check_wt07_status.py","F8BE615D426B557C7A67BCD645B11BD3F0FEFC22C934A6BB9C2CC30682538B92"
"check_wt07_status_6.py","C4D7DFB1A5A3D4A66314F0DA86F6836BC3D17CD45D6BB26FD66B2360950106A3"
"pyvenv.cfg","D61C8E17757FF9A706E61D21DE8E6E3072065B4020B6755339529C7BE3F6BE50"
"cfgv.py","93E12054038576EFA5999C4E4391353470F7C95C4CB3B3D70C0CC813D5600809"
"decorator.py","690F0ECDCF842B6EB1053397551E40FBC4B3831F7DFDB85A7B165218D9F7F187"
"distutils-precedence.pth","2638CE9E2500E572A5E0DE7FAED6661EB569D1B696FCBA07B0DD223DA5F5D224"
"nodeenv.py","5469C29B3F50047D6EC6D76FA1FB7347EC46E100DB89A4CC0B50085B29A4A6A6"
"numpy-2.2.6-cp310-cp310-win_amd64.whl","E3B0C44298FC1C149AFBF4C8996FB92427AE41E4649B934CA495991B7852B855"
"py.py","B71675B5D9845BA0814E9E88767F88DAC3B3CC0D3128DA028BD45EDBB523E871"
"pytest-cov.pth","F47446A60FDF5905E84E7D7C892BAF92F8D5A3226D0DA1599B9C014EAB6C7DDB"
"socks.py","C4E627DBBB7D206ADB4C1CD6B1452E3DAD1806EA6582253293390E0795798856"
"sockshandler.py","D926068FEA70B7592380BA19026C9E6845C27990D64667D54BF406EA412B1AD6"
"typing_extensions.py","161D25B79642827CECEEDC808473807CBD19AFCDBD298531891E78DC2970560C"
"_cffi_backend.cp310-win_amd64.pyd","4F1CE205C2BE986C9D38B951B6BCB6045EB363E06DACC069A41941F80BE9068C"
"py.typed","E3B0C44298FC1C149AFBF4C8996FB92427AE41E4649B934CA495991B7852B855"
"test_cases.py","CC7157E84A5C31B189F05CC16036CEE7A6CFC31FC360855229B64CFB8077FE58"
"__init__.py","4729CBB112941062342A2997C9D943D5F6447C4CD6C03A345289F7CCE2A11B54"
"test_cases.cpython-310.pyc","FD76A6E0F6B77D0B564235CE6D8FD9BDA8F0F40E1084E5CF642434144F2E2DDB"
"__init__.cpython-310.pyc","BD5958A8BD8345C3B7DE40D370CA940A6FDD1F9ADD3BC9CFD50CAF17E56656A7"
"INSTALLER","CEEBAE7B8927A3227E5303CF5E0F1F7B34BB542AD7250AC03FBCDE36EC2F1508"
"METADATA","EE5B6AC64B09274C026051813484025939564067801F485115D9CADC207CF791"
"RECORD","6EB134C3D1487CBBA6D4B7D279A6D55E455A6EE86649933024D5DEC50BC345EE"
"WHEEL","CC431C46BF4AAF4DF1D68CC6C20E6FF4D4012A7DE49DDA7A2D2A1295583E8E15"
"LICENSE","FE1049884B1A0D9342901E88E07F32925D24B3121D9972B6A6805FB9824B095D"
"codegen.py","953A9D25630AE04009D70C43C365D1F8C2F21C99AF6D5D7F43940B8FD9DA13F8"
"code_gen.py","D0A02299FC95F2920F5D0C7AB3F3723D25D1840C4C2D65DB08F110B824E9C5A7"
"file_util.py","0444EC29883C5222A864DB304648ABCCF4995A092EE35751CD90BB4F95F7FC5E"
"node_util.py","58458C50C49F1ED2F0831E789CC91CD803CB579EF788E3E1A8F6A0E2021B8554"
"op_util.py","18672062A6B70C53806A84ADED34EEE3A55485ED49D7774ED78F924134574582"
"rtrip.py","025BD0BEC52E519F33C6F445A5617F16CBF8F8D92C3C1DB7AEF5644EB92F79FF"
"source_repr.py","D658F88DA924ADC183468A3E0484590ECCD0F20BA475E2D1FDF9AF1AA06B3FE5"
"string_repr.py","61E0BF0D578825D3C496A8E0CF384F161790B33FD08CC116FD22CE0C5BC4B080"
"tree_walk.py","7C96B0E781A04E0E0D4D124B5519765D29DF14E1BD19D8CE52523A64284B39BF"
"VERSION","AAF6721DC37C40B4233ACCFC081F25776FF3BD1D2A4B9D5CEA760D1C2CF86665"
"__init__.py","0BDAE61F8BFD2BBA64224DDE0EE55186A3B9C142EDDC1E36728A4D26C130F2BC"
"codegen.cpython-310.pyc","2454790A9D7D966CAC492798F7F3DC672EEDA7A9A64034B7CA3597AC6C26E0A4"
"code_gen.cpython-310.pyc","25B1B7545F7A4352D46FFD9465C4A997BBF2E6E6D0950734BB108CE20F2EB6F3"
"file_util.cpython-310.pyc","B2127202E87A5190B8DF977A707B4626893C51729432C53F4A8B25BF1B9D8D54"
"node_util.cpython-310.pyc","5F0284BAE5C196F0404350D77C1AD9070EE8E8074ADA281779CA84EF72D05E3A"
"op_util.cpython-310.pyc","D15C178B0019696E6F2C3FAC56C09ACD23E4EC642DED59BEDC26D0D6696B1F17"
"rtrip.cpython-310.pyc","CE3F568D57B50C944FEDC77B7C444BAB83674D535375A7704DE25007511FA42F"
"source_repr.cpython-310.pyc","2BD2B8D3138B79740AE5644B9070E8BBE67C5A6607AF41308AE0634FAB3CD4EB"
"string_repr.cpython-310.pyc","14FD178F30E0EF3BE8E0220C63F4392DE2CB7916596F0901385CB4D9F6568F27"
"tree_walk.cpython-310.pyc","1B811DDEF2EFB1230884D1DC55DC274399E96E37EA515F5F3C787CA33DEC9454"
"__init__.cpython-310.pyc","278CB542A78CED86054523A29371BE13737C1800F72CFFA4CB459F70F7D465C2"
"AUTHORS","772E4C40830837163BF586DA451D7D0BF08D0201DEDED72EBC44ACEF2A712907"
"INSTALLER","CEEBAE7B8927A3227E5303CF5E0F1F7B34BB542AD7250AC03FBCDE36EC2F1508"
"LICENSE","CE41EAFC2EFC018D9C7C96A1C779668246C77DB11A139E3889F347F464A61B9D"
"METADATA","D271FFF9DCC3D2D3D9501E07B39A3E38E12E21DF65B5E5442D03C8E611B4A0AA"
"RECORD","0386F3BB8A4AE82525E7689605E21BD45A06D2FA68AEBC5E5F97898612C405D1"
"REQUESTED","E3B0C44298FC1C149AFBF4C8996FB92427AE41E4649B934CA495991B7852B855"
"top_level.txt","339C5FADB88BF7E10894E6F58764FCB3A8056D5DDBF406F0808D00473691C9A6"
"WHEEL","F3335865BC10497A01F487D73A33DF78DC2F02C00B0237DF824DBB16ABC259BA"
"zip-safe","01BA4719C80B6FE911B091A7C05124B64EEECE964E09C058EF8F9805DACA546B"
"converters.py","1A50DE3B33DE4C581E0412DB8FD1B9EC4CF994093AF2E85200B45827F7B17BCE"
"converters.pyi","A2B5366DF7FE56341ADA4303CAF9CC415EF7A094F6591C90BB0E19475CA6D5B1"
"exceptions.py","1D116AE22C9B9AFEFE0DC670CA397A3357AE33661E2552BF845C6E6811809E02"
"exceptions.pyi","CD9ABC6C2527280CBD983B41130E366613E1014207A1329E7434089C90FCF373"
"filters.py","64188A58BA774742DF099B2AED7D75A67F565FC36C952DB05CCE23B272CE19CF"
"filters.pyi","DC9E411BE753C65B41935FFE46E351507AEFDAABB5BFCBF868334043BFE689F0"
"py.typed","E3B0C44298FC1C149AFBF4C8996FB92427AE41E4649B934CA495991B7852B855"
"setters.py","E7E75C4FADC640ADF938D1334A07D70A46C1EE93E4691FAABF5E669B83D54B34"
"setters.pyi","367564685535041E0907C13826E5F2AF34D482FB4CA63F29DF005D258EEE8B1E"
"validators.py","59A0751CB0071EA4475ACAEFFCAF47FAC27B1128A5DC7DC29AFD9DF13B55671E"
"validators.pyi","B365A128FAAC9316EC72425F2A4F333AEB81D3CF067E0A72C5C09848D14BA8D5"
"_cmp.py","DCD9F54E3C659546225FF9C9A159C4917A0393484CD4360A8F90C4EC665EE22D"
"_cmp.pyi","53EFD153F5193B23D4110CD713A44C61041C8E4651636E704C7F7DB0DD2CECC3"
"_compat.py","E219576D685D0E34020CAE85285D448276773CE88782DA69E78A84D27C5A1878"
"_config.py","746AB7C51E9F819105E9406DFCBD13F9E507201E22E37911987D0FDBCB09570F"
"_funcs.py","E7EB54289B69DE1E44979E4470397A1965C5A7AF1F4FC0FC53BB8244DEB8F7B2"
"_make.py","94150F3E6C6203505E1F307A3A51E808487EFAD56F335A335CEF1E5CE6BA8387"
"_next_gen.py","EC54646ED97F374D7B4AE0617FF570DE6C36736A46661B4218ECDA760CFBB69E"
"_typing_compat.pyi","5C33F9E13527F992A10FAD9339079B9B3AF0172A268540A8191A5C95BE9A9510"
"_version_info.py","7B14AA6F76F913E7CC4AC819025130F5770BA448286CF391099A5C68482500CE"
"_version_info.pyi","C7F3372F75AE07BAFF50B5C05A3C7DE7DB9D290E072C1F25FA1B1CD450C636F9"
"__init__.py","7CE608BEDD5E192A90ADEE2E092DEC256299D26C00B82F140FAA9B6B9392F7F5"
"__init__.pyi","4085E79C73E8B9C9835A46E936C5933FE7202756E7F257BB0E3C916BFC1875EC"
"converters.cpython-310.pyc","2592119721250DB4771622813369A460BA1D1D387C0FA5FE7E69626E208B0C74"
"exceptions.cpython-310.pyc","E8AE00F2FEC23D1D40727B8195B1FF4D2D91CE7A81D65B2182332512391FDE7E"
"filters.cpython-310.pyc","7014391D2A9F23D94A83484E77AE307D7F6F5D6AAF2BF13FB206C40808C66EBE"
"setters.cpython-310.pyc","24AEC0D6D3717F070A137FAC100640B34B6E27B852FB5940179AAD44035D74FE"
"validators.cpython-310.pyc","B3CB6908BAAE140AD57CF7AECB6C8B359BA5BD7F4AFA51FFC32EBDCF010E597B"
"_cmp.cpython-310.pyc","D2F1EEE319929312720E08D94C80A4BF2A40D3C9514688A4A07C07F7F7C61839"
"_compat.cpython-310.pyc","EA3945017FE28730C91AFFFD1019765F4BE78A370384A2C08EB685043DD7428F"
"_config.cpython-310.pyc","DC29D8CB5D0FE963344603FEC8E343ED813F6D0CA9AF35C3765EB6B3087DA059"
"_funcs.cpython-310.pyc","338E442EA618C57867E39ECA9CB2827750AE9D1E14A651FF72DA0D5EF5A440A5"
"_make.cpython-310.pyc","8F91AD4EEDE9FF2C11DFA909E2C388EBCC9314F9F7601D8F33EA09506577A7E8"
"_next_gen.cpython-310.pyc","C53B8C2DD696AC0591BE1CB11C0F76A4CA961C4669A4131BF1C2082BED211184"
"_version_info.cpython-310.pyc","C05E5AB49116CEB1FC31E7ED8A55D24E1894C02E00855015B15701D67B5EE6BB"
"__init__.cpython-310.pyc","5749ADE745F99E1B22D967F94D6A31F01A9A19BC54A6EC8EBDB32217B479EF73"
"converters.py","F244258EB5707D24D1BBC20DC0493C488D1E1ABCE659FB6C4FBACCD04AB2A213"
"exceptions.py","0020829A0D7DFAF0C56833D8F6F165D7DF523D709030DFDB10DB380C02E3CE6B"
"filters.py","54E50C66E83DB8453A754B80D1D1758C89D42B43CBDDF2E03F45414B977E0831"
"py.typed","E3B0C44298FC1C149AFBF4C8996FB92427AE41E4649B934CA495991B7852B855"
"setters.py","78BD5889D6105774F687DFD2608652651D4501C1C66F54EE093CB41342EFD925"
"validators.py","C5CCBAC03E53B5391D086D5FE1759BA1C3D23B47DA06393921F5497CFE92523D"
"__init__.py","A9E4096783B4F327334A7F38D2FF5B60E699C9113CD56B158BE402AD8DE4AC25"
"__init__.pyi","9D99889E872333BB47578010C34BF13BF7E8EA82632FF3E89E557DCCA296F036"
"converters.cpython-310.pyc","2169D893CD3D73408AFC29190F8EC076601D31A529F2AAE1A59272E0B6B17F36"
"exceptions.cpython-310.pyc","B74473EF9DD732EEA7662E9177D31C2801DF7AF27DD074E3611ADCAB31C8CF6A"
"filters.cpython-310.pyc","24BC3679CCA7743C0DC4659E9FADB64F0191A729A1AD8567501EAD770B45046F"
"setters.cpython-310.pyc","D3EAB9AF5048C961D2DD179AA120E21F7CE47B83E10F90AD668395774F5F8ED5"
"validators.cpython-310.pyc","2371D57FBD6C958DCE7D4E1D349D51F0DA4AF5E3F19E10D60F35AB9009C3962F"
"__init__.cpython-310.pyc","4AA6123F9AE2734EF7F697A3B8C5D7938D3FBFD0D3AABC1DC392E989BC933ABB"
"INSTALLER","CEEBAE7B8927A3227E5303CF5E0F1F7B34BB542AD7250AC03FBCDE36EC2F1508"
"METADATA","5B7F1C4448FBB35C2A35FD5F838855C1998BD7187401D4A9E0886D4CC44E8A7C"
"RECORD","34544275F194833C43A25E1FBDEB5E4A558F1BDE4A1FAD2874C8F6896D3686EB"
"WHEEL","AAD0B0A12256807936D52D4A6F88A1773236AE527564A688BAB4E3FE780E8724"
"LICENSE","882115C95DFC2AF1EEB6714F8EC6D5CBCABF667CAFF8729F42420DA63F714E9F"
"py.typed","E3B0C44298FC1C149AFBF4C8996FB92427AE41E4649B934CA495991B7852B855"
"runner.py","D0EB28D0365A8EAFAAF056049E87FCF9A73813B0D1386F3DE14BEC3914C687C7"
"runner.pyi","594893819F231AEA7DF56FFA3C4D61265FD7BD868776D0216EC199D6F179F0BF"
"tasks.py","F745BDA79002EA4A98D5C2D19A6648BA7568E72525011523ED2D55BECEFA9FFE"
"_int_to_enum.py","C09F842A0177595644F9EC10C8E7A078E6988C10BC5CE6A9650A11A72814D99A"
"_patch.py","3F3800B8A6E43616A912B4A76033776B4EC22254D5B4A791A8D288F1E40E5B75"
"__init__.py","93F1DED0E4CB56A46602F2F6D237EC2C2EB87355698C22A56C81ACE58876DA84"
"runner.cpython-310.pyc","CF5A95952D6BFB37430AA1D8A29E1F4C693E09962FCDD802E92651F0A4C6B0E7"
"tasks.cpython-310.pyc","388B10891B7F3B76C2F0C56EEDD6F5D7B471E248531EFE6AC3A0BAAC1B8B2FD9"
"_int_to_enum.cpython-310.pyc","F6987EB5584E9E845EAABB13FE565024F01C685D3A01A3EE3B84506AB768F6CB"
"_patch.cpython-310.pyc","1A548BDA469611A79C69826D608E1B94F992E8E1D7308AFD6F233365DCCAC1FE"
"__init__.cpython-310.pyc","F25B0F9599866784A318CA515245ED835224182EB8356F5478732056C90380B4"
"INSTALLER","CEEBAE7B8927A3227E5303CF5E0F1F7B34BB542AD7250AC03FBCDE36EC2F1508"
"METADATA","7912C24D0BA6F14A483A43F7BA9CA54EB420D50B20AF7F847A859E1FDD6D3058"
"RECORD","A4A322A33E9CCEC01863FD40A5D03802CF129F64D011AFA7CF0A7106BA19B250"
"WHEEL","AAD0B0A12256807936D52D4A6F88A1773236AE527564A688BAB4E3FE780E8724"
"LICENSE.md","42DC7ABEFF3B548860A23773AFB6495785FD9DE86BD6C1C16E3BFE76715B78F0"
"cacert.pem","9102E6A3644A071BA6CDBD4A53698F291C4A64B18450A08BC046548B6DB5CC8B"
"core.py","5C55F2727746E697F7EDAC9E17C377D8752E0DA7ECCA191531B3B80403D61DAD"
"py.typed","E3B0C44298FC1C149AFBF4C8996FB92427AE41E4649B934CA495991B7852B855"
"__init__.py","D1AE6BA3829361EA77ECEA3467C4F27023D768394E12DBEE8F6A4D599FF5B7C6"
"__main__.py","C410688FDD394D45812D118034E71FEE88BA7BEDDD30FE1C1281BD3B232CD758"
"core.cpython-310.pyc","56F89F7135810EB319D8C13870EFB7A646CC0DB66B0FE136846041A3BA6C3BC1"
"__init__.cpython-310.pyc","E3B879244D3D5CA37054C9F056C10A60C8931242EF0C69C4842E96CF5CC415EA"
"__main__.cpython-310.pyc","7B1F11389639D2BED1284596BBED55C7F3583B85FC2299D107B8906EDFB9DF5D"
"INSTALLER","CEEBAE7B8927A3227E5303CF5E0F1F7B34BB542AD7250AC03FBCDE36EC2F1508"
"METADATA","CF8B06DDFA2C6CFDE7BE2B9BFD352949BEF5CF46CF9ACA775DAE9921AB4651EE"
"RECORD","739AC660CF3BB7BEBCE2D0067C9FA5FA5C9D9805C86908A10613BE9F22DA39F8"
"top_level.txt","28CBB8BD409FB232EB90F6D235D81D7A44BEA552730402453BFFE723C345EBE5"
"WHEEL","FF309DDCDD65EBD02BC724DBF2BCC4A0FF53A5B61792A44548D383E4EBB19D3B"
"LICENSE","E93716DA6B9C0D5A4A1DF60FE695B370F0695603D21F6F83F053E42CFC10CAF7"
"api.py","6A506FEA1650923A66669941A6175A467DA53CEF7E08E46CFCCEE2C5A6EF6562"
"backend_ctypes.py","879648CCB73A0455579C6C9CF713EA656512EEA1B2EF21520EA5DEEBC49AF33E"
"cffi_opcode.py","243579974474FCE69D057FEE13BC4F3D362D31D9A9A7C23D51877A6AFEDA8835"
"commontypes.py","ECDEB33ED08596FC57316847574F29B148DD6082B65E0B0DDF2A39760B9AFEFE"
"cparser.py","D2A237984CD948D55C09A9E0A325CEA0070BF9186940BD3C786F3BF7C4F4DB8B"
"error.py","BFAC53892E14D24BC3732E21FC10D1A39BF7F5942E8FE20C4582EFE444DD759B"
"ffiplatform.py","6AFC458DD8A460626812D9893BB7B0566C06FD511597A119FD668D859602AAFE"
"lock.py","97D4D37703083298BA8C39091A742013D72F4C847B0809ED209AFC1061EDDE96"
"model.py","5B7D14150644EF78CBE4CC7937CD584FBEEEB365B68898D39B45D87E7C33D5C8"
"parse_c_type.h","39DC107F033D92DABABE5081E377B11509B10C1B63D8C04D74AF0B625D79B63C"
"pkgconfig.py","2CFD70EEF996BE62B0CAA2DA535676E3714E58635032B80C519AEF805B8E95CA"
"recompiler.py","B229B84E6EE56A6B76267F2ECCA374C0C629E8E0C1CA4DE0EE87F8EFE87D2C3E"
"setuptools_ext.py","F9E6E3EFD94EDBF0141FE91171A8DADA9298D59FF9B65A06C2C260CCAF0FDC27"
"vengine_cpy.py","F146A04FA6443997FA0E3BBBFC27CDBA5B9EF029EC1CB133258867A94868174E"
"vengine_gen.py","0D494422B0E25629F53E7867D6C7E86A69D2E4D2EA7C970E76146879235E2518"
"verifier.py","A17F23A5AA21836426DDA1DCCE789D01DBEB566E4DE2C4181B46B7128E66225E"
"_cffi_errors.h","CD05EDEEE47F9BC8145BE7C8DA1260D0AA129091705EFF111949040D9D7BEDD4"
"_cffi_include.h","131866826F6ACC75B35A2BE37D37B40FB5E9E2B3D4915C5D36EC0684C4CCCDBC"
"_embedding.h","1032B0E50ACBBD0A1EDEEA2C5C1DC7D713D54D8C6C9F7DDE577038DF3B00FC5C"
"_imp_emulation.py","4714441BCCC06C8D913C6070C3DD2EFF97E2F2C59D6A1A5D8A93A83F3929EC2D"
"_shimmed_dist_utils.py","0638F6C26F3265BBC5BD6131E4011F9AA6AA6726458587E8C8B2D01E45D9B9AA"
"__init__.py","1FAB7F79BBDAE84787A54B88B452D6D606D1A7DE1E6513493832DA58A75BC752"
"api.cpython-310.pyc","1CD2E2C26A303F409CF36A8D0F96897DF929D991043B44D5748907053FEB2973"
"backend_ctypes.cpython-310.pyc","4717099471BAEAAE9FF56F285D49C1AA26838CAD5D5042F5DECB29A8A1D0EEC1"
"cffi_opcode.cpython-310.pyc","4F7F781BC4633D2ADDA00BCB07CB9B7307F3B04B23B5A667886A0C5AF2EC8B59"
"commontypes.cpython-310.pyc","66C39DAD6F05E634D15D459E5CA9EE4DAE8CD4F5C8322E8BC12F23FCF1386F82"
"cparser.cpython-310.pyc","44F60F16CE96F57D722668C8088E2B9A9C795F2869897A7D1ABA0FE6BF6361C8"
"error.cpython-310.pyc","2C951ACB3B9CDA43FC64F616A14AE9261028C1F6FE3984181DF0445A4D8126B6"
"ffiplatform.cpython-310.pyc","4A0B5E7FDACA1E6F0B0016B9004435B3876FCBDC8A9A2883C0E09EAEBC603B6A"
"lock.cpython-310.pyc","38A07B6C86A23743CA7213762BDEF07160FE058C1D47CEF8992CD40555013534"
"model.cpython-310.pyc","D4881ACEE7A96B269C6E892F87A55D7F1967236A850BA3801070592429BE35A1"
"pkgconfig.cpython-310.pyc","959EF6DD5579EF68E977DA3848A80196167070F98E28657E190FBD313D60E80A"
"recompiler.cpython-310.pyc","A8BCEFD440F05ACBCA8A0E7FAC2B8BF4CC5603109E8E93FCEF6A6B9298C29B40"
"setuptools_ext.cpython-310.pyc","8E74068CFE1AAFC432BD8820698D46E1A169B8ED33F044C03BD55574F8EA9561"
"vengine_cpy.cpython-310.pyc","630666899B8A710679DBA75BE4232BC505E5D3409433FE3808368AA60947901B"
"vengine_gen.cpython-310.pyc","A1DFAC7EC7CDCC9A7C1436843559219BF7D1739FC7AB6B7D89842C0B5308F191"
"verifier.cpython-310.pyc","F29F6CB62998D9A054723A8B5ED922EFF922A787A3B6A66367E7EE2605007BC6"
"_imp_emulation.cpython-310.pyc","39F48536122061AFAC629BE199DC0F2D9EABEA22271FF69DEA4D7D5343C36CB5"
"_shimmed_dist_utils.cpython-310.pyc","35D5B8F710B23AF0860752A4F393B4484BA5263924706FF58D5CF1D56DA96880"
"__init__.cpython-310.pyc","F9B24C02A7F84320F4B1FC5905A70C1934CDA024B089FA71DB2626CCB225D75A"
"entry_points.txt","CBA8D3C67C9EB8B9CBF9725C0EFF2E30BDE7EB0C98886460F0C4E9FD0189F47A"
"INSTALLER","CEEBAE7B8927A3227E5303CF5E0F1F7B34BB542AD7250AC03FBCDE36EC2F1508"
"LICENSE","04B80F5B077BBED68808CFEBADEB5E3523F2A8C9A96495C587BD96DF1EAC2A33"
"METADATA","6AF26BBE8FA450DC7A897244699563197372E36412F987E334774975E8819457"
"RECORD","CDF18908FEEF7EF296F1334DE46D3F9A4066A14ED8A4551365756893FACB492E"
"top_level.txt","AC4ED6477AD97CD2B1588F7E8E7EA1B0708097B303901F859AE41BC568C57A14"
"WHEEL","9F414430C2F2F6A1E186DC899918226099886C96616FD95283258CC70B8240F4"
"INSTALLER","CEEBAE7B8927A3227E5303CF5E0F1F7B34BB542AD7250AC03FBCDE36EC2F1508"
"LICENSE","01FC3F8031A672B3F5D7D8AC262E432F3EA812809F5697D6BC5B270BF6446561"
"METADATA","6E49C5E7942B5B4E740D6E78065462170FB68438276901E16E3A0D4B526F317C"
"RECORD","4CFA5EBFDE70936C8DADBB5127D85339A23E0ADFE956D8BEBB8B41E7FB439123"
"top_level.txt","07FA04B4144823710D317D4EAE5445AA953888EE0E5C2EFF9E286550E6222B67"
"WHEEL","6DBD8EB7DB1C7251CA30E2C310763A076B227163A0BA08C529A26C4FBBF0310A"
"api.py","D9AD29D869E16DDA3D3BA0B4E023714D2376DDF21B80E176D27C5BD2958F3453"
"cd.py","BAAF2757146947A1AE735E800AF396B4BF0A3B7C3BBD868287C8478ACB8EC938"
"constant.py","982266633A41536ED4B7D9223565A805B861C50F9A455C372BB2D2C281700462"
"legacy.py","3602BEF1941AFCCF451E042374D4A263331A077DF6406B8495949F09FDB2DAC4"
"md.cp310-win_amd64.pyd","9D507C310A0BDF36C7FD3C299244F92D5BE23313FBF9955D27ABCEF83D2AD3A4"
"md.py","2D2B96DA13605D2805EC919D45AA4B0072EE8FAA4004788FF392D3340626BBB7"
"md__mypyc.cp310-win_amd64.pyd","9FD377BB57EDC3EA259E9EF977CD2EB86F87FACD128EB93435AC26E8ABA47007"
"models.py","651D8F13E7EA7FA7404997EA744E548649ABD28D4C72249D5CE8EE36AC249AF8"
"py.typed","E3B0C44298FC1C149AFBF4C8996FB92427AE41E4649B934CA495991B7852B855"
"utils.py","5ED58841E3AECFB72719E6CCCF28B856F8B526D03CE1005221E47D3C3CC5EE9C"
"version.py","C2DA72519ECCE7BAC22DC94FDD08F3443D0D8F686F9CC3B32D923EBF07D3756B"
"__init__.py","D0D4FC3078BB48AAB78EE32A61F39DAE4CE38AC2B42FBDE59DE3471F8A9A500B"
"__main__.py","DAC8FF052E87D2C536E42D5B32ACFD0D5C1AEA438AF657214846D253EFE2BBB3"
"__init__.py","77D314C7ED55FEA0F7C7D8A0232E094F8A02E42534CA3BA593B4326567911618"
"__main__.py","FA97490B23F2C28B8FC85B02F3F7934A04E6BE1D5812F823B2FCB5599D178DA0"
"__init__.cpython-310.pyc","9C7B8A62BEB9CA27132D618FDAF8368C797B3EDFCEE697202E76F9A7EE43A1C9"
"__main__.cpython-310.pyc","D56270C78803286EC3AC159C85D1DFB4270A0269E1312DF5010F6E1FC1FD7EA5"
"api.cpython-310.pyc","C689DDA0176F25316FE952526F5FB4168391B0AF96C56581CEBE14A9937582AB"
"cd.cpython-310.pyc","9CC6B16765F1A2249C6FD26451AD7968F35CA44396FF93E8E8CD00751DA36627"
"constant.cpython-310.pyc","713B38C3839385CFB38053A80BC7C4E82EFE196F92A7AA6EA8E457854BEF996F"
"legacy.cpython-310.pyc","1AA497D419367F064B0F1E1458524693E896A5231576183A108975943BBE5E6E"
"md.cpython-310.pyc","F842EA66ED856DD903F33DEDDC44D3B2AF03D278F0ACFCC34C6F7C8C837228BA"
"models.cpython-310.pyc","43307CAA59A33EAAD2E2DA171F198D1F9E4E61C1957F63ECAABFCCAE3CC3E7E2"
"utils.cpython-310.pyc","5CC94059B6B0D6ED6F8F613E573E72FF2007FF3F0E02BE88E0CF5E95ED14EF3A"
"version.cpython-310.pyc","42AEF9826D717C8579EB260900DFC6F7B02F359464AC98F4ED987B79CF14D1CF"
"__init__.cpython-310.pyc","7328330FE8F94EAA1A01428FCCE64FE993E2CA807723224400765738C1BDF469"
"__main__.cpython-310.pyc","FAABCB14EAD45407D8ADD82AA9D8E3465092C28C0BD4835FEA25877491A8EA4B"
"entry_points.txt","F02F98DE25C87F25D0F374E98ABD81F2DF972C9629C45E716DBDFC77F8ECFA1E"
"INSTALLER","CEEBAE7B8927A3227E5303CF5E0F1F7B34BB542AD7250AC03FBCDE36EC2F1508"
"METADATA","5A778D37297D42FB11658CCAD457840BA5B06A0E22205A130287AF3E0A591536"
"RECORD","BCE55C953E71C5CC77B192DDB5DD4EDF2769BEEE53F8383FB7E08E768C66B76C"
"top_level.txt","EC04B2CDE3EBF3FC6E65626C9EA263201B7257CBE1128D30042BF530F4518B74"
"WHEEL","015BB50DABE558F0B2A6A5FCB01439F0D2EF22651A3BD470D7AB7B8486A4D29C"
"LICENSE","18577485D3704F1A479DED8E573C0976CFED315FD2FD17983FA988DA4C2F70D1"
"ansi.py","4E8A7811E12E69074159DB5E28C11C18E4DE29E175F50F96A3FEBF0A3E643B34"
"ansitowin32.py","BCF3586B73996F18DBB85C9A568D139A19B2D4567594A3160A74FBA1D5E922D9"
"initialise.py","FA1227CBCE82957A37F62C61E624827D421AD9FFE1FDB80A4435BB82AB3E28B5"
"win32.py","61038AC0C4F0B4605BB18E1D2F91D84EFC1378FF70210ADAE4CBCF35D769C59B"
"winterm.py","5C24050C78CF8BA00760D759C32D2D034D87F89878F09A7E1EF0A378B78BA775"
"__init__.py","C1E3D0038536D2D2A060047248B102D38EEE70D5FE83CA512E9601BA21E52DBF"
"ansitowin32_test.py","44DEC0221309E44A83B186828D5A3EA38BBC2730C3E2E9096E67AF58A4BBD2B6"
"ansi_test.py","15E5620EB50834865CAF9D393C0C6F5380235F3D5AB048802ECF465CC87045A1"
"initialise_test.py","05B3F2F977F21F027ACCAA33B903AF36F419CECC7DBDD6FFD1B6179FB86C0537"
"isatty_test.py","3E0DBA2D1A6FD3240307901CFACC605571BB86C035358BDAA45800A597D8CD98"
"utils.py","D48211CA51B7F73E7E773AB4F51FE782E7F1C8F67182574D6EBC4AC541B018A1"
"winterm_test.py","AA85853C48F29B9826D91B8CC297F7A4E8ACDDAE6BFCF259142CCADB9E092FC0"
"__init__.py","32480F004CC641DF91AB4C343D95D25F62DA7515A150409C8AC258F254AB9B84"
"ansitowin32_test.cpython-310.pyc","F280C3E3136DD22BC61E52FA4D37A2FA63937A83288BA4CE81AE49723BBD4B27"
"ansi_test.cpython-310.pyc","F325503A768ABE67B994D14AB921EC3F80087D054C21EE83602DC8DD24686C3C"
"initialise_test.cpython-310.pyc","4C3281A510A57AD0A4C809F46C2D88243E1E60E9708CED38EBCD7233A1A4FEC5"
"isatty_test.cpython-310.pyc","8CF57B810EBACDBFEFE811858D48DFD981418255C94AE66869E8A3B7DA8DF12E"
"utils.cpython-310.pyc","F34547C0337962363D7A9AF134533FCB0053AD54A1646E7AB17D66FB3FC1050B"
"winterm_test.cpython-310.pyc","356AC781F1920EFF90A17DD60667C4A6AE0F7797F98F988CC7E5637AD9436BDB"
"__init__.cpython-310.pyc","3553CA9FE1E0791494459269143C10DC8163B0F745277BAAAE8D190586519E9D"
"ansi.cpython-310.pyc","FD343604B736B1D609AAD9E00D3C92E87C64AF171F83CDEA4FDB65A5D042A217"
"ansitowin32.cpython-310.pyc","12FE685B2FB08E9816A6BADF3125C96970FFC00191E9DA1F328465CA41CD182D"
"initialise.cpython-310.pyc","84F00E29A22740E4F491F5B45D4D66E324A068D6C59C4F23E3C291C6F090508D"
"win32.cpython-310.pyc","914095CC291C0145ED5EE3DB1A25CA5374EF292E04A25DC55420D2681C3DB1E8"
"winterm.cpython-310.pyc","8861FFE5C843F3E8A57EC18B40562ED9717D54CDD7BFF6186B410F1592AC5A87"
"__init__.cpython-310.pyc","8B813FAF9A9620672418F78242279329E560644FE0524E262868A07CC6CBEABD"
"INSTALLER","CEEBAE7B8927A3227E5303CF5E0F1F7B34BB542AD7250AC03FBCDE36EC2F1508"
"METADATA","7BAED29EB50C3B29BDB33FF84E3177BF1BC05784F7685ECDCAA4471C7DD810CC"
"RECORD","EAE879B37E909DC5E5183D258D82AE7012240A1E9251A95B768614AC51ED980D"
"WHEEL","71D705E056DDD053EDC3610C20EC07FB7AD239351D4C278E49744C0F588B51BF"
"LICENSE.txt","CAC35C02686E5D04A5A7140BFB3B36E73AED496656E891102E428886D7930318"
"annotate.py","842539717BA183F5E03FF03D38BD7A9E33CEE6C7E39F15A8FE9F8578A40C26BC"
"bytecode.py","5F5AAC88A97B677EF49489D7E90860DAA65361031B98F22FF627A4CD6C4658A3"
"cmdline.py","63410B4D5D3C5D07D6B586FD0BBC5B65BDE771F352BADB09094275DDB15791AD"
"collector.py","EDE167E7E44BEFE34E8BBA55E5FCFF69685B1FDA1BCFD7DE07B8EA9D18052098"
"config.py","595259006B4109521B0D7DCB56E4B0F9AA9DF2E0B722A4418D716E78239BBD25"
"context.py","58B1607BC640A9F80E9B61382EF117F486D1FE293E3CC7E201494F20F36C5252"
"control.py","1A724CEF7B3BFB6B6ADD27F931F3C58635B37F56B4FB9DC94D00E9BEE52DBC91"
"core.py","7C5364DC7E05CA09A261D7BAE95FCE5BFF55C7AABF1F7AE7F9B66EEC59F0C56E"
"data.py","BD3472E7078E37A8F545278188D34C336ED838B5C2CD1872F36FDF8C43436A4B"
"debug.py","60C6F3F13DAB174E67CF1B27D90E9EC9F38DF3850D44A3B0EF690D730C23A185"
"disposition.py","C5BFB3BF0A7FE36CDB78F562B3863F9BFC633B21DC33ACE64C6335767ED332FD"
"env.py","3B2B07C6A4B3C9AA224F24EA7B2E54E36CCC66BFDBD3A615A315A4A85FBFF7E9"
"exceptions.py","41E8A6600AF636075CBD671E397F2E965FBAEA6693BF6CF3ED467B64541487D0"
"execfile.py","32B547319C791BE6FCCCC97D93CCA1C6421DF0648CF043610EEB59ED67E6DDF1"
"files.py","355306898221DCCA9B03E6E42DE6DFB86D491EE4E6EAB5082376F7F65016BDC5"
"html.py","E300D498C1BF751F65069B88856A2A5381A406FA164A0FB4EAB12D8C98E60E43"
"inorout.py","F09E94877DC6B3069B48F845382F533BC8BA720925B6B175A76676861AEB1A67"
"jsonreport.py","6E49760E081045AC4BE69DA0781B7455DD5F7E0888FAF8E3D4751363940C925C"
"lcovreport.py","D120264D793DBDA2D78B468C7CE1F2716EE678D7EEFF5EC8F3FECA433B434CF2"
"misc.py","3B4154AE9D6B22FDE7FEAA925A4D9B27410026DC34156B03CC0EC49FA7F2A113"
"multiproc.py","D75318827DB7BDFBFEF4A7945B5890C4F6D8AA0DD489272ACE0F4FDBB24883D4"
"numbits.py","616452913FBCF3BD82F97B44CF14E5D5493D6A814A52315B74A90DB583CA1847"
"parser.py","20EADDFC3DF54B5CB6934F61DB32CFEFBD652A874DDF63E63918695BDB41D57D"
"patch.py","67B4C9E54DFADCC420934D743E65DB5A548CFD1201F112C546DCDD364A1AD3A6"
"phystokens.py","2F945DD22712B27593AC0837F5AF8C8FF8AB409A1E5D72EC0FC240F1A9D87444"
"plugin.py","57587B1A258A606A5960848E1DFAFAF653CAE0AD9FE5761AD28EB45EDAEF5529"
"plugin_support.py","60485E1C32850A551D6FE12F1222152034B160928E8CE69BB08C485824E11C93"
"py.typed","4212A2C98635F225F63D38ED83049879B1A962F1FF9B46D813253F90C493EC45"
"python.py","85510602F0E5133201E559AAD8049B1BB364B6897BCE4CEC30B7838430242D79"
"pytracer.py","B37C3715CCF83043367321C30EE78429EAC3083A69B56F7E72CFE1BC855D8A40"
"regions.py","E65B36F32EEF9616F2DE6F95B3ABEEBD3DEEEB56F6DE2BCBD71EB3ADFFCB6006"
"report.py","0BE1A9DC6041510F8D504C024F31238FF8FE27074771E3648DD509327494E501"
"report_core.py","02BE94E88DE17FC3EEF2321F6265BE3179A5AE571F4F3B76AFC15E556F6806F0"
"results.py","2B3FDD51204023EBB8F06C15BB38B2020C20CB8AB2EF7C0F5DE9E4AE8283D488"
"sqldata.py","1ACF04C36A1A3D5386CA7ED7A78B69D322BF551D112C7F25A98481F2149A081D"
"sqlitedb.py","495434A8B1CA593660C60C39F4BBD93A9C4088D37B3195E7E15CB7441922DE7E"
"sysmon.py","2173674A30A7E849F2DC8B94E0F816D0590751A50146F5A023209E87C12EF080"
"templite.py","0AB56DE76861550C64118ED1F7E2D5E4C06B1E70C0A1EF31046D57608C143E57"
"tomlconfig.py","BB0CA0389B3371E0766B93CC1AD62C102D68278741AF9A13159778D0C83674A8"
"tracer.cp310-win_amd64.pyd","E9BA3B73A49C4DD683C13750F52CAC7D37F04C68423762C06F3E71A3DB404028"
"tracer.pyi","03FC7752B02EA270D969096171A4C908E038620B202D79C6D597DF78D199E8E3"
"types.py","27B44F7C8EE04E86698C6A176E6BFA064DE1A7EC7D6709207BAAAC592DB47ABA"
"version.py","FDC18773D047F1DC26CEEDE403C247A7E0B7CF56B700AE8A6A9BEC7AA7FC5F9D"
"xmlreport.py","29C674249133C3201AE36FD39C365D6C47FC0E04EC49D66A867EA6CDFD67A46E"
"__init__.py","7F72992208E421AC49E1664902D7D6C001CEE86D5CCE87B2BEE08E6F4F6F448B"
"__main__.py","2F3425F9D0334B4E084473BC7F68725BBF5C93983AF243B5DFEF44CFE9C72864"
"coverage_html.js","3EA0D302555D21A07D8088C47FA2471F2B0C9BF0FB1F245EE01CD015FA5FDCE3"
"favicon_32.png","BC8100FA8743C11BD243EB3259F4B012758651612FD9BF93BF8B734D17F02561"
"index.html","79C8835E8C9ED330D1956518E6AE071E513514F546E3FCB4359F7F388C1A4341"
"keybd_closed.png","7D9BF8AE66370E4349B4F423AC5279501384E4374DA1FDE675E099582ED33A8A"
"pyfile.html","74957C6DCDE6310CFA27F3762B154C5CD29581EEAF9CC8908AAA9ED5062E666C"
"style.css","0E8136B1B0C6077B3966B13D4026E02A2BDFC3E1DCA5346FB4C7976C99FB1230"
"style.scss","6631FEA825375FBC2B31F7A975486AC9873C8176AA073EA7FCCF614CC53DDCAC"
"annotate.cpython-310.pyc","B8D983CD2EB73915C340D83C885E416EB487A9A482AFA4EAB9FBA1ADAF153223"
"bytecode.cpython-310.pyc","09A745F5D98EA24996EAD958CD2E706730E7548E0566BACB904673E21B431C65"
"cmdline.cpython-310.pyc","9C56B68DBA3E2A4D7E341ADED2DFB0E7FCF77484B5E050C29F1A09C61EA1A5A3"
"collector.cpython-310.pyc","B74658C4FEA4F2DC6D3308419A7242D62E565223AE0D3C7C21A351EFD8593A52"
"config.cpython-310.pyc","323120605316E74F01B3F01B0C63BCC42E4FA142764304B6BEDF1CFD4CDEE256"
"context.cpython-310.pyc","5B1B06DA4EC193C0DA2C9C4B35F7CADDCB0F8A81F7F59577C671C333C656C4AA"
"control.cpython-310.pyc","74343BB3898452D8D856810191E5476FC2AAB5E93C02D18FE0D81E6D199BBE9A"
"core.cpython-310.pyc","E5A3B6670D04E568186FBBC5EDB31F30DA9D64E44B1F473CAD1F7FDEA87BB816"
"data.cpython-310.pyc","A89D71E20BCF77EFD2B6B0B46A5C6F4304FA935EFD2C29BC6BDE15790FDD9743"
"debug.cpython-310.pyc","1927BA5FFB1BF6D1592C5BF16D1DC5978D692B1B3EEE474EF1759B42A0F1BDAA"
"disposition.cpython-310.pyc","70D43E16650265A28B3969D0521D691CCA69FCAAE9A11557A8EF04475563FEB3"
"env.cpython-310.pyc","FA757E8803C7A082A8172E4F5217E5AED590F4C03402BDE18B107CE40C256E09"
"exceptions.cpython-310.pyc","4BE6F980BE298594E7B71AFBDBC00B68ACB12FE5F890554AA6FC9EFBD10FF23F"
"execfile.cpython-310.pyc","7ACAB592B5041065A30106711014F1D2A422C92F4CB5B64B13818184FBB9CC65"
"files.cpython-310.pyc","B53C1E27E52074EA5F36C7D201CE9ECE7E8D4C1E1C148A6DE11B473801E8D414"
"html.cpython-310.pyc","6C867BAD47022302AEEA78ABB40B0ECF04F0216EA692E5F907D4914ADAFEE94A"
"inorout.cpython-310.pyc","1DB815BD1E7761F1C918B746CEF4947DBE7284DDBDF910A9AB8447FF5E641047"
"jsonreport.cpython-310.pyc","B1972E55F7F131AE529921A20FC03EA590257D029EA80E05E28E8B5475D76C25"
"lcovreport.cpython-310.pyc","4E3E37C620CB699E9F2CCC9C9D0FC337EE4BA7C4B314403F83752C0AE590FB68"
"misc.cpython-310.pyc","29C7E49DFAB2449059C3FF230EC9E841C2021D0C78D16D395C572A4B36AA13BC"
"multiproc.cpython-310.pyc","631343B615BA2216DD157E1427D4531227AAC3ECA16808226B0B92F5D72038CC"
"numbits.cpython-310.pyc","A4AD9A12BD8BC410E20833A1F48BA441F0F788CA6C574AB1ABA294D45BEB0147"
"parser.cpython-310.pyc","083F86DBE163DAEB83BE0898D3952835462F204C1C2483BDAA3E5D7CE5266C31"
"patch.cpython-310.pyc","5D6B7E5E3F4DC620A14D815F3033A0E4A9D3DB60A1D8A02287FD289C7A504B22"
"phystokens.cpython-310.pyc","1205DA639A9B7DA1EE83EB8B4F427DB86D3FF367F2E67ECE1BB04A5C451C0FBA"
"plugin.cpython-310.pyc","4339F1810121C2DB145B12A39AE955D9E51C0258F054FCDCB3B132AD21F1FB82"
"plugin_support.cpython-310.pyc","1440AD3BFB4A3599E66BFB479177A3A3F1C173CAE159CA26C85B7D22DF4B0FC0"
"python.cpython-310.pyc","F9870209D70B13B81D18D36FAED9E6087A6EDC01113E8E661E19856BD8C45536"
"pytracer.cpython-310.pyc","6BC3E67CE6992AA57A2F94BB5638666A0F93D9F82C91105346CB6FE08C561006"
"regions.cpython-310.pyc","A4ED7006309B20618000B32E309DA8B4C985921BCB51DCB377F3CA622663F3AB"
"report.cpython-310.pyc","D5B2F908C44B0289A49D2A8CABAC7B3045E23E957E63632A442085CD21ACC028"
"report_core.cpython-310.pyc","7833913D4A54E1E5D96B8913B5437875712418F8A532EE79385C23C37E5F9BD2"
"results.cpython-310.pyc","103E98263ECF5D0788675BEB8D679E886975EA3B378CA46AF18FC3E185175802"
"sqldata.cpython-310.pyc","B8C1228770F6DD5DFF575C8A142A1B9FEB71AEF2C73F589B240F060F2FFCC74C"
"sqlitedb.cpython-310.pyc","72E9E6ECAADBE66D50404D796EECCE449449BD19C12FF35B5DB23B4CDB2D8B02"
"sysmon.cpython-310.pyc","119C523B18B5095B197B6F36D67A2031F91E447FDC4B4242C9460D5DEE080693"
"templite.cpython-310.pyc","3125AAE1BB1CAD0516B299731BB2B052AD9A9630E6BEA2F32D4195B0F02AA6C2"
"tomlconfig.cpython-310.pyc","B627A447033B15F11B05F4F2C5FD6011AEAB38750BD443FB0B0F9E574EB0472A"
"types.cpython-310.pyc","BD6F0F0EA9EEE76C6FF56944AD1B9CCD4BAF00611C296DD15E5596045BE099A9"
"version.cpython-310.pyc","5D80F343E278A9CB08666D47624CD98E529CC3DC161BCCCF753E7FEF5965E669"
"xmlreport.cpython-310.pyc","43880EB6DD6866FA3C99B54B2D5A12277375672F2510B33A45C003D6153CCBEB"
"__init__.cpython-310.pyc","A9F63F0EB3F6E66EBB38E44E57FF5CBE2ED199B69BCA08511F9BAB5D30CE9E1D"
"__main__.cpython-310.pyc","FA8D1BF54616DCE3E35A188A8AD90EE8D3E7AA7A8A0CF53E2E5E5291B3DEA538"
"entry_points.txt","F92787FA79604CB1165B5726CAAA82427792C3D70A6103941C15D760EF8E59D6"
"INSTALLER","CEEBAE7B8927A3227E5303CF5E0F1F7B34BB542AD7250AC03FBCDE36EC2F1508"
"METADATA","28DD4671458017A11726A0989C816F77051B8AE2E2254EE8A039F6196E6CFB91"
"RECORD","C373DDCAF4F93C05F0B7585F139376B33DF6EABAAF9A4EE1D0B428178136A92E"
"top_level.txt","063872888BEEB1BE4E264A825E3467713177B28285FA60CE6F2FA1C645B0C2FD"
"WHEEL","294B810BA97101B1C22A294AB9AF11F56FD333BD7FFBD4A0E6E10FDEE0D67285"
"LICENSE.txt","EB3D7B5485466ACBD81F2B496F595AB637D2792E268206B27D99E793BDB67549"
"py.typed","E3B0C44298FC1C149AFBF4C8996FB92427AE41E4649B934CA495991B7852B855"
"__init__.py","080587F7E7E526E6A975FADE2BB27CA6200A0DD830254FDD0F1C036E16FC857D"
"__init__.pyi","748D33339311187C619DF8EAA40C8F1A8B4A4EB3E59DE4CDD90FA30105CD8351"
"AES.py","D2A4192CF60F569986D394010D2FDFD648143DE06FC34C9F82324216B92F4368"
"AES.pyi","880C7604F5F9CBEAEE58E411F15880F0908F1A276F1E0B7817A6F9ECE8513FDB"
"ARC2.py","57D9FCE3483474DD53D13A6DCDD3E6993EA5B3DD7480B7BC85C6A8D4A6E1DD9F"
"ARC2.pyi","C724C1EB1442CAEEE70643125D96DE0A7793A2E8470775E5D1E7628FCA67AF82"
"ARC4.py","0152A932BC4B0E5238AF5C9C145EF25A69E66E395804A700D60FBCEE80E5EC8C"
"ARC4.pyi","28855BC2FF6531EFD40C42075EB5E506AD8A5F8D98B8041FB218725C7C484054"
"Blowfish.py","297D5A2E4EB626583EDC3E8C39194770B27773A8DF00C17D71CE0B7E6F5DE00B"
"Blowfish.pyi","A363EF5A112333F407470A884E23357F1C251FE733091B95DC8E86AE3FF73A6D"
"CAST.py","E8BA9158AA0D7DC7A881CFD411602A4C626BB8CE6AAFC222C089DE5E6DFB9BC2"
"CAST.pyi","1469D7505976C0A27F8B23F64E402BE8A897B00898539B5BB6803792178DFE1D"
"ChaCha20.py","5B1F7024418F5F04A28DA414AE94F9853A3CB230983705C7807F36A1E27F4185"
"ChaCha20.pyi","CE31A7182E4369DC8F65D929813CE67E7AFA67ECEED9821B124BBEAB13D9E668"
"ChaCha20_Poly1305.py","0A2C38CDA9BF82A356F65D7F8340209868FCC72B91BCA727DBA32F712A789748"
"ChaCha20_Poly1305.pyi","6D880A3628C47D9BCE851019C82720D570F44699E1B453AF432AE4A7B20A1273"
"DES.py","41AEF064734CF279388BCD875F0252D27FDFB3565904B7FA1935F63C82F7EF47"
"DES.pyi","BFBAF8AEC79DFC45CB8C26053797A43735A7AACA50AA5504FE080E900A6A38E6"
"DES3.py","C35476642D7B26E9C71CF16F6FB0E4C44F9CC643A3BF11F1990E38AC07332EED"
"DES3.pyi","3B868D2E9A2B41C27FCAC90E4C0DBAE1634F7198720805FF9F450C4C4D7CB57F"
"PKCS1_OAEP.py","D4B4FEAE34B0CAB1793ED566D1D578BA0998C7EC78E03150E72E911D5AAD4200"
"PKCS1_OAEP.pyi","6A2570614ACE35D86E25EAB9F2AAAFD351B6B7FF85A9893556FB1A47524E099F"
"PKCS1_v1_5.py","28D6DBD60684F210A8CF662A7AC66BCB978E308B7E2F24F9B579C664C70DF960"
"PKCS1_v1_5.pyi","49DCC3570B0637BF76AFF4BB389AF7E1388AAD93CBFFBF9A1FEB7A3C12186ADF"
"Salsa20.py","27402B67081E01512474926A3F1153C6FCA1AE528038CF7E645C179BCA5FCA1D"
"Salsa20.pyi","EDCD33B9365AD546CF6B01C7FEFC73F1E7558BB50BFDB47FEF26212C2E027AE6"
"_ARC4.pyd","E37DA2A2140EB18FB84065D4138AD1072539C82464475A94F5A87A049E601F7E"
"_chacha20.pyd","5736506AD6DC2F3D893B978C8727D74C2F0AE87BBC2FCFCFE8C7E982EA5E86E2"
"_EKSBlowfish.py","87D7CB3A47E3234519A1E01A2B0D007319264E2CB94E54A8864A22FD00165A36"
"_EKSBlowfish.pyi","F2130E49C75B0660FCFD28D505BEF95FA392CBC2EF636717F49F855546440706"
"_mode_cbc.py","AC4572721D16342B0F4B4B81E06F1108DC391736F68B5F723C176F414002238C"
"_mode_cbc.pyi","32C4737F3237691DAC8534EA506CD139E17FA709139B07A3CDF3513EBC850DCC"
"_mode_ccm.py","7C10CF1527B21202D23CDF182E04E37E3BB5124DD66D17120E0BE68871188655"
"_mode_ccm.pyi","0F134C396E824CBF0C5706FAF704A9186CE9E2E01AFF9EAEF7F8DD5F3274D662"
"_mode_cfb.py","56B7966054D1D7353546FA480BC0BB11A70E1BF01E909568CB00DC994CE30058"
"_mode_cfb.pyi","15EE428028300FCB807AF557DB278F229C260EC98E8AE1971661B436CFE5C2A9"
"_mode_ctr.py","1E47456421A1073CE1298AFBAF9E2FF228A7164D842C66AD75C96DB4C9D2ED77"
"_mode_ctr.pyi","AB8697E3CDA28729D9CB6A6545EA1E3FCDC184C9E07BFB70D9FAEE38F27012EF"
"_mode_eax.py","4F4F61208DAB1A58BA3A03E70DE3B9E31E5274D132BEA3692FAACB0E736404DC"
"_mode_eax.pyi","C5246506D2FF0E2B13BAE3A5D47467C47994932C24499FEFCF32126C39BF9611"
"_mode_ecb.py","D0A75E9CC56230E1C044411A1A6760FF7678D449E1263AEFFEF7E2752E360FF8"
"_mode_ecb.pyi","8A8A5ED79EFAFC9CB7A3AD95BAE1ABCAA4E447776760778E91FDD6E510714352"
"_mode_gcm.py","8899DCAE0739C3E5C87470B6A4A0552EDDCFAE3DF957AE497BF36DC27D036B62"
"_mode_gcm.pyi","49B6A847D2C71DA556387D1987946EDD0C259CCF3952C63C9D1061CB4EB731FE"
"_mode_kw.py","E2871BBCB43D518048BA6A2C579A538D434A41EEA03B05D355CE027E4FC16D65"
"_mode_kwp.py","54E95BB968CACAFBECE6DCB2F15EF250F6DA816781204021A26ECA88950FC911"
"_mode_ocb.py","3263550C7ADE01E3088BC5773101C9D8F6B24628916EBC58CE763F3029D9D9FA"
"_mode_ocb.pyi","E0C136E3762DD93C24793DAF989D94061AF30A300D7308BC8AD2EF69E73A92E5"
"_mode_ofb.py","A86D0ACFABADF852EF126484A267A6C3953AF68FD17E6FCE496C4D2DFC9BCFE7"
"_mode_ofb.pyi","D1B1A685ABE48604348DA3AE3C54BAF54ED0BD5CC9F0CB93867A82F8877F9ECF"
"_mode_openpgp.py","46650BB1BB4A35EE304ABAC23817A48704BABE4F93ECEC4CE62EE97D49C44189"
"_mode_openpgp.pyi","5E1521B1EA98D146374597A94FF5DF82FBE49F7C3DC06F6DB03379E1EA79D7E5"
"_mode_siv.py","7610B08153895261645F469F4FB7D2D5211D86CBE7F46D27E49CBB1BA4EC5F94"
"_mode_siv.pyi","80DAE2A187B04F2E3729BCDF78DE0DB31E22CA0922AD420F65077C448F1538E5"
"_pkcs1_decode.pyd","ED12C3D512E5E0B4245FDC5A83FD46497BB2DF31E49199B6265ACE5142FE5021"
"_pkcs1_oaep_decode.py","CD2D0A19763488D875F8F986A9711DD0EEC9CFEF663556A21F9393489ED4CC9C"
"_raw_aes.pyd","889F9B558A47A4333BFD3E3814EAEC2328AC8648722D912C7873FDEA62FCF886"
"_raw_aesni.pyd","6C9A2BED5C1BD9ACD8BCEA7F5F20F7FA63E4465B0914AE70250BD59A8028333C"
"_raw_arc2.pyd","EDA56AA3AFB9D6ADFD95BA950AD1247B5E2C6AEDAA2DB86AF0C8FA79217359A4"
"_raw_blowfish.pyd","EEA7E0597216ECE6D23B351743FDC08D32A5BCDE57B1EFA724A3B6138B692AD9"
"_raw_cast.pyd","90442D012D3F918CB0F78035680DB6A373148B1DE7E84545E5F3596C655CD6AB"
"_raw_cbc.pyd","6C6C5FAC1B5933FB857FCC3E5A87765257B5484285DE147E9BB5FC854223A707"
"_raw_cfb.pyd","26E351C4FADE35C146D84DF0E22C2468E01186D3A8A1E51BB6C8D8EA87F09CD7"
"_raw_ctr.pyd","229994E4CB838079A5711C8C0FFEB25FB4684A70ECDA497DDB49C8A315594A83"
"_raw_des.pyd","8BD8469ECBF707B90D88FCC32213F1F6877DAC36DCF767A0F4C1CE8BA81B5756"
"_raw_des3.pyd","809390256AAE55A1265489283482F2FEE34957E4F2B4377D7449602740724ECB"
"_raw_ecb.pyd","DA4EACDE396E7388EC5DA5133762409757DCDAAE3022590A73D9AD950844C31F"
"_raw_eksblowfish.pyd","40E1A78102A078058CB06B4FF41411F89203564915BC0BCE04F4C2643DEB9B24"
"_raw_ocb.pyd","61F8A3CA451DB3A07B3815C4D91A37100C416F160E3CCFA6113BEF0C80D0C12B"
"_raw_ofb.pyd","B77A2A9322C28D1DD79DD9176BD6D697F2EE3DD10CB2CE24CDFD9D42B533FEFF"
"_Salsa20.pyd","59EE075ECB9877BC24F5C27FA2D590BAE0F6AA30A6E02432E1EB25CB459ABC0E"
"__init__.py","F78B5DD0F54AF9D78107F27BB5D0E6605FC64BC21BB940CB52BB88AC335FB3F0"
"__init__.pyi","E3B0C44298FC1C149AFBF4C8996FB92427AE41E4649B934CA495991B7852B855"
"AES.cpython-310.pyc","FE1DB6D43D28C593332D5F241EEB10405156D921A77966B04EEB1BD71447D3E1"
"ARC2.cpython-310.pyc","0754079BE49FDFBC6073AEB12AF5263F79C7C04BDB3185000717A4F9881ACAEC"
"ARC4.cpython-310.pyc","843681684E4D39E6AACA78BCADF0FA999058DFFE16689EA2115147E0C8FA9E12"
"Blowfish.cpython-310.pyc","A04266606346494513908B89C37BA8D49179C951C07615FE8E25BA0CDB3B71AC"
"CAST.cpython-310.pyc","9E3D7C51EA0F9BBCB182264968158B79A776D178E0A613B213AE99A8F1E10AEF"
"ChaCha20.cpython-310.pyc","C3C43FE1E94E88A98F77A7957106165D5DF67BF911B6FDEF798BC5BDD4B59B33"
"ChaCha20_Poly1305.cpython-310.pyc","EA3FEC8707225F08D1C77DF9904088EE8B4414A1A9EAC5E762B1E9A8F37123B4"
"DES.cpython-310.pyc","4CC16FB0CE12DE762AF7BFA7F9021DB56403024D84615D8C9288992F979A597C"
"DES3.cpython-310.pyc","11B740EB836BABC20ED1A2C5AE82864C21B3B6864F496360784646318D75C37C"
"PKCS1_OAEP.cpython-310.pyc","E72CA982D2E647D0AC1EF54DD7780FAF85B94CFE973EE781EFD87BE0B7454668"
"PKCS1_v1_5.cpython-310.pyc","A4A61C130B0900770377A437A63FB380431E8E9C9B8AAD5E969D0092E63600E8"
"Salsa20.cpython-310.pyc","04B034931FE19E519075D87B057AF0B4FF899AB3797872EBF981178CBA399490"
"_EKSBlowfish.cpython-310.pyc","673BAD52CD026194654E105C97079C209E44A2343935177ECF01447B8077CCB1"
"_mode_cbc.cpython-310.pyc","0E635494C858C449560FFC8DB0F475A61AE48C4A349862B36D6B220064210311"
"_mode_ccm.cpython-310.pyc","719936E0A01F14340C4103DD64771F7C7ACDC28FE8B59506BB50812D12A13040"
"_mode_cfb.cpython-310.pyc","14F2C33AAE345EBA3EE68243614F283125FA729B8FD6330C82318F53CC50D126"
"_mode_ctr.cpython-310.pyc","FC4A24412F322062B0909480E996162C2164304D803AC063ADC1E866D6D1846A"
"_mode_eax.cpython-310.pyc","CBC89A849568FE55C72F015A0337E5EEFCD9A5780305A5CEF714F38BBE37442E"
"_mode_ecb.cpython-310.pyc","6628BD9C01C38FB5E6309BD2B49F797EAE69B8F5986C31490773D4621A023F65"
"_mode_gcm.cpython-310.pyc","6235D070441B98849DCDA9856734C50B8BEEDE98BF6370DEE018BE0FA87A47BD"
"_mode_kw.cpython-310.pyc","57932C6AF32772112D2492A509DEECC1CFBF801218F744A858EB2AC6076B4EF7"
"_mode_kwp.cpython-310.pyc","1EC041FF4058A204BA27D9DAEB93C6E43DD8E5B78B2660AA5DF48009C466DF92"
"_mode_ocb.cpython-310.pyc","0E5F4329681C0359FCDD3E7AECF980DB3B28FB561B502C5F42D5AE5F8D1570BE"
"_mode_ofb.cpython-310.pyc","95D2FCE8B0685CE43DF739A9EBF8582A7C8BFBB5D0D867DDD6B6DABAACAB119C"
"_mode_openpgp.cpython-310.pyc","4F18C5C1404A3F12AAFD73E1227B7D1DD0877B6B66352A0ED940E89EFBAE18F5"
"_mode_siv.cpython-310.pyc","28045D509DA0E41D9C75A0F3C510FB0FDA993E8FC8FD09BD787C267659F92394"
"_pkcs1_oaep_decode.cpython-310.pyc","BE390ED7E2E4F42EB2B158EAB8234A752FB5BD82A3D219DFEC9DF39A9E559E03"
"__init__.cpython-310.pyc","4D53DDE2A08C4976051AF4A06755E8067814D86D79A65B7C54A1AA633FEEF75A"
"BLAKE2b.py","F312B9728D5B4AB66E87C48AA48A354E209649616397CBBDAA13254CCB580C32"
"BLAKE2b.pyi","2F79FA6D217978DB2C5A7CF297E73E555C2100E86FA5B2CB4C1DEFFCCAE353DF"
"BLAKE2s.py","D411B8680C79B20C0C5AE3836E6538C56A72AB6F40EF9829E5C591C2A748684B"
"BLAKE2s.pyi","25933F08745028C43450B44E6926A00942023E68BF934D2A4D032B8F9557C251"
"CMAC.py","4F7813FFC544FFAA03ACF5611948BD992714461D7F9F527C289F8A1BF8BF7AC1"
"CMAC.pyi","8A9787A689F900E660207C419A0C2B66D3D40DB46D09F4EA9C19543640D26F57"
"cSHAKE128.py","349CAB0602EA40BCFF277FFB4BDC28349EB5BA22ABACAA2787C065BE5E632FDB"
"cSHAKE128.pyi","996DE23B6A41D7158B3C0DD8B3DE5DE532F6953706640866CBE19243A882F3A3"
"cSHAKE256.py","D7F74253988AD96510F53CEBD756E94E4B1B45CC339B325349EE25D5B3B57458"
"cSHAKE256.pyi","5DA57A092D8D896CE5D295D7DD69D56B6EF1E4AA38294346F7EA0A6FDC56AEF2"
"HMAC.py","BD15C5F9573F25BE1D886BCA6D867D1727B9CC0D515DAD6A3920663F0E308B5A"
"HMAC.pyi","C2C617969E9C441DCC4F844E9B8BA9767F49999272C239BDE88D5F4FAF6A672C"
"KangarooTwelve.py","9FDD8A5A1134B3F4D88EA11E1057F8494E1129EAE2C1F5425717F91BE1A650BD"
"KangarooTwelve.pyi","4C18BD17FAE1D883D8710836B105100A6732AEF4639967F09FD1B7BD636E21B0"
"keccak.py","DE04F2D83CF1A98B3F895904F22D3C4265AD9C3700FF18FF535072B5F5A2015B"
"keccak.pyi","3A1DB3E7321EFB30C4AAF0FAD5728728C7AADCEBBBE91E4272940DB1F9A677F9"
"KMAC128.py","0D2F99D8A5420B8497BF7B3DF0CF867960350E1C8DF3D2B2C54B8EFA3E79DC06"
"KMAC128.pyi","383B57B62578122CD924BFA4DCB324233ED0D7A847F89D16BDBD3ED8251240C2"
"KMAC256.py","CDA06D88F0C0F2E04F94189B7534522326FC0161941B2BBD4E28D76FFB792D92"
"KMAC256.pyi","B220806E584FF8FA9C4A28733F1A096B631B700096020EADCF766B96F86A82E7"
"MD2.py","9601D8D74A4028C92FB70CFCE74BA0D60452626FDEE745449CA0422F673FDDC5"
"MD2.pyi","3B3C9E78A4313AC9D7935D4AE92C650879BE8F55007478154429919B4794BB42"
"MD4.py","ED0D926BD378A41527CA814A5DFB5CF6CFB98D3809103E2673F40BCB9B085477"
"MD4.pyi","0602DA2A342D9EF1F7C015F953B2DF27F51C25A5E99F89044E71579662EBA5FF"
"MD5.py","1A2D335C1B8FF41727D9B6671D784F38A477C66FC8B7B8B73C666D1C11E9DC30"
"MD5.pyi","8A3E274302454BFF4450C1DF6DA89A048F13EB048E64C6781408F18066F8430B"
"Poly1305.py","6294A5C148749FF8125FB3C487BDF6EC27B192A7C04260D8121DF1424CB02E60"
"Poly1305.pyi","7DA8B1DB291F97F8751EBE26AAFB6663571467C4A13827F8114895990E3DD81A"
"RIPEMD.py","EFF0BB4C5F58362C0629DA431FA0E104CC940AFA056C10816FB09DD6FB4929A6"
"RIPEMD.pyi","385D71A0A5DA965F3D2EB35F4B206F9451DB73F4541342E095CC3D13CB0CAFFA"
"RIPEMD160.py","3E6529101D697FA20B8A312B179E3D246DF35713BF5D89221E31D0151CEAC2BE"
"RIPEMD160.pyi","84F643A25DF20E6A761AD4E1ECDC6F04493DB5CCAF6108254B944A31662A00E7"
"SHA.py","3F9736A9577A2ECB370B3794D84371AD29A50C0A6BB96F33BFD3416F2C111B22"
"SHA.pyi","583BEF611F4709956AE4271173E91F7DAC236D9DFE8D357095653CD63B870A21"
"SHA1.py","0476FF36D5A6474745F8BC52ABCB65F5644160D793E38EB4994578028156649D"
"SHA1.pyi","4FC9652243B1B4A443C08C6B22F5C5343C63453405A13FBE9CC9DD12DE6951EA"
"SHA224.py","ECF616ECF66B9C468C7381D670BF1C51B1047A9A56EE8FCBD559F186DDCDC990"
"SHA224.pyi","A3FBCEE498C3C4CADC8D5136ACED4C69DE9B941802AEA4AEF8C6B272DF1E054A"
"SHA256.py","3A1C4D67EA737135A97B135016463AC3B970FAEA8AB5E3245759587393636E65"
"SHA256.pyi","07892D70C0FA32A19DDA232203BD7FF0D25B19F30E599924836A8D4BB6161A71"
"SHA384.py","53E46C03BD71D4042C3815B139C5DCB7B3897959950A995083504FAE94B6EDD4"
"SHA384.pyi","102F8DCEC4B3E3E3E019F6CE2B165C0FDDC41B70EB2E3169270BE35F227F2D5F"
"SHA3_224.py","28737BB6B59BBDFFA0335D3E2115D134745CF175DD42723172B9A548BD804069"
"SHA3_224.pyi","AB9ABF3623247F77FDE55038C8531FF4C22E70532CDEF140FA9F0B645A15AC36"
"SHA3_256.py","DD98EB04BB1DE3445702412E886B4FD09CD369CAA882DD0EBA16BAE9C78EFF54"
"SHA3_256.pyi","7EEF366E028519327074AADF07FEF65FD87564DEAE82A1DE1E03634A928047AB"
"SHA3_384.py","F7E48A1A8F4D94BB3467F8C3938E74E60B4F6599C317E1A76D97527F9A353FB0"
"SHA3_384.pyi","D328A5327C257ACA3516C7C11B617D30D5E0C7C9915A32F4C6B3DDFE269DCF7F"
"SHA3_512.py","3C0E8DAA31C75580E3906E09DD234AF781BDFC75173E9577C59A43A2301098FD"
"SHA3_512.pyi","5699B054358A0C556096C132C09C8B3052E5EFE815A26EDABC5AD5E896BF8E9C"
"SHA512.py","D383EBF0F852240410B4D2A983D318A997E222FB47E6C9E3E74F5E5E3C30C6F4"
"SHA512.pyi","BB0E0DF4F3FFFB4A2B9EFE5B674D7407BBD248678B0BF2A44FF0AA07D247DBDA"
"SHAKE128.py","22248C62FF803ACC69578982BCD96080BCAEDAB2062C032B35A3C064BAE381B8"
"SHAKE128.pyi","00CAA4065AD97561E5CD6F89916BDFDDA4766AEC85C462ABA8B608A7FCD8A282"
"SHAKE256.py","6D17E4A23C9ABE1ECC53428B6242384AA213C94F4611E0CF6A92FCAD0F84BA12"
"SHAKE256.pyi","D96ADC2383419787BF7AF4FC5C0EA95B75592AB6832B4021C7ED96F3996D7504"
"TupleHash128.py","443D41EBC9F4384E370AC51BE01C56913CBDBE1DF4C93769B1E85220B505052C"
"TupleHash128.pyi","B5671E5E8FC4513C2E0C9F072C1A9C868656F0CD66783DC011FC4556C1BD2306"
"TupleHash256.py","96BB2970B54CC270DE193FB71155AFFBF54F9ACF21310AC4AD968893A478B3DF"
"TupleHash256.pyi","0B014A808207E4C2A6375DFD6ADE40C97B5802C8F9EA76748F333C1386C6704C"
"TurboSHAKE128.py","34EED4FE42FFA176D466F5B3E7C55071EAE79EA5FCE4EA31C38D1D5796D5AC9A"
"TurboSHAKE128.pyi","B7617049D0B2131180EA0B73AE8CAC73839A27D394BE6B4D9796F9D0198DE6B7"
"TurboSHAKE256.py","AD79E152A2C83EE90AC61FF7245DF570673FBE28720D9DE8E07E2FDDBF0E51DB"
"TurboSHAKE256.pyi","86DEA501F8ED56BAE7652415243B38845AB1C94A1E4AD0E737A98A37A80235EA"
"_BLAKE2b.pyd","9A10ACE816F610297BCF250C6DA85FABBF806DD41A65B8441E135E8390CD6870"
"_BLAKE2s.pyd","88E734C772909CCC7158F54CE8D488BD0B412EBE2E932C5539E07CB6674243CC"
"_ghash_clmul.pyd","C8CC9583C2D91D8EF25073E01A863A40C09FA0A89007F8BB0442DF46BA26F0E3"
"_ghash_portable.pyd","CD1D79A0D8923C39F7368C92FAE0C731AE60ECD34D1C9F387D4824B2AF168036"
"_keccak.pyd","CA84A6475C144856F5CD72A58B9D319F2086393939F14BA799B7FB65666EEC03"
"_MD2.pyd","EF0440AF79E09EBD665090164BDD170D10EAB0E63C1E3E116088BB06B63BFB2B"
"_MD4.pyd","04171E099416E1AED2252A50DBFDD4AB03A748D97EE69420B8FF50D5D099DE91"
"_MD5.pyd","EE1174E8047988975FBF32EF309F959B7D71654E636E5AB1DDE1812BD78C8470"
"_poly1305.pyd","7F39864610A7E2275D521EE8BED6093B7FEFB3256EEEC3C1BAA3BD800D1BF423"
"_RIPEMD160.pyd","CE297D6286DC9FCF54459A416FD6DF0D5655DCD585C5A34FB90181428CCF6EDD"
"_SHA1.pyd","76DD83BA91CECCD982D4DAAFCBB3C6950F8812A92B619FA3DA24A50E23C43E17"
"_SHA224.pyd","AAF140F60DBA7760D89A4CD3771127DB18B5FC577C8AED6596F1E75481572A25"
"_SHA256.pyd","E3437CFF63CC31509050697BEC17F29B24A2842AAFBBA78238281B5CC621773E"
"_SHA384.pyd","A30D3AFCE8C4BFE98C494B09D6CEA4DB642BBF194ECEB90875A79434C703DB65"
"_SHA512.pyd","A341B50B34A4A85028AB7A4D1822D04055A65BDE4EE8518B5F79CF792957CE4D"
"__init__.py","79AA947F1C29D838ADF9FB696FE5EFC169FA67C73CCEE8ABB89FD65985D6B440"
"__init__.pyi","B8A157C035F24A8E3C29E5FF77C39836C4FDE12B7D6EBE30CB2207B565DA2B5C"
"BLAKE2b.cpython-310.pyc","C82AF079B27FA2796F60716630DE0F9748DA36B49AD6014B992EA60A8EF42D6F"
"BLAKE2s.cpython-310.pyc","768D08DD94C53C655A62172B7D48088D86C5A0DD9CCD777868ADBA2ADCD0490C"
"CMAC.cpython-310.pyc","52EB8605C3DA14BB6A37CF4E419244C5B752BFF786B6F8A255449EE35C83DB15"
"cSHAKE128.cpython-310.pyc","28061773DA02B3E1E0A14C02086C1BB393CF8C3DD3CD0AD07AE61D1C15FE8D26"
"cSHAKE256.cpython-310.pyc","F67CAC776A392F32C57C553C3198772A7376DD561802DA0E1E78996D20DC7323"
"HMAC.cpython-310.pyc","3AF84AA3E93F4792D6234275570EB6605D84E5B6AEC98A99B248F840C25F43CE"
"KangarooTwelve.cpython-310.pyc","388EF61D47D9A48CF2FFC09FD19A1D9D9A46156D675059635F72AAB19D122D8A"
"keccak.cpython-310.pyc","C9630FBDD0E6669CA20E5C7699455AEBE910AB8F55F1A5B0FD7DCEDCEDC0A3BB"
"KMAC128.cpython-310.pyc","155B69E4C592E4C25339068E789E5260A88A38DBBA44D197D7618702406F9C15"
"KMAC256.cpython-310.pyc","CBBC42979238DFA0B147823C76737B1DAE7554DAF7F60EE7BAA4232339D56842"
"MD2.cpython-310.pyc","145EAF79AE2EFB398B7DC55BFF8F26753279BCA890F6A23B380067766EE75C1C"
"MD4.cpython-310.pyc","32CC8806A23F86231322EF2210812E7A949859AC10913F0F9B9A4B500DBDD3E3"
"MD5.cpython-310.pyc","0B4A273B540FF0BF99731374ABBCD38897CBC3214DB8535FD840C99592C1FA33"
"Poly1305.cpython-310.pyc","96532AAB74F3531FF0FE9C8D7845835DBC401E2CB37F9E5E9E956C188C9AEC3C"
"RIPEMD.cpython-310.pyc","EEF49FDB185138A866809ED1551E19116CC19F8425DAD675553DEB23C6076C23"
"RIPEMD160.cpython-310.pyc","FA880A8D73C25FC1D0FB79EF9ACC25CF5323374F34D9E915DFAE4F133AF6B712"
"SHA.cpython-310.pyc","925C649929DBFC078E5AC12CA2A99F849CD35C7CA197CD3074934BF3AA1FC9B8"
"SHA1.cpython-310.pyc","26FEF685F593963372C4EB843C4926470213DF43FB52566DBD7ED5FD8FB135FC"
"SHA224.cpython-310.pyc","307AD37CDB8B71DAA015688846F6D32DF1B0CD20B3CE27F3595C9E658934155F"
"SHA256.cpython-310.pyc","A52F79F09FDA0A9CE49997F38E088FED4C52E12AAB5683884C346DDF4253A989"
"SHA384.cpython-310.pyc","FE25B21DB6B6154573ED783A5BE9BA8211016ABC759B4058AE0FF98E7004A51F"
"SHA3_224.cpython-310.pyc","B09ECE6C96E3971B237F03F435EB29B65C1D2E1FC68E65501FBA98F33C5FEFBC"
"SHA3_256.cpython-310.pyc","5298E67104A6C8735EE5D87887F59B4A7EA22F2B5914579F4CA7D008F999D9BF"
"SHA3_384.cpython-310.pyc","B72F59DD8D414A14B755FB04462B8A3D840A1E39E9BEE03BB246BECF88780A93"
"SHA3_512.cpython-310.pyc","9879B7B8DE11BEF1FBDB8A7DDC5481257C685ED64984C62F6E9ECBD9C41FBB4E"
"SHA512.cpython-310.pyc","9FA943B984E23A9C750434FBB80AE2E46501BFFE31768BC85727834997A9E75B"
"SHAKE128.cpython-310.pyc","A1C815E00CC21DA993AA1DC2430F6FF248D7C002B4CF8B92653B19E601959EAC"
"SHAKE256.cpython-310.pyc","276EF457DF32B4562F56DAB99929CC542ED0822367463C33388805FFF173F450"
"TupleHash128.cpython-310.pyc","0A7F1918E21BB7B70897CC476F6FA36E1D6DF1220222FFE0C441349B38FFDA29"
"TupleHash256.cpython-310.pyc","7C1A462B502F169DC61B3D0EDA458B3B939DFBB102CF365D96706242E31E7391"
"TurboSHAKE128.cpython-310.pyc","31FBD8C0C9DC21B3A8343E4BE9A285A918EDA9FCD8762A75B5E793C2669887E5"
"TurboSHAKE256.cpython-310.pyc","EA090967C24190B6F27C1C9ECFD48C8AB99DFB359A1BE7CEE1693ADF13EF3661"
"__init__.cpython-310.pyc","54B55149967C78006700305702AFA030340A8058D9B4AD1C862C1F20A39D293F"
"PEM.py","5FA5AFDDF9013C0325CBEE30DE98939D41E1147795618C957E66E02AF8792ECA"
"PEM.pyi","FD17DE9B1D9EEB3950223BE5E5B16A8CA3EE0A7E4822557F0B882BFF3D67A1D0"
"PKCS8.py","FF75CE97B8C57A7CEFD795E2B3DAC22C137F2746266DD08DD03BB85652DA6C1A"
"PKCS8.pyi","FAD405161C2DC747135241B41988E65295D43B7F3F971FCCFC8B76D634C7D144"
"_PBES.py","6633D0F2896375439CA6109FED95D117B474BBFE30D5BE96A796405AE9B26E2D"
"_PBES.pyi","816463C1012174C626FDF286098D851BF55E201879FE9DEEADF777FD1CEA0794"
"__init__.py","655DBE52F138022CCDAEF6DB28569EBA1D513617D12AD88685D793E40C21F5FA"
"PEM.cpython-310.pyc","8B0F66465A18C9E3521E489128C1588836EA281FD205CF9AE3C9F9B3C2489A55"
"PKCS8.cpython-310.pyc","A8CF2AA5ECBCEB022791BD207CC25F96A9FD43A29CAC89E3B161E8110E377431"
"_PBES.cpython-310.pyc","118049EA6088192B00CB60EBD2D71FF4EDCDB09FC6866D022034F556EFC9D37E"
"__init__.cpython-310.pyc","A60F7FB3F37454ED3585A4280F04C6384BECE240DAC1E993D02B3247A6A460C4"
"Numbers.py","CD5927AA7D4B57E550ABCC6D2A3290F6F165E51E583BAAD185AC4E10E32B373A"
"Numbers.pyi","36E3014B15693406377C64FBC0E58407E6419A3FF10816F1FC5961DA545ED142"
"Primality.py","9E315F65030720826EE4A6596E7EC90315F02A9D090386D8C01ABDA23087B500"
"Primality.pyi","F73DAEA86E4577FDE3B6E314A1DA38441A8F0CA8AC64A018821E10706B80C903"
"_IntegerBase.py","B7B746CF7E40E3FB9001C82ECE5981707DB37A9D911BF48AC048C2A23E8AFA28"
"_IntegerBase.pyi","C8A26AFF672F06B9C4D80286E0EF8DDE8B2B41FF4C317AB75ACA0FD0D01C751E"
"_IntegerCustom.py","26BA8C29BA0B6CEDB713C07BF55BBC616A967D0D6BFA5FF5D28D0F931541C5C8"
"_IntegerCustom.pyi","BAF20195FDB64EFAB526FE676151CE94716DCE7EF897EDFBF92BC744E53AECFD"
"_IntegerGMP.py","320DF55B216BBBEC09A2AF8CE032A6FB3262A31EA22FDA54E49A050813424AC0"
"_IntegerGMP.pyi","32D4D0B0B2FD179F5DFD1A04C22A2D3FD4D178D5C7645ECF15754FC073C7E508"
"_IntegerNative.py","2001DE6E35D82534DC7B2D659938CDE8911C935A51937E1E9D0967D7310DC7F6"
"_IntegerNative.pyi","CA1DD04ECAC1474B1FBDAD15AB86881FB10E182A32C3AEB88C3F9F1B468E62E7"
"_modexp.pyd","4F7650BE6725A70A29CC57CDF1D9A2FD886C06CC5DDE35C1CCDA7DD29DC5FFF4"
"__init__.py","E3B0C44298FC1C149AFBF4C8996FB92427AE41E4649B934CA495991B7852B855"
"Numbers.cpython-310.pyc","0B9795F4F8D67D01FEA2C85A043F976DE8EEA34E091E5B42AFFBAC7F79BC744A"
"Primality.cpython-310.pyc","CA8A21EFB405251ED5CE9F3DF170520C199136C316E3DBDDA34953172EB0BAC4"
"_IntegerBase.cpython-310.pyc","893248E82FB2E75A22529F5DA2CFAD8D9C7CBE88959134C6CA8F98D1599F9A32"
"_IntegerCustom.cpython-310.pyc","AB89FCA6CB38CF132B82A23B3B21E657A24D2237EFCF91B1584E5B3D0481C9EC"
"_IntegerGMP.cpython-310.pyc","2BF13D54618978434466553F1F0A0F6A734B0BDE26A77286458DD7D810904D3B"
"_IntegerNative.cpython-310.pyc","CEF223303E520D9670E4A4527C7A2607B869DC5CA76B3FE46DBFD7165CB0F330"
"__init__.cpython-310.pyc","04E75AF094702220EBD27DD963D5B49C66EB575C37C48B0F851C608DF981BDBC"
"DH.py","0E94B71F9C9A9C1947FA073AFBBBD445E19AF8B6660AD905274B60516C3B36EA"
"DH.pyi","0165954822E201884855D758ECD526B2D53556065A67F40211B039D4D7761133"
"HPKE.py","2FD5670ABE4EA83D84426965D289E4A72F3E94432A887347F6CB1DE5EABEC24D"
"KDF.py","35B294D8BBCAC58C0A25A0218F755C0C8F2A175BF76520F2A5E8ACDCA9663E64"
"KDF.pyi","2BB0A80795E8AB20B2078D7317DC0E76AA6CD7B6263FEDC4D8F45B0C6B75B204"
"SecretSharing.py","4B9C052857D34758D4BAF7330BC1FF20CE1C891F91ED80320931715968F7C329"
"SecretSharing.pyi","17BB4B071A5BAAB986780546A7B0F506F186A683CB2A2A9C9C3B727C3D9C0921"
"_scrypt.pyd","11CF9155436C23DE02ABC126EF5ABC0C59D0D5B3555FC51F167912AF21AD38F6"
"__init__.py","5E519AC6FBC45FDC85A460E0DDAD070BAF48BC16C1BA2906A67168F89E3F0899"
"__init__.pyi","D17FF2840E82E8BDF3FC2378B27B824FE0C97506473295746C18253407FDA61B"
"DH.cpython-310.pyc","FF68F857ABD8B0F007FD170E3628F63CC721DF338BBF994B1D635B4BAE2E6B08"
"HPKE.cpython-310.pyc","89611DD21342EDCCCAC618EDF180CA28F97C3B7A99A9B9CDE02D6FE5C0CF3661"
"KDF.cpython-310.pyc","C002D2100F4A17619AAF20C6DC028C28DA7A17C92A3DD370961BF74A912D09B5"
"SecretSharing.cpython-310.pyc","E9E0F0A1D7EE6B1AB11CD77029AAECC0E38789AF56C3F8476406894C8661FCB5"
"__init__.cpython-310.pyc","013B34B29E18408971AAAA65096BA111682F7DC1E2309308FF7EB8B6119B2455"
"DSA.py","88656A01C57F1FA69DD8372736A5487BF7CD5697DB2C30E890168A82215C3A00"
"DSA.pyi","7E2D92CC91313869FFB9ACBDE0F4628F6BB9995FF154BCC0E8C2F1F733E96C4F"
"ECC.py","5D955475E9AF33A8FCF7156B06838C993A49CEAE537293D9A0E1DFEA60634EFE"
"ECC.pyi","9CB8FEB7F168295B38CF4997A8C53D1E2ADAFCE7A1E0EAD802C1ADBEA16F8641"
"ElGamal.py","3F4EF17D18BF3ED07E1E86975539A1D51E4F9C693B2B0BD5A58EB953B8CB6D5C"
"ElGamal.pyi","701C7CA660A0ECBF8B633FBB1A080F447FC693E128965D369C6165F621CD80B6"
"RSA.py","B737BC9ECE48B23545D69B052DC65FDDEAD4CB37C752AE7948E6E353F3B61FFF"
"RSA.pyi","FED5301843FADDB9262E17DF269746D55B9A594E26B736DE9C493731ABA319D5"
"_curve.py","5CCC3BC94E70A3FCB0D5ED0EA47B1211D3BF4E4EE0286BB8D2C2078B60CAA14A"
"_curve25519.pyd","818851A9C2B838D5C9A45AAA01E3E6790F848F3ED4B7C28F2E54DABB0BB8544E"
"_curve448.pyd","AAB7072304EC3274596A49FADAA2BB0467A314875D364182D459BF3921BBE609"
"_ec_ws.pyd","0720AB37BCE7023EA36261C6681154BE474673F2AEE0F8A2DE7434BF1BD60D0C"
"_ed25519.pyd","A3FB9C22C7C12DE043D846CDB0A5E2456DB6D626A00258652C74A5E614BD273F"
"_ed448.pyd","96E2B5DB37B8405E1319738637FC066DDB5AD5EC7B971F3AF552A623CE6BC4F5"
"_edwards.py","7A4B1978BA0509756DB8F50369E9C08D9D73F9CCAD42910AB2240788CCA4C38E"
"_montgomery.py","28FA6F7096A1ED303DF98C840190AE0A7C8A34330D53899A64CA74E7CDC75C46"
"_nist_ecc.py","6E4F16A6930871681261BDB94AD0254ADE17EC0E8C1BA035FEE46D692C391554"
"_openssh.py","1770B5EB194C3F501755156016C72B7D53C3E9C30B9AF483B1278496F711ABB0"
"_openssh.pyi","564C2B01DC5D096BF508761DB881E201172E2D60E939BA2F78E20BE46A74DDA0"
"_point.py","1C659E5F0E8D47835C200910395798D39EE7938D026BFB0627DEC5F0834E482A"
"_point.pyi","444A7983A33256D6F929FE441E08730EC90BA9E072157623C31C5C710B649A7D"
"__init__.py","EBE86D392CD784966390AA48E472EA116B944C9F1A2AC38FE088DFBE3776948E"
"__init__.pyi","E3B0C44298FC1C149AFBF4C8996FB92427AE41E4649B934CA495991B7852B855"
"DSA.cpython-310.pyc","C36064FCB0976C8F055330D8B6FF679240FA431BDCA7FDF883955C6BAFABCB26"
"ECC.cpython-310.pyc","6F2555310FDC71BCDE810231E00F18B01C3A87E16DB943F872E79C9143237E64"
"ElGamal.cpython-310.pyc","087B58D0A29ED21866764D63058445001ED6C1A4FA8E79C547B98509D997D7A7"
"RSA.cpython-310.pyc","38B4F2974959BD55AD2A452977674F19E4D4F2A705E1C8732FCA53395E4BB7E8"
"_curve.cpython-310.pyc","3A971697DDB818305C2BF8504BFBEB499DF005F083D9CAB984887F81B1E663C9"
"_edwards.cpython-310.pyc","2983C51D47305A6409682648475832F4692F25BADE6A4122F04CD1553F6354A6"
"_montgomery.cpython-310.pyc","D3E21256867739C6B380B703C3E0D6DA7CF1D4CA1DF17DED6B41E756B35A8DE4"
"_nist_ecc.cpython-310.pyc","3C922160C0CACEE07DC4094ED01F1F76F500EC5AF216A13A194CA65E89041272"
"_openssh.cpython-310.pyc","21DBF12F2A13785592D08A7E7712E553DEFA4D0F8A2E05D4A379AB739EDE5D18"
"_point.cpython-310.pyc","147AE62731A9DCB8DAB8B040843009BDFBE1CAB7416B0196E12C3E0250A3A49D"
"__init__.cpython-310.pyc","A7808099D88A76F1769E1943B3FAEACD537708E2A9A0B5DD33752ACF159E984B"
"random.py","847D850D2878E5DDDC5C984B08ECBCE8A4B698D3890D9A71F20C5659424306F0"
"random.pyi","043AEDA2F263A42A0086FCBB0CA801FF1D9BF396FFCC966452FF25DD5030A013"
"__init__.py","6970818ADB817AA3021E624C7BFAEAC0EBE70179F38D832ECB8FB82F77F9CF69"
"__init__.pyi","3A9548EF07A83C2F2BF7DB05EDB776BD788B9D9C112EA8155333242839CC27D7"
"random.cpython-310.pyc","9B7E0965EEAF336A871A796AB2E5C163E5819CC777CA6DD8053B802E5496D861"
"__init__.cpython-310.pyc","6F27B6B943245018C071F36DE7872E04BD96FB3DEE2DD02A3A47771C8BD10A0A"
"loader.py","C66F48941234C4A4BDE73F0ADFBAC0EE23A06BA95570E50C0AB26D1175F1F9BF"
"st_common.py","E3C8C0C68ADD996CDDD2652B0BD95CADD0A658822B592301283869707B75738A"
"__init__.py","D7801594955DC3EA5724CBDB44F0F46F6CFA3B1F092F5F1B898A3E374827EB3A"
"__main__.py","371F82A4438A90A0BB7ECD4CD5B10DF6BA7A92E9659ED942DA7F1431B12E7EAE"
"common.py","B20CD553365F8511C5510A4809C7C2AD8F4F284AB77422084EDEC7FB17672BBF"
"test_AES.py","EE07F5393E0155111E8DDBE238154D6BF501B9E038890279154A90DEC0AE3211"
"test_ARC2.py","5069A1BD0A5710482D4FB179C776B26C388A79A1764CF129D3C34B51867BE9B3"
"test_ARC4.py","C27FE407553BDDA4B317777EA16304119649F703FE7E394B72FB2C6952F116BF"
"test_Blowfish.py","1C0A6CD28C17E605B4B38859539915A48188B80C065D3E6105A75D18B2085D1F"
"test_CAST.py","D254EE98AE5448BE3325495B760488584FD7AA01C84E7C37DC575C3B67C48353"
"test_CBC.py","C051240D42F4D787C4FCF8D9B93E7D57C6C06A9522CE6491560F5787FA720EBB"
"test_CCM.py","8B4EDB93A8E72DD904E97C390EF544FE7B9E0A106C4BB39FD696CA29F7C4E0C7"
"test_CFB.py","8C8E7064D74D5FEBB6DDA2D8F732B0FDC8B9DBD8C60628850B1A9EDD0E928EC9"
"test_ChaCha20.py","38AB297958C0F5CAE2740874B3A4FEC39DAE50544A0549AFAC27AC970BB79C4C"
"test_ChaCha20_Poly1305.py","5ABAA42791EEA74A443A8AF27F6B30789ADA4DA25EAFD3C27B55E6FD0A72B5BC"
"test_CTR.py","A0B3AA6E7C8EEFF74262E46241FE243384F092FBF12739C37E220C103A8A670C"
"test_DES.py","C41578E0F083953CD2DB20BCA178EA025555BFFF316226554660D9D022629D5A"
"test_DES3.py","3C3F70949BA35A7AD857F868A965CB3C60DECCF647AD8F57D1376A927D4FE6B0"
"test_EAX.py","E88222F910617630CC5A787AA5CD9ED2AA7FE97E2AFEDE81081A1A49563950DA"
"test_GCM.py","4C74DAC5A5C6C9C13BC13EF24B785DA7A6A3152021170853B381CB01657D3BE3"
"test_KW.py","9F09079569353DEA1E6455EB4F348BA7AFC3CA38DF6A49A0F69DC7D195CD4886"
"test_OCB.py","2880BA6F625DEA89877C48779F483200BF30CFC0EDE1D6760544EF15FB157CDC"
"test_OFB.py","2E80B42D5B78FAB6CEFDFD3A0C673FE4B4C7ACD980F0591CEB8273818A0E61A1"
"test_OpenPGP.py","8A26FFC64B50C468A32BB086525829707FDC65F944F49CD533741FFD755A7FED"
"test_pkcs1_15.py","F6246A4990BD7F2F862829AF855A324B207ED435A3939A29BE02D512306AB6EE"
"test_pkcs1_oaep.py","FFFE36539A06B60D92D1E7030BA0FF72C87E28E9E583F7AA633310E897432A3C"
"test_Salsa20.py","7C46C82BE5DE22A6254199E3998A0D09B2A29489ACA1A1B1DAD66D2E9441A097"
"test_SIV.py","C3C3CEA65EABD6573A1EAAC18D39800FBC0327D89ED17705C1B7747D60E34DCE"
"__init__.py","EED90C4704B6C5A076015B67C96E78C644024BB4B40E552808CBE33740C74B90"
"common.cpython-310.pyc","48064518A647E41FD4F227B444F3DD45C6947F70AF75BD7F7CAD20AA81B386DC"
"test_AES.cpython-310.pyc","B74F110FE26E6F70D1C93E35984FFD2606D1B72FBC59E58B7B5EED03D92B9AB2"
"test_ARC2.cpython-310.pyc","0128C2A6DD61A3C5C93FAE806866F23E37B9A525159F573348C056922C9E668C"
"test_ARC4.cpython-310.pyc","D1529F1308002E3FEBBFC46132555AEA8EC12144C9EE3F277742A2546C4AD911"
"test_Blowfish.cpython-310.pyc","643D2E651DC45E00307D1BC9E017ACC8C70957378CC5346A2174EAF3617099D8"
"test_CAST.cpython-310.pyc","69EEC338EA1AC6B08AFFA534EB89A285F27A69071A11E1A29B3FDCFD9626F795"
"test_CBC.cpython-310.pyc","440465901B404F8E1E35F1A39884BF53ECA98D73DB2F3A34C964876274A9D5A4"
"test_CCM.cpython-310.pyc","5E853C356550B76A1C1CAD62ACD3E34050FE665EF4148A1A447F99085FAF351B"
"test_CFB.cpython-310.pyc","B3137689D1D5483318506F68BDD3536499E71F9FCC63B61B9DDCFF206B617410"
"test_ChaCha20.cpython-310.pyc","C802BFA6722B66295E467AA508E6D46C5B2A4476634884A37F779C1B7892023D"
"test_ChaCha20_Poly1305.cpython-310.pyc","D0FFAD1D5D362EF1264B8F0F93A6BD864CBF1530C81F7594A36AD87150AD275B"
"test_CTR.cpython-310.pyc","E55997C88AF3B942070280BC38F86BFBF3087D645BBF6A7166F107BB4EA8B502"
"test_DES.cpython-310.pyc","5F1F8CD3DDD34BD8787365F8A92168CAF281FE6BB94C5AE5DA8C11FB99153763"
"test_DES3.cpython-310.pyc","7C8B1CBCDF75F635E2675216AAD002A3E1CF55EAE2FEF17FF0E5E970A82D39D1"
"test_EAX.cpython-310.pyc","467CA0747D4ADC63C40074A4EC6E936713FC2F8F9E6C029E507EE191AEDF36BF"
"test_GCM.cpython-310.pyc","88B505B13BCE25A33D26C39A7202E5675802E7AFF216FDDF105A2CD32775B3B8"
"test_KW.cpython-310.pyc","6C806B85A9009AB310D904CB51A33C74F11475DECEAF65A446871B9A3DFA6271"
"test_OCB.cpython-310.pyc","A9A5CA1FC4866884F19E16E4575EB642EF0060445DE8734ED81B8D46DBC2233E"
"test_OFB.cpython-310.pyc","6FF9EAE3262CDF2D66C4B338E7C9A1236D2D505A1E45F2C744067EA58E123736"
"test_OpenPGP.cpython-310.pyc","BAE2DD9E7DCC3292678BF68C0AE4DF2670102D850DB68090D2115A76F6104622"
"test_pkcs1_15.cpython-310.pyc","3417A3F693A46A017CC4A0B573EF05A7775AC8739D1BE01B04229953ED451836"
"test_pkcs1_oaep.cpython-310.pyc","26E1A31F5FA729F6B8C2FC5361C04DC80A09C2711262EAA21CF3DDF3F117EDB1"
"test_Salsa20.cpython-310.pyc","238723035B124A5D3B657C12C4208CCB58C7397153AC9054EE229F7DE34D1F0E"
"test_SIV.cpython-310.pyc","CDCBB6E0339E3EB301753BBA474B2E1363A7A889612569B00ECD1D7E6A9B46C8"
"__init__.cpython-310.pyc","CA5E8A6EF529E537F65B4342BF4F64B4696F4BDD3976CB456F82E6D1001E55F8"
"common.py","F46DAD2AD7E05402E3B11F3E7900EF62F682297B9E6650D6FA3601C17D746EE9"
"test_BLAKE2.py","72B19A2891AF75421096093F7709E6C35B4D8DF1C0B0A7379E3A6A2646E1F3EC"
"test_CMAC.py","E18D99F498286A1C516BB8BEFFDF078EFD0D8A12E8112B0FF93713BE7375A840"
"test_cSHAKE.py","85785EF08B1BF94D3F68DEB94D74E261B87005CDD49BA6F1DC6126F7F8F4EB55"
"test_HMAC.py","8E3927366532393EA4F31C27897554DEEF7464E53C2FD01C91B4DC117CFCC237"
"test_KangarooTwelve.py","1F973DC7E1DDE4BCC54D2F029470B9D4DB8398788EDAD26AD1ECC4B3C0CAF86A"
"test_keccak.py","0FC4806701BD580C32AA321CD78A6D1270BF95B27F6FFBC703257D1105EE7C15"
"test_KMAC.py","5F6F4CEB9AB1413AB60F86E0D30E051CD3633BFBEAC0950574DEA47246118E5B"
"test_MD2.py","EA04CBA208FCA5181913674787512A7CFAB1636222F02C456E9BDB756298D4F5"
"test_MD4.py","B508B4B2B329F22D9B30B9AA9058411EEA42452322B70211421B874740474112"
"test_MD5.py","50B3666E4D8BFDF0B2064A97B11887CCCDED151B4106B03FB4B06AB336517995"
"test_Poly1305.py","9F2140617B0DAC2112B567E81B81EA215852F13A035654726AD9C0CB8A3DC4C0"
"test_RIPEMD160.py","AB262D4592B76E2531EEF56FE38239FF0E630B51EAEEC2ADC8420B3524C9782E"
"test_SHA1.py","1F5B9AF1E96AABFAB2FF173085B89F3170B57CAA2E8FEA086E802BF4E65CCEEF"
"test_SHA224.py","B2D11B3990AE7B31E019FCE45B92EB0686BE016A01921393765C7BE5EABBE45D"
"test_SHA256.py","1F2ECE73919964E7A78F57AA85FDD9A0AC1D8FA892451872A94212CBE0D627C6"
"test_SHA384.py","F92BFDFC3723C4F4E6CC2C68533BCD0A6575B2B88454C260E9A3AEA8FEA24807"
"test_SHA3_224.py","7CBDDABFBCE5983DA07E9B9F89DF0D74BDDF0B19E86D601DED56ECEAAF13C2B6"
"test_SHA3_256.py","BB1F328E905CAAA246F80B0717C33752B1BD76CD701B251115DDC8DE46803DC3"
"test_SHA3_384.py","2D0D15100DFB710824DD98254EADA038E5E4F6D013343E6AB9211BBDDE91C16F"
"test_SHA3_512.py","8F70A96A6A296FCE8DC35B6E9FA0B7165165DB7C6CC19EAABFA35880041E6441"
"test_SHA512.py","5E1635B3909EC13B64B52FE3DE2403FDED79E072ABB7605626FD07F97D18D864"
"test_SHAKE.py","FD6B462D6AEAD0D373B58AE317CA4158FA6C1A9A22535D5EB1CC3CDD5D9F4AF9"
"test_TupleHash.py","39607A6008C85D1757B07A685AEAE41BB4F3448147BB9E665E55ABBE7D28D96D"
"test_TurboSHAKE.py","2FA6B5CD5EF1842E92C9662CEA1B1D5090AB51E057260317CDE09B2583199BFE"
"__init__.py","114A5761AE6B99D817537AA5B474E0A085E1333D5D6B9F4D8B57D0E4BE44A632"
"common.cpython-310.pyc","10DD4F30BA7DF6BEB892BF8A92040B091340827E80337556DAC65CF30B4920E6"
"test_BLAKE2.cpython-310.pyc","009D7CDDB906E48E64D96CB3EB7D80AB088BAF74F8B62982412F936BD55357F2"
"test_CMAC.cpython-310.pyc","29F2CF559FFB86A3B32DB163C4A083C43FEE9A71ADEFCB504460C381EF2485E4"
"test_cSHAKE.cpython-310.pyc","D50783A20FF2E204B78DBE8A765F9D8AD6D9E142729BA142AA18251389D2F57C"
"test_HMAC.cpython-310.pyc","824DE76DEFE05F435C20B9CEE0303EF7409B81499D8379DE716B45BEEBD6A0FD"
"test_KangarooTwelve.cpython-310.pyc","52954F0096095E3D55CF68B882208245463784E9FE2B2A44120E16BA32ADAAE0"
"test_keccak.cpython-310.pyc","307FD08F41F927F70883218D0D9CCBE6766CF2C34A761AC2B169D7B1FC420718"
"test_KMAC.cpython-310.pyc","D4D0FD9D5988B1CFB6723C164D7DB8BE5F8037CE1098826E2DDDDDA2FAF43CE7"
"test_MD2.cpython-310.pyc","979F3D0F52981B70AB5C421C96182ED3F30675BAF7D2806081CDD5C117496D15"
"test_MD4.cpython-310.pyc","13384B051D99FFD8FB8F01A182B4F81062FBD0DF1D30B73A8704E78E9CC44A6F"
"test_MD5.cpython-310.pyc","0C66CB94C32641E9E41D8CCA6FBE1E2779FEF6F00E67F8BAB8EC5C2354682935"
"test_Poly1305.cpython-310.pyc","7789AA3E2BEBAE39AA0E96C71EBD7A9A56B59EDC7423BF8DF3EE6CD957A4868E"
"test_RIPEMD160.cpython-310.pyc","CC3CFB1B3F6FB83ED25A2658786F97BD0FC51D6378CDBAFB4CE816E732136F68"
"test_SHA1.cpython-310.pyc","7EAE92CEEA419FCA4C2BBE1B861829BF3076B0433CBC2C6B8651AB2CD782602A"
"test_SHA224.cpython-310.pyc","D1B9A5CDDE459CE7731E2B202022F20FB9B36A5EAB4F2680E6C01CE590592874"
"test_SHA256.cpython-310.pyc","769C9C28FF2BAB30B2E5352AA98D20FEE5DB4EDF248A79463FFFC431808AA5AC"
"test_SHA384.cpython-310.pyc","6E481B75789E0DCF77A60FFE6415CA67AA242BD67DDBB0A481537C6DF5F4847F"
"test_SHA3_224.cpython-310.pyc","787C0B8AC7E2BB71A18B74890AC693A9C73F8193B5D2E8B5FD41B58B9CD5BF61"
"test_SHA3_256.cpython-310.pyc","3233FE64419C326AF0CBECAE88554E91B3B246844AEAF50F5C3B7E1EE52DEE55"
"test_SHA3_384.cpython-310.pyc","9C780170626B111449E17C5F2BD2B982A2887E11A341C2D659718D615087BE21"
"test_SHA3_512.cpython-310.pyc","71391C2DCED97CA01E03F8BF86C8FEE0B60E82844CD69B1064FCD1B8EEE733ED"
"test_SHA512.cpython-310.pyc","BD61C1AB3BEE1C03DA1B9319767584DCAF2529205C684577312701C78F160905"
"test_SHAKE.cpython-310.pyc","452F9A45126901AD71E0CBF1467486B9F4A5CD815707F655A71683E8C1835A1D"
"test_TupleHash.cpython-310.pyc","2CDDC5231EAD8822F8DD278C17D27FAF96E0131E8B7ABD8BE084434896D270C4"
"test_TurboSHAKE.cpython-310.pyc","2D88EB99E12B96F66A91A5012CC8D10EB57691643CCC9FFBABCE619684FD5669"
"__init__.cpython-310.pyc","F7EE18D8334084B8DA21CDA10ACE447AA520225583995E1B8845FDDD57731EEE"
"test_PBES.py","51C9A9AD67562F3862953DC1B3C6125C8FA0FA53A954822D4FDB4A89FF20DFF2"
"test_PKCS8.py","A89DA6F7538A6E1A9E1D602AFF6056CE651989C6C0279FFA348BB36DBA0D5AAD"
"__init__.py","DFF0C0D77894EA9767C1E7164BBE481377A8FD79602115C3E46236E9FDB5D77D"
"test_PBES.cpython-310.pyc","AD7B940873CD345E2756C892148F703D04E848610DEEC567659B601A0B6056E3"
"test_PKCS8.cpython-310.pyc","EAF478FCF7090057CCC155D15F27B0A946CB404CBF737484E8AC3011F0583124"
"__init__.cpython-310.pyc","AACD055EC03B05B051621CE49D16DFAEDBBE04A83A9E23BA512DB805BE928675"
"test_modexp.py","6F3F7A79F8A431047B05E3C6A70A6772C147A9C2EE8F7D855CE022B2995BA8E4"
"test_modmult.py","48A5D3899C5EFCE0F4C63131C3BEB5239C204A52EACB53C05B71ECFA3F7FC25C"
"test_Numbers.py","ECE6CCC7200BE98838C5155F1FA1A55F38B476BDAA64B9992322AE70DE9AFE0F"
"test_Primality.py","7FDB4557551C95F2267D3CC010018955D18CBC07E5FC7B39486504D029B6B6CE"
"__init__.py","96655A808EE891D1861ECAA4058F51A5B134492D9E992AA6ED855472D6AE8FA8"
"test_modexp.cpython-310.pyc","4ADD26C4724EAC105B31252547061EDC2DE0343C101944BCDB25CC7A9A774E2C"
"test_modmult.cpython-310.pyc","5C8D52603138E4DCB1AD65B774EB369B27AA0C560669DC0AD779034F3A4FBF89"
"test_Numbers.cpython-310.pyc","2270C38C9797D8CD436A5FF8628AE9EA8D945BBB26B18BEECDED5E9AFBEBE43D"
"test_Primality.cpython-310.pyc","7B8D3D023205FA5D8CCC589D167C4E4C6F1C12335B934E24619A99F60B47C409"
"__init__.cpython-310.pyc","D5217B4EF7F2DC44C06217D2D3DBE5637179B53B9BAC4E767B903288CB3B7DE7"
"test_ecdh.py","5C80462639FC882200556487D6DE9245441AD31D6A5BACD7201016AABC930068"
"test_HPKE.py","377D4BF599F288816BC35849B2B47FEE5EDA25952A7CF90CC7F47F9B59A072EA"
"test_KDF.py","303ED82D8BD98BE2BB18735D1CF782A29221EE5914332448E3424DEC4D4A15C7"
"test_rfc1751.py","24A724C38BDE4F10188F2BB99391AA45EE6FFEFDD0B014F5FF596754133CEE84"
"test_SecretSharing.py","EEB9A9CB378A123701A307DF1D919731278F13BAD2080C330822F972ADB84EB2"
"__init__.py","138CF10F3BB54E13B06F9CC4966C55A4548631C8BF85BD63DDDBA43955353F6B"
"test_ecdh.cpython-310.pyc","9DFB78A68D5602AF8C7B6D78223D7A52EACBE834E797E3783FA5BF5AEBAA5185"
"test_HPKE.cpython-310.pyc","F317A14D15BD10DE1BCC8569F28AA502AC8DD57521517C008B5943A06A97EA91"
"test_KDF.cpython-310.pyc","6AB8F8F9909A32DBDF3EC146CDC31102B62E07EFFD2A439ABF376FA5DD895BEF"
"test_rfc1751.cpython-310.pyc","C931489B7172096D45BBC2CA35370974952960ED9E8F059F67A3773779F7FE13"
"test_SecretSharing.cpython-310.pyc","E6A0692037F1CADC737AC07B1224A5B9F234EEDD9A51139A90CE2CC116380157"
"__init__.cpython-310.pyc","AB6B6B47D2B6C6670160AF07E48A4EC560F7BD2848D9711F3BB46CB9590B2E34"
"test_DSA.py","9DF5DEA71102E4EE6F0A657CC6D6EE8B955D2789D2470B871AA8A80EF3E795A3"
"test_ECC_Curve25519.py","8447B2D7E1A8794235497D6EAB3F3CEB4F51D7954525BAE5F72F3CF9BEB2B90F"
"test_ECC_Curve448.py","672CA0C7CEE8530723552D1C90C211EEF7F996E0A7EF654E61F4E1144E938A46"
"test_ECC_Ed25519.py","2BA61599653C470BC5FED0DF164D696C4B362AB46F164BC1A5437CD8868CA058"
"test_ECC_Ed448.py","640AAF9127669AF76BB9CCBF6371AF99FF7EE3C6F335953DF14CAA221A5C28FF"
"test_ECC_NIST.py","32708A24002D6D5FEEEB2CF23682659363C254492D2DBEC20C861411DB5E5A17"
"test_ElGamal.py","4D60C3E9D374A4CF2B012C1B5CC5B51F7AA7D0B5B4A54EF7455F39593624F960"
"test_import_Curve25519.py","4DAFB5DB4B63193D32599409A651EE233BCF59B0D65527F2B6E5BC68FDB14719"
"test_import_Curve448.py","C23F1E383AA5F786D5CF9CBF4DCC1B873505923B3D44A9097ED9288C6A7EF495"
"test_import_DSA.py","EC1261D609D8D8A7D4CDF9AD2FCA2D1EFD47B6ED5CFE6C606BC1F6764D23AABB"
"test_import_ECC.py","DB19EFBD574200D680ACE6F08BCDFDC1E0C31475F9DA90DB9F0F68F0CA7ECCC5"
"test_import_RSA.py","309AE3B0BFF42C6F77BA3F89285FCFCF825E10300A4FD1C77C260FB812F93C59"
"test_RSA.py","49CCDA5101BFA3D2E7769DECD6D6C4E7660AAC61ED02CD380942E80407F6E4BF"
"__init__.py","6520D5F34B8961FCC8FFA2EB99E16571497B9E5142791126A4C8C646C1683A30"
"test_DSA.cpython-310.pyc","E8DCFFD00DCC2AA973F9616D6FB8D88EF45E6F059A782FD91512BD857DADC39D"
"test_ECC_Curve25519.cpython-310.pyc","3188AE65C0E6D0A31AF8F9F1C3E3D8D35C230FCD2F79E3019DA994E9DD9E924B"
"test_ECC_Curve448.cpython-310.pyc","DCE47F161133A8C93B3C217D7BE814F9E21366CCBEC4FB0F27BBB518411ACFD9"
"test_ECC_Ed25519.cpython-310.pyc","C32BFEFB9062ED705BF3044DCA6212FB48D81730E70243E22A0B9782CC93C829"
"test_ECC_Ed448.cpython-310.pyc","5052944DC1DA11DDDF0D8696E73589300F097EDA2F144554622C6486ABBDBEF0"
"test_ECC_NIST.cpython-310.pyc","905635ECD3A28CBFB8407980A27DC87466D52BCCB9429419E16026F4657C0339"
"test_ElGamal.cpython-310.pyc","979107B9D88C65920156A77CB63931B79C9A84F11D39E6E198D609F0056A2464"
"test_import_Curve25519.cpython-310.pyc","2138FE65783BDDD4170258B4715D09DDCBA6A9302F65548B2272C7565E57105F"
"test_import_Curve448.cpython-310.pyc","1BCFD383BEC069ACB7A3F35BE290A263CD5105FA52FDB35060FCFFEA088AAB69"
"test_import_DSA.cpython-310.pyc","25C0C49B421280F467D0E9B8E9F5AE1F0776B8DB26E5EA44B394D15D2C4820A7"
"test_import_ECC.cpython-310.pyc","64663D5EE035A4FFF57827B087E364989F3575AE60978FF7E475182BDC0CF61A"
"test_import_RSA.cpython-310.pyc","CF77C198D3CF35B23F0C4F623E512529DC0FB032AE05751034B97A4CAEB65B74"
"test_RSA.cpython-310.pyc","E8280982F0DACE42501E681C7881658B448F24C8383A88EB38377B411B7FFBDA"
"__init__.cpython-310.pyc","926BB95EB92C5A77C3359AA2F4D6A683E92257C2462AFA1277AA3EE79E6973F1"
"test_random.py","84CEC4047FD05E44BC93E612A74B9A72554B499297A64F0CA4E93738CEA182BA"
"__init__.py","9C6D9F1BB2B129D937BE32403EFEE8C48CE3A163D7091DF48A032D3976D105D0"
"test_random.cpython-310.pyc","FB59AF106AF5A0020B5145E0F567FEA47EEDE2C810A6ACA4EBF25FA1A46EAEFB"
"__init__.cpython-310.pyc","E8A7BD69F31B47158DA39D535D5E938E6D47718EBBB06B43DB954C2C543FA075"
"test_dss.py","3C52805413AFA185496F75DFE3CFFA3E24444FEDE04793551A7C8248B3C9DC50"
"test_eddsa.py","56EA04E4E4CAA834CBF9941351CC417FF833246DA5637FCA24D462E417FCAB3D"
"test_pkcs1_15.py","374B05BBB8483D18953477106DB16090B495BC18F014E69DBFE11F8F0C17FCFF"
"test_pss.py","98F05602150CF5A3351EBE3D53E1681A63D1A180E825DDDCF2F6F70A465F128B"
"__init__.py","EE9D77A0F03E91170605EE5BBC1FDD351030504B68840E5D1AC87C688B2BDAED"
"test_dss.cpython-310.pyc","C85EFC9DA30B498254F2E0B19C36127A16DEB8CCF88A09CA551A1DCA8A2C901F"
"test_eddsa.cpython-310.pyc","8287F19A24F660EA4FE51CC12CE2D03B103B76E1EB65AFD0548C6C193FE64C10"
"test_pkcs1_15.cpython-310.pyc","F1255C498E714E8DAFE3CA212845D6266AC546A4D40739DFCD8A540FC6939D78"
"test_pss.cpython-310.pyc","38286EA8EFD7211DF88F3C52F8340526A36BD52AC3E54F8CDAC55B873321DCB1"
"__init__.cpython-310.pyc","AFA83D5913BBE76282DF7DE277FAA74D3F5A4C9D0D8F418EE674B425C658C268"
"test_asn1.py","3662DD95061792F239D6E8DC41B6F2479443A038702E6E9CA489BB8DC5BEB29F"
"test_Counter.py","02763DEB01564FE43AF6BDC7DC576D6B08F7A1DDDE04B0DC6BFBBA541CDF85D3"
"test_number.py","067DF10041A13D4C622586ACA5FE641CF9F539D72F028238AEF2A8569D260027"
"test_Padding.py","B0FD374CC65649CE9AE54E7EF99E492F6206EC73FA960D302626B22ABEF84BEF"
"test_rfc1751.py","2FFBD2CE2A6C2CA32880EDA89CD6FA1CA360ACA01DCB14040D22B72E1909681F"
"test_strxor.py","2D5816DC682F8906306355F4E1F699A5D6DE5F87CFA85D4A9DE0905D6DDEF81A"
"__init__.py","B0A12A8B242DF32813F9E53643D3B1B15789F840B50B093B085CD52C0052A916"
"test_asn1.cpython-310.pyc","01531F822D26BBD31A4901E38FD6E5159E6516A9BE9C4AB7A513A6CB2B215E34"
"test_Counter.cpython-310.pyc","856753E3D067C79503C497AFBCA5DB82A22AC867CCD311BDD4B1FA90B68C6EF2"
"test_number.cpython-310.pyc","EF257949ACF4F0A220A54507D474E15225E767DFA3672EB7B3830CB89FE42741"
"test_Padding.cpython-310.pyc","AF87560F11B08259BA55BF43ECE4F98DCF15A1C23DA4E293464BDE88B5231458"
"test_rfc1751.cpython-310.pyc","DDAC5BF792BE99C95FAEB1032B66F546F601163A74D2A2A338D5775C0FAB3F19"
"test_strxor.cpython-310.pyc","9CEF8648849B24EC4117195B5A91151C6B1BA904FDC5E355753E4D12445470D7"
"__init__.cpython-310.pyc","B74B9AC1128A152B094FB0603DB8D84383AC7A055B422E28EDDB136963E7F0ED"
"loader.cpython-310.pyc","D22592CEBA91C637129CFE2B0E0D948BEE118EF3BEC919AA7F0819A2EE029622"
"st_common.cpython-310.pyc","5916B37956541B72C2434039291D935667E091F9E288BCD2F07A6A3F707A1881"
"__init__.cpython-310.pyc","33D2A65CE73F1353CEA16EF7C9FBD2CDF1277B03D6A28259F4F296069A685790"
"__main__.cpython-310.pyc","B75E5AF3DC51E0915204E29D2E2C48B75ABB1F030EEF477D8B5A8E51D7A94F4D"
"DSS.py","E12160B0CE21353CFEFD1C3F76C2E9DD72056F5B2E7AC6D71A48C254D9C76855"
"DSS.pyi","C3EB4F62111C8C8A72FA79FFADC95468DBAAD42FCDAEE982F056D40A9AD3D499"
"eddsa.py","C9AC188EC9A0038E02117AB07558D1D09CCC7355BA56B9AD37480A92A3F09E8C"
"eddsa.pyi","6D25F1D512E42B6E7329C8B26AE11DAA330E0F12D5E79B5206634FFE609F8F9D"
"pkcs1_15.py","FE079E7777A6296A273901A9EB310600ED872E67D4944CB4A7692F2AB0E213FF"
"pkcs1_15.pyi","D9DF93028C824C4D4D171611B6EC4D2FE4600F352DC10292D4EEAA60E0A9B7EB"
"PKCS1_PSS.py","F5B9708E62BDBABC879A2F221331E8D5E6624BFC5BB66A610A81B49D24300B41"
"PKCS1_PSS.pyi","3618D4E6762716A5EF09643D71106C232CCDE052F393BD46DCB3BC02EED50A4A"
"PKCS1_v1_5.py","A2F5DE0C27FD578C169730B5AADAA6C4D9EB212C69998B0E68854870FB4C5E1D"
"PKCS1_v1_5.pyi","8A76E96EB20B5F500DB3F4366BDADA47A2598CDBF9A617FCD589EBD6A6563B67"
"pss.py","9B686B9B931FBAFFA121395EB256D8D50720ED075B24BD8763AA949044BB8876"
"pss.pyi","1B98011074B37E537E2A2B1D90D1BC4003E18DB7F7B4EEB8816F2690491A912B"
"__init__.py","2567D9DADE66C8CE9981C1B3856398708FFF5037E6ABBF4C0A9D60AFBD1E8678"
"DSS.cpython-310.pyc","FEA22931D00988B91AACF2AC0D8D22F5B5A3E2C821B3F1E0649F84F28D7E36FA"
"eddsa.cpython-310.pyc","CE3B2B2E26D7B175CC88409CA8B30BBDAF8A94C295CA01D6D63966D2A78DDA7E"
"pkcs1_15.cpython-310.pyc","5FD3ED74A9ACAB665CC0F2897FC949B7B96C8F775E98BF84FC84A5543EDD72D5"
"PKCS1_PSS.cpython-310.pyc","F683EFBAD5C595350208CD3A5CA044130826F564827021DDD6D8A927C5806BBE"
"PKCS1_v1_5.cpython-310.pyc","8F0AC7F1CC5A7EB22BE5BE9422A8799C9E7236962EF7A4E1AFF46075D00D05B9"
"pss.cpython-310.pyc","1C11F5823113AAE041D7A53E867F3BD79EC0A9D25461B2F6E5EE649D269DE5C0"
"__init__.cpython-310.pyc","8D82E28124A09B5E9F3975371F343EFEE0AEBBA1B79147EEDD7908BB10C9C8E2"
"asn1.py","302C42BB264A7E34F124435842F0ED731CFA1A199C122E261F5C730703F9EB3D"
"asn1.pyi","4DB889724654605FF759C5B7D754174D13F71B3B621792E48AD0F9BE0CFCCC57"
"Counter.py","3BF557288883A4D778AD2156B5AD5F20F4E111AEAE00D26B05B2676FA592E7DF"
"Counter.pyi","7A86661370C3B894AEB4EDAD8755466DE52226588608A530F63F3E3379585AD0"
"number.py","47BFDB5BEAE25FB9B3449D9DF8831B9E99DE951290C8C80FB1D1AA29C14EC17E"
"number.pyi","6BD67E3A908997245FB373BC1C4971BAC0CFDD5FC17D4B7CDBD3F51AD6774AF1"
"Padding.py","4E7F6EF995C8D8174E18B468276B64A2D47E8349AB31AAD702A8DCE59A587E46"
"Padding.pyi","ED464B7B39D2481D2C4DE1FF908308ADF7F035B21B3F7A242E469F1BD173DEF6"
"py3compat.py","12DB063125825CABEA85697FAA72BFD7EE5A5A36A5777ECEFF82713DF67E6902"
"py3compat.pyi","A1913976F178C28B8A7C117093233AAC0D3E772C4876DA9C084382BB95F2AC2D"
"RFC1751.py","D602E2C3BC7A5EB7AA6955C64CFA7E90F6AED55BCCAF8C3B197CA58F4EB1EF80"
"RFC1751.pyi","76B2DA534877F2226EA2D41EC36651EA9B0344F541B7B127DD6C51994F90F2C5"
"strxor.py","23E79442B11D45C61CC4D2E047F7981E73D3B44B5697CC2FC2210DA53C239604"
"strxor.pyi","CA7D073C74998CFFB501A2E6E1C99AF62F49272A5FDFB3527769E2A632DFE1A0"
"_cpuid_c.pyd","E7E6F27D5203768E6454B4066847A3AF02548C811146DA047C4A53B1EDAF32E9"
"_cpu_features.py","4A489250AE5C59C2BA6AD9F0727E88B0DDFBBBC079D236FA342905F58F9981C4"
"_cpu_features.pyi","72FD9C4BBFF5954C58E3AE5C421334E7A570E5E8108DCB45499F8B497B359F5E"
"_file_system.py","33A36137B3F9B3CF48ECCD7012DAE2AC898E593888B60206BA4C320B13C87573"
"_file_system.pyi","2F8B0576992C17D8191119B78CF52F73540F11F2502360F71266F5FF848FB5B5"
"_raw_api.py","B46AA87379B88F89F65F50C2F14A1F68DB782BFF06F8A2B54EC0E3BD8B318755"
"_raw_api.pyi","83C6B0310C82B4193830D59B3DABE23544ACF53FF2B53E0F918F2E8DB01F7485"
"_strxor.pyd","C80C1B169B894B141A60F99FD80E0DCEB1C9A598748315C26B955831D9DF46B5"
"__init__.py","089F8EC508F03DEC008884E1824B9793F9F37A486AED7EAFEF943CC365F8FCCD"
"asn1.cpython-310.pyc","75D44DA7C641B70D86E0B2CD64799F230EB6270C9DE883C39DF52DD61A0E1700"
"Counter.cpython-310.pyc","699CE6D17F2A094D3F578AB4E4FC69D2570B2044D63D4B1B7EB33EC7ECB95185"
"number.cpython-310.pyc","5B99067A82D0D2E5F204C4DA8B3048A077671EE9AF2CA7700E3DF64CF1A6662A"
"Padding.cpython-310.pyc","0BF65F47FF3F4CE59CD4634429917530AC4B6EA8A39BFA6916CC3ED8289584A1"
"py3compat.cpython-310.pyc","5B10B952AA4E545D8D4D0F59F2364F3009B9F6CFCCE74B37A4C09B433D3FA104"
"RFC1751.cpython-310.pyc","CEB3C36B147C273939A9B064790829BE1A8A00E0C75A31F8704D7A0B425D3645"
"strxor.cpython-310.pyc","11E204EAC58FE2C133108250AE5F84CF5F0442A2D0F7DF4B38DC10442AAC748F"
"_cpu_features.cpython-310.pyc","CBCF52A74ACDE8AFA50704D10E0440EE32E12617A96501531A26BACF1CF57660"
"_file_system.cpython-310.pyc","D6A3BF0F6A0A44AAC31409BBAD1F5C2CCA285585EA891E3A8571295DC31D78D3"
"_raw_api.cpython-310.pyc","939D02F1C7372B36D23923C00C791924EE94FC90A338D8ECC909CB24FA5D840B"
"__init__.cpython-310.pyc","22AD98510B4FB3A7AA88D5111AD278A26890973C10E0DB37268C65C9AF65F6F0"
"__init__.cpython-310.pyc","6C15CF17F303A7AF7636F0023782BD9333B03D36D7782CF5DDA0AD22271D7D7A"
"INSTALLER","CEEBAE7B8927A3227E5303CF5E0F1F7B34BB542AD7250AC03FBCDE36EC2F1508"
"LICENSE.txt","FD11660CABF0532082C45706862FAFC294907EC7F8E217818240A4999806782E"
"METADATA","4582E1E50CBC5F360E720093E91B08FDC4D71BF3C4D50BE80154FEBB6BEEB3CD"
"pbr.json","00BF38A14516407C2477C3823E12D1A363498D4E4C0DD99732A447BFEA68B2AB"
"RECORD","D529E2F2441B9F9B9B61EF7779EEDF528B8396F6FC43DC26E1026D1D48FD44D2"
"top_level.txt","2A7E9E423A3CDDCB56C5757204C398B74FD8A634630739CA615B8DCAE0BF0D22"
"WHEEL","87F6959F9381D8811152331B8B6A6E72647FCF3589B64DF4DD85EF861EB4349F"
"compat.py","DA34528D1238A3EBE55DE4CAD8108621486473A7BD646852B1A711339A2C793C"
"database.py","987CBF2F189722C21545BF93D3E89D06B54BC3715F8A3E6D7870A96E3989F585"
"index.py","9536F0DBAF2B4618FC770D6C89BDD567FD048521A0A093B714A27348530E69E0"
"locators.py","A0178066916E3D0498D3D3203672DF4061805D7BD53BDE8116967228CB8AE2D3"
"manifest.py","DEA7E6026570C51A94D68DB70257D7AD0199CE1EA0FC61B34C03FF1DBF42E734"
"markers.py","1EC81CA8C90E22128913ABCEBBC8FD9BE482FCDA7888EB63D865E46745529819"
"metadata.py","CE2977B20D8451F2D75628258D8D9DFF4DC826DF894ACEE75FEEF77C408C5F6B"
"resources.py","2F06CF92C73403524C6E2E979EE3DD301527F375FB04FB85356A8F184288EBDF"
"scripts.py","42FA7BE84F49737220C98B9B9E9A88F5F4BB7AC78639EE058E97952AA2ADF48C"
"t32.exe","6B4195E640A85AC32EB6F9628822A622057DF1E459DF7C17A12F97AEABC9415B"
"t64-arm.exe","EBC4C06B7D95E74E315419EE7E88E1D0F71E9E9477538C00A93A9FF8C66A6CFC"
"t64.exe","81A618F21CB87DB9076134E70388B6E9CB7C2106739011B6A51772D22CAE06B7"
"util.py","BCC3C6BEC4B88FD845E98F64DD3CA89B569A1CB6F4AC5999004CB378075E97DC"
"version.py","B39548B3CC019F47F1CC6C5633F680D99672C79DB91DC65B32F713953C99DD18"
"w32.exe","47872CC77F8E18CF642F868F23340A468E537E64521D9A3A416C8B84384D064B"
"w64-arm.exe","C5DC9884A8F458371550E09BD396E5418BF375820A31B9899F6499BF391C7B2E"
"w64.exe","7A319FFABA23A017D7B1E18BA726BA6C54C53D6446DB55F92AF53C279894F8AD"
"wheel.py","E61A1C88A541D847E852A6B2963388FF7108BBE44F34980F1B586C896103C497"
"__init__.py","0DEA37BA8F7C694C887DD28936AA1F7921055B00F3AD5D907862D72EC82AD008"
"compat.cpython-310.pyc","2F27BE48DF74B173B2C7C2C8A09585D3B36D0D230AC68B6EA77D4A69B94EBCFF"
"database.cpython-310.pyc","B87C05263527BD6FD6E7FB026DCC85AC0A4240DF46ED52F949ADB4166FBB97FF"
"index.cpython-310.pyc","26E7F4819BA28A24E60AE78ABECFF282FE9C5CD1DCE19AE6AFBDECC4ED8611D5"
"locators.cpython-310.pyc","6624A005A0D33640E028E31AFA1CFABC6CED28183940D1ECDEB445A84D543E32"
"manifest.cpython-310.pyc","C114D9523187FD44180C654F95AA773290CE0F9FD984378F225124075F421E04"
"markers.cpython-310.pyc","ADE011BFF7CE973551EB080CC86D845A0CE93BE13529D2072162C75EA965D75C"
"metadata.cpython-310.pyc","4FCAE5A1C24A7E004392194AF0476C99E571ADA3D91E1A6EA0C634DD072A8927"
"resources.cpython-310.pyc","8B3C0354C858C752710E7A7215E1FE942A7B7BB95AFC2B3D35BBC0E7F5BFE72C"
"scripts.cpython-310.pyc","20FB6AF2B329D1CE625C50AE5AC640AA7D42AA5CDB0B8055EAC062287681D6EE"
"util.cpython-310.pyc","E3E045EDA9BA180480DEDBA4C78B55C0967CD2EED60FD1472A6EC3AD6FBC0DE4"
"version.cpython-310.pyc","914B4506755D7C041AD02BF506F0C74E634ACCD67931EAE5FC38FAE3BA115613"
"wheel.cpython-310.pyc","A32E3DC13C26A6987CD2DC34271AD7F55C4FBD8625F85CBAFF68967485ADFD08"
"__init__.cpython-310.pyc","C3E274F4D7C58FAD74A933FBF92E24FB580316A7C820D08ED37C28CE68AA81C8"
"INSTALLER","CEEBAE7B8927A3227E5303CF5E0F1F7B34BB542AD7250AC03FBCDE36EC2F1508"
"LICENSE.txt","808E10C8A6AB8DEB149FF9B3FB19F447A808094606D712A9CA57FEAD3552599D"
"METADATA","8C3AE3FC9FAFF13706D3357EC3750777F0C50054ABC026C9C24CE5882EF1DDE7"
"RECORD","2B943A0253546ECDD528E40DB2CD92460D97612F811B8A300ED9C06056783FD7"
"top_level.txt","F41111AA2B6EFEFCF27B220B39C1B35FD632036001FF1942E3EF3557AC688B39"
"WHEEL","CFD8F4C406BF26650A3299B3EF62B464600B48CFE7FB04159866E5797C765478"
"cli.py","BADF37488B5B59C9846A102448ECE41EABD12A1AA18F4B40E77BDC5E9CA578E3"
"ipython.py","6AF23A69ECFF4719C1A6D62072122AB85D934A0288F863A1637A698AEDD5B961"
"main.py","1C98244B45D971DD1FD9565A546C6551CACE121A8172643A2F3F6142B31F6AEB"
"parser.py","4205391F0330336C0CAADD2FCFA7474C9E27CCF9B0A91AAF8B8312C9E5627E05"
"py.typed","F0F8F2675695A10A5156FB7BD66BAFBAAE6A13E8D315990AF862C792175E6E67"
"variables.py","083D2A5CEBEFA41DEAE51A4140C0FDA97EAF1D7ED2C96F92BA2C063054A5B74F"
"version.py","ABCFF90B47FEF261D635BEA6330D36CE560F9C419706ABCE98FDF3D0213064A3"
"__init__.py","58153949F4A2280852DE1CEED7BCA436EBB06EEC320C25FDD52CEFE2F51E3AE3"
"__main__.py","3744612C6EE71C8AAD9491F0C1EA48A3ECDB24F371F6C7B0082446639DBC87FE"
"cli.cpython-310.pyc","B688D9E5321FCCD665DCF48923B6F4C74BC3F9B63B59E2449A8E930F6C3653EF"
"ipython.cpython-310.pyc","76A01D2C312EF5102B3500479DDE08C42CE70D89F13C7A38D19B1867217CC8CC"
"main.cpython-310.pyc","331976221957F3EEB9EDBAD0A84EF8EE70CC069CF048561E1D36498574DA5562"
"parser.cpython-310.pyc","2C72A0A332755884A4E7FB770E06C8D9C79C20927180DB78CF2AAC3132D4A5B0"
"variables.cpython-310.pyc","01D3256FD9AB14B4063E826A2CD834C03AF7AD06A3BC91FC7C16C29E6423E337"
"version.cpython-310.pyc","06F7F5DFEFA1CD8CFD9D2638AA96EA2F6A34DD41CE03BE65E74B4D1814E9E145"
"__init__.cpython-310.pyc","667A9C1A6F466F00FFDA86B3B64DB96D49D39BDFA65D47BC70193D1C42D6F6F1"
"__main__.cpython-310.pyc","8D0E606A027130A592BF925BDB7385E7D0E8298523C50EADDEDB134F7707DD28"
"py.typed","E3B0C44298FC1C149AFBF4C8996FB92427AE41E4649B934CA495991B7852B855"
"_catch.py","09A25ECF713E264AFEEC1ED14F77F3BAC74B5A7BB279E928A12167ECAC96B7DB"
"_exceptions.py","C0FC0FB19EB8497129B6EC1BE17AD321AD4C73BF2EA85E6F982AD74DD9652E7E"
"_formatting.py","E140BA6D43772BE171117F7AFE8CF381E5F4E5F0B2A6B97AA82551F9E7C1990D"
"_suppress.py","2D7D753D1369721C1F356C04318F769D837517FE6A15E9D0712F048C838D5CA1"
"_version.py","A83B5C3D974ACF12E977CBD597A7E920520C916B761CAFDC3BD80B0F068711D9"
"__init__.py","EC31D2D210E4F9122CDC841CDD26D9541D3ED4C86248227D5E0BC4C849682FB3"
"_catch.cpython-310.pyc","BD15F8AB546507C51318D584F2EDFD260D1E4EF40B08092DFEE15C35D69F79A7"
"_exceptions.cpython-310.pyc","D56B4136DB3109DC45AB6B9DE304548B003CA704D0200564A95362626918E770"
"_formatting.cpython-310.pyc","3AAD27A7173BB8819D0114BADCDA725B163A64DA6D36C3F21473D1879E488FFE"
"_suppress.cpython-310.pyc","B0227CE47FBAD4259CEF4C8BCED3B5C2F9EE1C52B059D960F594EBBA304384E2"
"_version.cpython-310.pyc","7D293F6B106FB6242C6C01EB0E9F7A9F5171275B340CF29953D36FB1F878A29E"
"__init__.cpython-310.pyc","E17E4C467ED2D62BA5D4E7DEE6125646A323B1488BE747F00884A3F41A061942"
"INSTALLER","CEEBAE7B8927A3227E5303CF5E0F1F7B34BB542AD7250AC03FBCDE36EC2F1508"
"METADATA","A2202AFA5957A8E695D01DDD24DDF5E928ED0A9B6142FB908E656E54E6DB69E4"
"RECORD","B3F540674ED8C93C920CB691DFAB7441FFDAC0731CCAFE2EB701C759243F003C"
"WHEEL","1B68144734C4B66791F27ADD5D425F3620775585718A03D0F9B110BA3A4D88DB"
"LICENSE","6E5070D765031E0AD403A1CBF90AE6D19A0228F802E320B7ACFF460AA72ED47C"
"asyncio.py","1197495646CC9D932E430CEE3CDE48BD70F4520CEDFFFBCEB6B30FE3EB2255E5"
"py.typed","E3B0C44298FC1C149AFBF4C8996FB92427AE41E4649B934CA495991B7852B855"
"version.py","0FD800885F4F187E1D4058DB7BA55C5E153C93208BA54EFE73BFEF7D93FEF877"
"_api.py","D9A01305E277FA3B4C8F93929BB104E77F6235A4C1B1FD77297B5C04CA22F283"
"_error.py","FB98CC7234EEEB4600BC03B551BA830F5188123564C2BF31085C0306D31E6038"
"_soft.py","85AAAD73F4C1FCA25B62FD9AF22B8401C94AB8CE1F306D6F4DCA76F2C2BDD7D7"
"_unix.py","7863ACE200E067EE5F1A7254CFE3A424379990033382F61C0FC8550FA5C7EDEE"
"_util.py","4070683452187DB013861A2D1F743C13669C15CF38C291B8F7E4FEBAED35ED91"
"_windows.py","F24E1720197FCD955F182DA0CF4904AFC0D906FA4D6BCC1D53DA9E33562B05BF"
"__init__.py","FEDFFE380197A3FAB23DAF65350D589F355812F496DC8D289CFAB3A689AC5558"
"asyncio.cpython-310.pyc","16E19E9CE7438A8D1EADE887A377108167CFE1EB3B9487C82E7622A380A689A2"
"version.cpython-310.pyc","506C4CC9E7D40773CA90FC87132970CEBF02909078D2A59BB11FEF1655EBADB0"
"_api.cpython-310.pyc","1A141D3C173E986FFD86B6670BC38319CABE67D0196D2966C951D6CFD06410AA"
"_error.cpython-310.pyc","85E33E45FA7994F7A247EEDC4145C9F8DFE30CE19FEFB2AE72558CCA97676232"
"_soft.cpython-310.pyc","70F6EECDF07645D8021B12C435EEF0FC6A7E11F06296889A6811D349EE7D189E"
"_unix.cpython-310.pyc","56CBC6F2FF87616E6EFE7C0C1439310CBF2362479B16EFA9EB263836A07AF256"
"_util.cpython-310.pyc","AD4A145EA89EAAA83ED6C88B2838117F6ED3A1E038FCE0A077C10F43F7CEEA58"
"_windows.cpython-310.pyc","89A168B61D3B5ADAF2DC2A41F8A1C33C2D9BFC0A14D7E511709A7F62E39CF5BB"
"__init__.cpython-310.pyc","719CD8DE4D4DA59408EB42919BE34CD58442CD753312760E01DC2B1E0022BDE0"
"INSTALLER","CEEBAE7B8927A3227E5303CF5E0F1F7B34BB542AD7250AC03FBCDE36EC2F1508"
"METADATA","6CCCEB64C205CAD21B820FD668BA261FBF62FFB284C7C6A15F42090716F1D7F2"
"RECORD","9F238D23C32995C0A0F72092394C4A32DDFAFC234700CC2F37FA7757CE146764"
"WHEEL","AAD0B0A12256807936D52D4A6F88A1773236AE527564A688BAB4E3FE780E8724"
"LICENSE","88D9B4EB60579C191EC391CA04C16130572D7EEDC4A86DAA58BF28C6E14C9BCD"
"py.typed","B28C3DB284F03FD4FF80401049587B19BF3CE79874E0DC2686CD967BE2518193"
"_abnf.py","C9B8B1AF4C6CBA99E403A18503232E6EE5C5E9373595BFE117CF743600AC7CD7"
"_connection.py","93D61155FEA4A19A9BB6D056DFAC5259A26959D6706BEC50554F401C4A3D0EE2"
"_events.py","23DEDA5E86A5D56BBB7642F9E3C04034150290E21B7BEC790A2A1803D201635E"
"_headers.py","3FB0FE9413711F074B64F2E29A6630ACF1BEF59923125BEF25925D6408123FEE"
"_readers.py","6B8472A4E454082DDDD2AFE4C4FB8120CEE34C3F222EDE57F754C7D05B1DB8DE"
"_receivebuffer.py","C6BB29B1DB0D81617145F41C4D7C51F11ADD8D15D74CAD08A39710616A49D56B"
"_state.py","FF92C6FC1191F0509C1507813C7F93307826FFE07E1147160A74287FFF578C51"
"_util.py","2D69248D7C89685940CBA2EDDFDC3BDD44AD925153E68BDCBE8D13918ED162E9"
"_version.py","1954AC6CF48F0DC3AE17AA6D7C88979D52686849B7CA05DB327AA5AFF1A26A1C"
"_writers.py","A052A6E8FB637877DB8F844B5FB541ECA0DCD60218E778171B7FC747D96D9930"
"__init__.py","88ED4ACE448EE36C99E9F7E0F953206F1FD9553586518D349D16045A7FACDE46"
"_abnf.cpython-310.pyc","BBE003CBC702D78E273F0BF365BC2B1494ED4671F8A42F80E068933E9FC1853F"
"_connection.cpython-310.pyc","C470CC4C83F65C42FFFAE1AC7073FFDFBA988F93B1FCED491988E459B3CD0BEC"
"_events.cpython-310.pyc","2111C51CD2214307A33A4F02653F51ED13C41C9B544F15DFF2249D2ADAF078A2"
"_headers.cpython-310.pyc","906C27968B03C56B5B0FFD2D6BCBE361D7F119CF923DBB7D9AC1511F25E77EBF"
"_readers.cpython-310.pyc","E7D0B13EBEA3217525A9349D9E302643FDEB1425B51309A284F8E6786DC63CE2"
"_receivebuffer.cpython-310.pyc","2907AD8C096AD36BE3FDF9D876B35DB6D7A34B0145351EB26160E27552E93956"
"_state.cpython-310.pyc","17DBC4E6F5A027BFA226F410C77B9EFEE6F41D9906314A4DD1CD615F449D1AF7"
"_util.cpython-310.pyc","2A445348E0AD215A88A494F78A4D07DB2248B0BEE1B757C020672CEF92E6A0BC"
"_version.cpython-310.pyc","64725D914652A69FB3A9E696BB9065AA830FEDD57E0BB486425F399CC1BBF833"
"_writers.cpython-310.pyc","D5DF377561C7C61138B23C96DA5DEBDDDA43513A48C632F7708DD6E7880CAF45"
"__init__.cpython-310.pyc","D06B1595238FD9637F0B4DE734A2D6A929D348AFADD05222977F397D32E13FB2"
"INSTALLER","CEEBAE7B8927A3227E5303CF5E0F1F7B34BB542AD7250AC03FBCDE36EC2F1508"
"METADATA","28F326098AC09FCBA79B8F180F96087C841FE2456215CB7B872A9C7D5CD19D64"
"RECORD","FB9CE0853BF149AA7CBE868C1C128E8408AE933145E032B102D384759FD7A4ED"
"top_level.txt","17B742E23977CDE87C4C61C43DA589ACC6DEBA859B4B7EFD1B0762F98BDD722B"
"WHEEL","0A6C85234931E5C7443132E238D4116C64308C8A11D5A21807B782010E0A3C9D"
"LICENSE.txt","37DB5BB85926DB28A427A25867F10B1232003AEA1BE69CCB851138ADB8E6F361"
"cli.py","5E507EF96AFF571982860FD17A946A8AFE679787B9AE180FF683DCF2BDC88944"
"extensions.py","9B369BB55C1F816A154F23651ADE9EA77EBC4B1ECDEBA1F6616E777FCDF2A74F"
"identify.py","CED105A6E0DA4C1273C8F4A7164AA79AD21B65B6F317B9D14BA7ADB2077AAB9C"
"interpreters.py","53734F13E4CE6ED45407A5DDBCEC4E99C7BD82D9F269B818D1B5F2C478F2C97F"
"py.typed","E3B0C44298FC1C149AFBF4C8996FB92427AE41E4649B934CA495991B7852B855"
"__init__.py","E3B0C44298FC1C149AFBF4C8996FB92427AE41E4649B934CA495991B7852B855"
"licenses.py","8EC02BADBEFFE6A7616E4788AC349C35686CF486754C4C3F27CD66D39159401C"
"__init__.py","E3B0C44298FC1C149AFBF4C8996FB92427AE41E4649B934CA495991B7852B855"
"licenses.cpython-310.pyc","3C5BDE9A736081932B35DAFBCAEFB223BA0F3C5CE974B6DD7121C520A50ADDDC"
"__init__.cpython-310.pyc","5DD591CA493980D3DEB348F15A494C89ABF1872019D86733962612B1DADD16EF"
"cli.cpython-310.pyc","04395519CAECA4DBAE5A32D8CC2C542E9EFE3CBE69DF46AD42205D3DD7BE4491"
"extensions.cpython-310.pyc","4984ED5F006FE6873F9984368113792AECA8453E090430B38AD2DB960008DAFA"
"identify.cpython-310.pyc","6990B177C597124931ED2076716DB7BF6C37BED86CDB2AEDCBF749E845E24EF3"
"interpreters.cpython-310.pyc","E8F6B23CD016CD974291ACF039D24505E356FFC33117B5B18F4285B311A980B8"
"__init__.cpython-310.pyc","CCEC91B63DD1F9089F8DF5C2B8FE79BFC71C565A46A6BF5522200C1511C48E3D"
"entry_points.txt","D4DA165822EB180149E52C90D3ADEA619C214A86E69EE4C7C795D10C23F09CDD"
"INSTALLER","CEEBAE7B8927A3227E5303CF5E0F1F7B34BB542AD7250AC03FBCDE36EC2F1508"
"LICENSE","EDBC2AD3B7084FAC873E1B1B450FD370D914EB97F7F31263B4FF65F47DC10C43"
"METADATA","38C482B9A0D9085A6BCD019FBA0C0F24E989270351C2E0D7AF505094BF9FCAF9"
"RECORD","0A57727BA4681420D3ADF435846FC56F66796B2F851D6F76F6C434A7ABB4D519"
"top_level.txt","465B7CB2DC2C6F6D5BD1A4A559BA7FD84B8D7D7F2C74F3AF004174F85C46195B"
"WHEEL","A94CF319E9D75EE253CF28C56A1EFA90356A0EF9E4F980F3634D2CBE7AE5F38C"
"codec.py","3C47B0DC8B70CE35B887299B6AC9EDCB6376397BCD7201C1F898EB06EC473D86"
"compat.py","4732F2E90402765F7BF3868585BD845FD10A1822638343F73E294675E5D7731F"
"core.py","60963200C9F089010F8D50B8F85AAEFE9E0227AC8A2AE0C69A9A41350350A45B"
"idnadata.py","5B7D067081AFB4E598C008D98F8663BA8B94BAD0BA7DF80DBB28C9CBB7D9FA5A"
"intranges.py","6A652D91D8587101BC66BF82A0C33F91545A731922BC2D568313756FADCA29D5"
"package_data.py","AB9F52DCE5EC739548F23EAF483D2C18133293ACD9E2F58544413CF3208960AB"
"py.typed","E3B0C44298FC1C149AFBF4C8996FB92427AE41E4649B934CA495991B7852B855"
"uts46data.py","AEDF742BD278D20512C29A433C2AE18E08B9000EA958CEB974419149FEAB2213"
"__init__.py","30FA8D0CB65B5EA19A35D5F1005862A853CA1105E3BB68CD42109ECBAFB97893"
"codec.cpython-310.pyc","A8A30FD92423ADA305173E01B99FFC059539447250F63CC1F8D59D12D108246B"
"compat.cpython-310.pyc","A9B132AD455F2D6C80C76244CF30E6E66FDAA466DFD6E44EF8FCAA256D514250"
"core.cpython-310.pyc","0EE838129E8986F761438C53210146721606EE0D3E47B9799EC3C8036C8F22CB"
"idnadata.cpython-310.pyc","29D90A2612537E0D80C44B4B6C5B036085A21EA44919AC18EC0CF50C42B78D6A"
"intranges.cpython-310.pyc","DE5FA0266283A8F6CA183A41DBE26DD63C792420D87E8B271C55DF521F49E3E7"
"package_data.cpython-310.pyc","9DC6CA3046560E8DE51C295452FA73CE7595D29E438B72275B50DB830B30FFD7"
"uts46data.cpython-310.pyc","0A4F313C05AEAAAFB78120672587E508A622820980B9103414B0B35A02B6DF71"
"__init__.cpython-310.pyc","148C7EA04201279AA20A458830EBFAE4BD0DACE40076D8FB159FDF514C6E05F3"
"INSTALLER","CEEBAE7B8927A3227E5303CF5E0F1F7B34BB542AD7250AC03FBCDE36EC2F1508"
"LICENSE.md","A59F0B0EF3635874109A4461CA44FF7A70D50696E814767BFAF721D4C9B0DB0F"
"METADATA","5114796720DF4353C2106864628A23A9F8B645AD2D6AEDBEFA58701B85D27E32"
"RECORD","0F601A7747405FD0236D50FC7CFA0AA247CBDD40CF1EE8D65A36933766BFF05E"
"WHEEL","1196C6921EC87B83E865F450F08D19B8FF5592537F4EF719E83484E546ABE33E"
"freeze.py","862F4C359CFEAE276040159C02A9DDF76B142DE9369609814939AEA2DB7996EB"
"py.typed","E3B0C44298FC1C149AFBF4C8996FB92427AE41E4649B934CA495991B7852B855"
"testing.py","B6444FC596691BAF2AFCC008BB1F1613C41E29B85BABAAC33D57C20ECA1FD4CB"
"typing.py","AABBF216B548B36D5B642134C7CD3697547EC425780E508D693CCF8891196F37"
"v2.py","D4A279CFC262DA79C0772FCADEF229CAC1B62A0EEB21C3E269D346D69C0AC7E1"
"v2.pyi","44E6B36F0BB5AD224B05A12D5E6506DA84FD04CAFB665CB25B6EADC20156C791"
"v3.py","644D0894444F4FFE30AF262A50E0F8F8B2DCE9D5690D95D5E8DE89110B5B3224"
"v3.pyi","02D2CFD085AA4BEB17D6A0F21CF76308222C286C17539CF8D57397CD48F6A464"
"__init__.py","1172993082FA30B2D0FDA32E5CE364C5548205C33D6DA80DB6BA9ABB3C332F22"
"__main__.py","B399E275BF70459E806E29874CF1D42EDDEC4D73F1E26A8D8A5EBB2891D9BDDE"
"extensions.py","FFE8E97DD448F0FB442C47EA94A18464D8633B6EF2A7A4EE6767255057A1CE7F"
"extensions.pyi","B0BAC0FB0B74F643C704324FEFDB46B44397ED74DC1048D1CC0EF43BC042B03D"
"plugins.py","7E1E00899A1FE19FDC8698B18428B7ECE1D912735A96DE7CBFA0A9AE012694E1"
"plugins.pyi","A731FCA5A72A539BA576CBD839E7BF9E17761E4937991F15401B637959E49076"
"__init__.py","F0D3A92F978FAE48A2A096FD851070DEBC9D73888D664330A7B55D4253F88C37"
"extensions.cpython-310.pyc","C89ED45012766845B9CB45BCEB854B4ADA4CFFDD15263674D70AC3BC7E1145B9"
"plugins.cpython-310.pyc","99C3F43EA2D9E3D8DC91505AC26B5EFC50F0E6DD812AA189E748BEB5D9FD66DE"
"__init__.cpython-310.pyc","D33A8F285F4A5062BE19A900773B5A3B87E79C511D438168336C57C5F63AE8D7"
"fetching.py","AFCD7206C24CAA4C005DE540B90B80CDB93D7AD5B14141147B8FFF5148E94297"
"findlib.py","66B86CD2B132A7CA7C89222E0A805CA34742681E5DC49559E25460BFCD92AA6D"
"format.py","82541C24E64710E493DEED2339ADF7F19C49057FDD6847BAC65EFE50AC6E53A1"
"format.pyi","E41645FB1C29E41986F02E5A85F2F8F33FDAD8C213374E74F547FA7F5A61651C"
"imopen.py","480E0E263F77074F421EC29220B747D70DF37555AF452A29356946952D1FE2DD"
"imopen.pyi","F232C8DAD2944EA15EEFD99C730F797D10086A724F1E2EA0426CC1D829444A59"
"legacy_plugin_wrapper.py","09819784963ED7C1E4558AB2CE57A933B35C67D54BBC18C58CD8FAE07381A813"
"legacy_plugin_wrapper.pyi","10D99DB61FC0BE9DB24F3BB22271964F6417800BFBD91AC545DE901FBD4B56A5"
"request.py","B9D6EC7923EE54DBAFF0001A9B68F943A50D5E7800855AB5E53DA5D36D1A98A6"
"request.pyi","8AFA805ECDD47F186E5D07E0F2AB00B44572982B29A4FC1A773B45CD25E9200A"
"util.py","9535493086F117EE9F227C741312EE09E30349531F49489273A59374FD1BB773"
"v3_plugin_api.py","C3CC148E54FBFCDE9A53BE83606177B9B6187D41D3C9F4ADBCAE7FC68B192CF4"
"__init__.py","3D29061FC2BBEA7B525A1C0CE23ED6E3D52609265FFCE19A4A5F5F35B40FEEE4"
"fetching.cpython-310.pyc","53F561B940360DB33A2A4B9E1B112E1357225909B4A03CF7756E5FA1731038D6"
"findlib.cpython-310.pyc","4D99A9F88638098B5217AA3ACE55868F76EF43ACAE9CE7EAEC6C45D859909AEB"
"format.cpython-310.pyc","15D6E4991B432C9F7554DF88CCDE5CD928BDA49B6FC6265E11385FE5689B6E40"
"imopen.cpython-310.pyc","09EC8BDE78350489C1103C1A487D4012F6E2C318CD7CF12BBC1E1A9E43B88AB0"
"legacy_plugin_wrapper.cpython-310.pyc","C274F70322B0806BFC250DD7305581ACFF3F296F5E618FFD8E8554348BA492BF"
"request.cpython-310.pyc","C7AA9DB610C565BC88F33BE313779008BCE693C49A37DBAF3ADEF9628705706B"
"util.cpython-310.pyc","BA12E369FDE98AFA86E128D23F048BC88EAC414CD44836771F87F4C7595F223B"
"v3_plugin_api.cpython-310.pyc","7C376945E53A09C76D03CDA54CECB6443A9EBBEF723FD638D851F42A4E639290"
"__init__.cpython-310.pyc","5EAFE6B2EA710D62FB792C70C32A7406EAF3A4B359EC0524F32EB9166692CCC0"
"bsdf.py","B29212BCB2D51F7D7DC0327C62161CBC34DA25ED9A704960592BE0A8492977F8"
"dicom.py","99060D6D3CAE9B88D5863650F1353EE00E5CB07A507D3F814410423F97EEE99B"
"example.py","E0F39BFCB0D0B52C475B189F946A8628A28AAE922DA8B20541E53CC7BB6BA3E7"
"feisem.py","00AC19BFB65A734FE0AE7AFEC27CD4ED1D197F629251EF75934E9EBCF6B5348F"
"ffmpeg.py","37C42AD5353982BED4F4833E14212E33D548CB526FF3BE4E0BF5E8AD2B6838F2"
"fits.py","5E7966782EFDB088883DDFFB203C74E7EA77F9BDAE9CEE02551D27580038A61D"
"freeimage.py","4AECD8B86BC2B592225C8AF9D5D5914E5E42013CD152A6FCA4D092220F5866FF"
"freeimagemulti.py","EE35B79895FE6559C3A9EDAF788BD4F703D8FF1D0404E98F28FF29A4FC513BF3"
"gdal.py","AF6531ECC41E1C252C99D93468610DCC65FC339842054ECD26899C7FA1BC1425"
"grab.py","83A29B295414AAE1EBA3F056E877BB34D9A2BD557E52D72C089A03B77ADD972D"
"lytro.py","577753A04F9E57A8CB86D69EDBAFEE1C780EC7A3B52EC3A8D219BB9E7469B4C3"
"npz.py","ED942BFB895010A6DF8DA17AACE9A9ABDA508034D41EF9196BF347664256050A"
"opencv.py","0B69C14101435EECFA2CEC89D4FDFE4BA7BFEE1FA92602E8C3B87BC384A2DAD8"
"pillow.py","E2C8AE47450435A75F420750DB3E5B1565F8EB828CCCC71FA8810A1010F3B7A3"
"pillowmulti.py","FB0B16A6AD23D965C381019BC94BB30A6C3B8AA483CFB7BA018A9886CE3A644F"
"pillow_info.py","06DE6226D427021EA619588F2318714503CD89DA9ACBDFBA065780259921375C"
"pillow_legacy.py","D2D824FBC6F981DB858EF3503795A82BFFBB11B549F62DFEFE451585A44B5676"
"pyav.py","47FB2108CF6ADD056F74AB6E1F9DE371FB4B7CD48BFB61B48C014AA425B14245"
"rawpy.py","A37E16930A14D0B2E9343863DA436E3D2F63BBA7FB08137E8CA63D9F48CB783B"
"simpleitk.py","95D4168E48824993E852737CECCB54A9120C31C20A9A4F1951EC83090867A46D"
"spe.py","5325E01D957EDE0C3053E4662548600E727CE37C2DF47DD2DC58ECF387DACF7F"
"swf.py","D01F5FF87179DBC39C1D74C81779E9B6848952EE06348774DEB14B7C514E6859"
"tifffile.py","9BCAA0372FA5264C07C0A932A77A599F6C58B27451C19F0554CA4CF8122CE9D2"
"tifffile_v3.py","56CDA7801069B54A09E90A53F448F235DE3E76287CCF3184BDCAB69913581578"
"_bsdf.py","6FE423919BF3F433C36F28222A179EFB8ECB77678EAB1A5811D6759A7AD13C9E"
"_dicom.py","3475D41F47B48107D6A5BF1E7F1320E21747D0EFED04F723B650FB0E3A6DBB9A"
"_freeimage.py","183DB966AAAF6C59C120B3D1607AD36F9A9B16CBD70552AFFEA204DF5DFD0FAF"
"_swf.py","921DC7DAFF7C6E01E955A80635B846528761D2CFB07A2112ADA5FAAB33270F69"
"_tifffile.py","27F8F6DAA3332FC9514FCE72906445186900E4B3D18B7614CFAEB0207E2AB7DD"
"__init__.py","192C6D8A8D298794073F66AC74BBF2CD6F2555F891A8E8A2F246AA62C04EF421"
"bsdf.cpython-310.pyc","B372F32FD363F978D3DEEF23E917A0728CA03B112359C25BA3B064A2B41B0055"
"dicom.cpython-310.pyc","BB979C009C3E7F5E9AA7EAA8E4046B4356BAC59C99B48F5A6A2FCDBF4B285A98"
"example.cpython-310.pyc","B7F84A0F24B115AB68A348CB6079FE7904AF70D1B62707CDB83EE41CFB3FC266"
"feisem.cpython-310.pyc","8765A59ABDF9F13FB0B0D60219900B3EA977467CE115F41780F5DBAE38C10082"
"ffmpeg.cpython-310.pyc","B03A1EEF449AED9D93BC2161AA7E131E687D9A7CFAEDF2D27837C90DCA263CE7"
"fits.cpython-310.pyc","159831C5A9D1328E04016420EFC21817B9C8E2532A7194FE26D569B1F247657C"
"freeimage.cpython-310.pyc","90A84C465211BF3F9958A64118AE12F5217D1482270D41B85CAB6D2E17224E76"
"freeimagemulti.cpython-310.pyc","1A0233B8946E7584270B2732A329A1235F75B7A33B97E4A048ABCB57F7E42B5A"
"gdal.cpython-310.pyc","22DC110040CB5E25FDC66F1C7079BE2D8AE4227C889544DB2017DD55ED8B8809"
"grab.cpython-310.pyc","C452BF0515A3CD82D3DCBE0B4C6E4C68F6D00319B0D9649341E26D66F7C3A0FD"
"lytro.cpython-310.pyc","0BE0BB2A1D840866B0AB68138FC48442E1AB7AAD08CDDB0BB5C6ACE1109CE028"
"npz.cpython-310.pyc","A79F14AB6283AB3B675BE8882F5E1948928FD2039FD689051A3981CD542F9708"
"opencv.cpython-310.pyc","E6FED9FD6CAC1A64C47DCEB2D5A63DF92AD258A883D2BB266B411B8E11CDB93F"
"pillow.cpython-310.pyc","6F17A027A6B38068E76520950C11F5FCD1975D4B83F9286D0DA395C7976C88EB"
"pillowmulti.cpython-310.pyc","DD6C19C1E4B62ED808003CF25745A743988946FE59F1838E6D76A55ECA947A11"
"pillow_info.cpython-310.pyc","9CCE8E37946E0241C5B426D17C34D04484B4DD7B4CF6524A5624811C526C091D"
"pillow_legacy.cpython-310.pyc","2A0F798FADC00F0DA32581BAB3D644BA4C024FD49A62620B851219BB3F14F0CD"
"pyav.cpython-310.pyc","77C66851655685605F6B5DFC7613FBA85808502AEBCD4C5648D91C9999FF9215"
"rawpy.cpython-310.pyc","17325A7445457CB928E76CD0A6357CAB466BD8B23692FC46F2D65CA85230A95B"
"simpleitk.cpython-310.pyc","AC04A4D81FE7F9C3697282F276D62F097953045767250080A3446E449F091B05"
"spe.cpython-310.pyc","93401E0E7D634764BA892CCFDB26E7653B7DD87CB61AF1FA52D52F712E11D6F1"
"swf.cpython-310.pyc","4A2AE756527774FEBEEECDB86FE040863195B5CF4EEDF7649F0AFDF9C326A393"
"tifffile.cpython-310.pyc","F6CE92A99675F93BDADF38B105D29A8CB22BE63ED2185BB873A58F949329129D"
"tifffile_v3.cpython-310.pyc","2F6418D9F1114557DEFCB830E5B5980015F65E46D6F187D4F79F395875D0CAD5"
"_bsdf.cpython-310.pyc","73EF7A19BF092D0585225B62586A1418E07327DBB45BCDBB5006A429542F9346"
"_dicom.cpython-310.pyc","E1F5BF0EC78EBFDCABBE4508DAE130D0016F6542DFCEBFE4554E35EEA044F4BE"
"_freeimage.cpython-310.pyc","9E26BC8BE929A44FBFBFD2EEE2E8C85576C4C2A6160B1762AD3D1ED67DCC7400"
"_swf.cpython-310.pyc","AC8C651C5E00C7E98269B00BF0106CF10DA8C9AF96A5E5A825AAC63208ECE7CF"
"_tifffile.cpython-310.pyc","7CF36203D262C5B4FC5CE348D093AF9D079BE7170D03F22962E7C3C47E3497DE"
"__init__.cpython-310.pyc","1B38EEA413B343D52699EBFFB528F648DCD098CEDB60FB49F82DC0AC9C20CD15"
"freeze.cpython-310.pyc","0261CDA8E64E25D71F7F0F3A7CD6C3DA806F997E34A43BE9C669EDAD8EF34F9E"
"testing.cpython-310.pyc","F445FED5F7596CAFE0D69844F5C9C058500843496C9BAB36671CF6796CAB2D77"
"typing.cpython-310.pyc","EF86E18A8EC39E2F74A2B56A9915F2E5FC109A3AD8FF8828345862013751B0FC"
"v2.cpython-310.pyc","08257741B2192FF7BC3407A01A3D243428ADA44A69EC4035A6DB1E367BDC771B"
"v3.cpython-310.pyc","98F6F8B8956926310C2596B8EDF2E5B5BE599DA36CF00EDF8805807000C0220D"
"__init__.cpython-310.pyc","436277371148821411DA158D3DB71BA378BE6B2CA27C2861D44BF627C5FBC688"
"__main__.cpython-310.pyc","225FBF638AD246867DA06A7041B39479295C4D070EDA8E450219D3E637257D56"
"entry_points.txt","D3EC81E9719FAF1D4E30FC3FC6280FADA9937308B93388D7E8BE4476BCF43A85"
"INSTALLER","CEEBAE7B8927A3227E5303CF5E0F1F7B34BB542AD7250AC03FBCDE36EC2F1508"
"LICENSE","AE599EA50A494EFB725E420AAB35D1F759200CFE4186B6C64A30BA49DB3FD064"
"METADATA","19DB5DBB951509EA68D789A05C914C8A2FFD595C5F8171E96A521509C71A3248"
"RECORD","B6FB720265960372076494F596A3DDBC817148B1FCA2B7782C8B3E8B6737A0CB"
"top_level.txt","89252373EC04C3EC5B313BCC3922A0F399F4F84ECCB3EF8CA3814B302F89D983"
"WHEEL","B59A1E1A3B56C5645F769944EC4DDDE3954F94B3509EF6CA8989F1EE0C00CBC0"
"_definitions.py","5206F96CB45BC27C4E314D39C03E4D3B45DF17DEAFF3D6881E9F45702D169E32"
"_io.py","1A006DD17E5C54FFC66A2B40B6DB5586E76E598E1CA15F301E3B70C86B43DFE9"
"_parsing.py","514B583F26F3BFDBD0E2C28FC189514F268FFE4F64A0A5DF97ECC8E919B8429A"
"_utils.py","7951789F2F733F78CF7DE608C25E957D5F53D6FDF84BAC944560BF462194345F"
"__init__.py","41AFC231DFECA422C692F9A219B51778B7560C5C4DFFA097BF92F80872D1FD8A"
"ffmpeg-win-x86_64-v7.1.exe","2CE797A0F88D7F067180338FB227F7B1928EA727BD9A4D7A1D022F7C52AF71A3"
"README.md","B0D36DFB1BA1EA5CA873A6F6DBCC2295B7A7944AEA875071D91A6AAD1870E77D"
"__init__.py","CE39D166833A6D050160E237D07A73229E1C934EDB3B2E28C5707E6F0377356F"
"__init__.cpython-310.pyc","B5846E4C49570B3EBC5E4BAB88D1644FDBA24EE393A31FAA9577602838756B9F"
"_definitions.cpython-310.pyc","F20206ABC9D53E59B50F043757685ED4E2E126FFAA9B4E6C62184BAB369C4325"
"_io.cpython-310.pyc","95F9FFB34571D7C892C0DCF6B03FFD6FCBA57428A87292D345EAB0C396DC8068"
"_parsing.cpython-310.pyc","E3C433758C0E155F7CAE2821DE022D21E09153443B30040F19DFD7BD90138F2E"
"_utils.cpython-310.pyc","D141987644AF410B7D5A579F173B9DB0448415230E25773C89711E0AB851813B"
"__init__.cpython-310.pyc","40DC4916D7ED4E76D53292387A9AA2AA242D204869F2DD168959D3D51DB632EF"
"INSTALLER","CEEBAE7B8927A3227E5303CF5E0F1F7B34BB542AD7250AC03FBCDE36EC2F1508"
"LICENSE","ECA73421D0C905A92E952A553D4D58919C5A507C2C2C76E3C0CF9BA408C299E4"
"METADATA","C9697B379419A64049D99E2248C4CBA963E03B5CAD1DC65E10A887D1DA7651EE"
"RECORD","6DE01E14E8BB8FBD6C0EC8297058F871DD2D8F0124C1B226F8090DD9831415F9"
"top_level.txt","38341851861BB63F48D528C0484318EE1F10F2168BAE630D5114829F4144075F"
"WHEEL","6FAFBF711B1164D3388325C31053F775BB03D78AE7EB932A662AA6D9B551BA14"
"exceptions.py","04982E89F0A43DACB3FA7D212360F9CA6D544A801660D21D8B4E49738AF6AF8A"
"py.typed","E3B0C44298FC1C149AFBF4C8996FB92427AE41E4649B934CA495991B7852B855"
"_parse.py","39618B6E613C1A3C5CA0C593BE719B724D51A0DB139B96EDE5F89C21166A589F"
"_version.py","76C7AEA0E3C6F56675133AF5482DF04BDFE1733917F9BD4D744E1340F1C526CA"
"__init__.py","1F552A8C4997F86CAD182B2A09A7D32C6FAAD423DCFE892F08A19A8AB44532AD"
"exceptions.cpython-310.pyc","0B31DF254FD47E7A8CD09977B2BBD1C11B47232A9785F891EC05AC59902C80C1"
"_parse.cpython-310.pyc","A2783BEAD777F77D75C96999DB5E3A70DAC2ED4CEC4407769EDA6DD2536C39C5"
"_version.cpython-310.pyc","93E805884C92C3B67B1602E7D12589387745CD106AB44C1F3CFC3C308898E09D"
"__init__.cpython-310.pyc","41853F0DCF71029C51E0B76474F743D63789C14DFEC49486390B647046F8831F"
"INSTALLER","CEEBAE7B8927A3227E5303CF5E0F1F7B34BB542AD7250AC03FBCDE36EC2F1508"
"METADATA","B92F8473887684C659153ADB77FE0418A7310501E743709FC12623CD03E7E5CB"
"RECORD","E886F30378786FCC5D8F945E8EE85B75FB14D21C62687F16EF39A8B0C4297706"
"WHEEL","AAD0B0A12256807936D52D4A6F88A1773236AE527564A688BAB4E3FE780E8724"
"LICENSE","3409FA91F7ACE557894632676656E32264FE5EF7581535725DC9A23774551BD4"
"config.py","6C2BDB05C515EF004C2C99DBD432A37EF04F4D3F194887C0BB7626AED678C2DD"
"exceptions.py","FB276863E66DA309B28B340CAFC21EAFC8AAA5288EF5197FBD2F7531AA88D83F"
"extractors.py","9425AAC2D5555687C09AF7D6614AC8A6AD87454674D077079B1D8C0B2D2A9C1A"
"image_util.py","10D0C755E369632093345FFFD5B7408796C2C18A980FC4CCFE481E82900A95A4"
"story.py","76474A8803A683163E5E9CA933B7FC79C0D4FD6A0E146EE3215D38EE5FAC23F2"
"types.py","F97B55F8F5301003004D4897DBC3CF776D7651BAC7258FB0FBD1AA398A7E5179"
"utils.py","CD9B0F6F1EC204FA2FADA8920D272D5A1A5D211308D5DFAB4007A6886DB26732"
"zones.py","16FF88DEB3D571BC9B5656D578A782E583DA98C6FC45C0C119591E45C27FB869"
"__init__.py","4569EE44A76B885811FE1B758C59B8C5AE1D2C04E45F52B6C569D4DD04CD039D"
"account.py","4FA9BC585933283B85D00CE35F583F26AAA45218E4467C59587A447430517CF5"
"album.py","CA03F01B53555A3994CD09DF81CB71E5A25C4990B5170920D8FAE61DB4008324"
"auth.py","CCA7F7C0C5105833D93D0AA41F4106AB2F4D56C3EC85A57C92763A5A496D92ED"
"bloks.py","507E2965080056A708AF834647B3F247438E44676D175C9CBF076D356D634457"
"captcha.py","1F66D9D4925711252811EB5F5335911FDC539EA7BD20049555086D879AEE416A"
"challenge.py","7ACB9626DEBB495281C28AB82305B55189C4B6AB1EA5E9534B4E4AE73E9B6D96"
"clip.py","4DFA03BA1AB867E55E69CFEB00E8D2C92AF3988D9942F3D77F97466AF92BCB71"
"collection.py","569A20D0D71CC167C84140BF92A72D036D32C9815674A3A8A42BED5F054803F4"
"comment.py","4D142F4A704FFFAEDC4FE20806942A81EB2B2579005E5913964A7F0E14917C2E"
"direct.py","2956B3F34AE772CD6F9BB29EA15A905983B86870BF13BD3F49CFE52398740A08"
"explore.py","69E5BC04BBCB395603A80B5AC0C7E9893761220AF74441E1D850DCD62A1D0116"
"fbsearch.py","C636AAAD4F558DC692DBCC0246E876CB717E2FE07DB3B580A61EECB41F9B52A5"
"fundraiser.py","29BD90D0FA527A0B3E1529BA9DEE4886891ABE473EBB36E7552C020EB09798ED"
"hashtag.py","0126D92DAE7B2791948EF3727889844805CE5DAC62DF3315B093A9FF35986462"
"highlight.py","E5AE5399F8073D0F84AFAC1DC0D840B66B302A5EB87D9BB46F137EF109D7F9A5"
"igtv.py","868FE1C7C12C73E29430D9F257463876CA4E2E00EC6C9080C8E76A30D20118B3"
"insights.py","6A7882597368292768A24C27F4E515DC4002CE442A97D2F2F5C753D932E293A5"
"location.py","4FB392FD8FB0B288659F920648379B3EC056686F6BDBC31AFC5C210CECBB23C3"
"media.py","B5088A3C4A6044DAD071257CC7E76621165A9D6A33FF7C2FF4D71B6DF0C6A288"
"multiple_accounts.py","4816370800734636A18AE70E60996822703CF3D4880A9F089EBD9C3AEAE5F21D"
"note.py","D16D363A299B230D68223C290A60D140D97303FE1C7A039CCE25B83774DC1D57"
"notification.py","7F3F246EA69BC1C48B9DA2017DB3C26198EFCB08C36E2C0E8AC6FE536DA1A561"
"password.py","4C8E14C8A516524C2C2636F437068A24C73AC9A5828DE39BF784CB9105E4CA34"
"photo.py","DAF5204BF5D9C9F04F75209F50DA7084DE809DC3EA8F4EA985813F2B9BF29206"
"private.py","11DEC20CC8826238EE60A5CE3638EFD23F8DE2E622ECED06BA2AF62D41BB3F58"
"public.py","E6EA2607379E659BCBF748126419D42243B6D5409A98A171C67647A79AEEF2BE"
"share.py","74D5CF03BCDEDC5FCD45AD24D6C089C914B5D507FFEEFFC782AB38525C43AD0D"
"signup.py","2850FEAA1073A5CC5BD474F1E1C44EFC31423F2CB5E653F6E9E5B1704A7B05B4"
"story.py","15CD0241032BCFE7E365E86C088F7B8FC814115663F5AB1AA5DD95DF82837441"
"timeline.py","9C1F40322B8F023646BDFE491CF36B312B5A9F02505F8777864558F24DA8A2B0"
"totp.py","0234A73F2BDD824E90E21BE016420495CD940A78A6360789148813F020DC1A55"
"track.py","45CECAA87877813C5AEBC5C9EBAE86B1ADDD7681052EC522A13A9AD1224D188D"
"user.py","FC357CDAE86B8659133A1C2F1F554AFDD8204772A1BD125078BB70FFD5EC2024"
"video.py","5636B67725972C708B67F5D0BED591857A9BCDEBDE4F0E7492F4526BC80AA1D8"
"__init__.py","E3B0C44298FC1C149AFBF4C8996FB92427AE41E4649B934CA495991B7852B855"
"account.cpython-310.pyc","8E5722212BCC88AA7E252E288F88EC579DAFD1D313FDF5D18CFCFC3930CB328F"
"album.cpython-310.pyc","B9B818D500AA48E42A9C09E9483CF843BEA236D2CA066B8A9BC7440C2A9A07E3"
"auth.cpython-310.pyc","FE4959210232E4BD9C3AC6B5E029D64587F2F48965204F26D6B7F5DDE5B13986"
"bloks.cpython-310.pyc","6586FB1EC13777EE5C2B5949680B2468A63ECEF0752DA7DDEB4C6C3602C76A2A"
"captcha.cpython-310.pyc","288D5BBC24AD4F922626FEBEC3ED983F6630028F09AB91AED8E2511466AAD68A"
"challenge.cpython-310.pyc","089375243CA9B145F5BB244D38D78722EAB0F862F7E6A69D8B417A7E65DEFBD9"
"clip.cpython-310.pyc","439321526002D7AB9596CD439B3FA9CF8978F9D38C353996DF5987811FA812B5"
"collection.cpython-310.pyc","F019C96AC5F1DDED568D6AE5D5C6AEC365BC60CB9532DB05D6EAF29827E3F3B1"
"comment.cpython-310.pyc","7626AD7ED0BC7794D5F2078015AB9FB58363C7EA4C9FCD41C010BC09644A1C96"
"direct.cpython-310.pyc","842567C4AAC7B897262BF0C2E4380D6EADD632E0480BC083CC5020EEB3FA5E72"
"explore.cpython-310.pyc","72960F13827DBF112F2CE7025F85BC2D0F4B4C6CACF8B2AD3BEB24E96DC0254B"
"fbsearch.cpython-310.pyc","453FB5F3B73A2179CAE39E7F75A0712EA50F09C8FE2E6035E942C4B3A2028178"
"fundraiser.cpython-310.pyc","2B8405FE3A40BB7BF78E9F1771FE23D69E0CA40C2A1930B3539FF36E9A9FE596"
"hashtag.cpython-310.pyc","F90CCA37F12ACD6E157AF74313F22435EA7AB1289E3B4E98A600E76669C6476F"
"highlight.cpython-310.pyc","31678632012D8BDB7F59455638E0095310A9CD7E02EEBB38015DEB72D661210A"
"igtv.cpython-310.pyc","5D3AA228918788C5D4E03452A559B744232435540B1C5E4E769130F21254F70E"
"insights.cpython-310.pyc","3E0CD27235CD2266DFD98FE43EEA7D8143BE757E14674553A21DF9EC4A26BD2F"
"location.cpython-310.pyc","2430947602AD9FF90FF72ECC53605E98A410B7C4D48D5075170F7DA3831D5993"
"media.cpython-310.pyc","E2AEB524F223925958ACA21A4987C7858F550295C93EBBB6C7D9408A8EE251EE"
"multiple_accounts.cpython-310.pyc","886943758C8453D3A7543FD9419BD034A1ED1028E748DAA706A66E7E06157A0B"
"note.cpython-310.pyc","0DA9059C4D100B6CE10B28B85613117A2A82C1CE91C67C5D43F009F65EA974D4"
"notification.cpython-310.pyc","2F4E1F911034C40F0F9EB76CBE8181836C3E3588B69D2F1BD764107392EA1873"
"password.cpython-310.pyc","453933AA41FD15154AE549FA49CAD3007CB0FE4A4511270CA23D2EDBD059AFA4"
"photo.cpython-310.pyc","035BD5C65F94DA445607286DAB259B6BD8A6ACB5E829F6F9C295D2875693B3A0"
"private.cpython-310.pyc","034900965CCBE22CC94FD1DE28389A57FED8D4747914085443966B5ED0A38FF4"
"public.cpython-310.pyc","AEEBFAE86B499862C9B9C17F74968B6C263731F5F4D92DF8F6C1F830FE323C7C"
"share.cpython-310.pyc","EC493CEB97B37E3FE73A7B855FCB16E5FE6C7BCFDFB6280996724E668F437B9B"
"signup.cpython-310.pyc","7C376B87BB481B90B1F85F191783543ECFE2C50D525DF554F817160654A82F11"
"story.cpython-310.pyc","DB9DFBE6BB014BB811A2E2965AD0FE65D0BBB61026FE5D86A6AF6ECD4ECE9A68"
"timeline.cpython-310.pyc","0C4BF6EEA1FFE9FEE3BFDB20A66B9020FA774A028B3CA6253BBFE02B92D241A7"
"totp.cpython-310.pyc","643915685EA4F6A99FD3DF4E93EFC39EED3F817BE224995137928C8028A4902A"
"track.cpython-310.pyc","E3B7EEE6423E72A40CEDD89202F1E577D3529F6CC27F9082824921C10BE04640"
"user.cpython-310.pyc","AB976860FB6C44CFF41968F9AF72A0E2AAF19A1AA4AA344D1997D1DC9BA752AF"
"video.cpython-310.pyc","FA673A2045C1D026E2BB096214AC0F94C892BCB0CA014792DBEA10891309E143"
"__init__.cpython-310.pyc","D224FCA92C87139F5FE6DC91D7CF888E7C1CA399D6C26BC0E85BF3BDB0A073A6"
"config.cpython-310.pyc","B61EC658AE9603145BF77C413BA8CA2F8502842A5940819C0C43868DC1829AA6"
"exceptions.cpython-310.pyc","05319E7A755D33EC3E9CBD2B241FA1103E084BB8BAE8B1E50116DB01A9E9F4BE"
"extractors.cpython-310.pyc","A4398811DD948A4C72DBD452A0333023E7A00EAD0882A1FDB7D0878749571B0F"
"image_util.cpython-310.pyc","8168C033AE52BC06548F124A5222A3ED2ABEC26DA7CE0BF8B6684AC9E56864DE"
"story.cpython-310.pyc","187EC26457098ABEB613BF825A22C7B27385D49A81C06EC166438B71C4812AC2"
"types.cpython-310.pyc","9C24E839BF17B4CDF0984F9BFB91BC0F76C550F02A81686C97BAF58E18ED9632"
"utils.cpython-310.pyc","6DA7054CA86C90A834978772BBB977E68ADC5D37645811375ED80A549AFD8990"
"zones.cpython-310.pyc","3AB59876DDD95BEB9B4077D5A2E3840EFF53F8AED68B18526CD7EED290033241"
"__init__.cpython-310.pyc","34AAB578A201C5A4D693B4EC05C895F083E44FA308E0A8BCFA825CF8A225DD62"
"INSTALLER","CEEBAE7B8927A3227E5303CF5E0F1F7B34BB542AD7250AC03FBCDE36EC2F1508"
"METADATA","E13E4731279FB9D990B64E67F03031CF4DA085DA221AEA8F7B941E0CF25D863B"
"RECORD","1082777D27D7CDEF8CD61DBBC739C71F720BF99E89B1C21BDBC382FD268CD205"
"REQUESTED","E3B0C44298FC1C149AFBF4C8996FB92427AE41E4649B934CA495991B7852B855"
"top_level.txt","A54547E24A0E33E07106D825707DB0E06D0BF3F9185556376237E0B9C4A7003B"
"WHEEL","FF309DDCDD65EBD02BC724DBF2BCC4A0FF53A5B61792A44548D383E4EBB19D3B"
"LICENSE","DB7B51734C0B098407C121530D810026743145F11333BCAE9B58B442197F9695"
"Clip.py","4F9278920713ACE951B6944E1145AD3646667876A74CE1D67005ED68DD7527CF"
"compat.py","35B6BE17ADAE02E54EBF51094EEC301AA5A1AF557230F5B46F6BB14BFA955746"
"config.py","1F04B5B90C62AE50AE0CEC6E6972D80182262347E9B9B8A23E58A4AAB846554E"
"config_defaults.py","CC7C232FEBBBA764C30015A4104ECD52C3FED5633D1EBDAE67E5ECF398FB55D5"
"decorators.py","98143A933F0544DA4887AC63390B4F5B7515A08359E8CFA195BFD57881E106AF"
"editor.py","967A5426A938DAA7D884BD5178038CB271B155AA60662DA9B0A4E1F18F2EC9AF"
"tools.py","9940B9201BE904D69C5D967A802D86EFA0A787329ECB137A7D5F5549026882EF"
"utils.py","70B5581EC2F11E2D5F7CB79397B958873F86304E66F49BAEE40BE6806D474D23"
"version.py","DA997374411BDB814B8C4D88D97C8105C2443D858771C34BE1282D2C2FFA7AB8"
"__init__.py","2736FF45F82F5C2AE6FD243801F786562D4DDFA6326F19CCE66A72C6B9E28602"
"AudioClip.py","6E571EF7392C0790A03B0901CF36E2AACB80B8DAF661299473324D6CC1EE2189"
"__init__.py","E3B0C44298FC1C149AFBF4C8996FB92427AE41E4649B934CA495991B7852B855"
"audio_fadein.py","7392D7268C39526B800F7D8BF67C0C5DF32681D68DDB37F64EAE22D2908B9187"
"audio_fadeout.py","CD1EB57EB6DC67594398C6B4E0936982BBBB1C0D684BB1775E42F92D014C5A39"
"audio_left_right.py","9C863D684C8225564B0491323A2503BF8F74458FB5A9DB23CD63240B8A0DE23D"
"audio_loop.py","FC260890D1D51844E8583684B7C7EFF3234B911004901EA0F410E8A7C5B799BA"
"audio_normalize.py","6326D00F90050639BF7447B7699E527BB2C2734D7495BA233C2699A625AFFCA1"
"volumex.py","FA22F60F6AE6C09437F41C2A2758978AD3E810190D304EB65125BEDDDE196BBF"
"__init__.py","4222E907E4EAEE7F32C328FBEBD13AEC6E3BFD3205F2E5BB48808749BDC165CE"
"__init__.py","EB956E89ED716AB04068C949F848F832ABD5B5217E28EA84DA18746E6A8A52EB"
"__init__.cpython-310.pyc","AAFC9B352F0A2A77513ACB158A610C633B354ECCF653466FF945C82B539577FC"
"audio_fadein.cpython-310.pyc","28B16D64F5A9AAFA127C367FAB4AA12A6593808BC9881F6E2B74593380A777C6"
"audio_fadeout.cpython-310.pyc","F952967CEF1A4F9611C7F029A4929FAC1CAA94D1C0CDBC16FE0FE6C22069BDFE"
"audio_left_right.cpython-310.pyc","5D82A0E719060F0973B5B4084157F6771E7E2C49FD2ACDA70EE19F05FF1577E0"
"audio_loop.cpython-310.pyc","34E4A68DC966C55128548164F20BAC8F869365526058AEA4D645DB848BAF7334"
"audio_normalize.cpython-310.pyc","C471977B13D94DE9511570158FAF20FEFCB11625A9B27C054AC3AC2100882C63"
"volumex.cpython-310.pyc","7CDC678A55F036B0414E65AE9944AF9A85EFD1CE873DB44F93C11BDDBDD3B42B"
"__init__.cpython-310.pyc","30AACE929BECA0F9EA8E243427299C042107DC278B4017ED6412307FD3C6EB1C"
"AudioFileClip.py","A3BFEE96E8A650E5D6C17095A628FAF32B299849140BC47AE001AD8BAE83ACCE"
"ffmpeg_audiowriter.py","B2C5420F1A11F59139A55ED9AE46031D59BBFC0D08E24D6CD24FF01A82F5EF17"
"preview.py","305A2DAB3C9DE34BED244241E31D05F3047B4725D458884C1B0EC08397DA842D"
"readers.py","60F7593A58695D47F2D7A48950A10CD495644A0486F1FC5B2CE9C6BC41F4DA4F"
"__init__.py","A338227FD401DB1AD66A7E5542800C45BC6A97A4F645A340F5B343ABA914B6C3"
"AudioFileClip.cpython-310.pyc","37E514A56A73C8029A356801C125A58A68588C49E2D52DAE04A9102A2B7A725F"
"ffmpeg_audiowriter.cpython-310.pyc","8F6E287BF8E3DB444F4564B7204F28B1A3752198BBA94E8393490F70A93A3AF8"
"preview.cpython-310.pyc","630B1A68B7A04DE5B0F7F5F9BA566F8EF09CCC8413A974698DA635B4221BD3FC"
"readers.cpython-310.pyc","E06455A81AAD513FC4EBA08F6A82F1C7E8625B8F626907B22D3A8D0657FDBE24"
"__init__.cpython-310.pyc","05C8DFE7BF1001F9C13FF23040AD0994C28CFDE8A1813334A13E734F4988D259"
"cuts.py","FD81A51960572487BBA017E10941E4F268EF11A8E16BB31EBFC7DE56854A8CCB"
"__init__.py","9E0720E1C39D65BFAD4DFEF69D33066AF7C050AD08847381D66316E1D402927D"
"cuts.cpython-310.pyc","2B8311EB5387B226839FD1A7BC303885816B87922D909204CC8EDF9043876874"
"__init__.cpython-310.pyc","B93BB85AF1CC4B12BA753CFF287C333A551721B460C106FE72687F08C8293012"
"AudioClip.cpython-310.pyc","5EC9E615FE77CB1D461181E0DD78C58A31A14643805D0A5976FBA18D2D9AE2C5"
"__init__.cpython-310.pyc","0BC15629DE769EEFF7C701D534B89135C7E450665657F2B87518C6BED08A5D4C"
"VideoClip.py","9D4AFB8C33FE7360A08D1170FC898316A5BC39B2441E176CADED47950850EAF1"
"__init__.py","E3B0C44298FC1C149AFBF4C8996FB92427AE41E4649B934CA495991B7852B855"
"CompositeVideoClip.py","DD4E4EA1E01A5A8929B1B2CB998F95C20C94B61B1B605EE1FA95D9576B9F4C48"
"concatenate.py","615427B781A565821862D20615FB05EB8A43B14BB524708CA4012E7A8ED066FE"
"on_color.py","0E35E49BCCBCFAF994A3641F90D16356BE523FC4FB22162820326FD4A2733AD3"
"positioning.py","E9F93F883FE3B88F9CB91794F76260044F0F2263E881F789E2F521856F6FC7CE"
"transitions.py","6D95A36E356462104255121E193F327616BD5C44BE61482E5592C28A4D54CEFE"
"__init__.py","E3B0C44298FC1C149AFBF4C8996FB92427AE41E4649B934CA495991B7852B855"
"CompositeVideoClip.cpython-310.pyc","E1646F066FD39717860734B0279446F9711877C7B38C8128524DAB9CD4437D85"
"concatenate.cpython-310.pyc","787EBDF6AA45314417BBCA7CD1774D61EDACD789C4599931CB5157E9592B57B7"
"on_color.cpython-310.pyc","21DCE6B63AD95B6E737B978631D347235A4B5FBE8FD73DA7CB253EFE96C2B40B"
"positioning.cpython-310.pyc","7F19F6D057B0E0D5EB24B7612D7B2D3A9B6B9908A774640F96CF3471E433AB25"
"transitions.cpython-310.pyc","F9947628AF0AA01A69A36C8A528016C3D96CE35CE04CD11900F9C093895BD664"
"__init__.cpython-310.pyc","4E109A920CDB9D86550537D6D4C04ABD011D9A07E0E0436F6A4C10DD05ABB6DA"
"accel_decel.py","9FE8C8C3928359C31C3B20BBC497FB543E591CA73E9573A3A5E2EA15412445FD"
"blackwhite.py","78415115128F49362DC44F4197067E554957B9691A2591F3FA3C87A29520A34D"
"blink.py","D8A493F1BB1C0FF302A187FCCF856FD7F733AE7426243BB0624DBD38F332C2D3"
"colorx.py","D35775AB26B945CCBC778C96585B03590A4C315ABA41D3F15AE59808542D6233"
"crop.py","4F850851B14ACE02D7D717498405F876CC1CADAB190696A25461DA29EA2609AD"
"even_size.py","75E46395D7DD127A028F008192AF060543E4C16992952C65EF3AA8610302FF51"
"fadein.py","EEC814E62E33E22C6836C1F56D8E423C5EA77D3140D431D0756E801FEE507A09"
"fadeout.py","6C4712BED4095B4751D5EE751557C1B6984D407F5412025B05ADBEDDAA4C4520"
"freeze.py","ACC359F981DC339A52B0B8CB57CEA6A69EF890E7E3CB46AF364C396977E5C303"
"freeze_region.py","0102C60D47CE6AAC60BE16E778AD61AEBB884CF3BD7BFCA648F9F2055444AAEA"
"gamma_corr.py","479ED0A5A76EB2DAFDD55D9FB87EBEF43F86264AEF196BEB7362BCD03529828B"
"headblur.py","FEC96743A117DA5947B51EB2613F44FC5EB6EA0EB8EEDDA12F18B1C55C73D0C4"
"invert_colors.py","CC9F06C5A2021B12D88549873ACD3FE07A82A550ACB68AB7184DBA8A56C4D3E9"
"loop.py","DB36A17514F39904DE16F2103A01188B00F8FFFD2EC1BB86884DD06101231160"
"lum_contrast.py","113D92D6A31DE64108879B45A4BFAC4D6C6D53A2C71B1D63B46C3F356D7A15E3"
"make_loopable.py","0EB7EA123E3C0C7D72C50C0412D14A2F3956B56476D681AA4233AB0B0A6DFFAC"
"margin.py","6B3D5921FCF7344EBB2520AD9EBC39448ACBF59E800CFD75B54D81229AF94CD4"
"mask_and.py","3EBFA8B168A48C8429F517B9313DEE7DECCE2F6E53B73F2BF8AB800072E5C935"
"mask_color.py","DDEAED89475C81B9DAF1DEAB918ED5A3CCA5CF68A591E822206B0AD2C3403AEF"
"mask_or.py","EF6A318597B58CCD38269474A2C7B30ED3EF5166FB3C931DAF449CEDD899ADC7"
"mirror_x.py","1A5442CAE6AD5BB6C28190B41EDAD4C4A39FDA08A584685FFA34F55B7BB33E90"
"mirror_y.py","C18E678D70D5986C7C7B05486C3489F935E01B55EF13693412DF01E25878D761"
"painting.py","28471B222A9C4C6948DD3A8019684BB38F1820EFD08070101F7DBCF86C1A37C4"
"resize.py","E223EDD25DBC2141351E2A5D4B50FC83DD180121F1822EF768CE450DAFD7769E"
"rotate.py","A11BD797DC8C0D3BA8ADF8CC0D90D8E52AF973800C91B13E2CC909A3D9E70641"
"scroll.py","6D752D822F0E94E2CE3245B8096654BE502B6DF8EA3237E2C6D217B902678FB2"
"speedx.py","84A5210165D2B2637CBA1338B4FCF83FEE74EA3365FE3D21CB9816D85EAB4886"
"supersample.py","5B7D6BF13EEEC0A42BAB1E954D2AAC45EC7B1195624EEB8A4827FFD28D5E3D58"
"time_mirror.py","F9CB3BAFF5DEBEEA031754D5EDD33B8C29A61619C7C2369778CDBF755D32EDE5"
"time_symmetrize.py","2A9281F7BBE70617984EB58C6A8A9B4E46443E788155BFE9B78D08D94270D87F"
"__init__.py","4222E907E4EAEE7F32C328FBEBD13AEC6E3BFD3205F2E5BB48808749BDC165CE"
"__init__.py","A9EB678E16760C130E732E477270D559D6D0F229A8840D5AFEFBA5512383E05F"
"__init__.cpython-310.pyc","200C6BB01A13A6F6BB1F8CCF886090FC21E230A9ABDB0689ABD3FEFD14F86FB2"
"accel_decel.cpython-310.pyc","5FD4D8A6C131C083696115B66AF1EC86D1D98428F38DD3F162AD0EA4288AAC16"
"blackwhite.cpython-310.pyc","B27ED3129B5B5A9D4F99D28E85B16016D5449294AB41BD829271D9A2BFF1300E"
"blink.cpython-310.pyc","E95B4689331EB14BBEBFF34F20BDBC0D26614EDC5D609661D4546247FB4D5E34"
"colorx.cpython-310.pyc","217CCB0917072BA2B4A87A4E99946A9411EFA61B6CDDA422F92776B8328E4D81"
"crop.cpython-310.pyc","56D5AD442F82AEBE8D2B837908CE088338FF93BFC4183CFCDE487FFD4CE22FFE"
"even_size.cpython-310.pyc","B8477BB05E80DB477C81E63F847CADCB5727514693961AF7E8EE9014865A65E6"
"fadein.cpython-310.pyc","8F88C24FA3D457289AC687AEC503CCFE14FE97AC97D97912C05481D10B461B96"
"fadeout.cpython-310.pyc","15AEF1A33DF6DDDB7CAD2E43CCD82E95A41CA3532804D206DBC3E3C2A48F56CC"
"freeze.cpython-310.pyc","013347E144023E0ABA7CE69417601D7B9FCBAC7CCF6D276E7C92812591CB999F"
"freeze_region.cpython-310.pyc","55206DEBC0AF819E2D35742C6F9CA686AD3247BC25689EABEF68D61385CABC4D"
"gamma_corr.cpython-310.pyc","B6C2B3F1EE7EC2DA0E22DA242EC64B6700634B0DBEDEFCC49ABA687CCDE8A60B"
"headblur.cpython-310.pyc","D1CEE8A5F43B16BB48D937FDD924ADC6A860ACD238A9BA151F9A70222DAB99E2"
"invert_colors.cpython-310.pyc","736D1FABDD9B2DFA79B8D23D196269663CC0F87767DD6040D9A9814BF1271A6E"
"loop.cpython-310.pyc","3D57C636B74D41322BECCC1DD7206BC1CE234DD8DA0960CA8ACC27842C312F80"
"lum_contrast.cpython-310.pyc","365563563B3887C17ACD8E0D0E783B9A4E8C578938269F27B8C5A7E3CCBDD2E7"
"make_loopable.cpython-310.pyc","97D35CAF2DF15B0EFD15570F7C395CF6178124E70EC659DBCA8E976467DA43FF"
"margin.cpython-310.pyc","FC436832FBB34A17ADD10D0759282F3819E6591672EE51B3BC64B45C01F95850"
"mask_and.cpython-310.pyc","62E763020B34A9B9AB0B0ECF3C8137EFC59A2C47450421D02434925720B0C1C9"
"mask_color.cpython-310.pyc","E10FB2135D918E51210BC9FF6E5851BD3B691F1C265EF641D86A98060CAD9E88"
"mask_or.cpython-310.pyc","37E5411AA1A28567BC3F371D9B05AEEA76929828E0B4D3ED0CD8935F66BDA886"
"mirror_x.cpython-310.pyc","48C92D7A4ACC9AD0BD9456784B65C04206A4FC223066B319B78FDA1D2C81A60A"
"mirror_y.cpython-310.pyc","47F4BCDDF0DA0CA4CA490B35B9B6F6D7B62BCD87A9B95BDACCC4CF7BEB40B91F"
"painting.cpython-310.pyc","FF96C002DAE9A998983FB413D618B283E616DB91D6C1730B123CD5B8473DCFF3"
"resize.cpython-310.pyc","C5601A2AC6883D0C015257A995E212DD57C8D8A69EA6282B94EF91774743B349"
"rotate.cpython-310.pyc","7EEF26DB2FEF754E2CB4D901C3068691FD38ACEF756194B4AA301A1266C8D638"
"scroll.cpython-310.pyc","A2875BC784471E3AD308AD5E07936FDF775C9B8D257C2B82F2B92F2559883CB3"
"speedx.cpython-310.pyc","5B3C483EBB24875E2CA86CFFB2F69AC3F505909A0BAD33542BA518149C1ED182"
"supersample.cpython-310.pyc","FF7B4EA749FF01B42EEF2E336A0950123DA0A7F50217E4E43C796F3C6ED9DBD1"
"time_mirror.cpython-310.pyc","1C9B638E28D2DD06C6E667EB9415A0860A399AAA0D1E7BF301C8119C42741457"
"time_symmetrize.cpython-310.pyc","E10986106816BE189D9E9DEF98C201D4DCD4A2A6FF0B16B086F8FE66A9C79140"
"__init__.cpython-310.pyc","1EBFF3E940B81502C1E9FE4DEF29E28B89FA34144D07EC7852DBA6209835E005"
"bindings.py","64F9A4E2786CDE9F5AE5439CD2F3C0CC9AB3E2BFC39BFF2014CB7D531B126AC0"
"downloader.py","61AF3E40676A32BBFF45292AC1E3430CE3F016E3A65FF5387CF21F530EEEEC52"
"ffmpeg_reader.py","3222EA275DCC30A9A0427B96DD2F4D502301CE3296E1BC2E460145C34F12EA50"
"ffmpeg_tools.py","303A0F2CBDC9ED753E23CFC5C45BCB1BFDC31C7400AC7025ED2BB74C8ACEF58F"
"ffmpeg_writer.py","A25A5A2BC14777139FDF3224C7BDAF81EAFD542B7217CD098ABB453A6DF2CF8C"
"gif_writers.py","F0C0F0AD6EB620FE629D6EE1241920A61598A7178D6B97CF3D6C2A706A2D5E1B"
"html_tools.py","F3E6022420A5665D037E76BA7A51735EF42B35658A6EFEFDFD722ABCF8C702DA"
"ImageSequenceClip.py","1F8C990549B329777151E02537C945E76B111B749780D529FB981EC96119A7BF"
"preview.py","7DC996EA0C786AA1659BA3DD8FB186465BFAFB17CFF7C2A70295E2EC64625AE2"
"sliders.py","09C5065D53273F6920B5DB4E0ECE769BDC53ECB41D9DDAE102E1DBF97EFEAB96"
"VideoFileClip.py","67642AECC3F3BBC360F19364930526AC1BEB69B8D27EFEA720FAD71D0B83BBF1"
"__init__.py","7FF08B1E446DE3087DB0C4DF70E45CA14FD784CE61630405E9B78D5D8C5B5400"
"bindings.cpython-310.pyc","CC33F539E5F0970809C14180092BBAF2B40E367EFF0E059D6A4BBEA0CFAA6238"
"downloader.cpython-310.pyc","1A728F36ACF43FE461DCD77DCC104D167733BFF55289269ADAB986BE748D96DC"
"ffmpeg_reader.cpython-310.pyc","88BC6EBFDF79AB0DD8ECEC1E158DD65455F3A5B411EC2C2728D099A71C4159B9"
"ffmpeg_tools.cpython-310.pyc","AA74AAB4F69E0DFB0C9E41D87980FB0A508E9DE1A8268169379E6B4ED9FCF818"
"ffmpeg_writer.cpython-310.pyc","FF071844E28FD0E22E0CF8ED975C10E24A73E07C864EF8928B5715EEE16DF0BF"
"gif_writers.cpython-310.pyc","B82F1BDA574259E0AC60C71E874A7893F3085EBC125C72E2EC88FAB64B9238C5"
"html_tools.cpython-310.pyc","FEA75DC7E85A1BB0C1C54FC87D8CE549CEB8F0AF1311C256A6EC9CF6D4879D90"
"ImageSequenceClip.cpython-310.pyc","E5F214F46DA5E68932A74BBD02994330008C563D5BF987B4938833541304BC21"
"preview.cpython-310.pyc","F9D41362893C1D3B4ED5696F97B8CCD86ECFD5A61BF07049BE73CCE11E6E2B74"
"sliders.cpython-310.pyc","2C81C2A57A895E5C8B67ACF50A2ED27B914ED084255E99D9D05B16DD7921209B"
"VideoFileClip.cpython-310.pyc","F47019A99688F1C66F34F6E75E7186732C9CB1453951FF56140D3E58A483C38A"
"__init__.cpython-310.pyc","9BF884FA75D57D65CDFB35020F4B33B357FC31FD62E1C62C443B6F7F29BAA65A"
"credits.py","F1B06498664255D72E5E06979471E7A50EF3B705B011EEF316FA236A6E6F25D9"
"cuts.py","95814DBD79747D9794E46C210CEE4483CAA5FD5AC01E30DE94AF41F93432A603"
"drawing.py","EE86CDA6128F5062F0C87CECC3E288FB7BE9571B2FE1903DADDA79D3B71EE4FE"
"interpolators.py","D19248B4B3DFD0028EBCF1F5AAE5634349E1112ADECEA2BC1BFAE3ABEEF6BD0B"
"segmenting.py","10B78FADDFD9AF4B8E9E9ADA630C3F3F99230B313F6A71B681F9D17500887F51"
"subtitles.py","4200517D727BFC68D101157F3567B00445E334FE4AA0A63D6566C65948C71EB0"
"tracking.py","B394CC802C2E9F5BEE2DBA999D6ADEAE048A4D8E3EAD8AA5DD670572EA1907F1"
"__init__.py","E3B0C44298FC1C149AFBF4C8996FB92427AE41E4649B934CA495991B7852B855"
"credits.cpython-310.pyc","98B56342D4E97F4DFFAAC742A0640D48462F3773BBFF376D3341BDDD5C533223"
"cuts.cpython-310.pyc","3515C8AA63F297B8235A06254C8AFDCF2A792DB86B83494D855936322F9655BA"
"drawing.cpython-310.pyc","F34E1394D961A051F795312D0B7FF1603923E46C27FF50EEC9C2F4ACB73C32C0"
"interpolators.cpython-310.pyc","5F857EFD74F8B41D5917702BAD55BCA77879B29EF628B57032FD9074189C0776"
"segmenting.cpython-310.pyc","AECDD8D95542EC522DBB4E5D09292231763C54B109C0D529150FE5D7B6E60C56"
"subtitles.cpython-310.pyc","8835606697E026F52F0728B2D37D15453D15B62387CD885A841F3B9BBB74380B"
"tracking.cpython-310.pyc","6F3712E8BBDCAE7D9EC788E772D61BDBC4CB91262D71AF8FE6D43BC53401F408"
"__init__.cpython-310.pyc","7B8408E0CEB1D9C52648C38A85BB165C27FE27C64924359B566F8C75EF409502"
"VideoClip.cpython-310.pyc","DAFBA4D4D9E150BCE35B942339BF109B2CFF1939E0F1EF874B761101FA2B12B7"
"__init__.cpython-310.pyc","9C953030F590C4DA2B519146031EAE49DEA0F96CC3E260351310037AFE5C5E9E"
"Clip.cpython-310.pyc","72EBD4BD0EAB97D927935CC40220F698BF0156301B5FA75997968384A4B66997"
"compat.cpython-310.pyc","3BDF743B0DF1E1CC17FED59BB6992F96C21B72028EE894A24010915D9461970C"
"config.cpython-310.pyc","95823B1D587E02879431A4BE192D01109B170C5DC4DEB0F2C4057A0F71F2FD65"
"config_defaults.cpython-310.pyc","DB22C337AF05A7AB534AD66269434FC7DC0B81BEFD6141B044F5D2D20ED68F09"
"decorators.cpython-310.pyc","392279CF53DEC97C1A649055F9EF67E6264211AE52AF339B1A2E860FEBF553BC"
"editor.cpython-310.pyc","2F3CE2EF6D4FBC18BFF3BE57176CD528E156B714B7BD31D91F92F9C1F250A8CA"
"tools.cpython-310.pyc","CD4E322159807688B5C21B1F7718F421F0B2E7127B0E3924E7EEDE9BB6C88D1F"
"utils.cpython-310.pyc","82B023A1157E53BDD1F3917837FA60022CDF587E3BC1E7F2850B9A83EE29046C"
"version.cpython-310.pyc","C0423B5E4442691DC3EAD178525B0BC07AFCD6732107DC517988AD62771B14A0"
"__init__.cpython-310.pyc","C8E281A583CB74B8D6919D8843B28ED74D0137A1F514FCB99B3D9A44D3A67EAE"
"INSTALLER","CEEBAE7B8927A3227E5303CF5E0F1F7B34BB542AD7250AC03FBCDE36EC2F1508"
"METADATA","0A101A9C848393E7E3B96D19B159720A089AEB73F1F1395FFA14A85EC235BE1E"
"RECORD","8251554C162144A4306FA25E8072BD1E2F9D4BFF487882020DDCE86C4A3C3401"
"top_level.txt","D80B80CC11D74B546DB28218E377E655475FF599B3A0E1E592404E99C88F5415"
"WHEEL","FF309DDCDD65EBD02BC724DBF2BCC4A0FF53A5B61792A44548D383E4EBB19D3B"
"LICENCE.txt","01DC009471B443CBC0CD139837C045B75126F869948A2EF6E419E8D721AF521A"
"AUTHORS","0186CA6B5E069D419252BE0AB82A7206B3D419550F5EB6F14522E44EE0123E97"
"entry_points.txt","D3C7435B1E9DED3FD98F18A8906EE93C980A7B4AC49BDB5717F1F134BCAB181B"
"INSTALLER","CEEBAE7B8927A3227E5303CF5E0F1F7B34BB542AD7250AC03FBCDE36EC2F1508"
"LICENSE","606FAF42D48B54D539DAE99DB6FECD48544535587E27275B319A3F36113CB6FA"
"METADATA","6D300D3D3DEB15FAAFB45727676E72C15C6F0576FBBB426B5D78BAD0783EAD3D"
"RECORD","37D082D2735CE674B6AA54A4B390A5EBB11983ED65F5212D6B574E4065D95CA5"
"top_level.txt","2AE3124020D4E5AE777E9B539FAA68A608805A202E3E6FADDD13649B8F396DA5"
"WHEEL","F86FEDD281AE13B503D03AD2A55667AB584730157D0C3D97912E6FED7A664E79"
"conftest.py","81588A58841A3F3BBDB4A64F4EDEAB22FDCBC6DBC47BD9F1AD480F6550C4F146"
"ctypeslib.py","F5E8F2A3BED0A9DE787FD8FBA5141068005801F5718D67E02AF89AF3C4FD84FE"
"ctypeslib.pyi","EC263F35AD84D2EC19F3C4F3277A5AB288322C8AF4C1DF2C71D7316342CADB50"
"dtypes.py","70F912E812D1BE97EC53385DED59352FBFD571E9D66F59EE1EE0B173D7D80B82"
"dtypes.pyi","F46CACE4E20351C8256C30A09C9AAE6C0963BAD732FCD52D9AA594CBDFAB441D"
"exceptions.py","F28AFA9C1D9D8B4AEC5E9C4BAE6A142389C7E5BB32008227B017CC0D82F5452F"
"exceptions.pyi","6DA0647C9FC341D1FA007EEBA085EAF094A56395A7E33FE174955BA3FD524141"
"matlib.py","0C9B1AC8E0C16DDD27E8C9A1C4F9A088BDBC00BC8B810747B50E411CA8206392"
"matlib.pyi","22CFF40E28B7392339F1BCCF5E2889578EB11942BD35BDF869D1CEA8D94C6CC1"
"py.typed","E3B0C44298FC1C149AFBF4C8996FB92427AE41E4649B934CA495991B7852B855"
"version.py","1F181B3AF705DE0DC95FCB08D258F0D27234D9A102A6B700AF837C25450B2296"
"version.pyi","58F605DF3145F762E726EEC219346C878A2C3325C1B9046932F02EA3128CADBC"
"_array_api_info.py","41DFF6C7FA5440B741B673CAA1D119CB665DB3E4798B60CA41A70C98C5516919"
"_array_api_info.pyi","63B486770E72C61E0940679ABF009A3767E947B0D1D0ACD4F06A0E9FB48AA22C"
"_configtool.py","0A0743592BFD017E9734A2226C15C18ACBEE0AED1A52455529B36E7497C4448C"
"_configtool.pyi","2250B7F7987C4E5719E038925B98BA34140EF48EF81117D7A70498024B73A1A5"
"_distributor_init.py","6A105B64FCFE98666B9B0C77E451D0DBA0228A7493EFC171BEEA62041286169E"
"_distributor_init.pyi","092ADB4A9D986311D3C655FB4749D3DD1A47EC4968075C08BE8ED8380ED05B2F"
"_expired_attrs_2_0.py","B8F512A65482EBFC7F361CA7A00BA9DD909FDF276DECC1AB04DC0973674188BF"
"_expired_attrs_2_0.pyi","6478DCE998D80B58CA5D7C0B878C3296BE8FD5B627950EF9B148A00CDA9A5E80"
"_globals.py","15653122DA3D850E4C8B6368C4FE83786A48DDB812F07F71ABB8DFCDA54BB46D"
"_globals.pyi","92CB77566ED96F39CEB47B0FC9AD0FCD4D0A6E344667CC613264CD31A7EF4FEE"
"_pytesttester.py","E888BE548E2ECF7C22439A7335929DBD44FA2CEA0DF3AF2B37355F7FBAD39409"
"_pytesttester.pyi","0B2D6B77EB2FF43BE600010A444CBD548D21613595A40FCCA014559B30F2BDC6"
"__config__.py","94F660A09F538706D461D1BCB5BCFE967E04D208181C274417089D09F4446F6A"
"__config__.pyi","6F51401BE4CE58BF7369A6B36681D6329D8EA2099C6524E7DE69142793118770"
"__init__.cython-30.pxd","6F0A990433A4B7935C7B612678777D995D5E1A82D34A872D9F69FE94258A5B17"
"__init__.pxd","1D45DE9A7E5017660652A3AF266AA6158A5667AE113EFE46C12EBA2C6D5EBB98"
"__init__.py","AD238E76E8C6FBD56A19E6C894864CF466BD2ED76004CAC89E78C019FA625607"
"__init__.pyi","D93A5961893D7EBA7472E7855145AA030F87AE861DD64E18E5F37FF8CD34FF45"
"__init__.py","A1065200EB3BAC799EE82C5F74BF67ADA611348DCD535F0C8F343891098ADA40"
"__init__.pyi","C28957FEA1366E3B087147D0AD0CC68F391AA9D32DB8658E543037ABED89AA3D"
"__init__.cpython-310.pyc","B6A195E47EE99FE50DFD9DD23031622EA70EFB563A90BC44FF614B9AF7C6C05B"
"py3k.py","C1C4911AB4E890B3F12DA991170067B164BDCF9B80CB3B0C95312709652AA56C"
"__init__.py","A2AB107982A942E269B932EA324657EACB2A41F497B342688FF4BC32CF4A48D5"
"__init__.py","E3B0C44298FC1C149AFBF4C8996FB92427AE41E4649B934CA495991B7852B855"
"__init__.cpython-310.pyc","D003911BA56C645F78BDCA11E647F442147950DD8F6C220854D2C0D6FF73AD66"
"py3k.cpython-310.pyc","C4F3EED7846B6A32F21844757C1EA4F2C8CC0EE775866C77CD4186DA85AF5B33"
"__init__.cpython-310.pyc","DC606524CCCD89E1F227C47DDA68F5EF7B7CB779A854A1035CF48F4C8B485EA4"
"arrayprint.py","AA8F4621F744996F5FA31BCFD2FB452D16809526CEA0E18953E841950E612250"
"defchararray.py","FA00A373D72220B852CC0C6D5578224F0769B8D303DD1EA9F6D5C77BF30BC7D0"
"einsumfunc.py","2E40928D14371C81787DD473EEE12097ED53C9E4F482D195E72F31F5C418B19D"
"fromnumeric.py","890B2287BD7CAFA416F346AE3C96EF6BDF6A7967D3E482B64B4DACBF8005314B"
"function_base.py","57FFAD50665F8236338D9C6F84B351B555D5DBFBF5DAB26CBC01A90D76DFABCC"
"getlimits.py","490B13943A43573F40BC50BEC6F0096E1726E6CBC10F4DAAA44F872E0B75ED10"
"multiarray.py","D8AEE0DE35DB1FBC2ABA94ACCABE703F4628412A5795969BF6E0C36C9B73D819"
"numeric.py","9D3BF073002A9330A7626A84B7827776FA94A1DCD7525688F07E58179C7AE718"
"numerictypes.py","8E643D7355AB5B1971F0E0C364A380AAB8B152EDC6C7F3490F54B34F7C2D6F9D"
"overrides.py","0EAFA54DBF36F60BE0F877D1B58D0113A184D946C8EA25E430887C1AF933B758"
"overrides.pyi","1D2722789936DE4E0B935E2AF2EF4211CDD9115390EA11AEFC57960D1D93CAEF"
"records.py","E633ED804B47689EB8D82B7E1BDB84C2717DCBF4D99D90145E6FC4509105F09F"
"shape_base.py","8AD8ABCF884DDCCF0D7608A3E3F65572B6B8AAD4642B8D8EC29F2AAFD7C57B9C"
"umath.py","D3DB8DC9B52A7D6C5DAA4A181F3BFA8EB4C3097ABA0C323E11DC1A38A7628E7E"
"_dtype.py","3DC4829FB0C2A60AEF0639BE93878231C1224E71FE8CFCD09A1F05CB32D5C3D2"
"_dtype.pyi","E3B0C44298FC1C149AFBF4C8996FB92427AE41E4649B934CA495991B7852B855"
"_dtype_ctypes.py","7A264D28225BCD9D448BD4E477B15F7F1F2F594B002A71522BEE6FCDADEF9844"
"_dtype_ctypes.pyi","E3B0C44298FC1C149AFBF4C8996FB92427AE41E4649B934CA495991B7852B855"
"_internal.py","1C2D4DAEA0C480AFBA33533AFBC653652645EF19C860F87F1BFE23D8114134B3"
"_multiarray_umath.py","BCEE3DFF8C7949883E0524F9E3597BDD19819BBA64A9BC25B2C9B0B1149D53CD"
"_utils.py","740699B5755684E1058B0995B33F0C9FBEC7B329CC0CA859EC792B8C3D50DEF7"
"__init__.py","FE5A5C688A8D8374C7E77244D09295283E17D03393922D9D4AF4208C78FA11E9"
"__init__.pyi","E3B0C44298FC1C149AFBF4C8996FB92427AE41E4649B934CA495991B7852B855"
"arrayprint.cpython-310.pyc","B6E1BE0334736A7A09FE92A790794C46F046933E73A0D8C624C6EF7589F83F02"
"defchararray.cpython-310.pyc","3E311BE79A0AFDEA7DD68BCF4546F34B384603BEE6ADC30E2C25E3F31B37D080"
"einsumfunc.cpython-310.pyc","92493C87E723889628A03F35DB81FB4C3EE126E6B6726C0F8EB32970628D2084"
"fromnumeric.cpython-310.pyc","E299282A7AD2832D1B107FF9F03C124682AC5BB6B0D7FCE7F354792A5AC92116"
"function_base.cpython-310.pyc","1D6E91E33B4AA147B9AEC2E5137184E8EE453848C5A377D54A5BF86B050B839C"
"getlimits.cpython-310.pyc","16BE1B9D3420E8F6A15DFBBBA7A22C3D9B4B493AF867EFD2A5A51979B694FC4B"
"multiarray.cpython-310.pyc","654FFB0F591CE7EF20353A5DDCAE00AC79D123E3276933B4C30DDCEECD9672C6"
"numeric.cpython-310.pyc","2B23639492CD99801ECBEFAF7184DF82367FEFCE204F5028135C1C96500E41F3"
"numerictypes.cpython-310.pyc","D77CDB857D104F055ADBC51C73E4059F7B7BF45319785809E0B40F48B5EE99D1"
"overrides.cpython-310.pyc","76A3E23535B474A6BF6F0DCB561319EA46D95B69562EF6602A0ED2CAD35A4D85"
"records.cpython-310.pyc","C3FCC8033F06B87B9A458CB37E92691B4DBB74B0F4A248CFBFA176298BB1DAA3"
"shape_base.cpython-310.pyc","A7EA51840969D2D4EE3B80B4D7B36C7E7CD46A3EA33F7FE83CEFF0CFE6C7D243"
"umath.cpython-310.pyc","D5E84AAAB10A1C7C3B321BB10803B1572C0D98CC9577FC3EE4B52DB57F61C016"
"_dtype.cpython-310.pyc","B2629AAE6243F07E8EF935C41BC3CBC5D77544735D9D64BD2C0AD12F30903AD3"
"_dtype_ctypes.cpython-310.pyc","BDCEA6951CCF92516F773B5A5F20014B6FE3AF6BF14BBCC7B1FF3B081B0AA56C"
"_internal.cpython-310.pyc","A2825A4C94E2ED90840030AFCCF0081CBAB3AAD2EE3D876A01376450C11B70F8"
"_multiarray_umath.cpython-310.pyc","55DCB40E5B88C238327623EA5DCA21629145BC0048870FDAE1346E60E39719C1"
"_utils.cpython-310.pyc","3EB5710B2291BD2B277D7B769403B9A1995CCB0FC1E310C593427F312377D4A2"
"__init__.cpython-310.pyc","646CE62937746337EC2232E23F9DA69FE4A4867F6D3A1491B0D85E01C7AB4E3D"
"armccompiler.py","EAC28DA79E37ABFE0D69F12B1E814E3CACFC47760947DB280C2AF559E16BE579"
"ccompiler.py","4C5CC64BA3261362520A1A212D2BC9F79E66B55D77DFDBBB81F15AAF53B8B1E2"
"ccompiler_opt.py","EA52B26303861813588F34B39C1C274F25B87C101FC25170DA74A44AF3CFA332"
"conv_template.py","84BD030F2EED309FB923EEB70669169282CD5F67391A241D4218FE5CD1B74E6F"
"core.py","E2FBCDCE92F2FFD01F6A45E0CC2E8E21345384977839D7D29ABCF1858BB8F457"
"cpuinfo.py","9791BB9B25CDC04393CA7048122B47FA085A17C670E691D0023698A4F28DB534"
"exec_command.py","07E880CFBC28AB373070FF98D88521DF2388FC12F3B1E1457B4A742BD53980FA"
"extension.py","538BC725E7A6E245AC2BFE4A5279A9D6A086D2A3BA3C8E7242372152F1E7C25C"
"from_template.py","04BFAFCA97C8D06349AD3A3E9CAB38E399624D6D9075FBEBB2EF113230132F90"
"fujitsuccompiler.py","25654F848D681F8BF688ACC33FC5637272482985D91587180B07690F185446FC"
"intelccompiler.py","D5937D25511E9A9F7C4BE9319528E945AAB1F9A504D58986807CB498542DACC7"
"lib2def.py","2A759925A3ACC66C79ECC109C6BB1D3C09596D0060BBEDBB6D20A3C0EF1C23A9"
"line_endings.py","86523BD6BF38D2685FBBC966CDD1CF559E0D166FA42430D4315DE51136E55536"
"log.py","6B9FAC3F07197A2EE448FD194191F8B53AE54561E72FC8EDCCB09E5123C0FF4E"
"mingw32ccompiler.py","920392A732FC9FF8572BC7ABCA6DB62D9DA906F237F15EC6C08FEA93C9962D5C"
"misc_util.py","ADEF273657243833E1F5F16F0C97E54FE51E395E7DE26811497F8800DAF523FA"
"msvc9compiler.py","6C2B42549986AC11CF9BDB0EA316B7A12ADDAC45423501443393B985DA97F077"
"msvccompiler.py","82A43248EF8FE84824DEA82B365C82177CDEFD4E3B9483BD4AB6C526B09008EF"
"npy_pkg_config.py","B76F8E1BF42B9D911E42C6A0A49178B0B37D0BB44C967586396E0AF3CC04BF1D"
"numpy_distribution.py","9EB769F2B9728C4041575B73CE2E5C13E6987970795375FC4F9F86D1A9174A86"
"pathccompiler.py","6B90980D78A509A202F39BF47D587EC2B6F47C296FD00EE63D2F3B685D629D47"
"system_info.py","2DE5D07F566FA38D10074753C31DD291CD9FECF92FF51428BB7B09B45783F29A"
"unixccompiler.py","103FDEEF21D5363E285CCCDEE8A63C4DB3F18F2BC70C2EA8E15346024140E594"
"_shell_utils.py","4C373CB29F7CEAC7665B4E89C0E68868DE5756A1B6B781C47ECF12742A70539D"
"__init__.py","B21D5357DFDA5B4616BE61DF04FB5B64A0917194CDE819F1295FA62001B6BEE6"
"__init__.pyi","E8A890207F39A545DA225A30DCA5B4E9ED7F64906871563A9481A084D696DF70"
"cpu_asimd.c","362B7836F62FA375D6B4129E57AAE622CCDD34BBBD018F35B2A30509390A5C11"
"cpu_asimddp.c","6D03F7D88CD064036EF5A16EDEA928BCB6095CA0A6D1B27AB2BB0EE47A3618A2"
"cpu_asimdfhm.c","C498E611A920B662BDCE5C767C84FA519E1E66B78BCDD0A839592418FCB35C50"
"cpu_asimdhp.c","D1E4D9D84D46CA4DC6E577E4A52377DB223D002DD2530C057ADC803AD129E6EE"
"cpu_avx.c","EBD682136F0402B57E0667452A1080E5D8E0359019B50836CDD79ADD5403F9CA"
"cpu_avx2.c","DB4EE1168878A23CCC00F439DEE83F639A82148819D5EF12748D7EA368F3741E"
"cpu_avx512cd.c","CC897B0095DFC6A9EAB99C8742F5001ABF4CFAFB7AD93225CA585D96B83EAA41"
"cpu_avx512f.c","89B5B4CE89FA5C662475F9D8113B8F7D11261393AD3B41DFB8B4EA5CCB28A8D0"
"cpu_avx512_clx.c","09F3E3B9D91167DFF1CA02D53B2492123A007E48E37EEE22A6458AE2E09A85B5"
"cpu_avx512_cnl.c","78A08F464EA9D41D1B3C0C8E634A1644A64C7DAF9CE60FAC92F2461A51B92386"
"cpu_avx512_icl.c","66DF1739764BF390ECE47BD9940C14562953EA619B3D4E38222AF8E2E97ACB66"
"cpu_avx512_knl.c","D22B46360F6CF60163B23EFDA90BEC651FB171E4D3729C38A9AD0E3809AAFD28"
"cpu_avx512_knm.c","8957499D9E47639F57854BF81B3C2A611C33D84FE35899E4D6E4B3F7B32FC58D"
"cpu_avx512_skx.c","68E1E961D18F131D857270BB4CA7BD36BEF04344165B6D14AB7C515526F853DD"
"cpu_avx512_spr.c","CE24A6CCD419FE4DE3E45AC059229F0005BF83797CB6AF2DE889D53D6114C7D6"
"cpu_f16c.c","431C48DEF8A6500909E1E27CDEF6B6999CD324E937C91388D397D5634EC7E53A"
"cpu_fma3.c","0AAD05FD4A552784981DCC577DA628A87498BD6449CD9B01F0890E565F0ADABA"
"cpu_fma4.c","5F2D187D5A500C288538EAC2587F91324BFB9ACE5901B49ABB09B6C44393F78A"
"cpu_neon.c","23E47C0C713A25FCEA98FA5A178353756C6AE61116FA52593E34A35BCCA7160A"
"cpu_neon_fp16.c","EA1772917EDC44BDEBB9E8E02B76DFFC85C6416A25F0E5084CF123BDBCFFD477"
"cpu_neon_vfpv4.c","218E1C4F4DC64EBCC464A2DDED42272AD602D03960BA01461AB9124DFC30BE65"
"cpu_popcnt.c","264B259B90E2BB16C8F9F05C0888098F18E2766F8FB3FC9F01BFE32486689C4F"
"cpu_rvv.c","85733C7372448C34527F5BE7DC8586D154AE9E8ED02EB5254DE815BD75E9606E"
"cpu_sse.c","5E2B4B66EFEAC570C834DA5B7DC5002FB89DB93D48EB71E3360B7213BD92084A"
"cpu_sse2.c","389A50CEC86A092E82A7D5F5235CAA87664F6B46F60284A6267E87740A4ECD89"
"cpu_sse3.c","026664BD3A577280807D57245E0BF0968BAD2390931E4C07243F3AA58B27B609"
"cpu_sse41.c","E46BE98313DC0CBDFD8B27548CAC92E967333A25D3B35E0A797BE55953ABE8B4"
"cpu_sse42.c","F1E63386ABAE5E34511A9DE2B135F470D515DE95C04C43DCF89F820D84E04DA5"
"cpu_ssse3.c","41758A473E5F190BF96E7DBCD9B24BE21FFDDBECAA1C51BF1A9E6E2CABDC037E"
"cpu_sve.c","4200494C9FDC4C3CFCE592D2314EDC41BA5A8AFF01C1BE8C6B51DF0A85F79797"
"cpu_vsx.c","8315A976790C7A86810B3954FE3E7A6EB077F0A168E08B45B23CA2CA8DD8ACA9"
"cpu_vsx2.c","C9C2A8297B33AD99040989A89F329DED381F96967255CD57ABE82D26AC8F2B1B"
"cpu_vsx3.c","A4D038C36A1DC28FA651F4A72A75E5E52558D73DA73B13D965C342F8BD985F5C"
"cpu_vsx4.c","49139862355573C80F94CE0444EFBEF43936333BC079C67327118A3BF453BCF3"
"cpu_vx.c","BF5519323EFC3CE08DEEC6C5996E8DD0633FA90494C07C62175E4B418003214B"
"cpu_vxe.c","D70F00BD2EB1F2CFF34E072B0C418C290992AA92515F634BA6B752BBF89BCA39"
"cpu_vxe2.c","7D8F4FD9F5A8F9BD3C772E1D9AE34D73FC57DC4D2BB8F454F732CFCF3803F99F"
"cpu_xop.c","B0F84EBF24FE99D95B7FA4656D9BCCAEC951C079D31603FE1D72E3B9E4BB9F05"
"extra_avx512bw_mask.c","EC844EDB89A972E5D1866DEB79F1963FDD6CCB47BA4664A49944025B2C72FFFD"
"extra_avx512dq_mask.c","8C5B4E284B59977893A5F6E614D07EBB80D03575C1493DADA0A0A9C4522311AD"
"extra_avx512f_reduce.c","8487022CC9BF6973DFAE1CC2B2815D422AF222B9ED3EA7C3C73D2D34E47DF39C"
"extra_vsx3_half_double.c","194F84EB240B77398E76F3B4E83D0A0A4BD4E181F2BB016FCB2762AD4FF50A59"
"extra_vsx4_mma.c","F8FCFFA90E7959F5A64D61931F486F2AB1535364B6923B1505F20ADF0E6C7221"
"extra_vsx_asm.c","6A7499B2484A64898D93496C489258FFC189434877743AE4AE6AC68AD952EC5C"
"test_flags.c","EEB81579F54E28E05A79F1BFEAB89ABBFB53D88A88E0C16B6D23063459EA5014"
"autodist.py","8B68A9D19AEEF3F005C7794D4219597E3EA8FEF83E450F32BB558DB2D7086211"
"bdist_rpm.py","F6E65F3B3747574FCF4540FC7B134DC1A7DCD2A52A5231EE4C3C507195CB21B8"
"build.py","E886D883270670246BAD610D501AB3004860B5484218B9D73559D30AEDE1C567"
"build_clib.py","C7C0A359BADA4E36A2EF0752C2AD7A54158C430E70DB40660A3FE21DDCC3735E"
"build_ext.py","5DF6DD59976A40AC2A89BA5BF154F638396B71FB6B8A07C556778B97DECFDD99"
"build_py.py","C411D90ADC7DD46AAE71A9E32011133DE5E647E83250A3C3CABD62331D404561"
"build_scripts.py","00440B3663B6BF937E19797897077CBFF9C796B6AE071F58F94B9D0DC742B3F0"
"build_src.py","9E310F0047ED6C1010F0AEAE0118C0D4DFC291B083C25079F69DF0B9EE487D98"
"config.py","20153AE95657BEE3DF118C4C5C8989A46F1BD075B550394D0682D5ACBC8A2C30"
"config_compiler.py","48A2E085A16C265D2E4134DD5E1DFA351B438A2ED8F2D23D8C0EABB40323947C"
"develop.py","E6BA3E4AE76DF25E7C2692AF1FD15AB87EAF21F611BF6A211CBCFEF5E1F2B5B7"
"egg_info.py","9FAB6B6E345F0F5A9673F851B4C164389B20F3604288BBDD97E35E5F2B9C7867"
"install.py","88AE65B3ADE8E96A953AB794FA61B91D94A4C7DD2A621310BE5A3615A6905968"
"install_clib.py","AB7CAB7C963D1016B13886144288AEDBE8EE34A2CA00A29F5C2D27ADDE2DEB3D"
"install_data.py","AFC1156C8697C8DDDA3A646E813DE4A7F178674DCFB155F697FC784634CE594E"
"install_headers.py","1D9A374E8FFBB6996CD99A260E76B174FDF6A1251542C15E0A36C3F230D95C56"
"sdist.py","5D0337F5BF8C30ED3C6DF137489AEBB435B05F45D59F3099A9F02856EB9A16E1"
"__init__.py","0C2C672AA4CBADAB8E0F715CF1BEEA83D537815DA4F520037AF13F4371FBF278"
"autodist.cpython-310.pyc","0513364B7CEF40B8ED20DAACEEDE18A0A6E0CCD7B6A7E2F6D7C1ECC65ADC470E"
"bdist_rpm.cpython-310.pyc","07BC06517749B2CCB35654636C2C35AD981B7361B7AB506452A29B3C1906FDD9"
"build.cpython-310.pyc","81F0CCA3201BEB479724A1204741F9770406288338FAE76A9808C181A26F1631"
"build_clib.cpython-310.pyc","22759BD7573D7A5E033B27F0CE073DFF4CCE2C15CB02B1D9A302BAA0C286EA40"
"build_ext.cpython-310.pyc","870DADF2B4FD1F08A280A6ACEF3A0A7DBEC994A40C76F72EF90AF67D2D451FB3"
"build_py.cpython-310.pyc","93451D99E3770AB838932DCF5B17CC19C12D05D5506EE634AAEC98B3446ED641"
"build_scripts.cpython-310.pyc","5571C6CEFFB5B3DD8FA4646A67E92DE5A77F1D055F890C9F36F55A7A6018F987"
"build_src.cpython-310.pyc","83A4C90359B0D855D8DB133DDCBD0FAD52B8025066C70C4D3F8C17E1BFC301A2"
"config.cpython-310.pyc","E5EA33D8FF22989141889E7D9AEAE11B80FBA1149C3A858F21827DC7A1616ECD"
"config_compiler.cpython-310.pyc","B01B90C52881E4BF49BDD06A5691E034C1C2158B9F8B94354D372F14F5C7C870"
"develop.cpython-310.pyc","9A814E43FCCE00415225550BAA180D5A1C2FC430CCE401FC23295E110AE095C9"
"egg_info.cpython-310.pyc","FDAEF7428052DB32668029292F8A9D8CC720BFEA542598F0A194268A4CBA5093"
"install.cpython-310.pyc","B3E2465A568138F0537A9B86E4A3571BD0CBAB48B52C76CCF2DD3E49ABAF389E"
"install_clib.cpython-310.pyc","A8DFFBCDB05B232980BB20D601E7D573B015B77AD6DA5E6948730ADB3719ACE8"
"install_data.cpython-310.pyc","92066954AF366F7AE83FD4E61F451D3DD3FC3EDB4C2CF86DEC4D913A04903499"
"install_headers.cpython-310.pyc","BB150F3463F14FFD76462C5F02BD3EDA8CDC493D527BD81C56CC45AB38028213"
"sdist.cpython-310.pyc","61BDB58F59775263C4B45719C235C8D30269AB62872AC02781983C39EE9AE9B8"
"__init__.cpython-310.pyc","484E86B9A92619FCEF9E005C067511C925F8C23E293685DA1BD1561301348250"
"absoft.py","279367F0F5C3D153548C2239563E8F0FC2514BA0F18B9673E4B09AF1F90F6486"
"arm.py","0697EDB771E7989737232B7CFA7C2C36FF3A26A74560AD09330877082F273FF9"
"compaq.py","CB245EA8502AE36772D73B1C3005741AA55A616EC86A8D47B405299EFE574DE7"
"environment.py","3D54B56A5DF06A10CD9E778D552975B1084C3DFCF67545DA2035497F2D306415"
"fujitsu.py","8387532C315F2D10338586B2230C87181C35637E832AD3CE0987C0F36DE574D0"
"g95.py","D5325EE08CA7598AAA601CBC809FA7CFC590FD36926EFF24D94CD4218E44AEA7"
"gnu.py","E95FCBCBF970104B1F5034B3D2F08383CE8485695A8C7BB2072FE2A0BA8A09D3"
"hpux.py","48B6C338F6208A2C6A137D86814AC0263A432C5CBD83B134D6F18D6421AFE8F7"
"ibm.py","3FC34C79D306C650AF551A15223E06285EB920FD5351EEE39A5B7ED4AB1C558A"
"intel.py","AE59B4D7B7157328C8CB5FECF1AE2534727C8A5A3A4E261C200FEDB8FA236A96"
"lahey.py","115DD9870ABE8A8C1602EE011413EFFD4189F8807EAB19719A2E96535A870CEB"
"mips.py","9A550D806AD148B9CD86DC505D655F0BD978FCE3F618CBCE9206D94300689F40"
"nag.py","169A034165BF6370279BDF8FB2697E78DC92086CC2A7DFE33F6123E3F0300F2F"
"none.py","6AE30ADA8BB55AD276D0B78C6F00992775E87E94FD0346186CC55DFBAD8C8BF1"
"nv.py","E342187F19B9A69918B52697F2C78C83D346CA7BD7AD916470B0E89F16CA7D6E"
"pathf95.py","8A96DA6483BCB2A3C9D65529A4EBAB9DBA224F047321AB1634026F2A692DBEFE"
"pg.py","71571214CF684742A63B90086F839DC3D386B255BACEF0C63FCF27FAE130C6F4"
"sun.py","24C7457CA95D4D895F5B50F157B9D1D3D9393D9CA928B5A93FBC264339A59C7D"
"vast.py","25418FEBC2463943814BD59B5DFB44FAA095503D777E92F23E78691DF4CBE72D"
"__init__.py","52770E4AAC2584774D3525622226EACB9D4FAEB91DE7CF5ED42D3AB13B67630C"
"absoft.cpython-310.pyc","FBAA1649E248BF11FE14877BE3EDDFDB6FBBE7006A8E25ED18459B68977245E0"
"arm.cpython-310.pyc","4CEAD9E20F3E8D519FDA8574B5C8B574D6E3CF76E4CCA9C3301A383CB5169F36"
"compaq.cpython-310.pyc","E9757E2C8D52C49A42DAE6474524B4A37D0473EA8B8FC7A9D0FABB5F730FC7D1"
"environment.cpython-310.pyc","E9B6C0914BBB20285E6762232198DF541F93E03E99458C1E212FB52DDA0BB94E"
"fujitsu.cpython-310.pyc","54B9AF9B2875BB2A61F34970D25B6E84738BE049A6C076674EC07E2A3F9390C3"
"g95.cpython-310.pyc","7270609B641A7FB8D7B02D5A900F86F61989BC9E642595CECC5A96A190370BE6"
"gnu.cpython-310.pyc","369705042AED9019FAB02BA7EC52DD83D99AED013087897ACA7836E66C67BE8C"
"hpux.cpython-310.pyc","DF0CA85A227BEDBB45F2C6260C3FB29760377C4E0128B052DF77CE329960025F"
"ibm.cpython-310.pyc","D98A2E222787397C15AD8CA0BE89C25FCED8262B85D057580B5659AC19C566F5"
"intel.cpython-310.pyc","4969822C055341B8BE8A0CBA8FD80EEF3EF08BF042ADB5FA2279E5EA8754F5BB"
"lahey.cpython-310.pyc","55D547BC1086F093CFF32B96B734B9D30634800CDAAD69198B708023F1474731"
"mips.cpython-310.pyc","36E82497C6781523665396A4C4ACF76A78D22CF5BAFECD0D93F5884FA8FC163E"
"nag.cpython-310.pyc","4675CD964C77430EFE94F0E1DFE13CD3BE2E7E0F81B3A54DBEF49B689A740517"
"none.cpython-310.pyc","BB5680886FF5F37F2DB0086C1E8C1978127EA918CFCC1819A967BFC7AB556C78"
"nv.cpython-310.pyc","B2F30FB0D2C48304114375A696FBEB1B7AF19EE30723D29BA0E0BE424880F92B"
"pathf95.cpython-310.pyc","E22D9E42193CE6A7319344DF480189526D96BDD737DB6093D28587888C92CB61"
"pg.cpython-310.pyc","E47B63E2055A8A28E00EBC88BD7E4FCC4618FE9F55238C59B82EBC2D5C1C4785"
"sun.cpython-310.pyc","1D85233B9872F6423C1C91DF5B1A01E54736D5C3D5D3530E566AA193C109DAB6"
"vast.cpython-310.pyc","1F1DA132BFBE53AB12850077818EAA7D736CEDFC5E548D30C19697A36B88EB52"
"__init__.cpython-310.pyc","41007DBCD7479BB66219C7F315D5560ABD35A38344E9E133C6312BD8C517DDFC"
"gfortran_vs2003_hack.c","1434C0E772984C886297DCADBD996870EAA0850569F4B69C2C79F522EAD5D302"
"test_build_ext.py","567AE8C12BADA0B46BBF6D7C053E014387D9FBCC7B438A2D14BC85EB0563BA08"
"test_ccompiler_opt.py","60047BEA228BB1122945F4B65E62AE9ECC876A20F3C862BE4F8EE8348ED69B21"
"test_ccompiler_opt_conf.py","DCACAA2DEA63DE70B60B55189BC9EFD4D7B93BA2ADB9F0FEEC396F01826EBCEA"
"test_exec_command.py","1158A9061A171098E54B0B50469B56242D4B34973AC1F633BBFF355768DD00BF"
"test_fcompiler.py","492E4738B220D1EAA49994D129E5AAF7F6A15B6B6657D73DA62C187F37013E67"
"test_fcompiler_gnu.py","46544765BC9ACE0286635ECD99D6121777A13B4334C573785246EC273273E22F"
"test_fcompiler_intel.py","E1CA698CBBA0A1AF0FE1B8F361D88FC66C82CB098FF699573A47EC92586762C4"
"test_fcompiler_nagfor.py","9EDCABF1FFBAEDD348D0E17F97AF9A793C2EF705BEBE7C6985EAAB7387170142"
"test_from_template.py","67351210FC99206E196A4DFE4C5AA64465C7329E7C68A4EE2CA6F4B7EE57A438"
"test_log.py","CA57DD2F490191B8E3FD382AC78ED41B2900B6913F98990B9DD2F8D29D750187"
"test_mingw32ccompiler.py","ED7F15E212CCB6C363D696282E449295AD38809BBAE9EF3B13F93EE9C7B73EB0"
"test_misc_util.py","F7592833359B0D992D12F91F742072547CD58871D42E69F4591700FC3F984A34"
"test_npy_pkg_config.py","D69421FA60291E38F4CBD05ADADAA7B3BF54F1DB1F0E927DCDC3DDB1ADAA6E9B"
"test_shell_utils.py","68AB725E91C460044DB00ABDAB949E542D2AA8C7E6D60CEF94DEBE9D739595A7"
"test_system_info.py","FA3E37F06B9F56AE9589C8A6C9B9B55F19DDC3089718AB984C46FBF207D8E56B"
"utilities.py","778F6CB8CCD1FF5B005D4D0E3B9903EE6B097C1B66BEFEF2659082588C57298E"
"__init__.py","E3B0C44298FC1C149AFBF4C8996FB92427AE41E4649B934CA495991B7852B855"
"test_build_ext.cpython-310.pyc","F0608B849A317E11BCFA0DB06EB9E9997CA62E20CE953274A78FAC9D34458629"
"test_ccompiler_opt.cpython-310.pyc","B09C28239E1917815CA4635126075CBE04D355F97C35898D6A35292E7479BAC0"
"test_ccompiler_opt_conf.cpython-310.pyc","7852442292FE7B9362DE53E73541642E72CC6E0C632250486BD487779E34C32E"
"test_exec_command.cpython-310.pyc","36BC558FE08CB4E329174BEA2AD8A17A911018B44DC089037737C3607A54FA71"
"test_fcompiler.cpython-310.pyc","CA16F29F054F3ACC8E1427B36C8FD9831EA45E2442A03F36E5E4A79C8FBB5E62"
"test_fcompiler_gnu.cpython-310.pyc","9496322326F9638ECE169161BD4079F7F92ED1A25E41607D55F92775302737A4"
"test_fcompiler_intel.cpython-310.pyc","768FA9613CB15C8497F8CD3F142971D1F753108DA4463547F2D9E5E9F79A29B6"
"test_fcompiler_nagfor.cpython-310.pyc","6A48DA98E5EF1CEB94709E6984D998B33AD1E68B37AE96839CFEEB70A38C47FA"
"test_from_template.cpython-310.pyc","EE1728EDC6DE99807FED467B4517A817E996B1647D025D4B07CDC770538DB928"
"test_log.cpython-310.pyc","BAE6BAB705A5A55A21C2EB3B288989DCE4171EA7DEC101C8B89532ACA56F0368"
"test_mingw32ccompiler.cpython-310.pyc","3590F36B660D223E4B5A463B585317FA9C1C1B4EF3C488EEA053FAA6B00BEE62"
"test_misc_util.cpython-310.pyc","770134DB55BB1A11E91EF9CFF00CA18E3B23E4CACCF6C29826E2EDBF823D8009"
"test_npy_pkg_config.cpython-310.pyc","1E0CA9DD53C30BD195E9ED015C06B1C049E9049D47D1E206428E4D1857259A70"
"test_shell_utils.cpython-310.pyc","FD7407BE88778DE42E660C5746407B5BAFDF8452E776CC45EAAA5147E25A0342"
"test_system_info.cpython-310.pyc","ADB817563296DC3535C4D81930F9F5D12B14E7E9B6ADC3CD9C1A7712BC3B8FD9"
"utilities.cpython-310.pyc","27BBCF1DC523764209D2B3CB653B6C2D186577D0C4AAFD2B4F0C3AFCC57DF6CD"
"__init__.cpython-310.pyc","51A0224DF89163B5C1963586A0B1FD33C8CF69EB8D33C5CDEE6B3294C6DF4525"
"armccompiler.cpython-310.pyc","8ED69E3AF3B4FD35EB8341FFC0F0E21DA4FA0FC40764C083FD438D5ED75ED2BC"
"ccompiler.cpython-310.pyc","023B018AE2FEB10E6F5511259D772C218C86B43C6C742C2D0B9B875886D966F7"
"ccompiler_opt.cpython-310.pyc","FD522CB06348E3C8E2EF69738C42C4B880D23957BEF87A23AA05FA9977DA8AE7"
"conv_template.cpython-310.pyc","E521C73559B6AC8BE0688AFB2CD96A26277A8A6BB526604473D989DB0CB55FD7"
"core.cpython-310.pyc","7486602AADB0B54CC6705DD5941E4EEF65A4C0B3940B6251DDAAEBAF4D874C59"
"cpuinfo.cpython-310.pyc","6B3BB7F20CB7F973E1EF984D6AB4130CF766FC9FBD1692F287C2BAA3F7009999"
"exec_command.cpython-310.pyc","5B60B08608122F77BCD1F7964C6D0FB429173F5770B0EC4C07538D89A801E73C"
"extension.cpython-310.pyc","2F28281F9BB1226B3652E0F8B2DF0936AA0EAD627A2408947F313EB8A6ED51D8"
"from_template.cpython-310.pyc","22665C9D0A253BF7930FB035AFFE7D766569466BA4B19ABDB0D7A3272C88C16C"
"fujitsuccompiler.cpython-310.pyc","FDDCE32675EB161DC219E1B14B222C759DAD6D0BEEE76D134617189E63FC424E"
"intelccompiler.cpython-310.pyc","D56619069C5407A3A31DD88B8BD43445D9CEA093827489B6F8094979AB07E94E"
"lib2def.cpython-310.pyc","B4A2E0F6CA53045BA6D6953BB91FA931C4C64B3A7B2923189395C45566A7704C"
"line_endings.cpython-310.pyc","F3D5C0455E9A89F93C2DE7B0F1946C2F524123E9E992414BA4FB90BC5E27335A"
"log.cpython-310.pyc","D1447A0151CDFA74919D13DAE72B98A7C9FF3990BF624FB37B9EAC13987B8E7D"
"mingw32ccompiler.cpython-310.pyc","52CF2630951AE050B1ADD7ABE388A9676484B95FF4FCD773427E2B5B6A48049E"
"misc_util.cpython-310.pyc","6AA13AB3E0170641D99C88EB4BBE958155FF3B81E1406F2019735DAF81808868"
"msvc9compiler.cpython-310.pyc","B782E7AA7969F89D47E87B89A1B8F7EEADCEE169C343962CFC262690E4D4B871"
"msvccompiler.cpython-310.pyc","115A7756F87F4FF0B155F0D1137946ECAD91D2309B208EA26F0D99D0F1CD1647"
"npy_pkg_config.cpython-310.pyc","21E466B81930B37772A2CDD5F5909542AB23FF60BBE66D278D09353EAC2FD254"
"numpy_distribution.cpython-310.pyc","7637133F60847EAA64718E14CE4436DA0832EE4E1B6831B664E00D45291DE571"
"pathccompiler.cpython-310.pyc","2F0E35936145785337C243D45B357FD4D884EA55E4FAED648987D677C0A8449E"
"system_info.cpython-310.pyc","ADD61AAD7FECDE5B3B6EBD2DF2316F5D79D7A4E04D74B0104F8B1FD91A49E3FC"
"unixccompiler.cpython-310.pyc","325657AB36EE015A77BA835D62F869686A856953789D6089660541163412CCE9"
"_shell_utils.cpython-310.pyc","D11E814A4F6519632091A5CA402F0FF00E172945319B4F83EA67AA1AD9C60231"
"__init__.cpython-310.pyc","71F7DCBD5B758984BBE28B8CE9DC0FCF25571532A07BDBE6CC435E462FFB0AD6"
"ufuncs.py","8CC9DF4214649D5221805552F73DA5E6860CF0DD6DB90B5FE5B5CC04BE38F682"
"ufuncs.cpython-310.pyc","666B087162ECF2F2661F2F2A229CB5A8BA9368E342F56507D516FC26D13CEA23"
"auxfuncs.py","E6D17F66F7AC7C90D39A1FB53EAECD815EC0AC3B43D9A3868706DBE1566DADA1"
"capi_maps.py","1E3D60E53E528B273825649924F9DB7D7A8F4C2AA85DB970883113D385018789"
"cb_rules.py","8402DE98AB2A6B5AA44C3D8AA8171D1A64438524C0BAAD59E59B0F9498D6757C"
"cfuncs.py","A9BB85F5F256961552677C48B2D170AC658CEC53B5672D03533064E870F5D629"
"common_rules.py","D7D54310F43DF8FCF3927BF4DD4DB781661EB260C0CC9AC6C70757AA7EC2C614"
"crackfortran.py","0E768B78C238C1D73D714014312B826FFDBF640CD6B907DB8BCA6E2DE44D6DE5"
"diagnose.py","D03B4F4C38F16C552ED05FE70C77EC0F4BE50A09D185FF16675907B175567291"
"f2py2e.py","DFAA9D28A957C4B8B0159A03C00F6C6193311FA233A0F63D6A507C65A8E7C436"
"f90mod_rules.py","43E7BD43BF5D90EBC404BA090CB4DFEE75FB59BB4F7FEAADE296D1238D642D8C"
"func2subr.py","5ABA340B734648EFB5836CF1048F2A83F4E5E8AC9CCEB0AD09326F84DE0AB544"
"rules.py","9508D9F9ED0B000AD7366B28E5CE87FC8A976620DD99C9A6826577B73B49E142"
"setup.cfg","F36F2CCB726F2663335712E40BECB497170431A0D39CC73797D756A8FE236278"
"symbolic.py","048E66F23EF0129AB5BBDC930D4054B6A502087D49055571C8415944C8C65A50"
"use_rules.py","CD687CA46E5EC1F83F2C89C3993E3C3BB734A019436864387B1A790B96546735"
"_isocbind.py","415A11FE90FF6D8F488136921C7530FFC1018349A469FDC965FC212DF1DBCF54"
"_src_pyf.py","DECC2640A19379019530BCD34E466A6471D0E443FA453D8B8E06949D7BF44BBE"
"__init__.py","5995DEE89326501691B81B68B024739E8D2BA1E523F02128430F60DBF451A247"
"__init__.pyi","D3FFB15E1673B6A9287434B65094C664074B3BC264CC4ECB30961E0D96B8E9C6"
"__main__.py","4C37ACCBFD9F0D7FA0DBBB89B78C972175B34A8AF5DFC476B7657B1C51F0A809"
"__version__.py","4E2B0ABE0720E2F879169B70D864B5241FF76C042C59920A85C9445FA65C021A"
"fortranobject.c","47B0097D68D08B3D9D2F2956B45A6F641C96BEEF4E0A41B850290C6B7B7E8F1C"
"fortranobject.h","B827073BC9A3B8036529BDDCED8019C0CE29813D024DA5D62D8AA0136ECC9EDD"
"test_abstract_interface.py","EBBDEB558AFA66C3126F796E9A38AA7B22B60E390C2C416BAA6A5196361645EB"
"test_array_from_pyobj.py","F16E63D67A9B5DB5290AC0B0DD2E66A467EE4ADBE414229575F5E2EDE536728E"
"test_assumed_shape.py","232A893C6A4656FFD16910B0AE4A3FEFDDE32F1242D78F79B51F6001B993951F"
"test_block_docstring.py","D0387519795A0A0DF70E695B842D3C30E04C5DDA4C6E4F7CDCC401DA107B5E10"
"test_callback.py","A4896871C145EA724E3300F8C8E883587154B54D8F7CA92B65F5AE86A22104CD"
"test_character.py","22E57A0D0FBE4EBF8D100592C735B3AE30D0B550205CB895FA37C78BF75CE527"
"test_common.py","CF5AA83A6E8716F2DA97F70E08FB8D9FB355A215A358170EDAFD6669515F4614"
"test_crackfortran.py","D31C5F17401B61D755A2EEF629B4595F620C9D27D48770A3E618791441F9BE33"
"test_data.py","25239B87C35F662A50429D3FD36D462D52A19B086237112F01FE599B6AB475DB"
"test_docs.py","2006AE7FDEA26E6A62EA1CCD0FC748FEF7C09CBA149FE1B31CC55FD39188C093"
"test_f2cmap.py","D98CB8CEE16B927D10BC29224631A21EA8ABA7D6D77BC3834A733F2D834052C3"
"test_f2py2e.py","05E50198234A89761ED93C4F3028691CC0A8ECC6676EA60797A893A09E2ADB98"
"test_isoc.py","2865228DA37642E9BFA900F545CEE6EC1DDD313C78EE846E77C65635F7393346"
"test_kind.py","895B3E4CBDF8DDA35AE8D39AC37D44698077B1C15D9D4E27D3F20A3DD8F201CA"
"test_mixed.py","F793BCC64A2E0DA34572431AD93E2A9D47C1A55115BA06CCD22AEE428F49169C"
"test_modules.py","98C2F372310D549DE89FEFB3F6A99B52D86BB96CF4D93E3D5E263F034C5BCE4C"
"test_parameter.py","2939A00FBEF06451EA672AB8C1F4466D1F518AC36D8BC2203BE43A9949DE4B0A"
"test_pyf_src.py","44B9BDE5A00D19A910602CE4FD426351CAB498E407D0BB43E87A1962412222B5"
"test_quoted_character.py","70B3D132136208ED2FFBF0398CF91383E66FDFC53E6DB26D7AE2CE2FD5526629"
"test_regression.py","0376B785BA4CA94AC510AA77A77231B9EB9B7DAA19C89641250CFB034049A9EE"
"test_return_character.py","F61014AD35A61E44A7450338A73E3770B141484214E6C37C83633CC5AA81A811"
"test_return_complex.py","CA749A68C4B18814C0A69FAD206C171CB7B98028EA9B8A890AAFD03708A11969"
"test_return_integer.py","3CD79E7B2921D10F683F150272E2C2DD0D5715B46B93B8E14302BA7AB8DABB43"
"test_return_logical.py","80F04EEB3C66C1E9347D422F0838326E296D88DAA2330688AAAB18DA8D0F5ED8"
"test_return_real.py","7B7F50A90103929C6454497FE6A2BAEDCBBBBAFD2265469103BB6561E2B29D5D"
"test_routines.py","E01837A8B448C8A17374CDC1A115BABE7E82288D8453396DE709C70C1CC1C747"
"test_semicolon_split.py","6645A957B88A2E849F7D5768CFF8837666679B44F2E336521B9822B7C76C05E6"
"test_size.py","18A679CC2B18FB05AAE33C2505F3292EE6FEF4CCE2CB9185382EDD837F64EE78"
"test_string.py","28489CE83703A0766EAA87D6B72B5402A68E0BE1964784956B68F1B1D5EAD73C"
"test_symbolic.py","664E21DD60B67AD32B204C8CADAC8FA46B61A567EE4B7E58CFEE17CF3185718E"
"test_value_attrspec.py","09B704037536AC5AC513EEEBA0A2174173F4D95ABBA60C2272B3F4E57AE2CCAD"
"util.py","F4184A57903983086B04176723F69AD27E4FC0F5D2E324628DDF158C1CDF9420"
"__init__.py","862417D65BC8EEB21844D79C5698390FFD0DE84D30F7805299EC61104AEEB662"
"foo.f90","68268512A7D7A7BF695579D316D8D9056518FF9A6EF30B1E869D5D11AB8E9121"
"gh18403_mod.f90","CB74767439F4054CFED1B32081F4F58F05DB873FE09E2CFB38D329BAB78441EC"
"wrapmodule.c","D1491CB58E68785B3D07DAA75FCAA17B7C1315903F985F85041909A32FE2B908"
".f2py_f2cmap","CDFB8E4A19AEA2DCDC2C84039D515A011C2F33AEA22EB398CE9AAE2060DB88A5"
"foo_free.f90","7EA6D2AFB56529F56B06E945810B5003D7D07F4990BD56CB8BDE1EE054D24F79"
"foo_mod.f90","F696E2F3CFAE48D3F92304B8F4A8A6F7CDA30C0BA8A68DEDA44860D92394EE7A"
"foo_use.f90","F42975B1DAE2841F1C092B23A101A638EF1546FF678BC163AF4024BB551D1163"
"precision.f90","DCBFC5EE7E63BBD1749F1C3DE6E05468F7AE8833B0EAE1EF079F347888FB6EA2"
"foo.f","2954DEA9216923DE226D8215BD45BA94E43D4F6071E54CD911AC8FF0C69FD87D"
"foo.f","ACBA9A69A5295854DA195C4DA06111B4328609AE5D2C24D6E43825B05231FB05"
"gh17797.f90","FBF36F40AD0CCE5491EF63D2B9413515E533CEC30151C3CAB1BADA1C817B3B6E"
"gh18335.f90","9FF46BF7D708EE21C110F5772862C4B7440A66D22D114283750901B7418A2B2E"
"gh25211.f","7A363FB2C69D6D941F0F9FFE5E7C7F6B2CD65D62E391DCBB0C6A7A0BFB825026"
"gh25211.pyf","9EBCEFB7640765109CBA083447EE050CC325D4C2665823808D1ED36BEA57CFB6"
"gh26681.f90","CA4C0D5D6CA36B915F664D5B3E285B6223263256CA8513E83CABDAF5D345B4B3"
"gh_22819.pyf","7B7CD88C59A23B1CDD5E8C73824690F8257AB19D6DE1A2AE83286A45798135D4"
"hi77.f","6E0044445E046311E5CC90AF64224E944994135148BE2A5D9A3E0B8DD98BFDD1"
"hiworld.f90","46771A12A1969AC1FD67C04C57E526393532A37F9EF7139018098D803BFA49F6"
"block.f","B5C18A6B8D92FBA6DF03A7F26E93344AEFF18F2B0456EB2D904268179D68FE91"
"gh19161.f90","5696F7E254550BDE924D66897ABAA40D07997FB9833B059BB9DEA95BAD93BE6E"
"accesstype.f90","DCE3476F864DC745C84AFA7C7C0AE75304755BDAF37AD2C520B4E21133D477CD"
"common_with_division.f","240CC70F96A5BA8630D23546663058775C130015343F03410F4733DC0BF90009"
"data_common.f","ACFDDABE7BA55AA25B18214B59ACA3A05292B291831D932274F4EEAE3CF7DD37"
"data_multiplier.f","2DA3D756EA39957D20159561EFA1DCECB335B0C93D1013C02EE5C19C700674E0"
"data_stmts.f90","30067782CB6C3EA1029379D6439425F82E6E76B22FDEC01C896D59193B472EDB"
"data_with_comments.f","1543E5B8DB61E6E1E0C8AAA3416EC72A6C96838C035E3DD73C90880BD659B8EB"
"foo_deps.f90","0FD153F11C7E98ADA9F11EABE1B5B1C6A8188645D1EA53663E3D915CEB1E329C"
"gh15035.f","D06F5B99F55A7E9BAEC78F99824B5867AA2B9B0AD60D33A128C2B8C268926654"
"gh17859.f","69C9278F0A1661D034DFCA258982E30784F53C785790A44B789A1B22007F2DBA"
"gh22648.pyf","C4F9CAC7845C4F5E7AF2AFAAFCEF370D8A42815609F33E1643EC8B9873DC8490"
"gh23533.f","936C6346945A6A3318A62E4EF9C95D60F4D9185181D763D419C8F9166F63A329"
"gh23598.f90","DB4BA47595EAFAA534671CEDE16E9C3BCB51C65365438E7ACE00F4F73768CC21"
"gh23598Warn.f90","16F9C8C72E5F10EBF335BE564A45B33E4EF267DC88BF4C8F664F6F3674BEF37C"
"gh23879.f90","8C42D57C418417AEB3FCFBFF8811E9DF21AC1A169D0747672820ED3DC6B3FC23"
"gh27697.f90","9933849DCC5995A9BA37EDC8F882F4B9AFA22E482A0EBAD55CDB04FBBCBB8C03"
"gh2848.f90","F88A64793CF48FDFE591078DF664FBC3753570026343148C7409B21DD17CA158"
"operators.f90","71BD493B684830241E8D93BF5095A5B8108FF0B75741B049C365CDE981C1DC90"
"privatemod.f90","F4EDA8584AAE21471B0C1D7023335E69EDE1C7882F5C0A185B9B467C1B772969"
"publicmod.f90","9D4FD55C22A29E2894ABFEFC2805A45E237AA22310877F5E98CC5B80E55FF5C8"
"pubprivmod.f90","FAECFBE64AAE538C286DA00F6750CB297260EB24826680CC13571EE98676AB96"
"unicode_comment.f90","C0332817B17B54561D7A871F4F258887B9E89E213013155BDFAE07AE15126D28"
".f2py_f2cmap","7F0B33CA669685C58EDBDEAEE538475B9C8C02416107A12D1D6AAAA5CF450152"
"isoFortranEnvMap.f90","AE984DFE69B38C208291D3CCD078EC88957BAE6C69A381A808DA79AA6073BFC5"
"isoCtests.f90","3A2AF43DF137984AE7510E36685C62A8091C627DC1E9BD451C83C68A90DD7A48"
"foo.f90","EBFCEADCE016B2E349E5FB464D0004CA7907CBE327B8B8015E630881BBCBEF25"
"foo.f","6609F4C43861CDF6ACDC7AF38154B120BD65184176985455A21AEF5CDD6D854D"
"foo_fixed.f90","E9E1046021FBD603E9EA567A7B669F2EB7D2E85FDF74FEC66436E018927FEA7B"
"foo_free.f90","502EA2551726D3E6955C020B1398D9862BE81906CA53EA6BAAFE7D1D36F15090"
"module_data_docstring.f90","F9AB27307EEF64CC1521E314D9888B5A06025145316603D3A5B0289A0581C87B"
"use_modules.f90","6EF79202A5C866D77834C9437C57A2D5995EB0501AF409F92E3903FA00E4DA6B"
"data.f90","12A304B84574FECC785DB1737ED6D4FFA55F1AD3B0F536ECD299B4795129D9C0"
"use_data.f90","0C28552E00FBA933A96D83667C68CF8DF3B1E58B2984C218C1DC27175D97E313"
"two_mods_with_no_public_entities.f90","30C2CF4B3070B864B8530097C2CF5D8C7D75179B46E7114B73CD020DBE14F4C9"
"two_mods_with_one_public_routine.f90","D5D243D640C2FF0C27EEFFF3178F43DE7EB64F5C7DC05C4629A9D0433FD523B9"
"issue_20853.f90","23104659E9BEBAFF5E1E00E1CAC11D19398D287475800894ED824FA36D1EBDE3"
"constant_array.f90","7E461E9B02012AC3FADFE1462815BC9B3380A7A935DDE64E8A7F2C41ED69CA7A"
"constant_both.f90","2F4AC6EBE0A5BC7C7B42C721E3A0545D18BFA0810BD2EC3976944774E510BAFD"
"constant_compound.f90","9404FBE8771718C82BD4D7CAA1FF91217DD6D8FFE29353CFAA445D27A1320663"
"constant_integer.f90","E368D1380AEB1BBBC86A0F7015AFD1AF90C19E736F1ACAC4520A4F535E2F7C8A"
"constant_non_compound.f90","BBD3117FCF780B0D0C56548E51B3129C54873F821CCFB4413B6D507CC90897E4"
"constant_real.f90","4283E02A21D6AF023BC3972D619BA05D6CDA42CA927C630EEC9B246E0E022D37"
"foo.f","D335D06DD6AA07D9C1F11E0B174ECA0CC1436F194D76226355D47C35BDE7CC83"
"AB.inc","C9D8D355BE90130D62630DAD462CE2AAACD67031EB26C356AF79B9D7EAEA1574"
"assignOnlyModule.f90","BCF25B84E94DB0BAE0377B2EE288475126F1138186294ED288987B76106F5F7A"
"datonly.f90","1EE04BB84C3490D129949F53C7148DAFB84B8FE8F1F593466970BC88B9BF91FF"
"f77comments.f","1633FED3BB2E4C176A82DC2210D4F4E0FFB8ED407883D279FB6D0841D5C01E13"
"f77fixedform.f95","29D28570073766B203FA1E274CE24374461F4334769249FD56A402A2B7C91A93"
"f90continuation.f90","570785222E7EC71661B6048E87C8BF16330F5EEFE877DAA3AC31EAEA66B95F99"
"incfile.f90","82AF3B1F60AD09950E37D57953370AEB1FDFB619D60D5B8F1502DAD1F79C7B53"
"inout.f90","4E53312638638E2B8B23EF938362EC84B9DB7D9A622B3DFB12947FB4F28A4B1F"
"lower_f2py_fortran.f90","6D6963D85ADC877A279D4A5DE834DAA0B0DAEA1B6BADB901888F492116D03DF1"
"foo77.f","B51C904AEF6F356B4C462EE08E630DF886674BBA20AF9612D27DFCB9AC7F128D"
"foo90.f90","58F4190BA0A35CB6D4629CF2E4B22D1281E64431715B40010777A64400AC8D95"
"foo77.f","EFE88AA1A989F9539B3C547E4EC9618B0F44F88B48BDA9E458CCB15391EAC482"
"foo90.f90","FC638A3997A8A16A77A4469306B64D98F9A4806A1D8F7DE9267266C929E9EDA1"
"foo77.f","10AB3529E00E4019083BDF6D302C741FBFE5A6ABEAA6389EF33599E93FDB011E"
"foo90.f90","D1A61671A015B3B2F0DD06DFF21BA97CB0BC61ABD1B8F6552308C779C22530EA"
"foo77.f","031DED05534097116D1E157C7F388572C4E7A1AF1825D6A979C32BE908FB7CB9"
"foo90.f90","2195C27AB15E7184F6E334D0FECA48A0FAFA9FE7D19DC68CD2D913B3C26A3B51"
"foo77.f","DE7018D58B731A4E28B11DA36641CC548507C45A0EB45D4E2DF5ACC29715EE40"
"foo90.f90","DFC6429C11966FD6AB949767556BD98D593CB9EB2B40DF301B61AB5C6712209B"
"funcfortranname.f","AEEC972BA79048B42743FACE0D3D6A9B5709BE91EB16123A351AE75AF1082B45"
"funcfortranname.pyf","120470F1958675DDAE2B8A82643F3DAFD550B445E69CA0F1E7D3A90742B9F1AB"
"subrout.f","DF90E31C88FCE592E4C51C4FE1BB3E5854D0E72D40C83A812805D3CD24930311"
"subrout.pyf","C53FD69C3A6FA723DBD053110154D14609B79E57C02DFD4E8E0F31DEA64DBFFE"
"foo.f90","9CAFFBEBB7F54EDA95AFE74C6A53645E670A6D26CB0A269B8519314830B32F3D"
"char.f90","5FFB2838457C70AB1565E7E2DE22D3EE29479638EF249FE2F5510758EB744FD6"
"fixed_string.f90","B42379B00E9EECCD55899B4136F4E73BBFDE7E4EC11C88F2845281A0B0B7512D"
"gh24008.f","67A72AF12146BE6680EF6A9E1FDB6ED6B3FCA588EA9B438DA479FB9C66E1A0B0"
"gh24662.f90","C4992262FACC4FD2296FD0AAECE5E5D44BFA4C84A5F29AB53067A6C92CDF19DD"
"gh25286.f90","96A125F3522EF462034C06CE7E490D19C1A00F2C869CF078E26270DA22B59278"
"gh25286.pyf","C18924AF980437DFD1B468E9AA1DBC5F593C282821D3E0ECF5702DF080BD8F80"
"gh25286_bc.pyf","651BE04B346568F131F06C8DB7DEC5AD186D0A0FABE194C40EC1CD05F8ADE26F"
"scalar_string.f90","53542A5606C5D436F17457A4463721C8394544F9D7C331BBDA4B84F00E3865AF"
"string.f","242C0BB87DB52ED6A0E5CC3FF607884102781EFFF7F4DA86F03CDBAA3D5E0CA1"
"gh21665.f90","31B6D2510239127CEAE3A29614747341B63BABA647247FFD3512FE0BD8B5DD68"
"test_abstract_interface.cpython-310.pyc","FD3D1E7EC0FFFD014316CA07AA73EB50770628E94ADEC69CE9762F571CBFEA27"
"test_array_from_pyobj.cpython-310.pyc","CCB3965C68F4F4ABD73FB7931AE464D3D984241CC50C562E12E2EDAF3972FE3D"
"test_assumed_shape.cpython-310.pyc","BA5C5E58F8FC3A0021BF742325FA778918A12A66FE9B1959AA54AA1E017E9F91"
"test_block_docstring.cpython-310.pyc","5124ED3107061E8CB49FF9E0B7FE0B4F3F01ABD15FF7716B030E999B6BAAC4FC"
"test_callback.cpython-310.pyc","6B496CF47BC785904186BEC55A3296103438BDAA1789EBC6B47866414F46094B"
"test_character.cpython-310.pyc","618A07550E7C482A61EB8B689B56F8DA96DF6B5BB980D262076C6137869F08C8"
"test_common.cpython-310.pyc","78B723E5CB0B828EBE027AE47DD6BBC4E634B7A06B384CE31CCC21CC6D8362E1"
"test_crackfortran.cpython-310.pyc","CD6B76EDDCFCCC97F011508CAC94907E7BCCF1F2FA63E1CA8B1BCE9179CAB13F"
"test_data.cpython-310.pyc","1160803D774486E67CE0CAFBFA3269F5EE3B3C4AC70FC8640E85DA65C5A2CBA7"
"test_docs.cpython-310.pyc","78F95E8AC037862E97AD5CF0BFE2667C1CD1BB8177CD06CEEF70D7635C6228E0"
"test_f2cmap.cpython-310.pyc","E11EDBF95A688D29677BFC716D8A371FAAB8CAE1814BABB2537A77EA263D0A61"
"test_f2py2e.cpython-310.pyc","D6BF90A01B8AF542E9339DD04AED1A6C103F9D58D018DDC7784F75B1B2A897E6"
"test_isoc.cpython-310.pyc","4E38A015E43AA8595CB2972A1FF0E2D3353C7106E0BBA1C0D3ACE030A927D79D"
"test_kind.cpython-310.pyc","1658508D466A6B48937225C54F6F139C523B4A1EAAC473AC22517476203D0199"
"test_mixed.cpython-310.pyc","B06CDB6A26A7653D0637AFB59AC53B35FC07BCAAB2807C030F1B10E5537B122C"
"test_modules.cpython-310.pyc","85ED6064C0717CCAAF85A7673537DAD129DC8D027FB92C3F07A252135C4617FF"
"test_parameter.cpython-310.pyc","25E76737A64CC099749040FB4CC437BA109329A934B18F4DD46876F43EBE6BF5"
"test_pyf_src.cpython-310.pyc","B96C1EB65BD1B79831B0E4F0F1E869781847AAD1874134961E759A994154116F"
"test_quoted_character.cpython-310.pyc","B8BB705320AB581E6F5FDB2F1C2AF3B0312B4CE5E5B55E78867A123F84D8AFA7"
"test_regression.cpython-310.pyc","53878D2C41B0F2B5DEB2370F8D97BE6B0985EE33345DBB22A2B553692931A7ED"
"test_return_character.cpython-310.pyc","541230BFD6E2CB3F574C5482D86B080226BE9CCDB63D9AFDDA3FEF978CFD315E"
"test_return_complex.cpython-310.pyc","6093D70E752BAEA59300BFC9D53FC3A67A4F6601EDA2C8F00E6BC0C7120886DF"
"test_return_integer.cpython-310.pyc","525F6A6C49182E006A8103EEBDD8FFC9E707065D09E8C914B196F8CC8EEDFE69"
"test_return_logical.cpython-310.pyc","542E214C8B0CEE8F7AF14193B3BF2A20CB1A0F24897F8D97B53294E8504F85B5"
"test_return_real.cpython-310.pyc","8BA578932996386693D7AE36D14A3B1D96A00B434CD1FABF058DF1E63EF357DD"
"test_routines.cpython-310.pyc","90687F751C2587FA7AF11C425553C272D2147E8BE4ADA77EDB60A60D1A77D745"
"test_semicolon_split.cpython-310.pyc","52B7D76A122AA89F5BD87589DE3F74D18E4C35DC3858809A7E8F9878D55B3DDE"
"test_size.cpython-310.pyc","B078466D2B6138B766736CA4C2557C843D43376EBA0B166BA252D8420C1C0E15"
"test_string.cpython-310.pyc","FA1158087BFDDBABDA95E85BF24550BAE437622B350E879FAFB869ED49903279"
"test_symbolic.cpython-310.pyc","E533807903E2FB06FA67023BDC94F1251E378FBA3D81EC0491553FE2720CA388"
"test_value_attrspec.cpython-310.pyc","CC3D314402A618035A03E78F5DEFEF06165F45FF29CA55C2D009CA87212B383B"
"util.cpython-310.pyc","B6D3B178435BB06179343506B3DE6E88AAEC3099E20626582684577E44C1EAE9"
"__init__.cpython-310.pyc","B11AD67D8794CBEF79212498050BBBE44C5FF4FFE6D8B6FDA8D34B6A1955680D"
"meson.build.template","E970F78FE2B9A5CD4FFE272051692B804B3296E7505ACA92E6B6FA501DBDB47D"
"_backend.py","F51643BB8142C0233B1B7F445F6604B7E5676B3D14D964A9F904807F3D750461"
"_distutils.py","7B776A0BD75D9A9A6C08D84B9E0B4E13767A5999CB7DA1BF379C6221C1CF5562"
"_meson.py","183E69BF78A54D18ED538C065A05AB6A48389C5C923A2697E0D76680EDDE8183"
"__init__.py","C48547885FAF7A59010CF2B0152DB43D283E5E4156E642C0563E424AA34B75D3"
"_backend.cpython-310.pyc","628DCE378CE559428B67EC02DF44D1A536B484AF02BA228335FFF2DD94EB65A3"
"_distutils.cpython-310.pyc","CFDA3CDE254C5BC2E7692A6E2C91D9AF5C7E9B29E297B1D700A33E27DED4647D"
"_meson.cpython-310.pyc","6CC374BC223EDFDA595AC663FC893D812A20279ACE36098C3167D3842690F206"
"__init__.cpython-310.pyc","061718638D63C09CDBFC03765C004FC509B7B7321D7AD371DBB5B63863DB1052"
"auxfuncs.cpython-310.pyc","0380A3C62AE432AF1FDE2D5B57819D77D97CB2D625FA8ACD60469808E10ACD86"
"capi_maps.cpython-310.pyc","CD23B09EC6101EA6B102236EF50B94CFC93A08F96C8FC37D400EBCBD3449A929"
"cb_rules.cpython-310.pyc","E115997B59779A1AE9CC10626CF7A622204B846F13BF78B30AA98F582BD849EE"
"cfuncs.cpython-310.pyc","E4C99EF85D4BDA679A4D181FF693D950E5ABCAE4F06532D43550F0671A633235"
"common_rules.cpython-310.pyc","49B9561E92E01D79A27140B27AA4EF7808DF50CB0961BE23D35A515D5FEDBD4F"
"crackfortran.cpython-310.pyc","6CB9CC4175AB744128793BB7126ECCFF37D8EC709F077589D696627C5BFB2BF7"
"diagnose.cpython-310.pyc","80116A7CE7B247E13D14A7F152BCBBB5EED67020AE1F61CED29984A513BEA2D7"
"f2py2e.cpython-310.pyc","0DE6B8CF39D64080915D0B68D0558047153FE366450F38E5BE25AE87BC5E25C7"
"f90mod_rules.cpython-310.pyc","526338FD7A2FF347BC502AFB1F4230C7EFA194A375DC815176C28B94856D1764"
"func2subr.cpython-310.pyc","7EB1A7D70C2C6CC6A61C5DBAF876F3ABD2E25AE68DE29DE324797F4311E43BB6"
"rules.cpython-310.pyc","3E44E469CBDD46D51D1363C24CE70FD32E0B9E94649FE075E18E509DEA02635D"
"symbolic.cpython-310.pyc","13FF5B061C2AAE4B8D926EBC2A6ED2492DA75DE2CB336BCB2087ABC87B549FEF"
"use_rules.cpython-310.pyc","AC9FC3EAE079613064E4565D2BA83B9F4561208B5B557C67D4579FCEE33E09AD"
"_isocbind.cpython-310.pyc","537B12AA70965F0D5DBE89C4CB370C56E3AAF9DA2B98A7BFB95019AA81E71FAA"
"_src_pyf.cpython-310.pyc","3D5331B449A66C8F6A53C8F7D70FD75383C66965289689303AF8D8500DDF8F3C"
"__init__.cpython-310.pyc","4BB12EED302F85E534FCAE2200C40942E17158704D5BBFDA85432797117F5E5D"
"__main__.cpython-310.pyc","8778D2B9089115C46860079DD12FF328531C499E38877537F5C4B4E1DBF973A4"
"__version__.cpython-310.pyc","9213A32E552DA0A94C57DDECBD66A2DBFA9831239BBD3A1B15250BB8733E9683"
"helper.py","0EF7FA0D2F691D30A6BA0310CB9201C24E4B952B793E375286FD4846C5324886"
"helper.pyi","303248EE4D01173F0DD43B9893204211D693D3D77708712C05A1BD24082CD9A2"
"_helper.py","9C0B5043B78766B421C2CDC810806DA670960387A63EB89C3A63675EB9BF6E78"
"_helper.pyi","16B6B0EFEE2B45AE2D97F513D475B3BC6AD1D9B13BACD72BBB43E9B02D7F6F25"
"_pocketfft.py","DCCD11B1D568FFA4A98C6D761FB5BAED6AF91865DCF378A9480C7EE20095D956"
"_pocketfft.pyi","3D47E1BA6FB12CC35A61A729A09663DE1A3EC2CA085AB6C04BFA6AF3857CA047"
"_pocketfft_umath.cp310-win_amd64.lib","BC702A8F2A5EAAA445DC7B1C1B815C00912C35B91441570C7B64CBBCE161B44B"
"_pocketfft_umath.cp310-win_amd64.pyd","EA2928CE8515CF79A3528C61E808417367F4B5863D9AE14C85349452EA0E90D6"
"__init__.py","3305448C8A37C03C4C01B284466997DDC1E1F042BD9C8C3DBE550D4E93A0372A"
"__init__.pyi","F4B518FCDA2B2C979C4101CDFB474B13DB952E1C2FD37061DA21554CEA52316F"
"test_helper.py","F82AD9BC6C680F5C6114D56C1C94B7A0D4F0EB262836AD3A08A1E658EFF47D29"
"test_pocketfft.py","41AB13C3718FC94F8C881D6A82D703C414A3086AC19C2B740535263239EB0055"
"__init__.py","E3B0C44298FC1C149AFBF4C8996FB92427AE41E4649B934CA495991B7852B855"
"test_helper.cpython-310.pyc","8306BEE2867977C3084FCBD199F3E90C1D27EE7054A4EE1787C538E169D45C8A"
"test_pocketfft.cpython-310.pyc","DD208694B0E18115A7F911BDCEC95F44C1BA51CEE54FB2ABD7278D0D32396411"
"__init__.cpython-310.pyc","675C9135C06D18BE117F29B4A37C2C1F79F2F223134E0E97BB9B06D4C907E9F5"
"helper.cpython-310.pyc","FB9457EBF4B72141D6C310B7CA0A4FCC3233600A80823FDFC475F5F3EE0A8213"
"_helper.cpython-310.pyc","EFFC7921835907C593639A11851601047BCDACA6897ABB0E25BBA219DF722BEE"
"_pocketfft.cpython-310.pyc","74DE325D456B22FC8A12A0233DCCF483CE8499836BBA9873BE0AE4A1023FDA70"
"__init__.cpython-310.pyc","B4E48F2ECD44E852C1955CC4335067A413A5887C0CDCE141DDB45C70C2245C27"
"array_utils.py","4B23075E5B0E24C2B0C648D0C63B31C77276720C7FDC9D8DD2AAA62D94D080C7"
"array_utils.pyi","6189F1FD5E0231D49B2530A761BA0DD6CC1CB309A5383D9EE19BD08F95AC49A9"
"format.py","C8ABEA687E27C2B4BB18FA10515FD8827342FECD0A41A67ED3C586D74AB5C772"
"format.pyi","A85E4C817E072F8E525B3D762A86D7D3772BE343280E25C3B38BC596D01956E1"
"introspect.py","3FBF949B8FBEC061CE58B56EB0D3756E18CCB80D60EA42A6BBE8F1D4619E38F3"
"introspect.pyi","22C9EDB85AE516144165C1868515130209CE3541C46D8C3FD80A4F99F7F1F101"
"mixins.py","8520CC0AE60FE75F306AE827DD576EFD2E2D6D7B4379491CFB3077C30CF2A0E2"
"mixins.pyi","A411C6B63F3F1050B0CAFEAE3E528432B0533B2B047B378F35D8EA51832C80F3"
"npyio.py","9D969D83520A4574CB657FF9D93A6353E62EB4D1F9400FD4538E7BAC77E7EA87"
"npyio.pyi","EB167ACC5FBAA8AB9239F8E30CBE18378DF128F61C0FA229CC988388BA66492B"
"recfunctions.py","4A05AE96AB9C71886E732569CF5694E908BCA5B70C2B2129A5BB2BA48B21FA73"
"recfunctions.pyi","1E36DBAADEC997E6E6AD6101BD1D596472FA105A2B69C5F293BDE84679415EEB"
"scimath.py","1E016DDE25AB81CC6057863A53EC7265904CFCC31EC17EB6B8FF0784EC61BDE6"
"scimath.pyi","3E19698EF783AA7490BCB9F6710D40405355A711026815A062F84AF12DF68F3A"
"stride_tricks.py","043A85925590E1E540A00BED75BFF79D3D18C5778C64EB4FA7A9C1AFB80A1BAE"
"stride_tricks.pyi","EBE2B747B5C1C3F7DCA4768022CF72E0B11CE62E2BE606541BEB60E04391F9EC"
"user_array.py","BF774208DB3E3D9EED1D9D6FA86A9D795E452C74622CB5AB31985DCD04D24403"
"user_array.pyi","21A08D7AB2DBA0A8EDDC59BEFE4FDDF08A9EC897FB2DCF4FAF944E52BEB095E3"
"_arraypad_impl.py","462E88FECF795CB114C12CA4C7D78E073EC9AA23CD2904CC1F6E2E42B0C10FE9"
"_arraypad_impl.pyi","6CE8C1AAE9CFA9C98C37846238C7B44F9774DE020CC489BF7E418C9FC38D8923"
"_arraysetops_impl.py","E3FE36540ECBBB83FE3832BD33792EB0AFB12903F9BBBB5C4E1CAE1CC727D15A"
"_arraysetops_impl.pyi","07C92DF75912CE4AED03E7F0AB05962CDA4F0F312670CD3E0562A261DF4D7B42"
"_arrayterator_impl.py","9F5FDE9AF7EA5DCBCEB4B85A78CB42BD8899A810A754235FC2923DE65A0205AD"
"_arrayterator_impl.pyi","53EA25A1C6F5113B97511A06E90B9886AD71A1E0F1AED490227A611EC1C21A25"
"_array_utils_impl.py","F15E61876258CCBD0B2B2D8A06B44F87E1591E37CAAE7EE7C92FD536BBD148ED"
"_array_utils_impl.pyi","3EF24984D451C8E70BB58F851B090099109D25F1C459C9780709D4D7559AABFB"
"_datasource.py","1FB1CA1470B27BDAF698B0EEA7A2989EE29C8D4ACE77719CDB014C9FBF2B5466"
"_datasource.pyi","6BF984C3DE1CC8AF8893B65A4080C8269F02076A5857ED4512F46464708CDB47"
"_function_base_impl.py","DD3D59D7025AB419FC7D5EE890DF66A0BA222F98D288D30646F7B1D2345F86F8"
"_function_base_impl.pyi","D45B9048F6002E8B7867C2D7495BDC8E23FC665661D1FBC50523C770680AE226"
"_histograms_impl.py","5828B7FB7BF727A35E5F1A100F2D8C071242412B9F80C926B6FAF820880AF88E"
"_histograms_impl.pyi","1C543655A5794ADD611FB0AB76750E9F6A4ABAB2A35E83513784C9F43D6F9982"
"_index_tricks_impl.py","DF8FA5A835F12DAA7757A23F0B6ECE7B26092E2D5F288472CFE589DCADA0EC3F"
"_index_tricks_impl.pyi","B2108279E5FF5DDFDF035F18466861B64E1653BE813F5A8560E40F0769B37938"
"_iotools.py","81FC382F032CCD6E5B0C7EFC98CD58FD5596099FEEDB8B96FADBA86405413369"
"_iotools.pyi","FF6DF8CB822E1E460E63532DFBB949FA42771496E18E8311974CD9872552F9D9"
"_nanfunctions_impl.py","DF682C6987C53CA02A7AAC648E5F5700561A2AE9FA17D7FDF80BA1934B7BDC99"
"_nanfunctions_impl.pyi","37CB436747E1C8C8850F4FB833FAC13FAD439839081A2375EF518D8F057195C9"
"_npyio_impl.py","E77BE5BA6495B1632369268536D33B01D6FCC73065108D4A89907E6318AEBF1D"
"_npyio_impl.pyi","607FA88B28B0779962E229A8EBF923BE9C468273BEFF042E0F8345B33D02956D"
"_polynomial_impl.py","A3941DF9549EDFA82C804B8906B8C9AD6E23E5930C7D8BAAEA1A301D1DD36B31"
"_polynomial_impl.pyi","3269566B04CD9449F2BE5328926FF0DC8C96A5420342F3E38B11F708656EACCA"
"_scimath_impl.py","DCFD861F4865756330EA182A366BFF29794435F158CDE232F60AABA9C3AE81D8"
"_scimath_impl.pyi","F5A2495FF0F5F5C708AC6AB2D150A644600656896E5826102D6EFF79CCA4FD71"
"_shape_base_impl.py","2E0298327344AE4332F316C8BA68DA3C91C53CE00BBC54D1C064076237C2B59A"
"_shape_base_impl.pyi","7E5D1A4DFA2D37EF4839E1AC10054B9DEC5B33E9E33C52A7614D77701BA31E41"
"_stride_tricks_impl.py","D0BAE7BE6A689EED74852DA0E84D0473BB07B8DADF352E42A0F64FA963CFEF83"
"_stride_tricks_impl.pyi","15E58FB35C83E2E4104A2B3CC38726F7E616EC843A6EFDF7DC915AA88734CEB4"
"_twodim_base_impl.py","FE97DB1382D390C4ACB00E4F8B3D45D9CF6938CB4930EECB370FCCCBA3C5D240"
"_twodim_base_impl.pyi","260A8F8E5068D4915E61D3276F6364318C91F03BDA9A2DE18E4E1543E30AEA66"
"_type_check_impl.py","359845FF321B7660F36CB6F06A43A73E1976791CF79495BFACDCC10942CB4849"
"_type_check_impl.pyi","B22F3EE9D9F3ADC69E56D76A9E82FA0AEF3665DA01F629E48E667189175A173E"
"_ufunclike_impl.py","9AAF76E1AFEB23BC2FB16A0F287C9CDFC58B235D5FC42022A20FA4EA02796EBD"
"_ufunclike_impl.pyi","E10FEE30E618239F089D4B017019EADE5F890513ACBC4532B5307BC58053F25B"
"_user_array_impl.py","9B1D716636626F74B19E8A6FB251442BA67EAA5FD9CE052C9F5BB42D9F0A9D7C"
"_user_array_impl.pyi","9E8FF18752F8FA60AB5F031171819512A46CCE7BAE62AF24C2091171A1EE5A47"
"_utils_impl.py","F63C0D29AC85A18C42AE0E0681D1570426707E330D733A1A4017ECD26B0AC55B"
"_utils_impl.pyi","02FBBF2602CE5F81499C523C29CA9459DC7F57695D4BAFD81CD320F72BDFCA06"
"_version.py","9B8675B9F0A8407E7262774AAE45CA88DDE9F052328146DE62DD9F8C67E2D91B"
"_version.pyi","CC099F36715E91EEFF947B2F47DE1F69F34172E247A59D63681D8FCB3128B2D7"
"__init__.py","A5C614F7073870EB2B3C8F46A1C5B89E4007AF6F2BDCE904156C7A6FAB57B1D6"
"__init__.pyi","CAD0A59F181C99805233CD04B8BF28A0326BEEE319B6DBD6CE2D897B10A584F4"
"test_arraypad.py","35CE31A318E5664B9A1525A0736B8FF5B21788B6987237B5B451767DB20C9401"
"test_arraysetops.py","C90CB6B861B1FE8609BBC9C3118BA33FF348943066C428B21F96BBB79507F1C0"
"test_arrayterator.py","211566CF16EBF6275BA098CE1CAB97FFC35084C00AB3BA43D715AA994DD9111C"
"test_array_utils.py","172F3F3D1E861DE77E992B6A71B7E34DEF10E733199C9F56CC5CD7E838E8451D"
"test_format.py","E8AB7C97E3FD958B026D8D8A45006EB02ACD7A81989454CC7056A05ECDE055E6"
"test_function_base.py","EE39575D3FF4F82855DD26A4F1B8F11C6C9FA1772B6A68028BA3130C8AF269AC"
"test_histograms.py","E0F9DA78F412A55FC7B0ACA79DB7B91DCE4BD3667AE9E7022F6E1CBC06287918"
"test_index_tricks.py","B605E92C6A53F57A4EFDD8D70932A9334F9617E015139185F256EF232533F57E"
"test_io.py","7146151C37B0D4DF8E7DEB54B7EF1ED7D56A30C58050A64D84DEAE75BC5F719C"
"test_loadtxt.py","A6F4593289FA572CBFA5D6C48897498B5ED15BA23E460F3751CDD7C0C0AF7B0D"
"test_mixins.py","9C879CFC36480F1ECE367969ABF6364CB90850B00FBD0ECB3EAB4CC041EE5785"
"test_nanfunctions.py","A1EBA86B5AF7CF1E49245914FF37677BC18C496113DD43C3C4BD6C75564F7C03"
"test_packbits.py","C8DF2B61B3C3B5E38F25FEDD11E6648129F2CC850A7BF8ADB8B61DB2AC5CA9B4"
"test_polynomial.py","A986465D421EC99A0D8DB90461EB94AB569DD9E08F0E43578FA3316A4BDB22F9"
"test_recfunctions.py","620DA940470E81FE1DDCF82B1A2C3186BAD77F23D745ADD2B3222DC6463FC300"
"test_regression.py","6825B9693D4F24BD590B0AC75126BB8A2C502D6302DC3E62152443B1613651A8"
"test_shape_base.py","7D82B219D2D333E976AE54C70330C96CE6DCFD24165D717C4282ADDBAE85ECAE"
"test_stride_tricks.py","10A1D888FA1AC06FEFBBFB4598A8B92E6BDFB345440DC516EDF7A25B26D41970"
"test_twodim_base.py","98D357B03293DE13E9CFE1C1FF593C6135A9C1DC7B767BE6AD6592FCB91EC37D"
"test_type_check.py","DA59CB473500D2FA13294462FAA5E5958631040AA9B1500998CB4B4021E82180"
"test_ufunclike.py","F42F4B5775D92DA1CD428C9155997E0B8C3D1DC393109303C36B9761785FD6EE"
"test_utils.py","28DD6AF9E14B99C9186CE313C4F293C0530FB730477403DBD23F67B5F79AFF23"
"test__datasource.py","1FA3D9290D2D63AAF56E1ADC2D128C8D6756A29E4FE118FF498BEB53DBA40F37"
"test__iotools.py","7A36C6ED256F4E6E792EAE4B754CDAF3E9C8BC5DA6B7E5D8BDFA739F5DEAD37F"
"test__version.py","BF64CE947E1FD4F9B3C67D4759BCB778180B3BDB469E1C07D8BBC15E55ED1CFE"
"__init__.py","E3B0C44298FC1C149AFBF4C8996FB92427AE41E4649B934CA495991B7852B855"
"py2-np0-objarr.npy","64BA08ECADE24295C392EA03175626C9CE896F0E099E06D0282F60ADAB9546C9"
"py2-objarr.npy","178732502FBF4C1F504852C0A3673B738E2B0BA35460882B7C6C7D3EA58F48A9"
"py2-objarr.npz","C68D771C14F415B159DAABD9CF42D61836F74AE40049269787BACA7D57098F1E"
"py3-objarr.npy","EE6B6290A9475E9E2E9D984CF1E068B7C0A49E5C750687C975DEF7369D8F5BCA"
"py3-objarr.npz","BD5465F7F359EFFABE86376E52BF185A7CD1CBC1123659AF30F95A4920BAF5F9"
"python3.npy","5F469DDE101A2C65E283D2ED487028F8180EBCB9457CF60C9D9B952314668FED"
"win64python2.npy","6A039C807558149AD5FA7AD12436C69D49C5E194CF617B92785F8CB60EC63297"
"test_arraypad.cpython-310.pyc","E7832E7EC154CD053EE4E8798155926A14DD94D589F18E65F7DA9A6319C8F857"
"test_arraysetops.cpython-310.pyc","F57E094F7D6E74D0736D97E915CE4A9D08B1A332967E5EA36FAABCBA7ECCACED"
"test_arrayterator.cpython-310.pyc","47CA8CBCF1C49FDE6F2A04D0C9D367312E19D2AE85B29A8A90AA2823012A23A5"
"test_array_utils.cpython-310.pyc","8165F788975996503E9F877DC2385027CA5E10C9626B6A1435958FD63DC7BE0F"
"test_format.cpython-310.pyc","769054510D044A68A16731F185B550248FC356047D16BEB04CD724C10D10984F"
"test_function_base.cpython-310.pyc","8F0440FB9FEFC127E01E61919CD6C14E89F6A0173802177C720407A1C3DEC2CB"
"test_histograms.cpython-310.pyc","6329AAC08A0532007D8BAEB841CF9C6FE4A4C1C01EF1A2D978D0A05646663A19"
"test_index_tricks.cpython-310.pyc","4D1ED8E2B0FCD9F0E91C068136059EE4EF193CB72EB8C98C5C428267092ED8F5"
"test_io.cpython-310.pyc","C3E91CC7500864FD986B1E3D8DF03DA5269240AB17D6B6AB92B99AA25D2955E3"
"test_loadtxt.cpython-310.pyc","9438B3094D9208B956C32CE2EAF6B11747A225E40FAC8FCAE0A6706BCA53350C"
"test_mixins.cpython-310.pyc","42F0618BB1463360683BCD282A9F83EFA2BD40D067581BAC701A71B870F50824"
"test_nanfunctions.cpython-310.pyc","A8B4F366B2C11823F15DCD48134E43E0C4210A0462FED62EE30EAA14DB3EF5C2"
"test_packbits.cpython-310.pyc","4412EC9A1FDADA42542A943F36C0F6F90E6FFF1B9E97C1CB39D760DDEDA327AC"
"test_polynomial.cpython-310.pyc","382C0C02637B9312292B09FBF769C0F18C06542F22ED96448E06225B763DC105"
"test_recfunctions.cpython-310.pyc","02B5292F6072490EB02AD0AB31FC8658B36ED9EF5AE221DFEDC28E30F0ECE310"
"test_regression.cpython-310.pyc","8A2F44095F92B269A4A363C19E6015CA34AB7C42780A8214CFA2DC68C775AF0A"
"test_shape_base.cpython-310.pyc","4E0BD489EF4D4EE39220B6E159D92C9ADA6BEF8EBA72AC14D2A5F3E9D982863E"
"test_stride_tricks.cpython-310.pyc","0C918771689B7E128AED1AB033354CDFBAD54C6AC7A693D2611A685603755B40"
"test_twodim_base.cpython-310.pyc","B059188B1B7D4DFE12CB384ED41D6484DFB8AF5C9B4B2D243B07CFA9428AC14F"
"test_type_check.cpython-310.pyc","1A5143BF20FB4C78F637D991FC5315A7C590ED76CE22A272A4F21DEC04A9DD5F"
"test_ufunclike.cpython-310.pyc","413877589EC8DDB3A6242D6E8FFEF540AA8F946463E8503351A5CA2C47B9E2BF"
"test_utils.cpython-310.pyc","B50844AEE820C4FFA3EE8B7A85A409870BA522ACDC87E12E9040FF851A271DF9"
"test__datasource.cpython-310.pyc","287A4238922BE84FC1E72E8225EABC5D5FE77D71857F4D30B1A146358E64522A"
"test__iotools.cpython-310.pyc","8D83116FFB835C8451138A766E8B57C32E4CF128E2013CC025255B1EBF71FE7D"
"test__version.cpython-310.pyc","67783B59DF2F30D952710F64EE34C3E7F2B9599FCD0269379A9DA3DDE20057FA"
"__init__.cpython-310.pyc","4184C4E28EB37190553B9BBCB6CAF2139E22F71759F76F0954B48D08F18FCBF1"
"array_utils.cpython-310.pyc","ED16D27959069EAF1D7ADDCAEEC8E28FBE34C89A72B24EDEE988B2CD0D2F0B81"
"format.cpython-310.pyc","B7F7EE63C878FD5C4249EB65DC11C2D056AC40BB1CBD1AB20C3C18ED23105E4C"
"introspect.cpython-310.pyc","FBF14469631F67E9BF26B083C0325DC2AD8EA43444F0B4BE89BB3CC5FCA69279"
"mixins.cpython-310.pyc","8BAF27D1D73B454D85038B74C286A4DE2EA8AE63D5434CFE9A165D69BE40432F"
"npyio.cpython-310.pyc","B72413B4C2E458B129107E990DF650742DA204AFA65F8B466E9E002BBC6F58F5"
"recfunctions.cpython-310.pyc","F1DE48F19D05DDEDC88D5DC94F937BFBE01BEBB95DC8611145FB053C8DF2AB1E"
"scimath.cpython-310.pyc","83076F42688A9C053EB557B507ECD1E05AE52694F093644DB41AB330354177DC"
"stride_tricks.cpython-310.pyc","FBD20E0D11687642E0E2507CAEC40DE18DA3C85ACB6B3E544AC8CBD3C5FF2CDE"
"user_array.cpython-310.pyc","DD331A8229EABFAC7CA1DF909C0AC700B3EFD560FF42FCD03D4B935F598B1568"
"_arraypad_impl.cpython-310.pyc","C22A18BF9F71956CDD3705213E62C1E95AAFB816F59EEE01F4B459032B4BF1D5"
"_arraysetops_impl.cpython-310.pyc","4256BF733BB980B998417191C7BC6F43F7AA584ACF2A87D39EC9AB096815082E"
"_arrayterator_impl.cpython-310.pyc","FF647ED69865C2F5CE6793AB263B5A75B12EB0F5CD142A9EE90983B4BCFD0D62"
"_array_utils_impl.cpython-310.pyc","57FB0826C560F2A3EE35BBBDD5C2D41E1E1B8C31A756047552993BD4933A4790"
"_datasource.cpython-310.pyc","D9B1F33F7E53F5B400FF8934EDAF4D7C3C4DF88136F30DC820681595FA686810"
"_function_base_impl.cpython-310.pyc","D23BD05AB8517FF620DD44F6D0602EF4B7BB47086D3B80B5528204605551F345"
"_histograms_impl.cpython-310.pyc","D631C402F836417EE7732E28AE0B5F752EB31B2F7CA47D042B4C4D35DFB398BB"
"_index_tricks_impl.cpython-310.pyc","010B7244BECF9633892E3A958065E523BA3A341EE04C501A10BCD7CB7C7888E2"
"_iotools.cpython-310.pyc","F3021AFF8D9E19D7F825B5768D77E96C3F876D8E5C4D557053577B7EBF0E1A89"
"_nanfunctions_impl.cpython-310.pyc","A59E9ADB7647AF8D3E2A7D52ED640D0BC588FABD75E8BDF03CB19E29DD019120"
"_npyio_impl.cpython-310.pyc","3AB7AC2EDFD3F2A84C3B09646A3F6D7A82C58083FBED9505F29D43D59AB71BC4"
"_polynomial_impl.cpython-310.pyc","2AEA5F24A149F1A676B336F0FC76F8D9A3B8347E5B92E6CD0FD7C61C688EE045"
"_scimath_impl.cpython-310.pyc","309B4BE3E1D432534F1E4ED216C7C6194B1EDCE112A08379079C3FFE5B69E3CE"
"_shape_base_impl.cpython-310.pyc","B9D739E3FE1CD133D93298949544B6FE580303E8980884B26D713A7C9D9D2BB9"
"_stride_tricks_impl.cpython-310.pyc","1862E0875F97CE27D949C405133765F71B6BD07BFA9AB5F68DC7D92D9BED0395"
"_twodim_base_impl.cpython-310.pyc","C14FF44E5C759670CC093B0FBCB07444A6899DFF0F5DE89423F715DF6401F697"
"_type_check_impl.cpython-310.pyc","826AEB9D636E59DB89F875196CEA48E97E3F7AFEFB29F56E5BCAFEB8E018B99A"
"_ufunclike_impl.cpython-310.pyc","24C6B68F314016CAA6CC40CF33803633F32813B1F7E404DF640406217F97BDFA"
"_user_array_impl.cpython-310.pyc","C075F743908BADDF063F68E7673D89234EA2CD4B8619765A8D873C61FF65981C"
"_utils_impl.cpython-310.pyc","56CBFD0279012C0BBABC5809BB4A2FB236E8950C86DB82E302BF3627315C1084"
"_version.cpython-310.pyc","31CA9D96CAF8A49F9BE788BF03E76E3739690587F3C76F8E6D23DCCCF6B007CA"
"__init__.cpython-310.pyc","8129D8EE3528A7311ED7BBB3D5676F857FAAFD94527B9540F214D4D0CF5DFC2B"
"lapack_lite.cp310-win_amd64.lib","86FA22E28754220DE30DAA4AAA108F641DE42B5C3BC5D3420B59DE621727B182"
"lapack_lite.cp310-win_amd64.pyd","F45796EDDDEBA3EF5F7DB44ECFAA8F1F9AA9F0256CF926FE18EC8B2132F514B9"
"lapack_lite.pyi","B1629604347650FD1ECFA113744D11CFE9A9F26FE0382328E0261565A8C330DA"
"linalg.py","D420BD8DCFAEEB519E3C2E40BA27838B2332AD5BE02C3F1925B4CFBCB7CA8C77"
"linalg.pyi","88677C6F8FA037577DD8AEF07E00D9C681EB5579D50B573ABC6A96E196D695D6"
"_linalg.py","CAA02A0FB04547F0BCCB5238049F4A0226249A1509D7AF37839850A31BD88E5E"
"_linalg.pyi","9DA9A817AF4E8E4844D2DCF69E076371D5343703C6E2E8680CB8F36F9FE20277"
"_umath_linalg.cp310-win_amd64.lib","8501653AD05C9982C10563F60C5CC856C65D7D6E78B05F4CF2C3720274F73C5E"
"_umath_linalg.cp310-win_amd64.pyd","16C72B5B018F84EFBDD2C1D4469FAEB643EFD513FA7ED2C0DD4BD4CBF6C66F37"
"_umath_linalg.pyi","839349A0DB5EE82C2E3050DF779E4EF0EBC9BF894E8B9DFD54A001F8CADCF3AE"
"__init__.py","0199C7D859CC93F6C3CBC56E3AC8A19A84BE9C80ABA4A21130F35AE4FBB2937D"
"__init__.pyi","0B3AF5846B848D2198FC9ECD6C56A9AC28ACC5E20034264062A2B3D184544002"
"test_deprecations.py","19A784DC99D09492E801F6D8F772E6802154955E4CF0816643B12117859BAB05"
"test_linalg.py","0FB021C6A1A21F03E320723724D90F72C6053ACB5388A7BF3D3365E9DE189521"
"test_regression.py","2915CE8401E365B13787ABEA92C4EF41ACABBE1524C9133CFCEE8ACB9B3E36AB"
"__init__.py","E3B0C44298FC1C149AFBF4C8996FB92427AE41E4649B934CA495991B7852B855"
"test_deprecations.cpython-310.pyc","84641D0E8FAF354385A5A7E89DEDE8F8FEF340B7C9289763948D8BE9F7AD0076"
"test_linalg.cpython-310.pyc","4DE17625DD52763890DE71CBDAEA00A365DC488876CC014388D73DCCF0F2F582"
"test_regression.cpython-310.pyc","14F76ED477B493930191E6A6D4054A9B603CC2331F89D0A591DD1421AE32A603"
"__init__.cpython-310.pyc","0584543C03A502979E7670B52D9E7E22F94922529E13C5EB2B7F6888F4699D63"
"linalg.cpython-310.pyc","D24B3908BF28AA3BB24216746D818F9A29BA76C2B53AFFA203C5038D858050D2"
"_linalg.cpython-310.pyc","B9553D9709C6F899A7DD09758304CD4BE65E9A24A9A2570612A059476ACDA823"
"__init__.cpython-310.pyc","63DA37920428C09606A56FD77559C85AFC3C2925DE3CE6347A3EDA2DD151B1EA"
"API_CHANGES.txt","537F7303CEDA33F38826110ABC780BD5163596130965CD588F70C62F06CF6C5D"
"core.py","E09BF5FFAE1E33AFDA048437B29E2E29453CB1FC6C94CCDE181D40A324D389CA"
"core.pyi","D9A92E6F836FE711C2AE1B41436F29546D8172753C862EB980AF949193F4FFAA"
"extras.py","D0E774ACC2A1E852F21B46F2694E6401E59C64245F7154114CDBAD31F9A2091A"
"extras.pyi","618B844B14136ED74BC3193FAD9CFBA196E0FC924CCC1A3DD82129148A425A70"
"LICENSE","D78DBB208B80D92B4D333E41A4BAAE50D12444F46E53199FA7726A91DE6E2DA7"
"mrecords.py","0578256CC4582DE07917105C53FD6FCE6319A45EA25DA292E7BAA94E45859BC0"
"mrecords.pyi","A064AC1229E0C49FC0D3B7CB343ADC9234BB33003CC9937F37AC243849913DE1"
"README.rst","FCC1EBA874C4F0BE3088926ABDA3A1D65FB14F189DC1D8A573F4999056E0B9B3"
"testutils.py","F3A7BC6DC925F82DB82412025F354C23FB3846AB5B819A832C3D0BE6D64F4E07"
"timer_comparison.py","6B7916D8F9520835E656B0F1D1518F43DBE171022E0D43C49CA679E3354FF35D"
"__init__.py","1057B7AA4E6237FED9FFF070964116EB1A3665CE8D9C8F05EC6D9BD54556E2E6"
"__init__.pyi","EFA74E47374B7B2E07A0C0F6EB1245BB0FB66881AB077D31B7CAC5A84F3169F6"
"test_arrayobject.py","6A9D3A0B46B474659C3A49E972D6E12DBCC748D77633DA7F24BDA3112A810469"
"test_core.py","51F9A51441C90A4B31E1A77D52C3FBEE7F5B39E9D6AAA7B8A5E33B1B9246D7C9"
"test_deprecations.py","5AEACA4AE37A86C5E65B1468C6CB5D5415DC2824EF631958CFE9ED4A45BAA8A7"
"test_extras.py","0BF6AEC54191277F28FBB2D918D4CDE487408B8F1CD50218F1BCCCD8DA3307A8"
"test_mrecords.py","4F343096F6358899CA1FB011B0E23D9CD68D793B75B06819023F0D1233FB8D8D"
"test_old_ma.py","B50F88A8A67534C1EAE7FF2A90E6995A0FEB664581A5168F9E5A1D05177F0010"
"test_regression.py","2757ED1C329F205DD2508810971269942B184EB3E9032378ADFE4AD54C394FCC"
"test_subclassing.py","5052B4478E2944299C10D3F691B23FE2144C43B602EAA8E995934CD167AA7023"
"__init__.py","E3B0C44298FC1C149AFBF4C8996FB92427AE41E4649B934CA495991B7852B855"
"test_arrayobject.cpython-310.pyc","C75F996C69A896FCEEF84DED85973818D3E0990BDBC7D9E07FEEAAF7A21C24F8"
"test_core.cpython-310.pyc","8C7263907779EFFE1C8DBBD46BEE312B49EB90044BD673A9888436082618732B"
"test_deprecations.cpython-310.pyc","9C29E4E49B8746EC7725C4AD6B2F83D14D8489E26B2081BE55328147BB19B5FA"
"test_extras.cpython-310.pyc","9E808891859B2BEE478B176C715F6BDF9F5B058CB703AAE1E9D3EF0084F51469"
"test_mrecords.cpython-310.pyc","7DD0C831913E0C34FF27A239482729ED69541BCE9ED12B98071616D0519CED11"
"test_old_ma.cpython-310.pyc","A61274372FF5157A8C30A9A14DA5975560A7339D1BE4D86C87F80DFFF08C2C1F"
"test_regression.cpython-310.pyc","568FA3CC07E63940B8A8933C18392E422FA71761EAAA32FBDD7CBA2B126C7C24"
"test_subclassing.cpython-310.pyc","1BF6B4546DE54E107B08D1E143232302B062A05F0CABEC758619DD090CA018C2"
"__init__.cpython-310.pyc","3F1E2E8BBE7087108A59CA0DBDB3417407B68AAB90E87C373657790EDF6D2082"
"core.cpython-310.pyc","B01879D9EFA87E1CE2302F7257E404E51D2824B6E1347FE2078A85DB76DE5055"
"extras.cpython-310.pyc","E8EC531776213C9E298EDA0FC9FB59A57F84589C6847BD1732D41FA2EF49D959"
"mrecords.cpython-310.pyc","DC353A21E0772671B4284CA407E51BCFEF0D763D9F8BA253C1E2A4D73FFB24BD"
"testutils.cpython-310.pyc","CF69801A293B821D73A10C8FC83FEA42F50683BC5E1D873FA657FFE2C16DDBF4"
"timer_comparison.cpython-310.pyc","25439D63473525FBE027DD04F2DEE3A7796F2247740A912CCCC619284E0D08FA"
"__init__.cpython-310.pyc","A9DEBE6F4DC13EFEED834AD45C4B4C1432308B64687E095A7241076508D45491"
"defmatrix.py","8CC61EC7732134A96F8E070FF4401832DFF2AD54343BAED9B97C0C46F1427DFD"
"defmatrix.pyi","6B8B4A61285847D11E53D16DB9BDFF8B21B3C2E9D422A2BFEAECFF074640C974"
"__init__.py","F7E0CC96674BC4E9391D2189DB402E4E32A4199DCC50F1C2163844EAC6F834CA"
"__init__.pyi","640BAD92603C069B6D9DE3B264DA808E260937917BB25F964807C8924236AA52"
"test_defmatrix.py","DDC4938C58A515956AD9F3207E8525C7A85FF4DE0C4AF04C84771E9A8894CCB0"
"test_interaction.py","F65A0CC1229704EBB4F59E9A67AFD11BBA236C47E7D7D03C377F61D76179EBAF"
"test_masked_matrix.py","4A3B94B38221137C76CBCA0CF6EA1684A5F82B5B17D893642D032584C96FCC3D"
"test_matrix_linalg.py","F52F59AE4F0F30B7C4128F70071E4BCAB57F4DB5E123AAFE1DCE6DE7DE254056"
"test_multiarray.py","1398EF597F72A5660D1C7EE2A805B7C73DED32B115FA83608CDDFFA0FCD9CF0B"
"test_numeric.py","97E2C504A3E83F7FCED6279ADB73266800812F1FED49274F7140414538936F39"
"test_regression.py","C295958CCE291D16A2557FD8E7FCDCEB236BE08E7359D9897C74F06E605485EC"
"__init__.py","E3B0C44298FC1C149AFBF4C8996FB92427AE41E4649B934CA495991B7852B855"
"test_defmatrix.cpython-310.pyc","61B5F66A8817BFF569BAD823727857170775C5485D11C0B5B67A657348561A5A"
"test_interaction.cpython-310.pyc","26B6887408B97D010C0BCC7FED1091B200A0122060F525D0B57F9C99EF49C72E"
"test_masked_matrix.cpython-310.pyc","47C9E3EE8310FF7C46543480B748D2A647FB4713BA428C95389AE71BA3E4BAFC"
"test_matrix_linalg.cpython-310.pyc","ADECC384549EA49194A846341EDC2AC7B7F998B66298D710039A725C1FEEDA0B"
"test_multiarray.cpython-310.pyc","5032CD89D2FBE37113DBFE0F1CE17205F08C0C883AF5B6BA9D26327648559112"
"test_numeric.cpython-310.pyc","A9EC03F972357E8D69A18992BAC05ADC46AC1228D81EFF619FDB3328B4D373A0"
"test_regression.cpython-310.pyc","F40087B22CB79FA659F04BED0E0B7E6DA8164C97FF0FCC409D12D809E4B3707F"
"__init__.cpython-310.pyc","9E7735F67B30BA10D7D5648414BE467A479123786551DF4C3040C2927326322F"
"defmatrix.cpython-310.pyc","FB3953A7B7CBC9B5C4AA411F949F243EB1BEC8B52DB17EA3510EFF321C4B42E5"
"__init__.cpython-310.pyc","D3B17EC00D5A672F12815D20B5C08A298D81E4EF6BFAB11F957F4B9426A7557A"
"chebyshev.py","7F4878772B93CB529E3CE8CAA3BB4179898BBEB87561C141CE2DE2E70672835C"
"chebyshev.pyi","027264359A07C88510BC56D07DEC5D7B2F862703777CC8D9B36A43653E98CEF4"
"hermite.py","5E5B082945B5B001AD754A94A7364EB7D04FCB20DE6D097F7CAEF3AE5648F062"
"hermite.pyi","C6081860BFFBE0819596A98AF4D5D72224A918A10B21CA2A68E389D1E9D7BCF5"
"hermite_e.py","401BC97E3F1A3B14EAE2A169636163A34119B3900485DFEEAF8A4887976ADD70"
"hermite_e.pyi","086ABC3294D73A89D5D49CDF2DD5AE37FFA95CE604246E2ABCD77DEFBB35D61A"
"laguerre.py","2135CF49D735E4739184DE6CB52AE2E61199CAE0AFBFA6710F69582CCA2C4AA4"
"laguerre.pyi","7ED045D99538085AE2358EB1CBC9463FE80DC51078B9D008E07556EE792FD91D"
"legendre.py","F16301C4C17F010B5F6B8778E896274026276CC1414EC8B1A559BE8817B98839"
"legendre.pyi","E7DD1724D9BD625FD285805975CAE507AE6AB3D0C487B38E026782FC85EEE6DA"
"polynomial.py","3753B588F65E835E4B41383B5BC41CCF8F89EC4C03CC796144A2C55EC375D00C"
"polynomial.pyi","D0A4880D1089835127AD90AEC9054210A3F4EC88874C51F268A3C2E0FA378C92"
"polyutils.py","C1F35D7C378F5CA0AA24893C5525A3980A503754CAA427BE62E06EAD8C096E2F"
"polyutils.pyi","CC0E54754EF5356AA22AFDE701802DE4C01C260032C073A3F65C235FCB1B12BA"
"_polybase.py","4AC14508F431B57CF10E05CCB03DA8BEFA012FED63408AE67560943018B3C8FB"
"_polybase.pyi","2ADD71E0F833227552F66311FC2E5DEB28C96883DC7CCCA1A74B69D01CF61599"
"_polytypes.pyi","F8D8CD85C30FF5DC02756AC8A1DD2E44999236DA8841243A9526EF4B2DDA29DE"
"__init__.py","2409CF2066D1ED02629722211E356F03B4AC58648ED529B43C2B1EF975A4DDD6"
"__init__.pyi","F3CE47E297F02478F4C45B8F0EC57AA7F38DDA725E9C68C0E61F1DE2E318F886"
"test_chebyshev.py","3C8D97C2F186A902840754716EC61181E4C6D1CBA707FF0EB5DF52049A33ABEF"
"test_classes.py","542706D8808EB5E0689501F27F3633314872A8795B009C55F0B7509BD34EE745"
"test_hermite.py","CC71A6CB5500B8AB4B8F929ECBA04C9DEED9461DED669A307E57A0850CF286AA"
"test_hermite_e.py","E5906D1A2DA091E95D6154A1F3195038B5035BA7DC4F861D6624EB07A01A1895"
"test_laguerre.py","066E5200A8CE710E91952B1CF1245761F537E266DD4367DD3237F613DA69CE73"
"test_legendre.py","55BC9EEBBC88CCDEC88F65306199614ADEBC86835EBA414761DD500AF03BD196"
"test_polynomial.py","CEE249A152E5B371F6C2761E2E3739D78A010B1F2113902F9DB060B50A892332"
"test_polyutils.py","6F7BDDB495630B7E00984BFDEACC3622F20004D0EA9988429CC6190AF86D5B35"
"test_printing.py","FD121C6713C450951BF1A4A974092F9D90700437C8C91F2D288DBEFB0F58EB8A"
"test_symbol.py","1999EA0783CB8D90D66A544454E008DEABACF648D40E1096F9667FF3B8D198F6"
"__init__.py","E3B0C44298FC1C149AFBF4C8996FB92427AE41E4649B934CA495991B7852B855"
"test_chebyshev.cpython-310.pyc","ADB5D665AD1ED7F36EC34A799555BE0E27F80876AAAC766056F422FC541E8604"
"test_classes.cpython-310.pyc","F16BC31C647F7523E5B2BBC6F6C6CEFCA30616B96C3714BE0098B5514CF159F5"
"test_hermite.cpython-310.pyc","5C26BF3AD2A2CB94FF5029D1FC724B9ACA7FF0DAF4F79B6F71FDA4233EBA921D"
"test_hermite_e.cpython-310.pyc","C57E56BA1FAA2870384D89F794251E85D09B97203BF4FBAA7B5F0CB517DFD574"
"test_laguerre.cpython-310.pyc","E445843F1D41AD7726DA8EEEB01752433CECD0B52DA8D2370114696C249AB64C"
"test_legendre.cpython-310.pyc","DA8D425EC70CC9909D499BA54BB018A75E65E4ECE34B122EB0709D6316BD432A"
"test_polynomial.cpython-310.pyc","0DF6D6F777C0EB8C0321832AAAA7160F7A2E7A16E5503FAA66F9F082034295AB"
"test_polyutils.cpython-310.pyc","08C8D071B37A5F8A04BCFED309C0267C2586B2E5F872011566A605493C3FA286"
"test_printing.cpython-310.pyc","5967580626A8EF6872E483EAA1FE712C01461F13577C90EBEDE87FDD86E3A4E3"
"test_symbol.cpython-310.pyc","D42A50DA0E07E1F115022953BB9950B6806AA6C107026B0FACDA17AF196125AF"
"__init__.cpython-310.pyc","BA0E4C15943FDBEA09472AC845B2F9FCF9C23BB83DDAB7F5F675678FD696D232"
"chebyshev.cpython-310.pyc","28CF85089F9D6EAEBC8F9061FFBBE138D81B628974929490020E4A6847CB3795"
"hermite.cpython-310.pyc","FF6E38E46C5BECE2202B439F5C2BE7D36F4B261F9B9B65B189099A98183FE191"
"hermite_e.cpython-310.pyc","BA0F354A438FC5F978FA805AC8F55C38D9076BA67B5A5C27F63CE1A857E70551"
"laguerre.cpython-310.pyc","B688726BA85F7898F8C7BA5AC3ACCA93BA34565424BEC1BA526DEE86764C1459"
"legendre.cpython-310.pyc","2A9F451B830CC6548EB6D778450C5D6A35B57D8A288208B5251A1C7294E9F3F9"
"polynomial.cpython-310.pyc","64E8193A481C5C5DDD6F00343BEA07E8FC85864A31395296FFC53DAD7A6EDA6F"
"polyutils.cpython-310.pyc","B2E81EE6B2D9DC9FA115314B06D351ABD008AC4A55FA6CF1D9EBE5B6E5B35454"
"_polybase.cpython-310.pyc","38A558516B6CAD61ED1662F866210DC326F5B859E0D2AB32B87F5CBBEF584456"
"__init__.cpython-310.pyc","41F8CC23757C7F952F1C93234B1951D6CAA14D757F5558816B375ED25F543B6F"
"bit_generator.cp310-win_amd64.lib","7D076AAB6F6BFC4706C40FA48A183F566BCD6B78199BC8B4DBAA8D99FF1F39CE"
"bit_generator.cp310-win_amd64.pyd","5788E8DC719F6696DBD7DA364581CF4DACF90B245B55E8A14C2A83BB1CB3B024"
"bit_generator.pxd","2C9A5E07E10A79557CFC93BAF6C4B7DD724B650DC3021AD408DCECFDE8BB0282"
"bit_generator.pyi","3AA1D462D97DE2046B4F9015F80EE257ED102AE9867E66F78EB902A14908E177"
"c_distributions.pxd","D3659EA9BCD0E21790D5C67B4A178F7A3C66B7900E239913B2D059E70D96C43D"
"LICENSE.md","B4BC2F4FA1C95778F1ED3DD8F14706BECE399475B978F9F34B5D3CD72521B48A"
"mtrand.cp310-win_amd64.lib","851CEA42D162F3C77CAC75619FE6ADF064E3507F454B1FCD8DE3CE3C488C5C6D"
"mtrand.cp310-win_amd64.pyd","DFF8F1EDE212E69EE301329B44134A5AABCC927A1C2FF33412AA8CB0AE9B2B7D"
"mtrand.pyi","D9EF1A52CB45332ACB3AD41257F4B082D33F17653398017E0D62991F6C51A1C3"
"_bounded_integers.cp310-win_amd64.lib","7BD734658680E763611856C1834F70D7BBC0644B3545627BEB546F54A72A22D7"
"_bounded_integers.cp310-win_amd64.pyd","A49B9934184B430FC0D28349CA1E334FE4399B32186276708AF2F7F993B067F3"
"_bounded_integers.pxd","10E28A52517D6E1D022CD10FF13CD7CD7E30FF1579922BEBD4FBAD7DD7FACAF5"
"_common.cp310-win_amd64.lib","9E119602CB551739FCEEEA1515859685941EBC18CB845B7125E0FC26D876611C"
"_common.cp310-win_amd64.pyd","53316E831A32EC3F824C7F4C6FDFCEF45180D7878A71D3581F642B217DE0683D"
"_common.pxd","DBFF4D2D61529CB1B888377E29E6140516B8ED033CA9C794B0F880932599EF82"
"_generator.cp310-win_amd64.lib","5CE65EAB07883F4E72F8CBD8422247315331BF798EBAAB31E92E807544E710C7"
"_generator.cp310-win_amd64.pyd","D16E40973D57DDA880218E262BAFA68BB54C96ABD360CAAA9844E6EDE8902266"
"_generator.pyi","7E5A39A27B0FEA9D92102459834F0DDC8C7D256ADC584B6A2F33342462507F4A"
"_mt19937.cp310-win_amd64.lib","CDA0219C760D0DD47FA0B3FCB76A7DDF617D60F31A56E05C55D265753D55281A"
"_mt19937.cp310-win_amd64.pyd","DCCBDE9F33E2376174F50F253A829766466BA4211006AFB653CE5629E33A3427"
"_mt19937.pyi","401F2FC7C7FE10697EAB3DE260602B16C7CF6F7320AA5764D76F147965F790BB"
"_pcg64.cp310-win_amd64.lib","31AB09ED3A106FC98860B74D8B8B709A86F1FBB0125C6037E6C4445287A0B769"
"_pcg64.cp310-win_amd64.pyd","034199C62A540B8D4D7277BB9CFA3318B7A5E0F9BE49109C3E00B39BA7CC3005"
"_pcg64.pyi","4D2203FE5B23A0FBDF18847871BBC62E0E355666EC1DC961792B7CA5F0593E1B"
"_philox.cp310-win_amd64.lib","3EA168986BAD1290E7589C2B609F5E8DA996FF46252F626FE8B62CAD5F0DBE27"
"_philox.cp310-win_amd64.pyd","38772C797373EA8385B085C8B78AE9FBA6B0F9AACE90D2B3124E55F5EAC897FA"
"_philox.pyi","7BB27DDD2C1C6D8AC37C17C9827B95227822127ECD48DEE4E7BE89F69CF8779E"
"_pickle.py","0F932BB3347FA030F8CACB376EDF7830FC39E05348C87E9FE0CB4E5816110EF9"
"_pickle.pyi","578500235B5DD493CC1DE34C663A27DF4C7B13B483DD664100B0BC1F34057225"
"_sfc64.cp310-win_amd64.lib","20B111D436D64CC13425726FC57E965E751A687520087BB81AFDE4613F65C69A"
"_sfc64.cp310-win_amd64.pyd","7AE5E4BF82EAE5BFD775C7BF990EB32597DB6D8C316ED60756F13395BF7E13B4"
"_sfc64.pyi","1C2088C68D07D5BD3FB393045ABC2DB6512558413918AB79C15E8B63122F4B13"
"__init__.pxd","83711A322DF27E69EA4FE2845A3D1CA7A49623154DF428458C461718E7CE89F1"
"__init__.py","5BF845CC6B0A5507DD877F94D79833B0E28A024F2E6608A80E4C4ACAEA2EE160"
"__init__.pyi","B5BF229AB40249DA4E2FD0F10FD593044CFF06EA2DF5AC9C43862F52BDEC9E13"
"npyrandom.lib","908571E4629D178ACA1B0F101F242433021DDEF5C40A92E343E56ABC15319B38"
"test_direct.py","3C8D42E51FD64066A0750EB9B12EF8A3F9EADE8BD84838C4C480EEF6BDE363B9"
"test_extending.py","CD904007A56F321F893BA91CFC5728F02E1B97EC13C3F198FC10A84E0FA443E3"
"test_generator_mt19937.py","9ACFF20414A4C54293D05EE48CF33E3CAC138BA499BCA3279817589104BC6B61"
"test_generator_mt19937_regressions.py","E70950AA7EA374BC0F6C6359AC5DD13F02E7FF1463D82080E83635EBB74737B7"
"test_random.py","4D6FA291989C0D58138BD59E64E4302C208267F43F8160289BA3E8CED5D26799"
"test_randomstate.py","46B80578ADABE49703E0AF2969639B4BC9CAB9F746BA62CDD9F767BE9F7BE242"
"test_randomstate_regression.py","F052F8B315F50F5A0C557FC5F6EE6F47C65ACE8E55D188F86CBEF3B21E7B57E6"
"test_regression.py","FDEA046BE408621DF7B4449A84C1EC559B42CBD5BFB394F944FCC8E90612ECB6"
"test_seed_sequence.py","CD652F8560F10664CDD96B5E48541E276F56D3EDA4DD95337BFDD8B4BE0A826B"
"test_smoke.py","4AD4F179E99A98A784FC7FD41D05B20F12172526CB408E18AF9B03A77CBA647E"
"__init__.py","E3B0C44298FC1C149AFBF4C8996FB92427AE41E4649B934CA495991B7852B855"
"generator_pcg64_np121.pkl.gz","11F43E5FBD0A9078010055F6A483DC09497830D3F564D44E697394EF9BDD8AA3"
"generator_pcg64_np126.pkl.gz","7CDF1D78D5715FE1C42C0D5E219DF691DB58BDCE21C0AC9AEB0BF4D0625E1F46"
"mt19937-testset-1.csv","6C0E6EB8E5E02E9900C098DF57CA1478F837F9EC9A1F8FA029EF0031C9765E7D"
"mt19937-testset-2.csv","4A738BD67C916DB958942DB9E0F05449CDFB360B95E7137ED16FC1DF62310C61"
"pcg64-testset-1.csv","C07A12EDF211DE130476D6BB32D27C1292165FE070D727D2695C620B5E6FC55B"
"pcg64-testset-2.csv","EAF96756E5BFE22E8B12C567E9BE341E37015968E85F995BA120810E90EBCC5B"
"pcg64dxsm-testset-1.csv","16185AE7E8EB0A6464FFFAECBF1E826C3159EC43DCF0138F0D387E9B264B9213"
"pcg64dxsm-testset-2.csv","98D63390287434CB7556F4EB374F016E4A406DF905C73B4D72CA1F81E5BFD27B"
"philox-testset-1.csv","42FA53CA7587423A93CF73F630FBED30B760D959CCE93193A57829FBF2DE2798"
"philox-testset-2.csv","F8134ED4E098B432239CDE50F80B107B30421A6549508B37A803328FC48DB6C0"
"sfc64-testset-1.csv","B2091E996D256CA276C21D6C063E827E65F01584EA7C0935E763F4AFC7A63B7F"
"sfc64-testset-2.csv","9A4A76D521BC782AAC7CDC9065D9A2578D7EC4A72C57C7AEB53EEB5675441B9D"
"sfc64_np126.pkl.gz","3156B5CA5172EC350F81404AFA821E292755978518122377019EC6DEC773CDAC"
"__init__.py","E3B0C44298FC1C149AFBF4C8996FB92427AE41E4649B934CA495991B7852B855"
"__init__.cpython-310.pyc","0DFB2A63146A8C8B48B2EB56E6F328DF6DD7E2F8150FA67DF2AB33010E174897"
"test_direct.cpython-310.pyc","DE7164ABC4138FB6C4505BA1D2E2CE9BF45C2984C78CEA7AD40B1EA85A0C7F19"
"test_extending.cpython-310.pyc","3BE13EF92273DB781BCE8E4303F4012007094F220571538FD4C4B386495B13DA"
"test_generator_mt19937.cpython-310.pyc","7CDE07A4F1C18CCA77B89E1DD3DCCE00D1DE0637E27A16D249454A2F8C278E3A"
"test_generator_mt19937_regressions.cpython-310.pyc","C9D7509C33343D2EA9551955ECF7B33D6ADA57FF22A8E0ED61A489D3BDE2D695"
"test_random.cpython-310.pyc","DB8B012450A3132D43083585BFD9F724797468D69289F1216680E656ACF354B4"
"test_randomstate.cpython-310.pyc","EDF0D6312CED11F24F9987F08C142EE33D3E24C2B0E6AEDE0FA58DC3186D7CDE"
"test_randomstate_regression.cpython-310.pyc","F5D510840B4250BAF942F48C621229FA11EF6963D1A922A329937ED183261CC3"
"test_regression.cpython-310.pyc","F53BE276C6ACD7C1D7765F26636CE998E72633D57DE3F03BA2F6AE4CD4A78DF3"
"test_seed_sequence.cpython-310.pyc","F96E3491F893D715412493D92BD769A11DC8CA812974372635B843E75E70396D"
"test_smoke.cpython-310.pyc","CF145885283319A43E4C33AE090FBA76E901AE9345E1EF0556E82AADFEAFCA8F"
"__init__.cpython-310.pyc","843E7238F2130918222674D5932B65C88FB0F55776202D80AD86DE4313C45E67"
"extending.py","060C9D6046016FA843821305F8A40555CF2CB145351790E0FB71B27A2953DD58"
"parse.py","79105B56B9F1BF0D2FDC14BA249BD7D6B8E99B5300EF266EFB7D501CCB8D969E"
"extending.cpython-310.pyc","A5A47A8C71BBA5DA693441EB75A73E96A07D84AB5790D5891B257FC034ECD4E3"
"parse.cpython-310.pyc","4BC457C48FEA3732AD477926CB4703622D296D25B11DD4975504F75831955951"
"extending.pyx","D6592AEB31627E7C1A32D024546D22FFD49B32236AA65BEA9C76AA529C6A373B"
"extending_distributions.pyx","9B2AF9DDBCC9DA455396D671FCC0DCC3743A6DB87530AD54DB618AC9A122E42F"
"meson.build","ABF205715B3FAB3111243FFEF2E6839E3A6CDD075A5B8F6891931B16DC2400FA"
"extending.py","BE7A94A9046F94023EDD5603CC8C5240395BFAC9810328FC7C0D7E33622B390C"
"extending_distributions.py","F9A4F12C8AA75D6D173ED984A74C897DA05305C8C4A3D43D49E6CA1BF74E2EFC"
