"sha256","filename","src","dest","action"
"E3B0C44298FC1C149AFBF4C8996FB92427AE41E4649B934CA495991B7852B855","log_trace.py","C:\SNS_24AutoProject_250723\decorators\log_trace.py","C:\SNS_24AutoProject_250723\decorators\log_trace.py","MOVE"
"E3B0C44298FC1C149AFBF4C8996FB92427AE41E4649B934CA495991B7852B855","log_trace.py","C:\SNS_24AutoProject_250723\decorators\log_trace.py","C:\SNS_24AutoProject_250723\decorators\log_trace.py","MOVE"
"E3B0C44298FC1C149AFBF4C8996FB92427AE41E4649B934CA495991B7852B855","log_trace.py","C:\SNS_24AutoProject_250723\decorators\log_trace.py","C:\SNS_24AutoProject_250723\decorators\log_trace.py","MOVE"
"E3B0C44298FC1C149AFBF4C8996FB92427AE41E4649B934CA495991B7852B855","log_trace.py","C:\SNS_24AutoProject_250723\decorators\log_trace.py","C:\SNS_24AutoProject_250723\decorators\log_trace.py","MOVE"
"E3B0C44298FC1C149AFBF4C8996FB92427AE41E4649B934CA495991B7852B855","log_trace.py","C:\SNS_24AutoProject_250723\decorators\log_trace.py","C:\SNS_24AutoProject_250723\decorators\log_trace.py","MOVE"
"E3B0C44298FC1C149AFBF4C8996FB92427AE41E4649B934CA495991B7852B855","log_trace.py","C:\SNS_24AutoProject_250723\decorators\log_trace.py","C:\SNS_24AutoProject_250723\decorators\log_trace.py","MOVE"
"E3B0C44298FC1C149AFBF4C8996FB92427AE41E4649B934CA495991B7852B855","log_trace.py","C:\SNS_24AutoProject_250723\decorators\log_trace.py","C:\SNS_24AutoProject_250723\decorators\log_trace.py","MOVE"
"E3B0C44298FC1C149AFBF4C8996FB92427AE41E4649B934CA495991B7852B855","log_trace.py","C:\SNS_24AutoProject_250723\decorators\log_trace.py","C:\SNS_24AutoProject_250723\decorators\log_trace.py","MOVE"
"E3B0C44298FC1C149AFBF4C8996FB92427AE41E4649B934CA495991B7852B855","log_trace.py","C:\SNS_24AutoProject_250723\decorators\log_trace.py","C:\SNS_24AutoProject_250723\decorators\log_trace.py","MOVE"
"E3B0C44298FC1C149AFBF4C8996FB92427AE41E4649B934CA495991B7852B855","log_trace.py","C:\SNS_24AutoProject_250723\decorators\log_trace.py","C:\SNS_24AutoProject_250723\decorators\log_trace.py","MOVE"
"E3B0C44298FC1C149AFBF4C8996FB92427AE41E4649B934CA495991B7852B855","log_trace.py","C:\SNS_24AutoProject_250723\decorators\log_trace.py","C:\SNS_24AutoProject_250723\decorators\log_trace.py","MOVE"
"E3B0C44298FC1C149AFBF4C8996FB92427AE41E4649B934CA495991B7852B855","log_trace.py","C:\SNS_24AutoProject_250723\decorators\log_trace.py","C:\SNS_24AutoProject_250723\decorators\log_trace.py","MOVE"
"E3B0C44298FC1C149AFBF4C8996FB92427AE41E4649B934CA495991B7852B855","log_trace.py","C:\SNS_24AutoProject_250723\decorators\log_trace.py","C:\SNS_24AutoProject_250723\decorators\log_trace.py","MOVE"
"E3B0C44298FC1C149AFBF4C8996FB92427AE41E4649B934CA495991B7852B855","log_trace.py","C:\SNS_24AutoProject_250723\decorators\log_trace.py","C:\SNS_24AutoProject_250723\decorators\log_trace.py","MOVE"
"E3B0C44298FC1C149AFBF4C8996FB92427AE41E4649B934CA495991B7852B855","log_trace.py","C:\SNS_24AutoProject_250723\decorators\log_trace.py","C:\SNS_24AutoProject_250723\decorators\log_trace.py","MOVE"
"E3B0C44298FC1C149AFBF4C8996FB92427AE41E4649B934CA495991B7852B855","log_trace.py","C:\SNS_24AutoProject_250723\decorators\log_trace.py","C:\SNS_24AutoProject_250723\decorators\log_trace.py","MOVE"
"E3B0C44298FC1C149AFBF4C8996FB92427AE41E4649B934CA495991B7852B855","log_trace.py","C:\SNS_24AutoProject_250723\decorators\log_trace.py","C:\SNS_24AutoProject_250723\decorators\log_trace.py","MOVE"
"E3B0C44298FC1C149AFBF4C8996FB92427AE41E4649B934CA495991B7852B855","log_trace.py","C:\SNS_24AutoProject_250723\decorators\log_trace.py","C:\SNS_24AutoProject_250723\decorators\log_trace.py","MOVE"
"E3B0C44298FC1C149AFBF4C8996FB92427AE41E4649B934CA495991B7852B855","log_trace.py","C:\SNS_24AutoProject_250723\decorators\log_trace.py","C:\SNS_24AutoProject_250723\decorators\log_trace.py","MOVE"
"E3B0C44298FC1C149AFBF4C8996FB92427AE41E4649B934CA495991B7852B855","log_trace.py","C:\SNS_24AutoProject_250723\decorators\log_trace.py","C:\SNS_24AutoProject_250723\decorators\log_trace.py","MOVE"
"E3B0C44298FC1C149AFBF4C8996FB92427AE41E4649B934CA495991B7852B855","log_trace.py","C:\SNS_24AutoProject_250723\decorators\log_trace.py","C:\SNS_24AutoProject_250723\decorators\log_trace.py","MOVE"
"E3B0C44298FC1C149AFBF4C8996FB92427AE41E4649B934CA495991B7852B855","log_trace.py","C:\SNS_24AutoProject_250723\decorators\log_trace.py","C:\SNS_24AutoProject_250723\decorators\log_trace.py","MOVE"
"E3B0C44298FC1C149AFBF4C8996FB92427AE41E4649B934CA495991B7852B855","log_trace.py","C:\SNS_24AutoProject_250723\decorators\log_trace.py","C:\SNS_24AutoProject_250723\decorators\log_trace.py","MOVE"
"E3B0C44298FC1C149AFBF4C8996FB92427AE41E4649B934CA495991B7852B855","log_trace.py","C:\SNS_24AutoProject_250723\decorators\log_trace.py","C:\SNS_24AutoProject_250723\decorators\log_trace.py","MOVE"
"E3B0C44298FC1C149AFBF4C8996FB92427AE41E4649B934CA495991B7852B855","log_trace.py","C:\SNS_24AutoProject_250723\decorators\log_trace.py","C:\SNS_24AutoProject_250723\decorators\log_trace.py","MOVE"
"E3B0C44298FC1C149AFBF4C8996FB92427AE41E4649B934CA495991B7852B855","log_trace.py","C:\SNS_24AutoProject_250723\decorators\log_trace.py","C:\SNS_24AutoProject_250723\decorators\log_trace.py","MOVE"
"E3B0C44298FC1C149AFBF4C8996FB92427AE41E4649B934CA495991B7852B855","log_trace.py","C:\SNS_24AutoProject_250723\decorators\log_trace.py","C:\SNS_24AutoProject_250723\decorators\log_trace.py","MOVE"
"E3B0C44298FC1C149AFBF4C8996FB92427AE41E4649B934CA495991B7852B855","log_trace.py","C:\SNS_24AutoProject_250723\decorators\log_trace.py","C:\SNS_24AutoProject_250723\decorators\log_trace.py","MOVE"
"E3B0C44298FC1C149AFBF4C8996FB92427AE41E4649B934CA495991B7852B855","log_trace.py","C:\SNS_24AutoProject_250723\decorators\log_trace.py","C:\SNS_24AutoProject_250723\decorators\log_trace.py","MOVE"
"E3B0C44298FC1C149AFBF4C8996FB92427AE41E4649B934CA495991B7852B855","log_trace.py","C:\SNS_24AutoProject_250723\decorators\log_trace.py","C:\SNS_24AutoProject_250723\decorators\log_trace.py","MOVE"
"E3B0C44298FC1C149AFBF4C8996FB92427AE41E4649B934CA495991B7852B855","log_trace.py","C:\SNS_24AutoProject_250723\decorators\log_trace.py","C:\SNS_24AutoProject_250723\decorators\log_trace.py","MOVE"
"E3B0C44298FC1C149AFBF4C8996FB92427AE41E4649B934CA495991B7852B855","log_trace.py","C:\SNS_24AutoProject_250723\decorators\log_trace.py","C:\SNS_24AutoProject_250723\decorators\log_trace.py","MOVE"
"E3B0C44298FC1C149AFBF4C8996FB92427AE41E4649B934CA495991B7852B855","log_trace.py","C:\SNS_24AutoProject_250723\decorators\log_trace.py","C:\SNS_24AutoProject_250723\decorators\log_trace.py","MOVE"
"E3B0C44298FC1C149AFBF4C8996FB92427AE41E4649B934CA495991B7852B855","log_trace.py","C:\SNS_24AutoProject_250723\decorators\log_trace.py","C:\SNS_24AutoProject_250723\decorators\log_trace.py","MOVE"
"E3B0C44298FC1C149AFBF4C8996FB92427AE41E4649B934CA495991B7852B855","log_trace.py","C:\SNS_24AutoProject_250723\decorators\log_trace.py","C:\SNS_24AutoProject_250723\decorators\log_trace.py","MOVE"
"E3B0C44298FC1C149AFBF4C8996FB92427AE41E4649B934CA495991B7852B855","log_trace.py","C:\SNS_24AutoProject_250723\decorators\log_trace.py","C:\SNS_24AutoProject_250723\decorators\log_trace.py","MOVE"
"E3B0C44298FC1C149AFBF4C8996FB92427AE41E4649B934CA495991B7852B855","log_trace.py","C:\SNS_24AutoProject_250723\decorators\log_trace.py","C:\SNS_24AutoProject_250723\decorators\log_trace.py","MOVE"
"E3B0C44298FC1C149AFBF4C8996FB92427AE41E4649B934CA495991B7852B855","log_trace.py","C:\SNS_24AutoProject_250723\decorators\log_trace.py","C:\SNS_24AutoProject_250723\decorators\log_trace.py","MOVE"
"E3B0C44298FC1C149AFBF4C8996FB92427AE41E4649B934CA495991B7852B855","log_trace.py","C:\SNS_24AutoProject_250723\decorators\log_trace.py","C:\SNS_24AutoProject_250723\decorators\log_trace.py","MOVE"
"E3B0C44298FC1C149AFBF4C8996FB92427AE41E4649B934CA495991B7852B855","log_trace.py","C:\SNS_24AutoProject_250723\decorators\log_trace.py","C:\SNS_24AutoProject_250723\decorators\log_trace.py","MOVE"
"E3B0C44298FC1C149AFBF4C8996FB92427AE41E4649B934CA495991B7852B855","log_trace.py","C:\SNS_24AutoProject_250723\decorators\log_trace.py","C:\SNS_24AutoProject_250723\decorators\log_trace.py","MOVE"
"E3B0C44298FC1C149AFBF4C8996FB92427AE41E4649B934CA495991B7852B855","log_trace.py","C:\SNS_24AutoProject_250723\decorators\log_trace.py","C:\SNS_24AutoProject_250723\decorators\log_trace.py","MOVE"
"E3B0C44298FC1C149AFBF4C8996FB92427AE41E4649B934CA495991B7852B855","log_trace.py","C:\SNS_24AutoProject_250723\decorators\log_trace.py","C:\SNS_24AutoProject_250723\decorators\log_trace.py","MOVE"
"E3B0C44298FC1C149AFBF4C8996FB92427AE41E4649B934CA495991B7852B855","log_trace.py","C:\SNS_24AutoProject_250723\decorators\log_trace.py","C:\SNS_24AutoProject_250723\decorators\log_trace.py","MOVE"
"E3B0C44298FC1C149AFBF4C8996FB92427AE41E4649B934CA495991B7852B855","log_trace.py","C:\SNS_24AutoProject_250723\decorators\log_trace.py","C:\SNS_24AutoProject_250723\decorators\log_trace.py","MOVE"
"E3B0C44298FC1C149AFBF4C8996FB92427AE41E4649B934CA495991B7852B855","log_trace.py","C:\SNS_24AutoProject_250723\decorators\log_trace.py","C:\SNS_24AutoProject_250723\decorators\log_trace.py","MOVE"
"E3B0C44298FC1C149AFBF4C8996FB92427AE41E4649B934CA495991B7852B855","log_trace.py","C:\SNS_24AutoProject_250723\decorators\log_trace.py","C:\SNS_24AutoProject_250723\decorators\log_trace.py","MOVE"
"E3B0C44298FC1C149AFBF4C8996FB92427AE41E4649B934CA495991B7852B855","log_trace.py","C:\SNS_24AutoProject_250723\decorators\log_trace.py","C:\SNS_24AutoProject_250723\decorators\log_trace.py","MOVE"
"E3B0C44298FC1C149AFBF4C8996FB92427AE41E4649B934CA495991B7852B855","log_trace.py","C:\SNS_24AutoProject_250723\decorators\log_trace.py","C:\SNS_24AutoProject_250723\decorators\log_trace.py","MOVE"
"E3B0C44298FC1C149AFBF4C8996FB92427AE41E4649B934CA495991B7852B855","log_trace.py","C:\SNS_24AutoProject_250723\decorators\log_trace.py","C:\SNS_24AutoProject_250723\decorators\log_trace.py","MOVE"
"E3B0C44298FC1C149AFBF4C8996FB92427AE41E4649B934CA495991B7852B855","log_trace.py","C:\SNS_24AutoProject_250723\decorators\log_trace.py","C:\SNS_24AutoProject_250723\decorators\log_trace.py","MOVE"
"E3B0C44298FC1C149AFBF4C8996FB92427AE41E4649B934CA495991B7852B855","log_trace.py","C:\SNS_24AutoProject_250723\decorators\log_trace.py","C:\SNS_24AutoProject_250723\decorators\log_trace.py","MOVE"
"E3B0C44298FC1C149AFBF4C8996FB92427AE41E4649B934CA495991B7852B855","log_trace.py","C:\SNS_24AutoProject_250723\decorators\log_trace.py","C:\SNS_24AutoProject_250723\decorators\log_trace.py","MOVE"
"E3B0C44298FC1C149AFBF4C8996FB92427AE41E4649B934CA495991B7852B855","log_trace.py","C:\SNS_24AutoProject_250723\decorators\log_trace.py","C:\SNS_24AutoProject_250723\decorators\log_trace.py","MOVE"
"E3B0C44298FC1C149AFBF4C8996FB92427AE41E4649B934CA495991B7852B855","log_trace.py","C:\SNS_24AutoProject_250723\decorators\log_trace.py","C:\SNS_24AutoProject_250723\decorators\log_trace.py","MOVE"
"E3B0C44298FC1C149AFBF4C8996FB92427AE41E4649B934CA495991B7852B855","log_trace.py","C:\SNS_24AutoProject_250723\decorators\log_trace.py","C:\SNS_24AutoProject_250723\decorators\log_trace.py","MOVE"
"E3B0C44298FC1C149AFBF4C8996FB92427AE41E4649B934CA495991B7852B855","log_trace.py","C:\SNS_24AutoProject_250723\decorators\log_trace.py","C:\SNS_24AutoProject_250723\decorators\log_trace.py","MOVE"
"E3B0C44298FC1C149AFBF4C8996FB92427AE41E4649B934CA495991B7852B855","log_trace.py","C:\SNS_24AutoProject_250723\decorators\log_trace.py","C:\SNS_24AutoProject_250723\decorators\log_trace.py","MOVE"
"E3B0C44298FC1C149AFBF4C8996FB92427AE41E4649B934CA495991B7852B855","log_trace.py","C:\SNS_24AutoProject_250723\decorators\log_trace.py","C:\SNS_24AutoProject_250723\decorators\log_trace.py","MOVE"
"E3B0C44298FC1C149AFBF4C8996FB92427AE41E4649B934CA495991B7852B855","log_trace.py","C:\SNS_24AutoProject_250723\decorators\log_trace.py","C:\SNS_24AutoProject_250723\decorators\log_trace.py","MOVE"
"E3B0C44298FC1C149AFBF4C8996FB92427AE41E4649B934CA495991B7852B855","log_trace.py","C:\SNS_24AutoProject_250723\decorators\log_trace.py","C:\SNS_24AutoProject_250723\decorators\log_trace.py","MOVE"
"E3B0C44298FC1C149AFBF4C8996FB92427AE41E4649B934CA495991B7852B855","log_trace.py","C:\SNS_24AutoProject_250723\decorators\log_trace.py","C:\SNS_24AutoProject_250723\decorators\log_trace.py","MOVE"
"E3B0C44298FC1C149AFBF4C8996FB92427AE41E4649B934CA495991B7852B855","log_trace.py","C:\SNS_24AutoProject_250723\decorators\log_trace.py","C:\SNS_24AutoProject_250723\decorators\log_trace.py","MOVE"
"E3B0C44298FC1C149AFBF4C8996FB92427AE41E4649B934CA495991B7852B855","log_trace.py","C:\SNS_24AutoProject_250723\decorators\log_trace.py","C:\SNS_24AutoProject_250723\decorators\log_trace.py","MOVE"
"E3B0C44298FC1C149AFBF4C8996FB92427AE41E4649B934CA495991B7852B855","log_trace.py","C:\SNS_24AutoProject_250723\decorators\log_trace.py","C:\SNS_24AutoProject_250723\decorators\log_trace.py","MOVE"
"E3B0C44298FC1C149AFBF4C8996FB92427AE41E4649B934CA495991B7852B855","log_trace.py","C:\SNS_24AutoProject_250723\decorators\log_trace.py","C:\SNS_24AutoProject_250723\decorators\log_trace.py","MOVE"
"E3B0C44298FC1C149AFBF4C8996FB92427AE41E4649B934CA495991B7852B855","log_trace.py","C:\SNS_24AutoProject_250723\decorators\log_trace.py","C:\SNS_24AutoProject_250723\decorators\log_trace.py","MOVE"
"E3B0C44298FC1C149AFBF4C8996FB92427AE41E4649B934CA495991B7852B855","log_trace.py","C:\SNS_24AutoProject_250723\decorators\log_trace.py","C:\SNS_24AutoProject_250723\decorators\log_trace.py","MOVE"
"E3B0C44298FC1C149AFBF4C8996FB92427AE41E4649B934CA495991B7852B855","log_trace.py","C:\SNS_24AutoProject_250723\decorators\log_trace.py","C:\SNS_24AutoProject_250723\decorators\log_trace.py","MOVE"
"E3B0C44298FC1C149AFBF4C8996FB92427AE41E4649B934CA495991B7852B855","log_trace.py","C:\SNS_24AutoProject_250723\decorators\log_trace.py","C:\SNS_24AutoProject_250723\decorators\log_trace.py","MOVE"
"E3B0C44298FC1C149AFBF4C8996FB92427AE41E4649B934CA495991B7852B855","log_trace.py","C:\SNS_24AutoProject_250723\decorators\log_trace.py","C:\SNS_24AutoProject_250723\decorators\log_trace.py","MOVE"
"E3B0C44298FC1C149AFBF4C8996FB92427AE41E4649B934CA495991B7852B855","log_trace.py","C:\SNS_24AutoProject_250723\decorators\log_trace.py","C:\SNS_24AutoProject_250723\decorators\log_trace.py","MOVE"
"E3B0C44298FC1C149AFBF4C8996FB92427AE41E4649B934CA495991B7852B855","log_trace.py","C:\SNS_24AutoProject_250723\decorators\log_trace.py","C:\SNS_24AutoProject_250723\decorators\log_trace.py","MOVE"
"E3B0C44298FC1C149AFBF4C8996FB92427AE41E4649B934CA495991B7852B855","log_trace.py","C:\SNS_24AutoProject_250723\decorators\log_trace.py","C:\SNS_24AutoProject_250723\decorators\log_trace.py","MOVE"
"E3B0C44298FC1C149AFBF4C8996FB92427AE41E4649B934CA495991B7852B855","log_trace.py","C:\SNS_24AutoProject_250723\decorators\log_trace.py","C:\SNS_24AutoProject_250723\decorators\log_trace.py","MOVE"
"E3B0C44298FC1C149AFBF4C8996FB92427AE41E4649B934CA495991B7852B855","log_trace.py","C:\SNS_24AutoProject_250723\decorators\log_trace.py","C:\SNS_24AutoProject_250723\decorators\log_trace.py","MOVE"
"E3B0C44298FC1C149AFBF4C8996FB92427AE41E4649B934CA495991B7852B855","log_trace.py","C:\SNS_24AutoProject_250723\decorators\log_trace.py","C:\SNS_24AutoProject_250723\decorators\log_trace.py","MOVE"
"E3B0C44298FC1C149AFBF4C8996FB92427AE41E4649B934CA495991B7852B855","log_trace.py","C:\SNS_24AutoProject_250723\decorators\log_trace.py","C:\SNS_24AutoProject_250723\decorators\log_trace.py","MOVE"
"E3B0C44298FC1C149AFBF4C8996FB92427AE41E4649B934CA495991B7852B855","log_trace.py","C:\SNS_24AutoProject_250723\decorators\log_trace.py","C:\SNS_24AutoProject_250723\decorators\log_trace.py","MOVE"
"E3B0C44298FC1C149AFBF4C8996FB92427AE41E4649B934CA495991B7852B855","log_trace.py","C:\SNS_24AutoProject_250723\decorators\log_trace.py","C:\SNS_24AutoProject_250723\decorators\log_trace.py","MOVE"
"E3B0C44298FC1C149AFBF4C8996FB92427AE41E4649B934CA495991B7852B855","log_trace.py","C:\SNS_24AutoProject_250723\decorators\log_trace.py","C:\SNS_24AutoProject_250723\decorators\log_trace.py","MOVE"
"E3B0C44298FC1C149AFBF4C8996FB92427AE41E4649B934CA495991B7852B855","log_trace.py","C:\SNS_24AutoProject_250723\decorators\log_trace.py","C:\SNS_24AutoProject_250723\decorators\log_trace.py","MOVE"
"E3B0C44298FC1C149AFBF4C8996FB92427AE41E4649B934CA495991B7852B855","log_trace.py","C:\SNS_24AutoProject_250723\decorators\log_trace.py","C:\SNS_24AutoProject_250723\decorators\log_trace.py","MOVE"
"E3B0C44298FC1C149AFBF4C8996FB92427AE41E4649B934CA495991B7852B855","log_trace.py","C:\SNS_24AutoProject_250723\decorators\log_trace.py","C:\SNS_24AutoProject_250723\decorators\log_trace.py","MOVE"
"E3B0C44298FC1C149AFBF4C8996FB92427AE41E4649B934CA495991B7852B855","log_trace.py","C:\SNS_24AutoProject_250723\decorators\log_trace.py","C:\SNS_24AutoProject_250723\decorators\log_trace.py","MOVE"
"E3B0C44298FC1C149AFBF4C8996FB92427AE41E4649B934CA495991B7852B855","log_trace.py","C:\SNS_24AutoProject_250723\decorators\log_trace.py","C:\SNS_24AutoProject_250723\decorators\log_trace.py","MOVE"
"E3B0C44298FC1C149AFBF4C8996FB92427AE41E4649B934CA495991B7852B855","log_trace.py","C:\SNS_24AutoProject_250723\decorators\log_trace.py","C:\SNS_24AutoProject_250723\decorators\log_trace.py","MOVE"
"E3B0C44298FC1C149AFBF4C8996FB92427AE41E4649B934CA495991B7852B855","log_trace.py","C:\SNS_24AutoProject_250723\decorators\log_trace.py","C:\SNS_24AutoProject_250723\decorators\log_trace.py","MOVE"
"E3B0C44298FC1C149AFBF4C8996FB92427AE41E4649B934CA495991B7852B855","log_trace.py","C:\SNS_24AutoProject_250723\decorators\log_trace.py","C:\SNS_24AutoProject_250723\decorators\log_trace.py","MOVE"
"E3B0C44298FC1C149AFBF4C8996FB92427AE41E4649B934CA495991B7852B855","log_trace.py","C:\SNS_24AutoProject_250723\decorators\log_trace.py","C:\SNS_24AutoProject_250723\decorators\log_trace.py","MOVE"
"E3B0C44298FC1C149AFBF4C8996FB92427AE41E4649B934CA495991B7852B855","log_trace.py","C:\SNS_24AutoProject_250723\decorators\log_trace.py","C:\SNS_24AutoProject_250723\decorators\log_trace.py","MOVE"
"E3B0C44298FC1C149AFBF4C8996FB92427AE41E4649B934CA495991B7852B855","log_trace.py","C:\SNS_24AutoProject_250723\decorators\log_trace.py","C:\SNS_24AutoProject_250723\decorators\log_trace.py","MOVE"
"E3B0C44298FC1C149AFBF4C8996FB92427AE41E4649B934CA495991B7852B855","log_trace.py","C:\SNS_24AutoProject_250723\decorators\log_trace.py","C:\SNS_24AutoProject_250723\decorators\log_trace.py","MOVE"
"E3B0C44298FC1C149AFBF4C8996FB92427AE41E4649B934CA495991B7852B855","log_trace.py","C:\SNS_24AutoProject_250723\decorators\log_trace.py","C:\SNS_24AutoProject_250723\decorators\log_trace.py","MOVE"
"E3B0C44298FC1C149AFBF4C8996FB92427AE41E4649B934CA495991B7852B855","log_trace.py","C:\SNS_24AutoProject_250723\decorators\log_trace.py","C:\SNS_24AutoProject_250723\decorators\log_trace.py","MOVE"
"E3B0C44298FC1C149AFBF4C8996FB92427AE41E4649B934CA495991B7852B855","log_trace.py","C:\SNS_24AutoProject_250723\decorators\log_trace.py","C:\SNS_24AutoProject_250723\decorators\log_trace.py","MOVE"
"E3B0C44298FC1C149AFBF4C8996FB92427AE41E4649B934CA495991B7852B855","log_trace.py","C:\SNS_24AutoProject_250723\decorators\log_trace.py","C:\SNS_24AutoProject_250723\decorators\log_trace.py","MOVE"
"E3B0C44298FC1C149AFBF4C8996FB92427AE41E4649B934CA495991B7852B855","log_trace.py","C:\SNS_24AutoProject_250723\decorators\log_trace.py","C:\SNS_24AutoProject_250723\decorators\log_trace.py","MOVE"
"E3B0C44298FC1C149AFBF4C8996FB92427AE41E4649B934CA495991B7852B855","log_trace.py","C:\SNS_24AutoProject_250723\decorators\log_trace.py","C:\SNS_24AutoProject_250723\decorators\log_trace.py","MOVE"
"E3B0C44298FC1C149AFBF4C8996FB92427AE41E4649B934CA495991B7852B855","log_trace.py","C:\SNS_24AutoProject_250723\decorators\log_trace.py","C:\SNS_24AutoProject_250723\decorators\log_trace.py","MOVE"
"E3B0C44298FC1C149AFBF4C8996FB92427AE41E4649B934CA495991B7852B855","log_trace.py","C:\SNS_24AutoProject_250723\decorators\log_trace.py","C:\SNS_24AutoProject_250723\decorators\log_trace.py","MOVE"
"E3B0C44298FC1C149AFBF4C8996FB92427AE41E4649B934CA495991B7852B855","log_trace.py","C:\SNS_24AutoProject_250723\decorators\log_trace.py","C:\SNS_24AutoProject_250723\decorators\log_trace.py","MOVE"
"E3B0C44298FC1C149AFBF4C8996FB92427AE41E4649B934CA495991B7852B855","log_trace.py","C:\SNS_24AutoProject_250723\decorators\log_trace.py","C:\SNS_24AutoProject_250723\decorators\log_trace.py","MOVE"
"E3B0C44298FC1C149AFBF4C8996FB92427AE41E4649B934CA495991B7852B855","log_trace.py","C:\SNS_24AutoProject_250723\decorators\log_trace.py","C:\SNS_24AutoProject_250723\decorators\log_trace.py","MOVE"
"E3B0C44298FC1C149AFBF4C8996FB92427AE41E4649B934CA495991B7852B855","log_trace.py","C:\SNS_24AutoProject_250723\decorators\log_trace.py","C:\SNS_24AutoProject_250723\decorators\log_trace.py","MOVE"
"E3B0C44298FC1C149AFBF4C8996FB92427AE41E4649B934CA495991B7852B855","log_trace.py","C:\SNS_24AutoProject_250723\decorators\log_trace.py","C:\SNS_24AutoProject_250723\decorators\log_trace.py","MOVE"
"E3B0C44298FC1C149AFBF4C8996FB92427AE41E4649B934CA495991B7852B855","log_trace.py","C:\SNS_24AutoProject_250723\decorators\log_trace.py","C:\SNS_24AutoProject_250723\decorators\log_trace.py","MOVE"
"E3B0C44298FC1C149AFBF4C8996FB92427AE41E4649B934CA495991B7852B855","log_trace.py","C:\SNS_24AutoProject_250723\decorators\log_trace.py","C:\SNS_24AutoProject_250723\decorators\log_trace.py","MOVE"
"E3B0C44298FC1C149AFBF4C8996FB92427AE41E4649B934CA495991B7852B855","log_trace.py","C:\SNS_24AutoProject_250723\decorators\log_trace.py","C:\SNS_24AutoProject_250723\decorators\log_trace.py","MOVE"
"E3B0C44298FC1C149AFBF4C8996FB92427AE41E4649B934CA495991B7852B855","log_trace.py","C:\SNS_24AutoProject_250723\decorators\log_trace.py","C:\SNS_24AutoProject_250723\decorators\log_trace.py","MOVE"
"E3B0C44298FC1C149AFBF4C8996FB92427AE41E4649B934CA495991B7852B855","log_trace.py","C:\SNS_24AutoProject_250723\decorators\log_trace.py","C:\SNS_24AutoProject_250723\decorators\log_trace.py","MOVE"
"E3B0C44298FC1C149AFBF4C8996FB92427AE41E4649B934CA495991B7852B855","log_trace.py","C:\SNS_24AutoProject_250723\decorators\log_trace.py","C:\SNS_24AutoProject_250723\decorators\log_trace.py","MOVE"
"E3B0C44298FC1C149AFBF4C8996FB92427AE41E4649B934CA495991B7852B855","log_trace.py","C:\SNS_24AutoProject_250723\decorators\log_trace.py","C:\SNS_24AutoProject_250723\decorators\log_trace.py","MOVE"
"E3B0C44298FC1C149AFBF4C8996FB92427AE41E4649B934CA495991B7852B855","log_trace.py","C:\SNS_24AutoProject_250723\decorators\log_trace.py","C:\SNS_24AutoProject_250723\decorators\log_trace.py","MOVE"
"E3B0C44298FC1C149AFBF4C8996FB92427AE41E4649B934CA495991B7852B855","log_trace.py","C:\SNS_24AutoProject_250723\decorators\log_trace.py","C:\SNS_24AutoProject_250723\decorators\log_trace.py","MOVE"
"E3B0C44298FC1C149AFBF4C8996FB92427AE41E4649B934CA495991B7852B855","log_trace.py","C:\SNS_24AutoProject_250723\decorators\log_trace.py","C:\SNS_24AutoProject_250723\decorators\log_trace.py","MOVE"
"E3B0C44298FC1C149AFBF4C8996FB92427AE41E4649B934CA495991B7852B855","log_trace.py","C:\SNS_24AutoProject_250723\decorators\log_trace.py","C:\SNS_24AutoProject_250723\decorators\log_trace.py","MOVE"
"E3B0C44298FC1C149AFBF4C8996FB92427AE41E4649B934CA495991B7852B855","log_trace.py","C:\SNS_24AutoProject_250723\decorators\log_trace.py","C:\SNS_24AutoProject_250723\decorators\log_trace.py","MOVE"
"E3B0C44298FC1C149AFBF4C8996FB92427AE41E4649B934CA495991B7852B855","log_trace.py","C:\SNS_24AutoProject_250723\decorators\log_trace.py","C:\SNS_24AutoProject_250723\decorators\log_trace.py","MOVE"
"E3B0C44298FC1C149AFBF4C8996FB92427AE41E4649B934CA495991B7852B855","log_trace.py","C:\SNS_24AutoProject_250723\decorators\log_trace.py","C:\SNS_24AutoProject_250723\decorators\log_trace.py","MOVE"
"E3B0C44298FC1C149AFBF4C8996FB92427AE41E4649B934CA495991B7852B855","log_trace.py","C:\SNS_24AutoProject_250723\decorators\log_trace.py","C:\SNS_24AutoProject_250723\decorators\log_trace.py","MOVE"
"E3B0C44298FC1C149AFBF4C8996FB92427AE41E4649B934CA495991B7852B855","log_trace.py","C:\SNS_24AutoProject_250723\decorators\log_trace.py","C:\SNS_24AutoProject_250723\decorators\log_trace.py","MOVE"
"E3B0C44298FC1C149AFBF4C8996FB92427AE41E4649B934CA495991B7852B855","log_trace.py","C:\SNS_24AutoProject_250723\decorators\log_trace.py","C:\SNS_24AutoProject_250723\decorators\log_trace.py","MOVE"
"E3B0C44298FC1C149AFBF4C8996FB92427AE41E4649B934CA495991B7852B855","log_trace.py","C:\SNS_24AutoProject_250723\decorators\log_trace.py","C:\SNS_24AutoProject_250723\decorators\log_trace.py","MOVE"
"E3B0C44298FC1C149AFBF4C8996FB92427AE41E4649B934CA495991B7852B855","log_trace.py","C:\SNS_24AutoProject_250723\decorators\log_trace.py","C:\SNS_24AutoProject_250723\decorators\log_trace.py","MOVE"
"E3B0C44298FC1C149AFBF4C8996FB92427AE41E4649B934CA495991B7852B855","log_trace.py","C:\SNS_24AutoProject_250723\decorators\log_trace.py","C:\SNS_24AutoProject_250723\decorators\log_trace.py","MOVE"
"E3B0C44298FC1C149AFBF4C8996FB92427AE41E4649B934CA495991B7852B855","log_trace.py","C:\SNS_24AutoProject_250723\decorators\log_trace.py","C:\SNS_24AutoProject_250723\decorators\log_trace.py","MOVE"
"E3B0C44298FC1C149AFBF4C8996FB92427AE41E4649B934CA495991B7852B855","log_trace.py","C:\SNS_24AutoProject_250723\decorators\log_trace.py","C:\SNS_24AutoProject_250723\decorators\log_trace.py","MOVE"
"E3B0C44298FC1C149AFBF4C8996FB92427AE41E4649B934CA495991B7852B855","log_trace.py","C:\SNS_24AutoProject_250723\decorators\log_trace.py","C:\SNS_24AutoProject_250723\decorators\log_trace.py","MOVE"
"E3B0C44298FC1C149AFBF4C8996FB92427AE41E4649B934CA495991B7852B855","log_trace.py","C:\SNS_24AutoProject_250723\decorators\log_trace.py","C:\SNS_24AutoProject_250723\decorators\log_trace.py","MOVE"
"E3B0C44298FC1C149AFBF4C8996FB92427AE41E4649B934CA495991B7852B855","log_trace.py","C:\SNS_24AutoProject_250723\decorators\log_trace.py","C:\SNS_24AutoProject_250723\decorators\log_trace.py","MOVE"
"E3B0C44298FC1C149AFBF4C8996FB92427AE41E4649B934CA495991B7852B855","log_trace.py","C:\SNS_24AutoProject_250723\decorators\log_trace.py","C:\SNS_24AutoProject_250723\decorators\log_trace.py","MOVE"
"E3B0C44298FC1C149AFBF4C8996FB92427AE41E4649B934CA495991B7852B855","log_trace.py","C:\SNS_24AutoProject_250723\decorators\log_trace.py","C:\SNS_24AutoProject_250723\decorators\log_trace.py","MOVE"
"E3B0C44298FC1C149AFBF4C8996FB92427AE41E4649B934CA495991B7852B855","log_trace.py","C:\SNS_24AutoProject_250723\decorators\log_trace.py","C:\SNS_24AutoProject_250723\decorators\log_trace.py","MOVE"
"E3B0C44298FC1C149AFBF4C8996FB92427AE41E4649B934CA495991B7852B855","log_trace.py","C:\SNS_24AutoProject_250723\decorators\log_trace.py","C:\SNS_24AutoProject_250723\decorators\log_trace.py","MOVE"
"E3B0C44298FC1C149AFBF4C8996FB92427AE41E4649B934CA495991B7852B855","log_trace.py","C:\SNS_24AutoProject_250723\decorators\log_trace.py","C:\SNS_24AutoProject_250723\decorators\log_trace.py","MOVE"
"E3B0C44298FC1C149AFBF4C8996FB92427AE41E4649B934CA495991B7852B855","log_trace.py","C:\SNS_24AutoProject_250723\decorators\log_trace.py","C:\SNS_24AutoProject_250723\decorators\log_trace.py","MOVE"
"E3B0C44298FC1C149AFBF4C8996FB92427AE41E4649B934CA495991B7852B855","log_trace.py","C:\SNS_24AutoProject_250723\decorators\log_trace.py","C:\SNS_24AutoProject_250723\decorators\log_trace.py","MOVE"
"E3B0C44298FC1C149AFBF4C8996FB92427AE41E4649B934CA495991B7852B855","log_trace.py","C:\SNS_24AutoProject_250723\decorators\log_trace.py","C:\SNS_24AutoProject_250723\decorators\log_trace.py","MOVE"
"E3B0C44298FC1C149AFBF4C8996FB92427AE41E4649B934CA495991B7852B855","log_trace.py","C:\SNS_24AutoProject_250723\decorators\log_trace.py","C:\SNS_24AutoProject_250723\decorators\log_trace.py","MOVE"
"E3B0C44298FC1C149AFBF4C8996FB92427AE41E4649B934CA495991B7852B855","log_trace.py","C:\SNS_24AutoProject_250723\decorators\log_trace.py","C:\SNS_24AutoProject_250723\decorators\log_trace.py","MOVE"
"E3B0C44298FC1C149AFBF4C8996FB92427AE41E4649B934CA495991B7852B855","log_trace.py","C:\SNS_24AutoProject_250723\decorators\log_trace.py","C:\SNS_24AutoProject_250723\decorators\log_trace.py","MOVE"
"E3B0C44298FC1C149AFBF4C8996FB92427AE41E4649B934CA495991B7852B855","log_trace.py","C:\SNS_24AutoProject_250723\decorators\log_trace.py","C:\SNS_24AutoProject_250723\decorators\log_trace.py","MOVE"
"E3B0C44298FC1C149AFBF4C8996FB92427AE41E4649B934CA495991B7852B855","log_trace.py","C:\SNS_24AutoProject_250723\decorators\log_trace.py","C:\SNS_24AutoProject_250723\decorators\log_trace.py","MOVE"
"E3B0C44298FC1C149AFBF4C8996FB92427AE41E4649B934CA495991B7852B855","log_trace.py","C:\SNS_24AutoProject_250723\decorators\log_trace.py","C:\SNS_24AutoProject_250723\decorators\log_trace.py","MOVE"
"C216359591E84043289CA206EB8C8C49736F46C8F89D0DF344234BE129C22CF0","insert_env_log_1.py","C:\SNS_24AutoProject_250723\modules\common\insert_env_log_1.py","C:\SNS_24AutoProject_250723\modules\common\insert_env_log_1.py","MOVE"
"C216359591E84043289CA206EB8C8C49736F46C8F89D0DF344234BE129C22CF0","insert_env_log_1.py","C:\SNS_24AutoProject_250723\modules\common\insert_env_log_1.py","C:\SNS_24AutoProject_250723\modules\common\insert_env_log_1.py","MOVE"
"C216359591E84043289CA206EB8C8C49736F46C8F89D0DF344234BE129C22CF0","insert_env_log_1.py","C:\SNS_24AutoProject_250723\modules\common\insert_env_log_1.py","C:\SNS_24AutoProject_250723\modules\common\insert_env_log_1.py","MOVE"
"C216359591E84043289CA206EB8C8C49736F46C8F89D0DF344234BE129C22CF0","insert_env_log_1.py","C:\SNS_24AutoProject_250723\modules\common\insert_env_log_1.py","C:\SNS_24AutoProject_250723\modules\common\insert_env_log_1.py","MOVE"
"C216359591E84043289CA206EB8C8C49736F46C8F89D0DF344234BE129C22CF0","insert_env_log_1.py","C:\SNS_24AutoProject_250723\modules\common\insert_env_log_1.py","C:\SNS_24AutoProject_250723\modules\common\insert_env_log_1.py","MOVE"
"C216359591E84043289CA206EB8C8C49736F46C8F89D0DF344234BE129C22CF0","insert_env_log_1.py","C:\SNS_24AutoProject_250723\modules\common\insert_env_log_1.py","C:\SNS_24AutoProject_250723\modules\common\insert_env_log_1.py","MOVE"
"C216359591E84043289CA206EB8C8C49736F46C8F89D0DF344234BE129C22CF0","insert_env_log_2.py","C:\SNS_24AutoProject_250723\modules\common\insert_env_log_2.py","C:\SNS_24AutoProject_250723\modules\common\insert_env_log_2.py","MOVE"
"C216359591E84043289CA206EB8C8C49736F46C8F89D0DF344234BE129C22CF0","insert_env_log_2.py","C:\SNS_24AutoProject_250723\modules\common\insert_env_log_2.py","C:\SNS_24AutoProject_250723\modules\common\insert_env_log_2.py","MOVE"
"C216359591E84043289CA206EB8C8C49736F46C8F89D0DF344234BE129C22CF0","insert_env_log_2.py","C:\SNS_24AutoProject_250723\modules\common\insert_env_log_2.py","C:\SNS_24AutoProject_250723\modules\common\insert_env_log_2.py","MOVE"
"C216359591E84043289CA206EB8C8C49736F46C8F89D0DF344234BE129C22CF0","insert_env_log_2.py","C:\SNS_24AutoProject_250723\modules\common\insert_env_log_2.py","C:\SNS_24AutoProject_250723\modules\common\insert_env_log_2.py","MOVE"
"C216359591E84043289CA206EB8C8C49736F46C8F89D0DF344234BE129C22CF0","insert_env_log_2.py","C:\SNS_24AutoProject_250723\modules\common\insert_env_log_2.py","C:\SNS_24AutoProject_250723\modules\common\insert_env_log_2.py","MOVE"
"C216359591E84043289CA206EB8C8C49736F46C8F89D0DF344234BE129C22CF0","insert_env_log_2.py","C:\SNS_24AutoProject_250723\modules\common\insert_env_log_2.py","C:\SNS_24AutoProject_250723\modules\common\insert_env_log_2.py","MOVE"
"C216359591E84043289CA206EB8C8C49736F46C8F89D0DF344234BE129C22CF0","insert_env_log_3.py","C:\SNS_24AutoProject_250723\modules\common\insert_env_log_3.py","C:\SNS_24AutoProject_250723\modules\common\insert_env_log_3.py","MOVE"
"C216359591E84043289CA206EB8C8C49736F46C8F89D0DF344234BE129C22CF0","insert_env_log_3.py","C:\SNS_24AutoProject_250723\modules\common\insert_env_log_3.py","C:\SNS_24AutoProject_250723\modules\common\insert_env_log_3.py","MOVE"
"C216359591E84043289CA206EB8C8C49736F46C8F89D0DF344234BE129C22CF0","insert_env_log_3.py","C:\SNS_24AutoProject_250723\modules\common\insert_env_log_3.py","C:\SNS_24AutoProject_250723\modules\common\insert_env_log_3.py","MOVE"
"C216359591E84043289CA206EB8C8C49736F46C8F89D0DF344234BE129C22CF0","insert_env_log_3.py","C:\SNS_24AutoProject_250723\modules\common\insert_env_log_3.py","C:\SNS_24AutoProject_250723\modules\common\insert_env_log_3.py","MOVE"
"C216359591E84043289CA206EB8C8C49736F46C8F89D0DF344234BE129C22CF0","insert_env_log_3.py","C:\SNS_24AutoProject_250723\modules\common\insert_env_log_3.py","C:\SNS_24AutoProject_250723\modules\common\insert_env_log_3.py","MOVE"
"C216359591E84043289CA206EB8C8C49736F46C8F89D0DF344234BE129C22CF0","insert_env_log_3.py","C:\SNS_24AutoProject_250723\modules\common\insert_env_log_3.py","C:\SNS_24AutoProject_250723\modules\common\insert_env_log_3.py","MOVE"
"C216359591E84043289CA206EB8C8C49736F46C8F89D0DF344234BE129C22CF0","insert_env_log_4.py","C:\SNS_24AutoProject_250723\modules\common\insert_env_log_4.py","C:\SNS_24AutoProject_250723\modules\common\insert_env_log_4.py","MOVE"
"C216359591E84043289CA206EB8C8C49736F46C8F89D0DF344234BE129C22CF0","insert_env_log_4.py","C:\SNS_24AutoProject_250723\modules\common\insert_env_log_4.py","C:\SNS_24AutoProject_250723\modules\common\insert_env_log_4.py","MOVE"
"C216359591E84043289CA206EB8C8C49736F46C8F89D0DF344234BE129C22CF0","insert_env_log_4.py","C:\SNS_24AutoProject_250723\modules\common\insert_env_log_4.py","C:\SNS_24AutoProject_250723\modules\common\insert_env_log_4.py","MOVE"
"C216359591E84043289CA206EB8C8C49736F46C8F89D0DF344234BE129C22CF0","insert_env_log_4.py","C:\SNS_24AutoProject_250723\modules\common\insert_env_log_4.py","C:\SNS_24AutoProject_250723\modules\common\insert_env_log_4.py","MOVE"
"C216359591E84043289CA206EB8C8C49736F46C8F89D0DF344234BE129C22CF0","insert_env_log_4.py","C:\SNS_24AutoProject_250723\modules\common\insert_env_log_4.py","C:\SNS_24AutoProject_250723\modules\common\insert_env_log_4.py","MOVE"
"C216359591E84043289CA206EB8C8C49736F46C8F89D0DF344234BE129C22CF0","insert_env_log_4.py","C:\SNS_24AutoProject_250723\modules\common\insert_env_log_4.py","C:\SNS_24AutoProject_250723\modules\common\insert_env_log_4.py","MOVE"
"C216359591E84043289CA206EB8C8C49736F46C8F89D0DF344234BE129C22CF0","insert_env_log_5.py","C:\SNS_24AutoProject_250723\modules\common\insert_env_log_5.py","C:\SNS_24AutoProject_250723\modules\common\insert_env_log_5.py","MOVE"
"C216359591E84043289CA206EB8C8C49736F46C8F89D0DF344234BE129C22CF0","insert_env_log_5.py","C:\SNS_24AutoProject_250723\modules\common\insert_env_log_5.py","C:\SNS_24AutoProject_250723\modules\common\insert_env_log_5.py","MOVE"
"C216359591E84043289CA206EB8C8C49736F46C8F89D0DF344234BE129C22CF0","insert_env_log_5.py","C:\SNS_24AutoProject_250723\modules\common\insert_env_log_5.py","C:\SNS_24AutoProject_250723\modules\common\insert_env_log_5.py","MOVE"
"C216359591E84043289CA206EB8C8C49736F46C8F89D0DF344234BE129C22CF0","insert_env_log_5.py","C:\SNS_24AutoProject_250723\modules\common\insert_env_log_5.py","C:\SNS_24AutoProject_250723\modules\common\insert_env_log_5.py","MOVE"
"C216359591E84043289CA206EB8C8C49736F46C8F89D0DF344234BE129C22CF0","insert_env_log_5.py","C:\SNS_24AutoProject_250723\modules\common\insert_env_log_5.py","C:\SNS_24AutoProject_250723\modules\common\insert_env_log_5.py","MOVE"
"C216359591E84043289CA206EB8C8C49736F46C8F89D0DF344234BE129C22CF0","insert_env_log_5.py","C:\SNS_24AutoProject_250723\modules\common\insert_env_log_5.py","C:\SNS_24AutoProject_250723\modules\common\insert_env_log_5.py","MOVE"
"C216359591E84043289CA206EB8C8C49736F46C8F89D0DF344234BE129C22CF0","insert_env_log_6.py","C:\SNS_24AutoProject_250723\modules\common\insert_env_log_6.py","C:\SNS_24AutoProject_250723\modules\common\insert_env_log_6.py","MOVE"
"C216359591E84043289CA206EB8C8C49736F46C8F89D0DF344234BE129C22CF0","insert_env_log_6.py","C:\SNS_24AutoProject_250723\modules\common\insert_env_log_6.py","C:\SNS_24AutoProject_250723\modules\common\insert_env_log_6.py","MOVE"
"C216359591E84043289CA206EB8C8C49736F46C8F89D0DF344234BE129C22CF0","insert_env_log_6.py","C:\SNS_24AutoProject_250723\modules\common\insert_env_log_6.py","C:\SNS_24AutoProject_250723\modules\common\insert_env_log_6.py","MOVE"
"C216359591E84043289CA206EB8C8C49736F46C8F89D0DF344234BE129C22CF0","insert_env_log_6.py","C:\SNS_24AutoProject_250723\modules\common\insert_env_log_6.py","C:\SNS_24AutoProject_250723\modules\common\insert_env_log_6.py","MOVE"
"C216359591E84043289CA206EB8C8C49736F46C8F89D0DF344234BE129C22CF0","insert_env_log_6.py","C:\SNS_24AutoProject_250723\modules\common\insert_env_log_6.py","C:\SNS_24AutoProject_250723\modules\common\insert_env_log_6.py","MOVE"
"C216359591E84043289CA206EB8C8C49736F46C8F89D0DF344234BE129C22CF0","insert_env_log_6.py","C:\SNS_24AutoProject_250723\modules\common\insert_env_log_6.py","C:\SNS_24AutoProject_250723\modules\common\insert_env_log_6.py","MOVE"
"4767C9776032886C8502085108DF00683A0A34F9B3B28AC81C08B1B1D8F46B8D","bot_archive.py","C:\SNS_24AutoProject_250723\modules\dm\bot_archive.py","C:\SNS_24AutoProject_250723\modules\dm\bot_archive.py","MOVE"
"4767C9776032886C8502085108DF00683A0A34F9B3B28AC81C08B1B1D8F46B8D","bot_archive.py","C:\SNS_24AutoProject_250723\modules\dm\bot_archive.py","C:\SNS_24AutoProject_250723\modules\dm\bot_archive.py","MOVE"
"BD1ACC39E7B40CF6CC2DAB7BDE7B612DFF6B08AADC4C2D5299C24C342A6E5A57","bot_block.py","C:\SNS_24AutoProject_250723\modules\dm\bot_block.py","C:\SNS_24AutoProject_250723\modules\dm\bot_block.py","MOVE"
"BD1ACC39E7B40CF6CC2DAB7BDE7B612DFF6B08AADC4C2D5299C24C342A6E5A57","bot_block.py","C:\SNS_24AutoProject_250723\modules\dm\bot_block.py","C:\SNS_24AutoProject_250723\modules\dm\bot_block.py","MOVE"
"B7C7B89926B9C44D038ABFEED2B3AF06DEAB3B11F2CCE68984823BF4A14D00E1","bot_delete.py","C:\SNS_24AutoProject_250723\modules\dm\bot_delete.py","C:\SNS_24AutoProject_250723\modules\dm\bot_delete.py","MOVE"
"B7C7B89926B9C44D038ABFEED2B3AF06DEAB3B11F2CCE68984823BF4A14D00E1","bot_delete.py","C:\SNS_24AutoProject_250723\modules\dm\bot_delete.py","C:\SNS_24AutoProject_250723\modules\dm\bot_delete.py","MOVE"
"9E873A909CD0355C964B266EDD90E1A3DDE2331656A3672719F6385EBF14A568","bot_direct.py","C:\SNS_24AutoProject_250723\modules\dm\bot_direct.py","C:\SNS_24AutoProject_250723\modules\dm\bot_direct.py","MOVE"
"9E873A909CD0355C964B266EDD90E1A3DDE2331656A3672719F6385EBF14A568","bot_direct.py","C:\SNS_24AutoProject_250723\modules\dm\bot_direct.py","C:\SNS_24AutoProject_250723\modules\dm\bot_direct.py","MOVE"
"2783DD18F57F127CFDCE096CC91AE07CA72405CD649BE324D51F2420A503C2CB","bot_follow.py","C:\SNS_24AutoProject_250723\modules\dm\bot_follow.py","C:\SNS_24AutoProject_250723\modules\dm\bot_follow.py","MOVE"
"2783DD18F57F127CFDCE096CC91AE07CA72405CD649BE324D51F2420A503C2CB","bot_follow.py","C:\SNS_24AutoProject_250723\modules\dm\bot_follow.py","C:\SNS_24AutoProject_250723\modules\dm\bot_follow.py","MOVE"
"6086D32F28D41EDE85953D9FE647B644F6C303AA049A335929A09BBB52D9BCC1","bot_like.py","C:\SNS_24AutoProject_250723\modules\dm\bot_like.py","C:\SNS_24AutoProject_250723\modules\dm\bot_like.py","MOVE"
"6086D32F28D41EDE85953D9FE647B644F6C303AA049A335929A09BBB52D9BCC1","bot_like.py","C:\SNS_24AutoProject_250723\modules\dm\bot_like.py","C:\SNS_24AutoProject_250723\modules\dm\bot_like.py","MOVE"
"6086D32F28D41EDE85953D9FE647B644F6C303AA049A335929A09BBB52D9BCC1","bot_like.py","C:\SNS_24AutoProject_250723\modules\dm\bot_like.py","C:\SNS_24AutoProject_250723\modules\dm\bot_like.py","MOVE"
"6086D32F28D41EDE85953D9FE647B644F6C303AA049A335929A09BBB52D9BCC1","bot_like_6dbb9223.py","C:\SNS_24AutoProject_250723\modules\dm\bot_like_6dbb9223.py","C:\SNS_24AutoProject_250723\modules\dm\bot_like_6dbb9223.py","MOVE"
"6086D32F28D41EDE85953D9FE647B644F6C303AA049A335929A09BBB52D9BCC1","bot_like_6dbb9223.py","C:\SNS_24AutoProject_250723\modules\dm\bot_like_6dbb9223.py","C:\SNS_24AutoProject_250723\modules\dm\bot_like_6dbb9223.py","MOVE"
"6086D32F28D41EDE85953D9FE647B644F6C303AA049A335929A09BBB52D9BCC1","bot_like_6dbb9223.py","C:\SNS_24AutoProject_250723\modules\dm\bot_like_6dbb9223.py","C:\SNS_24AutoProject_250723\modules\dm\bot_like_6dbb9223.py","MOVE"
"755907DE80FEA4E9F243450E5A61BC6CF3C6916F9D35EF2F9A6B644A4E341283","bot_photo.py","C:\SNS_24AutoProject_250723\modules\dm\bot_photo.py","C:\SNS_24AutoProject_250723\modules\dm\bot_photo.py","MOVE"
"755907DE80FEA4E9F243450E5A61BC6CF3C6916F9D35EF2F9A6B644A4E341283","bot_photo.py","C:\SNS_24AutoProject_250723\modules\dm\bot_photo.py","C:\SNS_24AutoProject_250723\modules\dm\bot_photo.py","MOVE"
"0CFF57553878C73DCF3005B5FE03ED6F4B1584B10384F7DD4CCA9AF33856DF0F","bot_stats.py","C:\SNS_24AutoProject_250723\modules\dm\bot_stats.py","C:\SNS_24AutoProject_250723\modules\dm\bot_stats.py","MOVE"
"0CFF57553878C73DCF3005B5FE03ED6F4B1584B10384F7DD4CCA9AF33856DF0F","bot_stats.py","C:\SNS_24AutoProject_250723\modules\dm\bot_stats.py","C:\SNS_24AutoProject_250723\modules\dm\bot_stats.py","MOVE"
"A60F80B3C02995A1FFBC17FAEE48C2C9A243CF63D2853C96EE9BBD44F3F25E6A","bot_unfollow.py","C:\SNS_24AutoProject_250723\modules\dm\bot_unfollow.py","C:\SNS_24AutoProject_250723\modules\dm\bot_unfollow.py","MOVE"
"A60F80B3C02995A1FFBC17FAEE48C2C9A243CF63D2853C96EE9BBD44F3F25E6A","bot_unfollow.py","C:\SNS_24AutoProject_250723\modules\dm\bot_unfollow.py","C:\SNS_24AutoProject_250723\modules\dm\bot_unfollow.py","MOVE"
"3A338F157BB52AD5713868BE915E89EC572E3B889FE6CB7A1847E111E278B265","bot_unlike.py","C:\SNS_24AutoProject_250723\modules\dm\bot_unlike.py","C:\SNS_24AutoProject_250723\modules\dm\bot_unlike.py","MOVE"
"3A338F157BB52AD5713868BE915E89EC572E3B889FE6CB7A1847E111E278B265","bot_unlike.py","C:\SNS_24AutoProject_250723\modules\dm\bot_unlike.py","C:\SNS_24AutoProject_250723\modules\dm\bot_unlike.py","MOVE"
"5430F9433EA390E54C232E0CEC03EE26C0DB90D6AB5242E30E40AEA1C91D0A35","bot_video.py","C:\SNS_24AutoProject_250723\modules\dm\bot_video.py","C:\SNS_24AutoProject_250723\modules\dm\bot_video.py","MOVE"
"5430F9433EA390E54C232E0CEC03EE26C0DB90D6AB5242E30E40AEA1C91D0A35","bot_video.py","C:\SNS_24AutoProject_250723\modules\dm\bot_video.py","C:\SNS_24AutoProject_250723\modules\dm\bot_video.py","MOVE"
"2370112B293FCAE92814BA57E0E74640AAD3B2A42942127710FB3D33D2AA906A","export_all_logtables_to_excel_1.py","C:\SNS_24AutoProject_250723\scripts\export_all_logtables_to_excel_1.py","C:\SNS_24AutoProject_250723\scripts\export_all_logtables_to_excel_1.py","MOVE"
"2370112B293FCAE92814BA57E0E74640AAD3B2A42942127710FB3D33D2AA906A","export_all_logtables_to_excel_1.py","C:\SNS_24AutoProject_250723\scripts\export_all_logtables_to_excel_1.py","C:\SNS_24AutoProject_250723\scripts\export_all_logtables_to_excel_1.py","MOVE"
"2370112B293FCAE92814BA57E0E74640AAD3B2A42942127710FB3D33D2AA906A","export_all_logtables_to_excel_1.py","C:\SNS_24AutoProject_250723\scripts\export_all_logtables_to_excel_1.py","C:\SNS_24AutoProject_250723\scripts\export_all_logtables_to_excel_1.py","MOVE"
"2370112B293FCAE92814BA57E0E74640AAD3B2A42942127710FB3D33D2AA906A","export_all_logtables_to_excel_1.py","C:\SNS_24AutoProject_250723\scripts\export_all_logtables_to_excel_1.py","C:\SNS_24AutoProject_250723\scripts\export_all_logtables_to_excel_1.py","MOVE"
"2370112B293FCAE92814BA57E0E74640AAD3B2A42942127710FB3D33D2AA906A","export_all_logtables_to_excel_1.py","C:\SNS_24AutoProject_250723\scripts\export_all_logtables_to_excel_1.py","C:\SNS_24AutoProject_250723\scripts\export_all_logtables_to_excel_1.py","MOVE"
"2370112B293FCAE92814BA57E0E74640AAD3B2A42942127710FB3D33D2AA906A","export_all_logtables_to_excel_1.py","C:\SNS_24AutoProject_250723\scripts\export_all_logtables_to_excel_1.py","C:\SNS_24AutoProject_250723\scripts\export_all_logtables_to_excel_1.py","MOVE"
"2370112B293FCAE92814BA57E0E74640AAD3B2A42942127710FB3D33D2AA906A","export_all_logtables_to_excel_2.py","C:\SNS_24AutoProject_250723\scripts\export_all_logtables_to_excel_2.py","C:\SNS_24AutoProject_250723\scripts\export_all_logtables_to_excel_2.py","MOVE"
"2370112B293FCAE92814BA57E0E74640AAD3B2A42942127710FB3D33D2AA906A","export_all_logtables_to_excel_2.py","C:\SNS_24AutoProject_250723\scripts\export_all_logtables_to_excel_2.py","C:\SNS_24AutoProject_250723\scripts\export_all_logtables_to_excel_2.py","MOVE"
"2370112B293FCAE92814BA57E0E74640AAD3B2A42942127710FB3D33D2AA906A","export_all_logtables_to_excel_2.py","C:\SNS_24AutoProject_250723\scripts\export_all_logtables_to_excel_2.py","C:\SNS_24AutoProject_250723\scripts\export_all_logtables_to_excel_2.py","MOVE"
"2370112B293FCAE92814BA57E0E74640AAD3B2A42942127710FB3D33D2AA906A","export_all_logtables_to_excel_2.py","C:\SNS_24AutoProject_250723\scripts\export_all_logtables_to_excel_2.py","C:\SNS_24AutoProject_250723\scripts\export_all_logtables_to_excel_2.py","MOVE"
"2370112B293FCAE92814BA57E0E74640AAD3B2A42942127710FB3D33D2AA906A","export_all_logtables_to_excel_2.py","C:\SNS_24AutoProject_250723\scripts\export_all_logtables_to_excel_2.py","C:\SNS_24AutoProject_250723\scripts\export_all_logtables_to_excel_2.py","MOVE"
"2370112B293FCAE92814BA57E0E74640AAD3B2A42942127710FB3D33D2AA906A","export_all_logtables_to_excel_2.py","C:\SNS_24AutoProject_250723\scripts\export_all_logtables_to_excel_2.py","C:\SNS_24AutoProject_250723\scripts\export_all_logtables_to_excel_2.py","MOVE"
"2370112B293FCAE92814BA57E0E74640AAD3B2A42942127710FB3D33D2AA906A","export_all_logtables_to_excel_3.py","C:\SNS_24AutoProject_250723\scripts\export_all_logtables_to_excel_3.py","C:\SNS_24AutoProject_250723\scripts\export_all_logtables_to_excel_3.py","MOVE"
"2370112B293FCAE92814BA57E0E74640AAD3B2A42942127710FB3D33D2AA906A","export_all_logtables_to_excel_3.py","C:\SNS_24AutoProject_250723\scripts\export_all_logtables_to_excel_3.py","C:\SNS_24AutoProject_250723\scripts\export_all_logtables_to_excel_3.py","MOVE"
"2370112B293FCAE92814BA57E0E74640AAD3B2A42942127710FB3D33D2AA906A","export_all_logtables_to_excel_3.py","C:\SNS_24AutoProject_250723\scripts\export_all_logtables_to_excel_3.py","C:\SNS_24AutoProject_250723\scripts\export_all_logtables_to_excel_3.py","MOVE"
"2370112B293FCAE92814BA57E0E74640AAD3B2A42942127710FB3D33D2AA906A","export_all_logtables_to_excel_3.py","C:\SNS_24AutoProject_250723\scripts\export_all_logtables_to_excel_3.py","C:\SNS_24AutoProject_250723\scripts\export_all_logtables_to_excel_3.py","MOVE"
"2370112B293FCAE92814BA57E0E74640AAD3B2A42942127710FB3D33D2AA906A","export_all_logtables_to_excel_3.py","C:\SNS_24AutoProject_250723\scripts\export_all_logtables_to_excel_3.py","C:\SNS_24AutoProject_250723\scripts\export_all_logtables_to_excel_3.py","MOVE"
"2370112B293FCAE92814BA57E0E74640AAD3B2A42942127710FB3D33D2AA906A","export_all_logtables_to_excel_3.py","C:\SNS_24AutoProject_250723\scripts\export_all_logtables_to_excel_3.py","C:\SNS_24AutoProject_250723\scripts\export_all_logtables_to_excel_3.py","MOVE"
"2370112B293FCAE92814BA57E0E74640AAD3B2A42942127710FB3D33D2AA906A","export_all_logtables_to_excel_4.py","C:\SNS_24AutoProject_250723\scripts\export_all_logtables_to_excel_4.py","C:\SNS_24AutoProject_250723\scripts\export_all_logtables_to_excel_4.py","MOVE"
"2370112B293FCAE92814BA57E0E74640AAD3B2A42942127710FB3D33D2AA906A","export_all_logtables_to_excel_4.py","C:\SNS_24AutoProject_250723\scripts\export_all_logtables_to_excel_4.py","C:\SNS_24AutoProject_250723\scripts\export_all_logtables_to_excel_4.py","MOVE"
"2370112B293FCAE92814BA57E0E74640AAD3B2A42942127710FB3D33D2AA906A","export_all_logtables_to_excel_4.py","C:\SNS_24AutoProject_250723\scripts\export_all_logtables_to_excel_4.py","C:\SNS_24AutoProject_250723\scripts\export_all_logtables_to_excel_4.py","MOVE"
"2370112B293FCAE92814BA57E0E74640AAD3B2A42942127710FB3D33D2AA906A","export_all_logtables_to_excel_4.py","C:\SNS_24AutoProject_250723\scripts\export_all_logtables_to_excel_4.py","C:\SNS_24AutoProject_250723\scripts\export_all_logtables_to_excel_4.py","MOVE"
"2370112B293FCAE92814BA57E0E74640AAD3B2A42942127710FB3D33D2AA906A","export_all_logtables_to_excel_4.py","C:\SNS_24AutoProject_250723\scripts\export_all_logtables_to_excel_4.py","C:\SNS_24AutoProject_250723\scripts\export_all_logtables_to_excel_4.py","MOVE"
"2370112B293FCAE92814BA57E0E74640AAD3B2A42942127710FB3D33D2AA906A","export_all_logtables_to_excel_4.py","C:\SNS_24AutoProject_250723\scripts\export_all_logtables_to_excel_4.py","C:\SNS_24AutoProject_250723\scripts\export_all_logtables_to_excel_4.py","MOVE"
"2370112B293FCAE92814BA57E0E74640AAD3B2A42942127710FB3D33D2AA906A","export_all_logtables_to_excel_5.py","C:\SNS_24AutoProject_250723\scripts\export_all_logtables_to_excel_5.py","C:\SNS_24AutoProject_250723\scripts\export_all_logtables_to_excel_5.py","MOVE"
"2370112B293FCAE92814BA57E0E74640AAD3B2A42942127710FB3D33D2AA906A","export_all_logtables_to_excel_5.py","C:\SNS_24AutoProject_250723\scripts\export_all_logtables_to_excel_5.py","C:\SNS_24AutoProject_250723\scripts\export_all_logtables_to_excel_5.py","MOVE"
"2370112B293FCAE92814BA57E0E74640AAD3B2A42942127710FB3D33D2AA906A","export_all_logtables_to_excel_5.py","C:\SNS_24AutoProject_250723\scripts\export_all_logtables_to_excel_5.py","C:\SNS_24AutoProject_250723\scripts\export_all_logtables_to_excel_5.py","MOVE"
"2370112B293FCAE92814BA57E0E74640AAD3B2A42942127710FB3D33D2AA906A","export_all_logtables_to_excel_5.py","C:\SNS_24AutoProject_250723\scripts\export_all_logtables_to_excel_5.py","C:\SNS_24AutoProject_250723\scripts\export_all_logtables_to_excel_5.py","MOVE"
"2370112B293FCAE92814BA57E0E74640AAD3B2A42942127710FB3D33D2AA906A","export_all_logtables_to_excel_5.py","C:\SNS_24AutoProject_250723\scripts\export_all_logtables_to_excel_5.py","C:\SNS_24AutoProject_250723\scripts\export_all_logtables_to_excel_5.py","MOVE"
"2370112B293FCAE92814BA57E0E74640AAD3B2A42942127710FB3D33D2AA906A","export_all_logtables_to_excel_5.py","C:\SNS_24AutoProject_250723\scripts\export_all_logtables_to_excel_5.py","C:\SNS_24AutoProject_250723\scripts\export_all_logtables_to_excel_5.py","MOVE"
"2370112B293FCAE92814BA57E0E74640AAD3B2A42942127710FB3D33D2AA906A","export_all_logtables_to_excel_6.py","C:\SNS_24AutoProject_250723\scripts\export_all_logtables_to_excel_6.py","C:\SNS_24AutoProject_250723\scripts\export_all_logtables_to_excel_6.py","MOVE"
"2370112B293FCAE92814BA57E0E74640AAD3B2A42942127710FB3D33D2AA906A","export_all_logtables_to_excel_6.py","C:\SNS_24AutoProject_250723\scripts\export_all_logtables_to_excel_6.py","C:\SNS_24AutoProject_250723\scripts\export_all_logtables_to_excel_6.py","MOVE"
"2370112B293FCAE92814BA57E0E74640AAD3B2A42942127710FB3D33D2AA906A","export_all_logtables_to_excel_6.py","C:\SNS_24AutoProject_250723\scripts\export_all_logtables_to_excel_6.py","C:\SNS_24AutoProject_250723\scripts\export_all_logtables_to_excel_6.py","MOVE"
"2370112B293FCAE92814BA57E0E74640AAD3B2A42942127710FB3D33D2AA906A","export_all_logtables_to_excel_6.py","C:\SNS_24AutoProject_250723\scripts\export_all_logtables_to_excel_6.py","C:\SNS_24AutoProject_250723\scripts\export_all_logtables_to_excel_6.py","MOVE"
"2370112B293FCAE92814BA57E0E74640AAD3B2A42942127710FB3D33D2AA906A","export_all_logtables_to_excel_6.py","C:\SNS_24AutoProject_250723\scripts\export_all_logtables_to_excel_6.py","C:\SNS_24AutoProject_250723\scripts\export_all_logtables_to_excel_6.py","MOVE"
"2370112B293FCAE92814BA57E0E74640AAD3B2A42942127710FB3D33D2AA906A","export_all_logtables_to_excel_6.py","C:\SNS_24AutoProject_250723\scripts\export_all_logtables_to_excel_6.py","C:\SNS_24AutoProject_250723\scripts\export_all_logtables_to_excel_6.py","MOVE"
"C8FF14C48C130FD9F9F22A14ECF987211D2027EEF67F4A669BAED8DDEC3BE926","export_all_tables_with_datetime_1.py","C:\SNS_24AutoProject_250723\scripts\export_all_tables_with_datetime_1.py","C:\SNS_24AutoProject_250723\scripts\export_all_tables_with_datetime_1.py","MOVE"
"C8FF14C48C130FD9F9F22A14ECF987211D2027EEF67F4A669BAED8DDEC3BE926","export_all_tables_with_datetime_1.py","C:\SNS_24AutoProject_250723\scripts\export_all_tables_with_datetime_1.py","C:\SNS_24AutoProject_250723\scripts\export_all_tables_with_datetime_1.py","MOVE"
"C8FF14C48C130FD9F9F22A14ECF987211D2027EEF67F4A669BAED8DDEC3BE926","export_all_tables_with_datetime_1.py","C:\SNS_24AutoProject_250723\scripts\export_all_tables_with_datetime_1.py","C:\SNS_24AutoProject_250723\scripts\export_all_tables_with_datetime_1.py","MOVE"
"C8FF14C48C130FD9F9F22A14ECF987211D2027EEF67F4A669BAED8DDEC3BE926","export_all_tables_with_datetime_1.py","C:\SNS_24AutoProject_250723\scripts\export_all_tables_with_datetime_1.py","C:\SNS_24AutoProject_250723\scripts\export_all_tables_with_datetime_1.py","MOVE"
"C8FF14C48C130FD9F9F22A14ECF987211D2027EEF67F4A669BAED8DDEC3BE926","export_all_tables_with_datetime_1.py","C:\SNS_24AutoProject_250723\scripts\export_all_tables_with_datetime_1.py","C:\SNS_24AutoProject_250723\scripts\export_all_tables_with_datetime_1.py","MOVE"
"C8FF14C48C130FD9F9F22A14ECF987211D2027EEF67F4A669BAED8DDEC3BE926","export_all_tables_with_datetime_1.py","C:\SNS_24AutoProject_250723\scripts\export_all_tables_with_datetime_1.py","C:\SNS_24AutoProject_250723\scripts\export_all_tables_with_datetime_1.py","MOVE"
"C8FF14C48C130FD9F9F22A14ECF987211D2027EEF67F4A669BAED8DDEC3BE926","export_all_tables_with_datetime_2.py","C:\SNS_24AutoProject_250723\scripts\export_all_tables_with_datetime_2.py","C:\SNS_24AutoProject_250723\scripts\export_all_tables_with_datetime_2.py","MOVE"
"C8FF14C48C130FD9F9F22A14ECF987211D2027EEF67F4A669BAED8DDEC3BE926","export_all_tables_with_datetime_2.py","C:\SNS_24AutoProject_250723\scripts\export_all_tables_with_datetime_2.py","C:\SNS_24AutoProject_250723\scripts\export_all_tables_with_datetime_2.py","MOVE"
"C8FF14C48C130FD9F9F22A14ECF987211D2027EEF67F4A669BAED8DDEC3BE926","export_all_tables_with_datetime_2.py","C:\SNS_24AutoProject_250723\scripts\export_all_tables_with_datetime_2.py","C:\SNS_24AutoProject_250723\scripts\export_all_tables_with_datetime_2.py","MOVE"
"C8FF14C48C130FD9F9F22A14ECF987211D2027EEF67F4A669BAED8DDEC3BE926","export_all_tables_with_datetime_2.py","C:\SNS_24AutoProject_250723\scripts\export_all_tables_with_datetime_2.py","C:\SNS_24AutoProject_250723\scripts\export_all_tables_with_datetime_2.py","MOVE"
"C8FF14C48C130FD9F9F22A14ECF987211D2027EEF67F4A669BAED8DDEC3BE926","export_all_tables_with_datetime_2.py","C:\SNS_24AutoProject_250723\scripts\export_all_tables_with_datetime_2.py","C:\SNS_24AutoProject_250723\scripts\export_all_tables_with_datetime_2.py","MOVE"
"C8FF14C48C130FD9F9F22A14ECF987211D2027EEF67F4A669BAED8DDEC3BE926","export_all_tables_with_datetime_2.py","C:\SNS_24AutoProject_250723\scripts\export_all_tables_with_datetime_2.py","C:\SNS_24AutoProject_250723\scripts\export_all_tables_with_datetime_2.py","MOVE"
"C8FF14C48C130FD9F9F22A14ECF987211D2027EEF67F4A669BAED8DDEC3BE926","export_all_tables_with_datetime_3.py","C:\SNS_24AutoProject_250723\scripts\export_all_tables_with_datetime_3.py","C:\SNS_24AutoProject_250723\scripts\export_all_tables_with_datetime_3.py","MOVE"
"C8FF14C48C130FD9F9F22A14ECF987211D2027EEF67F4A669BAED8DDEC3BE926","export_all_tables_with_datetime_3.py","C:\SNS_24AutoProject_250723\scripts\export_all_tables_with_datetime_3.py","C:\SNS_24AutoProject_250723\scripts\export_all_tables_with_datetime_3.py","MOVE"
"C8FF14C48C130FD9F9F22A14ECF987211D2027EEF67F4A669BAED8DDEC3BE926","export_all_tables_with_datetime_3.py","C:\SNS_24AutoProject_250723\scripts\export_all_tables_with_datetime_3.py","C:\SNS_24AutoProject_250723\scripts\export_all_tables_with_datetime_3.py","MOVE"
"C8FF14C48C130FD9F9F22A14ECF987211D2027EEF67F4A669BAED8DDEC3BE926","export_all_tables_with_datetime_3.py","C:\SNS_24AutoProject_250723\scripts\export_all_tables_with_datetime_3.py","C:\SNS_24AutoProject_250723\scripts\export_all_tables_with_datetime_3.py","MOVE"
"C8FF14C48C130FD9F9F22A14ECF987211D2027EEF67F4A669BAED8DDEC3BE926","export_all_tables_with_datetime_3.py","C:\SNS_24AutoProject_250723\scripts\export_all_tables_with_datetime_3.py","C:\SNS_24AutoProject_250723\scripts\export_all_tables_with_datetime_3.py","MOVE"
"C8FF14C48C130FD9F9F22A14ECF987211D2027EEF67F4A669BAED8DDEC3BE926","export_all_tables_with_datetime_3.py","C:\SNS_24AutoProject_250723\scripts\export_all_tables_with_datetime_3.py","C:\SNS_24AutoProject_250723\scripts\export_all_tables_with_datetime_3.py","MOVE"
"C8FF14C48C130FD9F9F22A14ECF987211D2027EEF67F4A669BAED8DDEC3BE926","export_all_tables_with_datetime_4.py","C:\SNS_24AutoProject_250723\scripts\export_all_tables_with_datetime_4.py","C:\SNS_24AutoProject_250723\scripts\export_all_tables_with_datetime_4.py","MOVE"
"C8FF14C48C130FD9F9F22A14ECF987211D2027EEF67F4A669BAED8DDEC3BE926","export_all_tables_with_datetime_4.py","C:\SNS_24AutoProject_250723\scripts\export_all_tables_with_datetime_4.py","C:\SNS_24AutoProject_250723\scripts\export_all_tables_with_datetime_4.py","MOVE"
"C8FF14C48C130FD9F9F22A14ECF987211D2027EEF67F4A669BAED8DDEC3BE926","export_all_tables_with_datetime_4.py","C:\SNS_24AutoProject_250723\scripts\export_all_tables_with_datetime_4.py","C:\SNS_24AutoProject_250723\scripts\export_all_tables_with_datetime_4.py","MOVE"
"C8FF14C48C130FD9F9F22A14ECF987211D2027EEF67F4A669BAED8DDEC3BE926","export_all_tables_with_datetime_4.py","C:\SNS_24AutoProject_250723\scripts\export_all_tables_with_datetime_4.py","C:\SNS_24AutoProject_250723\scripts\export_all_tables_with_datetime_4.py","MOVE"
"C8FF14C48C130FD9F9F22A14ECF987211D2027EEF67F4A669BAED8DDEC3BE926","export_all_tables_with_datetime_4.py","C:\SNS_24AutoProject_250723\scripts\export_all_tables_with_datetime_4.py","C:\SNS_24AutoProject_250723\scripts\export_all_tables_with_datetime_4.py","MOVE"
"C8FF14C48C130FD9F9F22A14ECF987211D2027EEF67F4A669BAED8DDEC3BE926","export_all_tables_with_datetime_4.py","C:\SNS_24AutoProject_250723\scripts\export_all_tables_with_datetime_4.py","C:\SNS_24AutoProject_250723\scripts\export_all_tables_with_datetime_4.py","MOVE"
"C8FF14C48C130FD9F9F22A14ECF987211D2027EEF67F4A669BAED8DDEC3BE926","export_all_tables_with_datetime_5.py","C:\SNS_24AutoProject_250723\scripts\export_all_tables_with_datetime_5.py","C:\SNS_24AutoProject_250723\scripts\export_all_tables_with_datetime_5.py","MOVE"
"C8FF14C48C130FD9F9F22A14ECF987211D2027EEF67F4A669BAED8DDEC3BE926","export_all_tables_with_datetime_5.py","C:\SNS_24AutoProject_250723\scripts\export_all_tables_with_datetime_5.py","C:\SNS_24AutoProject_250723\scripts\export_all_tables_with_datetime_5.py","MOVE"
"C8FF14C48C130FD9F9F22A14ECF987211D2027EEF67F4A669BAED8DDEC3BE926","export_all_tables_with_datetime_5.py","C:\SNS_24AutoProject_250723\scripts\export_all_tables_with_datetime_5.py","C:\SNS_24AutoProject_250723\scripts\export_all_tables_with_datetime_5.py","MOVE"
"C8FF14C48C130FD9F9F22A14ECF987211D2027EEF67F4A669BAED8DDEC3BE926","export_all_tables_with_datetime_5.py","C:\SNS_24AutoProject_250723\scripts\export_all_tables_with_datetime_5.py","C:\SNS_24AutoProject_250723\scripts\export_all_tables_with_datetime_5.py","MOVE"
"C8FF14C48C130FD9F9F22A14ECF987211D2027EEF67F4A669BAED8DDEC3BE926","export_all_tables_with_datetime_5.py","C:\SNS_24AutoProject_250723\scripts\export_all_tables_with_datetime_5.py","C:\SNS_24AutoProject_250723\scripts\export_all_tables_with_datetime_5.py","MOVE"
"C8FF14C48C130FD9F9F22A14ECF987211D2027EEF67F4A669BAED8DDEC3BE926","export_all_tables_with_datetime_5.py","C:\SNS_24AutoProject_250723\scripts\export_all_tables_with_datetime_5.py","C:\SNS_24AutoProject_250723\scripts\export_all_tables_with_datetime_5.py","MOVE"
"C8FF14C48C130FD9F9F22A14ECF987211D2027EEF67F4A669BAED8DDEC3BE926","export_all_tables_with_datetime_6.py","C:\SNS_24AutoProject_250723\scripts\export_all_tables_with_datetime_6.py","C:\SNS_24AutoProject_250723\scripts\export_all_tables_with_datetime_6.py","MOVE"
"C8FF14C48C130FD9F9F22A14ECF987211D2027EEF67F4A669BAED8DDEC3BE926","export_all_tables_with_datetime_6.py","C:\SNS_24AutoProject_250723\scripts\export_all_tables_with_datetime_6.py","C:\SNS_24AutoProject_250723\scripts\export_all_tables_with_datetime_6.py","MOVE"
"C8FF14C48C130FD9F9F22A14ECF987211D2027EEF67F4A669BAED8DDEC3BE926","export_all_tables_with_datetime_6.py","C:\SNS_24AutoProject_250723\scripts\export_all_tables_with_datetime_6.py","C:\SNS_24AutoProject_250723\scripts\export_all_tables_with_datetime_6.py","MOVE"
"C8FF14C48C130FD9F9F22A14ECF987211D2027EEF67F4A669BAED8DDEC3BE926","export_all_tables_with_datetime_6.py","C:\SNS_24AutoProject_250723\scripts\export_all_tables_with_datetime_6.py","C:\SNS_24AutoProject_250723\scripts\export_all_tables_with_datetime_6.py","MOVE"
"C8FF14C48C130FD9F9F22A14ECF987211D2027EEF67F4A669BAED8DDEC3BE926","export_all_tables_with_datetime_6.py","C:\SNS_24AutoProject_250723\scripts\export_all_tables_with_datetime_6.py","C:\SNS_24AutoProject_250723\scripts\export_all_tables_with_datetime_6.py","MOVE"
"C8FF14C48C130FD9F9F22A14ECF987211D2027EEF67F4A669BAED8DDEC3BE926","export_all_tables_with_datetime_6.py","C:\SNS_24AutoProject_250723\scripts\export_all_tables_with_datetime_6.py","C:\SNS_24AutoProject_250723\scripts\export_all_tables_with_datetime_6.py","MOVE"
"1CFCE21B0A1DC2627F50F09BCEAA3A82F974269E59E9A29B387CCE693D729867","export_all_table_row_counts_1.py","C:\SNS_24AutoProject_250723\scripts\export_all_table_row_counts_1.py","C:\SNS_24AutoProject_250723\scripts\export_all_table_row_counts_1.py","MOVE"
"1CFCE21B0A1DC2627F50F09BCEAA3A82F974269E59E9A29B387CCE693D729867","export_all_table_row_counts_1.py","C:\SNS_24AutoProject_250723\scripts\export_all_table_row_counts_1.py","C:\SNS_24AutoProject_250723\scripts\export_all_table_row_counts_1.py","MOVE"
"1CFCE21B0A1DC2627F50F09BCEAA3A82F974269E59E9A29B387CCE693D729867","export_all_table_row_counts_1.py","C:\SNS_24AutoProject_250723\scripts\export_all_table_row_counts_1.py","C:\SNS_24AutoProject_250723\scripts\export_all_table_row_counts_1.py","MOVE"
"1CFCE21B0A1DC2627F50F09BCEAA3A82F974269E59E9A29B387CCE693D729867","export_all_table_row_counts_1.py","C:\SNS_24AutoProject_250723\scripts\export_all_table_row_counts_1.py","C:\SNS_24AutoProject_250723\scripts\export_all_table_row_counts_1.py","MOVE"
"1CFCE21B0A1DC2627F50F09BCEAA3A82F974269E59E9A29B387CCE693D729867","export_all_table_row_counts_1.py","C:\SNS_24AutoProject_250723\scripts\export_all_table_row_counts_1.py","C:\SNS_24AutoProject_250723\scripts\export_all_table_row_counts_1.py","MOVE"
"1CFCE21B0A1DC2627F50F09BCEAA3A82F974269E59E9A29B387CCE693D729867","export_all_table_row_counts_1.py","C:\SNS_24AutoProject_250723\scripts\export_all_table_row_counts_1.py","C:\SNS_24AutoProject_250723\scripts\export_all_table_row_counts_1.py","MOVE"
"1CFCE21B0A1DC2627F50F09BCEAA3A82F974269E59E9A29B387CCE693D729867","export_all_table_row_counts_2.py","C:\SNS_24AutoProject_250723\scripts\export_all_table_row_counts_2.py","C:\SNS_24AutoProject_250723\scripts\export_all_table_row_counts_2.py","MOVE"
"1CFCE21B0A1DC2627F50F09BCEAA3A82F974269E59E9A29B387CCE693D729867","export_all_table_row_counts_2.py","C:\SNS_24AutoProject_250723\scripts\export_all_table_row_counts_2.py","C:\SNS_24AutoProject_250723\scripts\export_all_table_row_counts_2.py","MOVE"
"1CFCE21B0A1DC2627F50F09BCEAA3A82F974269E59E9A29B387CCE693D729867","export_all_table_row_counts_2.py","C:\SNS_24AutoProject_250723\scripts\export_all_table_row_counts_2.py","C:\SNS_24AutoProject_250723\scripts\export_all_table_row_counts_2.py","MOVE"
"1CFCE21B0A1DC2627F50F09BCEAA3A82F974269E59E9A29B387CCE693D729867","export_all_table_row_counts_2.py","C:\SNS_24AutoProject_250723\scripts\export_all_table_row_counts_2.py","C:\SNS_24AutoProject_250723\scripts\export_all_table_row_counts_2.py","MOVE"
"1CFCE21B0A1DC2627F50F09BCEAA3A82F974269E59E9A29B387CCE693D729867","export_all_table_row_counts_2.py","C:\SNS_24AutoProject_250723\scripts\export_all_table_row_counts_2.py","C:\SNS_24AutoProject_250723\scripts\export_all_table_row_counts_2.py","MOVE"
"1CFCE21B0A1DC2627F50F09BCEAA3A82F974269E59E9A29B387CCE693D729867","export_all_table_row_counts_2.py","C:\SNS_24AutoProject_250723\scripts\export_all_table_row_counts_2.py","C:\SNS_24AutoProject_250723\scripts\export_all_table_row_counts_2.py","MOVE"
"1CFCE21B0A1DC2627F50F09BCEAA3A82F974269E59E9A29B387CCE693D729867","export_all_table_row_counts_3.py","C:\SNS_24AutoProject_250723\scripts\export_all_table_row_counts_3.py","C:\SNS_24AutoProject_250723\scripts\export_all_table_row_counts_3.py","MOVE"
"1CFCE21B0A1DC2627F50F09BCEAA3A82F974269E59E9A29B387CCE693D729867","export_all_table_row_counts_3.py","C:\SNS_24AutoProject_250723\scripts\export_all_table_row_counts_3.py","C:\SNS_24AutoProject_250723\scripts\export_all_table_row_counts_3.py","MOVE"
"1CFCE21B0A1DC2627F50F09BCEAA3A82F974269E59E9A29B387CCE693D729867","export_all_table_row_counts_3.py","C:\SNS_24AutoProject_250723\scripts\export_all_table_row_counts_3.py","C:\SNS_24AutoProject_250723\scripts\export_all_table_row_counts_3.py","MOVE"
"1CFCE21B0A1DC2627F50F09BCEAA3A82F974269E59E9A29B387CCE693D729867","export_all_table_row_counts_3.py","C:\SNS_24AutoProject_250723\scripts\export_all_table_row_counts_3.py","C:\SNS_24AutoProject_250723\scripts\export_all_table_row_counts_3.py","MOVE"
"1CFCE21B0A1DC2627F50F09BCEAA3A82F974269E59E9A29B387CCE693D729867","export_all_table_row_counts_3.py","C:\SNS_24AutoProject_250723\scripts\export_all_table_row_counts_3.py","C:\SNS_24AutoProject_250723\scripts\export_all_table_row_counts_3.py","MOVE"
"1CFCE21B0A1DC2627F50F09BCEAA3A82F974269E59E9A29B387CCE693D729867","export_all_table_row_counts_3.py","C:\SNS_24AutoProject_250723\scripts\export_all_table_row_counts_3.py","C:\SNS_24AutoProject_250723\scripts\export_all_table_row_counts_3.py","MOVE"
"1CFCE21B0A1DC2627F50F09BCEAA3A82F974269E59E9A29B387CCE693D729867","export_all_table_row_counts_4.py","C:\SNS_24AutoProject_250723\scripts\export_all_table_row_counts_4.py","C:\SNS_24AutoProject_250723\scripts\export_all_table_row_counts_4.py","MOVE"
"1CFCE21B0A1DC2627F50F09BCEAA3A82F974269E59E9A29B387CCE693D729867","export_all_table_row_counts_4.py","C:\SNS_24AutoProject_250723\scripts\export_all_table_row_counts_4.py","C:\SNS_24AutoProject_250723\scripts\export_all_table_row_counts_4.py","MOVE"
"1CFCE21B0A1DC2627F50F09BCEAA3A82F974269E59E9A29B387CCE693D729867","export_all_table_row_counts_4.py","C:\SNS_24AutoProject_250723\scripts\export_all_table_row_counts_4.py","C:\SNS_24AutoProject_250723\scripts\export_all_table_row_counts_4.py","MOVE"
"1CFCE21B0A1DC2627F50F09BCEAA3A82F974269E59E9A29B387CCE693D729867","export_all_table_row_counts_4.py","C:\SNS_24AutoProject_250723\scripts\export_all_table_row_counts_4.py","C:\SNS_24AutoProject_250723\scripts\export_all_table_row_counts_4.py","MOVE"
"1CFCE21B0A1DC2627F50F09BCEAA3A82F974269E59E9A29B387CCE693D729867","export_all_table_row_counts_4.py","C:\SNS_24AutoProject_250723\scripts\export_all_table_row_counts_4.py","C:\SNS_24AutoProject_250723\scripts\export_all_table_row_counts_4.py","MOVE"
"1CFCE21B0A1DC2627F50F09BCEAA3A82F974269E59E9A29B387CCE693D729867","export_all_table_row_counts_4.py","C:\SNS_24AutoProject_250723\scripts\export_all_table_row_counts_4.py","C:\SNS_24AutoProject_250723\scripts\export_all_table_row_counts_4.py","MOVE"
"1CFCE21B0A1DC2627F50F09BCEAA3A82F974269E59E9A29B387CCE693D729867","export_all_table_row_counts_5.py","C:\SNS_24AutoProject_250723\scripts\export_all_table_row_counts_5.py","C:\SNS_24AutoProject_250723\scripts\export_all_table_row_counts_5.py","MOVE"
"1CFCE21B0A1DC2627F50F09BCEAA3A82F974269E59E9A29B387CCE693D729867","export_all_table_row_counts_5.py","C:\SNS_24AutoProject_250723\scripts\export_all_table_row_counts_5.py","C:\SNS_24AutoProject_250723\scripts\export_all_table_row_counts_5.py","MOVE"
"1CFCE21B0A1DC2627F50F09BCEAA3A82F974269E59E9A29B387CCE693D729867","export_all_table_row_counts_5.py","C:\SNS_24AutoProject_250723\scripts\export_all_table_row_counts_5.py","C:\SNS_24AutoProject_250723\scripts\export_all_table_row_counts_5.py","MOVE"
"1CFCE21B0A1DC2627F50F09BCEAA3A82F974269E59E9A29B387CCE693D729867","export_all_table_row_counts_5.py","C:\SNS_24AutoProject_250723\scripts\export_all_table_row_counts_5.py","C:\SNS_24AutoProject_250723\scripts\export_all_table_row_counts_5.py","MOVE"
"1CFCE21B0A1DC2627F50F09BCEAA3A82F974269E59E9A29B387CCE693D729867","export_all_table_row_counts_5.py","C:\SNS_24AutoProject_250723\scripts\export_all_table_row_counts_5.py","C:\SNS_24AutoProject_250723\scripts\export_all_table_row_counts_5.py","MOVE"
"1CFCE21B0A1DC2627F50F09BCEAA3A82F974269E59E9A29B387CCE693D729867","export_all_table_row_counts_5.py","C:\SNS_24AutoProject_250723\scripts\export_all_table_row_counts_5.py","C:\SNS_24AutoProject_250723\scripts\export_all_table_row_counts_5.py","MOVE"
"1CFCE21B0A1DC2627F50F09BCEAA3A82F974269E59E9A29B387CCE693D729867","export_all_table_row_counts_6.py","C:\SNS_24AutoProject_250723\scripts\export_all_table_row_counts_6.py","C:\SNS_24AutoProject_250723\scripts\export_all_table_row_counts_6.py","MOVE"
"1CFCE21B0A1DC2627F50F09BCEAA3A82F974269E59E9A29B387CCE693D729867","export_all_table_row_counts_6.py","C:\SNS_24AutoProject_250723\scripts\export_all_table_row_counts_6.py","C:\SNS_24AutoProject_250723\scripts\export_all_table_row_counts_6.py","MOVE"
"1CFCE21B0A1DC2627F50F09BCEAA3A82F974269E59E9A29B387CCE693D729867","export_all_table_row_counts_6.py","C:\SNS_24AutoProject_250723\scripts\export_all_table_row_counts_6.py","C:\SNS_24AutoProject_250723\scripts\export_all_table_row_counts_6.py","MOVE"
"1CFCE21B0A1DC2627F50F09BCEAA3A82F974269E59E9A29B387CCE693D729867","export_all_table_row_counts_6.py","C:\SNS_24AutoProject_250723\scripts\export_all_table_row_counts_6.py","C:\SNS_24AutoProject_250723\scripts\export_all_table_row_counts_6.py","MOVE"
"1CFCE21B0A1DC2627F50F09BCEAA3A82F974269E59E9A29B387CCE693D729867","export_all_table_row_counts_6.py","C:\SNS_24AutoProject_250723\scripts\export_all_table_row_counts_6.py","C:\SNS_24AutoProject_250723\scripts\export_all_table_row_counts_6.py","MOVE"
"1CFCE21B0A1DC2627F50F09BCEAA3A82F974269E59E9A29B387CCE693D729867","export_all_table_row_counts_6.py","C:\SNS_24AutoProject_250723\scripts\export_all_table_row_counts_6.py","C:\SNS_24AutoProject_250723\scripts\export_all_table_row_counts_6.py","MOVE"
"B908019D8DCC51F2E211E56F060B14CD5124C6BDD7D61A20180A41A08A6A6960","export_command_log_1.py","C:\SNS_24AutoProject_250723\scripts\export_command_log_1.py","C:\SNS_24AutoProject_250723\scripts\export_command_log_1.py","MOVE"
"B908019D8DCC51F2E211E56F060B14CD5124C6BDD7D61A20180A41A08A6A6960","export_command_log_1.py","C:\SNS_24AutoProject_250723\scripts\export_command_log_1.py","C:\SNS_24AutoProject_250723\scripts\export_command_log_1.py","MOVE"
"B908019D8DCC51F2E211E56F060B14CD5124C6BDD7D61A20180A41A08A6A6960","export_command_log_1.py","C:\SNS_24AutoProject_250723\scripts\export_command_log_1.py","C:\SNS_24AutoProject_250723\scripts\export_command_log_1.py","MOVE"
"B908019D8DCC51F2E211E56F060B14CD5124C6BDD7D61A20180A41A08A6A6960","export_command_log_1.py","C:\SNS_24AutoProject_250723\scripts\export_command_log_1.py","C:\SNS_24AutoProject_250723\scripts\export_command_log_1.py","MOVE"
"B908019D8DCC51F2E211E56F060B14CD5124C6BDD7D61A20180A41A08A6A6960","export_command_log_1.py","C:\SNS_24AutoProject_250723\scripts\export_command_log_1.py","C:\SNS_24AutoProject_250723\scripts\export_command_log_1.py","MOVE"
"B908019D8DCC51F2E211E56F060B14CD5124C6BDD7D61A20180A41A08A6A6960","export_command_log_1.py","C:\SNS_24AutoProject_250723\scripts\export_command_log_1.py","C:\SNS_24AutoProject_250723\scripts\export_command_log_1.py","MOVE"
"B908019D8DCC51F2E211E56F060B14CD5124C6BDD7D61A20180A41A08A6A6960","export_command_log_2.py","C:\SNS_24AutoProject_250723\scripts\export_command_log_2.py","C:\SNS_24AutoProject_250723\scripts\export_command_log_2.py","MOVE"
"B908019D8DCC51F2E211E56F060B14CD5124C6BDD7D61A20180A41A08A6A6960","export_command_log_2.py","C:\SNS_24AutoProject_250723\scripts\export_command_log_2.py","C:\SNS_24AutoProject_250723\scripts\export_command_log_2.py","MOVE"
"B908019D8DCC51F2E211E56F060B14CD5124C6BDD7D61A20180A41A08A6A6960","export_command_log_2.py","C:\SNS_24AutoProject_250723\scripts\export_command_log_2.py","C:\SNS_24AutoProject_250723\scripts\export_command_log_2.py","MOVE"
"B908019D8DCC51F2E211E56F060B14CD5124C6BDD7D61A20180A41A08A6A6960","export_command_log_2.py","C:\SNS_24AutoProject_250723\scripts\export_command_log_2.py","C:\SNS_24AutoProject_250723\scripts\export_command_log_2.py","MOVE"
"B908019D8DCC51F2E211E56F060B14CD5124C6BDD7D61A20180A41A08A6A6960","export_command_log_2.py","C:\SNS_24AutoProject_250723\scripts\export_command_log_2.py","C:\SNS_24AutoProject_250723\scripts\export_command_log_2.py","MOVE"
"B908019D8DCC51F2E211E56F060B14CD5124C6BDD7D61A20180A41A08A6A6960","export_command_log_2.py","C:\SNS_24AutoProject_250723\scripts\export_command_log_2.py","C:\SNS_24AutoProject_250723\scripts\export_command_log_2.py","MOVE"
"B908019D8DCC51F2E211E56F060B14CD5124C6BDD7D61A20180A41A08A6A6960","export_command_log_3.py","C:\SNS_24AutoProject_250723\scripts\export_command_log_3.py","C:\SNS_24AutoProject_250723\scripts\export_command_log_3.py","MOVE"
"B908019D8DCC51F2E211E56F060B14CD5124C6BDD7D61A20180A41A08A6A6960","export_command_log_3.py","C:\SNS_24AutoProject_250723\scripts\export_command_log_3.py","C:\SNS_24AutoProject_250723\scripts\export_command_log_3.py","MOVE"
"B908019D8DCC51F2E211E56F060B14CD5124C6BDD7D61A20180A41A08A6A6960","export_command_log_3.py","C:\SNS_24AutoProject_250723\scripts\export_command_log_3.py","C:\SNS_24AutoProject_250723\scripts\export_command_log_3.py","MOVE"
"B908019D8DCC51F2E211E56F060B14CD5124C6BDD7D61A20180A41A08A6A6960","export_command_log_3.py","C:\SNS_24AutoProject_250723\scripts\export_command_log_3.py","C:\SNS_24AutoProject_250723\scripts\export_command_log_3.py","MOVE"
"B908019D8DCC51F2E211E56F060B14CD5124C6BDD7D61A20180A41A08A6A6960","export_command_log_3.py","C:\SNS_24AutoProject_250723\scripts\export_command_log_3.py","C:\SNS_24AutoProject_250723\scripts\export_command_log_3.py","MOVE"
"B908019D8DCC51F2E211E56F060B14CD5124C6BDD7D61A20180A41A08A6A6960","export_command_log_3.py","C:\SNS_24AutoProject_250723\scripts\export_command_log_3.py","C:\SNS_24AutoProject_250723\scripts\export_command_log_3.py","MOVE"
"B908019D8DCC51F2E211E56F060B14CD5124C6BDD7D61A20180A41A08A6A6960","export_command_log_4.py","C:\SNS_24AutoProject_250723\scripts\export_command_log_4.py","C:\SNS_24AutoProject_250723\scripts\export_command_log_4.py","MOVE"
"B908019D8DCC51F2E211E56F060B14CD5124C6BDD7D61A20180A41A08A6A6960","export_command_log_4.py","C:\SNS_24AutoProject_250723\scripts\export_command_log_4.py","C:\SNS_24AutoProject_250723\scripts\export_command_log_4.py","MOVE"
"B908019D8DCC51F2E211E56F060B14CD5124C6BDD7D61A20180A41A08A6A6960","export_command_log_4.py","C:\SNS_24AutoProject_250723\scripts\export_command_log_4.py","C:\SNS_24AutoProject_250723\scripts\export_command_log_4.py","MOVE"
"B908019D8DCC51F2E211E56F060B14CD5124C6BDD7D61A20180A41A08A6A6960","export_command_log_4.py","C:\SNS_24AutoProject_250723\scripts\export_command_log_4.py","C:\SNS_24AutoProject_250723\scripts\export_command_log_4.py","MOVE"
"B908019D8DCC51F2E211E56F060B14CD5124C6BDD7D61A20180A41A08A6A6960","export_command_log_4.py","C:\SNS_24AutoProject_250723\scripts\export_command_log_4.py","C:\SNS_24AutoProject_250723\scripts\export_command_log_4.py","MOVE"
"B908019D8DCC51F2E211E56F060B14CD5124C6BDD7D61A20180A41A08A6A6960","export_command_log_4.py","C:\SNS_24AutoProject_250723\scripts\export_command_log_4.py","C:\SNS_24AutoProject_250723\scripts\export_command_log_4.py","MOVE"
"B908019D8DCC51F2E211E56F060B14CD5124C6BDD7D61A20180A41A08A6A6960","export_command_log_5.py","C:\SNS_24AutoProject_250723\scripts\export_command_log_5.py","C:\SNS_24AutoProject_250723\scripts\export_command_log_5.py","MOVE"
"B908019D8DCC51F2E211E56F060B14CD5124C6BDD7D61A20180A41A08A6A6960","export_command_log_5.py","C:\SNS_24AutoProject_250723\scripts\export_command_log_5.py","C:\SNS_24AutoProject_250723\scripts\export_command_log_5.py","MOVE"
"B908019D8DCC51F2E211E56F060B14CD5124C6BDD7D61A20180A41A08A6A6960","export_command_log_5.py","C:\SNS_24AutoProject_250723\scripts\export_command_log_5.py","C:\SNS_24AutoProject_250723\scripts\export_command_log_5.py","MOVE"
"B908019D8DCC51F2E211E56F060B14CD5124C6BDD7D61A20180A41A08A6A6960","export_command_log_5.py","C:\SNS_24AutoProject_250723\scripts\export_command_log_5.py","C:\SNS_24AutoProject_250723\scripts\export_command_log_5.py","MOVE"
"B908019D8DCC51F2E211E56F060B14CD5124C6BDD7D61A20180A41A08A6A6960","export_command_log_5.py","C:\SNS_24AutoProject_250723\scripts\export_command_log_5.py","C:\SNS_24AutoProject_250723\scripts\export_command_log_5.py","MOVE"
"B908019D8DCC51F2E211E56F060B14CD5124C6BDD7D61A20180A41A08A6A6960","export_command_log_5.py","C:\SNS_24AutoProject_250723\scripts\export_command_log_5.py","C:\SNS_24AutoProject_250723\scripts\export_command_log_5.py","MOVE"
"B908019D8DCC51F2E211E56F060B14CD5124C6BDD7D61A20180A41A08A6A6960","export_command_log_6.py","C:\SNS_24AutoProject_250723\scripts\export_command_log_6.py","C:\SNS_24AutoProject_250723\scripts\export_command_log_6.py","MOVE"
"B908019D8DCC51F2E211E56F060B14CD5124C6BDD7D61A20180A41A08A6A6960","export_command_log_6.py","C:\SNS_24AutoProject_250723\scripts\export_command_log_6.py","C:\SNS_24AutoProject_250723\scripts\export_command_log_6.py","MOVE"
"B908019D8DCC51F2E211E56F060B14CD5124C6BDD7D61A20180A41A08A6A6960","export_command_log_6.py","C:\SNS_24AutoProject_250723\scripts\export_command_log_6.py","C:\SNS_24AutoProject_250723\scripts\export_command_log_6.py","MOVE"
"B908019D8DCC51F2E211E56F060B14CD5124C6BDD7D61A20180A41A08A6A6960","export_command_log_6.py","C:\SNS_24AutoProject_250723\scripts\export_command_log_6.py","C:\SNS_24AutoProject_250723\scripts\export_command_log_6.py","MOVE"
"B908019D8DCC51F2E211E56F060B14CD5124C6BDD7D61A20180A41A08A6A6960","export_command_log_6.py","C:\SNS_24AutoProject_250723\scripts\export_command_log_6.py","C:\SNS_24AutoProject_250723\scripts\export_command_log_6.py","MOVE"
"B908019D8DCC51F2E211E56F060B14CD5124C6BDD7D61A20180A41A08A6A6960","export_command_log_6.py","C:\SNS_24AutoProject_250723\scripts\export_command_log_6.py","C:\SNS_24AutoProject_250723\scripts\export_command_log_6.py","MOVE"
"C87E5DF57DBBF1F5ADFA500B3AC81CCAC33D5225037F33BEDCE0CB12E53FA2B6","export_disk_log_1.py","C:\SNS_24AutoProject_250723\scripts\export_disk_log_1.py","C:\SNS_24AutoProject_250723\scripts\export_disk_log_1.py","MOVE"
"C87E5DF57DBBF1F5ADFA500B3AC81CCAC33D5225037F33BEDCE0CB12E53FA2B6","export_disk_log_1.py","C:\SNS_24AutoProject_250723\scripts\export_disk_log_1.py","C:\SNS_24AutoProject_250723\scripts\export_disk_log_1.py","MOVE"
"C87E5DF57DBBF1F5ADFA500B3AC81CCAC33D5225037F33BEDCE0CB12E53FA2B6","export_disk_log_1.py","C:\SNS_24AutoProject_250723\scripts\export_disk_log_1.py","C:\SNS_24AutoProject_250723\scripts\export_disk_log_1.py","MOVE"
"C87E5DF57DBBF1F5ADFA500B3AC81CCAC33D5225037F33BEDCE0CB12E53FA2B6","export_disk_log_1.py","C:\SNS_24AutoProject_250723\scripts\export_disk_log_1.py","C:\SNS_24AutoProject_250723\scripts\export_disk_log_1.py","MOVE"
"C87E5DF57DBBF1F5ADFA500B3AC81CCAC33D5225037F33BEDCE0CB12E53FA2B6","export_disk_log_1.py","C:\SNS_24AutoProject_250723\scripts\export_disk_log_1.py","C:\SNS_24AutoProject_250723\scripts\export_disk_log_1.py","MOVE"
"C87E5DF57DBBF1F5ADFA500B3AC81CCAC33D5225037F33BEDCE0CB12E53FA2B6","export_disk_log_1.py","C:\SNS_24AutoProject_250723\scripts\export_disk_log_1.py","C:\SNS_24AutoProject_250723\scripts\export_disk_log_1.py","MOVE"
"C87E5DF57DBBF1F5ADFA500B3AC81CCAC33D5225037F33BEDCE0CB12E53FA2B6","export_disk_log_2.py","C:\SNS_24AutoProject_250723\scripts\export_disk_log_2.py","C:\SNS_24AutoProject_250723\scripts\export_disk_log_2.py","MOVE"
"C87E5DF57DBBF1F5ADFA500B3AC81CCAC33D5225037F33BEDCE0CB12E53FA2B6","export_disk_log_2.py","C:\SNS_24AutoProject_250723\scripts\export_disk_log_2.py","C:\SNS_24AutoProject_250723\scripts\export_disk_log_2.py","MOVE"
"C87E5DF57DBBF1F5ADFA500B3AC81CCAC33D5225037F33BEDCE0CB12E53FA2B6","export_disk_log_2.py","C:\SNS_24AutoProject_250723\scripts\export_disk_log_2.py","C:\SNS_24AutoProject_250723\scripts\export_disk_log_2.py","MOVE"
"C87E5DF57DBBF1F5ADFA500B3AC81CCAC33D5225037F33BEDCE0CB12E53FA2B6","export_disk_log_2.py","C:\SNS_24AutoProject_250723\scripts\export_disk_log_2.py","C:\SNS_24AutoProject_250723\scripts\export_disk_log_2.py","MOVE"
"C87E5DF57DBBF1F5ADFA500B3AC81CCAC33D5225037F33BEDCE0CB12E53FA2B6","export_disk_log_2.py","C:\SNS_24AutoProject_250723\scripts\export_disk_log_2.py","C:\SNS_24AutoProject_250723\scripts\export_disk_log_2.py","MOVE"
"C87E5DF57DBBF1F5ADFA500B3AC81CCAC33D5225037F33BEDCE0CB12E53FA2B6","export_disk_log_2.py","C:\SNS_24AutoProject_250723\scripts\export_disk_log_2.py","C:\SNS_24AutoProject_250723\scripts\export_disk_log_2.py","MOVE"
"C87E5DF57DBBF1F5ADFA500B3AC81CCAC33D5225037F33BEDCE0CB12E53FA2B6","export_disk_log_3.py","C:\SNS_24AutoProject_250723\scripts\export_disk_log_3.py","C:\SNS_24AutoProject_250723\scripts\export_disk_log_3.py","MOVE"
"C87E5DF57DBBF1F5ADFA500B3AC81CCAC33D5225037F33BEDCE0CB12E53FA2B6","export_disk_log_3.py","C:\SNS_24AutoProject_250723\scripts\export_disk_log_3.py","C:\SNS_24AutoProject_250723\scripts\export_disk_log_3.py","MOVE"
"C87E5DF57DBBF1F5ADFA500B3AC81CCAC33D5225037F33BEDCE0CB12E53FA2B6","export_disk_log_3.py","C:\SNS_24AutoProject_250723\scripts\export_disk_log_3.py","C:\SNS_24AutoProject_250723\scripts\export_disk_log_3.py","MOVE"
"C87E5DF57DBBF1F5ADFA500B3AC81CCAC33D5225037F33BEDCE0CB12E53FA2B6","export_disk_log_3.py","C:\SNS_24AutoProject_250723\scripts\export_disk_log_3.py","C:\SNS_24AutoProject_250723\scripts\export_disk_log_3.py","MOVE"
"C87E5DF57DBBF1F5ADFA500B3AC81CCAC33D5225037F33BEDCE0CB12E53FA2B6","export_disk_log_3.py","C:\SNS_24AutoProject_250723\scripts\export_disk_log_3.py","C:\SNS_24AutoProject_250723\scripts\export_disk_log_3.py","MOVE"
"C87E5DF57DBBF1F5ADFA500B3AC81CCAC33D5225037F33BEDCE0CB12E53FA2B6","export_disk_log_3.py","C:\SNS_24AutoProject_250723\scripts\export_disk_log_3.py","C:\SNS_24AutoProject_250723\scripts\export_disk_log_3.py","MOVE"
"C87E5DF57DBBF1F5ADFA500B3AC81CCAC33D5225037F33BEDCE0CB12E53FA2B6","export_disk_log_4.py","C:\SNS_24AutoProject_250723\scripts\export_disk_log_4.py","C:\SNS_24AutoProject_250723\scripts\export_disk_log_4.py","MOVE"
"C87E5DF57DBBF1F5ADFA500B3AC81CCAC33D5225037F33BEDCE0CB12E53FA2B6","export_disk_log_4.py","C:\SNS_24AutoProject_250723\scripts\export_disk_log_4.py","C:\SNS_24AutoProject_250723\scripts\export_disk_log_4.py","MOVE"
"C87E5DF57DBBF1F5ADFA500B3AC81CCAC33D5225037F33BEDCE0CB12E53FA2B6","export_disk_log_4.py","C:\SNS_24AutoProject_250723\scripts\export_disk_log_4.py","C:\SNS_24AutoProject_250723\scripts\export_disk_log_4.py","MOVE"
"C87E5DF57DBBF1F5ADFA500B3AC81CCAC33D5225037F33BEDCE0CB12E53FA2B6","export_disk_log_4.py","C:\SNS_24AutoProject_250723\scripts\export_disk_log_4.py","C:\SNS_24AutoProject_250723\scripts\export_disk_log_4.py","MOVE"
"C87E5DF57DBBF1F5ADFA500B3AC81CCAC33D5225037F33BEDCE0CB12E53FA2B6","export_disk_log_4.py","C:\SNS_24AutoProject_250723\scripts\export_disk_log_4.py","C:\SNS_24AutoProject_250723\scripts\export_disk_log_4.py","MOVE"
"C87E5DF57DBBF1F5ADFA500B3AC81CCAC33D5225037F33BEDCE0CB12E53FA2B6","export_disk_log_4.py","C:\SNS_24AutoProject_250723\scripts\export_disk_log_4.py","C:\SNS_24AutoProject_250723\scripts\export_disk_log_4.py","MOVE"
"C87E5DF57DBBF1F5ADFA500B3AC81CCAC33D5225037F33BEDCE0CB12E53FA2B6","export_disk_log_5.py","C:\SNS_24AutoProject_250723\scripts\export_disk_log_5.py","C:\SNS_24AutoProject_250723\scripts\export_disk_log_5.py","MOVE"
"C87E5DF57DBBF1F5ADFA500B3AC81CCAC33D5225037F33BEDCE0CB12E53FA2B6","export_disk_log_5.py","C:\SNS_24AutoProject_250723\scripts\export_disk_log_5.py","C:\SNS_24AutoProject_250723\scripts\export_disk_log_5.py","MOVE"
"C87E5DF57DBBF1F5ADFA500B3AC81CCAC33D5225037F33BEDCE0CB12E53FA2B6","export_disk_log_5.py","C:\SNS_24AutoProject_250723\scripts\export_disk_log_5.py","C:\SNS_24AutoProject_250723\scripts\export_disk_log_5.py","MOVE"
"C87E5DF57DBBF1F5ADFA500B3AC81CCAC33D5225037F33BEDCE0CB12E53FA2B6","export_disk_log_5.py","C:\SNS_24AutoProject_250723\scripts\export_disk_log_5.py","C:\SNS_24AutoProject_250723\scripts\export_disk_log_5.py","MOVE"
"C87E5DF57DBBF1F5ADFA500B3AC81CCAC33D5225037F33BEDCE0CB12E53FA2B6","export_disk_log_5.py","C:\SNS_24AutoProject_250723\scripts\export_disk_log_5.py","C:\SNS_24AutoProject_250723\scripts\export_disk_log_5.py","MOVE"
"C87E5DF57DBBF1F5ADFA500B3AC81CCAC33D5225037F33BEDCE0CB12E53FA2B6","export_disk_log_5.py","C:\SNS_24AutoProject_250723\scripts\export_disk_log_5.py","C:\SNS_24AutoProject_250723\scripts\export_disk_log_5.py","MOVE"
"C87E5DF57DBBF1F5ADFA500B3AC81CCAC33D5225037F33BEDCE0CB12E53FA2B6","export_disk_log_6.py","C:\SNS_24AutoProject_250723\scripts\export_disk_log_6.py","C:\SNS_24AutoProject_250723\scripts\export_disk_log_6.py","MOVE"
"C87E5DF57DBBF1F5ADFA500B3AC81CCAC33D5225037F33BEDCE0CB12E53FA2B6","export_disk_log_6.py","C:\SNS_24AutoProject_250723\scripts\export_disk_log_6.py","C:\SNS_24AutoProject_250723\scripts\export_disk_log_6.py","MOVE"
"C87E5DF57DBBF1F5ADFA500B3AC81CCAC33D5225037F33BEDCE0CB12E53FA2B6","export_disk_log_6.py","C:\SNS_24AutoProject_250723\scripts\export_disk_log_6.py","C:\SNS_24AutoProject_250723\scripts\export_disk_log_6.py","MOVE"
"C87E5DF57DBBF1F5ADFA500B3AC81CCAC33D5225037F33BEDCE0CB12E53FA2B6","export_disk_log_6.py","C:\SNS_24AutoProject_250723\scripts\export_disk_log_6.py","C:\SNS_24AutoProject_250723\scripts\export_disk_log_6.py","MOVE"
"C87E5DF57DBBF1F5ADFA500B3AC81CCAC33D5225037F33BEDCE0CB12E53FA2B6","export_disk_log_6.py","C:\SNS_24AutoProject_250723\scripts\export_disk_log_6.py","C:\SNS_24AutoProject_250723\scripts\export_disk_log_6.py","MOVE"
"C87E5DF57DBBF1F5ADFA500B3AC81CCAC33D5225037F33BEDCE0CB12E53FA2B6","export_disk_log_6.py","C:\SNS_24AutoProject_250723\scripts\export_disk_log_6.py","C:\SNS_24AutoProject_250723\scripts\export_disk_log_6.py","MOVE"
"E5F2D211C2B0DFA8D70151874A54AE6DB410B18D595944106691824EA93F94A4","export_env_log_1.py","C:\SNS_24AutoProject_250723\scripts\export_env_log_1.py","C:\SNS_24AutoProject_250723\scripts\export_env_log_1.py","MOVE"
"E5F2D211C2B0DFA8D70151874A54AE6DB410B18D595944106691824EA93F94A4","export_env_log_1.py","C:\SNS_24AutoProject_250723\scripts\export_env_log_1.py","C:\SNS_24AutoProject_250723\scripts\export_env_log_1.py","MOVE"
"E5F2D211C2B0DFA8D70151874A54AE6DB410B18D595944106691824EA93F94A4","export_env_log_1.py","C:\SNS_24AutoProject_250723\scripts\export_env_log_1.py","C:\SNS_24AutoProject_250723\scripts\export_env_log_1.py","MOVE"
"E5F2D211C2B0DFA8D70151874A54AE6DB410B18D595944106691824EA93F94A4","export_env_log_1.py","C:\SNS_24AutoProject_250723\scripts\export_env_log_1.py","C:\SNS_24AutoProject_250723\scripts\export_env_log_1.py","MOVE"
"E5F2D211C2B0DFA8D70151874A54AE6DB410B18D595944106691824EA93F94A4","export_env_log_1.py","C:\SNS_24AutoProject_250723\scripts\export_env_log_1.py","C:\SNS_24AutoProject_250723\scripts\export_env_log_1.py","MOVE"
"E5F2D211C2B0DFA8D70151874A54AE6DB410B18D595944106691824EA93F94A4","export_env_log_1.py","C:\SNS_24AutoProject_250723\scripts\export_env_log_1.py","C:\SNS_24AutoProject_250723\scripts\export_env_log_1.py","MOVE"
"E5F2D211C2B0DFA8D70151874A54AE6DB410B18D595944106691824EA93F94A4","export_env_log_2.py","C:\SNS_24AutoProject_250723\scripts\export_env_log_2.py","C:\SNS_24AutoProject_250723\scripts\export_env_log_2.py","MOVE"
"E5F2D211C2B0DFA8D70151874A54AE6DB410B18D595944106691824EA93F94A4","export_env_log_2.py","C:\SNS_24AutoProject_250723\scripts\export_env_log_2.py","C:\SNS_24AutoProject_250723\scripts\export_env_log_2.py","MOVE"
"E5F2D211C2B0DFA8D70151874A54AE6DB410B18D595944106691824EA93F94A4","export_env_log_2.py","C:\SNS_24AutoProject_250723\scripts\export_env_log_2.py","C:\SNS_24AutoProject_250723\scripts\export_env_log_2.py","MOVE"
"E5F2D211C2B0DFA8D70151874A54AE6DB410B18D595944106691824EA93F94A4","export_env_log_2.py","C:\SNS_24AutoProject_250723\scripts\export_env_log_2.py","C:\SNS_24AutoProject_250723\scripts\export_env_log_2.py","MOVE"
"E5F2D211C2B0DFA8D70151874A54AE6DB410B18D595944106691824EA93F94A4","export_env_log_2.py","C:\SNS_24AutoProject_250723\scripts\export_env_log_2.py","C:\SNS_24AutoProject_250723\scripts\export_env_log_2.py","MOVE"
"E5F2D211C2B0DFA8D70151874A54AE6DB410B18D595944106691824EA93F94A4","export_env_log_2.py","C:\SNS_24AutoProject_250723\scripts\export_env_log_2.py","C:\SNS_24AutoProject_250723\scripts\export_env_log_2.py","MOVE"
"E5F2D211C2B0DFA8D70151874A54AE6DB410B18D595944106691824EA93F94A4","export_env_log_3.py","C:\SNS_24AutoProject_250723\scripts\export_env_log_3.py","C:\SNS_24AutoProject_250723\scripts\export_env_log_3.py","MOVE"
"E5F2D211C2B0DFA8D70151874A54AE6DB410B18D595944106691824EA93F94A4","export_env_log_3.py","C:\SNS_24AutoProject_250723\scripts\export_env_log_3.py","C:\SNS_24AutoProject_250723\scripts\export_env_log_3.py","MOVE"
"E5F2D211C2B0DFA8D70151874A54AE6DB410B18D595944106691824EA93F94A4","export_env_log_3.py","C:\SNS_24AutoProject_250723\scripts\export_env_log_3.py","C:\SNS_24AutoProject_250723\scripts\export_env_log_3.py","MOVE"
"E5F2D211C2B0DFA8D70151874A54AE6DB410B18D595944106691824EA93F94A4","export_env_log_3.py","C:\SNS_24AutoProject_250723\scripts\export_env_log_3.py","C:\SNS_24AutoProject_250723\scripts\export_env_log_3.py","MOVE"
"E5F2D211C2B0DFA8D70151874A54AE6DB410B18D595944106691824EA93F94A4","export_env_log_3.py","C:\SNS_24AutoProject_250723\scripts\export_env_log_3.py","C:\SNS_24AutoProject_250723\scripts\export_env_log_3.py","MOVE"
"E5F2D211C2B0DFA8D70151874A54AE6DB410B18D595944106691824EA93F94A4","export_env_log_3.py","C:\SNS_24AutoProject_250723\scripts\export_env_log_3.py","C:\SNS_24AutoProject_250723\scripts\export_env_log_3.py","MOVE"
"E5F2D211C2B0DFA8D70151874A54AE6DB410B18D595944106691824EA93F94A4","export_env_log_4.py","C:\SNS_24AutoProject_250723\scripts\export_env_log_4.py","C:\SNS_24AutoProject_250723\scripts\export_env_log_4.py","MOVE"
"E5F2D211C2B0DFA8D70151874A54AE6DB410B18D595944106691824EA93F94A4","export_env_log_4.py","C:\SNS_24AutoProject_250723\scripts\export_env_log_4.py","C:\SNS_24AutoProject_250723\scripts\export_env_log_4.py","MOVE"
"E5F2D211C2B0DFA8D70151874A54AE6DB410B18D595944106691824EA93F94A4","export_env_log_4.py","C:\SNS_24AutoProject_250723\scripts\export_env_log_4.py","C:\SNS_24AutoProject_250723\scripts\export_env_log_4.py","MOVE"
"E5F2D211C2B0DFA8D70151874A54AE6DB410B18D595944106691824EA93F94A4","export_env_log_4.py","C:\SNS_24AutoProject_250723\scripts\export_env_log_4.py","C:\SNS_24AutoProject_250723\scripts\export_env_log_4.py","MOVE"
"E5F2D211C2B0DFA8D70151874A54AE6DB410B18D595944106691824EA93F94A4","export_env_log_4.py","C:\SNS_24AutoProject_250723\scripts\export_env_log_4.py","C:\SNS_24AutoProject_250723\scripts\export_env_log_4.py","MOVE"
"E5F2D211C2B0DFA8D70151874A54AE6DB410B18D595944106691824EA93F94A4","export_env_log_4.py","C:\SNS_24AutoProject_250723\scripts\export_env_log_4.py","C:\SNS_24AutoProject_250723\scripts\export_env_log_4.py","MOVE"
"E5F2D211C2B0DFA8D70151874A54AE6DB410B18D595944106691824EA93F94A4","export_env_log_5.py","C:\SNS_24AutoProject_250723\scripts\export_env_log_5.py","C:\SNS_24AutoProject_250723\scripts\export_env_log_5.py","MOVE"
"E5F2D211C2B0DFA8D70151874A54AE6DB410B18D595944106691824EA93F94A4","export_env_log_5.py","C:\SNS_24AutoProject_250723\scripts\export_env_log_5.py","C:\SNS_24AutoProject_250723\scripts\export_env_log_5.py","MOVE"
"E5F2D211C2B0DFA8D70151874A54AE6DB410B18D595944106691824EA93F94A4","export_env_log_5.py","C:\SNS_24AutoProject_250723\scripts\export_env_log_5.py","C:\SNS_24AutoProject_250723\scripts\export_env_log_5.py","MOVE"
"E5F2D211C2B0DFA8D70151874A54AE6DB410B18D595944106691824EA93F94A4","export_env_log_5.py","C:\SNS_24AutoProject_250723\scripts\export_env_log_5.py","C:\SNS_24AutoProject_250723\scripts\export_env_log_5.py","MOVE"
"E5F2D211C2B0DFA8D70151874A54AE6DB410B18D595944106691824EA93F94A4","export_env_log_5.py","C:\SNS_24AutoProject_250723\scripts\export_env_log_5.py","C:\SNS_24AutoProject_250723\scripts\export_env_log_5.py","MOVE"
"E5F2D211C2B0DFA8D70151874A54AE6DB410B18D595944106691824EA93F94A4","export_env_log_5.py","C:\SNS_24AutoProject_250723\scripts\export_env_log_5.py","C:\SNS_24AutoProject_250723\scripts\export_env_log_5.py","MOVE"
"E5F2D211C2B0DFA8D70151874A54AE6DB410B18D595944106691824EA93F94A4","export_env_log_6.py","C:\SNS_24AutoProject_250723\scripts\export_env_log_6.py","C:\SNS_24AutoProject_250723\scripts\export_env_log_6.py","MOVE"
"E5F2D211C2B0DFA8D70151874A54AE6DB410B18D595944106691824EA93F94A4","export_env_log_6.py","C:\SNS_24AutoProject_250723\scripts\export_env_log_6.py","C:\SNS_24AutoProject_250723\scripts\export_env_log_6.py","MOVE"
"E5F2D211C2B0DFA8D70151874A54AE6DB410B18D595944106691824EA93F94A4","export_env_log_6.py","C:\SNS_24AutoProject_250723\scripts\export_env_log_6.py","C:\SNS_24AutoProject_250723\scripts\export_env_log_6.py","MOVE"
"E5F2D211C2B0DFA8D70151874A54AE6DB410B18D595944106691824EA93F94A4","export_env_log_6.py","C:\SNS_24AutoProject_250723\scripts\export_env_log_6.py","C:\SNS_24AutoProject_250723\scripts\export_env_log_6.py","MOVE"
"E5F2D211C2B0DFA8D70151874A54AE6DB410B18D595944106691824EA93F94A4","export_env_log_6.py","C:\SNS_24AutoProject_250723\scripts\export_env_log_6.py","C:\SNS_24AutoProject_250723\scripts\export_env_log_6.py","MOVE"
"E5F2D211C2B0DFA8D70151874A54AE6DB410B18D595944106691824EA93F94A4","export_env_log_6.py","C:\SNS_24AutoProject_250723\scripts\export_env_log_6.py","C:\SNS_24AutoProject_250723\scripts\export_env_log_6.py","MOVE"
"159FBB9AC59BB8246DE6112080F8187F2A5FC4F7FE72AB5123347A70DE0099D1","export_hook_logs_to_csv_1.py","C:\SNS_24AutoProject_250723\scripts\export_hook_logs_to_csv_1.py","C:\SNS_24AutoProject_250723\scripts\export_hook_logs_to_csv_1.py","MOVE"
"159FBB9AC59BB8246DE6112080F8187F2A5FC4F7FE72AB5123347A70DE0099D1","export_hook_logs_to_csv_1.py","C:\SNS_24AutoProject_250723\scripts\export_hook_logs_to_csv_1.py","C:\SNS_24AutoProject_250723\scripts\export_hook_logs_to_csv_1.py","MOVE"
"159FBB9AC59BB8246DE6112080F8187F2A5FC4F7FE72AB5123347A70DE0099D1","export_hook_logs_to_csv_1.py","C:\SNS_24AutoProject_250723\scripts\export_hook_logs_to_csv_1.py","C:\SNS_24AutoProject_250723\scripts\export_hook_logs_to_csv_1.py","MOVE"
"159FBB9AC59BB8246DE6112080F8187F2A5FC4F7FE72AB5123347A70DE0099D1","export_hook_logs_to_csv_1.py","C:\SNS_24AutoProject_250723\scripts\export_hook_logs_to_csv_1.py","C:\SNS_24AutoProject_250723\scripts\export_hook_logs_to_csv_1.py","MOVE"
"159FBB9AC59BB8246DE6112080F8187F2A5FC4F7FE72AB5123347A70DE0099D1","export_hook_logs_to_csv_1.py","C:\SNS_24AutoProject_250723\scripts\export_hook_logs_to_csv_1.py","C:\SNS_24AutoProject_250723\scripts\export_hook_logs_to_csv_1.py","MOVE"
"159FBB9AC59BB8246DE6112080F8187F2A5FC4F7FE72AB5123347A70DE0099D1","export_hook_logs_to_csv_1.py","C:\SNS_24AutoProject_250723\scripts\export_hook_logs_to_csv_1.py","C:\SNS_24AutoProject_250723\scripts\export_hook_logs_to_csv_1.py","MOVE"
"159FBB9AC59BB8246DE6112080F8187F2A5FC4F7FE72AB5123347A70DE0099D1","export_hook_logs_to_csv_2.py","C:\SNS_24AutoProject_250723\scripts\export_hook_logs_to_csv_2.py","C:\SNS_24AutoProject_250723\scripts\export_hook_logs_to_csv_2.py","MOVE"
"159FBB9AC59BB8246DE6112080F8187F2A5FC4F7FE72AB5123347A70DE0099D1","export_hook_logs_to_csv_2.py","C:\SNS_24AutoProject_250723\scripts\export_hook_logs_to_csv_2.py","C:\SNS_24AutoProject_250723\scripts\export_hook_logs_to_csv_2.py","MOVE"
"159FBB9AC59BB8246DE6112080F8187F2A5FC4F7FE72AB5123347A70DE0099D1","export_hook_logs_to_csv_2.py","C:\SNS_24AutoProject_250723\scripts\export_hook_logs_to_csv_2.py","C:\SNS_24AutoProject_250723\scripts\export_hook_logs_to_csv_2.py","MOVE"
"159FBB9AC59BB8246DE6112080F8187F2A5FC4F7FE72AB5123347A70DE0099D1","export_hook_logs_to_csv_2.py","C:\SNS_24AutoProject_250723\scripts\export_hook_logs_to_csv_2.py","C:\SNS_24AutoProject_250723\scripts\export_hook_logs_to_csv_2.py","MOVE"
"159FBB9AC59BB8246DE6112080F8187F2A5FC4F7FE72AB5123347A70DE0099D1","export_hook_logs_to_csv_2.py","C:\SNS_24AutoProject_250723\scripts\export_hook_logs_to_csv_2.py","C:\SNS_24AutoProject_250723\scripts\export_hook_logs_to_csv_2.py","MOVE"
"159FBB9AC59BB8246DE6112080F8187F2A5FC4F7FE72AB5123347A70DE0099D1","export_hook_logs_to_csv_2.py","C:\SNS_24AutoProject_250723\scripts\export_hook_logs_to_csv_2.py","C:\SNS_24AutoProject_250723\scripts\export_hook_logs_to_csv_2.py","MOVE"
"159FBB9AC59BB8246DE6112080F8187F2A5FC4F7FE72AB5123347A70DE0099D1","export_hook_logs_to_csv_3.py","C:\SNS_24AutoProject_250723\scripts\export_hook_logs_to_csv_3.py","C:\SNS_24AutoProject_250723\scripts\export_hook_logs_to_csv_3.py","MOVE"
"159FBB9AC59BB8246DE6112080F8187F2A5FC4F7FE72AB5123347A70DE0099D1","export_hook_logs_to_csv_3.py","C:\SNS_24AutoProject_250723\scripts\export_hook_logs_to_csv_3.py","C:\SNS_24AutoProject_250723\scripts\export_hook_logs_to_csv_3.py","MOVE"
"159FBB9AC59BB8246DE6112080F8187F2A5FC4F7FE72AB5123347A70DE0099D1","export_hook_logs_to_csv_3.py","C:\SNS_24AutoProject_250723\scripts\export_hook_logs_to_csv_3.py","C:\SNS_24AutoProject_250723\scripts\export_hook_logs_to_csv_3.py","MOVE"
"159FBB9AC59BB8246DE6112080F8187F2A5FC4F7FE72AB5123347A70DE0099D1","export_hook_logs_to_csv_3.py","C:\SNS_24AutoProject_250723\scripts\export_hook_logs_to_csv_3.py","C:\SNS_24AutoProject_250723\scripts\export_hook_logs_to_csv_3.py","MOVE"
"159FBB9AC59BB8246DE6112080F8187F2A5FC4F7FE72AB5123347A70DE0099D1","export_hook_logs_to_csv_3.py","C:\SNS_24AutoProject_250723\scripts\export_hook_logs_to_csv_3.py","C:\SNS_24AutoProject_250723\scripts\export_hook_logs_to_csv_3.py","MOVE"
"159FBB9AC59BB8246DE6112080F8187F2A5FC4F7FE72AB5123347A70DE0099D1","export_hook_logs_to_csv_3.py","C:\SNS_24AutoProject_250723\scripts\export_hook_logs_to_csv_3.py","C:\SNS_24AutoProject_250723\scripts\export_hook_logs_to_csv_3.py","MOVE"
"159FBB9AC59BB8246DE6112080F8187F2A5FC4F7FE72AB5123347A70DE0099D1","export_hook_logs_to_csv_4.py","C:\SNS_24AutoProject_250723\scripts\export_hook_logs_to_csv_4.py","C:\SNS_24AutoProject_250723\scripts\export_hook_logs_to_csv_4.py","MOVE"
"159FBB9AC59BB8246DE6112080F8187F2A5FC4F7FE72AB5123347A70DE0099D1","export_hook_logs_to_csv_4.py","C:\SNS_24AutoProject_250723\scripts\export_hook_logs_to_csv_4.py","C:\SNS_24AutoProject_250723\scripts\export_hook_logs_to_csv_4.py","MOVE"
"159FBB9AC59BB8246DE6112080F8187F2A5FC4F7FE72AB5123347A70DE0099D1","export_hook_logs_to_csv_4.py","C:\SNS_24AutoProject_250723\scripts\export_hook_logs_to_csv_4.py","C:\SNS_24AutoProject_250723\scripts\export_hook_logs_to_csv_4.py","MOVE"
"159FBB9AC59BB8246DE6112080F8187F2A5FC4F7FE72AB5123347A70DE0099D1","export_hook_logs_to_csv_4.py","C:\SNS_24AutoProject_250723\scripts\export_hook_logs_to_csv_4.py","C:\SNS_24AutoProject_250723\scripts\export_hook_logs_to_csv_4.py","MOVE"
"159FBB9AC59BB8246DE6112080F8187F2A5FC4F7FE72AB5123347A70DE0099D1","export_hook_logs_to_csv_4.py","C:\SNS_24AutoProject_250723\scripts\export_hook_logs_to_csv_4.py","C:\SNS_24AutoProject_250723\scripts\export_hook_logs_to_csv_4.py","MOVE"
"159FBB9AC59BB8246DE6112080F8187F2A5FC4F7FE72AB5123347A70DE0099D1","export_hook_logs_to_csv_4.py","C:\SNS_24AutoProject_250723\scripts\export_hook_logs_to_csv_4.py","C:\SNS_24AutoProject_250723\scripts\export_hook_logs_to_csv_4.py","MOVE"
"159FBB9AC59BB8246DE6112080F8187F2A5FC4F7FE72AB5123347A70DE0099D1","export_hook_logs_to_csv_5.py","C:\SNS_24AutoProject_250723\scripts\export_hook_logs_to_csv_5.py","C:\SNS_24AutoProject_250723\scripts\export_hook_logs_to_csv_5.py","MOVE"
"159FBB9AC59BB8246DE6112080F8187F2A5FC4F7FE72AB5123347A70DE0099D1","export_hook_logs_to_csv_5.py","C:\SNS_24AutoProject_250723\scripts\export_hook_logs_to_csv_5.py","C:\SNS_24AutoProject_250723\scripts\export_hook_logs_to_csv_5.py","MOVE"
"159FBB9AC59BB8246DE6112080F8187F2A5FC4F7FE72AB5123347A70DE0099D1","export_hook_logs_to_csv_5.py","C:\SNS_24AutoProject_250723\scripts\export_hook_logs_to_csv_5.py","C:\SNS_24AutoProject_250723\scripts\export_hook_logs_to_csv_5.py","MOVE"
"159FBB9AC59BB8246DE6112080F8187F2A5FC4F7FE72AB5123347A70DE0099D1","export_hook_logs_to_csv_5.py","C:\SNS_24AutoProject_250723\scripts\export_hook_logs_to_csv_5.py","C:\SNS_24AutoProject_250723\scripts\export_hook_logs_to_csv_5.py","MOVE"
"159FBB9AC59BB8246DE6112080F8187F2A5FC4F7FE72AB5123347A70DE0099D1","export_hook_logs_to_csv_5.py","C:\SNS_24AutoProject_250723\scripts\export_hook_logs_to_csv_5.py","C:\SNS_24AutoProject_250723\scripts\export_hook_logs_to_csv_5.py","MOVE"
"159FBB9AC59BB8246DE6112080F8187F2A5FC4F7FE72AB5123347A70DE0099D1","export_hook_logs_to_csv_5.py","C:\SNS_24AutoProject_250723\scripts\export_hook_logs_to_csv_5.py","C:\SNS_24AutoProject_250723\scripts\export_hook_logs_to_csv_5.py","MOVE"
"159FBB9AC59BB8246DE6112080F8187F2A5FC4F7FE72AB5123347A70DE0099D1","export_hook_logs_to_csv_6.py","C:\SNS_24AutoProject_250723\scripts\export_hook_logs_to_csv_6.py","C:\SNS_24AutoProject_250723\scripts\export_hook_logs_to_csv_6.py","MOVE"
"159FBB9AC59BB8246DE6112080F8187F2A5FC4F7FE72AB5123347A70DE0099D1","export_hook_logs_to_csv_6.py","C:\SNS_24AutoProject_250723\scripts\export_hook_logs_to_csv_6.py","C:\SNS_24AutoProject_250723\scripts\export_hook_logs_to_csv_6.py","MOVE"
"159FBB9AC59BB8246DE6112080F8187F2A5FC4F7FE72AB5123347A70DE0099D1","export_hook_logs_to_csv_6.py","C:\SNS_24AutoProject_250723\scripts\export_hook_logs_to_csv_6.py","C:\SNS_24AutoProject_250723\scripts\export_hook_logs_to_csv_6.py","MOVE"
"159FBB9AC59BB8246DE6112080F8187F2A5FC4F7FE72AB5123347A70DE0099D1","export_hook_logs_to_csv_6.py","C:\SNS_24AutoProject_250723\scripts\export_hook_logs_to_csv_6.py","C:\SNS_24AutoProject_250723\scripts\export_hook_logs_to_csv_6.py","MOVE"
"159FBB9AC59BB8246DE6112080F8187F2A5FC4F7FE72AB5123347A70DE0099D1","export_hook_logs_to_csv_6.py","C:\SNS_24AutoProject_250723\scripts\export_hook_logs_to_csv_6.py","C:\SNS_24AutoProject_250723\scripts\export_hook_logs_to_csv_6.py","MOVE"
"159FBB9AC59BB8246DE6112080F8187F2A5FC4F7FE72AB5123347A70DE0099D1","export_hook_logs_to_csv_6.py","C:\SNS_24AutoProject_250723\scripts\export_hook_logs_to_csv_6.py","C:\SNS_24AutoProject_250723\scripts\export_hook_logs_to_csv_6.py","MOVE"
"0446D25228E9D8769F4C4BCC9D62D4E1FFAD4489F26F013E68C017C0587B09A3","export_logtrace_1.py","C:\SNS_24AutoProject_250723\scripts\export_logtrace_1.py","C:\SNS_24AutoProject_250723\scripts\export_logtrace_1.py","MOVE"
"0446D25228E9D8769F4C4BCC9D62D4E1FFAD4489F26F013E68C017C0587B09A3","export_logtrace_1.py","C:\SNS_24AutoProject_250723\scripts\export_logtrace_1.py","C:\SNS_24AutoProject_250723\scripts\export_logtrace_1.py","MOVE"
"0446D25228E9D8769F4C4BCC9D62D4E1FFAD4489F26F013E68C017C0587B09A3","export_logtrace_1.py","C:\SNS_24AutoProject_250723\scripts\export_logtrace_1.py","C:\SNS_24AutoProject_250723\scripts\export_logtrace_1.py","MOVE"
"9C5636FAE1E99DC5BA27C594AF2FFA650BDEBA71F552E7640D918A2041A00FEF","export_logtrace_2.py","C:\SNS_24AutoProject_250723\scripts\export_logtrace_2.py","C:\SNS_24AutoProject_250723\scripts\export_logtrace_2.py","MOVE"
"9C5636FAE1E99DC5BA27C594AF2FFA650BDEBA71F552E7640D918A2041A00FEF","export_logtrace_2.py","C:\SNS_24AutoProject_250723\scripts\export_logtrace_2.py","C:\SNS_24AutoProject_250723\scripts\export_logtrace_2.py","MOVE"
"9C5636FAE1E99DC5BA27C594AF2FFA650BDEBA71F552E7640D918A2041A00FEF","export_logtrace_2.py","C:\SNS_24AutoProject_250723\scripts\export_logtrace_2.py","C:\SNS_24AutoProject_250723\scripts\export_logtrace_2.py","MOVE"
"0446D25228E9D8769F4C4BCC9D62D4E1FFAD4489F26F013E68C017C0587B09A3","export_logtrace_3.py","C:\SNS_24AutoProject_250723\scripts\export_logtrace_3.py","C:\SNS_24AutoProject_250723\scripts\export_logtrace_3.py","MOVE"
"0446D25228E9D8769F4C4BCC9D62D4E1FFAD4489F26F013E68C017C0587B09A3","export_logtrace_3.py","C:\SNS_24AutoProject_250723\scripts\export_logtrace_3.py","C:\SNS_24AutoProject_250723\scripts\export_logtrace_3.py","MOVE"
"0446D25228E9D8769F4C4BCC9D62D4E1FFAD4489F26F013E68C017C0587B09A3","export_logtrace_3.py","C:\SNS_24AutoProject_250723\scripts\export_logtrace_3.py","C:\SNS_24AutoProject_250723\scripts\export_logtrace_3.py","MOVE"
"9C5636FAE1E99DC5BA27C594AF2FFA650BDEBA71F552E7640D918A2041A00FEF","export_logtrace_4.py","C:\SNS_24AutoProject_250723\scripts\export_logtrace_4.py","C:\SNS_24AutoProject_250723\scripts\export_logtrace_4.py","MOVE"
"9C5636FAE1E99DC5BA27C594AF2FFA650BDEBA71F552E7640D918A2041A00FEF","export_logtrace_4.py","C:\SNS_24AutoProject_250723\scripts\export_logtrace_4.py","C:\SNS_24AutoProject_250723\scripts\export_logtrace_4.py","MOVE"
"9C5636FAE1E99DC5BA27C594AF2FFA650BDEBA71F552E7640D918A2041A00FEF","export_logtrace_4.py","C:\SNS_24AutoProject_250723\scripts\export_logtrace_4.py","C:\SNS_24AutoProject_250723\scripts\export_logtrace_4.py","MOVE"
"0446D25228E9D8769F4C4BCC9D62D4E1FFAD4489F26F013E68C017C0587B09A3","export_logtrace_5.py","C:\SNS_24AutoProject_250723\scripts\export_logtrace_5.py","C:\SNS_24AutoProject_250723\scripts\export_logtrace_5.py","MOVE"
"0446D25228E9D8769F4C4BCC9D62D4E1FFAD4489F26F013E68C017C0587B09A3","export_logtrace_5.py","C:\SNS_24AutoProject_250723\scripts\export_logtrace_5.py","C:\SNS_24AutoProject_250723\scripts\export_logtrace_5.py","MOVE"
"0446D25228E9D8769F4C4BCC9D62D4E1FFAD4489F26F013E68C017C0587B09A3","export_logtrace_5.py","C:\SNS_24AutoProject_250723\scripts\export_logtrace_5.py","C:\SNS_24AutoProject_250723\scripts\export_logtrace_5.py","MOVE"
"9C5636FAE1E99DC5BA27C594AF2FFA650BDEBA71F552E7640D918A2041A00FEF","export_logtrace_6.py","C:\SNS_24AutoProject_250723\scripts\export_logtrace_6.py","C:\SNS_24AutoProject_250723\scripts\export_logtrace_6.py","MOVE"
"9C5636FAE1E99DC5BA27C594AF2FFA650BDEBA71F552E7640D918A2041A00FEF","export_logtrace_6.py","C:\SNS_24AutoProject_250723\scripts\export_logtrace_6.py","C:\SNS_24AutoProject_250723\scripts\export_logtrace_6.py","MOVE"
"9C5636FAE1E99DC5BA27C594AF2FFA650BDEBA71F552E7640D918A2041A00FEF","export_logtrace_6.py","C:\SNS_24AutoProject_250723\scripts\export_logtrace_6.py","C:\SNS_24AutoProject_250723\scripts\export_logtrace_6.py","MOVE"
"55207B10D76A8F498D2BFAC80A378309C4081F1EB0D20031D0AE7E1946318D7E","export_logtrace_to_csv_1.py","C:\SNS_24AutoProject_250723\scripts\export_logtrace_to_csv_1.py","C:\SNS_24AutoProject_250723\scripts\export_logtrace_to_csv_1.py","MOVE"
"55207B10D76A8F498D2BFAC80A378309C4081F1EB0D20031D0AE7E1946318D7E","export_logtrace_to_csv_1.py","C:\SNS_24AutoProject_250723\scripts\export_logtrace_to_csv_1.py","C:\SNS_24AutoProject_250723\scripts\export_logtrace_to_csv_1.py","MOVE"
"55207B10D76A8F498D2BFAC80A378309C4081F1EB0D20031D0AE7E1946318D7E","export_logtrace_to_csv_1.py","C:\SNS_24AutoProject_250723\scripts\export_logtrace_to_csv_1.py","C:\SNS_24AutoProject_250723\scripts\export_logtrace_to_csv_1.py","MOVE"
"55207B10D76A8F498D2BFAC80A378309C4081F1EB0D20031D0AE7E1946318D7E","export_logtrace_to_csv_1.py","C:\SNS_24AutoProject_250723\scripts\export_logtrace_to_csv_1.py","C:\SNS_24AutoProject_250723\scripts\export_logtrace_to_csv_1.py","MOVE"
"55207B10D76A8F498D2BFAC80A378309C4081F1EB0D20031D0AE7E1946318D7E","export_logtrace_to_csv_1.py","C:\SNS_24AutoProject_250723\scripts\export_logtrace_to_csv_1.py","C:\SNS_24AutoProject_250723\scripts\export_logtrace_to_csv_1.py","MOVE"
"55207B10D76A8F498D2BFAC80A378309C4081F1EB0D20031D0AE7E1946318D7E","export_logtrace_to_csv_1.py","C:\SNS_24AutoProject_250723\scripts\export_logtrace_to_csv_1.py","C:\SNS_24AutoProject_250723\scripts\export_logtrace_to_csv_1.py","MOVE"
"55207B10D76A8F498D2BFAC80A378309C4081F1EB0D20031D0AE7E1946318D7E","export_logtrace_to_csv_2.py","C:\SNS_24AutoProject_250723\scripts\export_logtrace_to_csv_2.py","C:\SNS_24AutoProject_250723\scripts\export_logtrace_to_csv_2.py","MOVE"
"55207B10D76A8F498D2BFAC80A378309C4081F1EB0D20031D0AE7E1946318D7E","export_logtrace_to_csv_2.py","C:\SNS_24AutoProject_250723\scripts\export_logtrace_to_csv_2.py","C:\SNS_24AutoProject_250723\scripts\export_logtrace_to_csv_2.py","MOVE"
"55207B10D76A8F498D2BFAC80A378309C4081F1EB0D20031D0AE7E1946318D7E","export_logtrace_to_csv_2.py","C:\SNS_24AutoProject_250723\scripts\export_logtrace_to_csv_2.py","C:\SNS_24AutoProject_250723\scripts\export_logtrace_to_csv_2.py","MOVE"
"55207B10D76A8F498D2BFAC80A378309C4081F1EB0D20031D0AE7E1946318D7E","export_logtrace_to_csv_2.py","C:\SNS_24AutoProject_250723\scripts\export_logtrace_to_csv_2.py","C:\SNS_24AutoProject_250723\scripts\export_logtrace_to_csv_2.py","MOVE"
"55207B10D76A8F498D2BFAC80A378309C4081F1EB0D20031D0AE7E1946318D7E","export_logtrace_to_csv_2.py","C:\SNS_24AutoProject_250723\scripts\export_logtrace_to_csv_2.py","C:\SNS_24AutoProject_250723\scripts\export_logtrace_to_csv_2.py","MOVE"
"55207B10D76A8F498D2BFAC80A378309C4081F1EB0D20031D0AE7E1946318D7E","export_logtrace_to_csv_2.py","C:\SNS_24AutoProject_250723\scripts\export_logtrace_to_csv_2.py","C:\SNS_24AutoProject_250723\scripts\export_logtrace_to_csv_2.py","MOVE"
"55207B10D76A8F498D2BFAC80A378309C4081F1EB0D20031D0AE7E1946318D7E","export_logtrace_to_csv_3.py","C:\SNS_24AutoProject_250723\scripts\export_logtrace_to_csv_3.py","C:\SNS_24AutoProject_250723\scripts\export_logtrace_to_csv_3.py","MOVE"
"55207B10D76A8F498D2BFAC80A378309C4081F1EB0D20031D0AE7E1946318D7E","export_logtrace_to_csv_3.py","C:\SNS_24AutoProject_250723\scripts\export_logtrace_to_csv_3.py","C:\SNS_24AutoProject_250723\scripts\export_logtrace_to_csv_3.py","MOVE"
"55207B10D76A8F498D2BFAC80A378309C4081F1EB0D20031D0AE7E1946318D7E","export_logtrace_to_csv_3.py","C:\SNS_24AutoProject_250723\scripts\export_logtrace_to_csv_3.py","C:\SNS_24AutoProject_250723\scripts\export_logtrace_to_csv_3.py","MOVE"
"55207B10D76A8F498D2BFAC80A378309C4081F1EB0D20031D0AE7E1946318D7E","export_logtrace_to_csv_3.py","C:\SNS_24AutoProject_250723\scripts\export_logtrace_to_csv_3.py","C:\SNS_24AutoProject_250723\scripts\export_logtrace_to_csv_3.py","MOVE"
"55207B10D76A8F498D2BFAC80A378309C4081F1EB0D20031D0AE7E1946318D7E","export_logtrace_to_csv_3.py","C:\SNS_24AutoProject_250723\scripts\export_logtrace_to_csv_3.py","C:\SNS_24AutoProject_250723\scripts\export_logtrace_to_csv_3.py","MOVE"
"55207B10D76A8F498D2BFAC80A378309C4081F1EB0D20031D0AE7E1946318D7E","export_logtrace_to_csv_3.py","C:\SNS_24AutoProject_250723\scripts\export_logtrace_to_csv_3.py","C:\SNS_24AutoProject_250723\scripts\export_logtrace_to_csv_3.py","MOVE"
"55207B10D76A8F498D2BFAC80A378309C4081F1EB0D20031D0AE7E1946318D7E","export_logtrace_to_csv_4.py","C:\SNS_24AutoProject_250723\scripts\export_logtrace_to_csv_4.py","C:\SNS_24AutoProject_250723\scripts\export_logtrace_to_csv_4.py","MOVE"
"55207B10D76A8F498D2BFAC80A378309C4081F1EB0D20031D0AE7E1946318D7E","export_logtrace_to_csv_4.py","C:\SNS_24AutoProject_250723\scripts\export_logtrace_to_csv_4.py","C:\SNS_24AutoProject_250723\scripts\export_logtrace_to_csv_4.py","MOVE"
"55207B10D76A8F498D2BFAC80A378309C4081F1EB0D20031D0AE7E1946318D7E","export_logtrace_to_csv_4.py","C:\SNS_24AutoProject_250723\scripts\export_logtrace_to_csv_4.py","C:\SNS_24AutoProject_250723\scripts\export_logtrace_to_csv_4.py","MOVE"
"55207B10D76A8F498D2BFAC80A378309C4081F1EB0D20031D0AE7E1946318D7E","export_logtrace_to_csv_4.py","C:\SNS_24AutoProject_250723\scripts\export_logtrace_to_csv_4.py","C:\SNS_24AutoProject_250723\scripts\export_logtrace_to_csv_4.py","MOVE"
"55207B10D76A8F498D2BFAC80A378309C4081F1EB0D20031D0AE7E1946318D7E","export_logtrace_to_csv_4.py","C:\SNS_24AutoProject_250723\scripts\export_logtrace_to_csv_4.py","C:\SNS_24AutoProject_250723\scripts\export_logtrace_to_csv_4.py","MOVE"
"55207B10D76A8F498D2BFAC80A378309C4081F1EB0D20031D0AE7E1946318D7E","export_logtrace_to_csv_4.py","C:\SNS_24AutoProject_250723\scripts\export_logtrace_to_csv_4.py","C:\SNS_24AutoProject_250723\scripts\export_logtrace_to_csv_4.py","MOVE"
"55207B10D76A8F498D2BFAC80A378309C4081F1EB0D20031D0AE7E1946318D7E","export_logtrace_to_csv_5.py","C:\SNS_24AutoProject_250723\scripts\export_logtrace_to_csv_5.py","C:\SNS_24AutoProject_250723\scripts\export_logtrace_to_csv_5.py","MOVE"
"55207B10D76A8F498D2BFAC80A378309C4081F1EB0D20031D0AE7E1946318D7E","export_logtrace_to_csv_5.py","C:\SNS_24AutoProject_250723\scripts\export_logtrace_to_csv_5.py","C:\SNS_24AutoProject_250723\scripts\export_logtrace_to_csv_5.py","MOVE"
"55207B10D76A8F498D2BFAC80A378309C4081F1EB0D20031D0AE7E1946318D7E","export_logtrace_to_csv_5.py","C:\SNS_24AutoProject_250723\scripts\export_logtrace_to_csv_5.py","C:\SNS_24AutoProject_250723\scripts\export_logtrace_to_csv_5.py","MOVE"
"55207B10D76A8F498D2BFAC80A378309C4081F1EB0D20031D0AE7E1946318D7E","export_logtrace_to_csv_5.py","C:\SNS_24AutoProject_250723\scripts\export_logtrace_to_csv_5.py","C:\SNS_24AutoProject_250723\scripts\export_logtrace_to_csv_5.py","MOVE"
"55207B10D76A8F498D2BFAC80A378309C4081F1EB0D20031D0AE7E1946318D7E","export_logtrace_to_csv_5.py","C:\SNS_24AutoProject_250723\scripts\export_logtrace_to_csv_5.py","C:\SNS_24AutoProject_250723\scripts\export_logtrace_to_csv_5.py","MOVE"
"55207B10D76A8F498D2BFAC80A378309C4081F1EB0D20031D0AE7E1946318D7E","export_logtrace_to_csv_5.py","C:\SNS_24AutoProject_250723\scripts\export_logtrace_to_csv_5.py","C:\SNS_24AutoProject_250723\scripts\export_logtrace_to_csv_5.py","MOVE"
"55207B10D76A8F498D2BFAC80A378309C4081F1EB0D20031D0AE7E1946318D7E","export_logtrace_to_csv_6.py","C:\SNS_24AutoProject_250723\scripts\export_logtrace_to_csv_6.py","C:\SNS_24AutoProject_250723\scripts\export_logtrace_to_csv_6.py","MOVE"
"55207B10D76A8F498D2BFAC80A378309C4081F1EB0D20031D0AE7E1946318D7E","export_logtrace_to_csv_6.py","C:\SNS_24AutoProject_250723\scripts\export_logtrace_to_csv_6.py","C:\SNS_24AutoProject_250723\scripts\export_logtrace_to_csv_6.py","MOVE"
"55207B10D76A8F498D2BFAC80A378309C4081F1EB0D20031D0AE7E1946318D7E","export_logtrace_to_csv_6.py","C:\SNS_24AutoProject_250723\scripts\export_logtrace_to_csv_6.py","C:\SNS_24AutoProject_250723\scripts\export_logtrace_to_csv_6.py","MOVE"
"55207B10D76A8F498D2BFAC80A378309C4081F1EB0D20031D0AE7E1946318D7E","export_logtrace_to_csv_6.py","C:\SNS_24AutoProject_250723\scripts\export_logtrace_to_csv_6.py","C:\SNS_24AutoProject_250723\scripts\export_logtrace_to_csv_6.py","MOVE"
"55207B10D76A8F498D2BFAC80A378309C4081F1EB0D20031D0AE7E1946318D7E","export_logtrace_to_csv_6.py","C:\SNS_24AutoProject_250723\scripts\export_logtrace_to_csv_6.py","C:\SNS_24AutoProject_250723\scripts\export_logtrace_to_csv_6.py","MOVE"
"55207B10D76A8F498D2BFAC80A378309C4081F1EB0D20031D0AE7E1946318D7E","export_logtrace_to_csv_6.py","C:\SNS_24AutoProject_250723\scripts\export_logtrace_to_csv_6.py","C:\SNS_24AutoProject_250723\scripts\export_logtrace_to_csv_6.py","MOVE"
"2B3B00742E3DDDBEF24E3015B17E1FDD7917DB5FE131509477549A07282CA4BF","export_logtrace_to_csv_with_datetime.py","C:\SNS_24AutoProject_250723\scripts\export_logtrace_to_csv_with_datetime.py","C:\SNS_24AutoProject_250723\scripts\export_logtrace_to_csv_with_datetime.py","MOVE"
"2B3B00742E3DDDBEF24E3015B17E1FDD7917DB5FE131509477549A07282CA4BF","export_logtrace_to_csv_with_datetime.py","C:\SNS_24AutoProject_250723\scripts\export_logtrace_to_csv_with_datetime.py","C:\SNS_24AutoProject_250723\scripts\export_logtrace_to_csv_with_datetime.py","MOVE"
"9E5ED0AF5D0B12C19AE12CF2EB3EA18AEF4155C5FDF23A7374CA5CDC7206DDCB","export_logtrace_to_csv_with_datetime_1.py","C:\SNS_24AutoProject_250723\scripts\export_logtrace_to_csv_with_datetime_1.py","C:\SNS_24AutoProject_250723\scripts\export_logtrace_to_csv_with_datetime_1.py","MOVE"
"9E5ED0AF5D0B12C19AE12CF2EB3EA18AEF4155C5FDF23A7374CA5CDC7206DDCB","export_logtrace_to_csv_with_datetime_1.py","C:\SNS_24AutoProject_250723\scripts\export_logtrace_to_csv_with_datetime_1.py","C:\SNS_24AutoProject_250723\scripts\export_logtrace_to_csv_with_datetime_1.py","MOVE"
"9E5ED0AF5D0B12C19AE12CF2EB3EA18AEF4155C5FDF23A7374CA5CDC7206DDCB","export_logtrace_to_csv_with_datetime_1.py","C:\SNS_24AutoProject_250723\scripts\export_logtrace_to_csv_with_datetime_1.py","C:\SNS_24AutoProject_250723\scripts\export_logtrace_to_csv_with_datetime_1.py","MOVE"
"9E5ED0AF5D0B12C19AE12CF2EB3EA18AEF4155C5FDF23A7374CA5CDC7206DDCB","export_logtrace_to_csv_with_datetime_1.py","C:\SNS_24AutoProject_250723\scripts\export_logtrace_to_csv_with_datetime_1.py","C:\SNS_24AutoProject_250723\scripts\export_logtrace_to_csv_with_datetime_1.py","MOVE"
"9E5ED0AF5D0B12C19AE12CF2EB3EA18AEF4155C5FDF23A7374CA5CDC7206DDCB","export_logtrace_to_csv_with_datetime_1.py","C:\SNS_24AutoProject_250723\scripts\export_logtrace_to_csv_with_datetime_1.py","C:\SNS_24AutoProject_250723\scripts\export_logtrace_to_csv_with_datetime_1.py","MOVE"
"9E5ED0AF5D0B12C19AE12CF2EB3EA18AEF4155C5FDF23A7374CA5CDC7206DDCB","export_logtrace_to_csv_with_datetime_1.py","C:\SNS_24AutoProject_250723\scripts\export_logtrace_to_csv_with_datetime_1.py","C:\SNS_24AutoProject_250723\scripts\export_logtrace_to_csv_with_datetime_1.py","MOVE"
"9E5ED0AF5D0B12C19AE12CF2EB3EA18AEF4155C5FDF23A7374CA5CDC7206DDCB","export_logtrace_to_csv_with_datetime_1.py","C:\SNS_24AutoProject_250723\scripts\export_logtrace_to_csv_with_datetime_1.py","C:\SNS_24AutoProject_250723\scripts\export_logtrace_to_csv_with_datetime_1.py","MOVE"
"9E5ED0AF5D0B12C19AE12CF2EB3EA18AEF4155C5FDF23A7374CA5CDC7206DDCB","export_logtrace_to_csv_with_datetime_1.py","C:\SNS_24AutoProject_250723\scripts\export_logtrace_to_csv_with_datetime_1.py","C:\SNS_24AutoProject_250723\scripts\export_logtrace_to_csv_with_datetime_1.py","MOVE"
"9E5ED0AF5D0B12C19AE12CF2EB3EA18AEF4155C5FDF23A7374CA5CDC7206DDCB","export_logtrace_to_csv_with_datetime_1.py","C:\SNS_24AutoProject_250723\scripts\export_logtrace_to_csv_with_datetime_1.py","C:\SNS_24AutoProject_250723\scripts\export_logtrace_to_csv_with_datetime_1.py","MOVE"
"9E5ED0AF5D0B12C19AE12CF2EB3EA18AEF4155C5FDF23A7374CA5CDC7206DDCB","export_logtrace_to_csv_with_datetime_1.py","C:\SNS_24AutoProject_250723\scripts\export_logtrace_to_csv_with_datetime_1.py","C:\SNS_24AutoProject_250723\scripts\export_logtrace_to_csv_with_datetime_1.py","MOVE"
"9E5ED0AF5D0B12C19AE12CF2EB3EA18AEF4155C5FDF23A7374CA5CDC7206DDCB","export_logtrace_to_csv_with_datetime_1.py","C:\SNS_24AutoProject_250723\scripts\export_logtrace_to_csv_with_datetime_1.py","C:\SNS_24AutoProject_250723\scripts\export_logtrace_to_csv_with_datetime_1.py","MOVE"
"9E5ED0AF5D0B12C19AE12CF2EB3EA18AEF4155C5FDF23A7374CA5CDC7206DDCB","export_logtrace_to_csv_with_datetime_1.py","C:\SNS_24AutoProject_250723\scripts\export_logtrace_to_csv_with_datetime_1.py","C:\SNS_24AutoProject_250723\scripts\export_logtrace_to_csv_with_datetime_1.py","MOVE"
"9E5ED0AF5D0B12C19AE12CF2EB3EA18AEF4155C5FDF23A7374CA5CDC7206DDCB","export_logtrace_to_csv_with_datetime_2.py","C:\SNS_24AutoProject_250723\scripts\export_logtrace_to_csv_with_datetime_2.py","C:\SNS_24AutoProject_250723\scripts\export_logtrace_to_csv_with_datetime_2.py","MOVE"
"9E5ED0AF5D0B12C19AE12CF2EB3EA18AEF4155C5FDF23A7374CA5CDC7206DDCB","export_logtrace_to_csv_with_datetime_2.py","C:\SNS_24AutoProject_250723\scripts\export_logtrace_to_csv_with_datetime_2.py","C:\SNS_24AutoProject_250723\scripts\export_logtrace_to_csv_with_datetime_2.py","MOVE"
"9E5ED0AF5D0B12C19AE12CF2EB3EA18AEF4155C5FDF23A7374CA5CDC7206DDCB","export_logtrace_to_csv_with_datetime_2.py","C:\SNS_24AutoProject_250723\scripts\export_logtrace_to_csv_with_datetime_2.py","C:\SNS_24AutoProject_250723\scripts\export_logtrace_to_csv_with_datetime_2.py","MOVE"
"9E5ED0AF5D0B12C19AE12CF2EB3EA18AEF4155C5FDF23A7374CA5CDC7206DDCB","export_logtrace_to_csv_with_datetime_2.py","C:\SNS_24AutoProject_250723\scripts\export_logtrace_to_csv_with_datetime_2.py","C:\SNS_24AutoProject_250723\scripts\export_logtrace_to_csv_with_datetime_2.py","MOVE"
"9E5ED0AF5D0B12C19AE12CF2EB3EA18AEF4155C5FDF23A7374CA5CDC7206DDCB","export_logtrace_to_csv_with_datetime_2.py","C:\SNS_24AutoProject_250723\scripts\export_logtrace_to_csv_with_datetime_2.py","C:\SNS_24AutoProject_250723\scripts\export_logtrace_to_csv_with_datetime_2.py","MOVE"
"9E5ED0AF5D0B12C19AE12CF2EB3EA18AEF4155C5FDF23A7374CA5CDC7206DDCB","export_logtrace_to_csv_with_datetime_2.py","C:\SNS_24AutoProject_250723\scripts\export_logtrace_to_csv_with_datetime_2.py","C:\SNS_24AutoProject_250723\scripts\export_logtrace_to_csv_with_datetime_2.py","MOVE"
"9E5ED0AF5D0B12C19AE12CF2EB3EA18AEF4155C5FDF23A7374CA5CDC7206DDCB","export_logtrace_to_csv_with_datetime_2.py","C:\SNS_24AutoProject_250723\scripts\export_logtrace_to_csv_with_datetime_2.py","C:\SNS_24AutoProject_250723\scripts\export_logtrace_to_csv_with_datetime_2.py","MOVE"
"9E5ED0AF5D0B12C19AE12CF2EB3EA18AEF4155C5FDF23A7374CA5CDC7206DDCB","export_logtrace_to_csv_with_datetime_2.py","C:\SNS_24AutoProject_250723\scripts\export_logtrace_to_csv_with_datetime_2.py","C:\SNS_24AutoProject_250723\scripts\export_logtrace_to_csv_with_datetime_2.py","MOVE"
"9E5ED0AF5D0B12C19AE12CF2EB3EA18AEF4155C5FDF23A7374CA5CDC7206DDCB","export_logtrace_to_csv_with_datetime_2.py","C:\SNS_24AutoProject_250723\scripts\export_logtrace_to_csv_with_datetime_2.py","C:\SNS_24AutoProject_250723\scripts\export_logtrace_to_csv_with_datetime_2.py","MOVE"
"9E5ED0AF5D0B12C19AE12CF2EB3EA18AEF4155C5FDF23A7374CA5CDC7206DDCB","export_logtrace_to_csv_with_datetime_2.py","C:\SNS_24AutoProject_250723\scripts\export_logtrace_to_csv_with_datetime_2.py","C:\SNS_24AutoProject_250723\scripts\export_logtrace_to_csv_with_datetime_2.py","MOVE"
"9E5ED0AF5D0B12C19AE12CF2EB3EA18AEF4155C5FDF23A7374CA5CDC7206DDCB","export_logtrace_to_csv_with_datetime_2.py","C:\SNS_24AutoProject_250723\scripts\export_logtrace_to_csv_with_datetime_2.py","C:\SNS_24AutoProject_250723\scripts\export_logtrace_to_csv_with_datetime_2.py","MOVE"
"9E5ED0AF5D0B12C19AE12CF2EB3EA18AEF4155C5FDF23A7374CA5CDC7206DDCB","export_logtrace_to_csv_with_datetime_2.py","C:\SNS_24AutoProject_250723\scripts\export_logtrace_to_csv_with_datetime_2.py","C:\SNS_24AutoProject_250723\scripts\export_logtrace_to_csv_with_datetime_2.py","MOVE"
"9E5ED0AF5D0B12C19AE12CF2EB3EA18AEF4155C5FDF23A7374CA5CDC7206DDCB","export_logtrace_to_csv_with_datetime_3.py","C:\SNS_24AutoProject_250723\scripts\export_logtrace_to_csv_with_datetime_3.py","C:\SNS_24AutoProject_250723\scripts\export_logtrace_to_csv_with_datetime_3.py","MOVE"
"9E5ED0AF5D0B12C19AE12CF2EB3EA18AEF4155C5FDF23A7374CA5CDC7206DDCB","export_logtrace_to_csv_with_datetime_3.py","C:\SNS_24AutoProject_250723\scripts\export_logtrace_to_csv_with_datetime_3.py","C:\SNS_24AutoProject_250723\scripts\export_logtrace_to_csv_with_datetime_3.py","MOVE"
"9E5ED0AF5D0B12C19AE12CF2EB3EA18AEF4155C5FDF23A7374CA5CDC7206DDCB","export_logtrace_to_csv_with_datetime_3.py","C:\SNS_24AutoProject_250723\scripts\export_logtrace_to_csv_with_datetime_3.py","C:\SNS_24AutoProject_250723\scripts\export_logtrace_to_csv_with_datetime_3.py","MOVE"
"9E5ED0AF5D0B12C19AE12CF2EB3EA18AEF4155C5FDF23A7374CA5CDC7206DDCB","export_logtrace_to_csv_with_datetime_3.py","C:\SNS_24AutoProject_250723\scripts\export_logtrace_to_csv_with_datetime_3.py","C:\SNS_24AutoProject_250723\scripts\export_logtrace_to_csv_with_datetime_3.py","MOVE"
"9E5ED0AF5D0B12C19AE12CF2EB3EA18AEF4155C5FDF23A7374CA5CDC7206DDCB","export_logtrace_to_csv_with_datetime_3.py","C:\SNS_24AutoProject_250723\scripts\export_logtrace_to_csv_with_datetime_3.py","C:\SNS_24AutoProject_250723\scripts\export_logtrace_to_csv_with_datetime_3.py","MOVE"
"9E5ED0AF5D0B12C19AE12CF2EB3EA18AEF4155C5FDF23A7374CA5CDC7206DDCB","export_logtrace_to_csv_with_datetime_3.py","C:\SNS_24AutoProject_250723\scripts\export_logtrace_to_csv_with_datetime_3.py","C:\SNS_24AutoProject_250723\scripts\export_logtrace_to_csv_with_datetime_3.py","MOVE"
"9E5ED0AF5D0B12C19AE12CF2EB3EA18AEF4155C5FDF23A7374CA5CDC7206DDCB","export_logtrace_to_csv_with_datetime_3.py","C:\SNS_24AutoProject_250723\scripts\export_logtrace_to_csv_with_datetime_3.py","C:\SNS_24AutoProject_250723\scripts\export_logtrace_to_csv_with_datetime_3.py","MOVE"
"9E5ED0AF5D0B12C19AE12CF2EB3EA18AEF4155C5FDF23A7374CA5CDC7206DDCB","export_logtrace_to_csv_with_datetime_3.py","C:\SNS_24AutoProject_250723\scripts\export_logtrace_to_csv_with_datetime_3.py","C:\SNS_24AutoProject_250723\scripts\export_logtrace_to_csv_with_datetime_3.py","MOVE"
"9E5ED0AF5D0B12C19AE12CF2EB3EA18AEF4155C5FDF23A7374CA5CDC7206DDCB","export_logtrace_to_csv_with_datetime_3.py","C:\SNS_24AutoProject_250723\scripts\export_logtrace_to_csv_with_datetime_3.py","C:\SNS_24AutoProject_250723\scripts\export_logtrace_to_csv_with_datetime_3.py","MOVE"
"9E5ED0AF5D0B12C19AE12CF2EB3EA18AEF4155C5FDF23A7374CA5CDC7206DDCB","export_logtrace_to_csv_with_datetime_3.py","C:\SNS_24AutoProject_250723\scripts\export_logtrace_to_csv_with_datetime_3.py","C:\SNS_24AutoProject_250723\scripts\export_logtrace_to_csv_with_datetime_3.py","MOVE"
"9E5ED0AF5D0B12C19AE12CF2EB3EA18AEF4155C5FDF23A7374CA5CDC7206DDCB","export_logtrace_to_csv_with_datetime_3.py","C:\SNS_24AutoProject_250723\scripts\export_logtrace_to_csv_with_datetime_3.py","C:\SNS_24AutoProject_250723\scripts\export_logtrace_to_csv_with_datetime_3.py","MOVE"
"9E5ED0AF5D0B12C19AE12CF2EB3EA18AEF4155C5FDF23A7374CA5CDC7206DDCB","export_logtrace_to_csv_with_datetime_3.py","C:\SNS_24AutoProject_250723\scripts\export_logtrace_to_csv_with_datetime_3.py","C:\SNS_24AutoProject_250723\scripts\export_logtrace_to_csv_with_datetime_3.py","MOVE"
"9E5ED0AF5D0B12C19AE12CF2EB3EA18AEF4155C5FDF23A7374CA5CDC7206DDCB","export_logtrace_to_csv_with_datetime_4.py","C:\SNS_24AutoProject_250723\scripts\export_logtrace_to_csv_with_datetime_4.py","C:\SNS_24AutoProject_250723\scripts\export_logtrace_to_csv_with_datetime_4.py","MOVE"
"9E5ED0AF5D0B12C19AE12CF2EB3EA18AEF4155C5FDF23A7374CA5CDC7206DDCB","export_logtrace_to_csv_with_datetime_4.py","C:\SNS_24AutoProject_250723\scripts\export_logtrace_to_csv_with_datetime_4.py","C:\SNS_24AutoProject_250723\scripts\export_logtrace_to_csv_with_datetime_4.py","MOVE"
"9E5ED0AF5D0B12C19AE12CF2EB3EA18AEF4155C5FDF23A7374CA5CDC7206DDCB","export_logtrace_to_csv_with_datetime_4.py","C:\SNS_24AutoProject_250723\scripts\export_logtrace_to_csv_with_datetime_4.py","C:\SNS_24AutoProject_250723\scripts\export_logtrace_to_csv_with_datetime_4.py","MOVE"
"9E5ED0AF5D0B12C19AE12CF2EB3EA18AEF4155C5FDF23A7374CA5CDC7206DDCB","export_logtrace_to_csv_with_datetime_4.py","C:\SNS_24AutoProject_250723\scripts\export_logtrace_to_csv_with_datetime_4.py","C:\SNS_24AutoProject_250723\scripts\export_logtrace_to_csv_with_datetime_4.py","MOVE"
"9E5ED0AF5D0B12C19AE12CF2EB3EA18AEF4155C5FDF23A7374CA5CDC7206DDCB","export_logtrace_to_csv_with_datetime_4.py","C:\SNS_24AutoProject_250723\scripts\export_logtrace_to_csv_with_datetime_4.py","C:\SNS_24AutoProject_250723\scripts\export_logtrace_to_csv_with_datetime_4.py","MOVE"
"9E5ED0AF5D0B12C19AE12CF2EB3EA18AEF4155C5FDF23A7374CA5CDC7206DDCB","export_logtrace_to_csv_with_datetime_4.py","C:\SNS_24AutoProject_250723\scripts\export_logtrace_to_csv_with_datetime_4.py","C:\SNS_24AutoProject_250723\scripts\export_logtrace_to_csv_with_datetime_4.py","MOVE"
"9E5ED0AF5D0B12C19AE12CF2EB3EA18AEF4155C5FDF23A7374CA5CDC7206DDCB","export_logtrace_to_csv_with_datetime_4.py","C:\SNS_24AutoProject_250723\scripts\export_logtrace_to_csv_with_datetime_4.py","C:\SNS_24AutoProject_250723\scripts\export_logtrace_to_csv_with_datetime_4.py","MOVE"
"9E5ED0AF5D0B12C19AE12CF2EB3EA18AEF4155C5FDF23A7374CA5CDC7206DDCB","export_logtrace_to_csv_with_datetime_4.py","C:\SNS_24AutoProject_250723\scripts\export_logtrace_to_csv_with_datetime_4.py","C:\SNS_24AutoProject_250723\scripts\export_logtrace_to_csv_with_datetime_4.py","MOVE"
"9E5ED0AF5D0B12C19AE12CF2EB3EA18AEF4155C5FDF23A7374CA5CDC7206DDCB","export_logtrace_to_csv_with_datetime_4.py","C:\SNS_24AutoProject_250723\scripts\export_logtrace_to_csv_with_datetime_4.py","C:\SNS_24AutoProject_250723\scripts\export_logtrace_to_csv_with_datetime_4.py","MOVE"
"9E5ED0AF5D0B12C19AE12CF2EB3EA18AEF4155C5FDF23A7374CA5CDC7206DDCB","export_logtrace_to_csv_with_datetime_4.py","C:\SNS_24AutoProject_250723\scripts\export_logtrace_to_csv_with_datetime_4.py","C:\SNS_24AutoProject_250723\scripts\export_logtrace_to_csv_with_datetime_4.py","MOVE"
"9E5ED0AF5D0B12C19AE12CF2EB3EA18AEF4155C5FDF23A7374CA5CDC7206DDCB","export_logtrace_to_csv_with_datetime_4.py","C:\SNS_24AutoProject_250723\scripts\export_logtrace_to_csv_with_datetime_4.py","C:\SNS_24AutoProject_250723\scripts\export_logtrace_to_csv_with_datetime_4.py","MOVE"
"9E5ED0AF5D0B12C19AE12CF2EB3EA18AEF4155C5FDF23A7374CA5CDC7206DDCB","export_logtrace_to_csv_with_datetime_4.py","C:\SNS_24AutoProject_250723\scripts\export_logtrace_to_csv_with_datetime_4.py","C:\SNS_24AutoProject_250723\scripts\export_logtrace_to_csv_with_datetime_4.py","MOVE"
"9E5ED0AF5D0B12C19AE12CF2EB3EA18AEF4155C5FDF23A7374CA5CDC7206DDCB","export_logtrace_to_csv_with_datetime_5.py","C:\SNS_24AutoProject_250723\scripts\export_logtrace_to_csv_with_datetime_5.py","C:\SNS_24AutoProject_250723\scripts\export_logtrace_to_csv_with_datetime_5.py","MOVE"
"9E5ED0AF5D0B12C19AE12CF2EB3EA18AEF4155C5FDF23A7374CA5CDC7206DDCB","export_logtrace_to_csv_with_datetime_5.py","C:\SNS_24AutoProject_250723\scripts\export_logtrace_to_csv_with_datetime_5.py","C:\SNS_24AutoProject_250723\scripts\export_logtrace_to_csv_with_datetime_5.py","MOVE"
"9E5ED0AF5D0B12C19AE12CF2EB3EA18AEF4155C5FDF23A7374CA5CDC7206DDCB","export_logtrace_to_csv_with_datetime_5.py","C:\SNS_24AutoProject_250723\scripts\export_logtrace_to_csv_with_datetime_5.py","C:\SNS_24AutoProject_250723\scripts\export_logtrace_to_csv_with_datetime_5.py","MOVE"
"9E5ED0AF5D0B12C19AE12CF2EB3EA18AEF4155C5FDF23A7374CA5CDC7206DDCB","export_logtrace_to_csv_with_datetime_5.py","C:\SNS_24AutoProject_250723\scripts\export_logtrace_to_csv_with_datetime_5.py","C:\SNS_24AutoProject_250723\scripts\export_logtrace_to_csv_with_datetime_5.py","MOVE"
"9E5ED0AF5D0B12C19AE12CF2EB3EA18AEF4155C5FDF23A7374CA5CDC7206DDCB","export_logtrace_to_csv_with_datetime_5.py","C:\SNS_24AutoProject_250723\scripts\export_logtrace_to_csv_with_datetime_5.py","C:\SNS_24AutoProject_250723\scripts\export_logtrace_to_csv_with_datetime_5.py","MOVE"
"9E5ED0AF5D0B12C19AE12CF2EB3EA18AEF4155C5FDF23A7374CA5CDC7206DDCB","export_logtrace_to_csv_with_datetime_5.py","C:\SNS_24AutoProject_250723\scripts\export_logtrace_to_csv_with_datetime_5.py","C:\SNS_24AutoProject_250723\scripts\export_logtrace_to_csv_with_datetime_5.py","MOVE"
"9E5ED0AF5D0B12C19AE12CF2EB3EA18AEF4155C5FDF23A7374CA5CDC7206DDCB","export_logtrace_to_csv_with_datetime_5.py","C:\SNS_24AutoProject_250723\scripts\export_logtrace_to_csv_with_datetime_5.py","C:\SNS_24AutoProject_250723\scripts\export_logtrace_to_csv_with_datetime_5.py","MOVE"
"9E5ED0AF5D0B12C19AE12CF2EB3EA18AEF4155C5FDF23A7374CA5CDC7206DDCB","export_logtrace_to_csv_with_datetime_5.py","C:\SNS_24AutoProject_250723\scripts\export_logtrace_to_csv_with_datetime_5.py","C:\SNS_24AutoProject_250723\scripts\export_logtrace_to_csv_with_datetime_5.py","MOVE"
"9E5ED0AF5D0B12C19AE12CF2EB3EA18AEF4155C5FDF23A7374CA5CDC7206DDCB","export_logtrace_to_csv_with_datetime_5.py","C:\SNS_24AutoProject_250723\scripts\export_logtrace_to_csv_with_datetime_5.py","C:\SNS_24AutoProject_250723\scripts\export_logtrace_to_csv_with_datetime_5.py","MOVE"
"9E5ED0AF5D0B12C19AE12CF2EB3EA18AEF4155C5FDF23A7374CA5CDC7206DDCB","export_logtrace_to_csv_with_datetime_5.py","C:\SNS_24AutoProject_250723\scripts\export_logtrace_to_csv_with_datetime_5.py","C:\SNS_24AutoProject_250723\scripts\export_logtrace_to_csv_with_datetime_5.py","MOVE"
"9E5ED0AF5D0B12C19AE12CF2EB3EA18AEF4155C5FDF23A7374CA5CDC7206DDCB","export_logtrace_to_csv_with_datetime_5.py","C:\SNS_24AutoProject_250723\scripts\export_logtrace_to_csv_with_datetime_5.py","C:\SNS_24AutoProject_250723\scripts\export_logtrace_to_csv_with_datetime_5.py","MOVE"
"9E5ED0AF5D0B12C19AE12CF2EB3EA18AEF4155C5FDF23A7374CA5CDC7206DDCB","export_logtrace_to_csv_with_datetime_5.py","C:\SNS_24AutoProject_250723\scripts\export_logtrace_to_csv_with_datetime_5.py","C:\SNS_24AutoProject_250723\scripts\export_logtrace_to_csv_with_datetime_5.py","MOVE"
"9E5ED0AF5D0B12C19AE12CF2EB3EA18AEF4155C5FDF23A7374CA5CDC7206DDCB","export_logtrace_to_csv_with_datetime_6.py","C:\SNS_24AutoProject_250723\scripts\export_logtrace_to_csv_with_datetime_6.py","C:\SNS_24AutoProject_250723\scripts\export_logtrace_to_csv_with_datetime_6.py","MOVE"
"9E5ED0AF5D0B12C19AE12CF2EB3EA18AEF4155C5FDF23A7374CA5CDC7206DDCB","export_logtrace_to_csv_with_datetime_6.py","C:\SNS_24AutoProject_250723\scripts\export_logtrace_to_csv_with_datetime_6.py","C:\SNS_24AutoProject_250723\scripts\export_logtrace_to_csv_with_datetime_6.py","MOVE"
"9E5ED0AF5D0B12C19AE12CF2EB3EA18AEF4155C5FDF23A7374CA5CDC7206DDCB","export_logtrace_to_csv_with_datetime_6.py","C:\SNS_24AutoProject_250723\scripts\export_logtrace_to_csv_with_datetime_6.py","C:\SNS_24AutoProject_250723\scripts\export_logtrace_to_csv_with_datetime_6.py","MOVE"
"9E5ED0AF5D0B12C19AE12CF2EB3EA18AEF4155C5FDF23A7374CA5CDC7206DDCB","export_logtrace_to_csv_with_datetime_6.py","C:\SNS_24AutoProject_250723\scripts\export_logtrace_to_csv_with_datetime_6.py","C:\SNS_24AutoProject_250723\scripts\export_logtrace_to_csv_with_datetime_6.py","MOVE"
"9E5ED0AF5D0B12C19AE12CF2EB3EA18AEF4155C5FDF23A7374CA5CDC7206DDCB","export_logtrace_to_csv_with_datetime_6.py","C:\SNS_24AutoProject_250723\scripts\export_logtrace_to_csv_with_datetime_6.py","C:\SNS_24AutoProject_250723\scripts\export_logtrace_to_csv_with_datetime_6.py","MOVE"
"9E5ED0AF5D0B12C19AE12CF2EB3EA18AEF4155C5FDF23A7374CA5CDC7206DDCB","export_logtrace_to_csv_with_datetime_6.py","C:\SNS_24AutoProject_250723\scripts\export_logtrace_to_csv_with_datetime_6.py","C:\SNS_24AutoProject_250723\scripts\export_logtrace_to_csv_with_datetime_6.py","MOVE"
"9E5ED0AF5D0B12C19AE12CF2EB3EA18AEF4155C5FDF23A7374CA5CDC7206DDCB","export_logtrace_to_csv_with_datetime_6.py","C:\SNS_24AutoProject_250723\scripts\export_logtrace_to_csv_with_datetime_6.py","C:\SNS_24AutoProject_250723\scripts\export_logtrace_to_csv_with_datetime_6.py","MOVE"
"9E5ED0AF5D0B12C19AE12CF2EB3EA18AEF4155C5FDF23A7374CA5CDC7206DDCB","export_logtrace_to_csv_with_datetime_6.py","C:\SNS_24AutoProject_250723\scripts\export_logtrace_to_csv_with_datetime_6.py","C:\SNS_24AutoProject_250723\scripts\export_logtrace_to_csv_with_datetime_6.py","MOVE"
"9E5ED0AF5D0B12C19AE12CF2EB3EA18AEF4155C5FDF23A7374CA5CDC7206DDCB","export_logtrace_to_csv_with_datetime_6.py","C:\SNS_24AutoProject_250723\scripts\export_logtrace_to_csv_with_datetime_6.py","C:\SNS_24AutoProject_250723\scripts\export_logtrace_to_csv_with_datetime_6.py","MOVE"
"9E5ED0AF5D0B12C19AE12CF2EB3EA18AEF4155C5FDF23A7374CA5CDC7206DDCB","export_logtrace_to_csv_with_datetime_6.py","C:\SNS_24AutoProject_250723\scripts\export_logtrace_to_csv_with_datetime_6.py","C:\SNS_24AutoProject_250723\scripts\export_logtrace_to_csv_with_datetime_6.py","MOVE"
"9E5ED0AF5D0B12C19AE12CF2EB3EA18AEF4155C5FDF23A7374CA5CDC7206DDCB","export_logtrace_to_csv_with_datetime_6.py","C:\SNS_24AutoProject_250723\scripts\export_logtrace_to_csv_with_datetime_6.py","C:\SNS_24AutoProject_250723\scripts\export_logtrace_to_csv_with_datetime_6.py","MOVE"
"9E5ED0AF5D0B12C19AE12CF2EB3EA18AEF4155C5FDF23A7374CA5CDC7206DDCB","export_logtrace_to_csv_with_datetime_6.py","C:\SNS_24AutoProject_250723\scripts\export_logtrace_to_csv_with_datetime_6.py","C:\SNS_24AutoProject_250723\scripts\export_logtrace_to_csv_with_datetime_6.py","MOVE"
"FC0941B2B2B72256E8137C7D18331F8546FE48529A0DDC3FC6ACAB9059A4FC94","export_logtrace_to_excel_1.py","C:\SNS_24AutoProject_250723\scripts\export_logtrace_to_excel_1.py","C:\SNS_24AutoProject_250723\scripts\export_logtrace_to_excel_1.py","MOVE"
"FC0941B2B2B72256E8137C7D18331F8546FE48529A0DDC3FC6ACAB9059A4FC94","export_logtrace_to_excel_1.py","C:\SNS_24AutoProject_250723\scripts\export_logtrace_to_excel_1.py","C:\SNS_24AutoProject_250723\scripts\export_logtrace_to_excel_1.py","MOVE"
"FC0941B2B2B72256E8137C7D18331F8546FE48529A0DDC3FC6ACAB9059A4FC94","export_logtrace_to_excel_1.py","C:\SNS_24AutoProject_250723\scripts\export_logtrace_to_excel_1.py","C:\SNS_24AutoProject_250723\scripts\export_logtrace_to_excel_1.py","MOVE"
"FC0941B2B2B72256E8137C7D18331F8546FE48529A0DDC3FC6ACAB9059A4FC94","export_logtrace_to_excel_1.py","C:\SNS_24AutoProject_250723\scripts\export_logtrace_to_excel_1.py","C:\SNS_24AutoProject_250723\scripts\export_logtrace_to_excel_1.py","MOVE"
"FC0941B2B2B72256E8137C7D18331F8546FE48529A0DDC3FC6ACAB9059A4FC94","export_logtrace_to_excel_1.py","C:\SNS_24AutoProject_250723\scripts\export_logtrace_to_excel_1.py","C:\SNS_24AutoProject_250723\scripts\export_logtrace_to_excel_1.py","MOVE"
"FC0941B2B2B72256E8137C7D18331F8546FE48529A0DDC3FC6ACAB9059A4FC94","export_logtrace_to_excel_1.py","C:\SNS_24AutoProject_250723\scripts\export_logtrace_to_excel_1.py","C:\SNS_24AutoProject_250723\scripts\export_logtrace_to_excel_1.py","MOVE"
"FC0941B2B2B72256E8137C7D18331F8546FE48529A0DDC3FC6ACAB9059A4FC94","export_logtrace_to_excel_2.py","C:\SNS_24AutoProject_250723\scripts\export_logtrace_to_excel_2.py","C:\SNS_24AutoProject_250723\scripts\export_logtrace_to_excel_2.py","MOVE"
"FC0941B2B2B72256E8137C7D18331F8546FE48529A0DDC3FC6ACAB9059A4FC94","export_logtrace_to_excel_2.py","C:\SNS_24AutoProject_250723\scripts\export_logtrace_to_excel_2.py","C:\SNS_24AutoProject_250723\scripts\export_logtrace_to_excel_2.py","MOVE"
"FC0941B2B2B72256E8137C7D18331F8546FE48529A0DDC3FC6ACAB9059A4FC94","export_logtrace_to_excel_2.py","C:\SNS_24AutoProject_250723\scripts\export_logtrace_to_excel_2.py","C:\SNS_24AutoProject_250723\scripts\export_logtrace_to_excel_2.py","MOVE"
"FC0941B2B2B72256E8137C7D18331F8546FE48529A0DDC3FC6ACAB9059A4FC94","export_logtrace_to_excel_2.py","C:\SNS_24AutoProject_250723\scripts\export_logtrace_to_excel_2.py","C:\SNS_24AutoProject_250723\scripts\export_logtrace_to_excel_2.py","MOVE"
"FC0941B2B2B72256E8137C7D18331F8546FE48529A0DDC3FC6ACAB9059A4FC94","export_logtrace_to_excel_2.py","C:\SNS_24AutoProject_250723\scripts\export_logtrace_to_excel_2.py","C:\SNS_24AutoProject_250723\scripts\export_logtrace_to_excel_2.py","MOVE"
"FC0941B2B2B72256E8137C7D18331F8546FE48529A0DDC3FC6ACAB9059A4FC94","export_logtrace_to_excel_2.py","C:\SNS_24AutoProject_250723\scripts\export_logtrace_to_excel_2.py","C:\SNS_24AutoProject_250723\scripts\export_logtrace_to_excel_2.py","MOVE"
"FC0941B2B2B72256E8137C7D18331F8546FE48529A0DDC3FC6ACAB9059A4FC94","export_logtrace_to_excel_3.py","C:\SNS_24AutoProject_250723\scripts\export_logtrace_to_excel_3.py","C:\SNS_24AutoProject_250723\scripts\export_logtrace_to_excel_3.py","MOVE"
"FC0941B2B2B72256E8137C7D18331F8546FE48529A0DDC3FC6ACAB9059A4FC94","export_logtrace_to_excel_3.py","C:\SNS_24AutoProject_250723\scripts\export_logtrace_to_excel_3.py","C:\SNS_24AutoProject_250723\scripts\export_logtrace_to_excel_3.py","MOVE"
"FC0941B2B2B72256E8137C7D18331F8546FE48529A0DDC3FC6ACAB9059A4FC94","export_logtrace_to_excel_3.py","C:\SNS_24AutoProject_250723\scripts\export_logtrace_to_excel_3.py","C:\SNS_24AutoProject_250723\scripts\export_logtrace_to_excel_3.py","MOVE"
"FC0941B2B2B72256E8137C7D18331F8546FE48529A0DDC3FC6ACAB9059A4FC94","export_logtrace_to_excel_3.py","C:\SNS_24AutoProject_250723\scripts\export_logtrace_to_excel_3.py","C:\SNS_24AutoProject_250723\scripts\export_logtrace_to_excel_3.py","MOVE"
"FC0941B2B2B72256E8137C7D18331F8546FE48529A0DDC3FC6ACAB9059A4FC94","export_logtrace_to_excel_3.py","C:\SNS_24AutoProject_250723\scripts\export_logtrace_to_excel_3.py","C:\SNS_24AutoProject_250723\scripts\export_logtrace_to_excel_3.py","MOVE"
"FC0941B2B2B72256E8137C7D18331F8546FE48529A0DDC3FC6ACAB9059A4FC94","export_logtrace_to_excel_3.py","C:\SNS_24AutoProject_250723\scripts\export_logtrace_to_excel_3.py","C:\SNS_24AutoProject_250723\scripts\export_logtrace_to_excel_3.py","MOVE"
"FC0941B2B2B72256E8137C7D18331F8546FE48529A0DDC3FC6ACAB9059A4FC94","export_logtrace_to_excel_4.py","C:\SNS_24AutoProject_250723\scripts\export_logtrace_to_excel_4.py","C:\SNS_24AutoProject_250723\scripts\export_logtrace_to_excel_4.py","MOVE"
"FC0941B2B2B72256E8137C7D18331F8546FE48529A0DDC3FC6ACAB9059A4FC94","export_logtrace_to_excel_4.py","C:\SNS_24AutoProject_250723\scripts\export_logtrace_to_excel_4.py","C:\SNS_24AutoProject_250723\scripts\export_logtrace_to_excel_4.py","MOVE"
"FC0941B2B2B72256E8137C7D18331F8546FE48529A0DDC3FC6ACAB9059A4FC94","export_logtrace_to_excel_4.py","C:\SNS_24AutoProject_250723\scripts\export_logtrace_to_excel_4.py","C:\SNS_24AutoProject_250723\scripts\export_logtrace_to_excel_4.py","MOVE"
"FC0941B2B2B72256E8137C7D18331F8546FE48529A0DDC3FC6ACAB9059A4FC94","export_logtrace_to_excel_4.py","C:\SNS_24AutoProject_250723\scripts\export_logtrace_to_excel_4.py","C:\SNS_24AutoProject_250723\scripts\export_logtrace_to_excel_4.py","MOVE"
"FC0941B2B2B72256E8137C7D18331F8546FE48529A0DDC3FC6ACAB9059A4FC94","export_logtrace_to_excel_4.py","C:\SNS_24AutoProject_250723\scripts\export_logtrace_to_excel_4.py","C:\SNS_24AutoProject_250723\scripts\export_logtrace_to_excel_4.py","MOVE"
"FC0941B2B2B72256E8137C7D18331F8546FE48529A0DDC3FC6ACAB9059A4FC94","export_logtrace_to_excel_4.py","C:\SNS_24AutoProject_250723\scripts\export_logtrace_to_excel_4.py","C:\SNS_24AutoProject_250723\scripts\export_logtrace_to_excel_4.py","MOVE"
"FC0941B2B2B72256E8137C7D18331F8546FE48529A0DDC3FC6ACAB9059A4FC94","export_logtrace_to_excel_5.py","C:\SNS_24AutoProject_250723\scripts\export_logtrace_to_excel_5.py","C:\SNS_24AutoProject_250723\scripts\export_logtrace_to_excel_5.py","MOVE"
"FC0941B2B2B72256E8137C7D18331F8546FE48529A0DDC3FC6ACAB9059A4FC94","export_logtrace_to_excel_5.py","C:\SNS_24AutoProject_250723\scripts\export_logtrace_to_excel_5.py","C:\SNS_24AutoProject_250723\scripts\export_logtrace_to_excel_5.py","MOVE"
"FC0941B2B2B72256E8137C7D18331F8546FE48529A0DDC3FC6ACAB9059A4FC94","export_logtrace_to_excel_5.py","C:\SNS_24AutoProject_250723\scripts\export_logtrace_to_excel_5.py","C:\SNS_24AutoProject_250723\scripts\export_logtrace_to_excel_5.py","MOVE"
"FC0941B2B2B72256E8137C7D18331F8546FE48529A0DDC3FC6ACAB9059A4FC94","export_logtrace_to_excel_5.py","C:\SNS_24AutoProject_250723\scripts\export_logtrace_to_excel_5.py","C:\SNS_24AutoProject_250723\scripts\export_logtrace_to_excel_5.py","MOVE"
"FC0941B2B2B72256E8137C7D18331F8546FE48529A0DDC3FC6ACAB9059A4FC94","export_logtrace_to_excel_5.py","C:\SNS_24AutoProject_250723\scripts\export_logtrace_to_excel_5.py","C:\SNS_24AutoProject_250723\scripts\export_logtrace_to_excel_5.py","MOVE"
"FC0941B2B2B72256E8137C7D18331F8546FE48529A0DDC3FC6ACAB9059A4FC94","export_logtrace_to_excel_5.py","C:\SNS_24AutoProject_250723\scripts\export_logtrace_to_excel_5.py","C:\SNS_24AutoProject_250723\scripts\export_logtrace_to_excel_5.py","MOVE"
"FC0941B2B2B72256E8137C7D18331F8546FE48529A0DDC3FC6ACAB9059A4FC94","export_logtrace_to_excel_6.py","C:\SNS_24AutoProject_250723\scripts\export_logtrace_to_excel_6.py","C:\SNS_24AutoProject_250723\scripts\export_logtrace_to_excel_6.py","MOVE"
"FC0941B2B2B72256E8137C7D18331F8546FE48529A0DDC3FC6ACAB9059A4FC94","export_logtrace_to_excel_6.py","C:\SNS_24AutoProject_250723\scripts\export_logtrace_to_excel_6.py","C:\SNS_24AutoProject_250723\scripts\export_logtrace_to_excel_6.py","MOVE"
"FC0941B2B2B72256E8137C7D18331F8546FE48529A0DDC3FC6ACAB9059A4FC94","export_logtrace_to_excel_6.py","C:\SNS_24AutoProject_250723\scripts\export_logtrace_to_excel_6.py","C:\SNS_24AutoProject_250723\scripts\export_logtrace_to_excel_6.py","MOVE"
"FC0941B2B2B72256E8137C7D18331F8546FE48529A0DDC3FC6ACAB9059A4FC94","export_logtrace_to_excel_6.py","C:\SNS_24AutoProject_250723\scripts\export_logtrace_to_excel_6.py","C:\SNS_24AutoProject_250723\scripts\export_logtrace_to_excel_6.py","MOVE"
"FC0941B2B2B72256E8137C7D18331F8546FE48529A0DDC3FC6ACAB9059A4FC94","export_logtrace_to_excel_6.py","C:\SNS_24AutoProject_250723\scripts\export_logtrace_to_excel_6.py","C:\SNS_24AutoProject_250723\scripts\export_logtrace_to_excel_6.py","MOVE"
"FC0941B2B2B72256E8137C7D18331F8546FE48529A0DDC3FC6ACAB9059A4FC94","export_logtrace_to_excel_6.py","C:\SNS_24AutoProject_250723\scripts\export_logtrace_to_excel_6.py","C:\SNS_24AutoProject_250723\scripts\export_logtrace_to_excel_6.py","MOVE"
"F9ED3E0D75825067E959E35FBAE15F7AEBDCD14FC0A721F7D2650219B4B3E725","export_logtrace_to_excel_with_datetime_1.py","C:\SNS_24AutoProject_250723\scripts\export_logtrace_to_excel_with_datetime_1.py","C:\SNS_24AutoProject_250723\scripts\export_logtrace_to_excel_with_datetime_1.py","MOVE"
"F9ED3E0D75825067E959E35FBAE15F7AEBDCD14FC0A721F7D2650219B4B3E725","export_logtrace_to_excel_with_datetime_1.py","C:\SNS_24AutoProject_250723\scripts\export_logtrace_to_excel_with_datetime_1.py","C:\SNS_24AutoProject_250723\scripts\export_logtrace_to_excel_with_datetime_1.py","MOVE"
"F9ED3E0D75825067E959E35FBAE15F7AEBDCD14FC0A721F7D2650219B4B3E725","export_logtrace_to_excel_with_datetime_1.py","C:\SNS_24AutoProject_250723\scripts\export_logtrace_to_excel_with_datetime_1.py","C:\SNS_24AutoProject_250723\scripts\export_logtrace_to_excel_with_datetime_1.py","MOVE"
"F9ED3E0D75825067E959E35FBAE15F7AEBDCD14FC0A721F7D2650219B4B3E725","export_logtrace_to_excel_with_datetime_1.py","C:\SNS_24AutoProject_250723\scripts\export_logtrace_to_excel_with_datetime_1.py","C:\SNS_24AutoProject_250723\scripts\export_logtrace_to_excel_with_datetime_1.py","MOVE"
"F9ED3E0D75825067E959E35FBAE15F7AEBDCD14FC0A721F7D2650219B4B3E725","export_logtrace_to_excel_with_datetime_1.py","C:\SNS_24AutoProject_250723\scripts\export_logtrace_to_excel_with_datetime_1.py","C:\SNS_24AutoProject_250723\scripts\export_logtrace_to_excel_with_datetime_1.py","MOVE"
"F9ED3E0D75825067E959E35FBAE15F7AEBDCD14FC0A721F7D2650219B4B3E725","export_logtrace_to_excel_with_datetime_1.py","C:\SNS_24AutoProject_250723\scripts\export_logtrace_to_excel_with_datetime_1.py","C:\SNS_24AutoProject_250723\scripts\export_logtrace_to_excel_with_datetime_1.py","MOVE"
"F9ED3E0D75825067E959E35FBAE15F7AEBDCD14FC0A721F7D2650219B4B3E725","export_logtrace_to_excel_with_datetime_2.py","C:\SNS_24AutoProject_250723\scripts\export_logtrace_to_excel_with_datetime_2.py","C:\SNS_24AutoProject_250723\scripts\export_logtrace_to_excel_with_datetime_2.py","MOVE"
"F9ED3E0D75825067E959E35FBAE15F7AEBDCD14FC0A721F7D2650219B4B3E725","export_logtrace_to_excel_with_datetime_2.py","C:\SNS_24AutoProject_250723\scripts\export_logtrace_to_excel_with_datetime_2.py","C:\SNS_24AutoProject_250723\scripts\export_logtrace_to_excel_with_datetime_2.py","MOVE"
"F9ED3E0D75825067E959E35FBAE15F7AEBDCD14FC0A721F7D2650219B4B3E725","export_logtrace_to_excel_with_datetime_2.py","C:\SNS_24AutoProject_250723\scripts\export_logtrace_to_excel_with_datetime_2.py","C:\SNS_24AutoProject_250723\scripts\export_logtrace_to_excel_with_datetime_2.py","MOVE"
"F9ED3E0D75825067E959E35FBAE15F7AEBDCD14FC0A721F7D2650219B4B3E725","export_logtrace_to_excel_with_datetime_2.py","C:\SNS_24AutoProject_250723\scripts\export_logtrace_to_excel_with_datetime_2.py","C:\SNS_24AutoProject_250723\scripts\export_logtrace_to_excel_with_datetime_2.py","MOVE"
"F9ED3E0D75825067E959E35FBAE15F7AEBDCD14FC0A721F7D2650219B4B3E725","export_logtrace_to_excel_with_datetime_2.py","C:\SNS_24AutoProject_250723\scripts\export_logtrace_to_excel_with_datetime_2.py","C:\SNS_24AutoProject_250723\scripts\export_logtrace_to_excel_with_datetime_2.py","MOVE"
"F9ED3E0D75825067E959E35FBAE15F7AEBDCD14FC0A721F7D2650219B4B3E725","export_logtrace_to_excel_with_datetime_2.py","C:\SNS_24AutoProject_250723\scripts\export_logtrace_to_excel_with_datetime_2.py","C:\SNS_24AutoProject_250723\scripts\export_logtrace_to_excel_with_datetime_2.py","MOVE"
"F9ED3E0D75825067E959E35FBAE15F7AEBDCD14FC0A721F7D2650219B4B3E725","export_logtrace_to_excel_with_datetime_3.py","C:\SNS_24AutoProject_250723\scripts\export_logtrace_to_excel_with_datetime_3.py","C:\SNS_24AutoProject_250723\scripts\export_logtrace_to_excel_with_datetime_3.py","MOVE"
"F9ED3E0D75825067E959E35FBAE15F7AEBDCD14FC0A721F7D2650219B4B3E725","export_logtrace_to_excel_with_datetime_3.py","C:\SNS_24AutoProject_250723\scripts\export_logtrace_to_excel_with_datetime_3.py","C:\SNS_24AutoProject_250723\scripts\export_logtrace_to_excel_with_datetime_3.py","MOVE"
"F9ED3E0D75825067E959E35FBAE15F7AEBDCD14FC0A721F7D2650219B4B3E725","export_logtrace_to_excel_with_datetime_3.py","C:\SNS_24AutoProject_250723\scripts\export_logtrace_to_excel_with_datetime_3.py","C:\SNS_24AutoProject_250723\scripts\export_logtrace_to_excel_with_datetime_3.py","MOVE"
"F9ED3E0D75825067E959E35FBAE15F7AEBDCD14FC0A721F7D2650219B4B3E725","export_logtrace_to_excel_with_datetime_3.py","C:\SNS_24AutoProject_250723\scripts\export_logtrace_to_excel_with_datetime_3.py","C:\SNS_24AutoProject_250723\scripts\export_logtrace_to_excel_with_datetime_3.py","MOVE"
"F9ED3E0D75825067E959E35FBAE15F7AEBDCD14FC0A721F7D2650219B4B3E725","export_logtrace_to_excel_with_datetime_3.py","C:\SNS_24AutoProject_250723\scripts\export_logtrace_to_excel_with_datetime_3.py","C:\SNS_24AutoProject_250723\scripts\export_logtrace_to_excel_with_datetime_3.py","MOVE"
"F9ED3E0D75825067E959E35FBAE15F7AEBDCD14FC0A721F7D2650219B4B3E725","export_logtrace_to_excel_with_datetime_3.py","C:\SNS_24AutoProject_250723\scripts\export_logtrace_to_excel_with_datetime_3.py","C:\SNS_24AutoProject_250723\scripts\export_logtrace_to_excel_with_datetime_3.py","MOVE"
"F9ED3E0D75825067E959E35FBAE15F7AEBDCD14FC0A721F7D2650219B4B3E725","export_logtrace_to_excel_with_datetime_4.py","C:\SNS_24AutoProject_250723\scripts\export_logtrace_to_excel_with_datetime_4.py","C:\SNS_24AutoProject_250723\scripts\export_logtrace_to_excel_with_datetime_4.py","MOVE"
"F9ED3E0D75825067E959E35FBAE15F7AEBDCD14FC0A721F7D2650219B4B3E725","export_logtrace_to_excel_with_datetime_4.py","C:\SNS_24AutoProject_250723\scripts\export_logtrace_to_excel_with_datetime_4.py","C:\SNS_24AutoProject_250723\scripts\export_logtrace_to_excel_with_datetime_4.py","MOVE"
"F9ED3E0D75825067E959E35FBAE15F7AEBDCD14FC0A721F7D2650219B4B3E725","export_logtrace_to_excel_with_datetime_4.py","C:\SNS_24AutoProject_250723\scripts\export_logtrace_to_excel_with_datetime_4.py","C:\SNS_24AutoProject_250723\scripts\export_logtrace_to_excel_with_datetime_4.py","MOVE"
"F9ED3E0D75825067E959E35FBAE15F7AEBDCD14FC0A721F7D2650219B4B3E725","export_logtrace_to_excel_with_datetime_4.py","C:\SNS_24AutoProject_250723\scripts\export_logtrace_to_excel_with_datetime_4.py","C:\SNS_24AutoProject_250723\scripts\export_logtrace_to_excel_with_datetime_4.py","MOVE"
"F9ED3E0D75825067E959E35FBAE15F7AEBDCD14FC0A721F7D2650219B4B3E725","export_logtrace_to_excel_with_datetime_4.py","C:\SNS_24AutoProject_250723\scripts\export_logtrace_to_excel_with_datetime_4.py","C:\SNS_24AutoProject_250723\scripts\export_logtrace_to_excel_with_datetime_4.py","MOVE"
"F9ED3E0D75825067E959E35FBAE15F7AEBDCD14FC0A721F7D2650219B4B3E725","export_logtrace_to_excel_with_datetime_4.py","C:\SNS_24AutoProject_250723\scripts\export_logtrace_to_excel_with_datetime_4.py","C:\SNS_24AutoProject_250723\scripts\export_logtrace_to_excel_with_datetime_4.py","MOVE"
"F9ED3E0D75825067E959E35FBAE15F7AEBDCD14FC0A721F7D2650219B4B3E725","export_logtrace_to_excel_with_datetime_5.py","C:\SNS_24AutoProject_250723\scripts\export_logtrace_to_excel_with_datetime_5.py","C:\SNS_24AutoProject_250723\scripts\export_logtrace_to_excel_with_datetime_5.py","MOVE"
"F9ED3E0D75825067E959E35FBAE15F7AEBDCD14FC0A721F7D2650219B4B3E725","export_logtrace_to_excel_with_datetime_5.py","C:\SNS_24AutoProject_250723\scripts\export_logtrace_to_excel_with_datetime_5.py","C:\SNS_24AutoProject_250723\scripts\export_logtrace_to_excel_with_datetime_5.py","MOVE"
"F9ED3E0D75825067E959E35FBAE15F7AEBDCD14FC0A721F7D2650219B4B3E725","export_logtrace_to_excel_with_datetime_5.py","C:\SNS_24AutoProject_250723\scripts\export_logtrace_to_excel_with_datetime_5.py","C:\SNS_24AutoProject_250723\scripts\export_logtrace_to_excel_with_datetime_5.py","MOVE"
"F9ED3E0D75825067E959E35FBAE15F7AEBDCD14FC0A721F7D2650219B4B3E725","export_logtrace_to_excel_with_datetime_5.py","C:\SNS_24AutoProject_250723\scripts\export_logtrace_to_excel_with_datetime_5.py","C:\SNS_24AutoProject_250723\scripts\export_logtrace_to_excel_with_datetime_5.py","MOVE"
"F9ED3E0D75825067E959E35FBAE15F7AEBDCD14FC0A721F7D2650219B4B3E725","export_logtrace_to_excel_with_datetime_5.py","C:\SNS_24AutoProject_250723\scripts\export_logtrace_to_excel_with_datetime_5.py","C:\SNS_24AutoProject_250723\scripts\export_logtrace_to_excel_with_datetime_5.py","MOVE"
"F9ED3E0D75825067E959E35FBAE15F7AEBDCD14FC0A721F7D2650219B4B3E725","export_logtrace_to_excel_with_datetime_5.py","C:\SNS_24AutoProject_250723\scripts\export_logtrace_to_excel_with_datetime_5.py","C:\SNS_24AutoProject_250723\scripts\export_logtrace_to_excel_with_datetime_5.py","MOVE"
"F9ED3E0D75825067E959E35FBAE15F7AEBDCD14FC0A721F7D2650219B4B3E725","export_logtrace_to_excel_with_datetime_6.py","C:\SNS_24AutoProject_250723\scripts\export_logtrace_to_excel_with_datetime_6.py","C:\SNS_24AutoProject_250723\scripts\export_logtrace_to_excel_with_datetime_6.py","MOVE"
"F9ED3E0D75825067E959E35FBAE15F7AEBDCD14FC0A721F7D2650219B4B3E725","export_logtrace_to_excel_with_datetime_6.py","C:\SNS_24AutoProject_250723\scripts\export_logtrace_to_excel_with_datetime_6.py","C:\SNS_24AutoProject_250723\scripts\export_logtrace_to_excel_with_datetime_6.py","MOVE"
"F9ED3E0D75825067E959E35FBAE15F7AEBDCD14FC0A721F7D2650219B4B3E725","export_logtrace_to_excel_with_datetime_6.py","C:\SNS_24AutoProject_250723\scripts\export_logtrace_to_excel_with_datetime_6.py","C:\SNS_24AutoProject_250723\scripts\export_logtrace_to_excel_with_datetime_6.py","MOVE"
"F9ED3E0D75825067E959E35FBAE15F7AEBDCD14FC0A721F7D2650219B4B3E725","export_logtrace_to_excel_with_datetime_6.py","C:\SNS_24AutoProject_250723\scripts\export_logtrace_to_excel_with_datetime_6.py","C:\SNS_24AutoProject_250723\scripts\export_logtrace_to_excel_with_datetime_6.py","MOVE"
"F9ED3E0D75825067E959E35FBAE15F7AEBDCD14FC0A721F7D2650219B4B3E725","export_logtrace_to_excel_with_datetime_6.py","C:\SNS_24AutoProject_250723\scripts\export_logtrace_to_excel_with_datetime_6.py","C:\SNS_24AutoProject_250723\scripts\export_logtrace_to_excel_with_datetime_6.py","MOVE"
"F9ED3E0D75825067E959E35FBAE15F7AEBDCD14FC0A721F7D2650219B4B3E725","export_logtrace_to_excel_with_datetime_6.py","C:\SNS_24AutoProject_250723\scripts\export_logtrace_to_excel_with_datetime_6.py","C:\SNS_24AutoProject_250723\scripts\export_logtrace_to_excel_with_datetime_6.py","MOVE"
"2B3B00742E3DDDBEF24E3015B17E1FDD7917DB5FE131509477549A07282CA4BF","export_logtrace_with_datetime.py","C:\SNS_24AutoProject_250723\scripts\export_logtrace_with_datetime.py","C:\SNS_24AutoProject_250723\scripts\export_logtrace_with_datetime.py","MOVE"
"2B3B00742E3DDDBEF24E3015B17E1FDD7917DB5FE131509477549A07282CA4BF","export_logtrace_with_datetime.py","C:\SNS_24AutoProject_250723\scripts\export_logtrace_with_datetime.py","C:\SNS_24AutoProject_250723\scripts\export_logtrace_with_datetime.py","MOVE"
"9E5ED0AF5D0B12C19AE12CF2EB3EA18AEF4155C5FDF23A7374CA5CDC7206DDCB","export_logtrace_with_datetime_1.py","C:\SNS_24AutoProject_250723\scripts\export_logtrace_with_datetime_1.py","C:\SNS_24AutoProject_250723\scripts\export_logtrace_with_datetime_1.py","MOVE"
"9E5ED0AF5D0B12C19AE12CF2EB3EA18AEF4155C5FDF23A7374CA5CDC7206DDCB","export_logtrace_with_datetime_1.py","C:\SNS_24AutoProject_250723\scripts\export_logtrace_with_datetime_1.py","C:\SNS_24AutoProject_250723\scripts\export_logtrace_with_datetime_1.py","MOVE"
"9E5ED0AF5D0B12C19AE12CF2EB3EA18AEF4155C5FDF23A7374CA5CDC7206DDCB","export_logtrace_with_datetime_1.py","C:\SNS_24AutoProject_250723\scripts\export_logtrace_with_datetime_1.py","C:\SNS_24AutoProject_250723\scripts\export_logtrace_with_datetime_1.py","MOVE"
"9E5ED0AF5D0B12C19AE12CF2EB3EA18AEF4155C5FDF23A7374CA5CDC7206DDCB","export_logtrace_with_datetime_1.py","C:\SNS_24AutoProject_250723\scripts\export_logtrace_with_datetime_1.py","C:\SNS_24AutoProject_250723\scripts\export_logtrace_with_datetime_1.py","MOVE"
"9E5ED0AF5D0B12C19AE12CF2EB3EA18AEF4155C5FDF23A7374CA5CDC7206DDCB","export_logtrace_with_datetime_1.py","C:\SNS_24AutoProject_250723\scripts\export_logtrace_with_datetime_1.py","C:\SNS_24AutoProject_250723\scripts\export_logtrace_with_datetime_1.py","MOVE"
"9E5ED0AF5D0B12C19AE12CF2EB3EA18AEF4155C5FDF23A7374CA5CDC7206DDCB","export_logtrace_with_datetime_1.py","C:\SNS_24AutoProject_250723\scripts\export_logtrace_with_datetime_1.py","C:\SNS_24AutoProject_250723\scripts\export_logtrace_with_datetime_1.py","MOVE"
"9E5ED0AF5D0B12C19AE12CF2EB3EA18AEF4155C5FDF23A7374CA5CDC7206DDCB","export_logtrace_with_datetime_1.py","C:\SNS_24AutoProject_250723\scripts\export_logtrace_with_datetime_1.py","C:\SNS_24AutoProject_250723\scripts\export_logtrace_with_datetime_1.py","MOVE"
"9E5ED0AF5D0B12C19AE12CF2EB3EA18AEF4155C5FDF23A7374CA5CDC7206DDCB","export_logtrace_with_datetime_1.py","C:\SNS_24AutoProject_250723\scripts\export_logtrace_with_datetime_1.py","C:\SNS_24AutoProject_250723\scripts\export_logtrace_with_datetime_1.py","MOVE"
"9E5ED0AF5D0B12C19AE12CF2EB3EA18AEF4155C5FDF23A7374CA5CDC7206DDCB","export_logtrace_with_datetime_1.py","C:\SNS_24AutoProject_250723\scripts\export_logtrace_with_datetime_1.py","C:\SNS_24AutoProject_250723\scripts\export_logtrace_with_datetime_1.py","MOVE"
"9E5ED0AF5D0B12C19AE12CF2EB3EA18AEF4155C5FDF23A7374CA5CDC7206DDCB","export_logtrace_with_datetime_1.py","C:\SNS_24AutoProject_250723\scripts\export_logtrace_with_datetime_1.py","C:\SNS_24AutoProject_250723\scripts\export_logtrace_with_datetime_1.py","MOVE"
"9E5ED0AF5D0B12C19AE12CF2EB3EA18AEF4155C5FDF23A7374CA5CDC7206DDCB","export_logtrace_with_datetime_1.py","C:\SNS_24AutoProject_250723\scripts\export_logtrace_with_datetime_1.py","C:\SNS_24AutoProject_250723\scripts\export_logtrace_with_datetime_1.py","MOVE"
"9E5ED0AF5D0B12C19AE12CF2EB3EA18AEF4155C5FDF23A7374CA5CDC7206DDCB","export_logtrace_with_datetime_1.py","C:\SNS_24AutoProject_250723\scripts\export_logtrace_with_datetime_1.py","C:\SNS_24AutoProject_250723\scripts\export_logtrace_with_datetime_1.py","MOVE"
"9E5ED0AF5D0B12C19AE12CF2EB3EA18AEF4155C5FDF23A7374CA5CDC7206DDCB","export_logtrace_with_datetime_2.py","C:\SNS_24AutoProject_250723\scripts\export_logtrace_with_datetime_2.py","C:\SNS_24AutoProject_250723\scripts\export_logtrace_with_datetime_2.py","MOVE"
"9E5ED0AF5D0B12C19AE12CF2EB3EA18AEF4155C5FDF23A7374CA5CDC7206DDCB","export_logtrace_with_datetime_2.py","C:\SNS_24AutoProject_250723\scripts\export_logtrace_with_datetime_2.py","C:\SNS_24AutoProject_250723\scripts\export_logtrace_with_datetime_2.py","MOVE"
"9E5ED0AF5D0B12C19AE12CF2EB3EA18AEF4155C5FDF23A7374CA5CDC7206DDCB","export_logtrace_with_datetime_2.py","C:\SNS_24AutoProject_250723\scripts\export_logtrace_with_datetime_2.py","C:\SNS_24AutoProject_250723\scripts\export_logtrace_with_datetime_2.py","MOVE"
"9E5ED0AF5D0B12C19AE12CF2EB3EA18AEF4155C5FDF23A7374CA5CDC7206DDCB","export_logtrace_with_datetime_2.py","C:\SNS_24AutoProject_250723\scripts\export_logtrace_with_datetime_2.py","C:\SNS_24AutoProject_250723\scripts\export_logtrace_with_datetime_2.py","MOVE"
"9E5ED0AF5D0B12C19AE12CF2EB3EA18AEF4155C5FDF23A7374CA5CDC7206DDCB","export_logtrace_with_datetime_2.py","C:\SNS_24AutoProject_250723\scripts\export_logtrace_with_datetime_2.py","C:\SNS_24AutoProject_250723\scripts\export_logtrace_with_datetime_2.py","MOVE"
"9E5ED0AF5D0B12C19AE12CF2EB3EA18AEF4155C5FDF23A7374CA5CDC7206DDCB","export_logtrace_with_datetime_2.py","C:\SNS_24AutoProject_250723\scripts\export_logtrace_with_datetime_2.py","C:\SNS_24AutoProject_250723\scripts\export_logtrace_with_datetime_2.py","MOVE"
"9E5ED0AF5D0B12C19AE12CF2EB3EA18AEF4155C5FDF23A7374CA5CDC7206DDCB","export_logtrace_with_datetime_2.py","C:\SNS_24AutoProject_250723\scripts\export_logtrace_with_datetime_2.py","C:\SNS_24AutoProject_250723\scripts\export_logtrace_with_datetime_2.py","MOVE"
"9E5ED0AF5D0B12C19AE12CF2EB3EA18AEF4155C5FDF23A7374CA5CDC7206DDCB","export_logtrace_with_datetime_2.py","C:\SNS_24AutoProject_250723\scripts\export_logtrace_with_datetime_2.py","C:\SNS_24AutoProject_250723\scripts\export_logtrace_with_datetime_2.py","MOVE"
"9E5ED0AF5D0B12C19AE12CF2EB3EA18AEF4155C5FDF23A7374CA5CDC7206DDCB","export_logtrace_with_datetime_2.py","C:\SNS_24AutoProject_250723\scripts\export_logtrace_with_datetime_2.py","C:\SNS_24AutoProject_250723\scripts\export_logtrace_with_datetime_2.py","MOVE"
"9E5ED0AF5D0B12C19AE12CF2EB3EA18AEF4155C5FDF23A7374CA5CDC7206DDCB","export_logtrace_with_datetime_2.py","C:\SNS_24AutoProject_250723\scripts\export_logtrace_with_datetime_2.py","C:\SNS_24AutoProject_250723\scripts\export_logtrace_with_datetime_2.py","MOVE"
"9E5ED0AF5D0B12C19AE12CF2EB3EA18AEF4155C5FDF23A7374CA5CDC7206DDCB","export_logtrace_with_datetime_2.py","C:\SNS_24AutoProject_250723\scripts\export_logtrace_with_datetime_2.py","C:\SNS_24AutoProject_250723\scripts\export_logtrace_with_datetime_2.py","MOVE"
"9E5ED0AF5D0B12C19AE12CF2EB3EA18AEF4155C5FDF23A7374CA5CDC7206DDCB","export_logtrace_with_datetime_2.py","C:\SNS_24AutoProject_250723\scripts\export_logtrace_with_datetime_2.py","C:\SNS_24AutoProject_250723\scripts\export_logtrace_with_datetime_2.py","MOVE"
"9E5ED0AF5D0B12C19AE12CF2EB3EA18AEF4155C5FDF23A7374CA5CDC7206DDCB","export_logtrace_with_datetime_3.py","C:\SNS_24AutoProject_250723\scripts\export_logtrace_with_datetime_3.py","C:\SNS_24AutoProject_250723\scripts\export_logtrace_with_datetime_3.py","MOVE"
"9E5ED0AF5D0B12C19AE12CF2EB3EA18AEF4155C5FDF23A7374CA5CDC7206DDCB","export_logtrace_with_datetime_3.py","C:\SNS_24AutoProject_250723\scripts\export_logtrace_with_datetime_3.py","C:\SNS_24AutoProject_250723\scripts\export_logtrace_with_datetime_3.py","MOVE"
"9E5ED0AF5D0B12C19AE12CF2EB3EA18AEF4155C5FDF23A7374CA5CDC7206DDCB","export_logtrace_with_datetime_3.py","C:\SNS_24AutoProject_250723\scripts\export_logtrace_with_datetime_3.py","C:\SNS_24AutoProject_250723\scripts\export_logtrace_with_datetime_3.py","MOVE"
"9E5ED0AF5D0B12C19AE12CF2EB3EA18AEF4155C5FDF23A7374CA5CDC7206DDCB","export_logtrace_with_datetime_3.py","C:\SNS_24AutoProject_250723\scripts\export_logtrace_with_datetime_3.py","C:\SNS_24AutoProject_250723\scripts\export_logtrace_with_datetime_3.py","MOVE"
"9E5ED0AF5D0B12C19AE12CF2EB3EA18AEF4155C5FDF23A7374CA5CDC7206DDCB","export_logtrace_with_datetime_3.py","C:\SNS_24AutoProject_250723\scripts\export_logtrace_with_datetime_3.py","C:\SNS_24AutoProject_250723\scripts\export_logtrace_with_datetime_3.py","MOVE"
"9E5ED0AF5D0B12C19AE12CF2EB3EA18AEF4155C5FDF23A7374CA5CDC7206DDCB","export_logtrace_with_datetime_3.py","C:\SNS_24AutoProject_250723\scripts\export_logtrace_with_datetime_3.py","C:\SNS_24AutoProject_250723\scripts\export_logtrace_with_datetime_3.py","MOVE"
"9E5ED0AF5D0B12C19AE12CF2EB3EA18AEF4155C5FDF23A7374CA5CDC7206DDCB","export_logtrace_with_datetime_3.py","C:\SNS_24AutoProject_250723\scripts\export_logtrace_with_datetime_3.py","C:\SNS_24AutoProject_250723\scripts\export_logtrace_with_datetime_3.py","MOVE"
"9E5ED0AF5D0B12C19AE12CF2EB3EA18AEF4155C5FDF23A7374CA5CDC7206DDCB","export_logtrace_with_datetime_3.py","C:\SNS_24AutoProject_250723\scripts\export_logtrace_with_datetime_3.py","C:\SNS_24AutoProject_250723\scripts\export_logtrace_with_datetime_3.py","MOVE"
"9E5ED0AF5D0B12C19AE12CF2EB3EA18AEF4155C5FDF23A7374CA5CDC7206DDCB","export_logtrace_with_datetime_3.py","C:\SNS_24AutoProject_250723\scripts\export_logtrace_with_datetime_3.py","C:\SNS_24AutoProject_250723\scripts\export_logtrace_with_datetime_3.py","MOVE"
"9E5ED0AF5D0B12C19AE12CF2EB3EA18AEF4155C5FDF23A7374CA5CDC7206DDCB","export_logtrace_with_datetime_3.py","C:\SNS_24AutoProject_250723\scripts\export_logtrace_with_datetime_3.py","C:\SNS_24AutoProject_250723\scripts\export_logtrace_with_datetime_3.py","MOVE"
"9E5ED0AF5D0B12C19AE12CF2EB3EA18AEF4155C5FDF23A7374CA5CDC7206DDCB","export_logtrace_with_datetime_3.py","C:\SNS_24AutoProject_250723\scripts\export_logtrace_with_datetime_3.py","C:\SNS_24AutoProject_250723\scripts\export_logtrace_with_datetime_3.py","MOVE"
"9E5ED0AF5D0B12C19AE12CF2EB3EA18AEF4155C5FDF23A7374CA5CDC7206DDCB","export_logtrace_with_datetime_3.py","C:\SNS_24AutoProject_250723\scripts\export_logtrace_with_datetime_3.py","C:\SNS_24AutoProject_250723\scripts\export_logtrace_with_datetime_3.py","MOVE"
"9E5ED0AF5D0B12C19AE12CF2EB3EA18AEF4155C5FDF23A7374CA5CDC7206DDCB","export_logtrace_with_datetime_4.py","C:\SNS_24AutoProject_250723\scripts\export_logtrace_with_datetime_4.py","C:\SNS_24AutoProject_250723\scripts\export_logtrace_with_datetime_4.py","MOVE"
"9E5ED0AF5D0B12C19AE12CF2EB3EA18AEF4155C5FDF23A7374CA5CDC7206DDCB","export_logtrace_with_datetime_4.py","C:\SNS_24AutoProject_250723\scripts\export_logtrace_with_datetime_4.py","C:\SNS_24AutoProject_250723\scripts\export_logtrace_with_datetime_4.py","MOVE"
"9E5ED0AF5D0B12C19AE12CF2EB3EA18AEF4155C5FDF23A7374CA5CDC7206DDCB","export_logtrace_with_datetime_4.py","C:\SNS_24AutoProject_250723\scripts\export_logtrace_with_datetime_4.py","C:\SNS_24AutoProject_250723\scripts\export_logtrace_with_datetime_4.py","MOVE"
"9E5ED0AF5D0B12C19AE12CF2EB3EA18AEF4155C5FDF23A7374CA5CDC7206DDCB","export_logtrace_with_datetime_4.py","C:\SNS_24AutoProject_250723\scripts\export_logtrace_with_datetime_4.py","C:\SNS_24AutoProject_250723\scripts\export_logtrace_with_datetime_4.py","MOVE"
"9E5ED0AF5D0B12C19AE12CF2EB3EA18AEF4155C5FDF23A7374CA5CDC7206DDCB","export_logtrace_with_datetime_4.py","C:\SNS_24AutoProject_250723\scripts\export_logtrace_with_datetime_4.py","C:\SNS_24AutoProject_250723\scripts\export_logtrace_with_datetime_4.py","MOVE"
"9E5ED0AF5D0B12C19AE12CF2EB3EA18AEF4155C5FDF23A7374CA5CDC7206DDCB","export_logtrace_with_datetime_4.py","C:\SNS_24AutoProject_250723\scripts\export_logtrace_with_datetime_4.py","C:\SNS_24AutoProject_250723\scripts\export_logtrace_with_datetime_4.py","MOVE"
"9E5ED0AF5D0B12C19AE12CF2EB3EA18AEF4155C5FDF23A7374CA5CDC7206DDCB","export_logtrace_with_datetime_4.py","C:\SNS_24AutoProject_250723\scripts\export_logtrace_with_datetime_4.py","C:\SNS_24AutoProject_250723\scripts\export_logtrace_with_datetime_4.py","MOVE"
"9E5ED0AF5D0B12C19AE12CF2EB3EA18AEF4155C5FDF23A7374CA5CDC7206DDCB","export_logtrace_with_datetime_4.py","C:\SNS_24AutoProject_250723\scripts\export_logtrace_with_datetime_4.py","C:\SNS_24AutoProject_250723\scripts\export_logtrace_with_datetime_4.py","MOVE"
"9E5ED0AF5D0B12C19AE12CF2EB3EA18AEF4155C5FDF23A7374CA5CDC7206DDCB","export_logtrace_with_datetime_4.py","C:\SNS_24AutoProject_250723\scripts\export_logtrace_with_datetime_4.py","C:\SNS_24AutoProject_250723\scripts\export_logtrace_with_datetime_4.py","MOVE"
"9E5ED0AF5D0B12C19AE12CF2EB3EA18AEF4155C5FDF23A7374CA5CDC7206DDCB","export_logtrace_with_datetime_4.py","C:\SNS_24AutoProject_250723\scripts\export_logtrace_with_datetime_4.py","C:\SNS_24AutoProject_250723\scripts\export_logtrace_with_datetime_4.py","MOVE"
"9E5ED0AF5D0B12C19AE12CF2EB3EA18AEF4155C5FDF23A7374CA5CDC7206DDCB","export_logtrace_with_datetime_4.py","C:\SNS_24AutoProject_250723\scripts\export_logtrace_with_datetime_4.py","C:\SNS_24AutoProject_250723\scripts\export_logtrace_with_datetime_4.py","MOVE"
"9E5ED0AF5D0B12C19AE12CF2EB3EA18AEF4155C5FDF23A7374CA5CDC7206DDCB","export_logtrace_with_datetime_4.py","C:\SNS_24AutoProject_250723\scripts\export_logtrace_with_datetime_4.py","C:\SNS_24AutoProject_250723\scripts\export_logtrace_with_datetime_4.py","MOVE"
"9E5ED0AF5D0B12C19AE12CF2EB3EA18AEF4155C5FDF23A7374CA5CDC7206DDCB","export_logtrace_with_datetime_5.py","C:\SNS_24AutoProject_250723\scripts\export_logtrace_with_datetime_5.py","C:\SNS_24AutoProject_250723\scripts\export_logtrace_with_datetime_5.py","MOVE"
"9E5ED0AF5D0B12C19AE12CF2EB3EA18AEF4155C5FDF23A7374CA5CDC7206DDCB","export_logtrace_with_datetime_5.py","C:\SNS_24AutoProject_250723\scripts\export_logtrace_with_datetime_5.py","C:\SNS_24AutoProject_250723\scripts\export_logtrace_with_datetime_5.py","MOVE"
"9E5ED0AF5D0B12C19AE12CF2EB3EA18AEF4155C5FDF23A7374CA5CDC7206DDCB","export_logtrace_with_datetime_5.py","C:\SNS_24AutoProject_250723\scripts\export_logtrace_with_datetime_5.py","C:\SNS_24AutoProject_250723\scripts\export_logtrace_with_datetime_5.py","MOVE"
"9E5ED0AF5D0B12C19AE12CF2EB3EA18AEF4155C5FDF23A7374CA5CDC7206DDCB","export_logtrace_with_datetime_5.py","C:\SNS_24AutoProject_250723\scripts\export_logtrace_with_datetime_5.py","C:\SNS_24AutoProject_250723\scripts\export_logtrace_with_datetime_5.py","MOVE"
"9E5ED0AF5D0B12C19AE12CF2EB3EA18AEF4155C5FDF23A7374CA5CDC7206DDCB","export_logtrace_with_datetime_5.py","C:\SNS_24AutoProject_250723\scripts\export_logtrace_with_datetime_5.py","C:\SNS_24AutoProject_250723\scripts\export_logtrace_with_datetime_5.py","MOVE"
"9E5ED0AF5D0B12C19AE12CF2EB3EA18AEF4155C5FDF23A7374CA5CDC7206DDCB","export_logtrace_with_datetime_5.py","C:\SNS_24AutoProject_250723\scripts\export_logtrace_with_datetime_5.py","C:\SNS_24AutoProject_250723\scripts\export_logtrace_with_datetime_5.py","MOVE"
"9E5ED0AF5D0B12C19AE12CF2EB3EA18AEF4155C5FDF23A7374CA5CDC7206DDCB","export_logtrace_with_datetime_5.py","C:\SNS_24AutoProject_250723\scripts\export_logtrace_with_datetime_5.py","C:\SNS_24AutoProject_250723\scripts\export_logtrace_with_datetime_5.py","MOVE"
"9E5ED0AF5D0B12C19AE12CF2EB3EA18AEF4155C5FDF23A7374CA5CDC7206DDCB","export_logtrace_with_datetime_5.py","C:\SNS_24AutoProject_250723\scripts\export_logtrace_with_datetime_5.py","C:\SNS_24AutoProject_250723\scripts\export_logtrace_with_datetime_5.py","MOVE"
"9E5ED0AF5D0B12C19AE12CF2EB3EA18AEF4155C5FDF23A7374CA5CDC7206DDCB","export_logtrace_with_datetime_5.py","C:\SNS_24AutoProject_250723\scripts\export_logtrace_with_datetime_5.py","C:\SNS_24AutoProject_250723\scripts\export_logtrace_with_datetime_5.py","MOVE"
"9E5ED0AF5D0B12C19AE12CF2EB3EA18AEF4155C5FDF23A7374CA5CDC7206DDCB","export_logtrace_with_datetime_5.py","C:\SNS_24AutoProject_250723\scripts\export_logtrace_with_datetime_5.py","C:\SNS_24AutoProject_250723\scripts\export_logtrace_with_datetime_5.py","MOVE"
"9E5ED0AF5D0B12C19AE12CF2EB3EA18AEF4155C5FDF23A7374CA5CDC7206DDCB","export_logtrace_with_datetime_5.py","C:\SNS_24AutoProject_250723\scripts\export_logtrace_with_datetime_5.py","C:\SNS_24AutoProject_250723\scripts\export_logtrace_with_datetime_5.py","MOVE"
"9E5ED0AF5D0B12C19AE12CF2EB3EA18AEF4155C5FDF23A7374CA5CDC7206DDCB","export_logtrace_with_datetime_5.py","C:\SNS_24AutoProject_250723\scripts\export_logtrace_with_datetime_5.py","C:\SNS_24AutoProject_250723\scripts\export_logtrace_with_datetime_5.py","MOVE"
"9E5ED0AF5D0B12C19AE12CF2EB3EA18AEF4155C5FDF23A7374CA5CDC7206DDCB","export_logtrace_with_datetime_6.py","C:\SNS_24AutoProject_250723\scripts\export_logtrace_with_datetime_6.py","C:\SNS_24AutoProject_250723\scripts\export_logtrace_with_datetime_6.py","MOVE"
"9E5ED0AF5D0B12C19AE12CF2EB3EA18AEF4155C5FDF23A7374CA5CDC7206DDCB","export_logtrace_with_datetime_6.py","C:\SNS_24AutoProject_250723\scripts\export_logtrace_with_datetime_6.py","C:\SNS_24AutoProject_250723\scripts\export_logtrace_with_datetime_6.py","MOVE"
"9E5ED0AF5D0B12C19AE12CF2EB3EA18AEF4155C5FDF23A7374CA5CDC7206DDCB","export_logtrace_with_datetime_6.py","C:\SNS_24AutoProject_250723\scripts\export_logtrace_with_datetime_6.py","C:\SNS_24AutoProject_250723\scripts\export_logtrace_with_datetime_6.py","MOVE"
"9E5ED0AF5D0B12C19AE12CF2EB3EA18AEF4155C5FDF23A7374CA5CDC7206DDCB","export_logtrace_with_datetime_6.py","C:\SNS_24AutoProject_250723\scripts\export_logtrace_with_datetime_6.py","C:\SNS_24AutoProject_250723\scripts\export_logtrace_with_datetime_6.py","MOVE"
"9E5ED0AF5D0B12C19AE12CF2EB3EA18AEF4155C5FDF23A7374CA5CDC7206DDCB","export_logtrace_with_datetime_6.py","C:\SNS_24AutoProject_250723\scripts\export_logtrace_with_datetime_6.py","C:\SNS_24AutoProject_250723\scripts\export_logtrace_with_datetime_6.py","MOVE"
"9E5ED0AF5D0B12C19AE12CF2EB3EA18AEF4155C5FDF23A7374CA5CDC7206DDCB","export_logtrace_with_datetime_6.py","C:\SNS_24AutoProject_250723\scripts\export_logtrace_with_datetime_6.py","C:\SNS_24AutoProject_250723\scripts\export_logtrace_with_datetime_6.py","MOVE"
"9E5ED0AF5D0B12C19AE12CF2EB3EA18AEF4155C5FDF23A7374CA5CDC7206DDCB","export_logtrace_with_datetime_6.py","C:\SNS_24AutoProject_250723\scripts\export_logtrace_with_datetime_6.py","C:\SNS_24AutoProject_250723\scripts\export_logtrace_with_datetime_6.py","MOVE"
"9E5ED0AF5D0B12C19AE12CF2EB3EA18AEF4155C5FDF23A7374CA5CDC7206DDCB","export_logtrace_with_datetime_6.py","C:\SNS_24AutoProject_250723\scripts\export_logtrace_with_datetime_6.py","C:\SNS_24AutoProject_250723\scripts\export_logtrace_with_datetime_6.py","MOVE"
"9E5ED0AF5D0B12C19AE12CF2EB3EA18AEF4155C5FDF23A7374CA5CDC7206DDCB","export_logtrace_with_datetime_6.py","C:\SNS_24AutoProject_250723\scripts\export_logtrace_with_datetime_6.py","C:\SNS_24AutoProject_250723\scripts\export_logtrace_with_datetime_6.py","MOVE"
"9E5ED0AF5D0B12C19AE12CF2EB3EA18AEF4155C5FDF23A7374CA5CDC7206DDCB","export_logtrace_with_datetime_6.py","C:\SNS_24AutoProject_250723\scripts\export_logtrace_with_datetime_6.py","C:\SNS_24AutoProject_250723\scripts\export_logtrace_with_datetime_6.py","MOVE"
"9E5ED0AF5D0B12C19AE12CF2EB3EA18AEF4155C5FDF23A7374CA5CDC7206DDCB","export_logtrace_with_datetime_6.py","C:\SNS_24AutoProject_250723\scripts\export_logtrace_with_datetime_6.py","C:\SNS_24AutoProject_250723\scripts\export_logtrace_with_datetime_6.py","MOVE"
"9E5ED0AF5D0B12C19AE12CF2EB3EA18AEF4155C5FDF23A7374CA5CDC7206DDCB","export_logtrace_with_datetime_6.py","C:\SNS_24AutoProject_250723\scripts\export_logtrace_with_datetime_6.py","C:\SNS_24AutoProject_250723\scripts\export_logtrace_with_datetime_6.py","MOVE"
"D6F47A06BB0EE836DDAAFDC94ED21B5CEC002C515A1FF85F6FEC612EE13DE530","export_logtrace_with_datetime_csv.py","C:\SNS_24AutoProject_250723\scripts\export_logtrace_with_datetime_csv.py","C:\SNS_24AutoProject_250723\scripts\export_logtrace_with_datetime_csv.py","MOVE"
"D6F47A06BB0EE836DDAAFDC94ED21B5CEC002C515A1FF85F6FEC612EE13DE530","export_logtrace_with_datetime_csv.py","C:\SNS_24AutoProject_250723\scripts\export_logtrace_with_datetime_csv.py","C:\SNS_24AutoProject_250723\scripts\export_logtrace_with_datetime_csv.py","MOVE"
"BF180E2DA45CB5A243EADC39742E5D6F65480A47EBA50493C5A26FE712681485","export_logtrace_with_datetime_csv_1.py","C:\SNS_24AutoProject_250723\scripts\export_logtrace_with_datetime_csv_1.py","C:\SNS_24AutoProject_250723\scripts\export_logtrace_with_datetime_csv_1.py","MOVE"
"BF180E2DA45CB5A243EADC39742E5D6F65480A47EBA50493C5A26FE712681485","export_logtrace_with_datetime_csv_1.py","C:\SNS_24AutoProject_250723\scripts\export_logtrace_with_datetime_csv_1.py","C:\SNS_24AutoProject_250723\scripts\export_logtrace_with_datetime_csv_1.py","MOVE"
"BF180E2DA45CB5A243EADC39742E5D6F65480A47EBA50493C5A26FE712681485","export_logtrace_with_datetime_csv_1.py","C:\SNS_24AutoProject_250723\scripts\export_logtrace_with_datetime_csv_1.py","C:\SNS_24AutoProject_250723\scripts\export_logtrace_with_datetime_csv_1.py","MOVE"
"BF180E2DA45CB5A243EADC39742E5D6F65480A47EBA50493C5A26FE712681485","export_logtrace_with_datetime_csv_1.py","C:\SNS_24AutoProject_250723\scripts\export_logtrace_with_datetime_csv_1.py","C:\SNS_24AutoProject_250723\scripts\export_logtrace_with_datetime_csv_1.py","MOVE"
"BF180E2DA45CB5A243EADC39742E5D6F65480A47EBA50493C5A26FE712681485","export_logtrace_with_datetime_csv_1.py","C:\SNS_24AutoProject_250723\scripts\export_logtrace_with_datetime_csv_1.py","C:\SNS_24AutoProject_250723\scripts\export_logtrace_with_datetime_csv_1.py","MOVE"
"BF180E2DA45CB5A243EADC39742E5D6F65480A47EBA50493C5A26FE712681485","export_logtrace_with_datetime_csv_1.py","C:\SNS_24AutoProject_250723\scripts\export_logtrace_with_datetime_csv_1.py","C:\SNS_24AutoProject_250723\scripts\export_logtrace_with_datetime_csv_1.py","MOVE"
"BF180E2DA45CB5A243EADC39742E5D6F65480A47EBA50493C5A26FE712681485","export_logtrace_with_datetime_csv_1.py","C:\SNS_24AutoProject_250723\scripts\export_logtrace_with_datetime_csv_1.py","C:\SNS_24AutoProject_250723\scripts\export_logtrace_with_datetime_csv_1.py","MOVE"
"BF180E2DA45CB5A243EADC39742E5D6F65480A47EBA50493C5A26FE712681485","export_logtrace_with_datetime_csv_1.py","C:\SNS_24AutoProject_250723\scripts\export_logtrace_with_datetime_csv_1.py","C:\SNS_24AutoProject_250723\scripts\export_logtrace_with_datetime_csv_1.py","MOVE"
"BF180E2DA45CB5A243EADC39742E5D6F65480A47EBA50493C5A26FE712681485","export_logtrace_with_datetime_csv_1.py","C:\SNS_24AutoProject_250723\scripts\export_logtrace_with_datetime_csv_1.py","C:\SNS_24AutoProject_250723\scripts\export_logtrace_with_datetime_csv_1.py","MOVE"
"BF180E2DA45CB5A243EADC39742E5D6F65480A47EBA50493C5A26FE712681485","export_logtrace_with_datetime_csv_1.py","C:\SNS_24AutoProject_250723\scripts\export_logtrace_with_datetime_csv_1.py","C:\SNS_24AutoProject_250723\scripts\export_logtrace_with_datetime_csv_1.py","MOVE"
"BF180E2DA45CB5A243EADC39742E5D6F65480A47EBA50493C5A26FE712681485","export_logtrace_with_datetime_csv_1.py","C:\SNS_24AutoProject_250723\scripts\export_logtrace_with_datetime_csv_1.py","C:\SNS_24AutoProject_250723\scripts\export_logtrace_with_datetime_csv_1.py","MOVE"
"BF180E2DA45CB5A243EADC39742E5D6F65480A47EBA50493C5A26FE712681485","export_logtrace_with_datetime_csv_1.py","C:\SNS_24AutoProject_250723\scripts\export_logtrace_with_datetime_csv_1.py","C:\SNS_24AutoProject_250723\scripts\export_logtrace_with_datetime_csv_1.py","MOVE"
"BF180E2DA45CB5A243EADC39742E5D6F65480A47EBA50493C5A26FE712681485","export_logtrace_with_datetime_csv_2.py","C:\SNS_24AutoProject_250723\scripts\export_logtrace_with_datetime_csv_2.py","C:\SNS_24AutoProject_250723\scripts\export_logtrace_with_datetime_csv_2.py","MOVE"
"BF180E2DA45CB5A243EADC39742E5D6F65480A47EBA50493C5A26FE712681485","export_logtrace_with_datetime_csv_2.py","C:\SNS_24AutoProject_250723\scripts\export_logtrace_with_datetime_csv_2.py","C:\SNS_24AutoProject_250723\scripts\export_logtrace_with_datetime_csv_2.py","MOVE"
"BF180E2DA45CB5A243EADC39742E5D6F65480A47EBA50493C5A26FE712681485","export_logtrace_with_datetime_csv_2.py","C:\SNS_24AutoProject_250723\scripts\export_logtrace_with_datetime_csv_2.py","C:\SNS_24AutoProject_250723\scripts\export_logtrace_with_datetime_csv_2.py","MOVE"
"BF180E2DA45CB5A243EADC39742E5D6F65480A47EBA50493C5A26FE712681485","export_logtrace_with_datetime_csv_2.py","C:\SNS_24AutoProject_250723\scripts\export_logtrace_with_datetime_csv_2.py","C:\SNS_24AutoProject_250723\scripts\export_logtrace_with_datetime_csv_2.py","MOVE"
"BF180E2DA45CB5A243EADC39742E5D6F65480A47EBA50493C5A26FE712681485","export_logtrace_with_datetime_csv_2.py","C:\SNS_24AutoProject_250723\scripts\export_logtrace_with_datetime_csv_2.py","C:\SNS_24AutoProject_250723\scripts\export_logtrace_with_datetime_csv_2.py","MOVE"
"BF180E2DA45CB5A243EADC39742E5D6F65480A47EBA50493C5A26FE712681485","export_logtrace_with_datetime_csv_2.py","C:\SNS_24AutoProject_250723\scripts\export_logtrace_with_datetime_csv_2.py","C:\SNS_24AutoProject_250723\scripts\export_logtrace_with_datetime_csv_2.py","MOVE"
"BF180E2DA45CB5A243EADC39742E5D6F65480A47EBA50493C5A26FE712681485","export_logtrace_with_datetime_csv_2.py","C:\SNS_24AutoProject_250723\scripts\export_logtrace_with_datetime_csv_2.py","C:\SNS_24AutoProject_250723\scripts\export_logtrace_with_datetime_csv_2.py","MOVE"
"BF180E2DA45CB5A243EADC39742E5D6F65480A47EBA50493C5A26FE712681485","export_logtrace_with_datetime_csv_2.py","C:\SNS_24AutoProject_250723\scripts\export_logtrace_with_datetime_csv_2.py","C:\SNS_24AutoProject_250723\scripts\export_logtrace_with_datetime_csv_2.py","MOVE"
"BF180E2DA45CB5A243EADC39742E5D6F65480A47EBA50493C5A26FE712681485","export_logtrace_with_datetime_csv_2.py","C:\SNS_24AutoProject_250723\scripts\export_logtrace_with_datetime_csv_2.py","C:\SNS_24AutoProject_250723\scripts\export_logtrace_with_datetime_csv_2.py","MOVE"
"BF180E2DA45CB5A243EADC39742E5D6F65480A47EBA50493C5A26FE712681485","export_logtrace_with_datetime_csv_2.py","C:\SNS_24AutoProject_250723\scripts\export_logtrace_with_datetime_csv_2.py","C:\SNS_24AutoProject_250723\scripts\export_logtrace_with_datetime_csv_2.py","MOVE"
"BF180E2DA45CB5A243EADC39742E5D6F65480A47EBA50493C5A26FE712681485","export_logtrace_with_datetime_csv_2.py","C:\SNS_24AutoProject_250723\scripts\export_logtrace_with_datetime_csv_2.py","C:\SNS_24AutoProject_250723\scripts\export_logtrace_with_datetime_csv_2.py","MOVE"
"BF180E2DA45CB5A243EADC39742E5D6F65480A47EBA50493C5A26FE712681485","export_logtrace_with_datetime_csv_2.py","C:\SNS_24AutoProject_250723\scripts\export_logtrace_with_datetime_csv_2.py","C:\SNS_24AutoProject_250723\scripts\export_logtrace_with_datetime_csv_2.py","MOVE"
"BF180E2DA45CB5A243EADC39742E5D6F65480A47EBA50493C5A26FE712681485","export_logtrace_with_datetime_csv_3.py","C:\SNS_24AutoProject_250723\scripts\export_logtrace_with_datetime_csv_3.py","C:\SNS_24AutoProject_250723\scripts\export_logtrace_with_datetime_csv_3.py","MOVE"
"BF180E2DA45CB5A243EADC39742E5D6F65480A47EBA50493C5A26FE712681485","export_logtrace_with_datetime_csv_3.py","C:\SNS_24AutoProject_250723\scripts\export_logtrace_with_datetime_csv_3.py","C:\SNS_24AutoProject_250723\scripts\export_logtrace_with_datetime_csv_3.py","MOVE"
"BF180E2DA45CB5A243EADC39742E5D6F65480A47EBA50493C5A26FE712681485","export_logtrace_with_datetime_csv_3.py","C:\SNS_24AutoProject_250723\scripts\export_logtrace_with_datetime_csv_3.py","C:\SNS_24AutoProject_250723\scripts\export_logtrace_with_datetime_csv_3.py","MOVE"
"BF180E2DA45CB5A243EADC39742E5D6F65480A47EBA50493C5A26FE712681485","export_logtrace_with_datetime_csv_3.py","C:\SNS_24AutoProject_250723\scripts\export_logtrace_with_datetime_csv_3.py","C:\SNS_24AutoProject_250723\scripts\export_logtrace_with_datetime_csv_3.py","MOVE"
"BF180E2DA45CB5A243EADC39742E5D6F65480A47EBA50493C5A26FE712681485","export_logtrace_with_datetime_csv_3.py","C:\SNS_24AutoProject_250723\scripts\export_logtrace_with_datetime_csv_3.py","C:\SNS_24AutoProject_250723\scripts\export_logtrace_with_datetime_csv_3.py","MOVE"
"BF180E2DA45CB5A243EADC39742E5D6F65480A47EBA50493C5A26FE712681485","export_logtrace_with_datetime_csv_3.py","C:\SNS_24AutoProject_250723\scripts\export_logtrace_with_datetime_csv_3.py","C:\SNS_24AutoProject_250723\scripts\export_logtrace_with_datetime_csv_3.py","MOVE"
"BF180E2DA45CB5A243EADC39742E5D6F65480A47EBA50493C5A26FE712681485","export_logtrace_with_datetime_csv_3.py","C:\SNS_24AutoProject_250723\scripts\export_logtrace_with_datetime_csv_3.py","C:\SNS_24AutoProject_250723\scripts\export_logtrace_with_datetime_csv_3.py","MOVE"
"BF180E2DA45CB5A243EADC39742E5D6F65480A47EBA50493C5A26FE712681485","export_logtrace_with_datetime_csv_3.py","C:\SNS_24AutoProject_250723\scripts\export_logtrace_with_datetime_csv_3.py","C:\SNS_24AutoProject_250723\scripts\export_logtrace_with_datetime_csv_3.py","MOVE"
"BF180E2DA45CB5A243EADC39742E5D6F65480A47EBA50493C5A26FE712681485","export_logtrace_with_datetime_csv_3.py","C:\SNS_24AutoProject_250723\scripts\export_logtrace_with_datetime_csv_3.py","C:\SNS_24AutoProject_250723\scripts\export_logtrace_with_datetime_csv_3.py","MOVE"
"BF180E2DA45CB5A243EADC39742E5D6F65480A47EBA50493C5A26FE712681485","export_logtrace_with_datetime_csv_3.py","C:\SNS_24AutoProject_250723\scripts\export_logtrace_with_datetime_csv_3.py","C:\SNS_24AutoProject_250723\scripts\export_logtrace_with_datetime_csv_3.py","MOVE"
"BF180E2DA45CB5A243EADC39742E5D6F65480A47EBA50493C5A26FE712681485","export_logtrace_with_datetime_csv_3.py","C:\SNS_24AutoProject_250723\scripts\export_logtrace_with_datetime_csv_3.py","C:\SNS_24AutoProject_250723\scripts\export_logtrace_with_datetime_csv_3.py","MOVE"
"BF180E2DA45CB5A243EADC39742E5D6F65480A47EBA50493C5A26FE712681485","export_logtrace_with_datetime_csv_3.py","C:\SNS_24AutoProject_250723\scripts\export_logtrace_with_datetime_csv_3.py","C:\SNS_24AutoProject_250723\scripts\export_logtrace_with_datetime_csv_3.py","MOVE"
"BF180E2DA45CB5A243EADC39742E5D6F65480A47EBA50493C5A26FE712681485","export_logtrace_with_datetime_csv_4.py","C:\SNS_24AutoProject_250723\scripts\export_logtrace_with_datetime_csv_4.py","C:\SNS_24AutoProject_250723\scripts\export_logtrace_with_datetime_csv_4.py","MOVE"
"BF180E2DA45CB5A243EADC39742E5D6F65480A47EBA50493C5A26FE712681485","export_logtrace_with_datetime_csv_4.py","C:\SNS_24AutoProject_250723\scripts\export_logtrace_with_datetime_csv_4.py","C:\SNS_24AutoProject_250723\scripts\export_logtrace_with_datetime_csv_4.py","MOVE"
"BF180E2DA45CB5A243EADC39742E5D6F65480A47EBA50493C5A26FE712681485","export_logtrace_with_datetime_csv_4.py","C:\SNS_24AutoProject_250723\scripts\export_logtrace_with_datetime_csv_4.py","C:\SNS_24AutoProject_250723\scripts\export_logtrace_with_datetime_csv_4.py","MOVE"
"BF180E2DA45CB5A243EADC39742E5D6F65480A47EBA50493C5A26FE712681485","export_logtrace_with_datetime_csv_4.py","C:\SNS_24AutoProject_250723\scripts\export_logtrace_with_datetime_csv_4.py","C:\SNS_24AutoProject_250723\scripts\export_logtrace_with_datetime_csv_4.py","MOVE"
"BF180E2DA45CB5A243EADC39742E5D6F65480A47EBA50493C5A26FE712681485","export_logtrace_with_datetime_csv_4.py","C:\SNS_24AutoProject_250723\scripts\export_logtrace_with_datetime_csv_4.py","C:\SNS_24AutoProject_250723\scripts\export_logtrace_with_datetime_csv_4.py","MOVE"
"BF180E2DA45CB5A243EADC39742E5D6F65480A47EBA50493C5A26FE712681485","export_logtrace_with_datetime_csv_4.py","C:\SNS_24AutoProject_250723\scripts\export_logtrace_with_datetime_csv_4.py","C:\SNS_24AutoProject_250723\scripts\export_logtrace_with_datetime_csv_4.py","MOVE"
"BF180E2DA45CB5A243EADC39742E5D6F65480A47EBA50493C5A26FE712681485","export_logtrace_with_datetime_csv_4.py","C:\SNS_24AutoProject_250723\scripts\export_logtrace_with_datetime_csv_4.py","C:\SNS_24AutoProject_250723\scripts\export_logtrace_with_datetime_csv_4.py","MOVE"
"BF180E2DA45CB5A243EADC39742E5D6F65480A47EBA50493C5A26FE712681485","export_logtrace_with_datetime_csv_4.py","C:\SNS_24AutoProject_250723\scripts\export_logtrace_with_datetime_csv_4.py","C:\SNS_24AutoProject_250723\scripts\export_logtrace_with_datetime_csv_4.py","MOVE"
"BF180E2DA45CB5A243EADC39742E5D6F65480A47EBA50493C5A26FE712681485","export_logtrace_with_datetime_csv_4.py","C:\SNS_24AutoProject_250723\scripts\export_logtrace_with_datetime_csv_4.py","C:\SNS_24AutoProject_250723\scripts\export_logtrace_with_datetime_csv_4.py","MOVE"
"BF180E2DA45CB5A243EADC39742E5D6F65480A47EBA50493C5A26FE712681485","export_logtrace_with_datetime_csv_4.py","C:\SNS_24AutoProject_250723\scripts\export_logtrace_with_datetime_csv_4.py","C:\SNS_24AutoProject_250723\scripts\export_logtrace_with_datetime_csv_4.py","MOVE"
"BF180E2DA45CB5A243EADC39742E5D6F65480A47EBA50493C5A26FE712681485","export_logtrace_with_datetime_csv_4.py","C:\SNS_24AutoProject_250723\scripts\export_logtrace_with_datetime_csv_4.py","C:\SNS_24AutoProject_250723\scripts\export_logtrace_with_datetime_csv_4.py","MOVE"
"BF180E2DA45CB5A243EADC39742E5D6F65480A47EBA50493C5A26FE712681485","export_logtrace_with_datetime_csv_4.py","C:\SNS_24AutoProject_250723\scripts\export_logtrace_with_datetime_csv_4.py","C:\SNS_24AutoProject_250723\scripts\export_logtrace_with_datetime_csv_4.py","MOVE"
"BF180E2DA45CB5A243EADC39742E5D6F65480A47EBA50493C5A26FE712681485","export_logtrace_with_datetime_csv_5.py","C:\SNS_24AutoProject_250723\scripts\export_logtrace_with_datetime_csv_5.py","C:\SNS_24AutoProject_250723\scripts\export_logtrace_with_datetime_csv_5.py","MOVE"
"BF180E2DA45CB5A243EADC39742E5D6F65480A47EBA50493C5A26FE712681485","export_logtrace_with_datetime_csv_5.py","C:\SNS_24AutoProject_250723\scripts\export_logtrace_with_datetime_csv_5.py","C:\SNS_24AutoProject_250723\scripts\export_logtrace_with_datetime_csv_5.py","MOVE"
"BF180E2DA45CB5A243EADC39742E5D6F65480A47EBA50493C5A26FE712681485","export_logtrace_with_datetime_csv_5.py","C:\SNS_24AutoProject_250723\scripts\export_logtrace_with_datetime_csv_5.py","C:\SNS_24AutoProject_250723\scripts\export_logtrace_with_datetime_csv_5.py","MOVE"
"BF180E2DA45CB5A243EADC39742E5D6F65480A47EBA50493C5A26FE712681485","export_logtrace_with_datetime_csv_5.py","C:\SNS_24AutoProject_250723\scripts\export_logtrace_with_datetime_csv_5.py","C:\SNS_24AutoProject_250723\scripts\export_logtrace_with_datetime_csv_5.py","MOVE"
"BF180E2DA45CB5A243EADC39742E5D6F65480A47EBA50493C5A26FE712681485","export_logtrace_with_datetime_csv_5.py","C:\SNS_24AutoProject_250723\scripts\export_logtrace_with_datetime_csv_5.py","C:\SNS_24AutoProject_250723\scripts\export_logtrace_with_datetime_csv_5.py","MOVE"
"BF180E2DA45CB5A243EADC39742E5D6F65480A47EBA50493C5A26FE712681485","export_logtrace_with_datetime_csv_5.py","C:\SNS_24AutoProject_250723\scripts\export_logtrace_with_datetime_csv_5.py","C:\SNS_24AutoProject_250723\scripts\export_logtrace_with_datetime_csv_5.py","MOVE"
"BF180E2DA45CB5A243EADC39742E5D6F65480A47EBA50493C5A26FE712681485","export_logtrace_with_datetime_csv_5.py","C:\SNS_24AutoProject_250723\scripts\export_logtrace_with_datetime_csv_5.py","C:\SNS_24AutoProject_250723\scripts\export_logtrace_with_datetime_csv_5.py","MOVE"
"BF180E2DA45CB5A243EADC39742E5D6F65480A47EBA50493C5A26FE712681485","export_logtrace_with_datetime_csv_5.py","C:\SNS_24AutoProject_250723\scripts\export_logtrace_with_datetime_csv_5.py","C:\SNS_24AutoProject_250723\scripts\export_logtrace_with_datetime_csv_5.py","MOVE"
"BF180E2DA45CB5A243EADC39742E5D6F65480A47EBA50493C5A26FE712681485","export_logtrace_with_datetime_csv_5.py","C:\SNS_24AutoProject_250723\scripts\export_logtrace_with_datetime_csv_5.py","C:\SNS_24AutoProject_250723\scripts\export_logtrace_with_datetime_csv_5.py","MOVE"
"BF180E2DA45CB5A243EADC39742E5D6F65480A47EBA50493C5A26FE712681485","export_logtrace_with_datetime_csv_5.py","C:\SNS_24AutoProject_250723\scripts\export_logtrace_with_datetime_csv_5.py","C:\SNS_24AutoProject_250723\scripts\export_logtrace_with_datetime_csv_5.py","MOVE"
"BF180E2DA45CB5A243EADC39742E5D6F65480A47EBA50493C5A26FE712681485","export_logtrace_with_datetime_csv_5.py","C:\SNS_24AutoProject_250723\scripts\export_logtrace_with_datetime_csv_5.py","C:\SNS_24AutoProject_250723\scripts\export_logtrace_with_datetime_csv_5.py","MOVE"
"BF180E2DA45CB5A243EADC39742E5D6F65480A47EBA50493C5A26FE712681485","export_logtrace_with_datetime_csv_5.py","C:\SNS_24AutoProject_250723\scripts\export_logtrace_with_datetime_csv_5.py","C:\SNS_24AutoProject_250723\scripts\export_logtrace_with_datetime_csv_5.py","MOVE"
"BF180E2DA45CB5A243EADC39742E5D6F65480A47EBA50493C5A26FE712681485","export_logtrace_with_datetime_csv_6.py","C:\SNS_24AutoProject_250723\scripts\export_logtrace_with_datetime_csv_6.py","C:\SNS_24AutoProject_250723\scripts\export_logtrace_with_datetime_csv_6.py","MOVE"
"BF180E2DA45CB5A243EADC39742E5D6F65480A47EBA50493C5A26FE712681485","export_logtrace_with_datetime_csv_6.py","C:\SNS_24AutoProject_250723\scripts\export_logtrace_with_datetime_csv_6.py","C:\SNS_24AutoProject_250723\scripts\export_logtrace_with_datetime_csv_6.py","MOVE"
"BF180E2DA45CB5A243EADC39742E5D6F65480A47EBA50493C5A26FE712681485","export_logtrace_with_datetime_csv_6.py","C:\SNS_24AutoProject_250723\scripts\export_logtrace_with_datetime_csv_6.py","C:\SNS_24AutoProject_250723\scripts\export_logtrace_with_datetime_csv_6.py","MOVE"
"BF180E2DA45CB5A243EADC39742E5D6F65480A47EBA50493C5A26FE712681485","export_logtrace_with_datetime_csv_6.py","C:\SNS_24AutoProject_250723\scripts\export_logtrace_with_datetime_csv_6.py","C:\SNS_24AutoProject_250723\scripts\export_logtrace_with_datetime_csv_6.py","MOVE"
"BF180E2DA45CB5A243EADC39742E5D6F65480A47EBA50493C5A26FE712681485","export_logtrace_with_datetime_csv_6.py","C:\SNS_24AutoProject_250723\scripts\export_logtrace_with_datetime_csv_6.py","C:\SNS_24AutoProject_250723\scripts\export_logtrace_with_datetime_csv_6.py","MOVE"
"BF180E2DA45CB5A243EADC39742E5D6F65480A47EBA50493C5A26FE712681485","export_logtrace_with_datetime_csv_6.py","C:\SNS_24AutoProject_250723\scripts\export_logtrace_with_datetime_csv_6.py","C:\SNS_24AutoProject_250723\scripts\export_logtrace_with_datetime_csv_6.py","MOVE"
"BF180E2DA45CB5A243EADC39742E5D6F65480A47EBA50493C5A26FE712681485","export_logtrace_with_datetime_csv_6.py","C:\SNS_24AutoProject_250723\scripts\export_logtrace_with_datetime_csv_6.py","C:\SNS_24AutoProject_250723\scripts\export_logtrace_with_datetime_csv_6.py","MOVE"
"BF180E2DA45CB5A243EADC39742E5D6F65480A47EBA50493C5A26FE712681485","export_logtrace_with_datetime_csv_6.py","C:\SNS_24AutoProject_250723\scripts\export_logtrace_with_datetime_csv_6.py","C:\SNS_24AutoProject_250723\scripts\export_logtrace_with_datetime_csv_6.py","MOVE"
"BF180E2DA45CB5A243EADC39742E5D6F65480A47EBA50493C5A26FE712681485","export_logtrace_with_datetime_csv_6.py","C:\SNS_24AutoProject_250723\scripts\export_logtrace_with_datetime_csv_6.py","C:\SNS_24AutoProject_250723\scripts\export_logtrace_with_datetime_csv_6.py","MOVE"
"BF180E2DA45CB5A243EADC39742E5D6F65480A47EBA50493C5A26FE712681485","export_logtrace_with_datetime_csv_6.py","C:\SNS_24AutoProject_250723\scripts\export_logtrace_with_datetime_csv_6.py","C:\SNS_24AutoProject_250723\scripts\export_logtrace_with_datetime_csv_6.py","MOVE"
"BF180E2DA45CB5A243EADC39742E5D6F65480A47EBA50493C5A26FE712681485","export_logtrace_with_datetime_csv_6.py","C:\SNS_24AutoProject_250723\scripts\export_logtrace_with_datetime_csv_6.py","C:\SNS_24AutoProject_250723\scripts\export_logtrace_with_datetime_csv_6.py","MOVE"
"BF180E2DA45CB5A243EADC39742E5D6F65480A47EBA50493C5A26FE712681485","export_logtrace_with_datetime_csv_6.py","C:\SNS_24AutoProject_250723\scripts\export_logtrace_with_datetime_csv_6.py","C:\SNS_24AutoProject_250723\scripts\export_logtrace_with_datetime_csv_6.py","MOVE"
"D6F47A06BB0EE836DDAAFDC94ED21B5CEC002C515A1FF85F6FEC612EE13DE530","export_logtrace_with_os_path.py","C:\SNS_24AutoProject_250723\scripts\export_logtrace_with_os_path.py","C:\SNS_24AutoProject_250723\scripts\export_logtrace_with_os_path.py","MOVE"
"D6F47A06BB0EE836DDAAFDC94ED21B5CEC002C515A1FF85F6FEC612EE13DE530","export_logtrace_with_os_path.py","C:\SNS_24AutoProject_250723\scripts\export_logtrace_with_os_path.py","C:\SNS_24AutoProject_250723\scripts\export_logtrace_with_os_path.py","MOVE"
"BF180E2DA45CB5A243EADC39742E5D6F65480A47EBA50493C5A26FE712681485","export_logtrace_with_os_path_1.py","C:\SNS_24AutoProject_250723\scripts\export_logtrace_with_os_path_1.py","C:\SNS_24AutoProject_250723\scripts\export_logtrace_with_os_path_1.py","MOVE"
"BF180E2DA45CB5A243EADC39742E5D6F65480A47EBA50493C5A26FE712681485","export_logtrace_with_os_path_1.py","C:\SNS_24AutoProject_250723\scripts\export_logtrace_with_os_path_1.py","C:\SNS_24AutoProject_250723\scripts\export_logtrace_with_os_path_1.py","MOVE"
"BF180E2DA45CB5A243EADC39742E5D6F65480A47EBA50493C5A26FE712681485","export_logtrace_with_os_path_1.py","C:\SNS_24AutoProject_250723\scripts\export_logtrace_with_os_path_1.py","C:\SNS_24AutoProject_250723\scripts\export_logtrace_with_os_path_1.py","MOVE"
"BF180E2DA45CB5A243EADC39742E5D6F65480A47EBA50493C5A26FE712681485","export_logtrace_with_os_path_1.py","C:\SNS_24AutoProject_250723\scripts\export_logtrace_with_os_path_1.py","C:\SNS_24AutoProject_250723\scripts\export_logtrace_with_os_path_1.py","MOVE"
"BF180E2DA45CB5A243EADC39742E5D6F65480A47EBA50493C5A26FE712681485","export_logtrace_with_os_path_1.py","C:\SNS_24AutoProject_250723\scripts\export_logtrace_with_os_path_1.py","C:\SNS_24AutoProject_250723\scripts\export_logtrace_with_os_path_1.py","MOVE"
"BF180E2DA45CB5A243EADC39742E5D6F65480A47EBA50493C5A26FE712681485","export_logtrace_with_os_path_1.py","C:\SNS_24AutoProject_250723\scripts\export_logtrace_with_os_path_1.py","C:\SNS_24AutoProject_250723\scripts\export_logtrace_with_os_path_1.py","MOVE"
"BF180E2DA45CB5A243EADC39742E5D6F65480A47EBA50493C5A26FE712681485","export_logtrace_with_os_path_1.py","C:\SNS_24AutoProject_250723\scripts\export_logtrace_with_os_path_1.py","C:\SNS_24AutoProject_250723\scripts\export_logtrace_with_os_path_1.py","MOVE"
"BF180E2DA45CB5A243EADC39742E5D6F65480A47EBA50493C5A26FE712681485","export_logtrace_with_os_path_1.py","C:\SNS_24AutoProject_250723\scripts\export_logtrace_with_os_path_1.py","C:\SNS_24AutoProject_250723\scripts\export_logtrace_with_os_path_1.py","MOVE"
"BF180E2DA45CB5A243EADC39742E5D6F65480A47EBA50493C5A26FE712681485","export_logtrace_with_os_path_1.py","C:\SNS_24AutoProject_250723\scripts\export_logtrace_with_os_path_1.py","C:\SNS_24AutoProject_250723\scripts\export_logtrace_with_os_path_1.py","MOVE"
"BF180E2DA45CB5A243EADC39742E5D6F65480A47EBA50493C5A26FE712681485","export_logtrace_with_os_path_1.py","C:\SNS_24AutoProject_250723\scripts\export_logtrace_with_os_path_1.py","C:\SNS_24AutoProject_250723\scripts\export_logtrace_with_os_path_1.py","MOVE"
"BF180E2DA45CB5A243EADC39742E5D6F65480A47EBA50493C5A26FE712681485","export_logtrace_with_os_path_1.py","C:\SNS_24AutoProject_250723\scripts\export_logtrace_with_os_path_1.py","C:\SNS_24AutoProject_250723\scripts\export_logtrace_with_os_path_1.py","MOVE"
"BF180E2DA45CB5A243EADC39742E5D6F65480A47EBA50493C5A26FE712681485","export_logtrace_with_os_path_1.py","C:\SNS_24AutoProject_250723\scripts\export_logtrace_with_os_path_1.py","C:\SNS_24AutoProject_250723\scripts\export_logtrace_with_os_path_1.py","MOVE"
"BF180E2DA45CB5A243EADC39742E5D6F65480A47EBA50493C5A26FE712681485","export_logtrace_with_os_path_2.py","C:\SNS_24AutoProject_250723\scripts\export_logtrace_with_os_path_2.py","C:\SNS_24AutoProject_250723\scripts\export_logtrace_with_os_path_2.py","MOVE"
"BF180E2DA45CB5A243EADC39742E5D6F65480A47EBA50493C5A26FE712681485","export_logtrace_with_os_path_2.py","C:\SNS_24AutoProject_250723\scripts\export_logtrace_with_os_path_2.py","C:\SNS_24AutoProject_250723\scripts\export_logtrace_with_os_path_2.py","MOVE"
"BF180E2DA45CB5A243EADC39742E5D6F65480A47EBA50493C5A26FE712681485","export_logtrace_with_os_path_2.py","C:\SNS_24AutoProject_250723\scripts\export_logtrace_with_os_path_2.py","C:\SNS_24AutoProject_250723\scripts\export_logtrace_with_os_path_2.py","MOVE"
"BF180E2DA45CB5A243EADC39742E5D6F65480A47EBA50493C5A26FE712681485","export_logtrace_with_os_path_2.py","C:\SNS_24AutoProject_250723\scripts\export_logtrace_with_os_path_2.py","C:\SNS_24AutoProject_250723\scripts\export_logtrace_with_os_path_2.py","MOVE"
"BF180E2DA45CB5A243EADC39742E5D6F65480A47EBA50493C5A26FE712681485","export_logtrace_with_os_path_2.py","C:\SNS_24AutoProject_250723\scripts\export_logtrace_with_os_path_2.py","C:\SNS_24AutoProject_250723\scripts\export_logtrace_with_os_path_2.py","MOVE"
"BF180E2DA45CB5A243EADC39742E5D6F65480A47EBA50493C5A26FE712681485","export_logtrace_with_os_path_2.py","C:\SNS_24AutoProject_250723\scripts\export_logtrace_with_os_path_2.py","C:\SNS_24AutoProject_250723\scripts\export_logtrace_with_os_path_2.py","MOVE"
"BF180E2DA45CB5A243EADC39742E5D6F65480A47EBA50493C5A26FE712681485","export_logtrace_with_os_path_2.py","C:\SNS_24AutoProject_250723\scripts\export_logtrace_with_os_path_2.py","C:\SNS_24AutoProject_250723\scripts\export_logtrace_with_os_path_2.py","MOVE"
"BF180E2DA45CB5A243EADC39742E5D6F65480A47EBA50493C5A26FE712681485","export_logtrace_with_os_path_2.py","C:\SNS_24AutoProject_250723\scripts\export_logtrace_with_os_path_2.py","C:\SNS_24AutoProject_250723\scripts\export_logtrace_with_os_path_2.py","MOVE"
"BF180E2DA45CB5A243EADC39742E5D6F65480A47EBA50493C5A26FE712681485","export_logtrace_with_os_path_2.py","C:\SNS_24AutoProject_250723\scripts\export_logtrace_with_os_path_2.py","C:\SNS_24AutoProject_250723\scripts\export_logtrace_with_os_path_2.py","MOVE"
"BF180E2DA45CB5A243EADC39742E5D6F65480A47EBA50493C5A26FE712681485","export_logtrace_with_os_path_2.py","C:\SNS_24AutoProject_250723\scripts\export_logtrace_with_os_path_2.py","C:\SNS_24AutoProject_250723\scripts\export_logtrace_with_os_path_2.py","MOVE"
"BF180E2DA45CB5A243EADC39742E5D6F65480A47EBA50493C5A26FE712681485","export_logtrace_with_os_path_2.py","C:\SNS_24AutoProject_250723\scripts\export_logtrace_with_os_path_2.py","C:\SNS_24AutoProject_250723\scripts\export_logtrace_with_os_path_2.py","MOVE"
"BF180E2DA45CB5A243EADC39742E5D6F65480A47EBA50493C5A26FE712681485","export_logtrace_with_os_path_2.py","C:\SNS_24AutoProject_250723\scripts\export_logtrace_with_os_path_2.py","C:\SNS_24AutoProject_250723\scripts\export_logtrace_with_os_path_2.py","MOVE"
"BF180E2DA45CB5A243EADC39742E5D6F65480A47EBA50493C5A26FE712681485","export_logtrace_with_os_path_3.py","C:\SNS_24AutoProject_250723\scripts\export_logtrace_with_os_path_3.py","C:\SNS_24AutoProject_250723\scripts\export_logtrace_with_os_path_3.py","MOVE"
"BF180E2DA45CB5A243EADC39742E5D6F65480A47EBA50493C5A26FE712681485","export_logtrace_with_os_path_3.py","C:\SNS_24AutoProject_250723\scripts\export_logtrace_with_os_path_3.py","C:\SNS_24AutoProject_250723\scripts\export_logtrace_with_os_path_3.py","MOVE"
"BF180E2DA45CB5A243EADC39742E5D6F65480A47EBA50493C5A26FE712681485","export_logtrace_with_os_path_3.py","C:\SNS_24AutoProject_250723\scripts\export_logtrace_with_os_path_3.py","C:\SNS_24AutoProject_250723\scripts\export_logtrace_with_os_path_3.py","MOVE"
"BF180E2DA45CB5A243EADC39742E5D6F65480A47EBA50493C5A26FE712681485","export_logtrace_with_os_path_3.py","C:\SNS_24AutoProject_250723\scripts\export_logtrace_with_os_path_3.py","C:\SNS_24AutoProject_250723\scripts\export_logtrace_with_os_path_3.py","MOVE"
"BF180E2DA45CB5A243EADC39742E5D6F65480A47EBA50493C5A26FE712681485","export_logtrace_with_os_path_3.py","C:\SNS_24AutoProject_250723\scripts\export_logtrace_with_os_path_3.py","C:\SNS_24AutoProject_250723\scripts\export_logtrace_with_os_path_3.py","MOVE"
"BF180E2DA45CB5A243EADC39742E5D6F65480A47EBA50493C5A26FE712681485","export_logtrace_with_os_path_3.py","C:\SNS_24AutoProject_250723\scripts\export_logtrace_with_os_path_3.py","C:\SNS_24AutoProject_250723\scripts\export_logtrace_with_os_path_3.py","MOVE"
"BF180E2DA45CB5A243EADC39742E5D6F65480A47EBA50493C5A26FE712681485","export_logtrace_with_os_path_3.py","C:\SNS_24AutoProject_250723\scripts\export_logtrace_with_os_path_3.py","C:\SNS_24AutoProject_250723\scripts\export_logtrace_with_os_path_3.py","MOVE"
"BF180E2DA45CB5A243EADC39742E5D6F65480A47EBA50493C5A26FE712681485","export_logtrace_with_os_path_3.py","C:\SNS_24AutoProject_250723\scripts\export_logtrace_with_os_path_3.py","C:\SNS_24AutoProject_250723\scripts\export_logtrace_with_os_path_3.py","MOVE"
"BF180E2DA45CB5A243EADC39742E5D6F65480A47EBA50493C5A26FE712681485","export_logtrace_with_os_path_3.py","C:\SNS_24AutoProject_250723\scripts\export_logtrace_with_os_path_3.py","C:\SNS_24AutoProject_250723\scripts\export_logtrace_with_os_path_3.py","MOVE"
"BF180E2DA45CB5A243EADC39742E5D6F65480A47EBA50493C5A26FE712681485","export_logtrace_with_os_path_3.py","C:\SNS_24AutoProject_250723\scripts\export_logtrace_with_os_path_3.py","C:\SNS_24AutoProject_250723\scripts\export_logtrace_with_os_path_3.py","MOVE"
"BF180E2DA45CB5A243EADC39742E5D6F65480A47EBA50493C5A26FE712681485","export_logtrace_with_os_path_3.py","C:\SNS_24AutoProject_250723\scripts\export_logtrace_with_os_path_3.py","C:\SNS_24AutoProject_250723\scripts\export_logtrace_with_os_path_3.py","MOVE"
"BF180E2DA45CB5A243EADC39742E5D6F65480A47EBA50493C5A26FE712681485","export_logtrace_with_os_path_3.py","C:\SNS_24AutoProject_250723\scripts\export_logtrace_with_os_path_3.py","C:\SNS_24AutoProject_250723\scripts\export_logtrace_with_os_path_3.py","MOVE"
"BF180E2DA45CB5A243EADC39742E5D6F65480A47EBA50493C5A26FE712681485","export_logtrace_with_os_path_4.py","C:\SNS_24AutoProject_250723\scripts\export_logtrace_with_os_path_4.py","C:\SNS_24AutoProject_250723\scripts\export_logtrace_with_os_path_4.py","MOVE"
"BF180E2DA45CB5A243EADC39742E5D6F65480A47EBA50493C5A26FE712681485","export_logtrace_with_os_path_4.py","C:\SNS_24AutoProject_250723\scripts\export_logtrace_with_os_path_4.py","C:\SNS_24AutoProject_250723\scripts\export_logtrace_with_os_path_4.py","MOVE"
"BF180E2DA45CB5A243EADC39742E5D6F65480A47EBA50493C5A26FE712681485","export_logtrace_with_os_path_4.py","C:\SNS_24AutoProject_250723\scripts\export_logtrace_with_os_path_4.py","C:\SNS_24AutoProject_250723\scripts\export_logtrace_with_os_path_4.py","MOVE"
"BF180E2DA45CB5A243EADC39742E5D6F65480A47EBA50493C5A26FE712681485","export_logtrace_with_os_path_4.py","C:\SNS_24AutoProject_250723\scripts\export_logtrace_with_os_path_4.py","C:\SNS_24AutoProject_250723\scripts\export_logtrace_with_os_path_4.py","MOVE"
"BF180E2DA45CB5A243EADC39742E5D6F65480A47EBA50493C5A26FE712681485","export_logtrace_with_os_path_4.py","C:\SNS_24AutoProject_250723\scripts\export_logtrace_with_os_path_4.py","C:\SNS_24AutoProject_250723\scripts\export_logtrace_with_os_path_4.py","MOVE"
"BF180E2DA45CB5A243EADC39742E5D6F65480A47EBA50493C5A26FE712681485","export_logtrace_with_os_path_4.py","C:\SNS_24AutoProject_250723\scripts\export_logtrace_with_os_path_4.py","C:\SNS_24AutoProject_250723\scripts\export_logtrace_with_os_path_4.py","MOVE"
"BF180E2DA45CB5A243EADC39742E5D6F65480A47EBA50493C5A26FE712681485","export_logtrace_with_os_path_4.py","C:\SNS_24AutoProject_250723\scripts\export_logtrace_with_os_path_4.py","C:\SNS_24AutoProject_250723\scripts\export_logtrace_with_os_path_4.py","MOVE"
"BF180E2DA45CB5A243EADC39742E5D6F65480A47EBA50493C5A26FE712681485","export_logtrace_with_os_path_4.py","C:\SNS_24AutoProject_250723\scripts\export_logtrace_with_os_path_4.py","C:\SNS_24AutoProject_250723\scripts\export_logtrace_with_os_path_4.py","MOVE"
"BF180E2DA45CB5A243EADC39742E5D6F65480A47EBA50493C5A26FE712681485","export_logtrace_with_os_path_4.py","C:\SNS_24AutoProject_250723\scripts\export_logtrace_with_os_path_4.py","C:\SNS_24AutoProject_250723\scripts\export_logtrace_with_os_path_4.py","MOVE"
"BF180E2DA45CB5A243EADC39742E5D6F65480A47EBA50493C5A26FE712681485","export_logtrace_with_os_path_4.py","C:\SNS_24AutoProject_250723\scripts\export_logtrace_with_os_path_4.py","C:\SNS_24AutoProject_250723\scripts\export_logtrace_with_os_path_4.py","MOVE"
"BF180E2DA45CB5A243EADC39742E5D6F65480A47EBA50493C5A26FE712681485","export_logtrace_with_os_path_4.py","C:\SNS_24AutoProject_250723\scripts\export_logtrace_with_os_path_4.py","C:\SNS_24AutoProject_250723\scripts\export_logtrace_with_os_path_4.py","MOVE"
"BF180E2DA45CB5A243EADC39742E5D6F65480A47EBA50493C5A26FE712681485","export_logtrace_with_os_path_4.py","C:\SNS_24AutoProject_250723\scripts\export_logtrace_with_os_path_4.py","C:\SNS_24AutoProject_250723\scripts\export_logtrace_with_os_path_4.py","MOVE"
"BF180E2DA45CB5A243EADC39742E5D6F65480A47EBA50493C5A26FE712681485","export_logtrace_with_os_path_5.py","C:\SNS_24AutoProject_250723\scripts\export_logtrace_with_os_path_5.py","C:\SNS_24AutoProject_250723\scripts\export_logtrace_with_os_path_5.py","MOVE"
"BF180E2DA45CB5A243EADC39742E5D6F65480A47EBA50493C5A26FE712681485","export_logtrace_with_os_path_5.py","C:\SNS_24AutoProject_250723\scripts\export_logtrace_with_os_path_5.py","C:\SNS_24AutoProject_250723\scripts\export_logtrace_with_os_path_5.py","MOVE"
"BF180E2DA45CB5A243EADC39742E5D6F65480A47EBA50493C5A26FE712681485","export_logtrace_with_os_path_5.py","C:\SNS_24AutoProject_250723\scripts\export_logtrace_with_os_path_5.py","C:\SNS_24AutoProject_250723\scripts\export_logtrace_with_os_path_5.py","MOVE"
"BF180E2DA45CB5A243EADC39742E5D6F65480A47EBA50493C5A26FE712681485","export_logtrace_with_os_path_5.py","C:\SNS_24AutoProject_250723\scripts\export_logtrace_with_os_path_5.py","C:\SNS_24AutoProject_250723\scripts\export_logtrace_with_os_path_5.py","MOVE"
"BF180E2DA45CB5A243EADC39742E5D6F65480A47EBA50493C5A26FE712681485","export_logtrace_with_os_path_5.py","C:\SNS_24AutoProject_250723\scripts\export_logtrace_with_os_path_5.py","C:\SNS_24AutoProject_250723\scripts\export_logtrace_with_os_path_5.py","MOVE"
"BF180E2DA45CB5A243EADC39742E5D6F65480A47EBA50493C5A26FE712681485","export_logtrace_with_os_path_5.py","C:\SNS_24AutoProject_250723\scripts\export_logtrace_with_os_path_5.py","C:\SNS_24AutoProject_250723\scripts\export_logtrace_with_os_path_5.py","MOVE"
"BF180E2DA45CB5A243EADC39742E5D6F65480A47EBA50493C5A26FE712681485","export_logtrace_with_os_path_5.py","C:\SNS_24AutoProject_250723\scripts\export_logtrace_with_os_path_5.py","C:\SNS_24AutoProject_250723\scripts\export_logtrace_with_os_path_5.py","MOVE"
"BF180E2DA45CB5A243EADC39742E5D6F65480A47EBA50493C5A26FE712681485","export_logtrace_with_os_path_5.py","C:\SNS_24AutoProject_250723\scripts\export_logtrace_with_os_path_5.py","C:\SNS_24AutoProject_250723\scripts\export_logtrace_with_os_path_5.py","MOVE"
"BF180E2DA45CB5A243EADC39742E5D6F65480A47EBA50493C5A26FE712681485","export_logtrace_with_os_path_5.py","C:\SNS_24AutoProject_250723\scripts\export_logtrace_with_os_path_5.py","C:\SNS_24AutoProject_250723\scripts\export_logtrace_with_os_path_5.py","MOVE"
"BF180E2DA45CB5A243EADC39742E5D6F65480A47EBA50493C5A26FE712681485","export_logtrace_with_os_path_5.py","C:\SNS_24AutoProject_250723\scripts\export_logtrace_with_os_path_5.py","C:\SNS_24AutoProject_250723\scripts\export_logtrace_with_os_path_5.py","MOVE"
"BF180E2DA45CB5A243EADC39742E5D6F65480A47EBA50493C5A26FE712681485","export_logtrace_with_os_path_5.py","C:\SNS_24AutoProject_250723\scripts\export_logtrace_with_os_path_5.py","C:\SNS_24AutoProject_250723\scripts\export_logtrace_with_os_path_5.py","MOVE"
"BF180E2DA45CB5A243EADC39742E5D6F65480A47EBA50493C5A26FE712681485","export_logtrace_with_os_path_5.py","C:\SNS_24AutoProject_250723\scripts\export_logtrace_with_os_path_5.py","C:\SNS_24AutoProject_250723\scripts\export_logtrace_with_os_path_5.py","MOVE"
"BF180E2DA45CB5A243EADC39742E5D6F65480A47EBA50493C5A26FE712681485","export_logtrace_with_os_path_6.py","C:\SNS_24AutoProject_250723\scripts\export_logtrace_with_os_path_6.py","C:\SNS_24AutoProject_250723\scripts\export_logtrace_with_os_path_6.py","MOVE"
"BF180E2DA45CB5A243EADC39742E5D6F65480A47EBA50493C5A26FE712681485","export_logtrace_with_os_path_6.py","C:\SNS_24AutoProject_250723\scripts\export_logtrace_with_os_path_6.py","C:\SNS_24AutoProject_250723\scripts\export_logtrace_with_os_path_6.py","MOVE"
"BF180E2DA45CB5A243EADC39742E5D6F65480A47EBA50493C5A26FE712681485","export_logtrace_with_os_path_6.py","C:\SNS_24AutoProject_250723\scripts\export_logtrace_with_os_path_6.py","C:\SNS_24AutoProject_250723\scripts\export_logtrace_with_os_path_6.py","MOVE"
"BF180E2DA45CB5A243EADC39742E5D6F65480A47EBA50493C5A26FE712681485","export_logtrace_with_os_path_6.py","C:\SNS_24AutoProject_250723\scripts\export_logtrace_with_os_path_6.py","C:\SNS_24AutoProject_250723\scripts\export_logtrace_with_os_path_6.py","MOVE"
"BF180E2DA45CB5A243EADC39742E5D6F65480A47EBA50493C5A26FE712681485","export_logtrace_with_os_path_6.py","C:\SNS_24AutoProject_250723\scripts\export_logtrace_with_os_path_6.py","C:\SNS_24AutoProject_250723\scripts\export_logtrace_with_os_path_6.py","MOVE"
"BF180E2DA45CB5A243EADC39742E5D6F65480A47EBA50493C5A26FE712681485","export_logtrace_with_os_path_6.py","C:\SNS_24AutoProject_250723\scripts\export_logtrace_with_os_path_6.py","C:\SNS_24AutoProject_250723\scripts\export_logtrace_with_os_path_6.py","MOVE"
"BF180E2DA45CB5A243EADC39742E5D6F65480A47EBA50493C5A26FE712681485","export_logtrace_with_os_path_6.py","C:\SNS_24AutoProject_250723\scripts\export_logtrace_with_os_path_6.py","C:\SNS_24AutoProject_250723\scripts\export_logtrace_with_os_path_6.py","MOVE"
"BF180E2DA45CB5A243EADC39742E5D6F65480A47EBA50493C5A26FE712681485","export_logtrace_with_os_path_6.py","C:\SNS_24AutoProject_250723\scripts\export_logtrace_with_os_path_6.py","C:\SNS_24AutoProject_250723\scripts\export_logtrace_with_os_path_6.py","MOVE"
"BF180E2DA45CB5A243EADC39742E5D6F65480A47EBA50493C5A26FE712681485","export_logtrace_with_os_path_6.py","C:\SNS_24AutoProject_250723\scripts\export_logtrace_with_os_path_6.py","C:\SNS_24AutoProject_250723\scripts\export_logtrace_with_os_path_6.py","MOVE"
"BF180E2DA45CB5A243EADC39742E5D6F65480A47EBA50493C5A26FE712681485","export_logtrace_with_os_path_6.py","C:\SNS_24AutoProject_250723\scripts\export_logtrace_with_os_path_6.py","C:\SNS_24AutoProject_250723\scripts\export_logtrace_with_os_path_6.py","MOVE"
"BF180E2DA45CB5A243EADC39742E5D6F65480A47EBA50493C5A26FE712681485","export_logtrace_with_os_path_6.py","C:\SNS_24AutoProject_250723\scripts\export_logtrace_with_os_path_6.py","C:\SNS_24AutoProject_250723\scripts\export_logtrace_with_os_path_6.py","MOVE"
"BF180E2DA45CB5A243EADC39742E5D6F65480A47EBA50493C5A26FE712681485","export_logtrace_with_os_path_6.py","C:\SNS_24AutoProject_250723\scripts\export_logtrace_with_os_path_6.py","C:\SNS_24AutoProject_250723\scripts\export_logtrace_with_os_path_6.py","MOVE"
"4B900E6B5C91610F20689F85843C23FBD1645C388A0D4144516B44D894708275","export_log_summary_1.py","C:\SNS_24AutoProject_250723\scripts\export_log_summary_1.py","C:\SNS_24AutoProject_250723\scripts\export_log_summary_1.py","MOVE"
"4B900E6B5C91610F20689F85843C23FBD1645C388A0D4144516B44D894708275","export_log_summary_1.py","C:\SNS_24AutoProject_250723\scripts\export_log_summary_1.py","C:\SNS_24AutoProject_250723\scripts\export_log_summary_1.py","MOVE"
"4B900E6B5C91610F20689F85843C23FBD1645C388A0D4144516B44D894708275","export_log_summary_2.py","C:\SNS_24AutoProject_250723\scripts\export_log_summary_2.py","C:\SNS_24AutoProject_250723\scripts\export_log_summary_2.py","MOVE"
"4B900E6B5C91610F20689F85843C23FBD1645C388A0D4144516B44D894708275","export_log_summary_2.py","C:\SNS_24AutoProject_250723\scripts\export_log_summary_2.py","C:\SNS_24AutoProject_250723\scripts\export_log_summary_2.py","MOVE"
"033F772330CEC6855714DC69D94BB4DA93BEBF91317830C16B72CAD42FC3B108","export_log_summary_csv_with_datetime_1.py","C:\SNS_24AutoProject_250723\scripts\export_log_summary_csv_with_datetime_1.py","C:\SNS_24AutoProject_250723\scripts\export_log_summary_csv_with_datetime_1.py","MOVE"
"033F772330CEC6855714DC69D94BB4DA93BEBF91317830C16B72CAD42FC3B108","export_log_summary_csv_with_datetime_1.py","C:\SNS_24AutoProject_250723\scripts\export_log_summary_csv_with_datetime_1.py","C:\SNS_24AutoProject_250723\scripts\export_log_summary_csv_with_datetime_1.py","MOVE"
"033F772330CEC6855714DC69D94BB4DA93BEBF91317830C16B72CAD42FC3B108","export_log_summary_csv_with_datetime_1.py","C:\SNS_24AutoProject_250723\scripts\export_log_summary_csv_with_datetime_1.py","C:\SNS_24AutoProject_250723\scripts\export_log_summary_csv_with_datetime_1.py","MOVE"
"033F772330CEC6855714DC69D94BB4DA93BEBF91317830C16B72CAD42FC3B108","export_log_summary_csv_with_datetime_1.py","C:\SNS_24AutoProject_250723\scripts\export_log_summary_csv_with_datetime_1.py","C:\SNS_24AutoProject_250723\scripts\export_log_summary_csv_with_datetime_1.py","MOVE"
"033F772330CEC6855714DC69D94BB4DA93BEBF91317830C16B72CAD42FC3B108","export_log_summary_csv_with_datetime_1.py","C:\SNS_24AutoProject_250723\scripts\export_log_summary_csv_with_datetime_1.py","C:\SNS_24AutoProject_250723\scripts\export_log_summary_csv_with_datetime_1.py","MOVE"
"033F772330CEC6855714DC69D94BB4DA93BEBF91317830C16B72CAD42FC3B108","export_log_summary_csv_with_datetime_1.py","C:\SNS_24AutoProject_250723\scripts\export_log_summary_csv_with_datetime_1.py","C:\SNS_24AutoProject_250723\scripts\export_log_summary_csv_with_datetime_1.py","MOVE"
"033F772330CEC6855714DC69D94BB4DA93BEBF91317830C16B72CAD42FC3B108","export_log_summary_csv_with_datetime_2.py","C:\SNS_24AutoProject_250723\scripts\export_log_summary_csv_with_datetime_2.py","C:\SNS_24AutoProject_250723\scripts\export_log_summary_csv_with_datetime_2.py","MOVE"
"033F772330CEC6855714DC69D94BB4DA93BEBF91317830C16B72CAD42FC3B108","export_log_summary_csv_with_datetime_2.py","C:\SNS_24AutoProject_250723\scripts\export_log_summary_csv_with_datetime_2.py","C:\SNS_24AutoProject_250723\scripts\export_log_summary_csv_with_datetime_2.py","MOVE"
"033F772330CEC6855714DC69D94BB4DA93BEBF91317830C16B72CAD42FC3B108","export_log_summary_csv_with_datetime_2.py","C:\SNS_24AutoProject_250723\scripts\export_log_summary_csv_with_datetime_2.py","C:\SNS_24AutoProject_250723\scripts\export_log_summary_csv_with_datetime_2.py","MOVE"
"033F772330CEC6855714DC69D94BB4DA93BEBF91317830C16B72CAD42FC3B108","export_log_summary_csv_with_datetime_2.py","C:\SNS_24AutoProject_250723\scripts\export_log_summary_csv_with_datetime_2.py","C:\SNS_24AutoProject_250723\scripts\export_log_summary_csv_with_datetime_2.py","MOVE"
"033F772330CEC6855714DC69D94BB4DA93BEBF91317830C16B72CAD42FC3B108","export_log_summary_csv_with_datetime_2.py","C:\SNS_24AutoProject_250723\scripts\export_log_summary_csv_with_datetime_2.py","C:\SNS_24AutoProject_250723\scripts\export_log_summary_csv_with_datetime_2.py","MOVE"
"033F772330CEC6855714DC69D94BB4DA93BEBF91317830C16B72CAD42FC3B108","export_log_summary_csv_with_datetime_2.py","C:\SNS_24AutoProject_250723\scripts\export_log_summary_csv_with_datetime_2.py","C:\SNS_24AutoProject_250723\scripts\export_log_summary_csv_with_datetime_2.py","MOVE"
"033F772330CEC6855714DC69D94BB4DA93BEBF91317830C16B72CAD42FC3B108","export_log_summary_csv_with_datetime_3.py","C:\SNS_24AutoProject_250723\scripts\export_log_summary_csv_with_datetime_3.py","C:\SNS_24AutoProject_250723\scripts\export_log_summary_csv_with_datetime_3.py","MOVE"
"033F772330CEC6855714DC69D94BB4DA93BEBF91317830C16B72CAD42FC3B108","export_log_summary_csv_with_datetime_3.py","C:\SNS_24AutoProject_250723\scripts\export_log_summary_csv_with_datetime_3.py","C:\SNS_24AutoProject_250723\scripts\export_log_summary_csv_with_datetime_3.py","MOVE"
"033F772330CEC6855714DC69D94BB4DA93BEBF91317830C16B72CAD42FC3B108","export_log_summary_csv_with_datetime_3.py","C:\SNS_24AutoProject_250723\scripts\export_log_summary_csv_with_datetime_3.py","C:\SNS_24AutoProject_250723\scripts\export_log_summary_csv_with_datetime_3.py","MOVE"
"033F772330CEC6855714DC69D94BB4DA93BEBF91317830C16B72CAD42FC3B108","export_log_summary_csv_with_datetime_3.py","C:\SNS_24AutoProject_250723\scripts\export_log_summary_csv_with_datetime_3.py","C:\SNS_24AutoProject_250723\scripts\export_log_summary_csv_with_datetime_3.py","MOVE"
"033F772330CEC6855714DC69D94BB4DA93BEBF91317830C16B72CAD42FC3B108","export_log_summary_csv_with_datetime_3.py","C:\SNS_24AutoProject_250723\scripts\export_log_summary_csv_with_datetime_3.py","C:\SNS_24AutoProject_250723\scripts\export_log_summary_csv_with_datetime_3.py","MOVE"
"033F772330CEC6855714DC69D94BB4DA93BEBF91317830C16B72CAD42FC3B108","export_log_summary_csv_with_datetime_3.py","C:\SNS_24AutoProject_250723\scripts\export_log_summary_csv_with_datetime_3.py","C:\SNS_24AutoProject_250723\scripts\export_log_summary_csv_with_datetime_3.py","MOVE"
"033F772330CEC6855714DC69D94BB4DA93BEBF91317830C16B72CAD42FC3B108","export_log_summary_csv_with_datetime_4.py","C:\SNS_24AutoProject_250723\scripts\export_log_summary_csv_with_datetime_4.py","C:\SNS_24AutoProject_250723\scripts\export_log_summary_csv_with_datetime_4.py","MOVE"
"033F772330CEC6855714DC69D94BB4DA93BEBF91317830C16B72CAD42FC3B108","export_log_summary_csv_with_datetime_4.py","C:\SNS_24AutoProject_250723\scripts\export_log_summary_csv_with_datetime_4.py","C:\SNS_24AutoProject_250723\scripts\export_log_summary_csv_with_datetime_4.py","MOVE"
"033F772330CEC6855714DC69D94BB4DA93BEBF91317830C16B72CAD42FC3B108","export_log_summary_csv_with_datetime_4.py","C:\SNS_24AutoProject_250723\scripts\export_log_summary_csv_with_datetime_4.py","C:\SNS_24AutoProject_250723\scripts\export_log_summary_csv_with_datetime_4.py","MOVE"
"033F772330CEC6855714DC69D94BB4DA93BEBF91317830C16B72CAD42FC3B108","export_log_summary_csv_with_datetime_4.py","C:\SNS_24AutoProject_250723\scripts\export_log_summary_csv_with_datetime_4.py","C:\SNS_24AutoProject_250723\scripts\export_log_summary_csv_with_datetime_4.py","MOVE"
"033F772330CEC6855714DC69D94BB4DA93BEBF91317830C16B72CAD42FC3B108","export_log_summary_csv_with_datetime_4.py","C:\SNS_24AutoProject_250723\scripts\export_log_summary_csv_with_datetime_4.py","C:\SNS_24AutoProject_250723\scripts\export_log_summary_csv_with_datetime_4.py","MOVE"
"033F772330CEC6855714DC69D94BB4DA93BEBF91317830C16B72CAD42FC3B108","export_log_summary_csv_with_datetime_4.py","C:\SNS_24AutoProject_250723\scripts\export_log_summary_csv_with_datetime_4.py","C:\SNS_24AutoProject_250723\scripts\export_log_summary_csv_with_datetime_4.py","MOVE"
"033F772330CEC6855714DC69D94BB4DA93BEBF91317830C16B72CAD42FC3B108","export_log_summary_csv_with_datetime_5.py","C:\SNS_24AutoProject_250723\scripts\export_log_summary_csv_with_datetime_5.py","C:\SNS_24AutoProject_250723\scripts\export_log_summary_csv_with_datetime_5.py","MOVE"
"033F772330CEC6855714DC69D94BB4DA93BEBF91317830C16B72CAD42FC3B108","export_log_summary_csv_with_datetime_5.py","C:\SNS_24AutoProject_250723\scripts\export_log_summary_csv_with_datetime_5.py","C:\SNS_24AutoProject_250723\scripts\export_log_summary_csv_with_datetime_5.py","MOVE"
"033F772330CEC6855714DC69D94BB4DA93BEBF91317830C16B72CAD42FC3B108","export_log_summary_csv_with_datetime_5.py","C:\SNS_24AutoProject_250723\scripts\export_log_summary_csv_with_datetime_5.py","C:\SNS_24AutoProject_250723\scripts\export_log_summary_csv_with_datetime_5.py","MOVE"
"033F772330CEC6855714DC69D94BB4DA93BEBF91317830C16B72CAD42FC3B108","export_log_summary_csv_with_datetime_5.py","C:\SNS_24AutoProject_250723\scripts\export_log_summary_csv_with_datetime_5.py","C:\SNS_24AutoProject_250723\scripts\export_log_summary_csv_with_datetime_5.py","MOVE"
"033F772330CEC6855714DC69D94BB4DA93BEBF91317830C16B72CAD42FC3B108","export_log_summary_csv_with_datetime_5.py","C:\SNS_24AutoProject_250723\scripts\export_log_summary_csv_with_datetime_5.py","C:\SNS_24AutoProject_250723\scripts\export_log_summary_csv_with_datetime_5.py","MOVE"
"033F772330CEC6855714DC69D94BB4DA93BEBF91317830C16B72CAD42FC3B108","export_log_summary_csv_with_datetime_5.py","C:\SNS_24AutoProject_250723\scripts\export_log_summary_csv_with_datetime_5.py","C:\SNS_24AutoProject_250723\scripts\export_log_summary_csv_with_datetime_5.py","MOVE"
"033F772330CEC6855714DC69D94BB4DA93BEBF91317830C16B72CAD42FC3B108","export_log_summary_csv_with_datetime_6.py","C:\SNS_24AutoProject_250723\scripts\export_log_summary_csv_with_datetime_6.py","C:\SNS_24AutoProject_250723\scripts\export_log_summary_csv_with_datetime_6.py","MOVE"
"033F772330CEC6855714DC69D94BB4DA93BEBF91317830C16B72CAD42FC3B108","export_log_summary_csv_with_datetime_6.py","C:\SNS_24AutoProject_250723\scripts\export_log_summary_csv_with_datetime_6.py","C:\SNS_24AutoProject_250723\scripts\export_log_summary_csv_with_datetime_6.py","MOVE"
"033F772330CEC6855714DC69D94BB4DA93BEBF91317830C16B72CAD42FC3B108","export_log_summary_csv_with_datetime_6.py","C:\SNS_24AutoProject_250723\scripts\export_log_summary_csv_with_datetime_6.py","C:\SNS_24AutoProject_250723\scripts\export_log_summary_csv_with_datetime_6.py","MOVE"
"033F772330CEC6855714DC69D94BB4DA93BEBF91317830C16B72CAD42FC3B108","export_log_summary_csv_with_datetime_6.py","C:\SNS_24AutoProject_250723\scripts\export_log_summary_csv_with_datetime_6.py","C:\SNS_24AutoProject_250723\scripts\export_log_summary_csv_with_datetime_6.py","MOVE"
"033F772330CEC6855714DC69D94BB4DA93BEBF91317830C16B72CAD42FC3B108","export_log_summary_csv_with_datetime_6.py","C:\SNS_24AutoProject_250723\scripts\export_log_summary_csv_with_datetime_6.py","C:\SNS_24AutoProject_250723\scripts\export_log_summary_csv_with_datetime_6.py","MOVE"
"033F772330CEC6855714DC69D94BB4DA93BEBF91317830C16B72CAD42FC3B108","export_log_summary_csv_with_datetime_6.py","C:\SNS_24AutoProject_250723\scripts\export_log_summary_csv_with_datetime_6.py","C:\SNS_24AutoProject_250723\scripts\export_log_summary_csv_with_datetime_6.py","MOVE"
"1ACB912910EB1D320DEA2B2B29B8815106754B549931ACED9483F190E51CD693","export_network_log_1.py","C:\SNS_24AutoProject_250723\scripts\export_network_log_1.py","C:\SNS_24AutoProject_250723\scripts\export_network_log_1.py","MOVE"
"1ACB912910EB1D320DEA2B2B29B8815106754B549931ACED9483F190E51CD693","export_network_log_1.py","C:\SNS_24AutoProject_250723\scripts\export_network_log_1.py","C:\SNS_24AutoProject_250723\scripts\export_network_log_1.py","MOVE"
"1ACB912910EB1D320DEA2B2B29B8815106754B549931ACED9483F190E51CD693","export_network_log_1.py","C:\SNS_24AutoProject_250723\scripts\export_network_log_1.py","C:\SNS_24AutoProject_250723\scripts\export_network_log_1.py","MOVE"
"1ACB912910EB1D320DEA2B2B29B8815106754B549931ACED9483F190E51CD693","export_network_log_1.py","C:\SNS_24AutoProject_250723\scripts\export_network_log_1.py","C:\SNS_24AutoProject_250723\scripts\export_network_log_1.py","MOVE"
"1ACB912910EB1D320DEA2B2B29B8815106754B549931ACED9483F190E51CD693","export_network_log_1.py","C:\SNS_24AutoProject_250723\scripts\export_network_log_1.py","C:\SNS_24AutoProject_250723\scripts\export_network_log_1.py","MOVE"
"1ACB912910EB1D320DEA2B2B29B8815106754B549931ACED9483F190E51CD693","export_network_log_1.py","C:\SNS_24AutoProject_250723\scripts\export_network_log_1.py","C:\SNS_24AutoProject_250723\scripts\export_network_log_1.py","MOVE"
"1ACB912910EB1D320DEA2B2B29B8815106754B549931ACED9483F190E51CD693","export_network_log_2.py","C:\SNS_24AutoProject_250723\scripts\export_network_log_2.py","C:\SNS_24AutoProject_250723\scripts\export_network_log_2.py","MOVE"
"1ACB912910EB1D320DEA2B2B29B8815106754B549931ACED9483F190E51CD693","export_network_log_2.py","C:\SNS_24AutoProject_250723\scripts\export_network_log_2.py","C:\SNS_24AutoProject_250723\scripts\export_network_log_2.py","MOVE"
"1ACB912910EB1D320DEA2B2B29B8815106754B549931ACED9483F190E51CD693","export_network_log_2.py","C:\SNS_24AutoProject_250723\scripts\export_network_log_2.py","C:\SNS_24AutoProject_250723\scripts\export_network_log_2.py","MOVE"
"1ACB912910EB1D320DEA2B2B29B8815106754B549931ACED9483F190E51CD693","export_network_log_2.py","C:\SNS_24AutoProject_250723\scripts\export_network_log_2.py","C:\SNS_24AutoProject_250723\scripts\export_network_log_2.py","MOVE"
"1ACB912910EB1D320DEA2B2B29B8815106754B549931ACED9483F190E51CD693","export_network_log_2.py","C:\SNS_24AutoProject_250723\scripts\export_network_log_2.py","C:\SNS_24AutoProject_250723\scripts\export_network_log_2.py","MOVE"
"1ACB912910EB1D320DEA2B2B29B8815106754B549931ACED9483F190E51CD693","export_network_log_2.py","C:\SNS_24AutoProject_250723\scripts\export_network_log_2.py","C:\SNS_24AutoProject_250723\scripts\export_network_log_2.py","MOVE"
"1ACB912910EB1D320DEA2B2B29B8815106754B549931ACED9483F190E51CD693","export_network_log_3.py","C:\SNS_24AutoProject_250723\scripts\export_network_log_3.py","C:\SNS_24AutoProject_250723\scripts\export_network_log_3.py","MOVE"
"1ACB912910EB1D320DEA2B2B29B8815106754B549931ACED9483F190E51CD693","export_network_log_3.py","C:\SNS_24AutoProject_250723\scripts\export_network_log_3.py","C:\SNS_24AutoProject_250723\scripts\export_network_log_3.py","MOVE"
"1ACB912910EB1D320DEA2B2B29B8815106754B549931ACED9483F190E51CD693","export_network_log_3.py","C:\SNS_24AutoProject_250723\scripts\export_network_log_3.py","C:\SNS_24AutoProject_250723\scripts\export_network_log_3.py","MOVE"
"1ACB912910EB1D320DEA2B2B29B8815106754B549931ACED9483F190E51CD693","export_network_log_3.py","C:\SNS_24AutoProject_250723\scripts\export_network_log_3.py","C:\SNS_24AutoProject_250723\scripts\export_network_log_3.py","MOVE"
"1ACB912910EB1D320DEA2B2B29B8815106754B549931ACED9483F190E51CD693","export_network_log_3.py","C:\SNS_24AutoProject_250723\scripts\export_network_log_3.py","C:\SNS_24AutoProject_250723\scripts\export_network_log_3.py","MOVE"
"1ACB912910EB1D320DEA2B2B29B8815106754B549931ACED9483F190E51CD693","export_network_log_3.py","C:\SNS_24AutoProject_250723\scripts\export_network_log_3.py","C:\SNS_24AutoProject_250723\scripts\export_network_log_3.py","MOVE"
"1ACB912910EB1D320DEA2B2B29B8815106754B549931ACED9483F190E51CD693","export_network_log_4.py","C:\SNS_24AutoProject_250723\scripts\export_network_log_4.py","C:\SNS_24AutoProject_250723\scripts\export_network_log_4.py","MOVE"
"1ACB912910EB1D320DEA2B2B29B8815106754B549931ACED9483F190E51CD693","export_network_log_4.py","C:\SNS_24AutoProject_250723\scripts\export_network_log_4.py","C:\SNS_24AutoProject_250723\scripts\export_network_log_4.py","MOVE"
"1ACB912910EB1D320DEA2B2B29B8815106754B549931ACED9483F190E51CD693","export_network_log_4.py","C:\SNS_24AutoProject_250723\scripts\export_network_log_4.py","C:\SNS_24AutoProject_250723\scripts\export_network_log_4.py","MOVE"
"1ACB912910EB1D320DEA2B2B29B8815106754B549931ACED9483F190E51CD693","export_network_log_4.py","C:\SNS_24AutoProject_250723\scripts\export_network_log_4.py","C:\SNS_24AutoProject_250723\scripts\export_network_log_4.py","MOVE"
"1ACB912910EB1D320DEA2B2B29B8815106754B549931ACED9483F190E51CD693","export_network_log_4.py","C:\SNS_24AutoProject_250723\scripts\export_network_log_4.py","C:\SNS_24AutoProject_250723\scripts\export_network_log_4.py","MOVE"
"1ACB912910EB1D320DEA2B2B29B8815106754B549931ACED9483F190E51CD693","export_network_log_4.py","C:\SNS_24AutoProject_250723\scripts\export_network_log_4.py","C:\SNS_24AutoProject_250723\scripts\export_network_log_4.py","MOVE"
"1ACB912910EB1D320DEA2B2B29B8815106754B549931ACED9483F190E51CD693","export_network_log_5.py","C:\SNS_24AutoProject_250723\scripts\export_network_log_5.py","C:\SNS_24AutoProject_250723\scripts\export_network_log_5.py","MOVE"
"1ACB912910EB1D320DEA2B2B29B8815106754B549931ACED9483F190E51CD693","export_network_log_5.py","C:\SNS_24AutoProject_250723\scripts\export_network_log_5.py","C:\SNS_24AutoProject_250723\scripts\export_network_log_5.py","MOVE"
"1ACB912910EB1D320DEA2B2B29B8815106754B549931ACED9483F190E51CD693","export_network_log_5.py","C:\SNS_24AutoProject_250723\scripts\export_network_log_5.py","C:\SNS_24AutoProject_250723\scripts\export_network_log_5.py","MOVE"
"1ACB912910EB1D320DEA2B2B29B8815106754B549931ACED9483F190E51CD693","export_network_log_5.py","C:\SNS_24AutoProject_250723\scripts\export_network_log_5.py","C:\SNS_24AutoProject_250723\scripts\export_network_log_5.py","MOVE"
"1ACB912910EB1D320DEA2B2B29B8815106754B549931ACED9483F190E51CD693","export_network_log_5.py","C:\SNS_24AutoProject_250723\scripts\export_network_log_5.py","C:\SNS_24AutoProject_250723\scripts\export_network_log_5.py","MOVE"
"1ACB912910EB1D320DEA2B2B29B8815106754B549931ACED9483F190E51CD693","export_network_log_5.py","C:\SNS_24AutoProject_250723\scripts\export_network_log_5.py","C:\SNS_24AutoProject_250723\scripts\export_network_log_5.py","MOVE"
"1ACB912910EB1D320DEA2B2B29B8815106754B549931ACED9483F190E51CD693","export_network_log_6.py","C:\SNS_24AutoProject_250723\scripts\export_network_log_6.py","C:\SNS_24AutoProject_250723\scripts\export_network_log_6.py","MOVE"
"1ACB912910EB1D320DEA2B2B29B8815106754B549931ACED9483F190E51CD693","export_network_log_6.py","C:\SNS_24AutoProject_250723\scripts\export_network_log_6.py","C:\SNS_24AutoProject_250723\scripts\export_network_log_6.py","MOVE"
"1ACB912910EB1D320DEA2B2B29B8815106754B549931ACED9483F190E51CD693","export_network_log_6.py","C:\SNS_24AutoProject_250723\scripts\export_network_log_6.py","C:\SNS_24AutoProject_250723\scripts\export_network_log_6.py","MOVE"
"1ACB912910EB1D320DEA2B2B29B8815106754B549931ACED9483F190E51CD693","export_network_log_6.py","C:\SNS_24AutoProject_250723\scripts\export_network_log_6.py","C:\SNS_24AutoProject_250723\scripts\export_network_log_6.py","MOVE"
"1ACB912910EB1D320DEA2B2B29B8815106754B549931ACED9483F190E51CD693","export_network_log_6.py","C:\SNS_24AutoProject_250723\scripts\export_network_log_6.py","C:\SNS_24AutoProject_250723\scripts\export_network_log_6.py","MOVE"
"1ACB912910EB1D320DEA2B2B29B8815106754B549931ACED9483F190E51CD693","export_network_log_6.py","C:\SNS_24AutoProject_250723\scripts\export_network_log_6.py","C:\SNS_24AutoProject_250723\scripts\export_network_log_6.py","MOVE"
"4C9522C7993144C1F77A03420293A2BC68A60FC9DCCB6D6AC5278583F14656DA","export_session_log_1.py","C:\SNS_24AutoProject_250723\scripts\export_session_log_1.py","C:\SNS_24AutoProject_250723\scripts\export_session_log_1.py","MOVE"
"4C9522C7993144C1F77A03420293A2BC68A60FC9DCCB6D6AC5278583F14656DA","export_session_log_1.py","C:\SNS_24AutoProject_250723\scripts\export_session_log_1.py","C:\SNS_24AutoProject_250723\scripts\export_session_log_1.py","MOVE"
"4C9522C7993144C1F77A03420293A2BC68A60FC9DCCB6D6AC5278583F14656DA","export_session_log_1.py","C:\SNS_24AutoProject_250723\scripts\export_session_log_1.py","C:\SNS_24AutoProject_250723\scripts\export_session_log_1.py","MOVE"
"4C9522C7993144C1F77A03420293A2BC68A60FC9DCCB6D6AC5278583F14656DA","export_session_log_1.py","C:\SNS_24AutoProject_250723\scripts\export_session_log_1.py","C:\SNS_24AutoProject_250723\scripts\export_session_log_1.py","MOVE"
"4C9522C7993144C1F77A03420293A2BC68A60FC9DCCB6D6AC5278583F14656DA","export_session_log_1.py","C:\SNS_24AutoProject_250723\scripts\export_session_log_1.py","C:\SNS_24AutoProject_250723\scripts\export_session_log_1.py","MOVE"
"4C9522C7993144C1F77A03420293A2BC68A60FC9DCCB6D6AC5278583F14656DA","export_session_log_1.py","C:\SNS_24AutoProject_250723\scripts\export_session_log_1.py","C:\SNS_24AutoProject_250723\scripts\export_session_log_1.py","MOVE"
"4C9522C7993144C1F77A03420293A2BC68A60FC9DCCB6D6AC5278583F14656DA","export_session_log_2.py","C:\SNS_24AutoProject_250723\scripts\export_session_log_2.py","C:\SNS_24AutoProject_250723\scripts\export_session_log_2.py","MOVE"
"4C9522C7993144C1F77A03420293A2BC68A60FC9DCCB6D6AC5278583F14656DA","export_session_log_2.py","C:\SNS_24AutoProject_250723\scripts\export_session_log_2.py","C:\SNS_24AutoProject_250723\scripts\export_session_log_2.py","MOVE"
"4C9522C7993144C1F77A03420293A2BC68A60FC9DCCB6D6AC5278583F14656DA","export_session_log_2.py","C:\SNS_24AutoProject_250723\scripts\export_session_log_2.py","C:\SNS_24AutoProject_250723\scripts\export_session_log_2.py","MOVE"
"4C9522C7993144C1F77A03420293A2BC68A60FC9DCCB6D6AC5278583F14656DA","export_session_log_2.py","C:\SNS_24AutoProject_250723\scripts\export_session_log_2.py","C:\SNS_24AutoProject_250723\scripts\export_session_log_2.py","MOVE"
"4C9522C7993144C1F77A03420293A2BC68A60FC9DCCB6D6AC5278583F14656DA","export_session_log_2.py","C:\SNS_24AutoProject_250723\scripts\export_session_log_2.py","C:\SNS_24AutoProject_250723\scripts\export_session_log_2.py","MOVE"
"4C9522C7993144C1F77A03420293A2BC68A60FC9DCCB6D6AC5278583F14656DA","export_session_log_2.py","C:\SNS_24AutoProject_250723\scripts\export_session_log_2.py","C:\SNS_24AutoProject_250723\scripts\export_session_log_2.py","MOVE"
"4C9522C7993144C1F77A03420293A2BC68A60FC9DCCB6D6AC5278583F14656DA","export_session_log_3.py","C:\SNS_24AutoProject_250723\scripts\export_session_log_3.py","C:\SNS_24AutoProject_250723\scripts\export_session_log_3.py","MOVE"
"4C9522C7993144C1F77A03420293A2BC68A60FC9DCCB6D6AC5278583F14656DA","export_session_log_3.py","C:\SNS_24AutoProject_250723\scripts\export_session_log_3.py","C:\SNS_24AutoProject_250723\scripts\export_session_log_3.py","MOVE"
"4C9522C7993144C1F77A03420293A2BC68A60FC9DCCB6D6AC5278583F14656DA","export_session_log_3.py","C:\SNS_24AutoProject_250723\scripts\export_session_log_3.py","C:\SNS_24AutoProject_250723\scripts\export_session_log_3.py","MOVE"
"4C9522C7993144C1F77A03420293A2BC68A60FC9DCCB6D6AC5278583F14656DA","export_session_log_3.py","C:\SNS_24AutoProject_250723\scripts\export_session_log_3.py","C:\SNS_24AutoProject_250723\scripts\export_session_log_3.py","MOVE"
"4C9522C7993144C1F77A03420293A2BC68A60FC9DCCB6D6AC5278583F14656DA","export_session_log_3.py","C:\SNS_24AutoProject_250723\scripts\export_session_log_3.py","C:\SNS_24AutoProject_250723\scripts\export_session_log_3.py","MOVE"
"4C9522C7993144C1F77A03420293A2BC68A60FC9DCCB6D6AC5278583F14656DA","export_session_log_3.py","C:\SNS_24AutoProject_250723\scripts\export_session_log_3.py","C:\SNS_24AutoProject_250723\scripts\export_session_log_3.py","MOVE"
"4C9522C7993144C1F77A03420293A2BC68A60FC9DCCB6D6AC5278583F14656DA","export_session_log_4.py","C:\SNS_24AutoProject_250723\scripts\export_session_log_4.py","C:\SNS_24AutoProject_250723\scripts\export_session_log_4.py","MOVE"
"4C9522C7993144C1F77A03420293A2BC68A60FC9DCCB6D6AC5278583F14656DA","export_session_log_4.py","C:\SNS_24AutoProject_250723\scripts\export_session_log_4.py","C:\SNS_24AutoProject_250723\scripts\export_session_log_4.py","MOVE"
"4C9522C7993144C1F77A03420293A2BC68A60FC9DCCB6D6AC5278583F14656DA","export_session_log_4.py","C:\SNS_24AutoProject_250723\scripts\export_session_log_4.py","C:\SNS_24AutoProject_250723\scripts\export_session_log_4.py","MOVE"
"4C9522C7993144C1F77A03420293A2BC68A60FC9DCCB6D6AC5278583F14656DA","export_session_log_4.py","C:\SNS_24AutoProject_250723\scripts\export_session_log_4.py","C:\SNS_24AutoProject_250723\scripts\export_session_log_4.py","MOVE"
"4C9522C7993144C1F77A03420293A2BC68A60FC9DCCB6D6AC5278583F14656DA","export_session_log_4.py","C:\SNS_24AutoProject_250723\scripts\export_session_log_4.py","C:\SNS_24AutoProject_250723\scripts\export_session_log_4.py","MOVE"
"4C9522C7993144C1F77A03420293A2BC68A60FC9DCCB6D6AC5278583F14656DA","export_session_log_4.py","C:\SNS_24AutoProject_250723\scripts\export_session_log_4.py","C:\SNS_24AutoProject_250723\scripts\export_session_log_4.py","MOVE"
"4C9522C7993144C1F77A03420293A2BC68A60FC9DCCB6D6AC5278583F14656DA","export_session_log_5.py","C:\SNS_24AutoProject_250723\scripts\export_session_log_5.py","C:\SNS_24AutoProject_250723\scripts\export_session_log_5.py","MOVE"
"4C9522C7993144C1F77A03420293A2BC68A60FC9DCCB6D6AC5278583F14656DA","export_session_log_5.py","C:\SNS_24AutoProject_250723\scripts\export_session_log_5.py","C:\SNS_24AutoProject_250723\scripts\export_session_log_5.py","MOVE"
"4C9522C7993144C1F77A03420293A2BC68A60FC9DCCB6D6AC5278583F14656DA","export_session_log_5.py","C:\SNS_24AutoProject_250723\scripts\export_session_log_5.py","C:\SNS_24AutoProject_250723\scripts\export_session_log_5.py","MOVE"
"4C9522C7993144C1F77A03420293A2BC68A60FC9DCCB6D6AC5278583F14656DA","export_session_log_5.py","C:\SNS_24AutoProject_250723\scripts\export_session_log_5.py","C:\SNS_24AutoProject_250723\scripts\export_session_log_5.py","MOVE"
"4C9522C7993144C1F77A03420293A2BC68A60FC9DCCB6D6AC5278583F14656DA","export_session_log_5.py","C:\SNS_24AutoProject_250723\scripts\export_session_log_5.py","C:\SNS_24AutoProject_250723\scripts\export_session_log_5.py","MOVE"
"4C9522C7993144C1F77A03420293A2BC68A60FC9DCCB6D6AC5278583F14656DA","export_session_log_5.py","C:\SNS_24AutoProject_250723\scripts\export_session_log_5.py","C:\SNS_24AutoProject_250723\scripts\export_session_log_5.py","MOVE"
"4C9522C7993144C1F77A03420293A2BC68A60FC9DCCB6D6AC5278583F14656DA","export_session_log_6.py","C:\SNS_24AutoProject_250723\scripts\export_session_log_6.py","C:\SNS_24AutoProject_250723\scripts\export_session_log_6.py","MOVE"
"4C9522C7993144C1F77A03420293A2BC68A60FC9DCCB6D6AC5278583F14656DA","export_session_log_6.py","C:\SNS_24AutoProject_250723\scripts\export_session_log_6.py","C:\SNS_24AutoProject_250723\scripts\export_session_log_6.py","MOVE"
"4C9522C7993144C1F77A03420293A2BC68A60FC9DCCB6D6AC5278583F14656DA","export_session_log_6.py","C:\SNS_24AutoProject_250723\scripts\export_session_log_6.py","C:\SNS_24AutoProject_250723\scripts\export_session_log_6.py","MOVE"
"4C9522C7993144C1F77A03420293A2BC68A60FC9DCCB6D6AC5278583F14656DA","export_session_log_6.py","C:\SNS_24AutoProject_250723\scripts\export_session_log_6.py","C:\SNS_24AutoProject_250723\scripts\export_session_log_6.py","MOVE"
"4C9522C7993144C1F77A03420293A2BC68A60FC9DCCB6D6AC5278583F14656DA","export_session_log_6.py","C:\SNS_24AutoProject_250723\scripts\export_session_log_6.py","C:\SNS_24AutoProject_250723\scripts\export_session_log_6.py","MOVE"
"4C9522C7993144C1F77A03420293A2BC68A60FC9DCCB6D6AC5278583F14656DA","export_session_log_6.py","C:\SNS_24AutoProject_250723\scripts\export_session_log_6.py","C:\SNS_24AutoProject_250723\scripts\export_session_log_6.py","MOVE"
"D2CEAB193CAF7E7BB42BEB3666253B879795D653AC809B4A64453F0294BC0B67","export_session_results_to_csv_1.py","C:\SNS_24AutoProject_250723\scripts\export_session_results_to_csv_1.py","C:\SNS_24AutoProject_250723\scripts\export_session_results_to_csv_1.py","MOVE"
"D2CEAB193CAF7E7BB42BEB3666253B879795D653AC809B4A64453F0294BC0B67","export_session_results_to_csv_1.py","C:\SNS_24AutoProject_250723\scripts\export_session_results_to_csv_1.py","C:\SNS_24AutoProject_250723\scripts\export_session_results_to_csv_1.py","MOVE"
"D2CEAB193CAF7E7BB42BEB3666253B879795D653AC809B4A64453F0294BC0B67","export_session_results_to_csv_1.py","C:\SNS_24AutoProject_250723\scripts\export_session_results_to_csv_1.py","C:\SNS_24AutoProject_250723\scripts\export_session_results_to_csv_1.py","MOVE"
"D2CEAB193CAF7E7BB42BEB3666253B879795D653AC809B4A64453F0294BC0B67","export_session_results_to_csv_1.py","C:\SNS_24AutoProject_250723\scripts\export_session_results_to_csv_1.py","C:\SNS_24AutoProject_250723\scripts\export_session_results_to_csv_1.py","MOVE"
"D2CEAB193CAF7E7BB42BEB3666253B879795D653AC809B4A64453F0294BC0B67","export_session_results_to_csv_1.py","C:\SNS_24AutoProject_250723\scripts\export_session_results_to_csv_1.py","C:\SNS_24AutoProject_250723\scripts\export_session_results_to_csv_1.py","MOVE"
"D2CEAB193CAF7E7BB42BEB3666253B879795D653AC809B4A64453F0294BC0B67","export_session_results_to_csv_1.py","C:\SNS_24AutoProject_250723\scripts\export_session_results_to_csv_1.py","C:\SNS_24AutoProject_250723\scripts\export_session_results_to_csv_1.py","MOVE"
"D2CEAB193CAF7E7BB42BEB3666253B879795D653AC809B4A64453F0294BC0B67","export_session_results_to_csv_2.py","C:\SNS_24AutoProject_250723\scripts\export_session_results_to_csv_2.py","C:\SNS_24AutoProject_250723\scripts\export_session_results_to_csv_2.py","MOVE"
"D2CEAB193CAF7E7BB42BEB3666253B879795D653AC809B4A64453F0294BC0B67","export_session_results_to_csv_2.py","C:\SNS_24AutoProject_250723\scripts\export_session_results_to_csv_2.py","C:\SNS_24AutoProject_250723\scripts\export_session_results_to_csv_2.py","MOVE"
"D2CEAB193CAF7E7BB42BEB3666253B879795D653AC809B4A64453F0294BC0B67","export_session_results_to_csv_2.py","C:\SNS_24AutoProject_250723\scripts\export_session_results_to_csv_2.py","C:\SNS_24AutoProject_250723\scripts\export_session_results_to_csv_2.py","MOVE"
"D2CEAB193CAF7E7BB42BEB3666253B879795D653AC809B4A64453F0294BC0B67","export_session_results_to_csv_2.py","C:\SNS_24AutoProject_250723\scripts\export_session_results_to_csv_2.py","C:\SNS_24AutoProject_250723\scripts\export_session_results_to_csv_2.py","MOVE"
"D2CEAB193CAF7E7BB42BEB3666253B879795D653AC809B4A64453F0294BC0B67","export_session_results_to_csv_2.py","C:\SNS_24AutoProject_250723\scripts\export_session_results_to_csv_2.py","C:\SNS_24AutoProject_250723\scripts\export_session_results_to_csv_2.py","MOVE"
"D2CEAB193CAF7E7BB42BEB3666253B879795D653AC809B4A64453F0294BC0B67","export_session_results_to_csv_2.py","C:\SNS_24AutoProject_250723\scripts\export_session_results_to_csv_2.py","C:\SNS_24AutoProject_250723\scripts\export_session_results_to_csv_2.py","MOVE"
"D2CEAB193CAF7E7BB42BEB3666253B879795D653AC809B4A64453F0294BC0B67","export_session_results_to_csv_3.py","C:\SNS_24AutoProject_250723\scripts\export_session_results_to_csv_3.py","C:\SNS_24AutoProject_250723\scripts\export_session_results_to_csv_3.py","MOVE"
"D2CEAB193CAF7E7BB42BEB3666253B879795D653AC809B4A64453F0294BC0B67","export_session_results_to_csv_3.py","C:\SNS_24AutoProject_250723\scripts\export_session_results_to_csv_3.py","C:\SNS_24AutoProject_250723\scripts\export_session_results_to_csv_3.py","MOVE"
"D2CEAB193CAF7E7BB42BEB3666253B879795D653AC809B4A64453F0294BC0B67","export_session_results_to_csv_3.py","C:\SNS_24AutoProject_250723\scripts\export_session_results_to_csv_3.py","C:\SNS_24AutoProject_250723\scripts\export_session_results_to_csv_3.py","MOVE"
"D2CEAB193CAF7E7BB42BEB3666253B879795D653AC809B4A64453F0294BC0B67","export_session_results_to_csv_3.py","C:\SNS_24AutoProject_250723\scripts\export_session_results_to_csv_3.py","C:\SNS_24AutoProject_250723\scripts\export_session_results_to_csv_3.py","MOVE"
"D2CEAB193CAF7E7BB42BEB3666253B879795D653AC809B4A64453F0294BC0B67","export_session_results_to_csv_3.py","C:\SNS_24AutoProject_250723\scripts\export_session_results_to_csv_3.py","C:\SNS_24AutoProject_250723\scripts\export_session_results_to_csv_3.py","MOVE"
"D2CEAB193CAF7E7BB42BEB3666253B879795D653AC809B4A64453F0294BC0B67","export_session_results_to_csv_3.py","C:\SNS_24AutoProject_250723\scripts\export_session_results_to_csv_3.py","C:\SNS_24AutoProject_250723\scripts\export_session_results_to_csv_3.py","MOVE"
"D2CEAB193CAF7E7BB42BEB3666253B879795D653AC809B4A64453F0294BC0B67","export_session_results_to_csv_4.py","C:\SNS_24AutoProject_250723\scripts\export_session_results_to_csv_4.py","C:\SNS_24AutoProject_250723\scripts\export_session_results_to_csv_4.py","MOVE"
"D2CEAB193CAF7E7BB42BEB3666253B879795D653AC809B4A64453F0294BC0B67","export_session_results_to_csv_4.py","C:\SNS_24AutoProject_250723\scripts\export_session_results_to_csv_4.py","C:\SNS_24AutoProject_250723\scripts\export_session_results_to_csv_4.py","MOVE"
"D2CEAB193CAF7E7BB42BEB3666253B879795D653AC809B4A64453F0294BC0B67","export_session_results_to_csv_4.py","C:\SNS_24AutoProject_250723\scripts\export_session_results_to_csv_4.py","C:\SNS_24AutoProject_250723\scripts\export_session_results_to_csv_4.py","MOVE"
"D2CEAB193CAF7E7BB42BEB3666253B879795D653AC809B4A64453F0294BC0B67","export_session_results_to_csv_4.py","C:\SNS_24AutoProject_250723\scripts\export_session_results_to_csv_4.py","C:\SNS_24AutoProject_250723\scripts\export_session_results_to_csv_4.py","MOVE"
"D2CEAB193CAF7E7BB42BEB3666253B879795D653AC809B4A64453F0294BC0B67","export_session_results_to_csv_4.py","C:\SNS_24AutoProject_250723\scripts\export_session_results_to_csv_4.py","C:\SNS_24AutoProject_250723\scripts\export_session_results_to_csv_4.py","MOVE"
"D2CEAB193CAF7E7BB42BEB3666253B879795D653AC809B4A64453F0294BC0B67","export_session_results_to_csv_4.py","C:\SNS_24AutoProject_250723\scripts\export_session_results_to_csv_4.py","C:\SNS_24AutoProject_250723\scripts\export_session_results_to_csv_4.py","MOVE"
"D2CEAB193CAF7E7BB42BEB3666253B879795D653AC809B4A64453F0294BC0B67","export_session_results_to_csv_5.py","C:\SNS_24AutoProject_250723\scripts\export_session_results_to_csv_5.py","C:\SNS_24AutoProject_250723\scripts\export_session_results_to_csv_5.py","MOVE"
"D2CEAB193CAF7E7BB42BEB3666253B879795D653AC809B4A64453F0294BC0B67","export_session_results_to_csv_5.py","C:\SNS_24AutoProject_250723\scripts\export_session_results_to_csv_5.py","C:\SNS_24AutoProject_250723\scripts\export_session_results_to_csv_5.py","MOVE"
"D2CEAB193CAF7E7BB42BEB3666253B879795D653AC809B4A64453F0294BC0B67","export_session_results_to_csv_5.py","C:\SNS_24AutoProject_250723\scripts\export_session_results_to_csv_5.py","C:\SNS_24AutoProject_250723\scripts\export_session_results_to_csv_5.py","MOVE"
"D2CEAB193CAF7E7BB42BEB3666253B879795D653AC809B4A64453F0294BC0B67","export_session_results_to_csv_5.py","C:\SNS_24AutoProject_250723\scripts\export_session_results_to_csv_5.py","C:\SNS_24AutoProject_250723\scripts\export_session_results_to_csv_5.py","MOVE"
"D2CEAB193CAF7E7BB42BEB3666253B879795D653AC809B4A64453F0294BC0B67","export_session_results_to_csv_5.py","C:\SNS_24AutoProject_250723\scripts\export_session_results_to_csv_5.py","C:\SNS_24AutoProject_250723\scripts\export_session_results_to_csv_5.py","MOVE"
"D2CEAB193CAF7E7BB42BEB3666253B879795D653AC809B4A64453F0294BC0B67","export_session_results_to_csv_5.py","C:\SNS_24AutoProject_250723\scripts\export_session_results_to_csv_5.py","C:\SNS_24AutoProject_250723\scripts\export_session_results_to_csv_5.py","MOVE"
"D2CEAB193CAF7E7BB42BEB3666253B879795D653AC809B4A64453F0294BC0B67","export_session_results_to_csv_6.py","C:\SNS_24AutoProject_250723\scripts\export_session_results_to_csv_6.py","C:\SNS_24AutoProject_250723\scripts\export_session_results_to_csv_6.py","MOVE"
"D2CEAB193CAF7E7BB42BEB3666253B879795D653AC809B4A64453F0294BC0B67","export_session_results_to_csv_6.py","C:\SNS_24AutoProject_250723\scripts\export_session_results_to_csv_6.py","C:\SNS_24AutoProject_250723\scripts\export_session_results_to_csv_6.py","MOVE"
"D2CEAB193CAF7E7BB42BEB3666253B879795D653AC809B4A64453F0294BC0B67","export_session_results_to_csv_6.py","C:\SNS_24AutoProject_250723\scripts\export_session_results_to_csv_6.py","C:\SNS_24AutoProject_250723\scripts\export_session_results_to_csv_6.py","MOVE"
"D2CEAB193CAF7E7BB42BEB3666253B879795D653AC809B4A64453F0294BC0B67","export_session_results_to_csv_6.py","C:\SNS_24AutoProject_250723\scripts\export_session_results_to_csv_6.py","C:\SNS_24AutoProject_250723\scripts\export_session_results_to_csv_6.py","MOVE"
"D2CEAB193CAF7E7BB42BEB3666253B879795D653AC809B4A64453F0294BC0B67","export_session_results_to_csv_6.py","C:\SNS_24AutoProject_250723\scripts\export_session_results_to_csv_6.py","C:\SNS_24AutoProject_250723\scripts\export_session_results_to_csv_6.py","MOVE"
"D2CEAB193CAF7E7BB42BEB3666253B879795D653AC809B4A64453F0294BC0B67","export_session_results_to_csv_6.py","C:\SNS_24AutoProject_250723\scripts\export_session_results_to_csv_6.py","C:\SNS_24AutoProject_250723\scripts\export_session_results_to_csv_6.py","MOVE"
"5495A003EBDBC1BD5A64F9EF6116A6872513F73DC9E722AC22FF4868444231F6","export_session_results_to_csv_with_datetime_1.py","C:\SNS_24AutoProject_250723\scripts\export_session_results_to_csv_with_datetime_1.py","C:\SNS_24AutoProject_250723\scripts\export_session_results_to_csv_with_datetime_1.py","MOVE"
"5495A003EBDBC1BD5A64F9EF6116A6872513F73DC9E722AC22FF4868444231F6","export_session_results_to_csv_with_datetime_1.py","C:\SNS_24AutoProject_250723\scripts\export_session_results_to_csv_with_datetime_1.py","C:\SNS_24AutoProject_250723\scripts\export_session_results_to_csv_with_datetime_1.py","MOVE"
"5495A003EBDBC1BD5A64F9EF6116A6872513F73DC9E722AC22FF4868444231F6","export_session_results_to_csv_with_datetime_1.py","C:\SNS_24AutoProject_250723\scripts\export_session_results_to_csv_with_datetime_1.py","C:\SNS_24AutoProject_250723\scripts\export_session_results_to_csv_with_datetime_1.py","MOVE"
"5495A003EBDBC1BD5A64F9EF6116A6872513F73DC9E722AC22FF4868444231F6","export_session_results_to_csv_with_datetime_1.py","C:\SNS_24AutoProject_250723\scripts\export_session_results_to_csv_with_datetime_1.py","C:\SNS_24AutoProject_250723\scripts\export_session_results_to_csv_with_datetime_1.py","MOVE"
"5495A003EBDBC1BD5A64F9EF6116A6872513F73DC9E722AC22FF4868444231F6","export_session_results_to_csv_with_datetime_1.py","C:\SNS_24AutoProject_250723\scripts\export_session_results_to_csv_with_datetime_1.py","C:\SNS_24AutoProject_250723\scripts\export_session_results_to_csv_with_datetime_1.py","MOVE"
"5495A003EBDBC1BD5A64F9EF6116A6872513F73DC9E722AC22FF4868444231F6","export_session_results_to_csv_with_datetime_1.py","C:\SNS_24AutoProject_250723\scripts\export_session_results_to_csv_with_datetime_1.py","C:\SNS_24AutoProject_250723\scripts\export_session_results_to_csv_with_datetime_1.py","MOVE"
"5495A003EBDBC1BD5A64F9EF6116A6872513F73DC9E722AC22FF4868444231F6","export_session_results_to_csv_with_datetime_2.py","C:\SNS_24AutoProject_250723\scripts\export_session_results_to_csv_with_datetime_2.py","C:\SNS_24AutoProject_250723\scripts\export_session_results_to_csv_with_datetime_2.py","MOVE"
"5495A003EBDBC1BD5A64F9EF6116A6872513F73DC9E722AC22FF4868444231F6","export_session_results_to_csv_with_datetime_2.py","C:\SNS_24AutoProject_250723\scripts\export_session_results_to_csv_with_datetime_2.py","C:\SNS_24AutoProject_250723\scripts\export_session_results_to_csv_with_datetime_2.py","MOVE"
"5495A003EBDBC1BD5A64F9EF6116A6872513F73DC9E722AC22FF4868444231F6","export_session_results_to_csv_with_datetime_2.py","C:\SNS_24AutoProject_250723\scripts\export_session_results_to_csv_with_datetime_2.py","C:\SNS_24AutoProject_250723\scripts\export_session_results_to_csv_with_datetime_2.py","MOVE"
"5495A003EBDBC1BD5A64F9EF6116A6872513F73DC9E722AC22FF4868444231F6","export_session_results_to_csv_with_datetime_2.py","C:\SNS_24AutoProject_250723\scripts\export_session_results_to_csv_with_datetime_2.py","C:\SNS_24AutoProject_250723\scripts\export_session_results_to_csv_with_datetime_2.py","MOVE"
"5495A003EBDBC1BD5A64F9EF6116A6872513F73DC9E722AC22FF4868444231F6","export_session_results_to_csv_with_datetime_2.py","C:\SNS_24AutoProject_250723\scripts\export_session_results_to_csv_with_datetime_2.py","C:\SNS_24AutoProject_250723\scripts\export_session_results_to_csv_with_datetime_2.py","MOVE"
"5495A003EBDBC1BD5A64F9EF6116A6872513F73DC9E722AC22FF4868444231F6","export_session_results_to_csv_with_datetime_2.py","C:\SNS_24AutoProject_250723\scripts\export_session_results_to_csv_with_datetime_2.py","C:\SNS_24AutoProject_250723\scripts\export_session_results_to_csv_with_datetime_2.py","MOVE"
"5495A003EBDBC1BD5A64F9EF6116A6872513F73DC9E722AC22FF4868444231F6","export_session_results_to_csv_with_datetime_3.py","C:\SNS_24AutoProject_250723\scripts\export_session_results_to_csv_with_datetime_3.py","C:\SNS_24AutoProject_250723\scripts\export_session_results_to_csv_with_datetime_3.py","MOVE"
"5495A003EBDBC1BD5A64F9EF6116A6872513F73DC9E722AC22FF4868444231F6","export_session_results_to_csv_with_datetime_3.py","C:\SNS_24AutoProject_250723\scripts\export_session_results_to_csv_with_datetime_3.py","C:\SNS_24AutoProject_250723\scripts\export_session_results_to_csv_with_datetime_3.py","MOVE"
"5495A003EBDBC1BD5A64F9EF6116A6872513F73DC9E722AC22FF4868444231F6","export_session_results_to_csv_with_datetime_3.py","C:\SNS_24AutoProject_250723\scripts\export_session_results_to_csv_with_datetime_3.py","C:\SNS_24AutoProject_250723\scripts\export_session_results_to_csv_with_datetime_3.py","MOVE"
"5495A003EBDBC1BD5A64F9EF6116A6872513F73DC9E722AC22FF4868444231F6","export_session_results_to_csv_with_datetime_3.py","C:\SNS_24AutoProject_250723\scripts\export_session_results_to_csv_with_datetime_3.py","C:\SNS_24AutoProject_250723\scripts\export_session_results_to_csv_with_datetime_3.py","MOVE"
"5495A003EBDBC1BD5A64F9EF6116A6872513F73DC9E722AC22FF4868444231F6","export_session_results_to_csv_with_datetime_3.py","C:\SNS_24AutoProject_250723\scripts\export_session_results_to_csv_with_datetime_3.py","C:\SNS_24AutoProject_250723\scripts\export_session_results_to_csv_with_datetime_3.py","MOVE"
"5495A003EBDBC1BD5A64F9EF6116A6872513F73DC9E722AC22FF4868444231F6","export_session_results_to_csv_with_datetime_3.py","C:\SNS_24AutoProject_250723\scripts\export_session_results_to_csv_with_datetime_3.py","C:\SNS_24AutoProject_250723\scripts\export_session_results_to_csv_with_datetime_3.py","MOVE"
"5495A003EBDBC1BD5A64F9EF6116A6872513F73DC9E722AC22FF4868444231F6","export_session_results_to_csv_with_datetime_4.py","C:\SNS_24AutoProject_250723\scripts\export_session_results_to_csv_with_datetime_4.py","C:\SNS_24AutoProject_250723\scripts\export_session_results_to_csv_with_datetime_4.py","MOVE"
"5495A003EBDBC1BD5A64F9EF6116A6872513F73DC9E722AC22FF4868444231F6","export_session_results_to_csv_with_datetime_4.py","C:\SNS_24AutoProject_250723\scripts\export_session_results_to_csv_with_datetime_4.py","C:\SNS_24AutoProject_250723\scripts\export_session_results_to_csv_with_datetime_4.py","MOVE"
"5495A003EBDBC1BD5A64F9EF6116A6872513F73DC9E722AC22FF4868444231F6","export_session_results_to_csv_with_datetime_4.py","C:\SNS_24AutoProject_250723\scripts\export_session_results_to_csv_with_datetime_4.py","C:\SNS_24AutoProject_250723\scripts\export_session_results_to_csv_with_datetime_4.py","MOVE"
"5495A003EBDBC1BD5A64F9EF6116A6872513F73DC9E722AC22FF4868444231F6","export_session_results_to_csv_with_datetime_4.py","C:\SNS_24AutoProject_250723\scripts\export_session_results_to_csv_with_datetime_4.py","C:\SNS_24AutoProject_250723\scripts\export_session_results_to_csv_with_datetime_4.py","MOVE"
"5495A003EBDBC1BD5A64F9EF6116A6872513F73DC9E722AC22FF4868444231F6","export_session_results_to_csv_with_datetime_4.py","C:\SNS_24AutoProject_250723\scripts\export_session_results_to_csv_with_datetime_4.py","C:\SNS_24AutoProject_250723\scripts\export_session_results_to_csv_with_datetime_4.py","MOVE"
"5495A003EBDBC1BD5A64F9EF6116A6872513F73DC9E722AC22FF4868444231F6","export_session_results_to_csv_with_datetime_4.py","C:\SNS_24AutoProject_250723\scripts\export_session_results_to_csv_with_datetime_4.py","C:\SNS_24AutoProject_250723\scripts\export_session_results_to_csv_with_datetime_4.py","MOVE"
"5495A003EBDBC1BD5A64F9EF6116A6872513F73DC9E722AC22FF4868444231F6","export_session_results_to_csv_with_datetime_5.py","C:\SNS_24AutoProject_250723\scripts\export_session_results_to_csv_with_datetime_5.py","C:\SNS_24AutoProject_250723\scripts\export_session_results_to_csv_with_datetime_5.py","MOVE"
"5495A003EBDBC1BD5A64F9EF6116A6872513F73DC9E722AC22FF4868444231F6","export_session_results_to_csv_with_datetime_5.py","C:\SNS_24AutoProject_250723\scripts\export_session_results_to_csv_with_datetime_5.py","C:\SNS_24AutoProject_250723\scripts\export_session_results_to_csv_with_datetime_5.py","MOVE"
"5495A003EBDBC1BD5A64F9EF6116A6872513F73DC9E722AC22FF4868444231F6","export_session_results_to_csv_with_datetime_5.py","C:\SNS_24AutoProject_250723\scripts\export_session_results_to_csv_with_datetime_5.py","C:\SNS_24AutoProject_250723\scripts\export_session_results_to_csv_with_datetime_5.py","MOVE"
"5495A003EBDBC1BD5A64F9EF6116A6872513F73DC9E722AC22FF4868444231F6","export_session_results_to_csv_with_datetime_5.py","C:\SNS_24AutoProject_250723\scripts\export_session_results_to_csv_with_datetime_5.py","C:\SNS_24AutoProject_250723\scripts\export_session_results_to_csv_with_datetime_5.py","MOVE"
"5495A003EBDBC1BD5A64F9EF6116A6872513F73DC9E722AC22FF4868444231F6","export_session_results_to_csv_with_datetime_5.py","C:\SNS_24AutoProject_250723\scripts\export_session_results_to_csv_with_datetime_5.py","C:\SNS_24AutoProject_250723\scripts\export_session_results_to_csv_with_datetime_5.py","MOVE"
"5495A003EBDBC1BD5A64F9EF6116A6872513F73DC9E722AC22FF4868444231F6","export_session_results_to_csv_with_datetime_5.py","C:\SNS_24AutoProject_250723\scripts\export_session_results_to_csv_with_datetime_5.py","C:\SNS_24AutoProject_250723\scripts\export_session_results_to_csv_with_datetime_5.py","MOVE"
"5495A003EBDBC1BD5A64F9EF6116A6872513F73DC9E722AC22FF4868444231F6","export_session_results_to_csv_with_datetime_6.py","C:\SNS_24AutoProject_250723\scripts\export_session_results_to_csv_with_datetime_6.py","C:\SNS_24AutoProject_250723\scripts\export_session_results_to_csv_with_datetime_6.py","MOVE"
"5495A003EBDBC1BD5A64F9EF6116A6872513F73DC9E722AC22FF4868444231F6","export_session_results_to_csv_with_datetime_6.py","C:\SNS_24AutoProject_250723\scripts\export_session_results_to_csv_with_datetime_6.py","C:\SNS_24AutoProject_250723\scripts\export_session_results_to_csv_with_datetime_6.py","MOVE"
"5495A003EBDBC1BD5A64F9EF6116A6872513F73DC9E722AC22FF4868444231F6","export_session_results_to_csv_with_datetime_6.py","C:\SNS_24AutoProject_250723\scripts\export_session_results_to_csv_with_datetime_6.py","C:\SNS_24AutoProject_250723\scripts\export_session_results_to_csv_with_datetime_6.py","MOVE"
"5495A003EBDBC1BD5A64F9EF6116A6872513F73DC9E722AC22FF4868444231F6","export_session_results_to_csv_with_datetime_6.py","C:\SNS_24AutoProject_250723\scripts\export_session_results_to_csv_with_datetime_6.py","C:\SNS_24AutoProject_250723\scripts\export_session_results_to_csv_with_datetime_6.py","MOVE"
"5495A003EBDBC1BD5A64F9EF6116A6872513F73DC9E722AC22FF4868444231F6","export_session_results_to_csv_with_datetime_6.py","C:\SNS_24AutoProject_250723\scripts\export_session_results_to_csv_with_datetime_6.py","C:\SNS_24AutoProject_250723\scripts\export_session_results_to_csv_with_datetime_6.py","MOVE"
"5495A003EBDBC1BD5A64F9EF6116A6872513F73DC9E722AC22FF4868444231F6","export_session_results_to_csv_with_datetime_6.py","C:\SNS_24AutoProject_250723\scripts\export_session_results_to_csv_with_datetime_6.py","C:\SNS_24AutoProject_250723\scripts\export_session_results_to_csv_with_datetime_6.py","MOVE"
"8A8ABB2D53667611847D8CDB028C1105B370C678373111F3258285D7264BCB09","export_session_results_with_datetime_1.py","C:\SNS_24AutoProject_250723\scripts\export_session_results_with_datetime_1.py","C:\SNS_24AutoProject_250723\scripts\export_session_results_with_datetime_1.py","MOVE"
"8A8ABB2D53667611847D8CDB028C1105B370C678373111F3258285D7264BCB09","export_session_results_with_datetime_1.py","C:\SNS_24AutoProject_250723\scripts\export_session_results_with_datetime_1.py","C:\SNS_24AutoProject_250723\scripts\export_session_results_with_datetime_1.py","MOVE"
"8A8ABB2D53667611847D8CDB028C1105B370C678373111F3258285D7264BCB09","export_session_results_with_datetime_1.py","C:\SNS_24AutoProject_250723\scripts\export_session_results_with_datetime_1.py","C:\SNS_24AutoProject_250723\scripts\export_session_results_with_datetime_1.py","MOVE"
"8A8ABB2D53667611847D8CDB028C1105B370C678373111F3258285D7264BCB09","export_session_results_with_datetime_1.py","C:\SNS_24AutoProject_250723\scripts\export_session_results_with_datetime_1.py","C:\SNS_24AutoProject_250723\scripts\export_session_results_with_datetime_1.py","MOVE"
"8A8ABB2D53667611847D8CDB028C1105B370C678373111F3258285D7264BCB09","export_session_results_with_datetime_1.py","C:\SNS_24AutoProject_250723\scripts\export_session_results_with_datetime_1.py","C:\SNS_24AutoProject_250723\scripts\export_session_results_with_datetime_1.py","MOVE"
"8A8ABB2D53667611847D8CDB028C1105B370C678373111F3258285D7264BCB09","export_session_results_with_datetime_1.py","C:\SNS_24AutoProject_250723\scripts\export_session_results_with_datetime_1.py","C:\SNS_24AutoProject_250723\scripts\export_session_results_with_datetime_1.py","MOVE"
"8A8ABB2D53667611847D8CDB028C1105B370C678373111F3258285D7264BCB09","export_session_results_with_datetime_2.py","C:\SNS_24AutoProject_250723\scripts\export_session_results_with_datetime_2.py","C:\SNS_24AutoProject_250723\scripts\export_session_results_with_datetime_2.py","MOVE"
"8A8ABB2D53667611847D8CDB028C1105B370C678373111F3258285D7264BCB09","export_session_results_with_datetime_2.py","C:\SNS_24AutoProject_250723\scripts\export_session_results_with_datetime_2.py","C:\SNS_24AutoProject_250723\scripts\export_session_results_with_datetime_2.py","MOVE"
"8A8ABB2D53667611847D8CDB028C1105B370C678373111F3258285D7264BCB09","export_session_results_with_datetime_2.py","C:\SNS_24AutoProject_250723\scripts\export_session_results_with_datetime_2.py","C:\SNS_24AutoProject_250723\scripts\export_session_results_with_datetime_2.py","MOVE"
"8A8ABB2D53667611847D8CDB028C1105B370C678373111F3258285D7264BCB09","export_session_results_with_datetime_2.py","C:\SNS_24AutoProject_250723\scripts\export_session_results_with_datetime_2.py","C:\SNS_24AutoProject_250723\scripts\export_session_results_with_datetime_2.py","MOVE"
"8A8ABB2D53667611847D8CDB028C1105B370C678373111F3258285D7264BCB09","export_session_results_with_datetime_2.py","C:\SNS_24AutoProject_250723\scripts\export_session_results_with_datetime_2.py","C:\SNS_24AutoProject_250723\scripts\export_session_results_with_datetime_2.py","MOVE"
"8A8ABB2D53667611847D8CDB028C1105B370C678373111F3258285D7264BCB09","export_session_results_with_datetime_2.py","C:\SNS_24AutoProject_250723\scripts\export_session_results_with_datetime_2.py","C:\SNS_24AutoProject_250723\scripts\export_session_results_with_datetime_2.py","MOVE"
"8A8ABB2D53667611847D8CDB028C1105B370C678373111F3258285D7264BCB09","export_session_results_with_datetime_3.py","C:\SNS_24AutoProject_250723\scripts\export_session_results_with_datetime_3.py","C:\SNS_24AutoProject_250723\scripts\export_session_results_with_datetime_3.py","MOVE"
"8A8ABB2D53667611847D8CDB028C1105B370C678373111F3258285D7264BCB09","export_session_results_with_datetime_3.py","C:\SNS_24AutoProject_250723\scripts\export_session_results_with_datetime_3.py","C:\SNS_24AutoProject_250723\scripts\export_session_results_with_datetime_3.py","MOVE"
"8A8ABB2D53667611847D8CDB028C1105B370C678373111F3258285D7264BCB09","export_session_results_with_datetime_3.py","C:\SNS_24AutoProject_250723\scripts\export_session_results_with_datetime_3.py","C:\SNS_24AutoProject_250723\scripts\export_session_results_with_datetime_3.py","MOVE"
"8A8ABB2D53667611847D8CDB028C1105B370C678373111F3258285D7264BCB09","export_session_results_with_datetime_3.py","C:\SNS_24AutoProject_250723\scripts\export_session_results_with_datetime_3.py","C:\SNS_24AutoProject_250723\scripts\export_session_results_with_datetime_3.py","MOVE"
"8A8ABB2D53667611847D8CDB028C1105B370C678373111F3258285D7264BCB09","export_session_results_with_datetime_3.py","C:\SNS_24AutoProject_250723\scripts\export_session_results_with_datetime_3.py","C:\SNS_24AutoProject_250723\scripts\export_session_results_with_datetime_3.py","MOVE"
"8A8ABB2D53667611847D8CDB028C1105B370C678373111F3258285D7264BCB09","export_session_results_with_datetime_3.py","C:\SNS_24AutoProject_250723\scripts\export_session_results_with_datetime_3.py","C:\SNS_24AutoProject_250723\scripts\export_session_results_with_datetime_3.py","MOVE"
"8A8ABB2D53667611847D8CDB028C1105B370C678373111F3258285D7264BCB09","export_session_results_with_datetime_4.py","C:\SNS_24AutoProject_250723\scripts\export_session_results_with_datetime_4.py","C:\SNS_24AutoProject_250723\scripts\export_session_results_with_datetime_4.py","MOVE"
"8A8ABB2D53667611847D8CDB028C1105B370C678373111F3258285D7264BCB09","export_session_results_with_datetime_4.py","C:\SNS_24AutoProject_250723\scripts\export_session_results_with_datetime_4.py","C:\SNS_24AutoProject_250723\scripts\export_session_results_with_datetime_4.py","MOVE"
"8A8ABB2D53667611847D8CDB028C1105B370C678373111F3258285D7264BCB09","export_session_results_with_datetime_4.py","C:\SNS_24AutoProject_250723\scripts\export_session_results_with_datetime_4.py","C:\SNS_24AutoProject_250723\scripts\export_session_results_with_datetime_4.py","MOVE"
"8A8ABB2D53667611847D8CDB028C1105B370C678373111F3258285D7264BCB09","export_session_results_with_datetime_4.py","C:\SNS_24AutoProject_250723\scripts\export_session_results_with_datetime_4.py","C:\SNS_24AutoProject_250723\scripts\export_session_results_with_datetime_4.py","MOVE"
"8A8ABB2D53667611847D8CDB028C1105B370C678373111F3258285D7264BCB09","export_session_results_with_datetime_4.py","C:\SNS_24AutoProject_250723\scripts\export_session_results_with_datetime_4.py","C:\SNS_24AutoProject_250723\scripts\export_session_results_with_datetime_4.py","MOVE"
"8A8ABB2D53667611847D8CDB028C1105B370C678373111F3258285D7264BCB09","export_session_results_with_datetime_4.py","C:\SNS_24AutoProject_250723\scripts\export_session_results_with_datetime_4.py","C:\SNS_24AutoProject_250723\scripts\export_session_results_with_datetime_4.py","MOVE"
"8A8ABB2D53667611847D8CDB028C1105B370C678373111F3258285D7264BCB09","export_session_results_with_datetime_5.py","C:\SNS_24AutoProject_250723\scripts\export_session_results_with_datetime_5.py","C:\SNS_24AutoProject_250723\scripts\export_session_results_with_datetime_5.py","MOVE"
"8A8ABB2D53667611847D8CDB028C1105B370C678373111F3258285D7264BCB09","export_session_results_with_datetime_5.py","C:\SNS_24AutoProject_250723\scripts\export_session_results_with_datetime_5.py","C:\SNS_24AutoProject_250723\scripts\export_session_results_with_datetime_5.py","MOVE"
"8A8ABB2D53667611847D8CDB028C1105B370C678373111F3258285D7264BCB09","export_session_results_with_datetime_5.py","C:\SNS_24AutoProject_250723\scripts\export_session_results_with_datetime_5.py","C:\SNS_24AutoProject_250723\scripts\export_session_results_with_datetime_5.py","MOVE"
"8A8ABB2D53667611847D8CDB028C1105B370C678373111F3258285D7264BCB09","export_session_results_with_datetime_5.py","C:\SNS_24AutoProject_250723\scripts\export_session_results_with_datetime_5.py","C:\SNS_24AutoProject_250723\scripts\export_session_results_with_datetime_5.py","MOVE"
"8A8ABB2D53667611847D8CDB028C1105B370C678373111F3258285D7264BCB09","export_session_results_with_datetime_5.py","C:\SNS_24AutoProject_250723\scripts\export_session_results_with_datetime_5.py","C:\SNS_24AutoProject_250723\scripts\export_session_results_with_datetime_5.py","MOVE"
"8A8ABB2D53667611847D8CDB028C1105B370C678373111F3258285D7264BCB09","export_session_results_with_datetime_5.py","C:\SNS_24AutoProject_250723\scripts\export_session_results_with_datetime_5.py","C:\SNS_24AutoProject_250723\scripts\export_session_results_with_datetime_5.py","MOVE"
"8A8ABB2D53667611847D8CDB028C1105B370C678373111F3258285D7264BCB09","export_session_results_with_datetime_6.py","C:\SNS_24AutoProject_250723\scripts\export_session_results_with_datetime_6.py","C:\SNS_24AutoProject_250723\scripts\export_session_results_with_datetime_6.py","MOVE"
"8A8ABB2D53667611847D8CDB028C1105B370C678373111F3258285D7264BCB09","export_session_results_with_datetime_6.py","C:\SNS_24AutoProject_250723\scripts\export_session_results_with_datetime_6.py","C:\SNS_24AutoProject_250723\scripts\export_session_results_with_datetime_6.py","MOVE"
"8A8ABB2D53667611847D8CDB028C1105B370C678373111F3258285D7264BCB09","export_session_results_with_datetime_6.py","C:\SNS_24AutoProject_250723\scripts\export_session_results_with_datetime_6.py","C:\SNS_24AutoProject_250723\scripts\export_session_results_with_datetime_6.py","MOVE"
"8A8ABB2D53667611847D8CDB028C1105B370C678373111F3258285D7264BCB09","export_session_results_with_datetime_6.py","C:\SNS_24AutoProject_250723\scripts\export_session_results_with_datetime_6.py","C:\SNS_24AutoProject_250723\scripts\export_session_results_with_datetime_6.py","MOVE"
"8A8ABB2D53667611847D8CDB028C1105B370C678373111F3258285D7264BCB09","export_session_results_with_datetime_6.py","C:\SNS_24AutoProject_250723\scripts\export_session_results_with_datetime_6.py","C:\SNS_24AutoProject_250723\scripts\export_session_results_with_datetime_6.py","MOVE"
"8A8ABB2D53667611847D8CDB028C1105B370C678373111F3258285D7264BCB09","export_session_results_with_datetime_6.py","C:\SNS_24AutoProject_250723\scripts\export_session_results_with_datetime_6.py","C:\SNS_24AutoProject_250723\scripts\export_session_results_with_datetime_6.py","MOVE"
"ED9ABAB8A16CBFE399A1A361397B16E7878C2AC6693711F3BB911DBBD4F0FC8A","export_session_results_with_datetime_excel_1.py","C:\SNS_24AutoProject_250723\scripts\export_session_results_with_datetime_excel_1.py","C:\SNS_24AutoProject_250723\scripts\export_session_results_with_datetime_excel_1.py","MOVE"
"ED9ABAB8A16CBFE399A1A361397B16E7878C2AC6693711F3BB911DBBD4F0FC8A","export_session_results_with_datetime_excel_1.py","C:\SNS_24AutoProject_250723\scripts\export_session_results_with_datetime_excel_1.py","C:\SNS_24AutoProject_250723\scripts\export_session_results_with_datetime_excel_1.py","MOVE"
"ED9ABAB8A16CBFE399A1A361397B16E7878C2AC6693711F3BB911DBBD4F0FC8A","export_session_results_with_datetime_excel_1.py","C:\SNS_24AutoProject_250723\scripts\export_session_results_with_datetime_excel_1.py","C:\SNS_24AutoProject_250723\scripts\export_session_results_with_datetime_excel_1.py","MOVE"
"ED9ABAB8A16CBFE399A1A361397B16E7878C2AC6693711F3BB911DBBD4F0FC8A","export_session_results_with_datetime_excel_1.py","C:\SNS_24AutoProject_250723\scripts\export_session_results_with_datetime_excel_1.py","C:\SNS_24AutoProject_250723\scripts\export_session_results_with_datetime_excel_1.py","MOVE"
"ED9ABAB8A16CBFE399A1A361397B16E7878C2AC6693711F3BB911DBBD4F0FC8A","export_session_results_with_datetime_excel_1.py","C:\SNS_24AutoProject_250723\scripts\export_session_results_with_datetime_excel_1.py","C:\SNS_24AutoProject_250723\scripts\export_session_results_with_datetime_excel_1.py","MOVE"
"ED9ABAB8A16CBFE399A1A361397B16E7878C2AC6693711F3BB911DBBD4F0FC8A","export_session_results_with_datetime_excel_1.py","C:\SNS_24AutoProject_250723\scripts\export_session_results_with_datetime_excel_1.py","C:\SNS_24AutoProject_250723\scripts\export_session_results_with_datetime_excel_1.py","MOVE"
"ED9ABAB8A16CBFE399A1A361397B16E7878C2AC6693711F3BB911DBBD4F0FC8A","export_session_results_with_datetime_excel_2.py","C:\SNS_24AutoProject_250723\scripts\export_session_results_with_datetime_excel_2.py","C:\SNS_24AutoProject_250723\scripts\export_session_results_with_datetime_excel_2.py","MOVE"
"ED9ABAB8A16CBFE399A1A361397B16E7878C2AC6693711F3BB911DBBD4F0FC8A","export_session_results_with_datetime_excel_2.py","C:\SNS_24AutoProject_250723\scripts\export_session_results_with_datetime_excel_2.py","C:\SNS_24AutoProject_250723\scripts\export_session_results_with_datetime_excel_2.py","MOVE"
"ED9ABAB8A16CBFE399A1A361397B16E7878C2AC6693711F3BB911DBBD4F0FC8A","export_session_results_with_datetime_excel_2.py","C:\SNS_24AutoProject_250723\scripts\export_session_results_with_datetime_excel_2.py","C:\SNS_24AutoProject_250723\scripts\export_session_results_with_datetime_excel_2.py","MOVE"
"ED9ABAB8A16CBFE399A1A361397B16E7878C2AC6693711F3BB911DBBD4F0FC8A","export_session_results_with_datetime_excel_2.py","C:\SNS_24AutoProject_250723\scripts\export_session_results_with_datetime_excel_2.py","C:\SNS_24AutoProject_250723\scripts\export_session_results_with_datetime_excel_2.py","MOVE"
"ED9ABAB8A16CBFE399A1A361397B16E7878C2AC6693711F3BB911DBBD4F0FC8A","export_session_results_with_datetime_excel_2.py","C:\SNS_24AutoProject_250723\scripts\export_session_results_with_datetime_excel_2.py","C:\SNS_24AutoProject_250723\scripts\export_session_results_with_datetime_excel_2.py","MOVE"
"ED9ABAB8A16CBFE399A1A361397B16E7878C2AC6693711F3BB911DBBD4F0FC8A","export_session_results_with_datetime_excel_2.py","C:\SNS_24AutoProject_250723\scripts\export_session_results_with_datetime_excel_2.py","C:\SNS_24AutoProject_250723\scripts\export_session_results_with_datetime_excel_2.py","MOVE"
"ED9ABAB8A16CBFE399A1A361397B16E7878C2AC6693711F3BB911DBBD4F0FC8A","export_session_results_with_datetime_excel_3.py","C:\SNS_24AutoProject_250723\scripts\export_session_results_with_datetime_excel_3.py","C:\SNS_24AutoProject_250723\scripts\export_session_results_with_datetime_excel_3.py","MOVE"
"ED9ABAB8A16CBFE399A1A361397B16E7878C2AC6693711F3BB911DBBD4F0FC8A","export_session_results_with_datetime_excel_3.py","C:\SNS_24AutoProject_250723\scripts\export_session_results_with_datetime_excel_3.py","C:\SNS_24AutoProject_250723\scripts\export_session_results_with_datetime_excel_3.py","MOVE"
"ED9ABAB8A16CBFE399A1A361397B16E7878C2AC6693711F3BB911DBBD4F0FC8A","export_session_results_with_datetime_excel_3.py","C:\SNS_24AutoProject_250723\scripts\export_session_results_with_datetime_excel_3.py","C:\SNS_24AutoProject_250723\scripts\export_session_results_with_datetime_excel_3.py","MOVE"
"ED9ABAB8A16CBFE399A1A361397B16E7878C2AC6693711F3BB911DBBD4F0FC8A","export_session_results_with_datetime_excel_3.py","C:\SNS_24AutoProject_250723\scripts\export_session_results_with_datetime_excel_3.py","C:\SNS_24AutoProject_250723\scripts\export_session_results_with_datetime_excel_3.py","MOVE"
"ED9ABAB8A16CBFE399A1A361397B16E7878C2AC6693711F3BB911DBBD4F0FC8A","export_session_results_with_datetime_excel_3.py","C:\SNS_24AutoProject_250723\scripts\export_session_results_with_datetime_excel_3.py","C:\SNS_24AutoProject_250723\scripts\export_session_results_with_datetime_excel_3.py","MOVE"
"ED9ABAB8A16CBFE399A1A361397B16E7878C2AC6693711F3BB911DBBD4F0FC8A","export_session_results_with_datetime_excel_3.py","C:\SNS_24AutoProject_250723\scripts\export_session_results_with_datetime_excel_3.py","C:\SNS_24AutoProject_250723\scripts\export_session_results_with_datetime_excel_3.py","MOVE"
"ED9ABAB8A16CBFE399A1A361397B16E7878C2AC6693711F3BB911DBBD4F0FC8A","export_session_results_with_datetime_excel_4.py","C:\SNS_24AutoProject_250723\scripts\export_session_results_with_datetime_excel_4.py","C:\SNS_24AutoProject_250723\scripts\export_session_results_with_datetime_excel_4.py","MOVE"
"ED9ABAB8A16CBFE399A1A361397B16E7878C2AC6693711F3BB911DBBD4F0FC8A","export_session_results_with_datetime_excel_4.py","C:\SNS_24AutoProject_250723\scripts\export_session_results_with_datetime_excel_4.py","C:\SNS_24AutoProject_250723\scripts\export_session_results_with_datetime_excel_4.py","MOVE"
"ED9ABAB8A16CBFE399A1A361397B16E7878C2AC6693711F3BB911DBBD4F0FC8A","export_session_results_with_datetime_excel_4.py","C:\SNS_24AutoProject_250723\scripts\export_session_results_with_datetime_excel_4.py","C:\SNS_24AutoProject_250723\scripts\export_session_results_with_datetime_excel_4.py","MOVE"
"ED9ABAB8A16CBFE399A1A361397B16E7878C2AC6693711F3BB911DBBD4F0FC8A","export_session_results_with_datetime_excel_4.py","C:\SNS_24AutoProject_250723\scripts\export_session_results_with_datetime_excel_4.py","C:\SNS_24AutoProject_250723\scripts\export_session_results_with_datetime_excel_4.py","MOVE"
"ED9ABAB8A16CBFE399A1A361397B16E7878C2AC6693711F3BB911DBBD4F0FC8A","export_session_results_with_datetime_excel_4.py","C:\SNS_24AutoProject_250723\scripts\export_session_results_with_datetime_excel_4.py","C:\SNS_24AutoProject_250723\scripts\export_session_results_with_datetime_excel_4.py","MOVE"
"ED9ABAB8A16CBFE399A1A361397B16E7878C2AC6693711F3BB911DBBD4F0FC8A","export_session_results_with_datetime_excel_4.py","C:\SNS_24AutoProject_250723\scripts\export_session_results_with_datetime_excel_4.py","C:\SNS_24AutoProject_250723\scripts\export_session_results_with_datetime_excel_4.py","MOVE"
"ED9ABAB8A16CBFE399A1A361397B16E7878C2AC6693711F3BB911DBBD4F0FC8A","export_session_results_with_datetime_excel_5.py","C:\SNS_24AutoProject_250723\scripts\export_session_results_with_datetime_excel_5.py","C:\SNS_24AutoProject_250723\scripts\export_session_results_with_datetime_excel_5.py","MOVE"
"ED9ABAB8A16CBFE399A1A361397B16E7878C2AC6693711F3BB911DBBD4F0FC8A","export_session_results_with_datetime_excel_5.py","C:\SNS_24AutoProject_250723\scripts\export_session_results_with_datetime_excel_5.py","C:\SNS_24AutoProject_250723\scripts\export_session_results_with_datetime_excel_5.py","MOVE"
"ED9ABAB8A16CBFE399A1A361397B16E7878C2AC6693711F3BB911DBBD4F0FC8A","export_session_results_with_datetime_excel_5.py","C:\SNS_24AutoProject_250723\scripts\export_session_results_with_datetime_excel_5.py","C:\SNS_24AutoProject_250723\scripts\export_session_results_with_datetime_excel_5.py","MOVE"
"ED9ABAB8A16CBFE399A1A361397B16E7878C2AC6693711F3BB911DBBD4F0FC8A","export_session_results_with_datetime_excel_5.py","C:\SNS_24AutoProject_250723\scripts\export_session_results_with_datetime_excel_5.py","C:\SNS_24AutoProject_250723\scripts\export_session_results_with_datetime_excel_5.py","MOVE"
"ED9ABAB8A16CBFE399A1A361397B16E7878C2AC6693711F3BB911DBBD4F0FC8A","export_session_results_with_datetime_excel_5.py","C:\SNS_24AutoProject_250723\scripts\export_session_results_with_datetime_excel_5.py","C:\SNS_24AutoProject_250723\scripts\export_session_results_with_datetime_excel_5.py","MOVE"
"ED9ABAB8A16CBFE399A1A361397B16E7878C2AC6693711F3BB911DBBD4F0FC8A","export_session_results_with_datetime_excel_5.py","C:\SNS_24AutoProject_250723\scripts\export_session_results_with_datetime_excel_5.py","C:\SNS_24AutoProject_250723\scripts\export_session_results_with_datetime_excel_5.py","MOVE"
"ED9ABAB8A16CBFE399A1A361397B16E7878C2AC6693711F3BB911DBBD4F0FC8A","export_session_results_with_datetime_excel_6.py","C:\SNS_24AutoProject_250723\scripts\export_session_results_with_datetime_excel_6.py","C:\SNS_24AutoProject_250723\scripts\export_session_results_with_datetime_excel_6.py","MOVE"
"ED9ABAB8A16CBFE399A1A361397B16E7878C2AC6693711F3BB911DBBD4F0FC8A","export_session_results_with_datetime_excel_6.py","C:\SNS_24AutoProject_250723\scripts\export_session_results_with_datetime_excel_6.py","C:\SNS_24AutoProject_250723\scripts\export_session_results_with_datetime_excel_6.py","MOVE"
"ED9ABAB8A16CBFE399A1A361397B16E7878C2AC6693711F3BB911DBBD4F0FC8A","export_session_results_with_datetime_excel_6.py","C:\SNS_24AutoProject_250723\scripts\export_session_results_with_datetime_excel_6.py","C:\SNS_24AutoProject_250723\scripts\export_session_results_with_datetime_excel_6.py","MOVE"
"ED9ABAB8A16CBFE399A1A361397B16E7878C2AC6693711F3BB911DBBD4F0FC8A","export_session_results_with_datetime_excel_6.py","C:\SNS_24AutoProject_250723\scripts\export_session_results_with_datetime_excel_6.py","C:\SNS_24AutoProject_250723\scripts\export_session_results_with_datetime_excel_6.py","MOVE"
"ED9ABAB8A16CBFE399A1A361397B16E7878C2AC6693711F3BB911DBBD4F0FC8A","export_session_results_with_datetime_excel_6.py","C:\SNS_24AutoProject_250723\scripts\export_session_results_with_datetime_excel_6.py","C:\SNS_24AutoProject_250723\scripts\export_session_results_with_datetime_excel_6.py","MOVE"
"ED9ABAB8A16CBFE399A1A361397B16E7878C2AC6693711F3BB911DBBD4F0FC8A","export_session_results_with_datetime_excel_6.py","C:\SNS_24AutoProject_250723\scripts\export_session_results_with_datetime_excel_6.py","C:\SNS_24AutoProject_250723\scripts\export_session_results_with_datetime_excel_6.py","MOVE"
